family,noise_rate,run_id,arm,compute_ns,class,n,success_mean,success_sd,critical_miss_mean,critical_miss_sd,false_alarm_mean,false_alarm_sd,abstained_mean,abstained_sd,undecided_mean,undecided_sd,stop_terminal,stop_final_declaration,stop_budget_exhausted,stop_horizon,stop_step_cap,modelled_cost_ns_mean,modelled_cost_ns_sd,measured_policy_ns_mean,measured_policy_ns_sd,probes_used_mean
S1,3,b1s-c20000000-s1000-1499.heuristic_only,heuristic_only,20000000,Ambiguous,500,1.0,0.0,0.0,0.0,0.0,0.0,0.0,0.0,0.0,0.0,500,0,0,0,0,40736.082,12712.405685,48930.892,33130.740779,1.976
S1,3,b1s-c20000000-s1000-1499.heuristic_only,heuristic_only,20000000,DelayedConfigChange,500,1.0,0.0,0.0,0.0,0.0,0.0,0.0,0.0,0.0,0.0,500,0,0,0,0,2879.982,1365.901883,3838.116,2215.468768,0.0
S1,3,b1s-c20000000-s1000-1499.heuristic_only,heuristic_only,20000000,NoiseFlood,500,1.0,0.0,0.0,0.0,0.0,0.0,0.0,0.0,0.0,0.0,500,0,0,0,0,38515.0,10811.207953,43746.732,13632.737806,0.172
S1,3,b1s-c20000000-s1000-1499.heuristic_only,heuristic_only,20000000,JointlyDecisive,500,0.616,0.486845,0.0,0.0,0.0,0.0,0.0,0.0,0.0,0.0,500,0,0,0,0,94190.652,12401.914247,99366.916,16299.797219,0.198
S1,3,b1s-c20000000-s1000-1499.heuristic_only,heuristic_only,20000000,NoFault,500,1.0,0.0,0.0,0.0,0.0,0.0,0.0,0.0,0.0,0.0,500,0,0,0,0,62689.19,5683.829595,64902.752,10786.625214,0.0
S1,3,b1s-c20000000-s1000-1499.heuristic_only,heuristic_only,20000000,CriticalFault,500,1.0,0.0,0.0,0.0,0.0,0.0,0.0,0.0,0.0,0.0,500,0,0,0,0,38142.484,12776.04704,42706.224,15386.57393,1.132
S1,3,b1s-c20000000-s1000-1499.heuristic_only,heuristic_only,20000000,QuietUrgent,500,1.0,0.0,0.0,0.0,0.0,0.0,0.0,0.0,0.0,0.0,500,0,0,0,0,37840.476,10789.379037,41319.69,13588.948075,0.0
S1,3,b1s-c20000000-s1000-1499.heuristic_only,heuristic_only,20000000,Duplicates,500,1.0,0.0,0.0,0.0,0.0,0.0,0.0,0.0,0.0,0.0,500,0,0,0,0,38494.542,11398.506317,46138.674,16144.687498,0.172
S1,3,b1s-c20000000-s1000-1499.heuristic_only,heuristic_only,20000000,FeedbackBait,500,1.0,0.0,0.0,0.0,0.0,0.0,0.0,0.0,0.0,0.0,500,0,0,0,0,41371.722,12371.888083,49133.122,16939.977293,1.976
S1,3,b1s-c20000000-s1000-1499.heuristic_only,heuristic_only,20000000,StaleMemory,500,1.0,0.0,0.0,0.0,0.0,0.0,0.0,0.0,0.0,0.0,500,0,0,0,0,40736.082,12712.405685,47862.296,16436.844248,1.976
S1,3,b1s-c20000000-s1000-1499.heuristic_only,heuristic_only,20000000,ComponentTimeout,500,0.878,0.327614,0.0,0.0,0.0,0.0,0.122,0.327614,0.0,0.0,500,0,0,0,0,33410.404,12829.227058,35232.248,15853.453475,0.154
S1,3,b1s-c20000000-s1000-1499.random_p000,random_p000,20000000,Ambiguous,500,0.0,0.0,0.0,0.0,0.0,0.0,1.0,0.0,0.0,0.0,500,0,0,0,0,17141.0,0.0,12412.542,3656.077571,0.0
S1,3,b1s-c20000000-s1000-1499.random_p000,random_p000,20000000,DelayedConfigChange,500,0.0,0.0,0.0,0.0,0.0,0.0,1.0,0.0,0.0,0.0,500,0,0,0,0,17141.0,0.0,12445.564,5594.700796,0.0
S1,3,b1s-c20000000-s1000-1499.random_p000,random_p000,20000000,NoiseFlood,500,0.0,0.0,0.0,0.0,0.0,0.0,1.0,0.0,0.0,0.0,500,0,0,0,0,17141.0,0.0,12984.734,2151.659689,0.0
S1,3,b1s-c20000000-s1000-1499.random_p000,random_p000,20000000,JointlyDecisive,500,0.0,0.0,0.0,0.0,0.0,0.0,1.0,0.0,0.0,0.0,500,0,0,0,0,17141.0,0.0,12569.926,3399.176057,0.0
S1,3,b1s-c20000000-s1000-1499.random_p000,random_p000,20000000,NoFault,500,1.0,0.0,0.0,0.0,0.0,0.0,1.0,0.0,0.0,0.0,500,0,0,0,0,17141.0,0.0,11845.28,2360.223495,0.0
S1,3,b1s-c20000000-s1000-1499.random_p000,random_p000,20000000,CriticalFault,500,0.0,0.0,1.0,0.0,0.0,0.0,1.0,0.0,0.0,0.0,500,0,0,0,0,17141.0,0.0,12016.034,1891.930113,0.0
S1,3,b1s-c20000000-s1000-1499.random_p000,random_p000,20000000,QuietUrgent,500,0.0,0.0,1.0,0.0,0.0,0.0,1.0,0.0,0.0,0.0,500,0,0,0,0,17141.0,0.0,12373.768,2052.35912,0.0
S1,3,b1s-c20000000-s1000-1499.random_p000,random_p000,20000000,Duplicates,500,0.0,0.0,0.0,0.0,0.0,0.0,1.0,0.0,0.0,0.0,500,0,0,0,0,17141.0,0.0,14062.668,3334.063966,0.0
S1,3,b1s-c20000000-s1000-1499.random_p000,random_p000,20000000,FeedbackBait,500,0.0,0.0,0.0,0.0,0.0,0.0,1.0,0.0,0.0,0.0,500,0,0,0,0,17141.0,0.0,12523.524,2567.754887,0.0
S1,3,b1s-c20000000-s1000-1499.random_p000,random_p000,20000000,StaleMemory,500,0.0,0.0,0.0,0.0,0.0,0.0,1.0,0.0,0.0,0.0,500,0,0,0,0,17141.0,0.0,12114.46,2014.581959,0.0
S1,3,b1s-c20000000-s1000-1499.random_p000,random_p000,20000000,ComponentTimeout,500,0.0,0.0,0.0,0.0,0.0,0.0,1.0,0.0,0.0,0.0,500,0,0,0,0,17141.0,0.0,11968.528,1308.49012,0.0
S1,3,b1s-c20000000-s1000-1499.fixed_heuristic_every8,fixed_heuristic_every8,20000000,Ambiguous,500,1.0,0.0,0.0,0.0,0.0,0.0,0.0,0.0,0.0,0.0,500,0,0,0,0,19673.374,4250.748422,21637.804,6425.991112,1.976
S1,3,b1s-c20000000-s1000-1499.fixed_heuristic_every8,fixed_heuristic_every8,20000000,DelayedConfigChange,500,1.0,0.0,0.0,0.0,0.0,0.0,0.0,0.0,0.0,0.0,500,0,0,0,0,3478.31,4.379527,3591.062,1291.728316,0.0
S1,3,b1s-c20000000-s1000-1499.fixed_heuristic_every8,fixed_heuristic_every8,20000000,NoiseFlood,500,1.0,0.0,0.0,0.0,0.0,0.0,0.0,0.0,0.0,0.0,500,0,0,0,0,15954.238,4022.38487,16916.008,5551.471413,0.07
S1,3,b1s-c20000000-s1000-1499.fixed_heuristic_every8,fixed_heuristic_every8,20000000,JointlyDecisive,500,0.616,0.486845,0.0,0.0,0.0,0.0,0.0,0.0,0.0,0.0,500,0,0,0,0,44652.486,9151.109893,44551.71,12707.198534,0.058
S1,3,b1s-c20000000-s1000-1499.fixed_heuristic_every8,fixed_heuristic_every8,20000000,NoFault,500,1.0,0.0,0.0,0.0,0.0,0.0,0.0,0.0,0.0,0.0,500,0,0,0,0,23513.92,803.341572,21367.136,4080.111419,0.0
S1,3,b1s-c20000000-s1000-1499.fixed_heuristic_every8,fixed_heuristic_every8,20000000,CriticalFault,500,1.0,0.0,0.0,0.0,0.0,0.0,0.0,0.0,0.0,0.0,500,0,0,0,0,17636.206,4680.348368,18400.074,6443.631073,1.062
S1,3,b1s-c20000000-s1000-1499.fixed_heuristic_every8,fixed_heuristic_every8,20000000,QuietUrgent,500,1.0,0.0,0.0,0.0,0.0,0.0,0.0,0.0,0.0,0.0,500,0,0,0,0,15715.228,3812.436174,15313.328,4484.943167,0.0
S1,3,b1s-c20000000-s1000-1499.fixed_heuristic_every8,fixed_heuristic_every8,20000000,Duplicates,500,1.0,0.0,0.0,0.0,0.0,0.0,0.0,0.0,0.0,0.0,500,0,0,0,0,15991.06,4060.628043,18202.648,6911.773564,0.07
S1,3,b1s-c20000000-s1000-1499.fixed_heuristic_every8,fixed_heuristic_every8,20000000,FeedbackBait,500,1.0,0.0,0.0,0.0,0.0,0.0,0.0,0.0,0.0,0.0,500,0,0,0,0,19757.802,4240.021484,22335.244,7262.503413,1.976
S1,3,b1s-c20000000-s1000-1499.fixed_heuristic_every8,fixed_heuristic_every8,20000000,StaleMemory,500,1.0,0.0,0.0,0.0,0.0,0.0,0.0,0.0,0.0,0.0,500,0,0,0,0,19673.374,4250.748422,21859.418,7164.153394,1.976
S1,3,b1s-c20000000-s1000-1499.fixed_heuristic_every8,fixed_heuristic_every8,20000000,ComponentTimeout,500,0.878,0.327614,0.0,0.0,0.0,0.0,0.122,0.327614,0.0,0.0,500,0,0,0,0,15788.616,3861.7035,14600.374,5062.07213,0.056
S1,3,b1s-c20000000-s1000-1499.fixed_heuristic_every16,fixed_heuristic_every16,20000000,Ambiguous,500,0.942,0.233978,0.0,0.0,0.0,0.0,0.0,0.0,0.0,0.0,500,0,0,0,0,18800.732,3165.568931,19377.602,5277.36655,1.856
S1,3,b1s-c20000000-s1000-1499.fixed_heuristic_every16,fixed_heuristic_every16,20000000,DelayedConfigChange,500,1.0,0.0,0.0,0.0,0.0,0.0,0.0,0.0,0.0,0.0,500,0,0,0,0,5729.162,5.285416,4994.634,1638.232152,0.0
S1,3,b1s-c20000000-s1000-1499.fixed_heuristic_every16,fixed_heuristic_every16,20000000,NoiseFlood,500,0.942,0.233978,0.0,0.0,0.0,0.0,0.0,0.0,0.0,0.0,500,0,0,0,0,14998.954,3459.563213,14583.838,4922.843629,0.04
S1,3,b1s-c20000000-s1000-1499.fixed_heuristic_every16,fixed_heuristic_every16,20000000,JointlyDecisive,500,0.578,0.494373,0.0,0.0,0.0,0.0,0.0,0.0,0.0,0.0,500,0,0,0,0,37780.918,8562.21232,35538.63,10586.641858,0.028
S1,3,b1s-c20000000-s1000-1499.fixed_heuristic_every16,fixed_heuristic_every16,20000000,NoFault,500,1.0,0.0,0.0,0.0,0.0,0.0,0.0,0.0,0.0,0.0,500,0,0,0,0,20382.218,427.213977,17026.566,4534.765784,0.0
S1,3,b1s-c20000000-s1000-1499.fixed_heuristic_every16,fixed_heuristic_every16,20000000,CriticalFault,500,0.942,0.233978,0.058,0.233978,0.0,0.0,0.0,0.0,0.0,0.0,500,0,0,0,0,16889.948,3914.425165,16706.968,5958.942887,1.0
S1,3,b1s-c20000000-s1000-1499.fixed_heuristic_every16,fixed_heuristic_every16,20000000,QuietUrgent,500,0.942,0.233978,0.058,0.233978,0.0,0.0,0.0,0.0,0.0,0.0,500,0,0,0,0,14811.838,3091.805895,13444.174,3879.873429,0.0
S1,3,b1s-c20000000-s1000-1499.fixed_heuristic_every16,fixed_heuristic_every16,20000000,Duplicates,500,0.942,0.233978,0.0,0.0,0.0,0.0,0.0,0.0,0.0,0.0,500,0,0,0,0,15046.864,3465.206152,15786.308,5528.088008,0.04
S1,3,b1s-c20000000-s1000-1499.fixed_heuristic_every16,fixed_heuristic_every16,20000000,FeedbackBait,500,0.942,0.233978,0.0,0.0,0.0,0.0,0.0,0.0,0.0,0.0,500,0,0,0,0,18858.538,3162.540525,20107.862,5704.677875,1.856
S1,3,b1s-c20000000-s1000-1499.fixed_heuristic_every16,fixed_heuristic_every16,20000000,StaleMemory,500,0.942,0.233978,0.0,0.0,0.0,0.0,0.0,0.0,0.0,0.0,500,0,0,0,0,18800.732,3165.568931,19642.69,6030.15401,1.856
S1,3,b1s-c20000000-s1000-1499.fixed_heuristic_every16,fixed_heuristic_every16,20000000,ComponentTimeout,500,0.83,0.376009,0.0,0.0,0.0,0.0,0.122,0.327614,0.0,0.0,500,0,0,0,0,15141.614,3249.931153,13294.404,4602.166889,0.034
S1,3,b1s-c250000-s1000-1499.heuristic_only,heuristic_only,250000,Ambiguous,500,1.0,0.0,0.0,0.0,0.0,0.0,0.0,0.0,0.0,0.0,500,0,0,0,0,40736.082,12712.405685,48572.624,17475.227107,1.976
S1,3,b1s-c250000-s1000-1499.heuristic_only,heuristic_only,250000,DelayedConfigChange,500,1.0,0.0,0.0,0.0,0.0,0.0,0.0,0.0,0.0,0.0,500,0,0,0,0,2879.982,1365.901883,4254.042,6518.90907,0.0
S1,3,b1s-c250000-s1000-1499.heuristic_only,heuristic_only,250000,NoiseFlood,500,1.0,0.0,0.0,0.0,0.0,0.0,0.0,0.0,0.0,0.0,500,0,0,0,0,38515.0,10811.207953,43423.638,14983.108087,0.172
S1,3,b1s-c250000-s1000-1499.heuristic_only,heuristic_only,250000,JointlyDecisive,500,0.616,0.486845,0.0,0.0,0.0,0.0,0.0,0.0,0.0,0.0,500,0,0,0,0,94190.652,12401.914247,112341.978,36937.906098,0.198
S1,3,b1s-c250000-s1000-1499.heuristic_only,heuristic_only,250000,NoFault,500,1.0,0.0,0.0,0.0,0.0,0.0,0.0,0.0,0.0,0.0,500,0,0,0,0,62689.19,5683.829595,66585.898,10772.505203,0.0
S1,3,b1s-c250000-s1000-1499.heuristic_only,heuristic_only,250000,CriticalFault,500,1.0,0.0,0.0,0.0,0.0,0.0,0.0,0.0,0.0,0.0,500,0,0,0,0,38142.484,12776.04704,46216.708,18597.282825,1.132
S1,3,b1s-c250000-s1000-1499.heuristic_only,heuristic_only,250000,QuietUrgent,500,1.0,0.0,0.0,0.0,0.0,0.0,0.0,0.0,0.0,0.0,500,0,0,0,0,37840.476,10789.379037,41233.182,13016.865279,0.0
S1,3,b1s-c250000-s1000-1499.heuristic_only,heuristic_only,250000,Duplicates,500,1.0,0.0,0.0,0.0,0.0,0.0,0.0,0.0,0.0,0.0,500,0,0,0,0,38494.542,11398.506317,41879.416,13054.516318,0.172
S1,3,b1s-c250000-s1000-1499.heuristic_only,heuristic_only,250000,FeedbackBait,500,1.0,0.0,0.0,0.0,0.0,0.0,0.0,0.0,0.0,0.0,500,0,0,0,0,41371.722,12371.888083,47242.484,16098.373623,1.976
S1,3,b1s-c250000-s1000-1499.heuristic_only,heuristic_only,250000,StaleMemory,500,1.0,0.0,0.0,0.0,0.0,0.0,0.0,0.0,0.0,0.0,500,0,0,0,0,40736.082,12712.405685,45830.406,15312.482205,1.976
S1,3,b1s-c250000-s1000-1499.heuristic_only,heuristic_only,250000,ComponentTimeout,500,0.878,0.327614,0.0,0.0,0.0,0.0,0.122,0.327614,0.0,0.0,500,0,0,0,0,33410.404,12829.227058,35528.158,19782.993659,0.154
S1,3,b1s-c250000-s1000-1499.random_p000,random_p000,250000,Ambiguous,500,0.0,0.0,0.0,0.0,0.0,0.0,1.0,0.0,0.0,0.0,500,0,0,0,0,17141.0,0.0,12590.654,3505.779478,0.0
S1,3,b1s-c250000-s1000-1499.random_p000,random_p000,250000,DelayedConfigChange,500,0.0,0.0,0.0,0.0,0.0,0.0,1.0,0.0,0.0,0.0,500,0,0,0,0,17141.0,0.0,14390.864,35441.917284,0.0
S1,3,b1s-c250000-s1000-1499.random_p000,random_p000,250000,NoiseFlood,500,0.0,0.0,0.0,0.0,0.0,0.0,1.0,0.0,0.0,0.0,500,0,0,0,0,17141.0,0.0,12788.426,2791.469778,0.0
S1,3,b1s-c250000-s1000-1499.random_p000,random_p000,250000,JointlyDecisive,500,0.0,0.0,0.0,0.0,0.0,0.0,1.0,0.0,0.0,0.0,500,0,0,0,0,17141.0,0.0,13487.612,4172.830218,0.0
S1,3,b1s-c250000-s1000-1499.random_p000,random_p000,250000,NoFault,500,1.0,0.0,0.0,0.0,0.0,0.0,1.0,0.0,0.0,0.0,500,0,0,0,0,17141.0,0.0,12173.582,2684.209368,0.0
S1,3,b1s-c250000-s1000-1499.random_p000,random_p000,250000,CriticalFault,500,0.0,0.0,1.0,0.0,0.0,0.0,1.0,0.0,0.0,0.0,500,0,0,0,0,17141.0,0.0,13017.06,6007.482832,0.0
S1,3,b1s-c250000-s1000-1499.random_p000,random_p000,250000,QuietUrgent,500,0.0,0.0,1.0,0.0,0.0,0.0,1.0,0.0,0.0,0.0,500,0,0,0,0,17141.0,0.0,12919.964,3866.469139,0.0
S1,3,b1s-c250000-s1000-1499.random_p000,random_p000,250000,Duplicates,500,0.0,0.0,0.0,0.0,0.0,0.0,1.0,0.0,0.0,0.0,500,0,0,0,0,17141.0,0.0,13446.232,2892.282006,0.0
S1,3,b1s-c250000-s1000-1499.random_p000,random_p000,250000,FeedbackBait,500,0.0,0.0,0.0,0.0,0.0,0.0,1.0,0.0,0.0,0.0,500,0,0,0,0,17141.0,0.0,11985.966,1508.011267,0.0
S1,3,b1s-c250000-s1000-1499.random_p000,random_p000,250000,StaleMemory,500,0.0,0.0,0.0,0.0,0.0,0.0,1.0,0.0,0.0,0.0,500,0,0,0,0,17141.0,0.0,12220.046,7984.05784,0.0
S1,3,b1s-c250000-s1000-1499.random_p000,random_p000,250000,ComponentTimeout,500,0.0,0.0,0.0,0.0,0.0,0.0,1.0,0.0,0.0,0.0,500,0,0,0,0,17141.0,0.0,12007.79,1528.467765,0.0
S1,3,b1s-c250000-s1000-1499.fixed_heuristic_every8,fixed_heuristic_every8,250000,Ambiguous,500,1.0,0.0,0.0,0.0,0.0,0.0,0.0,0.0,0.0,0.0,500,0,0,0,0,19673.374,4250.748422,22076.784,6419.585269,1.976
S1,3,b1s-c250000-s1000-1499.fixed_heuristic_every8,fixed_heuristic_every8,250000,DelayedConfigChange,500,1.0,0.0,0.0,0.0,0.0,0.0,0.0,0.0,0.0,0.0,500,0,0,0,0,3478.31,4.379527,3912.338,2641.985488,0.0
S1,3,b1s-c250000-s1000-1499.fixed_heuristic_every8,fixed_heuristic_every8,250000,NoiseFlood,500,1.0,0.0,0.0,0.0,0.0,0.0,0.0,0.0,0.0,0.0,500,0,0,0,0,15954.238,4022.38487,15978.768,5100.457733,0.07
S1,3,b1s-c250000-s1000-1499.fixed_heuristic_every8,fixed_heuristic_every8,250000,JointlyDecisive,500,0.616,0.486845,0.0,0.0,0.0,0.0,0.0,0.0,0.0,0.0,500,0,0,0,0,44652.486,9151.109893,48981.852,18200.897773,0.058
S1,3,b1s-c250000-s1000-1499.fixed_heuristic_every8,fixed_heuristic_every8,250000,NoFault,500,1.0,0.0,0.0,0.0,0.0,0.0,0.0,0.0,0.0,0.0,500,0,0,0,0,23513.92,803.341572,22472.53,5442.05982,0.0
S1,3,b1s-c250000-s1000-1499.fixed_heuristic_every8,fixed_heuristic_every8,250000,CriticalFault,500,1.0,0.0,0.0,0.0,0.0,0.0,0.0,0.0,0.0,0.0,500,0,0,0,0,17636.206,4680.348368,20231.016,9265.861124,1.062
S1,3,b1s-c250000-s1000-1499.fixed_heuristic_every8,fixed_heuristic_every8,250000,QuietUrgent,500,1.0,0.0,0.0,0.0,0.0,0.0,0.0,0.0,0.0,0.0,500,0,0,0,0,15715.228,3812.436174,15851.71,6369.845777,0.0
S1,3,b1s-c250000-s1000-1499.fixed_heuristic_every8,fixed_heuristic_every8,250000,Duplicates,500,1.0,0.0,0.0,0.0,0.0,0.0,0.0,0.0,0.0,0.0,500,0,0,0,0,15991.06,4060.628043,16726.16,5943.321248,0.07
S1,3,b1s-c250000-s1000-1499.fixed_heuristic_every8,fixed_heuristic_every8,250000,FeedbackBait,500,1.0,0.0,0.0,0.0,0.0,0.0,0.0,0.0,0.0,0.0,500,0,0,0,0,19757.802,4240.021484,21665.412,6121.636852,1.976
S1,3,b1s-c250000-s1000-1499.fixed_heuristic_every8,fixed_heuristic_every8,250000,StaleMemory,500,1.0,0.0,0.0,0.0,0.0,0.0,0.0,0.0,0.0,0.0,500,0,0,0,0,19673.374,4250.748422,21331.066,7020.519923,1.976
S1,3,b1s-c250000-s1000-1499.fixed_heuristic_every8,fixed_heuristic_every8,250000,ComponentTimeout,500,0.878,0.327614,0.0,0.0,0.0,0.0,0.122,0.327614,0.0,0.0,500,0,0,0,0,15788.616,3861.7035,14849.268,5473.526802,0.056
S1,3,b1s-c250000-s1000-1499.fixed_heuristic_every16,fixed_heuristic_every16,250000,Ambiguous,500,0.942,0.233978,0.0,0.0,0.0,0.0,0.0,0.0,0.0,0.0,500,0,0,0,0,18800.732,3165.568931,19831.61,6901.886008,1.856
S1,3,b1s-c250000-s1000-1499.fixed_heuristic_every16,fixed_heuristic_every16,250000,DelayedConfigChange,500,1.0,0.0,0.0,0.0,0.0,0.0,0.0,0.0,0.0,0.0,500,0,0,0,0,5729.162,5.285416,5302.162,2471.585409,0.0
S1,3,b1s-c250000-s1000-1499.fixed_heuristic_every16,fixed_heuristic_every16,250000,NoiseFlood,500,0.942,0.233978,0.0,0.0,0.0,0.0,0.0,0.0,0.0,0.0,500,0,0,0,0,14998.954,3459.563213,14217.112,6131.180935,0.04
S1,3,b1s-c250000-s1000-1499.fixed_heuristic_every16,fixed_heuristic_every16,250000,JointlyDecisive,500,0.578,0.494373,0.0,0.0,0.0,0.0,0.0,0.0,0.0,0.0,500,0,0,0,0,37780.918,8562.21232,39827.342,16227.029046,0.028
S1,3,b1s-c250000-s1000-1499.fixed_heuristic_every16,fixed_heuristic_every16,250000,NoFault,500,1.0,0.0,0.0,0.0,0.0,0.0,0.0,0.0,0.0,0.0,500,0,0,0,0,20382.218,427.213977,17824.284,5222.865611,0.0
S1,3,b1s-c250000-s1000-1499.fixed_heuristic_every16,fixed_heuristic_every16,250000,CriticalFault,500,0.942,0.233978,0.058,0.233978,0.0,0.0,0.0,0.0,0.0,0.0,500,0,0,0,0,16889.948,3914.425165,17857.44,6724.275053,1.0
S1,3,b1s-c250000-s1000-1499.fixed_heuristic_every16,fixed_heuristic_every16,250000,QuietUrgent,500,0.942,0.233978,0.058,0.233978,0.0,0.0,0.0,0.0,0.0,0.0,500,0,0,0,0,14811.838,3091.805895,13515.21,3874.15811,0.0
S1,3,b1s-c250000-s1000-1499.fixed_heuristic_every16,fixed_heuristic_every16,250000,Duplicates,500,0.942,0.233978,0.0,0.0,0.0,0.0,0.0,0.0,0.0,0.0,500,0,0,0,0,15046.864,3465.206152,14667.62,4925.540037,0.04
S1,3,b1s-c250000-s1000-1499.fixed_heuristic_every16,fixed_heuristic_every16,250000,FeedbackBait,500,0.942,0.233978,0.0,0.0,0.0,0.0,0.0,0.0,0.0,0.0,500,0,0,0,0,18858.538,3162.540525,19527.148,6679.668723,1.856
S1,3,b1s-c250000-s1000-1499.fixed_heuristic_every16,fixed_heuristic_every16,250000,StaleMemory,500,0.942,0.233978,0.0,0.0,0.0,0.0,0.0,0.0,0.0,0.0,500,0,0,0,0,18800.732,3165.568931,18941.526,5076.880926,1.856
S1,3,b1s-c250000-s1000-1499.fixed_heuristic_every16,fixed_heuristic_every16,250000,ComponentTimeout,500,0.83,0.376009,0.0,0.0,0.0,0.0,0.122,0.327614,0.0,0.0,500,0,0,0,0,15141.614,3249.931153,13183.446,4063.324906,0.034
S1,3,b1s-c100000-s1000-1499.heuristic_only,heuristic_only,100000,Ambiguous,500,1.0,0.0,0.0,0.0,0.0,0.0,0.0,0.0,0.0,0.0,500,0,0,0,0,40736.082,12712.405685,52995.492,94166.653971,1.976
S1,3,b1s-c100000-s1000-1499.heuristic_only,heuristic_only,100000,DelayedConfigChange,500,1.0,0.0,0.0,0.0,0.0,0.0,0.0,0.0,0.0,0.0,500,0,0,0,0,2879.982,1365.901883,4325.344,3107.30178,0.0
S1,3,b1s-c100000-s1000-1499.heuristic_only,heuristic_only,100000,NoiseFlood,500,1.0,0.0,0.0,0.0,0.0,0.0,0.0,0.0,0.0,0.0,500,0,0,0,0,38515.0,10811.207953,48502.664,51465.542604,0.172
S1,3,b1s-c100000-s1000-1499.heuristic_only,heuristic_only,100000,JointlyDecisive,500,0.616,0.486845,0.0,0.0,0.0,0.0,0.0,0.0,0.0,0.0,462,38,0,0,0,93996.584,12092.38236,111003.992,33536.430964,0.198
S1,3,b1s-c100000-s1000-1499.heuristic_only,heuristic_only,100000,NoFault,500,1.0,0.0,0.0,0.0,0.0,0.0,0.0,0.0,0.0,0.0,500,0,0,0,0,62689.19,5683.829595,76062.19,26754.073984,0.0
S1,3,b1s-c100000-s1000-1499.heuristic_only,heuristic_only,100000,CriticalFault,500,1.0,0.0,0.0,0.0,0.0,0.0,0.0,0.0,0.0,0.0,500,0,0,0,0,38142.484,12776.04704,46532.472,20814.560253,1.132
S1,3,b1s-c100000-s1000-1499.heuristic_only,heuristic_only,100000,QuietUrgent,500,1.0,0.0,0.0,0.0,0.0,0.0,0.0,0.0,0.0,0.0,500,0,0,0,0,37840.476,10789.379037,42609.032,18574.001465,0.0
S1,3,b1s-c100000-s1000-1499.heuristic_only,heuristic_only,100000,Duplicates,500,1.0,0.0,0.0,0.0,0.0,0.0,0.0,0.0,0.0,0.0,500,0,0,0,0,38494.542,11398.506317,46325.192,17535.238476,0.172
S1,3,b1s-c100000-s1000-1499.heuristic_only,heuristic_only,100000,FeedbackBait,500,1.0,0.0,0.0,0.0,0.0,0.0,0.0,0.0,0.0,0.0,500,0,0,0,0,41371.722,12371.888083,47739.82,15092.150603,1.976
S1,3,b1s-c100000-s1000-1499.heuristic_only,heuristic_only,100000,StaleMemory,500,1.0,0.0,0.0,0.0,0.0,0.0,0.0,0.0,0.0,0.0,500,0,0,0,0,40736.082,12712.405685,47098.494,15742.047695,1.976
S1,3,b1s-c100000-s1000-1499.heuristic_only,heuristic_only,100000,ComponentTimeout,500,0.814,0.389496,0.0,0.0,0.0,0.0,0.122,0.327614,0.0,0.0,477,23,0,0,0,32875.536,12560.087047,35346.068,16520.48141,0.152
S1,3,b1s-c100000-s1000-1499.random_p000,random_p000,100000,Ambiguous,500,0.0,0.0,0.0,0.0,0.0,0.0,1.0,0.0,0.0,0.0,500,0,0,0,0,17141.0,0.0,12496.192,3077.91079,0.0
S1,3,b1s-c100000-s1000-1499.random_p000,random_p000,100000,DelayedConfigChange,500,0.0,0.0,0.0,0.0,0.0,0.0,1.0,0.0,0.0,0.0,500,0,0,0,0,17141.0,0.0,12949.246,3239.353654,0.0
S1,3,b1s-c100000-s1000-1499.random_p000,random_p000,100000,NoiseFlood,500,0.0,0.0,0.0,0.0,0.0,0.0,1.0,0.0,0.0,0.0,500,0,0,0,0,17141.0,0.0,13085.332,2146.15765,0.0
S1,3,b1s-c100000-s1000-1499.random_p000,random_p000,100000,JointlyDecisive,500,0.0,0.0,0.0,0.0,0.0,0.0,1.0,0.0,0.0,0.0,500,0,0,0,0,17141.0,0.0,13861.38,5857.454699,0.0
S1,3,b1s-c100000-s1000-1499.random_p000,random_p000,100000,NoFault,500,1.0,0.0,0.0,0.0,0.0,0.0,1.0,0.0,0.0,0.0,500,0,0,0,0,17141.0,0.0,13563.756,4535.638986,0.0
S1,3,b1s-c100000-s1000-1499.random_p000,random_p000,100000,CriticalFault,500,0.0,0.0,1.0,0.0,0.0,0.0,1.0,0.0,0.0,0.0,500,0,0,0,0,17141.0,0.0,12785.096,3701.594785,0.0
S1,3,b1s-c100000-s1000-1499.random_p000,random_p000,100000,QuietUrgent,500,0.0,0.0,1.0,0.0,0.0,0.0,1.0,0.0,0.0,0.0,500,0,0,0,0,17141.0,0.0,12823.196,3024.366861,0.0
S1,3,b1s-c100000-s1000-1499.random_p000,random_p000,100000,Duplicates,500,0.0,0.0,0.0,0.0,0.0,0.0,1.0,0.0,0.0,0.0,500,0,0,0,0,17141.0,0.0,14329.844,4750.722131,0.0
S1,3,b1s-c100000-s1000-1499.random_p000,random_p000,100000,FeedbackBait,500,0.0,0.0,0.0,0.0,0.0,0.0,1.0,0.0,0.0,0.0,500,0,0,0,0,17141.0,0.0,12363.068,2722.984514,0.0
S1,3,b1s-c100000-s1000-1499.random_p000,random_p000,100000,StaleMemory,500,0.0,0.0,0.0,0.0,0.0,0.0,1.0,0.0,0.0,0.0,500,0,0,0,0,17141.0,0.0,12118.892,3725.53648,0.0
S1,3,b1s-c100000-s1000-1499.random_p000,random_p000,100000,ComponentTimeout,500,0.0,0.0,0.0,0.0,0.0,0.0,1.0,0.0,0.0,0.0,500,0,0,0,0,17141.0,0.0,12262.084,2772.207495,0.0
S1,3,b1s-c100000-s1000-1499.fixed_heuristic_every8,fixed_heuristic_every8,100000,Ambiguous,500,1.0,0.0,0.0,0.0,0.0,0.0,0.0,0.0,0.0,0.0,500,0,0,0,0,19673.374,4250.748422,24744.94,38043.992233,1.976
S1,3,b1s-c100000-s1000-1499.fixed_heuristic_every8,fixed_heuristic_every8,100000,DelayedConfigChange,500,1.0,0.0,0.0,0.0,0.0,0.0,0.0,0.0,0.0,0.0,500,0,0,0,0,3478.31,4.379527,4901.276,17433.891346,0.0
S1,3,b1s-c100000-s1000-1499.fixed_heuristic_every8,fixed_heuristic_every8,100000,NoiseFlood,500,1.0,0.0,0.0,0.0,0.0,0.0,0.0,0.0,0.0,0.0,500,0,0,0,0,15954.238,4022.38487,17466.958,8827.859127,0.07
S1,3,b1s-c100000-s1000-1499.fixed_heuristic_every8,fixed_heuristic_every8,100000,JointlyDecisive,500,0.616,0.486845,0.0,0.0,0.0,0.0,0.0,0.0,0.0,0.0,500,0,0,0,0,44652.486,9151.109893,49361.076,19212.944995,0.058
S1,3,b1s-c100000-s1000-1499.fixed_heuristic_every8,fixed_heuristic_every8,100000,NoFault,500,1.0,0.0,0.0,0.0,0.0,0.0,0.0,0.0,0.0,0.0,500,0,0,0,0,23513.92,803.341572,24853.042,8042.460284,0.0
S1,3,b1s-c100000-s1000-1499.fixed_heuristic_every8,fixed_heuristic_every8,100000,CriticalFault,500,1.0,0.0,0.0,0.0,0.0,0.0,0.0,0.0,0.0,0.0,500,0,0,0,0,17636.206,4680.348368,19687.868,7896.037507,1.062
S1,3,b1s-c100000-s1000-1499.fixed_heuristic_every8,fixed_heuristic_every8,100000,QuietUrgent,500,1.0,0.0,0.0,0.0,0.0,0.0,0.0,0.0,0.0,0.0,500,0,0,0,0,15715.228,3812.436174,16070.868,5683.880877,0.0
S1,3,b1s-c100000-s1000-1499.fixed_heuristic_every8,fixed_heuristic_every8,100000,Duplicates,500,1.0,0.0,0.0,0.0,0.0,0.0,0.0,0.0,0.0,0.0,500,0,0,0,0,15991.06,4060.628043,17967.81,7392.609895,0.07
S1,3,b1s-c100000-s1000-1499.fixed_heuristic_every8,fixed_heuristic_every8,100000,FeedbackBait,500,1.0,0.0,0.0,0.0,0.0,0.0,0.0,0.0,0.0,0.0,500,0,0,0,0,19757.802,4240.021484,21864.056,7450.995101,1.976
S1,3,b1s-c100000-s1000-1499.fixed_heuristic_every8,fixed_heuristic_every8,100000,StaleMemory,500,1.0,0.0,0.0,0.0,0.0,0.0,0.0,0.0,0.0,0.0,500,0,0,0,0,19673.374,4250.748422,21303.6,6145.095115,1.976
S1,3,b1s-c100000-s1000-1499.fixed_heuristic_every8,fixed_heuristic_every8,100000,ComponentTimeout,500,0.878,0.327614,0.0,0.0,0.0,0.0,0.122,0.327614,0.0,0.0,500,0,0,0,0,15788.616,3861.7035,15021.66,5277.385068,0.056
S1,3,b1s-c100000-s1000-1499.fixed_heuristic_every16,fixed_heuristic_every16,100000,Ambiguous,500,0.942,0.233978,0.0,0.0,0.0,0.0,0.0,0.0,0.0,0.0,500,0,0,0,0,18800.732,3165.568931,20991.486,14945.300633,1.856
S1,3,b1s-c100000-s1000-1499.fixed_heuristic_every16,fixed_heuristic_every16,100000,DelayedConfigChange,500,1.0,0.0,0.0,0.0,0.0,0.0,0.0,0.0,0.0,0.0,500,0,0,0,0,5729.162,5.285416,6499.6,19860.416493,0.0
S1,3,b1s-c100000-s1000-1499.fixed_heuristic_every16,fixed_heuristic_every16,100000,NoiseFlood,500,0.942,0.233978,0.0,0.0,0.0,0.0,0.0,0.0,0.0,0.0,500,0,0,0,0,14998.954,3459.563213,15242.434,6243.70801,0.04
S1,3,b1s-c100000-s1000-1499.fixed_heuristic_every16,fixed_heuristic_every16,100000,JointlyDecisive,500,0.578,0.494373,0.0,0.0,0.0,0.0,0.0,0.0,0.0,0.0,500,0,0,0,0,37780.918,8562.21232,38911.688,15014.893853,0.028
S1,3,b1s-c100000-s1000-1499.fixed_heuristic_every16,fixed_heuristic_every16,100000,NoFault,500,1.0,0.0,0.0,0.0,0.0,0.0,0.0,0.0,0.0,0.0,500,0,0,0,0,20382.218,427.213977,20089.066,8372.277496,0.0
S1,3,b1s-c100000-s1000-1499.fixed_heuristic_every16,fixed_heuristic_every16,100000,CriticalFault,500,0.942,0.233978,0.058,0.233978,0.0,0.0,0.0,0.0,0.0,0.0,500,0,0,0,0,16889.948,3914.425165,17896.778,6846.156844,1.0
S1,3,b1s-c100000-s1000-1499.fixed_heuristic_every16,fixed_heuristic_every16,100000,QuietUrgent,500,0.942,0.233978,0.058,0.233978,0.0,0.0,0.0,0.0,0.0,0.0,500,0,0,0,0,14811.838,3091.805895,13755.512,4309.124302,0.0
S1,3,b1s-c100000-s1000-1499.fixed_heuristic_every16,fixed_heuristic_every16,100000,Duplicates,500,0.942,0.233978,0.0,0.0,0.0,0.0,0.0,0.0,0.0,0.0,500,0,0,0,0,15046.864,3465.206152,16791.142,24781.434667,0.04
S1,3,b1s-c100000-s1000-1499.fixed_heuristic_every16,fixed_heuristic_every16,100000,FeedbackBait,500,0.942,0.233978,0.0,0.0,0.0,0.0,0.0,0.0,0.0,0.0,500,0,0,0,0,18858.538,3162.540525,19498.126,5220.564018,1.856
S1,3,b1s-c100000-s1000-1499.fixed_heuristic_every16,fixed_heuristic_every16,100000,StaleMemory,500,0.942,0.233978,0.0,0.0,0.0,0.0,0.0,0.0,0.0,0.0,500,0,0,0,0,18800.732,3165.568931,19123.558,4957.407322,1.856
S1,3,b1s-c100000-s1000-1499.fixed_heuristic_every16,fixed_heuristic_every16,100000,ComponentTimeout,500,0.83,0.376009,0.0,0.0,0.0,0.0,0.122,0.327614,0.0,0.0,500,0,0,0,0,15141.614,3249.931153,13354.526,4559.148211,0.034
S1,3,b1s-c60000-s1000-1499.heuristic_only,heuristic_only,60000,Ambiguous,500,1.0,0.0,0.0,0.0,0.0,0.0,0.0,0.0,0.0,0.0,493,7,0,0,0,40720.226,12681.333807,54601.86,22774.400881,1.976
S1,3,b1s-c60000-s1000-1499.heuristic_only,heuristic_only,60000,DelayedConfigChange,500,1.0,0.0,0.0,0.0,0.0,0.0,0.0,0.0,0.0,0.0,500,0,0,0,0,2879.982,1365.901883,4419.682,2884.857618,0.0
S1,3,b1s-c60000-s1000-1499.heuristic_only,heuristic_only,60000,NoiseFlood,500,1.0,0.0,0.0,0.0,0.0,0.0,0.0,0.0,0.0,0.0,500,0,0,0,0,38515.0,10811.207953,55380.3,202163.909205,0.172
S1,3,b1s-c60000-s1000-1499.heuristic_only,heuristic_only,60000,JointlyDecisive,500,0.616,0.486845,0.0,0.0,0.0,0.0,0.0,0.0,0.0,0.0,3,497,0,0,0,65722.712,1089.093878,74061.992,15301.407974,0.198
S1,3,b1s-c60000-s1000-1499.heuristic_only,heuristic_only,60000,NoFault,500,1.0,0.0,0.0,0.0,0.0,0.0,0.0,0.0,0.0,0.0,287,213,0,0,0,61011.258,4464.581436,63624.586,10343.758752,0.0
S1,3,b1s-c60000-s1000-1499.heuristic_only,heuristic_only,60000,CriticalFault,500,1.0,0.0,0.0,0.0,0.0,0.0,0.0,0.0,0.0,0.0,498,2,0,0,0,38137.856,12766.435783,45937.194,22797.025115,1.132
S1,3,b1s-c60000-s1000-1499.heuristic_only,heuristic_only,60000,QuietUrgent,500,1.0,0.0,0.0,0.0,0.0,0.0,0.0,0.0,0.0,0.0,500,0,0,0,0,37840.476,10789.379037,43868.966,21348.166708,0.0
S1,3,b1s-c60000-s1000-1499.heuristic_only,heuristic_only,60000,Duplicates,500,1.0,0.0,0.0,0.0,0.0,0.0,0.0,0.0,0.0,0.0,500,0,0,0,0,38494.542,11398.506317,42191.108,13387.268634,0.172
S1,3,b1s-c60000-s1000-1499.heuristic_only,heuristic_only,60000,FeedbackBait,500,1.0,0.0,0.0,0.0,0.0,0.0,0.0,0.0,0.0,0.0,493,7,0,0,0,41357.274,12343.208825,46364.32,14797.621506,1.976
S1,3,b1s-c60000-s1000-1499.heuristic_only,heuristic_only,60000,StaleMemory,500,1.0,0.0,0.0,0.0,0.0,0.0,0.0,0.0,0.0,0.0,493,7,0,0,0,40720.226,12681.333807,45425.722,14834.672567,1.976
S1,3,b1s-c60000-s1000-1499.heuristic_only,heuristic_only,60000,ComponentTimeout,500,0.766,0.423796,0.0,0.0,0.0,0.0,0.124,0.329912,0.0,0.0,448,52,0,0,0,31908.414,12839.070902,33018.908,16075.512441,0.136
S1,3,b1s-c60000-s1000-1499.random_p000,random_p000,60000,Ambiguous,500,0.0,0.0,0.0,0.0,0.0,0.0,1.0,0.0,0.0,0.0,500,0,0,0,0,17141.0,0.0,13578.924,4070.858973,0.0
S1,3,b1s-c60000-s1000-1499.random_p000,random_p000,60000,DelayedConfigChange,500,0.0,0.0,0.0,0.0,0.0,0.0,1.0,0.0,0.0,0.0,500,0,0,0,0,17141.0,0.0,13543.95,3508.715423,0.0
S1,3,b1s-c60000-s1000-1499.random_p000,random_p000,60000,NoiseFlood,500,0.0,0.0,0.0,0.0,0.0,0.0,1.0,0.0,0.0,0.0,500,0,0,0,0,17141.0,0.0,13535.906,3385.348039,0.0
S1,3,b1s-c60000-s1000-1499.random_p000,random_p000,60000,JointlyDecisive,500,0.0,0.0,0.0,0.0,0.0,0.0,1.0,0.0,0.0,0.0,500,0,0,0,0,17141.0,0.0,12972.414,4289.006975,0.0
S1,3,b1s-c60000-s1000-1499.random_p000,random_p000,60000,NoFault,500,1.0,0.0,0.0,0.0,0.0,0.0,1.0,0.0,0.0,0.0,500,0,0,0,0,17141.0,0.0,12247.886,3498.115008,0.0
S1,3,b1s-c60000-s1000-1499.random_p000,random_p000,60000,CriticalFault,500,0.0,0.0,1.0,0.0,0.0,0.0,1.0,0.0,0.0,0.0,500,0,0,0,0,17141.0,0.0,13714.174,22864.402056,0.0
S1,3,b1s-c60000-s1000-1499.random_p000,random_p000,60000,QuietUrgent,500,0.0,0.0,1.0,0.0,0.0,0.0,1.0,0.0,0.0,0.0,500,0,0,0,0,17141.0,0.0,13118.554,7139.549141,0.0
S1,3,b1s-c60000-s1000-1499.random_p000,random_p000,60000,Duplicates,500,0.0,0.0,0.0,0.0,0.0,0.0,1.0,0.0,0.0,0.0,500,0,0,0,0,17141.0,0.0,13240.714,2691.883531,0.0
S1,3,b1s-c60000-s1000-1499.random_p000,random_p000,60000,FeedbackBait,500,0.0,0.0,0.0,0.0,0.0,0.0,1.0,0.0,0.0,0.0,500,0,0,0,0,17141.0,0.0,12024.216,1969.435157,0.0
S1,3,b1s-c60000-s1000-1499.random_p000,random_p000,60000,StaleMemory,500,0.0,0.0,0.0,0.0,0.0,0.0,1.0,0.0,0.0,0.0,500,0,0,0,0,17141.0,0.0,11939.168,2927.34981,0.0
S1,3,b1s-c60000-s1000-1499.random_p000,random_p000,60000,ComponentTimeout,500,0.0,0.0,0.0,0.0,0.0,0.0,1.0,0.0,0.0,0.0,500,0,0,0,0,17141.0,0.0,11984.482,1634.665328,0.0
S1,3,b1s-c60000-s1000-1499.fixed_heuristic_every8,fixed_heuristic_every8,60000,Ambiguous,500,1.0,0.0,0.0,0.0,0.0,0.0,0.0,0.0,0.0,0.0,500,0,0,0,0,19673.374,4250.748422,25468.732,10116.656406,1.976
S1,3,b1s-c60000-s1000-1499.fixed_heuristic_every8,fixed_heuristic_every8,60000,DelayedConfigChange,500,1.0,0.0,0.0,0.0,0.0,0.0,0.0,0.0,0.0,0.0,500,0,0,0,0,3478.31,4.379527,4375.248,3683.295836,0.0
S1,3,b1s-c60000-s1000-1499.fixed_heuristic_every8,fixed_heuristic_every8,60000,NoiseFlood,500,1.0,0.0,0.0,0.0,0.0,0.0,0.0,0.0,0.0,0.0,500,0,0,0,0,15954.238,4022.38487,18150.534,8916.05613,0.07
S1,3,b1s-c60000-s1000-1499.fixed_heuristic_every8,fixed_heuristic_every8,60000,JointlyDecisive,500,0.616,0.486845,0.0,0.0,0.0,0.0,0.0,0.0,0.0,0.0,500,0,0,0,0,44652.486,9151.109893,45523.352,14925.827393,0.058
S1,3,b1s-c60000-s1000-1499.fixed_heuristic_every8,fixed_heuristic_every8,60000,NoFault,500,1.0,0.0,0.0,0.0,0.0,0.0,0.0,0.0,0.0,0.0,500,0,0,0,0,23513.92,803.341572,21828.258,6943.107373,0.0
S1,3,b1s-c60000-s1000-1499.fixed_heuristic_every8,fixed_heuristic_every8,60000,CriticalFault,500,1.0,0.0,0.0,0.0,0.0,0.0,0.0,0.0,0.0,0.0,500,0,0,0,0,17636.206,4680.348368,19989.982,11797.296563,1.062
S1,3,b1s-c60000-s1000-1499.fixed_heuristic_every8,fixed_heuristic_every8,60000,QuietUrgent,500,1.0,0.0,0.0,0.0,0.0,0.0,0.0,0.0,0.0,0.0,500,0,0,0,0,15715.228,3812.436174,24650.042,175179.052344,0.0
S1,3,b1s-c60000-s1000-1499.fixed_heuristic_every8,fixed_heuristic_every8,60000,Duplicates,500,1.0,0.0,0.0,0.0,0.0,0.0,0.0,0.0,0.0,0.0,500,0,0,0,0,15991.06,4060.628043,16441.706,5251.374674,0.07
S1,3,b1s-c60000-s1000-1499.fixed_heuristic_every8,fixed_heuristic_every8,60000,FeedbackBait,500,1.0,0.0,0.0,0.0,0.0,0.0,0.0,0.0,0.0,0.0,500,0,0,0,0,19757.802,4240.021484,21032.944,5992.695657,1.976
S1,3,b1s-c60000-s1000-1499.fixed_heuristic_every8,fixed_heuristic_every8,60000,StaleMemory,500,1.0,0.0,0.0,0.0,0.0,0.0,0.0,0.0,0.0,0.0,500,0,0,0,0,19673.374,4250.748422,20982.762,6484.360883,1.976
S1,3,b1s-c60000-s1000-1499.fixed_heuristic_every8,fixed_heuristic_every8,60000,ComponentTimeout,500,0.878,0.327614,0.0,0.0,0.0,0.0,0.122,0.327614,0.0,0.0,500,0,0,0,0,15788.616,3861.7035,16630.732,42899.403757,0.056
S1,3,b1s-c60000-s1000-1499.fixed_heuristic_every16,fixed_heuristic_every16,60000,Ambiguous,500,0.942,0.233978,0.0,0.0,0.0,0.0,0.0,0.0,0.0,0.0,500,0,0,0,0,18800.732,3165.568931,22706.826,9672.72439,1.856
S1,3,b1s-c60000-s1000-1499.fixed_heuristic_every16,fixed_heuristic_every16,60000,DelayedConfigChange,500,1.0,0.0,0.0,0.0,0.0,0.0,0.0,0.0,0.0,0.0,500,0,0,0,0,5729.162,5.285416,5790.278,2882.419297,0.0
S1,3,b1s-c60000-s1000-1499.fixed_heuristic_every16,fixed_heuristic_every16,60000,NoiseFlood,500,0.942,0.233978,0.0,0.0,0.0,0.0,0.0,0.0,0.0,0.0,500,0,0,0,0,14998.954,3459.563213,15574.716,5717.620965,0.04
S1,3,b1s-c60000-s1000-1499.fixed_heuristic_every16,fixed_heuristic_every16,60000,JointlyDecisive,500,0.578,0.494373,0.0,0.0,0.0,0.0,0.0,0.0,0.0,0.0,500,0,0,0,0,37780.918,8562.21232,37333.522,14790.873627,0.028
S1,3,b1s-c60000-s1000-1499.fixed_heuristic_every16,fixed_heuristic_every16,60000,NoFault,500,1.0,0.0,0.0,0.0,0.0,0.0,0.0,0.0,0.0,0.0,500,0,0,0,0,20382.218,427.213977,17487.204,4000.333142,0.0
S1,3,b1s-c60000-s1000-1499.fixed_heuristic_every16,fixed_heuristic_every16,60000,CriticalFault,500,0.942,0.233978,0.058,0.233978,0.0,0.0,0.0,0.0,0.0,0.0,500,0,0,0,0,16889.948,3914.425165,18081.502,11230.717253,1.0
S1,3,b1s-c60000-s1000-1499.fixed_heuristic_every16,fixed_heuristic_every16,60000,QuietUrgent,500,0.942,0.233978,0.058,0.233978,0.0,0.0,0.0,0.0,0.0,0.0,500,0,0,0,0,14811.838,3091.805895,14694.786,5966.412054,0.0
S1,3,b1s-c60000-s1000-1499.fixed_heuristic_every16,fixed_heuristic_every16,60000,Duplicates,500,0.942,0.233978,0.0,0.0,0.0,0.0,0.0,0.0,0.0,0.0,500,0,0,0,0,15046.864,3465.206152,14541.15,4522.339968,0.04
S1,3,b1s-c60000-s1000-1499.fixed_heuristic_every16,fixed_heuristic_every16,60000,FeedbackBait,500,0.942,0.233978,0.0,0.0,0.0,0.0,0.0,0.0,0.0,0.0,500,0,0,0,0,18858.538,3162.540525,19005.744,5084.582434,1.856
S1,3,b1s-c60000-s1000-1499.fixed_heuristic_every16,fixed_heuristic_every16,60000,StaleMemory,500,0.942,0.233978,0.0,0.0,0.0,0.0,0.0,0.0,0.0,0.0,500,0,0,0,0,18800.732,3165.568931,18676.464,4589.615643,1.856
S1,3,b1s-c60000-s1000-1499.fixed_heuristic_every16,fixed_heuristic_every16,60000,ComponentTimeout,500,0.83,0.376009,0.0,0.0,0.0,0.0,0.122,0.327614,0.0,0.0,500,0,0,0,0,15141.614,3249.931153,13322.642,4874.676926,0.034
S2,3,b1s2-c15000-s1000-1499.heuristic_only,heuristic_only,15000,Ambiguous,500,0.05,0.218163,0.0,0.0,0.0,0.0,0.008,0.089173,0.0,0.0,7,493,0,0,0,15833.15,882.043367,19066.042,6890.004969,0.07
S2,3,b1s2-c15000-s1000-1499.heuristic_only,heuristic_only,15000,DelayedConfigChange,500,1.0,0.0,0.0,0.0,0.0,0.0,0.0,0.0,0.0,0.0,500,0,0,0,0,2879.982,1365.901883,4231.384,2458.122943,0.0
S2,3,b1s2-c15000-s1000-1499.heuristic_only,heuristic_only,15000,NoiseFlood,500,0.004,0.063182,0.0,0.0,0.0,0.0,0.0,0.0,0.0,0.0,2,498,0,0,0,16255.296,470.740963,18769.946,4713.650205,0.002
S2,3,b1s2-c15000-s1000-1499.heuristic_only,heuristic_only,15000,JointlyDecisive,500,0.01,0.099598,0.0,0.0,0.0,0.0,0.002,0.044721,0.0,0.0,0,500,0,0,0,15901.17,726.378759,18397.418,4426.783562,0.008
S2,3,b1s2-c15000-s1000-1499.heuristic_only,heuristic_only,15000,NoFault,500,1.0,0.0,0.0,0.0,0.0,0.0,0.006,0.077304,0.0,0.0,0,500,0,0,0,15849.156,772.23155,17509.144,7345.121185,0.0
S2,3,b1s2-c15000-s1000-1499.heuristic_only,heuristic_only,15000,CriticalFault,500,0.054,0.226244,0.946,0.226244,0.0,0.0,0.004,0.063182,0.0,0.0,18,482,0,0,0,15773.84,1098.568231,17133.634,3605.231867,0.044
S2,3,b1s2-c15000-s1000-1499.heuristic_only,heuristic_only,15000,QuietUrgent,500,0.006,0.077304,0.994,0.077304,0.0,0.0,0.0,0.0,0.0,0.0,3,497,0,0,0,16219.348,560.816424,17991.318,3476.076585,0.0
S2,3,b1s2-c15000-s1000-1499.heuristic_only,heuristic_only,15000,Duplicates,500,0.008,0.089173,0.0,0.0,0.0,0.0,0.002,0.044721,0.0,0.0,3,497,0,0,0,16187.064,712.930316,19086.702,5893.152024,0.002
S2,3,b1s2-c15000-s1000-1499.heuristic_only,heuristic_only,15000,FeedbackBait,500,0.034,0.181411,0.0,0.0,0.0,0.0,0.006,0.077304,0.0,0.0,6,494,0,0,0,15885.896,790.361783,17606.264,4806.30383,0.05
S2,3,b1s2-c15000-s1000-1499.heuristic_only,heuristic_only,15000,StaleMemory,500,0.05,0.218163,0.0,0.0,0.0,0.0,0.008,0.089173,0.0,0.0,7,493,0,0,0,15833.15,882.043367,17032.752,3893.509487,0.07
S2,3,b1s2-c15000-s1000-1499.heuristic_only,heuristic_only,15000,ComponentTimeout,500,0.034,0.181411,0.0,0.0,0.0,0.0,0.2,0.400401,0.0,0.0,16,484,0,0,0,14195.348,3399.978391,14792.708,5925.316835,0.008
S2,3,b1s2-c15000-s1000-1499.fixed_heuristic_every2,fixed_heuristic_every2,15000,Ambiguous,500,0.352,0.478072,0.0,0.0,0.0,0.0,0.0,0.0,0.0,0.0,69,431,0,0,0,19493.236,1633.746628,24455.484,9554.415852,0.554
S2,3,b1s2-c15000-s1000-1499.fixed_heuristic_every2,fixed_heuristic_every2,15000,DelayedConfigChange,500,1.0,0.0,0.0,0.0,0.0,0.0,0.0,0.0,0.0,0.0,500,0,0,0,0,2647.56,841.196232,3892.95,3110.634468,0.0
S2,3,b1s2-c15000-s1000-1499.fixed_heuristic_every2,fixed_heuristic_every2,15000,NoiseFlood,500,0.278,0.448462,0.0,0.0,0.0,0.0,0.0,0.0,0.0,0.0,136,364,0,0,0,18895.822,1548.185303,22296.208,12818.895361,0.032
S2,3,b1s2-c15000-s1000-1499.fixed_heuristic_every2,fixed_heuristic_every2,15000,JointlyDecisive,500,0.23,0.421254,0.0,0.0,0.0,0.0,0.0,0.0,0.0,0.0,0,500,0,0,0,19818.47,523.604684,23438.588,6708.193227,0.046
S2,3,b1s2-c15000-s1000-1499.fixed_heuristic_every2,fixed_heuristic_every2,15000,NoFault,500,1.0,0.0,0.0,0.0,0.0,0.0,0.0,0.0,0.0,0.0,0,500,0,0,0,19733.822,423.856143,21506.946,6404.731023,0.0
S2,3,b1s2-c15000-s1000-1499.fixed_heuristic_every2,fixed_heuristic_every2,15000,CriticalFault,500,0.35,0.477447,0.65,0.477447,0.0,0.0,0.0,0.0,0.0,0.0,125,375,0,0,0,18854.78,2358.570791,21233.658,6070.104918,0.294
S2,3,b1s2-c15000-s1000-1499.fixed_heuristic_every2,fixed_heuristic_every2,15000,QuietUrgent,500,0.284,0.451388,0.716,0.451388,0.0,0.0,0.0,0.0,0.0,0.0,142,358,0,0,0,18766.912,1712.438061,20692.764,5304.279228,0.0
S2,3,b1s2-c15000-s1000-1499.fixed_heuristic_every2,fixed_heuristic_every2,15000,Duplicates,500,0.278,0.448462,0.0,0.0,0.0,0.0,0.0,0.0,0.0,0.0,136,364,0,0,0,18877.65,1751.402418,22627.764,7771.156028,0.04
S2,3,b1s2-c15000-s1000-1499.fixed_heuristic_every2,fixed_heuristic_every2,15000,FeedbackBait,500,0.346,0.47617,0.0,0.0,0.0,0.0,0.0,0.0,0.0,0.0,62,438,0,0,0,19551.738,1588.693395,22327.834,5405.030694,0.518
S2,3,b1s2-c15000-s1000-1499.fixed_heuristic_every2,fixed_heuristic_every2,15000,StaleMemory,500,0.352,0.478072,0.0,0.0,0.0,0.0,0.0,0.0,0.0,0.0,69,431,0,0,0,19493.236,1633.746628,22492.65,26584.168515,0.554
S2,3,b1s2-c15000-s1000-1499.fixed_heuristic_every2,fixed_heuristic_every2,15000,ComponentTimeout,500,0.25,0.433446,0.0,0.0,0.0,0.0,0.158,0.365106,0.0,0.0,178,322,0,0,0,17107.152,3860.354082,18168.422,6588.156018,0.034
S2,3,b1s2-c15000-s1000-1499.fixed_heuristic_every4,fixed_heuristic_every4,15000,Ambiguous,500,0.904,0.294886,0.0,0.0,0.0,0.0,0.0,0.0,0.0,0.0,291,209,0,0,0,21261.118,4250.118363,27373.21,9510.548003,1.574
S2,3,b1s2-c15000-s1000-1499.fixed_heuristic_every4,fixed_heuristic_every4,15000,DelayedConfigChange,500,1.0,0.0,0.0,0.0,0.0,0.0,0.0,0.0,0.0,0.0,500,0,0,0,0,2859.828,757.137086,3870.246,2434.815249,0.0
S2,3,b1s2-c15000-s1000-1499.fixed_heuristic_every4,fixed_heuristic_every4,15000,NoiseFlood,500,0.886,0.31813,0.0,0.0,0.0,0.0,0.0,0.0,0.0,0.0,437,63,0,0,0,18729.278,4558.823551,20498.906,6786.135781,0.066
S2,3,b1s2-c15000-s1000-1499.fixed_heuristic_every4,fixed_heuristic_every4,15000,JointlyDecisive,500,0.588,0.492688,0.0,0.0,0.0,0.0,0.0,0.0,0.0,0.0,0,500,0,0,0,23866.944,1319.756334,27584.624,6612.617922,0.07
S2,3,b1s2-c15000-s1000-1499.fixed_heuristic_every4,fixed_heuristic_every4,15000,NoFault,500,1.0,0.0,0.0,0.0,0.0,0.0,0.0,0.0,0.0,0.0,47,453,0,0,0,25358.522,490.310394,25014.384,4200.855615,0.0
S2,3,b1s2-c15000-s1000-1499.fixed_heuristic_every4,fixed_heuristic_every4,15000,CriticalFault,500,0.926,0.262033,0.074,0.262033,0.0,0.0,0.0,0.0,0.0,0.0,370,130,0,0,0,19639.284,4922.729527,22510.58,9095.003684,0.862
S2,3,b1s2-c15000-s1000-1499.fixed_heuristic_every4,fixed_heuristic_every4,15000,QuietUrgent,500,0.898,0.302951,0.102,0.302951,0.0,0.0,0.0,0.0,0.0,0.0,449,51,0,0,0,18546.03,4582.159239,19580.956,6495.206131,0.0
S2,3,b1s2-c15000-s1000-1499.fixed_heuristic_every4,fixed_heuristic_every4,15000,Duplicates,500,0.836,0.370646,0.0,0.0,0.0,0.0,0.0,0.0,0.0,0.0,414,86,0,0,0,18623.458,4495.322986,21498.354,7101.140365,0.066
S2,3,b1s2-c15000-s1000-1499.fixed_heuristic_every4,fixed_heuristic_every4,15000,FeedbackBait,500,0.896,0.305566,0.0,0.0,0.0,0.0,0.0,0.0,0.0,0.0,286,214,0,0,0,21422.722,4209.036632,25183.318,7160.280799,1.564
S2,3,b1s2-c15000-s1000-1499.fixed_heuristic_every4,fixed_heuristic_every4,15000,StaleMemory,500,0.904,0.294886,0.0,0.0,0.0,0.0,0.0,0.0,0.0,0.0,291,209,0,0,0,21261.118,4250.118363,24012.56,6157.499237,1.574
S2,3,b1s2-c15000-s1000-1499.fixed_heuristic_every4,fixed_heuristic_every4,15000,ComponentTimeout,500,0.708,0.455138,0.0,0.0,0.0,0.0,0.13,0.33664,0.0,0.0,416,84,0,0,0,17328.792,4607.011289,18033.994,9095.802182,0.036
S2,3,b1s2-c15000-s1000-1499.fixed_heuristic_every8,fixed_heuristic_every8,15000,Ambiguous,500,1.0,0.0,0.0,0.0,0.0,0.0,0.0,0.0,0.0,0.0,490,10,0,0,0,19673.374,4250.748422,25992.476,36488.586307,1.976
S2,3,b1s2-c15000-s1000-1499.fixed_heuristic_every8,fixed_heuristic_every8,15000,DelayedConfigChange,500,1.0,0.0,0.0,0.0,0.0,0.0,0.0,0.0,0.0,0.0,500,0,0,0,0,3478.31,4.379527,4040.156,2640.342515,0.0
S2,3,b1s2-c15000-s1000-1499.fixed_heuristic_every8,fixed_heuristic_every8,15000,NoiseFlood,500,0.996,0.063182,0.0,0.0,0.0,0.0,0.0,0.0,0.0,0.0,495,5,0,0,0,15907.126,3899.295133,17178.968,7148.108416,0.07
S2,3,b1s2-c15000-s1000-1499.fixed_heuristic_every8,fixed_heuristic_every8,15000,JointlyDecisive,500,0.616,0.486845,0.0,0.0,0.0,0.0,0.0,0.0,0.0,0.0,29,471,0,0,0,26070.29,1457.729319,28340.22,7926.253989,0.058
S2,3,b1s2-c15000-s1000-1499.fixed_heuristic_every8,fixed_heuristic_every8,15000,NoFault,500,1.0,0.0,0.0,0.0,0.0,0.0,0.0,0.0,0.0,0.0,500,0,0,0,0,23513.92,803.341572,21491.0,3426.759801,0.0
S2,3,b1s2-c15000-s1000-1499.fixed_heuristic_every8,fixed_heuristic_every8,15000,CriticalFault,500,0.998,0.044721,0.002,0.044721,0.0,0.0,0.0,0.0,0.0,0.0,496,4,0,0,0,17629.418,4669.864407,19441.402,7181.571835,1.062
S2,3,b1s2-c15000-s1000-1499.fixed_heuristic_every8,fixed_heuristic_every8,15000,QuietUrgent,500,1.0,0.0,0.0,0.0,0.0,0.0,0.0,0.0,0.0,0.0,500,0,0,0,0,15715.228,3812.436174,16024.094,5294.045282,0.0
S2,3,b1s2-c15000-s1000-1499.fixed_heuristic_every8,fixed_heuristic_every8,15000,Duplicates,500,0.996,0.063182,0.0,0.0,0.0,0.0,0.0,0.0,0.0,0.0,494,6,0,0,0,15940.562,3931.42087,18217.544,8200.884129,0.07
S2,3,b1s2-c15000-s1000-1499.fixed_heuristic_every8,fixed_heuristic_every8,15000,FeedbackBait,500,1.0,0.0,0.0,0.0,0.0,0.0,0.0,0.0,0.0,0.0,488,12,0,0,0,19757.802,4240.021484,22941.042,6990.703268,1.976
S2,3,b1s2-c15000-s1000-1499.fixed_heuristic_every8,fixed_heuristic_every8,15000,StaleMemory,500,1.0,0.0,0.0,0.0,0.0,0.0,0.0,0.0,0.0,0.0,490,10,0,0,0,19673.374,4250.748422,21788.446,6152.083944,1.976
S2,3,b1s2-c15000-s1000-1499.fixed_heuristic_every8,fixed_heuristic_every8,15000,ComponentTimeout,500,0.794,0.404836,0.0,0.0,0.0,0.0,0.124,0.329912,0.0,0.0,463,37,0,0,0,15764.216,3731.736804,15788.588,10409.070907,0.056
S2,3,b1s2-c15000-s1000-1499.fixed_heuristic_every16,fixed_heuristic_every16,15000,Ambiguous,500,0.942,0.233978,0.0,0.0,0.0,0.0,0.0,0.0,0.0,0.0,500,0,0,0,0,18800.732,3165.568931,21792.454,6528.949349,1.856
S2,3,b1s2-c15000-s1000-1499.fixed_heuristic_every16,fixed_heuristic_every16,15000,DelayedConfigChange,500,1.0,0.0,0.0,0.0,0.0,0.0,0.0,0.0,0.0,0.0,500,0,0,0,0,5729.162,5.285416,5660.796,2760.381191,0.0
S2,3,b1s2-c15000-s1000-1499.fixed_heuristic_every16,fixed_heuristic_every16,15000,NoiseFlood,500,0.938,0.241397,0.0,0.0,0.0,0.0,0.0,0.0,0.0,0.0,497,3,0,0,0,14931.33,3168.477962,15528.342,6744.754017,0.04
S2,3,b1s2-c15000-s1000-1499.fixed_heuristic_every16,fixed_heuristic_every16,15000,JointlyDecisive,500,0.578,0.494373,0.0,0.0,0.0,0.0,0.0,0.0,0.0,0.0,29,471,0,0,0,27452.998,2314.662311,27507.052,6296.499742,0.028
S2,3,b1s2-c15000-s1000-1499.fixed_heuristic_every16,fixed_heuristic_every16,15000,NoFault,500,1.0,0.0,0.0,0.0,0.0,0.0,0.0,0.0,0.0,0.0,500,0,0,0,0,20382.218,427.213977,17471.854,4312.349924,0.0
S2,3,b1s2-c15000-s1000-1499.fixed_heuristic_every16,fixed_heuristic_every16,15000,CriticalFault,500,0.94,0.237725,0.06,0.237725,0.0,0.0,0.0,0.0,0.0,0.0,499,1,0,0,0,16865.172,3838.067182,17256.306,5968.313391,1.0
S2,3,b1s2-c15000-s1000-1499.fixed_heuristic_every16,fixed_heuristic_every16,15000,QuietUrgent,500,0.942,0.233978,0.058,0.233978,0.0,0.0,0.0,0.0,0.0,0.0,500,0,0,0,0,14811.838,3091.805895,13760.604,5538.892569,0.0
S2,3,b1s2-c15000-s1000-1499.fixed_heuristic_every16,fixed_heuristic_every16,15000,Duplicates,500,0.938,0.241397,0.0,0.0,0.0,0.0,0.0,0.0,0.0,0.0,497,3,0,0,0,14979.08,3173.92967,15756.8,5600.458735,0.04
S2,3,b1s2-c15000-s1000-1499.fixed_heuristic_every16,fixed_heuristic_every16,15000,FeedbackBait,500,0.942,0.233978,0.0,0.0,0.0,0.0,0.0,0.0,0.0,0.0,500,0,0,0,0,18858.538,3162.540525,20910.004,6396.29248,1.856
S2,3,b1s2-c15000-s1000-1499.fixed_heuristic_every16,fixed_heuristic_every16,15000,StaleMemory,500,0.942,0.233978,0.0,0.0,0.0,0.0,0.0,0.0,0.0,0.0,500,0,0,0,0,18800.732,3165.568931,20275.816,6857.635125,1.856
S2,3,b1s2-c15000-s1000-1499.fixed_heuristic_every16,fixed_heuristic_every16,15000,ComponentTimeout,500,0.796,0.403373,0.0,0.0,0.0,0.0,0.122,0.327614,0.0,0.0,487,13,0,0,0,15120.292,3086.468074,13793.276,4561.824002,0.034
S2,3,b1s2-c15000-s1000-1499.fixed_estimator_only,fixed_estimator_only,15000,Ambiguous,500,0.0,0.0,0.0,0.0,0.0,0.0,0.0,0.0,0.0,0.0,0,500,0,0,0,16150.19,1156.241542,24071.778,6901.446148,0.0
S2,3,b1s2-c15000-s1000-1499.fixed_estimator_only,fixed_estimator_only,15000,DelayedConfigChange,500,0.814,0.389496,0.0,0.0,0.0,0.0,0.0,0.0,0.0,0.0,407,93,0,0,0,11384.464,3734.627905,17374.274,7165.004616,0.0
S2,3,b1s2-c15000-s1000-1499.fixed_estimator_only,fixed_estimator_only,15000,NoiseFlood,500,0.0,0.0,0.0,0.0,0.0,0.0,0.0,0.0,0.0,0.0,0,500,0,0,0,16132.206,1129.293655,23773.442,11456.866752,0.0
S2,3,b1s2-c15000-s1000-1499.fixed_estimator_only,fixed_estimator_only,15000,JointlyDecisive,500,0.0,0.0,0.0,0.0,0.0,0.0,0.0,0.0,0.0,0.0,0,500,0,0,0,16144.422,1146.768491,23020.024,6456.593117,0.0
S2,3,b1s2-c15000-s1000-1499.fixed_estimator_only,fixed_estimator_only,15000,NoFault,500,1.0,0.0,0.0,0.0,0.0,0.0,0.0,0.0,0.0,0.0,0,500,0,0,0,16149.968,1153.612437,22632.17,5400.63965,0.0
S2,3,b1s2-c15000-s1000-1499.fixed_estimator_only,fixed_estimator_only,15000,CriticalFault,500,0.0,0.0,1.0,0.0,0.0,0.0,0.0,0.0,0.0,0.0,0,500,0,0,0,16157.096,1161.712611,22026.532,4157.135544,0.0
S2,3,b1s2-c15000-s1000-1499.fixed_estimator_only,fixed_estimator_only,15000,QuietUrgent,500,0.0,0.0,1.0,0.0,0.0,0.0,0.0,0.0,0.0,0.0,0,500,0,0,0,16148.128,1146.781223,22386.188,4732.728041,0.0
S2,3,b1s2-c15000-s1000-1499.fixed_estimator_only,fixed_estimator_only,15000,Duplicates,500,0.0,0.0,0.0,0.0,0.0,0.0,0.0,0.0,0.0,0.0,0,500,0,0,0,16141.078,1148.559235,23149.24,4833.375039,0.0
S2,3,b1s2-c15000-s1000-1499.fixed_estimator_only,fixed_estimator_only,15000,FeedbackBait,500,0.0,0.0,0.0,0.0,0.0,0.0,0.0,0.0,0.0,0.0,0,500,0,0,0,16143.914,1147.290349,22452.93,6468.274037,0.0
S2,3,b1s2-c15000-s1000-1499.fixed_estimator_only,fixed_estimator_only,15000,StaleMemory,500,0.0,0.0,0.0,0.0,0.0,0.0,0.0,0.0,0.0,0.0,0,500,0,0,0,16150.19,1156.241542,23469.048,43257.752856,0.0
S2,3,b1s2-c15000-s1000-1499.fixed_estimator_only,fixed_estimator_only,15000,ComponentTimeout,500,0.0,0.0,0.0,0.0,0.0,0.0,0.128,0.334424,0.0,0.0,5,495,0,0,0,14904.452,3963.056328,19732.422,7336.485654,0.0
S2,3,b1s2-c15000-s1000-1499.all_components,all_components,15000,Ambiguous,500,0.0,0.0,0.0,0.0,0.0,0.0,0.0,0.0,0.0,0.0,0,500,0,0,0,22439.33,2679.257317,35002.06,35787.768196,0.0
S2,3,b1s2-c15000-s1000-1499.all_components,all_components,15000,DelayedConfigChange,500,0.072,0.258747,0.0,0.0,0.0,0.0,0.0,0.0,0.0,0.0,36,464,0,0,0,22064.728,2974.205218,31514.122,13351.712325,0.0
S2,3,b1s2-c15000-s1000-1499.all_components,all_components,15000,NoiseFlood,500,0.0,0.0,0.0,0.0,0.0,0.0,0.0,0.0,0.0,0.0,0,500,0,0,0,22528.068,2680.48621,31820.414,8353.713125,0.0
S2,3,b1s2-c15000-s1000-1499.all_components,all_components,15000,JointlyDecisive,500,0.0,0.0,0.0,0.0,0.0,0.0,0.0,0.0,0.0,0.0,0,500,0,0,0,22447.544,2684.993212,31846.066,7795.107942,0.0
S2,3,b1s2-c15000-s1000-1499.all_components,all_components,15000,NoFault,500,1.0,0.0,0.0,0.0,0.0,0.0,0.0,0.0,0.0,0.0,0,500,0,0,0,22445.272,2686.289773,30874.888,6256.308802,0.0
S2,3,b1s2-c15000-s1000-1499.all_components,all_components,15000,CriticalFault,500,0.0,0.0,1.0,0.0,0.0,0.0,0.0,0.0,0.0,0.0,0,500,0,0,0,22459.69,2692.146611,30910.212,7907.891561,0.0
S2,3,b1s2-c15000-s1000-1499.all_components,all_components,15000,QuietUrgent,500,0.0,0.0,1.0,0.0,0.0,0.0,0.0,0.0,0.0,0.0,0,500,0,0,0,22528.714,2677.45304,30818.83,10799.99355,0.0
S2,3,b1s2-c15000-s1000-1499.all_components,all_components,15000,Duplicates,500,0.0,0.0,0.0,0.0,0.0,0.0,0.0,0.0,0.0,0.0,0,500,0,0,0,22536.62,2696.358485,32869.698,8177.236741,0.0
S2,3,b1s2-c15000-s1000-1499.all_components,all_components,15000,FeedbackBait,500,0.0,0.0,0.0,0.0,0.0,0.0,0.0,0.0,0.0,0.0,0,500,0,0,0,22438.57,2677.155619,31135.004,8010.233149,0.0
S2,3,b1s2-c15000-s1000-1499.all_components,all_components,15000,StaleMemory,500,0.0,0.0,0.0,0.0,0.0,0.0,0.0,0.0,0.0,0.0,0,500,0,0,0,22439.33,2679.257317,29623.462,5526.420758,0.0
S2,3,b1s2-c15000-s1000-1499.all_components,all_components,15000,ComponentTimeout,500,0.0,0.0,0.0,0.0,0.0,0.0,0.01,0.099598,0.0,0.0,0,500,0,0,0,17848.542,5947.543665,25100.636,11530.049194,0.0
S2,3,b1s2-c15000-s1000-1499.random_p025,random_p025,15000,Ambiguous,500,0.002,0.044721,0.0,0.0,0.0,0.0,0.0,0.0,0.0,0.0,0,500,0,0,0,24154.124,3584.740976,36501.614,10843.977007,0.002
S2,3,b1s2-c15000-s1000-1499.random_p025,random_p025,15000,DelayedConfigChange,500,0.526,0.499824,0.0,0.0,0.0,0.0,0.0,0.0,0.0,0.0,263,237,0,0,0,16836.918,8939.667863,25802.588,21142.271145,0.0
S2,3,b1s2-c15000-s1000-1499.random_p025,random_p025,15000,NoiseFlood,500,0.002,0.044721,0.0,0.0,0.0,0.0,0.0,0.0,0.0,0.0,1,499,0,0,0,24058.49,3555.610525,34217.936,8950.886912,0.0
S2,3,b1s2-c15000-s1000-1499.random_p025,random_p025,15000,JointlyDecisive,500,0.002,0.044721,0.0,0.0,0.0,0.0,0.0,0.0,0.0,0.0,0,500,0,0,0,24090.132,3574.863137,34491.888,8544.507744,0.0
S2,3,b1s2-c15000-s1000-1499.random_p025,random_p025,15000,NoFault,500,1.0,0.0,0.0,0.0,0.0,0.0,0.0,0.0,0.0,0.0,0,500,0,0,0,24048.242,3568.848184,34947.492,14781.13678,0.0
S2,3,b1s2-c15000-s1000-1499.random_p025,random_p025,15000,CriticalFault,500,0.002,0.044721,0.998,0.044721,0.0,0.0,0.0,0.0,0.0,0.0,0,500,0,0,0,24132.632,3611.971595,33861.932,17355.31583,0.002
S2,3,b1s2-c15000-s1000-1499.random_p025,random_p025,15000,QuietUrgent,500,0.002,0.044721,0.998,0.044721,0.0,0.0,0.0,0.0,0.0,0.0,1,499,0,0,0,24051.246,3582.165704,33079.532,7914.436208,0.0
S2,3,b1s2-c15000-s1000-1499.random_p025,random_p025,15000,Duplicates,500,0.002,0.044721,0.0,0.0,0.0,0.0,0.0,0.0,0.0,0.0,1,499,0,0,0,24074.918,3594.875804,35323.028,9350.317682,0.0
S2,3,b1s2-c15000-s1000-1499.random_p025,random_p025,15000,FeedbackBait,500,0.002,0.044721,0.0,0.0,0.0,0.0,0.0,0.0,0.0,0.0,0,500,0,0,0,24064.42,3560.347612,33390.09,8553.939039,0.002
S2,3,b1s2-c15000-s1000-1499.random_p025,random_p025,15000,StaleMemory,500,0.002,0.044721,0.0,0.0,0.0,0.0,0.0,0.0,0.0,0.0,0,500,0,0,0,24154.124,3584.740976,31885.886,5257.19901,0.002
S2,3,b1s2-c15000-s1000-1499.random_p025,random_p025,15000,ComponentTimeout,500,0.002,0.044721,0.0,0.0,0.0,0.0,0.006,0.077304,0.0,0.0,1,499,0,0,0,19887.072,6352.425594,28306.78,12438.447911,0.0
S2,3,b1s2-c15000-s1000-1499.oracle_evidence_privileged,oracle_evidence_privileged,15000,Ambiguous,500,1.0,0.0,0.0,0.0,0.0,0.0,0.0,0.0,0.0,0.0,500,0,0,0,0,0.0,0.0,25681.808,10418.992737,1.0
S2,3,b1s2-c15000-s1000-1499.oracle_evidence_privileged,oracle_evidence_privileged,15000,DelayedConfigChange,500,1.0,0.0,0.0,0.0,0.0,0.0,0.0,0.0,0.0,0.0,500,0,0,0,0,0.0,0.0,24485.42,10627.117793,1.0
S2,3,b1s2-c15000-s1000-1499.oracle_evidence_privileged,oracle_evidence_privileged,15000,NoiseFlood,500,1.0,0.0,0.0,0.0,0.0,0.0,0.0,0.0,0.0,0.0,500,0,0,0,0,0.0,0.0,42627.692,38709.162367,2.156
S2,3,b1s2-c15000-s1000-1499.oracle_evidence_privileged,oracle_evidence_privileged,15000,JointlyDecisive,500,1.0,0.0,0.0,0.0,0.0,0.0,0.0,0.0,0.0,0.0,500,0,0,0,0,0.0,0.0,68641.762,26290.094898,4.464
S2,3,b1s2-c15000-s1000-1499.oracle_evidence_privileged,oracle_evidence_privileged,15000,NoFault,500,1.0,0.0,0.0,0.0,0.0,0.0,0.0,0.0,0.0,0.0,500,0,0,0,0,0.0,0.0,155117.872,104539.665472,8.126
S2,3,b1s2-c15000-s1000-1499.oracle_evidence_privileged,oracle_evidence_privileged,15000,CriticalFault,500,1.0,0.0,0.0,0.0,0.0,0.0,0.0,0.0,0.0,0.0,500,0,0,0,0,0.0,0.0,31672.182,22615.015939,1.516
S2,3,b1s2-c15000-s1000-1499.oracle_evidence_privileged,oracle_evidence_privileged,15000,QuietUrgent,500,1.0,0.0,0.0,0.0,0.0,0.0,0.0,0.0,0.0,0.0,500,0,0,0,0,0.0,0.0,39857.9,26179.817005,2.156
S2,3,b1s2-c15000-s1000-1499.oracle_evidence_privileged,oracle_evidence_privileged,15000,Duplicates,500,1.0,0.0,0.0,0.0,0.0,0.0,0.0,0.0,0.0,0.0,500,0,0,0,0,0.0,0.0,41710.33,27229.191276,2.156
S2,3,b1s2-c15000-s1000-1499.oracle_evidence_privileged,oracle_evidence_privileged,15000,FeedbackBait,500,1.0,0.0,0.0,0.0,0.0,0.0,0.0,0.0,0.0,0.0,500,0,0,0,0,0.0,0.0,24753.36,12127.521083,1.0
S2,3,b1s2-c15000-s1000-1499.oracle_evidence_privileged,oracle_evidence_privileged,15000,StaleMemory,500,1.0,0.0,0.0,0.0,0.0,0.0,0.0,0.0,0.0,0.0,500,0,0,0,0,0.0,0.0,23211.22,9139.776178,1.0
S2,3,b1s2-c15000-s1000-1499.oracle_evidence_privileged,oracle_evidence_privileged,15000,ComponentTimeout,500,1.0,0.0,0.0,0.0,0.0,0.0,0.0,0.0,0.0,0.0,500,0,0,0,0,0.0,0.0,39475.124,26671.325245,2.156
S2,3,b1s2-c20000-s1000-1499.heuristic_only,heuristic_only,20000,Ambiguous,500,0.13,0.33664,0.0,0.0,0.0,0.0,0.002,0.044721,0.0,0.0,30,470,0,0,0,21037.954,1416.09423,23104.054,5859.101976,0.2
S2,3,b1s2-c20000-s1000-1499.heuristic_only,heuristic_only,20000,DelayedConfigChange,500,1.0,0.0,0.0,0.0,0.0,0.0,0.0,0.0,0.0,0.0,500,0,0,0,0,2879.982,1365.901883,3897.554,1973.326273,0.0
S2,3,b1s2-c20000-s1000-1499.heuristic_only,heuristic_only,20000,NoiseFlood,500,0.044,0.205301,0.0,0.0,0.0,0.0,0.0,0.0,0.0,0.0,20,480,0,0,0,21445.338,801.01559,24141.618,7459.518951,0.008
S2,3,b1s2-c20000-s1000-1499.heuristic_only,heuristic_only,20000,JointlyDecisive,500,0.06,0.237725,0.0,0.0,0.0,0.0,0.0,0.0,0.0,0.0,0,500,0,0,0,21283.226,780.872742,24391.75,6455.769837,0.02
S2,3,b1s2-c20000-s1000-1499.heuristic_only,heuristic_only,20000,NoFault,500,1.0,0.0,0.0,0.0,0.0,0.0,0.0,0.0,0.0,0.0,0,500,0,0,0,21134.616,836.021366,22690.674,5375.075475,0.0
S2,3,b1s2-c20000-s1000-1499.heuristic_only,heuristic_only,20000,CriticalFault,500,0.13,0.33664,0.87,0.33664,0.0,0.0,0.0,0.0,0.0,0.0,49,451,0,0,0,20815.352,2080.708054,28339.742,60399.014173,0.114
S2,3,b1s2-c20000-s1000-1499.heuristic_only,heuristic_only,20000,QuietUrgent,500,0.044,0.205301,0.956,0.205301,0.0,0.0,0.0,0.0,0.0,0.0,22,478,0,0,0,21428.456,992.453445,24081.18,5584.899202,0.0
S2,3,b1s2-c20000-s1000-1499.heuristic_only,heuristic_only,20000,Duplicates,500,0.046,0.209695,0.0,0.0,0.0,0.0,0.0,0.0,0.0,0.0,22,478,0,0,0,21355.176,1206.638679,24320.352,5266.505992,0.01
S2,3,b1s2-c20000-s1000-1499.heuristic_only,heuristic_only,20000,FeedbackBait,500,0.116,0.320546,0.0,0.0,0.0,0.0,0.0,0.0,0.0,0.0,22,478,0,0,0,21151.796,1339.591839,22884.218,5407.947092,0.168
S2,3,b1s2-c20000-s1000-1499.heuristic_only,heuristic_only,20000,StaleMemory,500,0.13,0.33664,0.0,0.0,0.0,0.0,0.002,0.044721,0.0,0.0,30,470,0,0,0,21037.954,1416.09423,23199.276,5190.609791,0.2
S2,3,b1s2-c20000-s1000-1499.heuristic_only,heuristic_only,20000,ComponentTimeout,500,0.078,0.26844,0.0,0.0,0.0,0.0,0.184,0.387872,0.0,0.0,38,462,0,0,0,18491.192,4592.5569,21343.118,12020.750333,0.016
S2,3,b1s2-c20000-s1000-1499.fixed_heuristic_every2,fixed_heuristic_every2,20000,Ambiguous,500,0.63,0.483288,0.0,0.0,0.0,0.0,0.0,0.0,0.0,0.0,198,302,0,0,0,24060.552,3767.287581,27603.492,6685.715206,1.106
S2,3,b1s2-c20000-s1000-1499.fixed_heuristic_every2,fixed_heuristic_every2,20000,DelayedConfigChange,500,1.0,0.0,0.0,0.0,0.0,0.0,0.0,0.0,0.0,0.0,500,0,0,0,0,2647.56,841.196232,3512.036,2052.784786,0.0
S2,3,b1s2-c20000-s1000-1499.fixed_heuristic_every2,fixed_heuristic_every2,20000,NoiseFlood,500,0.534,0.499342,0.0,0.0,0.0,0.0,0.0,0.0,0.0,0.0,262,238,0,0,0,22701.878,3974.751689,26379.62,22177.975467,0.082
S2,3,b1s2-c20000-s1000-1499.fixed_heuristic_every2,fixed_heuristic_every2,20000,JointlyDecisive,500,0.37,0.483288,0.0,0.0,0.0,0.0,0.0,0.0,0.0,0.0,0,500,0,0,0,26112.612,600.660276,30935.85,8461.826824,0.096
S2,3,b1s2-c20000-s1000-1499.fixed_heuristic_every2,fixed_heuristic_every2,20000,NoFault,500,1.0,0.0,0.0,0.0,0.0,0.0,0.0,0.0,0.0,0.0,1,499,0,0,0,26180.594,433.617594,27412.962,4621.980425,0.0
S2,3,b1s2-c20000-s1000-1499.fixed_heuristic_every2,fixed_heuristic_every2,20000,CriticalFault,500,0.616,0.486845,0.384,0.486845,0.0,0.0,0.0,0.0,0.0,0.0,249,251,0,0,0,22898.202,4695.082785,28654.386,10854.251971,0.606
S2,3,b1s2-c20000-s1000-1499.fixed_heuristic_every2,fixed_heuristic_every2,20000,QuietUrgent,500,0.556,0.497352,0.444,0.497352,0.0,0.0,0.0,0.0,0.0,0.0,278,222,0,0,0,22469.69,4114.407317,24715.898,8068.070602,0.0
S2,3,b1s2-c20000-s1000-1499.fixed_heuristic_every2,fixed_heuristic_every2,20000,Duplicates,500,0.55,0.497992,0.0,0.0,0.0,0.0,0.0,0.0,0.0,0.0,272,228,0,0,0,22524.844,4041.819983,26271.378,7893.788635,0.08
S2,3,b1s2-c20000-s1000-1499.fixed_heuristic_every2,fixed_heuristic_every2,20000,FeedbackBait,500,0.614,0.487318,0.0,0.0,0.0,0.0,0.0,0.0,0.0,0.0,184,316,0,0,0,24231.578,3616.773534,29296.592,30892.042582,1.068
S2,3,b1s2-c20000-s1000-1499.fixed_heuristic_every2,fixed_heuristic_every2,20000,StaleMemory,500,0.63,0.483288,0.0,0.0,0.0,0.0,0.0,0.0,0.0,0.0,198,302,0,0,0,24060.552,3767.287581,27498.764,7400.952222,1.106
S2,3,b1s2-c20000-s1000-1499.fixed_heuristic_every2,fixed_heuristic_every2,20000,ComponentTimeout,500,0.446,0.497573,0.0,0.0,0.0,0.0,0.136,0.343132,0.0,0.0,284,216,0,0,0,19978.356,5622.255229,23367.402,11689.011745,0.062
S2,3,b1s2-c20000-s1000-1499.fixed_heuristic_every4,fixed_heuristic_every4,20000,Ambiguous,500,1.0,0.0,0.0,0.0,0.0,0.0,0.0,0.0,0.0,0.0,463,37,0,0,0,22010.992,5183.975513,25484.636,7669.339104,1.964
S2,3,b1s2-c20000-s1000-1499.fixed_heuristic_every4,fixed_heuristic_every4,20000,DelayedConfigChange,500,1.0,0.0,0.0,0.0,0.0,0.0,0.0,0.0,0.0,0.0,500,0,0,0,0,2859.828,757.137086,3479.242,1575.185309,0.0
S2,3,b1s2-c20000-s1000-1499.fixed_heuristic_every4,fixed_heuristic_every4,20000,NoiseFlood,500,1.0,0.0,0.0,0.0,0.0,0.0,0.0,0.0,0.0,0.0,497,3,0,0,0,18845.058,4747.660025,20772.304,7304.254066,0.092
S2,3,b1s2-c20000-s1000-1499.fixed_heuristic_every4,fixed_heuristic_every4,20000,JointlyDecisive,500,0.616,0.486845,0.0,0.0,0.0,0.0,0.0,0.0,0.0,0.0,0,500,0,0,0,29925.358,1346.522585,33783.652,8295.231034,0.082
S2,3,b1s2-c20000-s1000-1499.fixed_heuristic_every4,fixed_heuristic_every4,20000,NoFault,500,1.0,0.0,0.0,0.0,0.0,0.0,0.0,0.0,0.0,0.0,500,0,0,0,0,29536.976,1497.310472,29052.096,8250.410087,0.0
S2,3,b1s2-c20000-s1000-1499.fixed_heuristic_every4,fixed_heuristic_every4,20000,CriticalFault,500,1.0,0.0,0.0,0.0,0.0,0.0,0.0,0.0,0.0,0.0,482,18,0,0,0,20068.258,5525.07995,25214.786,10578.204053,1.078
S2,3,b1s2-c20000-s1000-1499.fixed_heuristic_every4,fixed_heuristic_every4,20000,QuietUrgent,500,1.0,0.0,0.0,0.0,0.0,0.0,0.0,0.0,0.0,0.0,500,0,0,0,0,18590.18,4655.164871,20250.464,13734.945101,0.0
S2,3,b1s2-c20000-s1000-1499.fixed_heuristic_every4,fixed_heuristic_every4,20000,Duplicates,500,0.998,0.044721,0.0,0.0,0.0,0.0,0.0,0.0,0.0,0.0,497,3,0,0,0,18874.252,4864.269193,22225.91,12025.689235,0.09
S2,3,b1s2-c20000-s1000-1499.fixed_heuristic_every4,fixed_heuristic_every4,20000,FeedbackBait,500,1.0,0.0,0.0,0.0,0.0,0.0,0.0,0.0,0.0,0.0,466,34,0,0,0,22170.32,5118.201948,27191.842,24563.874869,1.966
S2,3,b1s2-c20000-s1000-1499.fixed_heuristic_every4,fixed_heuristic_every4,20000,StaleMemory,500,1.0,0.0,0.0,0.0,0.0,0.0,0.0,0.0,0.0,0.0,463,37,0,0,0,22010.992,5183.975513,25792.154,8366.886116,1.964
S2,3,b1s2-c20000-s1000-1499.fixed_heuristic_every4,fixed_heuristic_every4,20000,ComponentTimeout,500,0.772,0.419963,0.0,0.0,0.0,0.0,0.124,0.329912,0.0,0.0,449,51,0,0,0,17703.984,4666.691058,19405.856,8513.500781,0.058
S2,3,b1s2-c20000-s1000-1499.fixed_heuristic_every8,fixed_heuristic_every8,20000,Ambiguous,500,1.0,0.0,0.0,0.0,0.0,0.0,0.0,0.0,0.0,0.0,500,0,0,0,0,19673.374,4250.748422,21981.256,6136.958025,1.976
S2,3,b1s2-c20000-s1000-1499.fixed_heuristic_every8,fixed_heuristic_every8,20000,DelayedConfigChange,500,1.0,0.0,0.0,0.0,0.0,0.0,0.0,0.0,0.0,0.0,500,0,0,0,0,3478.31,4.379527,3574.354,513.303311,0.0
S2,3,b1s2-c20000-s1000-1499.fixed_heuristic_every8,fixed_heuristic_every8,20000,NoiseFlood,500,0.996,0.063182,0.0,0.0,0.0,0.0,0.0,0.0,0.0,0.0,496,4,0,0,0,15944.788,3987.694236,17110.51,7542.494632,0.07
S2,3,b1s2-c20000-s1000-1499.fixed_heuristic_every8,fixed_heuristic_every8,20000,JointlyDecisive,500,0.616,0.486845,0.0,0.0,0.0,0.0,0.0,0.0,0.0,0.0,32,468,0,0,0,31632.718,1810.372788,33334.272,7886.189177,0.058
S2,3,b1s2-c20000-s1000-1499.fixed_heuristic_every8,fixed_heuristic_every8,20000,NoFault,500,1.0,0.0,0.0,0.0,0.0,0.0,0.0,0.0,0.0,0.0,500,0,0,0,0,23513.92,803.341572,21302.738,3653.496814,0.0
S2,3,b1s2-c20000-s1000-1499.fixed_heuristic_every8,fixed_heuristic_every8,20000,CriticalFault,500,0.998,0.044721,0.002,0.044721,0.0,0.0,0.0,0.0,0.0,0.0,499,1,0,0,0,17637.126,4682.14614,21483.196,9558.857774,1.062
S2,3,b1s2-c20000-s1000-1499.fixed_heuristic_every8,fixed_heuristic_every8,20000,QuietUrgent,500,1.0,0.0,0.0,0.0,0.0,0.0,0.0,0.0,0.0,0.0,500,0,0,0,0,15715.228,3812.436174,15773.968,5011.640227,0.0
S2,3,b1s2-c20000-s1000-1499.fixed_heuristic_every8,fixed_heuristic_every8,20000,Duplicates,500,0.998,0.044721,0.0,0.0,0.0,0.0,0.0,0.0,0.0,0.0,497,3,0,0,0,15977.488,4013.090003,17477.994,6268.041475,0.07
S2,3,b1s2-c20000-s1000-1499.fixed_heuristic_every8,fixed_heuristic_every8,20000,FeedbackBait,500,1.0,0.0,0.0,0.0,0.0,0.0,0.0,0.0,0.0,0.0,500,0,0,0,0,19757.802,4240.021484,22571.238,8719.065618,1.976
S2,3,b1s2-c20000-s1000-1499.fixed_heuristic_every8,fixed_heuristic_every8,20000,StaleMemory,500,1.0,0.0,0.0,0.0,0.0,0.0,0.0,0.0,0.0,0.0,500,0,0,0,0,19673.374,4250.748422,22223.69,7220.888129,1.976
S2,3,b1s2-c20000-s1000-1499.fixed_heuristic_every8,fixed_heuristic_every8,20000,ComponentTimeout,500,0.826,0.379489,0.0,0.0,0.0,0.0,0.122,0.327614,0.0,0.0,484,16,0,0,0,15845.762,3863.036232,16407.068,6337.311522,0.056
S2,3,b1s2-c20000-s1000-1499.fixed_heuristic_every16,fixed_heuristic_every16,20000,Ambiguous,500,0.942,0.233978,0.0,0.0,0.0,0.0,0.0,0.0,0.0,0.0,500,0,0,0,0,18800.732,3165.568931,20378.83,14113.437489,1.856
S2,3,b1s2-c20000-s1000-1499.fixed_heuristic_every16,fixed_heuristic_every16,20000,DelayedConfigChange,500,1.0,0.0,0.0,0.0,0.0,0.0,0.0,0.0,0.0,0.0,500,0,0,0,0,5729.162,5.285416,5335.922,2433.278382,0.0
S2,3,b1s2-c20000-s1000-1499.fixed_heuristic_every16,fixed_heuristic_every16,20000,NoiseFlood,500,0.938,0.241397,0.0,0.0,0.0,0.0,0.0,0.0,0.0,0.0,497,3,0,0,0,14954.454,3245.399196,14261.404,4746.386205,0.04
S2,3,b1s2-c20000-s1000-1499.fixed_heuristic_every16,fixed_heuristic_every16,20000,JointlyDecisive,500,0.578,0.494373,0.0,0.0,0.0,0.0,0.0,0.0,0.0,0.0,284,216,0,0,0,31600.002,2901.130388,31322.246,7952.358798,0.028
S2,3,b1s2-c20000-s1000-1499.fixed_heuristic_every16,fixed_heuristic_every16,20000,NoFault,500,1.0,0.0,0.0,0.0,0.0,0.0,0.0,0.0,0.0,0.0,500,0,0,0,0,20382.218,427.213977,16967.786,2643.973987,0.0
S2,3,b1s2-c20000-s1000-1499.fixed_heuristic_every16,fixed_heuristic_every16,20000,CriticalFault,500,0.94,0.237725,0.06,0.237725,0.0,0.0,0.0,0.0,0.0,0.0,499,1,0,0,0,16872.88,3853.458743,19541.728,9097.071526,1.0
S2,3,b1s2-c20000-s1000-1499.fixed_heuristic_every16,fixed_heuristic_every16,20000,QuietUrgent,500,0.942,0.233978,0.058,0.233978,0.0,0.0,0.0,0.0,0.0,0.0,500,0,0,0,0,14811.838,3091.805895,13809.572,4374.436063,0.0
S2,3,b1s2-c20000-s1000-1499.fixed_heuristic_every16,fixed_heuristic_every16,20000,Duplicates,500,0.938,0.241397,0.0,0.0,0.0,0.0,0.0,0.0,0.0,0.0,497,3,0,0,0,15002.204,3250.673791,15251.596,5199.137742,0.04
S2,3,b1s2-c20000-s1000-1499.fixed_heuristic_every16,fixed_heuristic_every16,20000,FeedbackBait,500,0.942,0.233978,0.0,0.0,0.0,0.0,0.0,0.0,0.0,0.0,500,0,0,0,0,18858.538,3162.540525,20319.592,6159.759431,1.856
S2,3,b1s2-c20000-s1000-1499.fixed_heuristic_every16,fixed_heuristic_every16,20000,StaleMemory,500,0.942,0.233978,0.0,0.0,0.0,0.0,0.0,0.0,0.0,0.0,500,0,0,0,0,18800.732,3165.568931,20133.23,5999.14588,1.856
S2,3,b1s2-c20000-s1000-1499.fixed_heuristic_every16,fixed_heuristic_every16,20000,ComponentTimeout,500,0.828,0.377758,0.0,0.0,0.0,0.0,0.122,0.327614,0.0,0.0,498,2,0,0,0,15114.268,3110.869365,14879.806,6262.929593,0.034
S2,3,b1s2-c20000-s1000-1499.fixed_estimator_only,fixed_estimator_only,20000,Ambiguous,500,0.0,0.0,0.0,0.0,0.0,0.0,0.0,0.0,0.0,0.0,0,500,0,0,0,20531.37,1525.915701,26836.584,4852.384395,0.0
S2,3,b1s2-c20000-s1000-1499.fixed_estimator_only,fixed_estimator_only,20000,DelayedConfigChange,500,1.0,0.0,0.0,0.0,0.0,0.0,0.0,0.0,0.0,0.0,500,0,0,0,0,11608.646,4022.278338,16799.234,7073.288374,0.0
S2,3,b1s2-c20000-s1000-1499.fixed_estimator_only,fixed_estimator_only,20000,NoiseFlood,500,0.0,0.0,0.0,0.0,0.0,0.0,0.0,0.0,0.0,0.0,0,500,0,0,0,20502.9,1504.605769,28100.742,7089.698855,0.0
S2,3,b1s2-c20000-s1000-1499.fixed_estimator_only,fixed_estimator_only,20000,JointlyDecisive,500,0.0,0.0,0.0,0.0,0.0,0.0,0.0,0.0,0.0,0.0,0,500,0,0,0,20531.036,1525.410707,28473.186,7620.882686,0.0
S2,3,b1s2-c20000-s1000-1499.fixed_estimator_only,fixed_estimator_only,20000,NoFault,500,1.0,0.0,0.0,0.0,0.0,0.0,0.0,0.0,0.0,0.0,0,500,0,0,0,20533.532,1526.938169,27188.204,5440.187993,0.0
S2,3,b1s2-c20000-s1000-1499.fixed_estimator_only,fixed_estimator_only,20000,CriticalFault,500,0.0,0.0,1.0,0.0,0.0,0.0,0.0,0.0,0.0,0.0,0,500,0,0,0,20531.274,1524.429169,30624.804,9919.475636,0.0
S2,3,b1s2-c20000-s1000-1499.fixed_estimator_only,fixed_estimator_only,20000,QuietUrgent,500,0.0,0.0,1.0,0.0,0.0,0.0,0.0,0.0,0.0,0.0,0,500,0,0,0,20505.174,1504.353283,28048.474,12438.357776,0.0
S2,3,b1s2-c20000-s1000-1499.fixed_estimator_only,fixed_estimator_only,20000,Duplicates,500,0.0,0.0,0.0,0.0,0.0,0.0,0.0,0.0,0.0,0.0,0,500,0,0,0,20495.636,1502.998358,28118.114,9022.92396,0.0
S2,3,b1s2-c20000-s1000-1499.fixed_estimator_only,fixed_estimator_only,20000,FeedbackBait,500,0.0,0.0,0.0,0.0,0.0,0.0,0.0,0.0,0.0,0.0,0,500,0,0,0,20533.082,1528.005698,29372.948,63371.909799,0.0
S2,3,b1s2-c20000-s1000-1499.fixed_estimator_only,fixed_estimator_only,20000,StaleMemory,500,0.0,0.0,0.0,0.0,0.0,0.0,0.0,0.0,0.0,0.0,0,500,0,0,0,20531.37,1525.915701,26837.892,4773.770379,0.0
S2,3,b1s2-c20000-s1000-1499.fixed_estimator_only,fixed_estimator_only,20000,ComponentTimeout,500,0.0,0.0,0.0,0.0,0.0,0.0,0.124,0.329912,0.0,0.0,11,489,0,0,0,18503.89,4986.409249,26281.082,13986.822718,0.0
S2,3,b1s2-c20000-s1000-1499.all_components,all_components,20000,Ambiguous,500,0.0,0.0,0.0,0.0,0.0,0.0,0.0,0.0,0.0,0.0,0,500,0,0,0,31204.74,4275.217037,39909.112,7662.213763,0.0
S2,3,b1s2-c20000-s1000-1499.all_components,all_components,20000,DelayedConfigChange,500,0.172,0.377758,0.0,0.0,0.0,0.0,0.0,0.0,0.0,0.0,86,414,0,0,0,29637.528,5838.448979,36815.414,8522.939131,0.0
S2,3,b1s2-c20000-s1000-1499.all_components,all_components,20000,NoiseFlood,500,0.0,0.0,0.0,0.0,0.0,0.0,0.0,0.0,0.0,0.0,0,500,0,0,0,31350.132,4209.628709,42539.924,15234.151046,0.0
S2,3,b1s2-c20000-s1000-1499.all_components,all_components,20000,JointlyDecisive,500,0.0,0.0,0.0,0.0,0.0,0.0,0.0,0.0,0.0,0.0,0,500,0,0,0,31197.444,4256.003092,42170.308,9568.645521,0.0
S2,3,b1s2-c20000-s1000-1499.all_components,all_components,20000,NoFault,500,1.0,0.0,0.0,0.0,0.0,0.0,0.0,0.0,0.0,0.0,0,500,0,0,0,31188.328,4249.361981,40662.176,8620.140047,0.0
S2,3,b1s2-c20000-s1000-1499.all_components,all_components,20000,CriticalFault,500,0.0,0.0,1.0,0.0,0.0,0.0,0.0,0.0,0.0,0.0,0,500,0,0,0,31222.966,4270.47604,45057.642,14135.94819,0.0
S2,3,b1s2-c20000-s1000-1499.all_components,all_components,20000,QuietUrgent,500,0.0,0.0,1.0,0.0,0.0,0.0,0.0,0.0,0.0,0.0,0,500,0,0,0,31347.692,4222.018203,41147.022,9566.600337,0.0
S2,3,b1s2-c20000-s1000-1499.all_components,all_components,20000,Duplicates,500,0.0,0.0,0.0,0.0,0.0,0.0,0.0,0.0,0.0,0.0,0,500,0,0,0,31370.102,4233.717773,41935.408,8715.971498,0.0
S2,3,b1s2-c20000-s1000-1499.all_components,all_components,20000,FeedbackBait,500,0.0,0.0,0.0,0.0,0.0,0.0,0.0,0.0,0.0,0.0,0,500,0,0,0,31189.85,4269.213613,40421.636,13247.421411,0.0
S2,3,b1s2-c20000-s1000-1499.all_components,all_components,20000,StaleMemory,500,0.0,0.0,0.0,0.0,0.0,0.0,0.0,0.0,0.0,0.0,0,500,0,0,0,31204.74,4275.217037,40699.492,9765.277446,0.0
S2,3,b1s2-c20000-s1000-1499.all_components,all_components,20000,ComponentTimeout,500,0.0,0.0,0.0,0.0,0.0,0.0,0.006,0.077304,0.0,0.0,0,500,0,0,0,24055.766,8624.486799,35410.96,16785.325369,0.0
S2,3,b1s2-c20000-s1000-1499.random_p025,random_p025,20000,Ambiguous,500,0.002,0.044721,0.0,0.0,0.0,0.0,0.0,0.0,0.0,0.0,1,499,0,0,0,31287.26,4012.798818,41327.776,7066.106118,0.002
S2,3,b1s2-c20000-s1000-1499.random_p025,random_p025,20000,DelayedConfigChange,500,0.676,0.468469,0.0,0.0,0.0,0.0,0.0,0.0,0.0,0.0,338,162,0,0,0,19270.722,11379.707342,26228.77,14804.766637,0.0
S2,3,b1s2-c20000-s1000-1499.random_p025,random_p025,20000,NoiseFlood,500,0.002,0.044721,0.0,0.0,0.0,0.0,0.0,0.0,0.0,0.0,1,499,0,0,0,31253.588,3976.79027,42797.264,11158.489849,0.0
S2,3,b1s2-c20000-s1000-1499.random_p025,random_p025,20000,JointlyDecisive,500,0.002,0.044721,0.0,0.0,0.0,0.0,0.0,0.0,0.0,0.0,0,500,0,0,0,31387.564,4026.549766,43961.106,12328.196566,0.0
S2,3,b1s2-c20000-s1000-1499.random_p025,random_p025,20000,NoFault,500,1.0,0.0,0.0,0.0,0.0,0.0,0.0,0.0,0.0,0.0,0,500,0,0,0,31269.424,4006.590251,41982.202,9652.648669,0.0
S2,3,b1s2-c20000-s1000-1499.random_p025,random_p025,20000,CriticalFault,500,0.002,0.044721,0.998,0.044721,0.0,0.0,0.0,0.0,0.0,0.0,1,499,0,0,0,31328.378,3975.696688,49748.102,72762.627233,0.002
S2,3,b1s2-c20000-s1000-1499.random_p025,random_p025,20000,QuietUrgent,500,0.002,0.044721,0.998,0.044721,0.0,0.0,0.0,0.0,0.0,0.0,1,499,0,0,0,31323.986,4050.123191,42579.79,9506.858016,0.0
S2,3,b1s2-c20000-s1000-1499.random_p025,random_p025,20000,Duplicates,500,0.002,0.044721,0.0,0.0,0.0,0.0,0.0,0.0,0.0,0.0,1,499,0,0,0,31230.126,3976.037588,44527.15,22731.357242,0.0
S2,3,b1s2-c20000-s1000-1499.random_p025,random_p025,20000,FeedbackBait,500,0.002,0.044721,0.0,0.0,0.0,0.0,0.0,0.0,0.0,0.0,1,499,0,0,0,31295.284,3956.646039,42318.49,23525.616552,0.002
S2,3,b1s2-c20000-s1000-1499.random_p025,random_p025,20000,StaleMemory,500,0.002,0.044721,0.0,0.0,0.0,0.0,0.0,0.0,0.0,0.0,1,499,0,0,0,31287.26,4012.798818,41602.198,10013.839443,0.002
S2,3,b1s2-c20000-s1000-1499.random_p025,random_p025,20000,ComponentTimeout,500,0.002,0.044721,0.0,0.0,0.0,0.0,0.002,0.044721,0.0,0.0,1,499,0,0,0,25763.26,8051.386881,39636.416,17408.073562,0.0
S2,3,b1s2-c20000-s1000-1499.oracle_evidence_privileged,oracle_evidence_privileged,20000,Ambiguous,500,1.0,0.0,0.0,0.0,0.0,0.0,0.0,0.0,0.0,0.0,500,0,0,0,0,0.0,0.0,23574.884,9262.530951,1.0
S2,3,b1s2-c20000-s1000-1499.oracle_evidence_privileged,oracle_evidence_privileged,20000,DelayedConfigChange,500,1.0,0.0,0.0,0.0,0.0,0.0,0.0,0.0,0.0,0.0,500,0,0,0,0,0.0,0.0,22300.19,9098.775647,1.0
S2,3,b1s2-c20000-s1000-1499.oracle_evidence_privileged,oracle_evidence_privileged,20000,NoiseFlood,500,1.0,0.0,0.0,0.0,0.0,0.0,0.0,0.0,0.0,0.0,500,0,0,0,0,0.0,0.0,41547.546,30332.464699,2.156
S2,3,b1s2-c20000-s1000-1499.oracle_evidence_privileged,oracle_evidence_privileged,20000,JointlyDecisive,500,1.0,0.0,0.0,0.0,0.0,0.0,0.0,0.0,0.0,0.0,500,0,0,0,0,0.0,0.0,68863.392,26409.567003,4.464
S2,3,b1s2-c20000-s1000-1499.oracle_evidence_privileged,oracle_evidence_privileged,20000,NoFault,500,1.0,0.0,0.0,0.0,0.0,0.0,0.0,0.0,0.0,0.0,500,0,0,0,0,0.0,0.0,152534.756,101474.843965,8.126
S2,3,b1s2-c20000-s1000-1499.oracle_evidence_privileged,oracle_evidence_privileged,20000,CriticalFault,500,1.0,0.0,0.0,0.0,0.0,0.0,0.0,0.0,0.0,0.0,500,0,0,0,0,0.0,0.0,33984.414,24113.52,1.516
S2,3,b1s2-c20000-s1000-1499.oracle_evidence_privileged,oracle_evidence_privileged,20000,QuietUrgent,500,1.0,0.0,0.0,0.0,0.0,0.0,0.0,0.0,0.0,0.0,500,0,0,0,0,0.0,0.0,40729.35,27802.147671,2.156
S2,3,b1s2-c20000-s1000-1499.oracle_evidence_privileged,oracle_evidence_privileged,20000,Duplicates,500,1.0,0.0,0.0,0.0,0.0,0.0,0.0,0.0,0.0,0.0,500,0,0,0,0,0.0,0.0,42045.054,35849.613441,2.156
S2,3,b1s2-c20000-s1000-1499.oracle_evidence_privileged,oracle_evidence_privileged,20000,FeedbackBait,500,1.0,0.0,0.0,0.0,0.0,0.0,0.0,0.0,0.0,0.0,500,0,0,0,0,0.0,0.0,24587.802,16452.076331,1.0
S2,3,b1s2-c20000-s1000-1499.oracle_evidence_privileged,oracle_evidence_privileged,20000,StaleMemory,500,1.0,0.0,0.0,0.0,0.0,0.0,0.0,0.0,0.0,0.0,500,0,0,0,0,0.0,0.0,24064.412,10120.096144,1.0
S2,3,b1s2-c20000-s1000-1499.oracle_evidence_privileged,oracle_evidence_privileged,20000,ComponentTimeout,500,1.0,0.0,0.0,0.0,0.0,0.0,0.0,0.0,0.0,0.0,500,0,0,0,0,0.0,0.0,43255.304,28766.355724,2.156
S2,3,b1s2-c30000-s1000-1499.heuristic_only,heuristic_only,30000,Ambiguous,500,0.454,0.498378,0.0,0.0,0.0,0.0,0.0,0.0,0.0,0.0,139,361,0,0,0,30256.64,4155.118808,35555.484,31781.399286,0.772
S2,3,b1s2-c30000-s1000-1499.heuristic_only,heuristic_only,30000,DelayedConfigChange,500,1.0,0.0,0.0,0.0,0.0,0.0,0.0,0.0,0.0,0.0,500,0,0,0,0,2879.982,1365.901883,4013.628,2153.704858,0.0
S2,3,b1s2-c30000-s1000-1499.heuristic_only,heuristic_only,30000,NoiseFlood,500,0.35,0.477447,0.0,0.0,0.0,0.0,0.0,0.0,0.0,0.0,171,329,0,0,0,30205.084,3593.400305,35143.488,8777.912534,0.058
S2,3,b1s2-c30000-s1000-1499.heuristic_only,heuristic_only,30000,JointlyDecisive,500,0.272,0.445436,0.0,0.0,0.0,0.0,0.0,0.0,0.0,0.0,0,500,0,0,0,32193.152,829.044978,36726.3,16840.478655,0.084
S2,3,b1s2-c30000-s1000-1499.heuristic_only,heuristic_only,30000,NoFault,500,1.0,0.0,0.0,0.0,0.0,0.0,0.0,0.0,0.0,0.0,0,500,0,0,0,31681.89,783.564799,34021.454,6275.895885,0.0
S2,3,b1s2-c30000-s1000-1499.heuristic_only,heuristic_only,30000,CriticalFault,500,0.442,0.497122,0.558,0.497122,0.0,0.0,0.0,0.0,0.0,0.0,173,327,0,0,0,29284.156,5211.454558,33859.016,11311.612531,0.422
S2,3,b1s2-c30000-s1000-1499.heuristic_only,heuristic_only,30000,QuietUrgent,500,0.34,0.474183,0.66,0.474183,0.0,0.0,0.0,0.0,0.0,0.0,170,330,0,0,0,29956.678,3882.058957,33762.266,8490.647229,0.0
S2,3,b1s2-c30000-s1000-1499.heuristic_only,heuristic_only,30000,Duplicates,500,0.348,0.476813,0.0,0.0,0.0,0.0,0.0,0.0,0.0,0.0,172,328,0,0,0,30012.75,3908.288159,33912.102,6494.78689,0.062
S2,3,b1s2-c30000-s1000-1499.heuristic_only,heuristic_only,30000,FeedbackBait,500,0.432,0.495851,0.0,0.0,0.0,0.0,0.0,0.0,0.0,0.0,123,377,0,0,0,30555.464,3840.135616,33433.234,5763.793684,0.752
S2,3,b1s2-c30000-s1000-1499.heuristic_only,heuristic_only,30000,StaleMemory,500,0.454,0.498378,0.0,0.0,0.0,0.0,0.0,0.0,0.0,0.0,139,361,0,0,0,30256.64,4155.118808,35053.142,8657.397812,0.772
S2,3,b1s2-c30000-s1000-1499.heuristic_only,heuristic_only,30000,ComponentTimeout,500,0.314,0.464581,0.0,0.0,0.0,0.0,0.144,0.351441,0.0,0.0,217,283,0,0,0,25159.964,7862.433585,27844.634,15780.680452,0.05
S2,3,b1s2-c30000-s1000-1499.fixed_heuristic_every2,fixed_heuristic_every2,30000,Ambiguous,500,0.994,0.077304,0.0,0.0,0.0,0.0,0.0,0.0,0.0,0.0,428,72,0,0,0,27898.214,7399.281228,33401.006,12080.781505,1.914
S2,3,b1s2-c30000-s1000-1499.fixed_heuristic_every2,fixed_heuristic_every2,30000,DelayedConfigChange,500,1.0,0.0,0.0,0.0,0.0,0.0,0.0,0.0,0.0,0.0,500,0,0,0,0,2647.56,841.196232,3670.538,2788.326122,0.0
S2,3,b1s2-c30000-s1000-1499.fixed_heuristic_every2,fixed_heuristic_every2,30000,NoiseFlood,500,0.994,0.077304,0.0,0.0,0.0,0.0,0.0,0.0,0.0,0.0,494,6,0,0,0,25300.514,6729.392347,29344.78,9586.637871,0.146
S2,3,b1s2-c30000-s1000-1499.fixed_heuristic_every2,fixed_heuristic_every2,30000,JointlyDecisive,500,0.614,0.487318,0.0,0.0,0.0,0.0,0.0,0.0,0.0,0.0,0,500,0,0,0,38026.184,683.625618,44335.408,14072.44919,0.16
S2,3,b1s2-c30000-s1000-1499.fixed_heuristic_every2,fixed_heuristic_every2,30000,NoFault,500,1.0,0.0,0.0,0.0,0.0,0.0,0.0,0.0,0.0,0.0,140,360,0,0,0,38000.05,1505.171941,41196.57,22364.673522,0.0
S2,3,b1s2-c30000-s1000-1499.fixed_heuristic_every2,fixed_heuristic_every2,30000,CriticalFault,500,0.992,0.089173,0.008,0.089173,0.0,0.0,0.0,0.0,0.0,0.0,464,36,0,0,0,25904.132,7756.343619,31122.43,11808.067421,1.094
S2,3,b1s2-c30000-s1000-1499.fixed_heuristic_every2,fixed_heuristic_every2,30000,QuietUrgent,500,1.0,0.0,0.0,0.0,0.0,0.0,0.0,0.0,0.0,0.0,500,0,0,0,0,24861.86,6683.502642,28584.16,10625.170097,0.0
S2,3,b1s2-c30000-s1000-1499.fixed_heuristic_every2,fixed_heuristic_every2,30000,Duplicates,500,0.988,0.108994,0.0,0.0,0.0,0.0,0.0,0.0,0.0,0.0,492,8,0,0,0,25288.75,6998.873343,29687.974,10072.482495,0.144
S2,3,b1s2-c30000-s1000-1499.fixed_heuristic_every2,fixed_heuristic_every2,30000,FeedbackBait,500,0.996,0.063182,0.0,0.0,0.0,0.0,0.0,0.0,0.0,0.0,427,73,0,0,0,28232.242,7321.050838,32623.818,9095.912994,1.924
S2,3,b1s2-c30000-s1000-1499.fixed_heuristic_every2,fixed_heuristic_every2,30000,StaleMemory,500,0.994,0.077304,0.0,0.0,0.0,0.0,0.0,0.0,0.0,0.0,428,72,0,0,0,27898.214,7399.281228,33546.1,11259.201525,1.914
S2,3,b1s2-c30000-s1000-1499.fixed_heuristic_every2,fixed_heuristic_every2,30000,ComponentTimeout,500,0.754,0.43111,0.0,0.0,0.0,0.0,0.124,0.329912,0.0,0.0,437,63,0,0,0,22106.182,7291.774258,24025.998,11168.629449,0.11
S2,3,b1s2-c30000-s1000-1499.fixed_heuristic_every4,fixed_heuristic_every4,30000,Ambiguous,500,1.0,0.0,0.0,0.0,0.0,0.0,0.0,0.0,0.0,0.0,500,0,0,0,0,22029.028,5219.332923,25863.188,9085.062746,1.976
S2,3,b1s2-c30000-s1000-1499.fixed_heuristic_every4,fixed_heuristic_every4,30000,DelayedConfigChange,500,1.0,0.0,0.0,0.0,0.0,0.0,0.0,0.0,0.0,0.0,500,0,0,0,0,2859.828,757.137086,3621.678,2544.631182,0.0
S2,3,b1s2-c30000-s1000-1499.fixed_heuristic_every4,fixed_heuristic_every4,30000,NoiseFlood,500,1.0,0.0,0.0,0.0,0.0,0.0,0.0,0.0,0.0,0.0,500,0,0,0,0,18851.132,4763.471142,21122.482,7044.896076,0.092
S2,3,b1s2-c30000-s1000-1499.fixed_heuristic_every4,fixed_heuristic_every4,30000,JointlyDecisive,500,0.616,0.486845,0.0,0.0,0.0,0.0,0.0,0.0,0.0,0.0,106,394,0,0,0,41418.742,1408.863862,45305.668,15662.140466,0.082
S2,3,b1s2-c30000-s1000-1499.fixed_heuristic_every4,fixed_heuristic_every4,30000,NoFault,500,1.0,0.0,0.0,0.0,0.0,0.0,0.0,0.0,0.0,0.0,500,0,0,0,0,29536.976,1497.310472,29441.022,6189.624676,0.0
S2,3,b1s2-c30000-s1000-1499.fixed_heuristic_every4,fixed_heuristic_every4,30000,CriticalFault,500,1.0,0.0,0.0,0.0,0.0,0.0,0.0,0.0,0.0,0.0,500,0,0,0,0,20068.258,5525.07995,23640.346,11021.771038,1.078
S2,3,b1s2-c30000-s1000-1499.fixed_heuristic_every4,fixed_heuristic_every4,30000,QuietUrgent,500,1.0,0.0,0.0,0.0,0.0,0.0,0.0,0.0,0.0,0.0,500,0,0,0,0,18590.18,4655.164871,20868.314,18077.399433,0.0
S2,3,b1s2-c30000-s1000-1499.fixed_heuristic_every4,fixed_heuristic_every4,30000,Duplicates,500,1.0,0.0,0.0,0.0,0.0,0.0,0.0,0.0,0.0,0.0,500,0,0,0,0,18883.86,4888.773498,21425.77,6928.608265,0.092
S2,3,b1s2-c30000-s1000-1499.fixed_heuristic_every4,fixed_heuristic_every4,30000,FeedbackBait,500,1.0,0.0,0.0,0.0,0.0,0.0,0.0,0.0,0.0,0.0,500,0,0,0,0,22185.35,5147.631026,25151.232,6943.568663,1.976
S2,3,b1s2-c30000-s1000-1499.fixed_heuristic_every4,fixed_heuristic_every4,30000,StaleMemory,500,1.0,0.0,0.0,0.0,0.0,0.0,0.0,0.0,0.0,0.0,500,0,0,0,0,22029.028,5219.332923,25756.182,8511.436724,1.976
S2,3,b1s2-c30000-s1000-1499.fixed_heuristic_every4,fixed_heuristic_every4,30000,ComponentTimeout,500,0.816,0.387872,0.0,0.0,0.0,0.0,0.122,0.327614,0.0,0.0,475,25,0,0,0,17872.086,4648.310137,18344.3,7090.767243,0.066
S2,3,b1s2-c30000-s1000-1499.fixed_heuristic_every8,fixed_heuristic_every8,30000,Ambiguous,500,1.0,0.0,0.0,0.0,0.0,0.0,0.0,0.0,0.0,0.0,500,0,0,0,0,19673.374,4250.748422,22263.168,6451.66596,1.976
S2,3,b1s2-c30000-s1000-1499.fixed_heuristic_every8,fixed_heuristic_every8,30000,DelayedConfigChange,500,1.0,0.0,0.0,0.0,0.0,0.0,0.0,0.0,0.0,0.0,500,0,0,0,0,3478.31,4.379527,3706.404,690.098303,0.0
S2,3,b1s2-c30000-s1000-1499.fixed_heuristic_every8,fixed_heuristic_every8,30000,NoiseFlood,500,1.0,0.0,0.0,0.0,0.0,0.0,0.0,0.0,0.0,0.0,500,0,0,0,0,15954.238,4022.38487,17172.506,6364.54173,0.07
S2,3,b1s2-c30000-s1000-1499.fixed_heuristic_every8,fixed_heuristic_every8,30000,JointlyDecisive,500,0.616,0.486845,0.0,0.0,0.0,0.0,0.0,0.0,0.0,0.0,283,217,0,0,0,40072.838,4719.139856,41113.676,14033.66049,0.058
S2,3,b1s2-c30000-s1000-1499.fixed_heuristic_every8,fixed_heuristic_every8,30000,NoFault,500,1.0,0.0,0.0,0.0,0.0,0.0,0.0,0.0,0.0,0.0,500,0,0,0,0,23513.92,803.341572,21863.276,4038.120012,0.0
S2,3,b1s2-c30000-s1000-1499.fixed_heuristic_every8,fixed_heuristic_every8,30000,CriticalFault,500,1.0,0.0,0.0,0.0,0.0,0.0,0.0,0.0,0.0,0.0,500,0,0,0,0,17636.206,4680.348368,20270.456,8626.859916,1.062
S2,3,b1s2-c30000-s1000-1499.fixed_heuristic_every8,fixed_heuristic_every8,30000,QuietUrgent,500,1.0,0.0,0.0,0.0,0.0,0.0,0.0,0.0,0.0,0.0,500,0,0,0,0,15715.228,3812.436174,16085.744,5485.160713,0.0
S2,3,b1s2-c30000-s1000-1499.fixed_heuristic_every8,fixed_heuristic_every8,30000,Duplicates,500,1.0,0.0,0.0,0.0,0.0,0.0,0.0,0.0,0.0,0.0,500,0,0,0,0,15991.06,4060.628043,17249.18,5720.320819,0.07
S2,3,b1s2-c30000-s1000-1499.fixed_heuristic_every8,fixed_heuristic_every8,30000,FeedbackBait,500,1.0,0.0,0.0,0.0,0.0,0.0,0.0,0.0,0.0,0.0,500,0,0,0,0,19757.802,4240.021484,21536.334,5568.931094,1.976
S2,3,b1s2-c30000-s1000-1499.fixed_heuristic_every8,fixed_heuristic_every8,30000,StaleMemory,500,1.0,0.0,0.0,0.0,0.0,0.0,0.0,0.0,0.0,0.0,500,0,0,0,0,19673.374,4250.748422,22439.754,7323.986416,1.976
S2,3,b1s2-c30000-s1000-1499.fixed_heuristic_every8,fixed_heuristic_every8,30000,ComponentTimeout,500,0.868,0.33883,0.0,0.0,0.0,0.0,0.122,0.327614,0.0,0.0,500,0,0,0,0,15815.51,3895.372569,15685.858,6694.016642,0.056
S2,3,b1s2-c30000-s1000-1499.fixed_heuristic_every16,fixed_heuristic_every16,30000,Ambiguous,500,0.942,0.233978,0.0,0.0,0.0,0.0,0.0,0.0,0.0,0.0,500,0,0,0,0,18800.732,3165.568931,21573.84,35841.221209,1.856
S2,3,b1s2-c30000-s1000-1499.fixed_heuristic_every16,fixed_heuristic_every16,30000,DelayedConfigChange,500,1.0,0.0,0.0,0.0,0.0,0.0,0.0,0.0,0.0,0.0,500,0,0,0,0,5729.162,5.285416,5221.064,1406.689298,0.0
S2,3,b1s2-c30000-s1000-1499.fixed_heuristic_every16,fixed_heuristic_every16,30000,NoiseFlood,500,0.938,0.241397,0.0,0.0,0.0,0.0,0.0,0.0,0.0,0.0,498,2,0,0,0,14995.568,3440.28073,15191.572,7252.69172,0.04
S2,3,b1s2-c30000-s1000-1499.fixed_heuristic_every16,fixed_heuristic_every16,30000,JointlyDecisive,500,0.578,0.494373,0.0,0.0,0.0,0.0,0.0,0.0,0.0,0.0,286,214,0,0,0,36685.492,7410.270684,35340.062,9862.439283,0.028
S2,3,b1s2-c30000-s1000-1499.fixed_heuristic_every16,fixed_heuristic_every16,30000,NoFault,500,1.0,0.0,0.0,0.0,0.0,0.0,0.0,0.0,0.0,0.0,500,0,0,0,0,20382.218,427.213977,17729.88,3968.947235,0.0
S2,3,b1s2-c30000-s1000-1499.fixed_heuristic_every16,fixed_heuristic_every16,30000,CriticalFault,500,0.94,0.237725,0.06,0.237725,0.0,0.0,0.0,0.0,0.0,0.0,499,1,0,0,0,16888.298,3906.945421,17959.094,7773.431235,1.0
S2,3,b1s2-c30000-s1000-1499.fixed_heuristic_every16,fixed_heuristic_every16,30000,QuietUrgent,500,0.942,0.233978,0.058,0.233978,0.0,0.0,0.0,0.0,0.0,0.0,500,0,0,0,0,14811.838,3091.805895,13894.386,3904.98812,0.0
S2,3,b1s2-c30000-s1000-1499.fixed_heuristic_every16,fixed_heuristic_every16,30000,Duplicates,500,0.938,0.241397,0.0,0.0,0.0,0.0,0.0,0.0,0.0,0.0,498,2,0,0,0,15043.318,3445.067134,15674.802,7852.165868,0.04
S2,3,b1s2-c30000-s1000-1499.fixed_heuristic_every16,fixed_heuristic_every16,30000,FeedbackBait,500,0.942,0.233978,0.0,0.0,0.0,0.0,0.0,0.0,0.0,0.0,500,0,0,0,0,18858.538,3162.540525,19682.35,5215.54423,1.856
S2,3,b1s2-c30000-s1000-1499.fixed_heuristic_every16,fixed_heuristic_every16,30000,StaleMemory,500,0.942,0.233978,0.0,0.0,0.0,0.0,0.0,0.0,0.0,0.0,500,0,0,0,0,18800.732,3165.568931,20221.408,5896.788898,1.856
S2,3,b1s2-c30000-s1000-1499.fixed_heuristic_every16,fixed_heuristic_every16,30000,ComponentTimeout,500,0.828,0.377758,0.0,0.0,0.0,0.0,0.122,0.327614,0.0,0.0,499,1,0,0,0,15139.964,3240.026171,13789.306,4390.117579,0.034
S2,3,b1s2-c30000-s1000-1499.fixed_estimator_only,fixed_estimator_only,30000,Ambiguous,500,0.0,0.0,0.0,0.0,0.0,0.0,0.0,0.0,0.0,0.0,0,500,0,0,0,30345.884,2138.920504,39239.89,8412.631123,0.0
S2,3,b1s2-c30000-s1000-1499.fixed_estimator_only,fixed_estimator_only,30000,DelayedConfigChange,500,1.0,0.0,0.0,0.0,0.0,0.0,0.0,0.0,0.0,0.0,500,0,0,0,0,11608.646,4022.278338,17041.542,7372.592883,0.0
S2,3,b1s2-c30000-s1000-1499.fixed_estimator_only,fixed_estimator_only,30000,NoiseFlood,500,0.0,0.0,0.0,0.0,0.0,0.0,0.0,0.0,0.0,0.0,0,500,0,0,0,30276.942,2103.109035,39089.314,7003.342516,0.0
S2,3,b1s2-c30000-s1000-1499.fixed_estimator_only,fixed_estimator_only,30000,JointlyDecisive,500,0.0,0.0,0.0,0.0,0.0,0.0,0.0,0.0,0.0,0.0,0,500,0,0,0,30341.86,2136.486738,39551.918,8015.765625,0.0
S2,3,b1s2-c30000-s1000-1499.fixed_estimator_only,fixed_estimator_only,30000,NoFault,500,1.0,0.0,0.0,0.0,0.0,0.0,0.0,0.0,0.0,0.0,0,500,0,0,0,30332.596,2135.464695,39363.048,9667.439227,0.0
S2,3,b1s2-c30000-s1000-1499.fixed_estimator_only,fixed_estimator_only,30000,CriticalFault,500,0.0,0.0,1.0,0.0,0.0,0.0,0.0,0.0,0.0,0.0,0,500,0,0,0,30343.674,2139.984277,39806.026,11341.674367,0.0
S2,3,b1s2-c30000-s1000-1499.fixed_estimator_only,fixed_estimator_only,30000,QuietUrgent,500,0.0,0.0,1.0,0.0,0.0,0.0,0.0,0.0,0.0,0.0,0,500,0,0,0,30284.282,2108.029768,40190.092,14132.634272,0.0
S2,3,b1s2-c30000-s1000-1499.fixed_estimator_only,fixed_estimator_only,30000,Duplicates,500,0.0,0.0,0.0,0.0,0.0,0.0,0.0,0.0,0.0,0.0,0,500,0,0,0,30269.708,2140.893097,39170.008,6243.790179,0.0
S2,3,b1s2-c30000-s1000-1499.fixed_estimator_only,fixed_estimator_only,30000,FeedbackBait,500,0.0,0.0,0.0,0.0,0.0,0.0,0.0,0.0,0.0,0.0,0,500,0,0,0,30336.188,2134.691135,37358.8,4376.512516,0.0
S2,3,b1s2-c30000-s1000-1499.fixed_estimator_only,fixed_estimator_only,30000,StaleMemory,500,0.0,0.0,0.0,0.0,0.0,0.0,0.0,0.0,0.0,0.0,0,500,0,0,0,30345.884,2138.920504,43809.366,112679.720143,0.0
S2,3,b1s2-c30000-s1000-1499.fixed_estimator_only,fixed_estimator_only,30000,ComponentTimeout,500,0.0,0.0,0.0,0.0,0.0,0.0,0.124,0.329912,0.0,0.0,10,490,0,0,0,26403.98,8037.919162,33429.298,13100.611005,0.0
S2,3,b1s2-c30000-s1000-1499.all_components,all_components,30000,Ambiguous,500,0.0,0.0,0.0,0.0,0.0,0.0,0.0,0.0,0.0,0.0,0,500,0,0,0,42716.978,3817.914418,54816.932,28839.669115,0.0
S2,3,b1s2-c30000-s1000-1499.all_components,all_components,30000,DelayedConfigChange,500,0.332,0.471403,0.0,0.0,0.0,0.0,0.0,0.0,0.0,0.0,166,334,0,0,0,37772.57,9251.19312,48317.666,14633.406685,0.0
S2,3,b1s2-c30000-s1000-1499.all_components,all_components,30000,NoiseFlood,500,0.0,0.0,0.0,0.0,0.0,0.0,0.0,0.0,0.0,0.0,0,500,0,0,0,42662.108,3874.592088,54864.576,10294.719297,0.0
S2,3,b1s2-c30000-s1000-1499.all_components,all_components,30000,JointlyDecisive,500,0.0,0.0,0.0,0.0,0.0,0.0,0.0,0.0,0.0,0.0,0,500,0,0,0,42643.442,3845.062107,57509.942,15739.951029,0.0
S2,3,b1s2-c30000-s1000-1499.all_components,all_components,30000,NoFault,500,1.0,0.0,0.0,0.0,0.0,0.0,0.0,0.0,0.0,0.0,0,500,0,0,0,42606.78,3853.328059,54236.23,8837.561785,0.0
S2,3,b1s2-c30000-s1000-1499.all_components,all_components,30000,CriticalFault,500,0.0,0.0,1.0,0.0,0.0,0.0,0.0,0.0,0.0,0.0,0,500,0,0,0,42694.334,3843.638137,54977.75,12789.417154,0.0
S2,3,b1s2-c30000-s1000-1499.all_components,all_components,30000,QuietUrgent,500,0.0,0.0,1.0,0.0,0.0,0.0,0.0,0.0,0.0,0.0,0,500,0,0,0,42652.042,3878.341429,55441.762,16977.721398,0.0
S2,3,b1s2-c30000-s1000-1499.all_components,all_components,30000,Duplicates,500,0.0,0.0,0.0,0.0,0.0,0.0,0.0,0.0,0.0,0.0,0,500,0,0,0,42799.878,3876.034473,54660.026,9144.008865,0.0
S2,3,b1s2-c30000-s1000-1499.all_components,all_components,30000,FeedbackBait,500,0.0,0.0,0.0,0.0,0.0,0.0,0.0,0.0,0.0,0.0,0,500,0,0,0,42654.356,3837.971564,51573.296,6823.899198,0.0
S2,3,b1s2-c30000-s1000-1499.all_components,all_components,30000,StaleMemory,500,0.0,0.0,0.0,0.0,0.0,0.0,0.0,0.0,0.0,0.0,0,500,0,0,0,42716.978,3817.914418,54188.862,12249.632943,0.0
S2,3,b1s2-c30000-s1000-1499.all_components,all_components,30000,ComponentTimeout,500,0.0,0.0,0.0,0.0,0.0,0.0,0.004,0.063182,0.0,0.0,0,500,0,0,0,33632.85,10942.515417,43944.562,16436.491899,0.0
S2,3,b1s2-c30000-s1000-1499.random_p025,random_p025,30000,Ambiguous,500,0.002,0.044721,0.0,0.0,0.0,0.0,0.0,0.0,0.0,0.0,1,499,0,0,0,45093.8,4208.974207,63910.838,95998.502612,0.002
S2,3,b1s2-c30000-s1000-1499.random_p025,random_p025,30000,DelayedConfigChange,500,0.886,0.31813,0.0,0.0,0.0,0.0,0.0,0.0,0.0,0.0,443,57,0,0,0,21716.322,14712.360476,30721.378,20227.908692,0.0
S2,3,b1s2-c30000-s1000-1499.random_p025,random_p025,30000,NoiseFlood,500,0.002,0.044721,0.0,0.0,0.0,0.0,0.0,0.0,0.0,0.0,1,499,0,0,0,44974.412,4133.152055,60465.128,11318.683127,0.0
S2,3,b1s2-c30000-s1000-1499.random_p025,random_p025,30000,JointlyDecisive,500,0.002,0.044721,0.0,0.0,0.0,0.0,0.0,0.0,0.0,0.0,0,500,0,0,0,45193.31,4161.214257,61971.49,23946.542221,0.0
S2,3,b1s2-c30000-s1000-1499.random_p025,random_p025,30000,NoFault,500,1.0,0.0,0.0,0.0,0.0,0.0,0.0,0.0,0.0,0.0,0,500,0,0,0,45213.3,4225.03573,59639.79,12283.781257,0.0
S2,3,b1s2-c30000-s1000-1499.random_p025,random_p025,30000,CriticalFault,500,0.002,0.044721,0.998,0.044721,0.0,0.0,0.0,0.0,0.0,0.0,1,499,0,0,0,45135.39,4250.808036,60478.5,13577.944407,0.002
S2,3,b1s2-c30000-s1000-1499.random_p025,random_p025,30000,QuietUrgent,500,0.002,0.044721,0.998,0.044721,0.0,0.0,0.0,0.0,0.0,0.0,1,499,0,0,0,44975.412,4239.714627,63512.436,71567.527026,0.0
S2,3,b1s2-c30000-s1000-1499.random_p025,random_p025,30000,Duplicates,500,0.002,0.044721,0.0,0.0,0.0,0.0,0.0,0.0,0.0,0.0,1,499,0,0,0,44838.866,4133.495849,59637.412,10177.440642,0.0
S2,3,b1s2-c30000-s1000-1499.random_p025,random_p025,30000,FeedbackBait,500,0.002,0.044721,0.0,0.0,0.0,0.0,0.0,0.0,0.0,0.0,1,499,0,0,0,45122.884,4334.264385,56376.14,7743.221772,0.002
S2,3,b1s2-c30000-s1000-1499.random_p025,random_p025,30000,StaleMemory,500,0.002,0.044721,0.0,0.0,0.0,0.0,0.0,0.0,0.0,0.0,1,499,0,0,0,45093.8,4208.974207,58319.52,10624.937324,0.002
S2,3,b1s2-c30000-s1000-1499.random_p025,random_p025,30000,ComponentTimeout,500,0.01,0.099598,0.0,0.0,0.0,0.0,0.002,0.044721,0.0,0.0,5,495,0,0,0,37134.166,10790.0295,50880.902,22612.874542,0.0
S2,3,b1s2-c30000-s1000-1499.oracle_evidence_privileged,oracle_evidence_privileged,30000,Ambiguous,500,1.0,0.0,0.0,0.0,0.0,0.0,0.0,0.0,0.0,0.0,500,0,0,0,0,0.0,0.0,24658.036,11753.059498,1.0
S2,3,b1s2-c30000-s1000-1499.oracle_evidence_privileged,oracle_evidence_privileged,30000,DelayedConfigChange,500,1.0,0.0,0.0,0.0,0.0,0.0,0.0,0.0,0.0,0.0,500,0,0,0,0,0.0,0.0,23113.358,9945.921203,1.0
S2,3,b1s2-c30000-s1000-1499.oracle_evidence_privileged,oracle_evidence_privileged,30000,NoiseFlood,500,1.0,0.0,0.0,0.0,0.0,0.0,0.0,0.0,0.0,0.0,500,0,0,0,0,0.0,0.0,40931.598,27378.336851,2.156
S2,3,b1s2-c30000-s1000-1499.oracle_evidence_privileged,oracle_evidence_privileged,30000,JointlyDecisive,500,1.0,0.0,0.0,0.0,0.0,0.0,0.0,0.0,0.0,0.0,500,0,0,0,0,0.0,0.0,69283.726,28722.235292,4.464
S2,3,b1s2-c30000-s1000-1499.oracle_evidence_privileged,oracle_evidence_privileged,30000,NoFault,500,1.0,0.0,0.0,0.0,0.0,0.0,0.0,0.0,0.0,0.0,500,0,0,0,0,0.0,0.0,156970.064,107884.18305,8.126
S2,3,b1s2-c30000-s1000-1499.oracle_evidence_privileged,oracle_evidence_privileged,30000,CriticalFault,500,1.0,0.0,0.0,0.0,0.0,0.0,0.0,0.0,0.0,0.0,500,0,0,0,0,0.0,0.0,32765.664,23570.205376,1.516
S2,3,b1s2-c30000-s1000-1499.oracle_evidence_privileged,oracle_evidence_privileged,30000,QuietUrgent,500,1.0,0.0,0.0,0.0,0.0,0.0,0.0,0.0,0.0,0.0,500,0,0,0,0,0.0,0.0,41166.93,29405.540309,2.156
S2,3,b1s2-c30000-s1000-1499.oracle_evidence_privileged,oracle_evidence_privileged,30000,Duplicates,500,1.0,0.0,0.0,0.0,0.0,0.0,0.0,0.0,0.0,0.0,500,0,0,0,0,0.0,0.0,40586.854,27433.637176,2.156
S2,3,b1s2-c30000-s1000-1499.oracle_evidence_privileged,oracle_evidence_privileged,30000,FeedbackBait,500,1.0,0.0,0.0,0.0,0.0,0.0,0.0,0.0,0.0,0.0,500,0,0,0,0,0.0,0.0,23090.37,8379.392154,1.0
S2,3,b1s2-c30000-s1000-1499.oracle_evidence_privileged,oracle_evidence_privileged,30000,StaleMemory,500,1.0,0.0,0.0,0.0,0.0,0.0,0.0,0.0,0.0,0.0,500,0,0,0,0,0.0,0.0,23962.798,9802.25622,1.0
S2,3,b1s2-c30000-s1000-1499.oracle_evidence_privileged,oracle_evidence_privileged,30000,ComponentTimeout,500,1.0,0.0,0.0,0.0,0.0,0.0,0.0,0.0,0.0,0.0,500,0,0,0,0,0.0,0.0,40435.33,26995.847664,2.156
S2,3,b1s2-c40000-s1000-1499.heuristic_only,heuristic_only,40000,Ambiguous,500,0.71,0.454216,0.0,0.0,0.0,0.0,0.0,0.0,0.0,0.0,284,216,0,0,0,36402.594,7921.451278,42303.032,11177.162699,1.3
S2,3,b1s2-c40000-s1000-1499.heuristic_only,heuristic_only,40000,DelayedConfigChange,500,1.0,0.0,0.0,0.0,0.0,0.0,0.0,0.0,0.0,0.0,500,0,0,0,0,2879.982,1365.901883,4101.458,2880.186914,0.0
S2,3,b1s2-c40000-s1000-1499.heuristic_only,heuristic_only,40000,NoiseFlood,500,0.624,0.484865,0.0,0.0,0.0,0.0,0.0,0.0,0.0,0.0,310,190,0,0,0,35691.982,7583.673342,40894.35,11321.451738,0.11
S2,3,b1s2-c40000-s1000-1499.heuristic_only,heuristic_only,40000,JointlyDecisive,500,0.41,0.492326,0.0,0.0,0.0,0.0,0.0,0.0,0.0,0.0,0,500,0,0,0,43250.408,950.091305,51549.018,19340.956352,0.134
S2,3,b1s2-c40000-s1000-1499.heuristic_only,heuristic_only,40000,NoFault,500,1.0,0.0,0.0,0.0,0.0,0.0,0.0,0.0,0.0,0.0,2,498,0,0,0,42172.472,843.448676,49829.604,13304.219052,0.0
S2,3,b1s2-c40000-s1000-1499.heuristic_only,heuristic_only,40000,CriticalFault,500,0.702,0.457838,0.298,0.457838,0.0,0.0,0.0,0.0,0.0,0.0,306,194,0,0,0,34827.428,9003.337455,41693.132,28179.586054,0.746
S2,3,b1s2-c40000-s1000-1499.heuristic_only,heuristic_only,40000,QuietUrgent,500,0.624,0.484865,0.376,0.484865,0.0,0.0,0.0,0.0,0.0,0.0,312,188,0,0,0,35261.102,7813.800966,39078.828,11807.87073,0.0
S2,3,b1s2-c40000-s1000-1499.heuristic_only,heuristic_only,40000,Duplicates,500,0.616,0.486845,0.0,0.0,0.0,0.0,0.0,0.0,0.0,0.0,305,195,0,0,0,35389.35,7818.152327,41378.286,13535.494466,0.108
S2,3,b1s2-c40000-s1000-1499.heuristic_only,heuristic_only,40000,FeedbackBait,500,0.692,0.462129,0.0,0.0,0.0,0.0,0.0,0.0,0.0,0.0,275,225,0,0,0,36890.882,7543.000463,42498.144,16411.56402,1.262
S2,3,b1s2-c40000-s1000-1499.heuristic_only,heuristic_only,40000,StaleMemory,500,0.71,0.454216,0.0,0.0,0.0,0.0,0.0,0.0,0.0,0.0,284,216,0,0,0,36402.594,7921.451278,43313.654,11945.678822,1.3
S2,3,b1s2-c40000-s1000-1499.heuristic_only,heuristic_only,40000,ComponentTimeout,500,0.512,0.500357,0.0,0.0,0.0,0.0,0.128,0.334424,0.0,0.0,316,184,0,0,0,29130.116,11053.308036,32537.292,15842.290356,0.084
S2,3,b1s2-c40000-s1000-1499.fixed_heuristic_every2,fixed_heuristic_every2,40000,Ambiguous,500,1.0,0.0,0.0,0.0,0.0,0.0,0.0,0.0,0.0,0.0,500,0,0,0,0,28103.922,7736.573758,33859.352,11434.158722,1.976
S2,3,b1s2-c40000-s1000-1499.fixed_heuristic_every2,fixed_heuristic_every2,40000,DelayedConfigChange,500,1.0,0.0,0.0,0.0,0.0,0.0,0.0,0.0,0.0,0.0,500,0,0,0,0,2647.56,841.196232,3447.78,1505.752422,0.0
S2,3,b1s2-c40000-s1000-1499.fixed_heuristic_every2,fixed_heuristic_every2,40000,NoiseFlood,500,1.0,0.0,0.0,0.0,0.0,0.0,0.0,0.0,0.0,0.0,500,0,0,0,0,25314.664,6758.826319,28771.26,10062.300068,0.148
S2,3,b1s2-c40000-s1000-1499.fixed_heuristic_every2,fixed_heuristic_every2,40000,JointlyDecisive,500,0.616,0.486845,0.0,0.0,0.0,0.0,0.0,0.0,0.0,0.0,22,478,0,0,0,49715.652,804.786748,58547.506,18255.415639,0.158
S2,3,b1s2-c40000-s1000-1499.fixed_heuristic_every2,fixed_heuristic_every2,40000,NoFault,500,1.0,0.0,0.0,0.0,0.0,0.0,0.0,0.0,0.0,0.0,500,0,0,0,0,40611.124,2891.133868,48923.942,22291.802615,0.0
S2,3,b1s2-c40000-s1000-1499.fixed_heuristic_every2,fixed_heuristic_every2,40000,CriticalFault,500,1.0,0.0,0.0,0.0,0.0,0.0,0.0,0.0,0.0,0.0,500,0,0,0,0,25987.922,7909.062817,30394.99,11501.427286,1.116
S2,3,b1s2-c40000-s1000-1499.fixed_heuristic_every2,fixed_heuristic_every2,40000,QuietUrgent,500,1.0,0.0,0.0,0.0,0.0,0.0,0.0,0.0,0.0,0.0,500,0,0,0,0,24861.86,6683.502642,27432.562,8756.85099,0.0
S2,3,b1s2-c40000-s1000-1499.fixed_heuristic_every2,fixed_heuristic_every2,40000,Duplicates,500,1.0,0.0,0.0,0.0,0.0,0.0,0.0,0.0,0.0,0.0,500,0,0,0,0,25308.69,7038.473866,30123.844,11229.063563,0.148
S2,3,b1s2-c40000-s1000-1499.fixed_heuristic_every2,fixed_heuristic_every2,40000,FeedbackBait,500,1.0,0.0,0.0,0.0,0.0,0.0,0.0,0.0,0.0,0.0,500,0,0,0,0,28407.734,7609.265555,33616.368,10155.283524,1.976
S2,3,b1s2-c40000-s1000-1499.fixed_heuristic_every2,fixed_heuristic_every2,40000,StaleMemory,500,1.0,0.0,0.0,0.0,0.0,0.0,0.0,0.0,0.0,0.0,500,0,0,0,0,28103.922,7736.573758,35032.182,12514.988381,1.976
S2,3,b1s2-c40000-s1000-1499.fixed_heuristic_every2,fixed_heuristic_every2,40000,ComponentTimeout,500,0.782,0.413301,0.0,0.0,0.0,0.0,0.124,0.329912,0.0,0.0,459,41,0,0,0,22624.686,7023.312212,25031.08,10119.10555,0.122
S2,3,b1s2-c40000-s1000-1499.fixed_heuristic_every4,fixed_heuristic_every4,40000,Ambiguous,500,1.0,0.0,0.0,0.0,0.0,0.0,0.0,0.0,0.0,0.0,500,0,0,0,0,22029.028,5219.332923,25403.72,7169.772727,1.976
S2,3,b1s2-c40000-s1000-1499.fixed_heuristic_every4,fixed_heuristic_every4,40000,DelayedConfigChange,500,1.0,0.0,0.0,0.0,0.0,0.0,0.0,0.0,0.0,0.0,500,0,0,0,0,2859.828,757.137086,3410.474,1587.050618,0.0
S2,3,b1s2-c40000-s1000-1499.fixed_heuristic_every4,fixed_heuristic_every4,40000,NoiseFlood,500,1.0,0.0,0.0,0.0,0.0,0.0,0.0,0.0,0.0,0.0,500,0,0,0,0,18851.132,4763.471142,20952.666,7175.100521,0.092
S2,3,b1s2-c40000-s1000-1499.fixed_heuristic_every4,fixed_heuristic_every4,40000,JointlyDecisive,500,0.616,0.486845,0.0,0.0,0.0,0.0,0.0,0.0,0.0,0.0,265,235,0,0,0,49276.452,5089.591162,54537.522,20389.591961,0.082
S2,3,b1s2-c40000-s1000-1499.fixed_heuristic_every4,fixed_heuristic_every4,40000,NoFault,500,1.0,0.0,0.0,0.0,0.0,0.0,0.0,0.0,0.0,0.0,500,0,0,0,0,29536.976,1497.310472,32039.352,9718.022653,0.0
S2,3,b1s2-c40000-s1000-1499.fixed_heuristic_every4,fixed_heuristic_every4,40000,CriticalFault,500,1.0,0.0,0.0,0.0,0.0,0.0,0.0,0.0,0.0,0.0,500,0,0,0,0,20068.258,5525.07995,23406.752,10045.462785,1.078
S2,3,b1s2-c40000-s1000-1499.fixed_heuristic_every4,fixed_heuristic_every4,40000,QuietUrgent,500,1.0,0.0,0.0,0.0,0.0,0.0,0.0,0.0,0.0,0.0,500,0,0,0,0,18590.18,4655.164871,19944.832,6773.052189,0.0
S2,3,b1s2-c40000-s1000-1499.fixed_heuristic_every4,fixed_heuristic_every4,40000,Duplicates,500,1.0,0.0,0.0,0.0,0.0,0.0,0.0,0.0,0.0,0.0,500,0,0,0,0,18883.86,4888.773498,22269.102,10887.363323,0.092
S2,3,b1s2-c40000-s1000-1499.fixed_heuristic_every4,fixed_heuristic_every4,40000,FeedbackBait,500,1.0,0.0,0.0,0.0,0.0,0.0,0.0,0.0,0.0,0.0,500,0,0,0,0,22185.35,5147.631026,25916.344,8395.11633,1.976
S2,3,b1s2-c40000-s1000-1499.fixed_heuristic_every4,fixed_heuristic_every4,40000,StaleMemory,500,1.0,0.0,0.0,0.0,0.0,0.0,0.0,0.0,0.0,0.0,500,0,0,0,0,22029.028,5219.332923,26594.356,8615.476893,1.976
S2,3,b1s2-c40000-s1000-1499.fixed_heuristic_every4,fixed_heuristic_every4,40000,ComponentTimeout,500,0.846,0.36131,0.0,0.0,0.0,0.0,0.122,0.327614,0.0,0.0,490,10,0,0,0,17934.51,4667.065582,19302.902,12052.609914,0.066
S2,3,b1s2-c40000-s1000-1499.fixed_heuristic_every8,fixed_heuristic_every8,40000,Ambiguous,500,1.0,0.0,0.0,0.0,0.0,0.0,0.0,0.0,0.0,0.0,500,0,0,0,0,19673.374,4250.748422,22433.082,7482.925494,1.976
S2,3,b1s2-c40000-s1000-1499.fixed_heuristic_every8,fixed_heuristic_every8,40000,DelayedConfigChange,500,1.0,0.0,0.0,0.0,0.0,0.0,0.0,0.0,0.0,0.0,500,0,0,0,0,3478.31,4.379527,3738.104,1631.213166,0.0
S2,3,b1s2-c40000-s1000-1499.fixed_heuristic_every8,fixed_heuristic_every8,40000,NoiseFlood,500,1.0,0.0,0.0,0.0,0.0,0.0,0.0,0.0,0.0,0.0,500,0,0,0,0,15954.238,4022.38487,17030.368,8647.901824,0.07
S2,3,b1s2-c40000-s1000-1499.fixed_heuristic_every8,fixed_heuristic_every8,40000,JointlyDecisive,500,0.616,0.486845,0.0,0.0,0.0,0.0,0.0,0.0,0.0,0.0,419,81,0,0,0,44050.612,8292.340818,48022.922,48709.346228,0.058
S2,3,b1s2-c40000-s1000-1499.fixed_heuristic_every8,fixed_heuristic_every8,40000,NoFault,500,1.0,0.0,0.0,0.0,0.0,0.0,0.0,0.0,0.0,0.0,500,0,0,0,0,23513.92,803.341572,24166.094,7666.363728,0.0
S2,3,b1s2-c40000-s1000-1499.fixed_heuristic_every8,fixed_heuristic_every8,40000,CriticalFault,500,1.0,0.0,0.0,0.0,0.0,0.0,0.0,0.0,0.0,0.0,500,0,0,0,0,17636.206,4680.348368,19817.202,8162.899116,1.062
S2,3,b1s2-c40000-s1000-1499.fixed_heuristic_every8,fixed_heuristic_every8,40000,QuietUrgent,500,1.0,0.0,0.0,0.0,0.0,0.0,0.0,0.0,0.0,0.0,500,0,0,0,0,15715.228,3812.436174,17784.598,45255.895965,0.0
S2,3,b1s2-c40000-s1000-1499.fixed_heuristic_every8,fixed_heuristic_every8,40000,Duplicates,500,1.0,0.0,0.0,0.0,0.0,0.0,0.0,0.0,0.0,0.0,500,0,0,0,0,15991.06,4060.628043,17918.692,6631.172093,0.07
S2,3,b1s2-c40000-s1000-1499.fixed_heuristic_every8,fixed_heuristic_every8,40000,FeedbackBait,500,1.0,0.0,0.0,0.0,0.0,0.0,0.0,0.0,0.0,0.0,500,0,0,0,0,19757.802,4240.021484,22141.792,6469.174426,1.976
S2,3,b1s2-c40000-s1000-1499.fixed_heuristic_every8,fixed_heuristic_every8,40000,StaleMemory,500,1.0,0.0,0.0,0.0,0.0,0.0,0.0,0.0,0.0,0.0,500,0,0,0,0,19673.374,4250.748422,22855.466,7146.833139,1.976
S2,3,b1s2-c40000-s1000-1499.fixed_heuristic_every8,fixed_heuristic_every8,40000,ComponentTimeout,500,0.878,0.327614,0.0,0.0,0.0,0.0,0.122,0.327614,0.0,0.0,500,0,0,0,0,15788.616,3861.7035,15805.242,6340.673535,0.056
S2,3,b1s2-c40000-s1000-1499.fixed_heuristic_every16,fixed_heuristic_every16,40000,Ambiguous,500,0.942,0.233978,0.0,0.0,0.0,0.0,0.0,0.0,0.0,0.0,500,0,0,0,0,18800.732,3165.568931,20373.334,6112.609923,1.856
S2,3,b1s2-c40000-s1000-1499.fixed_heuristic_every16,fixed_heuristic_every16,40000,DelayedConfigChange,500,1.0,0.0,0.0,0.0,0.0,0.0,0.0,0.0,0.0,0.0,500,0,0,0,0,5729.162,5.285416,5327.47,2633.660945,0.0
S2,3,b1s2-c40000-s1000-1499.fixed_heuristic_every16,fixed_heuristic_every16,40000,NoiseFlood,500,0.942,0.233978,0.0,0.0,0.0,0.0,0.0,0.0,0.0,0.0,500,0,0,0,0,14998.954,3459.563213,14659.21,4758.131801,0.04
S2,3,b1s2-c40000-s1000-1499.fixed_heuristic_every16,fixed_heuristic_every16,40000,JointlyDecisive,500,0.578,0.494373,0.0,0.0,0.0,0.0,0.0,0.0,0.0,0.0,497,3,0,0,0,37758.796,8535.281309,37971.902,13892.920254,0.028
S2,3,b1s2-c40000-s1000-1499.fixed_heuristic_every16,fixed_heuristic_every16,40000,NoFault,500,1.0,0.0,0.0,0.0,0.0,0.0,0.0,0.0,0.0,0.0,500,0,0,0,0,20382.218,427.213977,19049.016,5051.074554,0.0
S2,3,b1s2-c40000-s1000-1499.fixed_heuristic_every16,fixed_heuristic_every16,40000,CriticalFault,500,0.942,0.233978,0.058,0.233978,0.0,0.0,0.0,0.0,0.0,0.0,500,0,0,0,0,16889.948,3914.425165,17551.374,6638.646272,1.0
S2,3,b1s2-c40000-s1000-1499.fixed_heuristic_every16,fixed_heuristic_every16,40000,QuietUrgent,500,0.942,0.233978,0.058,0.233978,0.0,0.0,0.0,0.0,0.0,0.0,500,0,0,0,0,14811.838,3091.805895,13634.41,4140.925915,0.0
S2,3,b1s2-c40000-s1000-1499.fixed_heuristic_every16,fixed_heuristic_every16,40000,Duplicates,500,0.942,0.233978,0.0,0.0,0.0,0.0,0.0,0.0,0.0,0.0,500,0,0,0,0,15046.864,3465.206152,15415.412,5024.999639,0.04
S2,3,b1s2-c40000-s1000-1499.fixed_heuristic_every16,fixed_heuristic_every16,40000,FeedbackBait,500,0.942,0.233978,0.0,0.0,0.0,0.0,0.0,0.0,0.0,0.0,500,0,0,0,0,18858.538,3162.540525,19852.926,5265.543334,1.856
S2,3,b1s2-c40000-s1000-1499.fixed_heuristic_every16,fixed_heuristic_every16,40000,StaleMemory,500,0.942,0.233978,0.0,0.0,0.0,0.0,0.0,0.0,0.0,0.0,500,0,0,0,0,18800.732,3165.568931,20867.864,6594.673727,1.856
S2,3,b1s2-c40000-s1000-1499.fixed_heuristic_every16,fixed_heuristic_every16,40000,ComponentTimeout,500,0.83,0.376009,0.0,0.0,0.0,0.0,0.122,0.327614,0.0,0.0,500,0,0,0,0,15141.614,3249.931153,13957.45,5609.625634,0.034
S2,3,b1s2-c40000-s1000-1499.fixed_estimator_only,fixed_estimator_only,40000,Ambiguous,500,0.0,0.0,0.0,0.0,0.0,0.0,0.0,0.0,0.0,0.0,0,500,0,0,0,39536.538,2695.73633,52405.134,63504.582126,0.0
S2,3,b1s2-c40000-s1000-1499.fixed_estimator_only,fixed_estimator_only,40000,DelayedConfigChange,500,1.0,0.0,0.0,0.0,0.0,0.0,0.0,0.0,0.0,0.0,500,0,0,0,0,11608.646,4022.278338,16452.544,7025.243242,0.0
S2,3,b1s2-c40000-s1000-1499.fixed_estimator_only,fixed_estimator_only,40000,NoiseFlood,500,0.0,0.0,0.0,0.0,0.0,0.0,0.0,0.0,0.0,0.0,0,500,0,0,0,39469.982,2631.820424,50115.422,8087.472841,0.0
S2,3,b1s2-c40000-s1000-1499.fixed_estimator_only,fixed_estimator_only,40000,JointlyDecisive,500,0.0,0.0,0.0,0.0,0.0,0.0,0.0,0.0,0.0,0.0,0,500,0,0,0,39543.62,2697.049322,52435.444,16791.505875,0.0
S2,3,b1s2-c40000-s1000-1499.fixed_estimator_only,fixed_estimator_only,40000,NoFault,500,1.0,0.0,0.0,0.0,0.0,0.0,0.0,0.0,0.0,0.0,0,500,0,0,0,39535.448,2688.949661,54806.616,15026.024606,0.0
S2,3,b1s2-c40000-s1000-1499.fixed_estimator_only,fixed_estimator_only,40000,CriticalFault,500,0.0,0.0,1.0,0.0,0.0,0.0,0.0,0.0,0.0,0.0,0,500,0,0,0,39535.588,2689.218754,49577.602,9612.18181,0.0
S2,3,b1s2-c40000-s1000-1499.fixed_estimator_only,fixed_estimator_only,40000,QuietUrgent,500,0.0,0.0,1.0,0.0,0.0,0.0,0.0,0.0,0.0,0.0,0,500,0,0,0,39467.618,2628.187219,49531.184,6964.308828,0.0
S2,3,b1s2-c40000-s1000-1499.fixed_estimator_only,fixed_estimator_only,40000,Duplicates,500,0.0,0.0,0.0,0.0,0.0,0.0,0.0,0.0,0.0,0.0,0,500,0,0,0,39482.36,2609.401894,50930.608,9989.421842,0.0
S2,3,b1s2-c40000-s1000-1499.fixed_estimator_only,fixed_estimator_only,40000,FeedbackBait,500,0.0,0.0,0.0,0.0,0.0,0.0,0.0,0.0,0.0,0.0,0,500,0,0,0,39526.22,2685.774772,48976.346,12192.271151,0.0
S2,3,b1s2-c40000-s1000-1499.fixed_estimator_only,fixed_estimator_only,40000,StaleMemory,500,0.0,0.0,0.0,0.0,0.0,0.0,0.0,0.0,0.0,0.0,0,500,0,0,0,39536.538,2695.73633,51322.104,14832.212305,0.0
S2,3,b1s2-c40000-s1000-1499.fixed_estimator_only,fixed_estimator_only,40000,ComponentTimeout,500,0.0,0.0,0.0,0.0,0.0,0.0,0.124,0.329912,0.0,0.0,8,492,0,0,0,34093.908,10528.461285,42381.542,16950.479158,0.0
S2,3,b1s2-c40000-s1000-1499.all_components,all_components,40000,Ambiguous,500,0.0,0.0,0.0,0.0,0.0,0.0,0.0,0.0,0.0,0.0,0,500,0,0,0,54740.968,3091.913709,66576.7,9489.143038,0.0
S2,3,b1s2-c40000-s1000-1499.all_components,all_components,40000,DelayedConfigChange,500,0.488,0.500357,0.0,0.0,0.0,0.0,0.0,0.0,0.0,0.0,244,256,0,0,0,44348.272,13573.997252,54792.72,18436.354108,0.0
S2,3,b1s2-c40000-s1000-1499.all_components,all_components,40000,NoiseFlood,500,0.0,0.0,0.0,0.0,0.0,0.0,0.0,0.0,0.0,0.0,0,500,0,0,0,54915.71,3318.771445,70102.952,23798.970661,0.0
S2,3,b1s2-c40000-s1000-1499.all_components,all_components,40000,JointlyDecisive,500,0.0,0.0,0.0,0.0,0.0,0.0,0.0,0.0,0.0,0.0,0,500,0,0,0,54722.24,3162.594018,76221.768,73103.542774,0.0
S2,3,b1s2-c40000-s1000-1499.all_components,all_components,40000,NoFault,500,1.0,0.0,0.0,0.0,0.0,0.0,0.0,0.0,0.0,0.0,0,500,0,0,0,54666.14,3168.778724,75682.664,27542.651278,0.0
S2,3,b1s2-c40000-s1000-1499.all_components,all_components,40000,CriticalFault,500,0.0,0.0,1.0,0.0,0.0,0.0,0.0,0.0,0.0,0.0,0,500,0,0,0,54709.484,3135.80349,69562.548,29154.64184,0.0
S2,3,b1s2-c40000-s1000-1499.all_components,all_components,40000,QuietUrgent,500,0.0,0.0,1.0,0.0,0.0,0.0,0.0,0.0,0.0,0.0,0,500,0,0,0,54912.7,3269.674818,66818.194,10962.768386,0.0
S2,3,b1s2-c40000-s1000-1499.all_components,all_components,40000,Duplicates,500,0.0,0.0,0.0,0.0,0.0,0.0,0.0,0.0,0.0,0.0,0,500,0,0,0,54954.426,3272.972604,68580.888,15273.149564,0.0
S2,3,b1s2-c40000-s1000-1499.all_components,all_components,40000,FeedbackBait,500,0.0,0.0,0.0,0.0,0.0,0.0,0.0,0.0,0.0,0.0,0,500,0,0,0,54732.584,3133.069096,65003.89,6990.489298,0.0
S2,3,b1s2-c40000-s1000-1499.all_components,all_components,40000,StaleMemory,500,0.0,0.0,0.0,0.0,0.0,0.0,0.0,0.0,0.0,0.0,0,500,0,0,0,54740.968,3091.913709,69283.444,15466.468314,0.0
S2,3,b1s2-c40000-s1000-1499.all_components,all_components,40000,ComponentTimeout,500,0.0,0.0,0.0,0.0,0.0,0.0,0.002,0.044721,0.0,0.0,0,500,0,0,0,43663.99,13552.668769,55633.074,18471.554856,0.0
S2,3,b1s2-c40000-s1000-1499.random_p025,random_p025,40000,Ambiguous,500,0.006,0.077304,0.0,0.0,0.0,0.0,0.0,0.0,0.0,0.0,2,498,0,0,0,58629.272,4484.738684,73810.772,9913.200563,0.008
S2,3,b1s2-c40000-s1000-1499.random_p025,random_p025,40000,DelayedConfigChange,500,0.97,0.170758,0.0,0.0,0.0,0.0,0.0,0.0,0.0,0.0,485,15,0,0,0,22390.688,16041.779821,30418.32,20863.05191,0.0
S2,3,b1s2-c40000-s1000-1499.random_p025,random_p025,40000,NoiseFlood,500,0.006,0.077304,0.0,0.0,0.0,0.0,0.0,0.0,0.0,0.0,3,497,0,0,0,58563.76,4616.272582,76266.2,12809.797873,0.0
S2,3,b1s2-c40000-s1000-1499.random_p025,random_p025,40000,JointlyDecisive,500,0.004,0.063182,0.0,0.0,0.0,0.0,0.0,0.0,0.0,0.0,0,500,0,0,0,58693.272,4313.696894,81297.43,20446.913106,0.0
S2,3,b1s2-c40000-s1000-1499.random_p025,random_p025,40000,NoFault,500,1.0,0.0,0.0,0.0,0.0,0.0,0.0,0.0,0.0,0.0,0,500,0,0,0,58676.958,4269.622127,83540.49,21034.95509,0.0
S2,3,b1s2-c40000-s1000-1499.random_p025,random_p025,40000,CriticalFault,500,0.006,0.077304,0.994,0.077304,0.0,0.0,0.0,0.0,0.0,0.0,3,497,0,0,0,58565.882,4592.384336,75356.614,13402.727943,0.002
S2,3,b1s2-c40000-s1000-1499.random_p025,random_p025,40000,QuietUrgent,500,0.006,0.077304,0.994,0.077304,0.0,0.0,0.0,0.0,0.0,0.0,3,497,0,0,0,58553.886,4584.695046,74640.094,11752.549796,0.0
S2,3,b1s2-c40000-s1000-1499.random_p025,random_p025,40000,Duplicates,500,0.006,0.077304,0.0,0.0,0.0,0.0,0.0,0.0,0.0,0.0,3,497,0,0,0,58616.208,4667.799606,76999.46,12826.106791,0.0
S2,3,b1s2-c40000-s1000-1499.random_p025,random_p025,40000,FeedbackBait,500,0.006,0.077304,0.0,0.0,0.0,0.0,0.0,0.0,0.0,0.0,1,499,0,0,0,58644.94,4573.878411,72469.966,7547.860601,0.008
S2,3,b1s2-c40000-s1000-1499.random_p025,random_p025,40000,StaleMemory,500,0.006,0.077304,0.0,0.0,0.0,0.0,0.0,0.0,0.0,0.0,2,498,0,0,0,58629.272,4484.738684,78202.304,18285.081049,0.008
S2,3,b1s2-c40000-s1000-1499.random_p025,random_p025,40000,ComponentTimeout,500,0.04,0.196155,0.0,0.0,0.0,0.0,0.002,0.044721,0.0,0.0,20,480,0,0,0,48087.172,13860.301389,67567.354,72874.952667,0.004
S2,3,b1s2-c40000-s1000-1499.oracle_evidence_privileged,oracle_evidence_privileged,40000,Ambiguous,500,1.0,0.0,0.0,0.0,0.0,0.0,0.0,0.0,0.0,0.0,500,0,0,0,0,0.0,0.0,23821.188,9194.56094,1.0
S2,3,b1s2-c40000-s1000-1499.oracle_evidence_privileged,oracle_evidence_privileged,40000,DelayedConfigChange,500,1.0,0.0,0.0,0.0,0.0,0.0,0.0,0.0,0.0,0.0,500,0,0,0,0,0.0,0.0,22958.278,10520.178543,1.0
S2,3,b1s2-c40000-s1000-1499.oracle_evidence_privileged,oracle_evidence_privileged,40000,NoiseFlood,500,1.0,0.0,0.0,0.0,0.0,0.0,0.0,0.0,0.0,0.0,500,0,0,0,0,0.0,0.0,42416.76,37576.5218,2.156
S2,3,b1s2-c40000-s1000-1499.oracle_evidence_privileged,oracle_evidence_privileged,40000,JointlyDecisive,500,1.0,0.0,0.0,0.0,0.0,0.0,0.0,0.0,0.0,0.0,500,0,0,0,0,0.0,0.0,74995.61,68279.397944,4.464
S2,3,b1s2-c40000-s1000-1499.oracle_evidence_privileged,oracle_evidence_privileged,40000,NoFault,500,1.0,0.0,0.0,0.0,0.0,0.0,0.0,0.0,0.0,0.0,500,0,0,0,0,0.0,0.0,169185.202,116240.683746,8.126
S2,3,b1s2-c40000-s1000-1499.oracle_evidence_privileged,oracle_evidence_privileged,40000,CriticalFault,500,1.0,0.0,0.0,0.0,0.0,0.0,0.0,0.0,0.0,0.0,500,0,0,0,0,0.0,0.0,32853.172,28769.729843,1.516
S2,3,b1s2-c40000-s1000-1499.oracle_evidence_privileged,oracle_evidence_privileged,40000,QuietUrgent,500,1.0,0.0,0.0,0.0,0.0,0.0,0.0,0.0,0.0,0.0,500,0,0,0,0,0.0,0.0,40296.904,27572.128405,2.156
S2,3,b1s2-c40000-s1000-1499.oracle_evidence_privileged,oracle_evidence_privileged,40000,Duplicates,500,1.0,0.0,0.0,0.0,0.0,0.0,0.0,0.0,0.0,0.0,500,0,0,0,0,0.0,0.0,41570.832,28118.416188,2.156
S2,3,b1s2-c40000-s1000-1499.oracle_evidence_privileged,oracle_evidence_privileged,40000,FeedbackBait,500,1.0,0.0,0.0,0.0,0.0,0.0,0.0,0.0,0.0,0.0,500,0,0,0,0,0.0,0.0,23612.8,9039.455848,1.0
S2,3,b1s2-c40000-s1000-1499.oracle_evidence_privileged,oracle_evidence_privileged,40000,StaleMemory,500,1.0,0.0,0.0,0.0,0.0,0.0,0.0,0.0,0.0,0.0,500,0,0,0,0,0.0,0.0,24674.074,10249.356905,1.0
S2,3,b1s2-c40000-s1000-1499.oracle_evidence_privileged,oracle_evidence_privileged,40000,ComponentTimeout,500,1.0,0.0,0.0,0.0,0.0,0.0,0.0,0.0,0.0,0.0,500,0,0,0,0,0.0,0.0,42331.778,44073.985834,2.156
S2,3,b1s2-c50000-s1000-1499.heuristic_only,heuristic_only,50000,Ambiguous,500,0.922,0.26844,0.0,0.0,0.0,0.0,0.0,0.0,0.0,0.0,406,94,0,0,0,39760.484,11287.716254,47120.304,14969.485923,1.752
S2,3,b1s2-c50000-s1000-1499.heuristic_only,heuristic_only,50000,DelayedConfigChange,500,1.0,0.0,0.0,0.0,0.0,0.0,0.0,0.0,0.0,0.0,500,0,0,0,0,2879.982,1365.901883,4364.562,2880.900144,0.0
S2,3,b1s2-c50000-s1000-1499.heuristic_only,heuristic_only,50000,NoiseFlood,500,0.914,0.280645,0.0,0.0,0.0,0.0,0.0,0.0,0.0,0.0,455,45,0,0,0,38321.018,10506.994028,48162.594,18582.305656,0.16
S2,3,b1s2-c50000-s1000-1499.heuristic_only,heuristic_only,50000,JointlyDecisive,500,0.574,0.494989,0.0,0.0,0.0,0.0,0.0,0.0,0.0,0.0,0,500,0,0,0,54498.28,897.806787,61119.014,10695.984901,0.196
S2,3,b1s2-c50000-s1000-1499.heuristic_only,heuristic_only,50000,NoFault,500,1.0,0.0,0.0,0.0,0.0,0.0,0.0,0.0,0.0,0.0,39,461,0,0,0,52544.094,1746.705291,57563.096,10111.868417,0.0
S2,3,b1s2-c50000-s1000-1499.heuristic_only,heuristic_only,50000,CriticalFault,500,0.93,0.255403,0.07,0.255403,0.0,0.0,0.0,0.0,0.0,0.0,437,63,0,0,0,37629.22,11976.357962,45913.654,19072.915449,1.032
S2,3,b1s2-c50000-s1000-1499.heuristic_only,heuristic_only,50000,QuietUrgent,500,0.926,0.262033,0.074,0.262033,0.0,0.0,0.0,0.0,0.0,0.0,463,37,0,0,0,37694.744,10560.534758,42217.43,13093.875743,0.0
S2,3,b1s2-c50000-s1000-1499.heuristic_only,heuristic_only,50000,Duplicates,500,0.872,0.334424,0.0,0.0,0.0,0.0,0.0,0.0,0.0,0.0,434,66,0,0,0,38175.416,10914.169504,45229.066,26976.409474,0.162
S2,3,b1s2-c50000-s1000-1499.heuristic_only,heuristic_only,50000,FeedbackBait,500,0.93,0.255403,0.0,0.0,0.0,0.0,0.0,0.0,0.0,0.0,401,99,0,0,0,40423.978,11010.871084,48995.488,16370.966637,1.764
S2,3,b1s2-c50000-s1000-1499.heuristic_only,heuristic_only,50000,StaleMemory,500,0.922,0.26844,0.0,0.0,0.0,0.0,0.0,0.0,0.0,0.0,406,94,0,0,0,39760.484,11287.716254,50183.878,18121.074452,1.752
S2,3,b1s2-c50000-s1000-1499.heuristic_only,heuristic_only,50000,ComponentTimeout,500,0.698,0.459585,0.0,0.0,0.0,0.0,0.126,0.332182,0.0,0.0,412,88,0,0,0,31434.012,12709.862019,37846.798,21510.733559,0.124
S2,3,b1s2-c50000-s1000-1499.fixed_heuristic_every2,fixed_heuristic_every2,50000,Ambiguous,500,1.0,0.0,0.0,0.0,0.0,0.0,0.0,0.0,0.0,0.0,500,0,0,0,0,28103.922,7736.573758,33901.742,11364.845287,1.976
S2,3,b1s2-c50000-s1000-1499.fixed_heuristic_every2,fixed_heuristic_every2,50000,DelayedConfigChange,500,1.0,0.0,0.0,0.0,0.0,0.0,0.0,0.0,0.0,0.0,500,0,0,0,0,2647.56,841.196232,3901.932,3854.5314,0.0
S2,3,b1s2-c50000-s1000-1499.fixed_heuristic_every2,fixed_heuristic_every2,50000,NoiseFlood,500,1.0,0.0,0.0,0.0,0.0,0.0,0.0,0.0,0.0,0.0,500,0,0,0,0,25314.664,6758.826319,31952.02,12656.029382,0.148
S2,3,b1s2-c50000-s1000-1499.fixed_heuristic_every2,fixed_heuristic_every2,50000,JointlyDecisive,500,0.616,0.486845,0.0,0.0,0.0,0.0,0.0,0.0,0.0,0.0,172,328,0,0,0,59456.024,3378.345093,66198.53,10169.545239,0.158
S2,3,b1s2-c50000-s1000-1499.fixed_heuristic_every2,fixed_heuristic_every2,50000,NoFault,500,1.0,0.0,0.0,0.0,0.0,0.0,0.0,0.0,0.0,0.0,500,0,0,0,0,40611.124,2891.133868,44286.326,9924.500257,0.0
S2,3,b1s2-c50000-s1000-1499.fixed_heuristic_every2,fixed_heuristic_every2,50000,CriticalFault,500,1.0,0.0,0.0,0.0,0.0,0.0,0.0,0.0,0.0,0.0,500,0,0,0,0,25987.922,7909.062817,31993.73,13379.914688,1.116
S2,3,b1s2-c50000-s1000-1499.fixed_heuristic_every2,fixed_heuristic_every2,50000,QuietUrgent,500,1.0,0.0,0.0,0.0,0.0,0.0,0.0,0.0,0.0,0.0,500,0,0,0,0,24861.86,6683.502642,28188.588,9090.127652,0.0
S2,3,b1s2-c50000-s1000-1499.fixed_heuristic_every2,fixed_heuristic_every2,50000,Duplicates,500,1.0,0.0,0.0,0.0,0.0,0.0,0.0,0.0,0.0,0.0,500,0,0,0,0,25308.69,7038.473866,31199.986,27823.710996,0.148
S2,3,b1s2-c50000-s1000-1499.fixed_heuristic_every2,fixed_heuristic_every2,50000,FeedbackBait,500,1.0,0.0,0.0,0.0,0.0,0.0,0.0,0.0,0.0,0.0,500,0,0,0,0,28407.734,7609.265555,35023.31,12189.807175,1.976
S2,3,b1s2-c50000-s1000-1499.fixed_heuristic_every2,fixed_heuristic_every2,50000,StaleMemory,500,1.0,0.0,0.0,0.0,0.0,0.0,0.0,0.0,0.0,0.0,500,0,0,0,0,28103.922,7736.573758,35670.53,12370.137895,1.976
S2,3,b1s2-c50000-s1000-1499.fixed_heuristic_every2,fixed_heuristic_every2,50000,ComponentTimeout,500,0.806,0.395825,0.0,0.0,0.0,0.0,0.122,0.327614,0.0,0.0,471,29,0,0,0,22788.16,7053.595706,27461.68,13946.865776,0.124
S2,3,b1s2-c50000-s1000-1499.fixed_heuristic_every4,fixed_heuristic_every4,50000,Ambiguous,500,1.0,0.0,0.0,0.0,0.0,0.0,0.0,0.0,0.0,0.0,500,0,0,0,0,22029.028,5219.332923,26134.258,9329.197652,1.976
S2,3,b1s2-c50000-s1000-1499.fixed_heuristic_every4,fixed_heuristic_every4,50000,DelayedConfigChange,500,1.0,0.0,0.0,0.0,0.0,0.0,0.0,0.0,0.0,0.0,500,0,0,0,0,2859.828,757.137086,3810.654,1876.989049,0.0
S2,3,b1s2-c50000-s1000-1499.fixed_heuristic_every4,fixed_heuristic_every4,50000,NoiseFlood,500,1.0,0.0,0.0,0.0,0.0,0.0,0.0,0.0,0.0,0.0,500,0,0,0,0,18851.132,4763.471142,22543.276,8087.143936,0.092
S2,3,b1s2-c50000-s1000-1499.fixed_heuristic_every4,fixed_heuristic_every4,50000,JointlyDecisive,500,0.616,0.486845,0.0,0.0,0.0,0.0,0.0,0.0,0.0,0.0,437,63,0,0,0,53138.79,8746.33281,55501.864,12362.064383,0.082
S2,3,b1s2-c50000-s1000-1499.fixed_heuristic_every4,fixed_heuristic_every4,50000,NoFault,500,1.0,0.0,0.0,0.0,0.0,0.0,0.0,0.0,0.0,0.0,500,0,0,0,0,29536.976,1497.310472,30186.668,6340.322413,0.0
S2,3,b1s2-c50000-s1000-1499.fixed_heuristic_every4,fixed_heuristic_every4,50000,CriticalFault,500,1.0,0.0,0.0,0.0,0.0,0.0,0.0,0.0,0.0,0.0,500,0,0,0,0,20068.258,5525.07995,23716.026,8962.813304,1.078
S2,3,b1s2-c50000-s1000-1499.fixed_heuristic_every4,fixed_heuristic_every4,50000,QuietUrgent,500,1.0,0.0,0.0,0.0,0.0,0.0,0.0,0.0,0.0,0.0,500,0,0,0,0,18590.18,4655.164871,20428.362,7466.502551,0.0
S2,3,b1s2-c50000-s1000-1499.fixed_heuristic_every4,fixed_heuristic_every4,50000,Duplicates,500,1.0,0.0,0.0,0.0,0.0,0.0,0.0,0.0,0.0,0.0,500,0,0,0,0,18883.86,4888.773498,22011.776,7936.948013,0.092
S2,3,b1s2-c50000-s1000-1499.fixed_heuristic_every4,fixed_heuristic_every4,50000,FeedbackBait,500,1.0,0.0,0.0,0.0,0.0,0.0,0.0,0.0,0.0,0.0,500,0,0,0,0,22185.35,5147.631026,26771.148,11610.007165,1.976
S2,3,b1s2-c50000-s1000-1499.fixed_heuristic_every4,fixed_heuristic_every4,50000,StaleMemory,500,1.0,0.0,0.0,0.0,0.0,0.0,0.0,0.0,0.0,0.0,500,0,0,0,0,22029.028,5219.332923,27830.448,11270.088274,1.976
S2,3,b1s2-c50000-s1000-1499.fixed_heuristic_every4,fixed_heuristic_every4,50000,ComponentTimeout,500,0.864,0.343132,0.0,0.0,0.0,0.0,0.122,0.327614,0.0,0.0,497,3,0,0,0,17996.896,4705.982522,20584.768,9969.384656,0.066
S2,3,b1s2-c50000-s1000-1499.fixed_heuristic_every8,fixed_heuristic_every8,50000,Ambiguous,500,1.0,0.0,0.0,0.0,0.0,0.0,0.0,0.0,0.0,0.0,500,0,0,0,0,19673.374,4250.748422,22203.432,6249.943091,1.976
S2,3,b1s2-c50000-s1000-1499.fixed_heuristic_every8,fixed_heuristic_every8,50000,DelayedConfigChange,500,1.0,0.0,0.0,0.0,0.0,0.0,0.0,0.0,0.0,0.0,500,0,0,0,0,3478.31,4.379527,4029.134,1235.915143,0.0
S2,3,b1s2-c50000-s1000-1499.fixed_heuristic_every8,fixed_heuristic_every8,50000,NoiseFlood,500,1.0,0.0,0.0,0.0,0.0,0.0,0.0,0.0,0.0,0.0,500,0,0,0,0,15954.238,4022.38487,18327.232,7941.953338,0.07
S2,3,b1s2-c50000-s1000-1499.fixed_heuristic_every8,fixed_heuristic_every8,50000,JointlyDecisive,500,0.616,0.486845,0.0,0.0,0.0,0.0,0.0,0.0,0.0,0.0,500,0,0,0,0,44652.486,9151.109893,45113.48,11689.631265,0.058
S2,3,b1s2-c50000-s1000-1499.fixed_heuristic_every8,fixed_heuristic_every8,50000,NoFault,500,1.0,0.0,0.0,0.0,0.0,0.0,0.0,0.0,0.0,0.0,500,0,0,0,0,23513.92,803.341572,22390.532,5475.706153,0.0
S2,3,b1s2-c50000-s1000-1499.fixed_heuristic_every8,fixed_heuristic_every8,50000,CriticalFault,500,1.0,0.0,0.0,0.0,0.0,0.0,0.0,0.0,0.0,0.0,500,0,0,0,0,17636.206,4680.348368,20344.162,8170.374927,1.062
S2,3,b1s2-c50000-s1000-1499.fixed_heuristic_every8,fixed_heuristic_every8,50000,QuietUrgent,500,1.0,0.0,0.0,0.0,0.0,0.0,0.0,0.0,0.0,0.0,500,0,0,0,0,15715.228,3812.436174,16653.868,15795.639509,0.0
S2,3,b1s2-c50000-s1000-1499.fixed_heuristic_every8,fixed_heuristic_every8,50000,Duplicates,500,1.0,0.0,0.0,0.0,0.0,0.0,0.0,0.0,0.0,0.0,500,0,0,0,0,15991.06,4060.628043,17758.77,5828.868544,0.07
S2,3,b1s2-c50000-s1000-1499.fixed_heuristic_every8,fixed_heuristic_every8,50000,FeedbackBait,500,1.0,0.0,0.0,0.0,0.0,0.0,0.0,0.0,0.0,0.0,500,0,0,0,0,19757.802,4240.021484,23108.072,7295.37636,1.976
S2,3,b1s2-c50000-s1000-1499.fixed_heuristic_every8,fixed_heuristic_every8,50000,StaleMemory,500,1.0,0.0,0.0,0.0,0.0,0.0,0.0,0.0,0.0,0.0,500,0,0,0,0,19673.374,4250.748422,26408.674,58173.33268,1.976
S2,3,b1s2-c50000-s1000-1499.fixed_heuristic_every8,fixed_heuristic_every8,50000,ComponentTimeout,500,0.878,0.327614,0.0,0.0,0.0,0.0,0.122,0.327614,0.0,0.0,500,0,0,0,0,15788.616,3861.7035,16774.632,7267.422687,0.056
S2,3,b1s2-c50000-s1000-1499.fixed_heuristic_every16,fixed_heuristic_every16,50000,Ambiguous,500,0.942,0.233978,0.0,0.0,0.0,0.0,0.0,0.0,0.0,0.0,500,0,0,0,0,18800.732,3165.568931,20343.524,5658.956817,1.856
S2,3,b1s2-c50000-s1000-1499.fixed_heuristic_every16,fixed_heuristic_every16,50000,DelayedConfigChange,500,1.0,0.0,0.0,0.0,0.0,0.0,0.0,0.0,0.0,0.0,500,0,0,0,0,5729.162,5.285416,5822.284,2921.992482,0.0
S2,3,b1s2-c50000-s1000-1499.fixed_heuristic_every16,fixed_heuristic_every16,50000,NoiseFlood,500,0.942,0.233978,0.0,0.0,0.0,0.0,0.0,0.0,0.0,0.0,500,0,0,0,0,14998.954,3459.563213,16068.722,6789.142903,0.04
S2,3,b1s2-c50000-s1000-1499.fixed_heuristic_every16,fixed_heuristic_every16,50000,JointlyDecisive,500,0.578,0.494373,0.0,0.0,0.0,0.0,0.0,0.0,0.0,0.0,500,0,0,0,0,37780.918,8562.21232,36211.512,11629.720395,0.028
S2,3,b1s2-c50000-s1000-1499.fixed_heuristic_every16,fixed_heuristic_every16,50000,NoFault,500,1.0,0.0,0.0,0.0,0.0,0.0,0.0,0.0,0.0,0.0,500,0,0,0,0,20382.218,427.213977,18191.824,6840.332993,0.0
S2,3,b1s2-c50000-s1000-1499.fixed_heuristic_every16,fixed_heuristic_every16,50000,CriticalFault,500,0.942,0.233978,0.058,0.233978,0.0,0.0,0.0,0.0,0.0,0.0,500,0,0,0,0,16889.948,3914.425165,18213.214,7192.289356,1.0
S2,3,b1s2-c50000-s1000-1499.fixed_heuristic_every16,fixed_heuristic_every16,50000,QuietUrgent,500,0.942,0.233978,0.058,0.233978,0.0,0.0,0.0,0.0,0.0,0.0,500,0,0,0,0,14811.838,3091.805895,14429.24,5418.660175,0.0
S2,3,b1s2-c50000-s1000-1499.fixed_heuristic_every16,fixed_heuristic_every16,50000,Duplicates,500,0.942,0.233978,0.0,0.0,0.0,0.0,0.0,0.0,0.0,0.0,500,0,0,0,0,15046.864,3465.206152,15628.036,5783.287882,0.04
S2,3,b1s2-c50000-s1000-1499.fixed_heuristic_every16,fixed_heuristic_every16,50000,FeedbackBait,500,0.942,0.233978,0.0,0.0,0.0,0.0,0.0,0.0,0.0,0.0,500,0,0,0,0,18858.538,3162.540525,20900.314,6282.80178,1.856
S2,3,b1s2-c50000-s1000-1499.fixed_heuristic_every16,fixed_heuristic_every16,50000,StaleMemory,500,0.942,0.233978,0.0,0.0,0.0,0.0,0.0,0.0,0.0,0.0,500,0,0,0,0,18800.732,3165.568931,21221.52,6418.958292,1.856
S2,3,b1s2-c50000-s1000-1499.fixed_heuristic_every16,fixed_heuristic_every16,50000,ComponentTimeout,500,0.83,0.376009,0.0,0.0,0.0,0.0,0.122,0.327614,0.0,0.0,500,0,0,0,0,15141.614,3249.931153,14839.672,5889.413434,0.034
S2,3,b1s2-c50000-s1000-1499.fixed_estimator_only,fixed_estimator_only,50000,Ambiguous,500,0.028,0.165138,0.0,0.0,0.0,0.0,0.0,0.0,0.0,0.0,0,500,0,0,0,49184.602,3222.333347,61019.332,24721.911907,0.034
S2,3,b1s2-c50000-s1000-1499.fixed_estimator_only,fixed_estimator_only,50000,DelayedConfigChange,500,1.0,0.0,0.0,0.0,0.0,0.0,0.0,0.0,0.0,0.0,500,0,0,0,0,11608.646,4022.278338,18009.174,8036.582623,0.0
S2,3,b1s2-c50000-s1000-1499.fixed_estimator_only,fixed_estimator_only,50000,NoiseFlood,500,0.026,0.159295,0.0,0.0,0.0,0.0,0.0,0.0,0.0,0.0,13,487,0,0,0,49084.528,3237.749998,67501.446,21251.24656,0.004
S2,3,b1s2-c50000-s1000-1499.fixed_estimator_only,fixed_estimator_only,50000,JointlyDecisive,500,0.016,0.125601,0.0,0.0,0.0,0.0,0.0,0.0,0.0,0.0,0,500,0,0,0,49160.668,3216.552486,65311.874,98712.893591,0.004
S2,3,b1s2-c50000-s1000-1499.fixed_estimator_only,fixed_estimator_only,50000,NoFault,500,1.0,0.0,0.0,0.0,0.0,0.0,0.0,0.0,0.0,0.0,0,500,0,0,0,49128.464,3153.061314,62455.948,10320.047319,0.0
S2,3,b1s2-c50000-s1000-1499.fixed_estimator_only,fixed_estimator_only,50000,CriticalFault,500,0.028,0.165138,0.972,0.165138,0.0,0.0,0.0,0.0,0.0,0.0,7,493,0,0,0,49144.654,3194.173889,66404.116,38891.223969,0.02
S2,3,b1s2-c50000-s1000-1499.fixed_estimator_only,fixed_estimator_only,50000,QuietUrgent,500,0.03,0.170758,0.97,0.170758,0.0,0.0,0.0,0.0,0.0,0.0,15,485,0,0,0,49073.47,3229.271379,61963.52,18511.796575,0.0
S2,3,b1s2-c50000-s1000-1499.fixed_estimator_only,fixed_estimator_only,50000,Duplicates,500,0.024,0.153202,0.0,0.0,0.0,0.0,0.0,0.0,0.0,0.0,12,488,0,0,0,49063.284,3328.036248,61758.436,10505.351438,0.004
S2,3,b1s2-c50000-s1000-1499.fixed_estimator_only,fixed_estimator_only,50000,FeedbackBait,500,0.028,0.165138,0.0,0.0,0.0,0.0,0.0,0.0,0.0,0.0,0,500,0,0,0,49168.738,3232.921998,60905.488,10627.459323,0.034
S2,3,b1s2-c50000-s1000-1499.fixed_estimator_only,fixed_estimator_only,50000,StaleMemory,500,0.028,0.165138,0.0,0.0,0.0,0.0,0.0,0.0,0.0,0.0,0,500,0,0,0,49184.602,3222.333347,64569.262,16555.961929,0.034
S2,3,b1s2-c50000-s1000-1499.fixed_estimator_only,fixed_estimator_only,50000,ComponentTimeout,500,0.016,0.125601,0.0,0.0,0.0,0.0,0.124,0.329912,0.0,0.0,22,478,0,0,0,41994.674,13617.923658,54949.184,24382.596123,0.002
S2,3,b1s2-c50000-s1000-1499.all_components,all_components,50000,Ambiguous,500,0.0,0.0,0.0,0.0,0.0,0.0,0.0,0.0,0.0,0.0,0,500,0,0,0,67475.304,4365.286054,80796.466,11063.015017,0.0
S2,3,b1s2-c50000-s1000-1499.all_components,all_components,50000,DelayedConfigChange,500,0.652,0.476813,0.0,0.0,0.0,0.0,0.0,0.0,0.0,0.0,326,174,0,0,0,49623.646,18414.13543,66620.534,27838.405367,0.0
S2,3,b1s2-c50000-s1000-1499.all_components,all_components,50000,NoiseFlood,500,0.0,0.0,0.0,0.0,0.0,0.0,0.0,0.0,0.0,0.0,0,500,0,0,0,68032.386,4380.619409,92138.422,37619.547398,0.0
S2,3,b1s2-c50000-s1000-1499.all_components,all_components,50000,JointlyDecisive,500,0.0,0.0,0.0,0.0,0.0,0.0,0.0,0.0,0.0,0.0,0,500,0,0,0,67512.688,4339.708974,87064.654,91964.938429,0.0
S2,3,b1s2-c50000-s1000-1499.all_components,all_components,50000,NoFault,500,1.0,0.0,0.0,0.0,0.0,0.0,0.0,0.0,0.0,0.0,0,500,0,0,0,67469.696,4324.871885,86550.724,19815.352894,0.0
S2,3,b1s2-c50000-s1000-1499.all_components,all_components,50000,CriticalFault,500,0.0,0.0,1.0,0.0,0.0,0.0,0.0,0.0,0.0,0.0,0,500,0,0,0,67539.436,4396.101324,85396.592,19132.499142,0.0
S2,3,b1s2-c50000-s1000-1499.all_components,all_components,50000,QuietUrgent,500,0.0,0.0,1.0,0.0,0.0,0.0,0.0,0.0,0.0,0.0,0,500,0,0,0,67972.866,4417.317451,84565.232,19999.440792,0.0
S2,3,b1s2-c50000-s1000-1499.all_components,all_components,50000,Duplicates,500,0.0,0.0,0.0,0.0,0.0,0.0,0.0,0.0,0.0,0.0,0,500,0,0,0,67953.288,4428.08714,85379.656,17921.600529,0.0
S2,3,b1s2-c50000-s1000-1499.all_components,all_components,50000,FeedbackBait,500,0.0,0.0,0.0,0.0,0.0,0.0,0.0,0.0,0.0,0.0,0,500,0,0,0,67516.852,4296.858998,82740.93,15472.302228,0.0
S2,3,b1s2-c50000-s1000-1499.all_components,all_components,50000,StaleMemory,500,0.0,0.0,0.0,0.0,0.0,0.0,0.0,0.0,0.0,0.0,0,500,0,0,0,67475.304,4365.286054,85691.406,17306.185134,0.0
S2,3,b1s2-c50000-s1000-1499.all_components,all_components,50000,ComponentTimeout,500,0.0,0.0,0.0,0.0,0.0,0.0,0.002,0.044721,0.0,0.0,0,500,0,0,0,53350.92,16676.269558,70446.69,24093.427104,0.0
S2,3,b1s2-c50000-s1000-1499.random_p025,random_p025,50000,Ambiguous,500,0.016,0.125601,0.0,0.0,0.0,0.0,0.0,0.0,0.0,0.0,4,496,0,0,0,72524.556,5188.335339,91456.478,11919.613282,0.032
S2,3,b1s2-c50000-s1000-1499.random_p025,random_p025,50000,DelayedConfigChange,500,0.992,0.089173,0.0,0.0,0.0,0.0,0.0,0.0,0.0,0.0,496,4,0,0,0,22614.53,16661.532135,33573.25,24418.184238,0.0
S2,3,b1s2-c50000-s1000-1499.random_p025,random_p025,50000,NoiseFlood,500,0.016,0.125601,0.0,0.0,0.0,0.0,0.0,0.0,0.0,0.0,8,492,0,0,0,72287.266,5452.224815,102125.81,28762.457901,0.0
S2,3,b1s2-c50000-s1000-1499.random_p025,random_p025,50000,JointlyDecisive,500,0.016,0.125601,0.0,0.0,0.0,0.0,0.0,0.0,0.0,0.0,0,500,0,0,0,72639.372,4561.689102,96422.874,65758.930853,0.0
S2,3,b1s2-c50000-s1000-1499.random_p025,random_p025,50000,NoFault,500,1.0,0.0,0.0,0.0,0.0,0.0,0.0,0.0,0.0,0.0,0,500,0,0,0,72769.644,4554.304218,96114.312,15850.942727,0.0
S2,3,b1s2-c50000-s1000-1499.random_p025,random_p025,50000,CriticalFault,500,0.02,0.14014,0.98,0.14014,0.0,0.0,0.0,0.0,0.0,0.0,6,494,0,0,0,72478.27,5316.4812,98644.588,37573.937123,0.018
S2,3,b1s2-c50000-s1000-1499.random_p025,random_p025,50000,QuietUrgent,500,0.018,0.133084,0.982,0.133084,0.0,0.0,0.0,0.0,0.0,0.0,9,491,0,0,0,72304.342,5431.440764,93773.324,16887.390173,0.0
S2,3,b1s2-c50000-s1000-1499.random_p025,random_p025,50000,Duplicates,500,0.018,0.133084,0.0,0.0,0.0,0.0,0.0,0.0,0.0,0.0,9,491,0,0,0,72348.424,5428.699046,94810.482,19479.849386,0.0
S2,3,b1s2-c50000-s1000-1499.random_p025,random_p025,50000,FeedbackBait,500,0.02,0.14014,0.0,0.0,0.0,0.0,0.0,0.0,0.0,0.0,4,496,0,0,0,72503.9,5081.521879,92659.168,15241.663546,0.036
S2,3,b1s2-c50000-s1000-1499.random_p025,random_p025,50000,StaleMemory,500,0.016,0.125601,0.0,0.0,0.0,0.0,0.0,0.0,0.0,0.0,4,496,0,0,0,72524.556,5188.335339,97097.21,19475.791599,0.032
S2,3,b1s2-c50000-s1000-1499.random_p025,random_p025,50000,ComponentTimeout,500,0.054,0.226244,0.0,0.0,0.0,0.0,0.002,0.044721,0.0,0.0,28,472,0,0,0,59150.918,17214.565085,83500.748,31845.277817,0.004
S2,3,b1s2-c50000-s1000-1499.oracle_evidence_privileged,oracle_evidence_privileged,50000,Ambiguous,500,1.0,0.0,0.0,0.0,0.0,0.0,0.0,0.0,0.0,0.0,500,0,0,0,0,0.0,0.0,24347.668,9701.902747,1.0
S2,3,b1s2-c50000-s1000-1499.oracle_evidence_privileged,oracle_evidence_privileged,50000,DelayedConfigChange,500,1.0,0.0,0.0,0.0,0.0,0.0,0.0,0.0,0.0,0.0,500,0,0,0,0,0.0,0.0,24883.85,11923.593948,1.0
S2,3,b1s2-c50000-s1000-1499.oracle_evidence_privileged,oracle_evidence_privileged,50000,NoiseFlood,500,1.0,0.0,0.0,0.0,0.0,0.0,0.0,0.0,0.0,0.0,500,0,0,0,0,0.0,0.0,44495.068,30973.79192,2.156
S2,3,b1s2-c50000-s1000-1499.oracle_evidence_privileged,oracle_evidence_privileged,50000,JointlyDecisive,500,1.0,0.0,0.0,0.0,0.0,0.0,0.0,0.0,0.0,0.0,500,0,0,0,0,0.0,0.0,68029.488,26239.928212,4.464
S2,3,b1s2-c50000-s1000-1499.oracle_evidence_privileged,oracle_evidence_privileged,50000,NoFault,500,1.0,0.0,0.0,0.0,0.0,0.0,0.0,0.0,0.0,0.0,500,0,0,0,0,0.0,0.0,159553.602,107757.726662,8.126
S2,3,b1s2-c50000-s1000-1499.oracle_evidence_privileged,oracle_evidence_privileged,50000,CriticalFault,500,1.0,0.0,0.0,0.0,0.0,0.0,0.0,0.0,0.0,0.0,500,0,0,0,0,0.0,0.0,32993.26,23892.168725,1.516
S2,3,b1s2-c50000-s1000-1499.oracle_evidence_privileged,oracle_evidence_privileged,50000,QuietUrgent,500,1.0,0.0,0.0,0.0,0.0,0.0,0.0,0.0,0.0,0.0,500,0,0,0,0,0.0,0.0,40564.864,27453.509443,2.156
S2,3,b1s2-c50000-s1000-1499.oracle_evidence_privileged,oracle_evidence_privileged,50000,Duplicates,500,1.0,0.0,0.0,0.0,0.0,0.0,0.0,0.0,0.0,0.0,500,0,0,0,0,0.0,0.0,40692.638,26882.764455,2.156
S2,3,b1s2-c50000-s1000-1499.oracle_evidence_privileged,oracle_evidence_privileged,50000,FeedbackBait,500,1.0,0.0,0.0,0.0,0.0,0.0,0.0,0.0,0.0,0.0,500,0,0,0,0,0.0,0.0,26532.572,36053.687663,1.0
S2,3,b1s2-c50000-s1000-1499.oracle_evidence_privileged,oracle_evidence_privileged,50000,StaleMemory,500,1.0,0.0,0.0,0.0,0.0,0.0,0.0,0.0,0.0,0.0,500,0,0,0,0,0.0,0.0,25583.488,11017.837193,1.0
S2,3,b1s2-c50000-s1000-1499.oracle_evidence_privileged,oracle_evidence_privileged,50000,ComponentTimeout,500,1.0,0.0,0.0,0.0,0.0,0.0,0.0,0.0,0.0,0.0,500,0,0,0,0,0.0,0.0,44282.878,31199.608788,2.156
S3,50,b3n50-c20000000-s1000-1499.heuristic_only,heuristic_only,20000000,Ambiguous,500,1.0,0.0,0.0,0.0,0.0,0.0,0.0,0.0,0.0,0.0,500,0,0,0,0,51202.958,12764.118482,69175.358,23054.572863,1.976
S3,50,b3n50-c20000000-s1000-1499.heuristic_only,heuristic_only,20000000,DelayedConfigChange,500,1.0,0.0,0.0,0.0,0.0,0.0,0.0,0.0,0.0,0.0,500,0,0,0,0,4333.724,1884.201749,7556.214,18589.735347,0.0
S3,50,b3n50-c20000000-s1000-1499.heuristic_only,heuristic_only,20000000,NoiseFlood,500,1.0,0.0,0.0,0.0,0.0,0.0,0.0,0.0,0.0,0.0,500,0,0,0,0,45196.524,12646.936815,52260.076,16640.222577,0.172
S3,50,b3n50-c20000000-s1000-1499.heuristic_only,heuristic_only,20000000,JointlyDecisive,500,0.616,0.486845,0.0,0.0,0.0,0.0,0.0,0.0,0.0,0.0,500,0,0,0,0,110352.038,11021.308387,125734.546,20445.276694,0.198
S3,50,b3n50-c20000000-s1000-1499.heuristic_only,heuristic_only,20000000,NoFault,500,1.0,0.0,0.0,0.0,0.0,0.0,0.0,0.0,0.0,0.0,500,0,0,0,0,79003.172,1140.043681,92290.294,49830.963691,0.0
S3,50,b3n50-c20000000-s1000-1499.heuristic_only,heuristic_only,20000000,CriticalFault,500,1.0,0.0,0.0,0.0,0.0,0.0,0.0,0.0,0.0,0.0,500,0,0,0,0,48347.408,13120.822426,59076.488,17910.623502,1.132
S3,50,b3n50-c20000000-s1000-1499.heuristic_only,heuristic_only,20000000,QuietUrgent,500,1.0,0.0,0.0,0.0,0.0,0.0,0.0,0.0,0.0,0.0,500,0,0,0,0,43892.34,12064.274786,52449.154,18071.684948,0.0
S3,50,b3n50-c20000000-s1000-1499.heuristic_only,heuristic_only,20000000,Duplicates,500,1.0,0.0,0.0,0.0,0.0,0.0,0.0,0.0,0.0,0.0,500,0,0,0,0,51455.758,16039.201281,65036.854,38264.718584,0.172
S3,50,b3n50-c20000000-s1000-1499.heuristic_only,heuristic_only,20000000,FeedbackBait,500,1.0,0.0,0.0,0.0,0.0,0.0,0.0,0.0,0.0,0.0,500,0,0,0,0,51232.588,12769.799027,65634.754,19119.245111,1.976
S3,50,b3n50-c20000000-s1000-1499.heuristic_only,heuristic_only,20000000,StaleMemory,500,1.0,0.0,0.0,0.0,0.0,0.0,0.0,0.0,0.0,0.0,500,0,0,0,0,51202.958,12764.118482,66517.35,20858.14887,1.976
S3,50,b3n50-c20000000-s1000-1499.heuristic_only,heuristic_only,20000000,ComponentTimeout,500,0.87,0.33664,0.0,0.0,0.0,0.0,0.13,0.33664,0.0,0.0,500,0,0,0,0,41586.192,15056.535412,48276.462,18964.990869,0.152
S3,50,b3n50-c20000000-s1000-1499.all_components,all_components,20000000,Ambiguous,500,1.0,0.0,0.0,0.0,0.0,0.0,0.0,0.0,0.0,0.0,500,0,0,0,0,554272.116,187404.472086,713964.33,332606.671898,1.976
S3,50,b3n50-c20000000-s1000-1499.all_components,all_components,20000000,DelayedConfigChange,500,1.0,0.0,0.0,0.0,0.0,0.0,0.0,0.0,0.0,0.0,500,0,0,0,0,57309.064,27664.077091,73533.734,36575.452374,0.0
S3,50,b3n50-c20000000-s1000-1499.all_components,all_components,20000000,NoiseFlood,500,1.0,0.0,0.0,0.0,0.0,0.0,0.0,0.0,0.0,0.0,500,0,0,0,0,535365.516,186829.01194,603045.966,215174.379198,0.172
S3,50,b3n50-c20000000-s1000-1499.all_components,all_components,20000000,JointlyDecisive,500,0.616,0.486845,0.0,0.0,0.0,0.0,0.0,0.0,0.0,0.0,500,0,0,0,0,765134.18,149083.68003,885121.834,168593.012668,0.198
S3,50,b3n50-c20000000-s1000-1499.all_components,all_components,20000000,NoFault,500,1.0,0.0,0.0,0.0,0.0,0.0,0.0,0.0,0.0,0.0,500,0,0,0,0,926173.018,196502.103477,1073533.452,319833.062199,0.0
S3,50,b3n50-c20000000-s1000-1499.all_components,all_components,20000000,CriticalFault,500,1.0,0.0,0.0,0.0,0.0,0.0,0.0,0.0,0.0,0.0,500,0,0,0,0,545237.406,187435.324708,628959.126,213533.423245,1.132
S3,50,b3n50-c20000000-s1000-1499.all_components,all_components,20000000,QuietUrgent,500,1.0,0.0,0.0,0.0,0.0,0.0,0.0,0.0,0.0,0.0,500,0,0,0,0,530463.59,184834.680131,624983.064,230857.97084,0.0
S3,50,b3n50-c20000000-s1000-1499.all_components,all_components,20000000,Duplicates,500,1.0,0.0,0.0,0.0,0.0,0.0,0.0,0.0,0.0,0.0,500,0,0,0,0,562185.84,198674.273806,666809.544,228016.918995,0.172
S3,50,b3n50-c20000000-s1000-1499.all_components,all_components,20000000,FeedbackBait,500,1.0,0.0,0.0,0.0,0.0,0.0,0.0,0.0,0.0,0.0,500,0,0,0,0,554389.01,187430.888901,662250.456,239021.252918,1.976
S3,50,b3n50-c20000000-s1000-1499.all_components,all_components,20000000,StaleMemory,500,1.0,0.0,0.0,0.0,0.0,0.0,0.0,0.0,0.0,0.0,500,0,0,0,0,554272.116,187404.472086,665249.894,230786.566265,1.976
S3,50,b3n50-c20000000-s1000-1499.all_components,all_components,20000000,ComponentTimeout,500,0.998,0.044721,0.0,0.0,0.0,0.0,0.002,0.044721,0.0,0.0,500,0,0,0,0,452511.812,225290.28034,519931.73,251349.40535,0.172
S3,50,b3n50-c20000000-s1000-1499.random_p025,random_p025,20000000,Ambiguous,500,0.996,0.063182,0.0,0.0,0.0,0.0,0.0,0.0,0.0,0.0,500,0,0,0,0,186780.808,68712.921077,302790.684,857097.953476,1.948
S3,50,b3n50-c20000000-s1000-1499.random_p025,random_p025,20000000,DelayedConfigChange,500,1.0,0.0,0.0,0.0,0.0,0.0,0.0,0.0,0.0,0.0,500,0,0,0,0,23136.992,16914.58293,33540.236,24169.575627,0.0
S3,50,b3n50-c20000000-s1000-1499.random_p025,random_p025,20000000,NoiseFlood,500,0.996,0.063182,0.0,0.0,0.0,0.0,0.0,0.0,0.0,0.0,500,0,0,0,0,178121.292,68727.733556,226312.476,84225.990527,0.068
S3,50,b3n50-c20000000-s1000-1499.random_p025,random_p025,20000000,JointlyDecisive,500,0.614,0.487318,0.0,0.0,0.0,0.0,0.0,0.0,0.0,0.0,500,0,0,0,0,248522.21,57373.990957,329213.248,73194.24187,0.086
S3,50,b3n50-c20000000-s1000-1499.random_p025,random_p025,20000000,NoFault,500,1.0,0.0,0.0,0.0,0.0,0.0,0.0,0.0,0.0,0.0,500,0,0,0,0,292292.564,76412.525347,384392.848,115691.487545,0.0
S3,50,b3n50-c20000000-s1000-1499.random_p025,random_p025,20000000,CriticalFault,500,0.996,0.063182,0.004,0.063182,0.0,0.0,0.0,0.0,0.0,0.0,500,0,0,0,0,182481.052,68897.965959,241427.662,85574.240436,1.064
S3,50,b3n50-c20000000-s1000-1499.random_p025,random_p025,20000000,QuietUrgent,500,0.996,0.063182,0.004,0.063182,0.0,0.0,0.0,0.0,0.0,0.0,500,0,0,0,0,176616.512,68043.083663,237572.486,105510.299888,0.0
S3,50,b3n50-c20000000-s1000-1499.random_p025,random_p025,20000000,Duplicates,500,0.994,0.077304,0.0,0.0,0.0,0.0,0.0,0.0,0.0,0.0,500,0,0,0,0,186031.078,71605.556322,261546.022,106608.406483,0.068
S3,50,b3n50-c20000000-s1000-1499.random_p025,random_p025,20000000,FeedbackBait,500,0.996,0.063182,0.0,0.0,0.0,0.0,0.0,0.0,0.0,0.0,500,0,0,0,0,186841.72,68724.762862,250142.864,87772.791031,1.948
S3,50,b3n50-c20000000-s1000-1499.random_p025,random_p025,20000000,StaleMemory,500,0.996,0.063182,0.0,0.0,0.0,0.0,0.0,0.0,0.0,0.0,500,0,0,0,0,186780.808,68712.921077,256331.896,98914.054458,1.948
S3,50,b3n50-c20000000-s1000-1499.random_p025,random_p025,20000000,ComponentTimeout,500,0.994,0.077304,0.0,0.0,0.0,0.0,0.002,0.044721,0.0,0.0,500,0,0,0,0,151405.402,78352.349286,199665.924,104597.095473,0.076
S3,50,b3n50-c20000000-s1000-1499.random_p050,random_p050,20000000,Ambiguous,500,1.0,0.0,0.0,0.0,0.0,0.0,0.0,0.0,0.0,0.0,500,0,0,0,0,306328.04,108763.111023,427212.802,243660.185353,1.976
S3,50,b3n50-c20000000-s1000-1499.random_p050,random_p050,20000000,DelayedConfigChange,500,1.0,0.0,0.0,0.0,0.0,0.0,0.0,0.0,0.0,0.0,500,0,0,0,0,34860.834,20325.221155,47815.756,27295.821495,0.0
S3,50,b3n50-c20000000-s1000-1499.random_p050,random_p050,20000000,NoiseFlood,500,1.0,0.0,0.0,0.0,0.0,0.0,0.0,0.0,0.0,0.0,500,0,0,0,0,294400.274,108133.537737,353382.942,125136.851798,0.108
S3,50,b3n50-c20000000-s1000-1499.random_p050,random_p050,20000000,JointlyDecisive,500,0.616,0.486845,0.0,0.0,0.0,0.0,0.0,0.0,0.0,0.0,500,0,0,0,0,419364.276,88885.81785,528746.58,110015.595544,0.122
S3,50,b3n50-c20000000-s1000-1499.random_p050,random_p050,20000000,NoFault,500,1.0,0.0,0.0,0.0,0.0,0.0,0.0,0.0,0.0,0.0,500,0,0,0,0,502318.046,118973.038429,623850.988,169818.68667,0.0
S3,50,b3n50-c20000000-s1000-1499.random_p050,random_p050,20000000,CriticalFault,500,1.0,0.0,0.0,0.0,0.0,0.0,0.0,0.0,0.0,0.0,500,0,0,0,0,300480.876,108832.118584,373712.642,131345.578971,1.102
S3,50,b3n50-c20000000-s1000-1499.random_p050,random_p050,20000000,QuietUrgent,500,1.0,0.0,0.0,0.0,0.0,0.0,0.0,0.0,0.0,0.0,500,0,0,0,0,291762.686,107006.040808,365825.682,143452.021622,0.0
S3,50,b3n50-c20000000-s1000-1499.random_p050,random_p050,20000000,Duplicates,500,1.0,0.0,0.0,0.0,0.0,0.0,0.0,0.0,0.0,0.0,500,0,0,0,0,308642.494,114439.746701,401904.172,154996.047467,0.108
S3,50,b3n50-c20000000-s1000-1499.random_p050,random_p050,20000000,FeedbackBait,500,1.0,0.0,0.0,0.0,0.0,0.0,0.0,0.0,0.0,0.0,500,0,0,0,0,306409.686,108786.486967,391784.866,140538.028705,1.976
S3,50,b3n50-c20000000-s1000-1499.random_p050,random_p050,20000000,StaleMemory,500,1.0,0.0,0.0,0.0,0.0,0.0,0.0,0.0,0.0,0.0,500,0,0,0,0,306328.04,108763.111023,395040.976,135905.297229,1.976
S3,50,b3n50-c20000000-s1000-1499.random_p050,random_p050,20000000,ComponentTimeout,500,0.998,0.044721,0.0,0.0,0.0,0.0,0.002,0.044721,0.0,0.0,500,0,0,0,0,249814.268,125876.612054,309551.856,150776.361363,0.112
S3,50,b3n50-c20000000-s1000-1499.fixed_verifier_only,fixed_verifier_only,20000000,Ambiguous,500,1.0,0.0,0.0,0.0,0.0,0.0,0.0,0.0,0.0,0.0,500,0,0,0,0,423853.388,159809.092209,514140.35,436433.126462,1.976
S3,50,b3n50-c20000000-s1000-1499.fixed_verifier_only,fixed_verifier_only,20000000,DelayedConfigChange,500,1.0,0.0,0.0,0.0,0.0,0.0,0.0,0.0,0.0,0.0,500,0,0,0,0,43836.718,23086.200323,51429.87,26683.986946,0.0
S3,50,b3n50-c20000000-s1000-1499.fixed_verifier_only,fixed_verifier_only,20000000,NoiseFlood,500,1.0,0.0,0.0,0.0,0.0,0.0,0.0,0.0,0.0,0.0,500,0,0,0,0,415223.214,159516.27286,447356.806,178874.753511,0.172
S3,50,b3n50-c20000000-s1000-1499.fixed_verifier_only,fixed_verifier_only,20000000,JointlyDecisive,500,0.616,0.486845,0.0,0.0,0.0,0.0,0.0,0.0,0.0,0.0,500,0,0,0,0,519823.702,141940.936948,573625.984,157910.610204,0.198
S3,50,b3n50-c20000000-s1000-1499.fixed_verifier_only,fixed_verifier_only,20000000,NoFault,500,1.0,0.0,0.0,0.0,0.0,0.0,0.0,0.0,0.0,0.0,500,0,0,0,0,717199.702,191746.861966,794545.734,242225.986846,0.0
S3,50,b3n50-c20000000-s1000-1499.fixed_verifier_only,fixed_verifier_only,20000000,CriticalFault,500,1.0,0.0,0.0,0.0,0.0,0.0,0.0,0.0,0.0,0.0,500,0,0,0,0,419762.364,159736.498477,454728.088,165684.469555,1.132
S3,50,b3n50-c20000000-s1000-1499.fixed_verifier_only,fixed_verifier_only,20000000,QuietUrgent,500,1.0,0.0,0.0,0.0,0.0,0.0,0.0,0.0,0.0,0.0,500,0,0,0,0,413440.258,158971.585215,464719.282,220087.016534,0.0
S3,50,b3n50-c20000000-s1000-1499.fixed_verifier_only,fixed_verifier_only,20000000,Duplicates,500,1.0,0.0,0.0,0.0,0.0,0.0,0.0,0.0,0.0,0.0,500,0,0,0,0,422750.044,162436.05045,475753.728,193007.593951,0.172
S3,50,b3n50-c20000000-s1000-1499.fixed_verifier_only,fixed_verifier_only,20000000,FeedbackBait,500,1.0,0.0,0.0,0.0,0.0,0.0,0.0,0.0,0.0,0.0,500,0,0,0,0,423885.198,159817.12272,467784.766,170655.639084,1.976
S3,50,b3n50-c20000000-s1000-1499.fixed_verifier_only,fixed_verifier_only,20000000,StaleMemory,500,1.0,0.0,0.0,0.0,0.0,0.0,0.0,0.0,0.0,0.0,500,0,0,0,0,423853.388,159809.092209,476469.5,190186.388585,1.976
S3,50,b3n50-c20000000-s1000-1499.fixed_verifier_only,fixed_verifier_only,20000000,ComponentTimeout,500,0.842,0.365106,0.0,0.0,0.0,0.0,0.158,0.365106,0.0,0.0,500,0,0,0,0,348687.75,206450.398153,372697.71,219086.577706,0.136
S3,50,b3n50-c20000000-s1000-1499.fixed_estimator_only,fixed_estimator_only,20000000,Ambiguous,500,1.0,0.0,0.0,0.0,0.0,0.0,0.0,0.0,0.0,0.0,500,0,0,0,0,102692.304,25141.416053,144497.606,57182.165436,1.976
S3,50,b3n50-c20000000-s1000-1499.fixed_estimator_only,fixed_estimator_only,20000000,DelayedConfigChange,500,1.0,0.0,0.0,0.0,0.0,0.0,0.0,0.0,0.0,0.0,500,0,0,0,0,11668.734,4063.769313,17852.768,6613.601032,0.0
S3,50,b3n50-c20000000-s1000-1499.fixed_estimator_only,fixed_estimator_only,20000000,NoiseFlood,500,1.0,0.0,0.0,0.0,0.0,0.0,0.0,0.0,0.0,0.0,500,0,0,0,0,93074.332,24534.30203,117834.83,35123.538927,0.172
S3,50,b3n50-c20000000-s1000-1499.fixed_estimator_only,fixed_estimator_only,20000000,JointlyDecisive,500,0.616,0.486845,0.0,0.0,0.0,0.0,0.0,0.0,0.0,0.0,500,0,0,0,0,204788.636,22471.715018,244740.526,77978.872591,0.198
S3,50,b3n50-c20000000-s1000-1499.fixed_estimator_only,fixed_estimator_only,20000000,NoFault,500,1.0,0.0,0.0,0.0,0.0,0.0,0.0,0.0,0.0,0.0,500,0,0,0,0,157848.656,4889.623664,199551.598,36760.28355,0.0
S3,50,b3n50-c20000000-s1000-1499.fixed_estimator_only,fixed_estimator_only,20000000,CriticalFault,500,1.0,0.0,0.0,0.0,0.0,0.0,0.0,0.0,0.0,0.0,500,0,0,0,0,98124.334,25364.066255,126964.788,36456.917071,1.132
S3,50,b3n50-c20000000-s1000-1499.fixed_estimator_only,fixed_estimator_only,20000000,QuietUrgent,500,1.0,0.0,0.0,0.0,0.0,0.0,0.0,0.0,0.0,0.0,500,0,0,0,0,91351.65,23890.26289,120255.37,41874.861435,0.0
S3,50,b3n50-c20000000-s1000-1499.fixed_estimator_only,fixed_estimator_only,20000000,Duplicates,500,1.0,0.0,0.0,0.0,0.0,0.0,0.0,0.0,0.0,0.0,500,0,0,0,0,100079.67,28070.670431,132575.22,44672.559525,0.172
S3,50,b3n50-c20000000-s1000-1499.fixed_estimator_only,fixed_estimator_only,20000000,FeedbackBait,500,1.0,0.0,0.0,0.0,0.0,0.0,0.0,0.0,0.0,0.0,500,0,0,0,0,102721.972,25146.170494,137462.042,49109.553082,1.976
S3,50,b3n50-c20000000-s1000-1499.fixed_estimator_only,fixed_estimator_only,20000000,StaleMemory,500,1.0,0.0,0.0,0.0,0.0,0.0,0.0,0.0,0.0,0.0,500,0,0,0,0,102692.304,25141.416053,136315.016,38961.832197,1.976
S3,50,b3n50-c20000000-s1000-1499.fixed_estimator_only,fixed_estimator_only,20000000,ComponentTimeout,500,0.868,0.33883,0.0,0.0,0.0,0.0,0.132,0.33883,0.0,0.0,500,0,0,0,0,82877.614,34345.801808,107578.682,68392.651609,0.15
S3,50,b3n50-c20000000-s1000-1499.fixed_heuristic_every2,fixed_heuristic_every2,20000000,Ambiguous,500,1.0,0.0,0.0,0.0,0.0,0.0,0.0,0.0,0.0,0.0,500,0,0,0,0,33281.142,7910.728576,47660.9,15644.610294,1.976
S3,50,b3n50-c20000000-s1000-1499.fixed_heuristic_every2,fixed_heuristic_every2,20000000,DelayedConfigChange,500,1.0,0.0,0.0,0.0,0.0,0.0,0.0,0.0,0.0,0.0,500,0,0,0,0,3253.912,1187.331707,5270.458,3155.376496,0.0
S3,50,b3n50-c20000000-s1000-1499.fixed_heuristic_every2,fixed_heuristic_every2,20000000,NoiseFlood,500,1.0,0.0,0.0,0.0,0.0,0.0,0.0,0.0,0.0,0.0,500,0,0,0,0,28652.514,7738.158469,35156.056,12728.937583,0.148
S3,50,b3n50-c20000000-s1000-1499.fixed_heuristic_every2,fixed_heuristic_every2,20000000,JointlyDecisive,500,0.616,0.486845,0.0,0.0,0.0,0.0,0.0,0.0,0.0,0.0,500,0,0,0,0,75715.434,9655.389238,90990.498,32406.007153,0.158
S3,50,b3n50-c20000000-s1000-1499.fixed_heuristic_every2,fixed_heuristic_every2,20000000,NoFault,500,1.0,0.0,0.0,0.0,0.0,0.0,0.0,0.0,0.0,0.0,500,0,0,0,0,48772.226,550.932562,59153.982,15039.712122,0.0
S3,50,b3n50-c20000000-s1000-1499.fixed_heuristic_every2,fixed_heuristic_every2,20000000,CriticalFault,500,1.0,0.0,0.0,0.0,0.0,0.0,0.0,0.0,0.0,0.0,500,0,0,0,0,31083.226,8229.619396,39915.394,11718.838166,1.116
S3,50,b3n50-c20000000-s1000-1499.fixed_heuristic_every2,fixed_heuristic_every2,20000000,QuietUrgent,500,1.0,0.0,0.0,0.0,0.0,0.0,0.0,0.0,0.0,0.0,500,0,0,0,0,27873.492,7388.989288,34350.89,11775.063657,0.0
S3,50,b3n50-c20000000-s1000-1499.fixed_heuristic_every2,fixed_heuristic_every2,20000000,Duplicates,500,1.0,0.0,0.0,0.0,0.0,0.0,0.0,0.0,0.0,0.0,500,0,0,0,0,31880.682,9385.097829,44557.872,17905.96753,0.148
S3,50,b3n50-c20000000-s1000-1499.fixed_heuristic_every2,fixed_heuristic_every2,20000000,FeedbackBait,500,1.0,0.0,0.0,0.0,0.0,0.0,0.0,0.0,0.0,0.0,500,0,0,0,0,33296.694,7911.021217,47989.976,69932.989602,1.976
S3,50,b3n50-c20000000-s1000-1499.fixed_heuristic_every2,fixed_heuristic_every2,20000000,StaleMemory,500,1.0,0.0,0.0,0.0,0.0,0.0,0.0,0.0,0.0,0.0,500,0,0,0,0,33281.142,7910.728576,46369.91,15566.34468,1.976
S3,50,b3n50-c20000000-s1000-1499.fixed_heuristic_every2,fixed_heuristic_every2,20000000,ComponentTimeout,500,0.87,0.33664,0.0,0.0,0.0,0.0,0.13,0.33664,0.0,0.0,500,0,0,0,0,27171.676,8149.113724,33456.538,12620.82091,0.128
S3,50,b3n50-c20000000-s1000-1499.fixed_heuristic_every4,fixed_heuristic_every4,20000000,Ambiguous,500,1.0,0.0,0.0,0.0,0.0,0.0,0.0,0.0,0.0,0.0,500,0,0,0,0,24561.81,5368.412091,54751.228,382129.478923,1.976
S3,50,b3n50-c20000000-s1000-1499.fixed_heuristic_every4,fixed_heuristic_every4,20000000,DelayedConfigChange,500,1.0,0.0,0.0,0.0,0.0,0.0,0.0,0.0,0.0,0.0,500,0,0,0,0,3071.57,981.894017,4604.86,1973.785788,0.0
S3,50,b3n50-c20000000-s1000-1499.fixed_heuristic_every4,fixed_heuristic_every4,20000000,NoiseFlood,500,1.0,0.0,0.0,0.0,0.0,0.0,0.0,0.0,0.0,0.0,500,0,0,0,0,20515.866,5308.405589,25063.956,8696.053686,0.092
S3,50,b3n50-c20000000-s1000-1499.fixed_heuristic_every4,fixed_heuristic_every4,20000000,JointlyDecisive,500,0.616,0.486845,0.0,0.0,0.0,0.0,0.0,0.0,0.0,0.0,500,0,0,0,0,57475.144,9020.241545,67790.362,13459.044034,0.082
S3,50,b3n50-c20000000-s1000-1499.fixed_heuristic_every4,fixed_heuristic_every4,20000000,NoFault,500,1.0,0.0,0.0,0.0,0.0,0.0,0.0,0.0,0.0,0.0,500,0,0,0,0,33592.03,273.319938,40723.518,8394.80826,0.0
S3,50,b3n50-c20000000-s1000-1499.fixed_heuristic_every4,fixed_heuristic_every4,20000000,CriticalFault,500,1.0,0.0,0.0,0.0,0.0,0.0,0.0,0.0,0.0,0.0,500,0,0,0,0,22588.614,5752.142693,29529.542,9046.92244,1.078
S3,50,b3n50-c20000000-s1000-1499.fixed_heuristic_every4,fixed_heuristic_every4,20000000,QuietUrgent,500,1.0,0.0,0.0,0.0,0.0,0.0,0.0,0.0,0.0,0.0,500,0,0,0,0,20101.744,5081.160974,25810.322,12506.412558,0.0
S3,50,b3n50-c20000000-s1000-1499.fixed_heuristic_every4,fixed_heuristic_every4,20000000,Duplicates,500,1.0,0.0,0.0,0.0,0.0,0.0,0.0,0.0,0.0,0.0,500,0,0,0,0,22263.722,6092.602396,32805.64,12081.496536,0.092
S3,50,b3n50-c20000000-s1000-1499.fixed_heuristic_every4,fixed_heuristic_every4,20000000,FeedbackBait,500,1.0,0.0,0.0,0.0,0.0,0.0,0.0,0.0,0.0,0.0,500,0,0,0,0,24570.77,5368.647038,33731.29,9343.707645,1.976
S3,50,b3n50-c20000000-s1000-1499.fixed_heuristic_every4,fixed_heuristic_every4,20000000,StaleMemory,500,1.0,0.0,0.0,0.0,0.0,0.0,0.0,0.0,0.0,0.0,500,0,0,0,0,24561.81,5368.412091,34596.428,9975.366722,1.976
S3,50,b3n50-c20000000-s1000-1499.fixed_heuristic_every4,fixed_heuristic_every4,20000000,ComponentTimeout,500,0.87,0.33664,0.0,0.0,0.0,0.0,0.13,0.33664,0.0,0.0,500,0,0,0,0,20062.87,5061.891284,25176.836,16155.549865,0.074
S3,50,b3n50-c20000000-s1000-1499.oracle_evidence_privileged,oracle_evidence_privileged,20000000,Ambiguous,500,1.0,0.0,0.0,0.0,0.0,0.0,0.0,0.0,0.0,0.0,500,0,0,0,0,0.0,0.0,27958.48,12905.410501,1.0
S3,50,b3n50-c20000000-s1000-1499.oracle_evidence_privileged,oracle_evidence_privileged,20000000,DelayedConfigChange,500,1.0,0.0,0.0,0.0,0.0,0.0,0.0,0.0,0.0,0.0,500,0,0,0,0,0.0,0.0,24114.686,10439.390228,1.0
S3,50,b3n50-c20000000-s1000-1499.oracle_evidence_privileged,oracle_evidence_privileged,20000000,NoiseFlood,500,1.0,0.0,0.0,0.0,0.0,0.0,0.0,0.0,0.0,0.0,500,0,0,0,0,0.0,0.0,41542.92,26846.516483,2.156
S3,50,b3n50-c20000000-s1000-1499.oracle_evidence_privileged,oracle_evidence_privileged,20000000,JointlyDecisive,500,1.0,0.0,0.0,0.0,0.0,0.0,0.0,0.0,0.0,0.0,500,0,0,0,0,0.0,0.0,70344.42,25451.649024,4.464
S3,50,b3n50-c20000000-s1000-1499.oracle_evidence_privileged,oracle_evidence_privileged,20000000,NoFault,500,1.0,0.0,0.0,0.0,0.0,0.0,0.0,0.0,0.0,0.0,500,0,0,0,0,0.0,0.0,162140.278,109104.309128,8.126
S3,50,b3n50-c20000000-s1000-1499.oracle_evidence_privileged,oracle_evidence_privileged,20000000,CriticalFault,500,1.0,0.0,0.0,0.0,0.0,0.0,0.0,0.0,0.0,0.0,500,0,0,0,0,0.0,0.0,32388.394,21793.05159,1.516
S3,50,b3n50-c20000000-s1000-1499.oracle_evidence_privileged,oracle_evidence_privileged,20000000,QuietUrgent,500,1.0,0.0,0.0,0.0,0.0,0.0,0.0,0.0,0.0,0.0,500,0,0,0,0,0.0,0.0,43299.952,29799.011503,2.156
S3,50,b3n50-c20000000-s1000-1499.oracle_evidence_privileged,oracle_evidence_privileged,20000000,Duplicates,500,1.0,0.0,0.0,0.0,0.0,0.0,0.0,0.0,0.0,0.0,500,0,0,0,0,0.0,0.0,43158.206,28711.320195,2.156
S3,50,b3n50-c20000000-s1000-1499.oracle_evidence_privileged,oracle_evidence_privileged,20000000,FeedbackBait,500,1.0,0.0,0.0,0.0,0.0,0.0,0.0,0.0,0.0,0.0,500,0,0,0,0,0.0,0.0,26042.318,9915.983271,1.0
S3,50,b3n50-c20000000-s1000-1499.oracle_evidence_privileged,oracle_evidence_privileged,20000000,StaleMemory,500,1.0,0.0,0.0,0.0,0.0,0.0,0.0,0.0,0.0,0.0,500,0,0,0,0,0.0,0.0,26137.242,11633.310485,1.0
S3,50,b3n50-c20000000-s1000-1499.oracle_evidence_privileged,oracle_evidence_privileged,20000000,ComponentTimeout,500,1.0,0.0,0.0,0.0,0.0,0.0,0.0,0.0,0.0,0.0,500,0,0,0,0,0.0,0.0,45554.244,82168.754674,2.156
S3,50,b3n50-c20000000-s1000-1499.oracle_immediate_privileged,oracle_immediate_privileged,20000000,Ambiguous,500,1.0,0.0,0.0,0.0,0.0,0.0,0.0,0.0,0.0,0.0,500,0,0,0,0,0.0,0.0,423.984,653.297932,0.0
S3,50,b3n50-c20000000-s1000-1499.oracle_immediate_privileged,oracle_immediate_privileged,20000000,DelayedConfigChange,500,1.0,0.0,0.0,0.0,0.0,0.0,0.0,0.0,0.0,0.0,500,0,0,0,0,0.0,0.0,273.514,71.854603,0.0
S3,50,b3n50-c20000000-s1000-1499.oracle_immediate_privileged,oracle_immediate_privileged,20000000,NoiseFlood,500,1.0,0.0,0.0,0.0,0.0,0.0,0.0,0.0,0.0,0.0,500,0,0,0,0,0.0,0.0,339.982,100.675164,0.0
S3,50,b3n50-c20000000-s1000-1499.oracle_immediate_privileged,oracle_immediate_privileged,20000000,JointlyDecisive,500,1.0,0.0,0.0,0.0,0.0,0.0,0.0,0.0,0.0,0.0,500,0,0,0,0,0.0,0.0,476.228,2038.713609,0.0
S3,50,b3n50-c20000000-s1000-1499.oracle_immediate_privileged,oracle_immediate_privileged,20000000,NoFault,500,1.0,0.0,0.0,0.0,0.0,0.0,0.0,0.0,0.0,0.0,500,0,0,0,0,0.0,0.0,394.024,167.481664,0.0
S3,50,b3n50-c20000000-s1000-1499.oracle_immediate_privileged,oracle_immediate_privileged,20000000,CriticalFault,500,1.0,0.0,0.0,0.0,0.0,0.0,0.0,0.0,0.0,0.0,500,0,0,0,0,0.0,0.0,350.19,154.915731,0.0
S3,50,b3n50-c20000000-s1000-1499.oracle_immediate_privileged,oracle_immediate_privileged,20000000,QuietUrgent,500,1.0,0.0,0.0,0.0,0.0,0.0,0.0,0.0,0.0,0.0,500,0,0,0,0,0.0,0.0,355.732,114.184186,0.0
S3,50,b3n50-c20000000-s1000-1499.oracle_immediate_privileged,oracle_immediate_privileged,20000000,Duplicates,500,1.0,0.0,0.0,0.0,0.0,0.0,0.0,0.0,0.0,0.0,500,0,0,0,0,0.0,0.0,375.058,115.078394,0.0
S3,50,b3n50-c20000000-s1000-1499.oracle_immediate_privileged,oracle_immediate_privileged,20000000,FeedbackBait,500,1.0,0.0,0.0,0.0,0.0,0.0,0.0,0.0,0.0,0.0,500,0,0,0,0,0.0,0.0,369.74,99.846618,0.0
S3,50,b3n50-c20000000-s1000-1499.oracle_immediate_privileged,oracle_immediate_privileged,20000000,StaleMemory,500,1.0,0.0,0.0,0.0,0.0,0.0,0.0,0.0,0.0,0.0,500,0,0,0,0,0.0,0.0,389.81,311.136069,0.0
S3,50,b3n50-c20000000-s1000-1499.oracle_immediate_privileged,oracle_immediate_privileged,20000000,ComponentTimeout,500,1.0,0.0,0.0,0.0,0.0,0.0,0.0,0.0,0.0,0.0,500,0,0,0,0,0.0,0.0,338.54,96.769733,0.0
S3,50,b3n50-c250000-s1000-1499.heuristic_only,heuristic_only,250000,Ambiguous,500,1.0,0.0,0.0,0.0,0.0,0.0,0.0,0.0,0.0,0.0,500,0,0,0,0,51202.958,12764.118482,67010.784,20012.094708,1.976
S3,50,b3n50-c250000-s1000-1499.heuristic_only,heuristic_only,250000,DelayedConfigChange,500,1.0,0.0,0.0,0.0,0.0,0.0,0.0,0.0,0.0,0.0,500,0,0,0,0,4333.724,1884.201749,6495.31,2497.570509,0.0
S3,50,b3n50-c250000-s1000-1499.heuristic_only,heuristic_only,250000,NoiseFlood,500,1.0,0.0,0.0,0.0,0.0,0.0,0.0,0.0,0.0,0.0,500,0,0,0,0,45196.524,12646.936815,56779.79,25147.05685,0.172
S3,50,b3n50-c250000-s1000-1499.heuristic_only,heuristic_only,250000,JointlyDecisive,500,0.616,0.486845,0.0,0.0,0.0,0.0,0.0,0.0,0.0,0.0,500,0,0,0,0,110352.038,11021.308387,126134.082,20919.471905,0.198
S3,50,b3n50-c250000-s1000-1499.heuristic_only,heuristic_only,250000,NoFault,500,1.0,0.0,0.0,0.0,0.0,0.0,0.0,0.0,0.0,0.0,500,0,0,0,0,79003.172,1140.043681,89878.108,17622.968334,0.0
S3,50,b3n50-c250000-s1000-1499.heuristic_only,heuristic_only,250000,CriticalFault,500,1.0,0.0,0.0,0.0,0.0,0.0,0.0,0.0,0.0,0.0,500,0,0,0,0,48347.408,13120.822426,64297.986,24469.443144,1.132
S3,50,b3n50-c250000-s1000-1499.heuristic_only,heuristic_only,250000,QuietUrgent,500,1.0,0.0,0.0,0.0,0.0,0.0,0.0,0.0,0.0,0.0,500,0,0,0,0,43892.34,12064.274786,52654.724,18684.011006,0.0
S3,50,b3n50-c250000-s1000-1499.heuristic_only,heuristic_only,250000,Duplicates,500,1.0,0.0,0.0,0.0,0.0,0.0,0.0,0.0,0.0,0.0,500,0,0,0,0,51455.758,16039.201281,67239.718,30282.006179,0.172
S3,50,b3n50-c250000-s1000-1499.heuristic_only,heuristic_only,250000,FeedbackBait,500,1.0,0.0,0.0,0.0,0.0,0.0,0.0,0.0,0.0,0.0,500,0,0,0,0,51232.588,12769.799027,64203.916,16001.053667,1.976
S3,50,b3n50-c250000-s1000-1499.heuristic_only,heuristic_only,250000,StaleMemory,500,1.0,0.0,0.0,0.0,0.0,0.0,0.0,0.0,0.0,0.0,500,0,0,0,0,51202.958,12764.118482,70599.236,28965.980351,1.976
S3,50,b3n50-c250000-s1000-1499.heuristic_only,heuristic_only,250000,ComponentTimeout,500,0.866,0.340993,0.0,0.0,0.0,0.0,0.13,0.33664,0.0,0.0,499,1,0,0,0,41585.88,15056.385669,52767.074,24963.400205,0.152
S3,50,b3n50-c250000-s1000-1499.all_components,all_components,250000,Ambiguous,500,0.112,0.315682,0.0,0.0,0.0,0.0,0.0,0.0,0.0,0.0,44,456,0,0,0,315876.626,16447.664386,371016.08,52317.256837,0.192
S3,50,b3n50-c250000-s1000-1499.all_components,all_components,250000,DelayedConfigChange,500,1.0,0.0,0.0,0.0,0.0,0.0,0.0,0.0,0.0,0.0,500,0,0,0,0,57309.064,27664.077091,70469.718,31606.202425,0.0
S3,50,b3n50-c250000-s1000-1499.all_components,all_components,250000,NoiseFlood,500,0.112,0.315682,0.0,0.0,0.0,0.0,0.0,0.0,0.0,0.0,56,444,0,0,0,314262.066,20280.694722,378769.448,111114.258481,0.014
S3,50,b3n50-c250000-s1000-1499.all_components,all_components,250000,JointlyDecisive,500,0.058,0.233978,0.0,0.0,0.0,0.0,0.0,0.0,0.0,0.0,0,500,0,0,0,318252.45,9997.345114,371875.49,82855.252387,0.016
S3,50,b3n50-c250000-s1000-1499.all_components,all_components,250000,NoFault,500,1.0,0.0,0.0,0.0,0.0,0.0,0.0,0.0,0.0,0.0,0,500,0,0,0,318490.26,9632.088398,369279.426,58812.356991,0.0
S3,50,b3n50-c250000-s1000-1499.all_components,all_components,250000,CriticalFault,500,0.112,0.315682,0.888,0.315682,0.0,0.0,0.0,0.0,0.0,0.0,53,447,0,0,0,315069.704,18557.128044,387590.402,83416.204834,0.092
S3,50,b3n50-c250000-s1000-1499.all_components,all_components,250000,QuietUrgent,500,0.112,0.315682,0.888,0.315682,0.0,0.0,0.0,0.0,0.0,0.0,56,444,0,0,0,314122.906,20597.721839,369732.166,72952.112427,0.0
S3,50,b3n50-c250000-s1000-1499.all_components,all_components,250000,Duplicates,500,0.082,0.274639,0.0,0.0,0.0,0.0,0.0,0.0,0.0,0.0,40,460,0,0,0,311727.592,17606.511693,385235.002,106487.423971,0.014
S3,50,b3n50-c250000-s1000-1499.all_components,all_components,250000,FeedbackBait,500,0.112,0.315682,0.0,0.0,0.0,0.0,0.0,0.0,0.0,0.0,45,455,0,0,0,315889.978,16422.335015,362468.378,32574.771089,0.194
S3,50,b3n50-c250000-s1000-1499.all_components,all_components,250000,StaleMemory,500,0.112,0.315682,0.0,0.0,0.0,0.0,0.0,0.0,0.0,0.0,44,456,0,0,0,315876.626,16447.664386,387960.468,78282.060789,0.192
S3,50,b3n50-c250000-s1000-1499.all_components,all_components,250000,ComponentTimeout,500,0.188,0.391103,0.0,0.0,0.0,0.0,0.002,0.044721,0.0,0.0,93,407,0,0,0,244399.18,81239.750241,296222.504,109572.23907,0.042
S3,50,b3n50-c250000-s1000-1499.random_p025,random_p025,250000,Ambiguous,500,0.976,0.153202,0.0,0.0,0.0,0.0,0.0,0.0,0.0,0.0,489,11,0,0,0,186148.07,66902.259235,253689.348,88698.802995,1.91
S3,50,b3n50-c250000-s1000-1499.random_p025,random_p025,250000,DelayedConfigChange,500,1.0,0.0,0.0,0.0,0.0,0.0,0.0,0.0,0.0,0.0,500,0,0,0,0,23136.992,16914.58293,31986.322,22254.235041,0.0
S3,50,b3n50-c250000-s1000-1499.random_p025,random_p025,250000,NoiseFlood,500,0.98,0.14014,0.0,0.0,0.0,0.0,0.0,0.0,0.0,0.0,492,8,0,0,0,177720.818,67545.381971,242797.356,105514.271683,0.068
S3,50,b3n50-c250000-s1000-1499.random_p025,random_p025,250000,JointlyDecisive,500,0.602,0.489976,0.0,0.0,0.0,0.0,0.0,0.0,0.0,0.0,454,46,0,0,0,245718.818,51272.037713,326437.514,74998.420156,0.086
S3,50,b3n50-c250000-s1000-1499.random_p025,random_p025,250000,NoFault,500,1.0,0.0,0.0,0.0,0.0,0.0,0.0,0.0,0.0,0.0,380,120,0,0,0,279975.422,57625.34463,360873.686,87301.551178,0.0
S3,50,b3n50-c250000-s1000-1499.random_p025,random_p025,250000,CriticalFault,500,0.974,0.159295,0.026,0.159295,0.0,0.0,0.0,0.0,0.0,0.0,488,12,0,0,0,182019.148,67582.271729,257891.1,103597.474289,1.044
S3,50,b3n50-c250000-s1000-1499.random_p025,random_p025,250000,QuietUrgent,500,0.98,0.14014,0.02,0.14014,0.0,0.0,0.0,0.0,0.0,0.0,492,8,0,0,0,176229.624,66880.917553,236046.66,103941.370258,0.0
S3,50,b3n50-c250000-s1000-1499.random_p025,random_p025,250000,Duplicates,500,0.95,0.218163,0.0,0.0,0.0,0.0,0.0,0.0,0.0,0.0,477,23,0,0,0,185023.254,69067.983473,266726.264,117732.484295,0.064
S3,50,b3n50-c250000-s1000-1499.random_p025,random_p025,250000,FeedbackBait,500,0.976,0.153202,0.0,0.0,0.0,0.0,0.0,0.0,0.0,0.0,489,11,0,0,0,186207.988,66911.630511,246586.16,81169.695931,1.91
S3,50,b3n50-c250000-s1000-1499.random_p025,random_p025,250000,StaleMemory,500,0.976,0.153202,0.0,0.0,0.0,0.0,0.0,0.0,0.0,0.0,489,11,0,0,0,186148.07,66902.259235,264317.604,105426.731246,1.91
S3,50,b3n50-c250000-s1000-1499.random_p025,random_p025,250000,ComponentTimeout,500,0.922,0.26844,0.0,0.0,0.0,0.0,0.002,0.044721,0.0,0.0,463,37,0,0,0,148682.384,74578.363532,205685.334,102139.658765,0.074
S3,50,b3n50-c250000-s1000-1499.random_p050,random_p050,250000,Ambiguous,500,0.66,0.474183,0.0,0.0,0.0,0.0,0.0,0.0,0.0,0.0,317,183,0,0,0,272110.922,63345.096099,346362.228,90991.068308,1.27
S3,50,b3n50-c250000-s1000-1499.random_p050,random_p050,250000,DelayedConfigChange,500,1.0,0.0,0.0,0.0,0.0,0.0,0.0,0.0,0.0,0.0,500,0,0,0,0,34860.834,20325.221155,46105.608,24715.758015,0.0
S3,50,b3n50-c250000-s1000-1499.random_p050,random_p050,250000,NoiseFlood,500,0.66,0.474183,0.0,0.0,0.0,0.0,0.0,0.0,0.0,0.0,330,170,0,0,0,264335.002,66845.222311,336584.986,91908.781253,0.07
S3,50,b3n50-c250000-s1000-1499.random_p050,random_p050,250000,JointlyDecisive,500,0.4,0.490389,0.0,0.0,0.0,0.0,0.0,0.0,0.0,0.0,40,460,0,0,0,316840.22,15719.201049,399691.694,48825.998353,0.074
S3,50,b3n50-c250000-s1000-1499.random_p050,random_p050,250000,NoFault,500,1.0,0.0,0.0,0.0,0.0,0.0,0.0,0.0,0.0,0.0,14,486,0,0,0,324573.252,11851.250267,406812.852,81352.670821,0.0
S3,50,b3n50-c250000-s1000-1499.random_p050,random_p050,250000,CriticalFault,500,0.66,0.474183,0.34,0.474183,0.0,0.0,0.0,0.0,0.0,0.0,324,176,0,0,0,268247.832,65407.170996,355535.258,107825.943771,0.688
S3,50,b3n50-c250000-s1000-1499.random_p050,random_p050,250000,QuietUrgent,500,0.664,0.472812,0.336,0.472812,0.0,0.0,0.0,0.0,0.0,0.0,332,168,0,0,0,263326.642,67324.506031,329156.79,96273.291459,0.0
S3,50,b3n50-c250000-s1000-1499.random_p050,random_p050,250000,Duplicates,500,0.596,0.491189,0.0,0.0,0.0,0.0,0.0,0.0,0.0,0.0,298,202,0,0,0,268682.974,63079.204053,355748.784,98144.987907,0.072
S3,50,b3n50-c250000-s1000-1499.random_p050,random_p050,250000,FeedbackBait,500,0.66,0.474183,0.0,0.0,0.0,0.0,0.0,0.0,0.0,0.0,318,182,0,0,0,272172.044,63338.399886,335439.144,70553.879268,1.27
S3,50,b3n50-c250000-s1000-1499.random_p050,random_p050,250000,StaleMemory,500,0.66,0.474183,0.0,0.0,0.0,0.0,0.0,0.0,0.0,0.0,317,183,0,0,0,272110.922,63345.096099,368198.318,133895.871733,1.27
S3,50,b3n50-c250000-s1000-1499.random_p050,random_p050,250000,ComponentTimeout,500,0.576,0.494685,0.0,0.0,0.0,0.0,0.002,0.044721,0.0,0.0,289,211,0,0,0,210523.174,88156.96948,281842.02,174580.549409,0.064
S3,50,b3n50-c250000-s1000-1499.fixed_verifier_only,fixed_verifier_only,250000,Ambiguous,500,0.446,0.497573,0.0,0.0,0.0,0.0,0.0,0.0,0.0,0.0,218,282,0,0,0,335346.502,61485.889223,372549.198,87971.548484,0.866
S3,50,b3n50-c250000-s1000-1499.fixed_verifier_only,fixed_verifier_only,250000,DelayedConfigChange,500,1.0,0.0,0.0,0.0,0.0,0.0,0.0,0.0,0.0,0.0,500,0,0,0,0,43836.718,23086.200323,49306.476,23911.625983,0.0
S3,50,b3n50-c250000-s1000-1499.fixed_verifier_only,fixed_verifier_only,250000,NoiseFlood,500,0.442,0.497122,0.0,0.0,0.0,0.0,0.0,0.0,0.0,0.0,221,279,0,0,0,331387.942,64428.502751,377264.304,102525.240099,0.074
S3,50,b3n50-c250000-s1000-1499.fixed_verifier_only,fixed_verifier_only,250000,JointlyDecisive,500,0.278,0.448462,0.0,0.0,0.0,0.0,0.0,0.0,0.0,0.0,32,468,0,0,0,361009.966,21768.583726,396418.924,49817.838319,0.082
S3,50,b3n50-c250000-s1000-1499.fixed_verifier_only,fixed_verifier_only,250000,NoFault,500,1.0,0.0,0.0,0.0,0.0,0.0,0.0,0.0,0.0,0.0,0,500,0,0,0,372912.514,7203.784998,409101.576,67708.716803,0.0
S3,50,b3n50-c250000-s1000-1499.fixed_verifier_only,fixed_verifier_only,250000,CriticalFault,500,0.446,0.497573,0.554,0.497573,0.0,0.0,0.0,0.0,0.0,0.0,221,279,0,0,0,333501.232,63118.418268,388374.656,104222.934816,0.488
S3,50,b3n50-c250000-s1000-1499.fixed_verifier_only,fixed_verifier_only,250000,QuietUrgent,500,0.452,0.498189,0.548,0.498189,0.0,0.0,0.0,0.0,0.0,0.0,226,274,0,0,0,331027.6,64901.513621,369465.288,86285.31729,0.0
S3,50,b3n50-c250000-s1000-1499.fixed_verifier_only,fixed_verifier_only,250000,Duplicates,500,0.402,0.490793,0.0,0.0,0.0,0.0,0.0,0.0,0.0,0.0,201,299,0,0,0,329047.87,60563.484544,378935.762,98382.33869,0.068
S3,50,b3n50-c250000-s1000-1499.fixed_verifier_only,fixed_verifier_only,250000,FeedbackBait,500,0.446,0.497573,0.0,0.0,0.0,0.0,0.0,0.0,0.0,0.0,218,282,0,0,0,335291.724,61425.425248,360275.78,61829.718788,0.866
S3,50,b3n50-c250000-s1000-1499.fixed_verifier_only,fixed_verifier_only,250000,StaleMemory,500,0.446,0.497573,0.0,0.0,0.0,0.0,0.0,0.0,0.0,0.0,218,282,0,0,0,335346.502,61485.889223,386945.822,112602.735884,0.866
S3,50,b3n50-c250000-s1000-1499.fixed_verifier_only,fixed_verifier_only,250000,ComponentTimeout,500,0.338,0.473502,0.0,0.0,0.0,0.0,0.158,0.365106,0.0,0.0,248,252,0,0,0,265382.8,129470.584148,306389.276,180367.473291,0.054
S3,50,b3n50-c250000-s1000-1499.fixed_estimator_only,fixed_estimator_only,250000,Ambiguous,500,1.0,0.0,0.0,0.0,0.0,0.0,0.0,0.0,0.0,0.0,500,0,0,0,0,102692.304,25141.416053,136411.808,37957.600044,1.976
S3,50,b3n50-c250000-s1000-1499.fixed_estimator_only,fixed_estimator_only,250000,DelayedConfigChange,500,1.0,0.0,0.0,0.0,0.0,0.0,0.0,0.0,0.0,0.0,500,0,0,0,0,11668.734,4063.769313,17436.994,6264.499612,0.0
S3,50,b3n50-c250000-s1000-1499.fixed_estimator_only,fixed_estimator_only,250000,NoiseFlood,500,1.0,0.0,0.0,0.0,0.0,0.0,0.0,0.0,0.0,0.0,500,0,0,0,0,93074.332,24534.30203,125173.168,43672.13422,0.172
S3,50,b3n50-c250000-s1000-1499.fixed_estimator_only,fixed_estimator_only,250000,JointlyDecisive,500,0.616,0.486845,0.0,0.0,0.0,0.0,0.0,0.0,0.0,0.0,500,0,0,0,0,204788.636,22471.715018,245146.168,38274.714449,0.198
S3,50,b3n50-c250000-s1000-1499.fixed_estimator_only,fixed_estimator_only,250000,NoFault,500,1.0,0.0,0.0,0.0,0.0,0.0,0.0,0.0,0.0,0.0,500,0,0,0,0,157848.656,4889.623664,199541.61,62706.472096,0.0
S3,50,b3n50-c250000-s1000-1499.fixed_estimator_only,fixed_estimator_only,250000,CriticalFault,500,1.0,0.0,0.0,0.0,0.0,0.0,0.0,0.0,0.0,0.0,500,0,0,0,0,98124.334,25364.066255,136315.962,45787.771112,1.132
S3,50,b3n50-c250000-s1000-1499.fixed_estimator_only,fixed_estimator_only,250000,QuietUrgent,500,1.0,0.0,0.0,0.0,0.0,0.0,0.0,0.0,0.0,0.0,500,0,0,0,0,91351.65,23890.26289,119606.894,37137.351151,0.0
S3,50,b3n50-c250000-s1000-1499.fixed_estimator_only,fixed_estimator_only,250000,Duplicates,500,1.0,0.0,0.0,0.0,0.0,0.0,0.0,0.0,0.0,0.0,500,0,0,0,0,100079.67,28070.670431,140587.996,61071.989304,0.172
S3,50,b3n50-c250000-s1000-1499.fixed_estimator_only,fixed_estimator_only,250000,FeedbackBait,500,1.0,0.0,0.0,0.0,0.0,0.0,0.0,0.0,0.0,0.0,500,0,0,0,0,102721.972,25146.170494,133394.886,33807.339326,1.976
S3,50,b3n50-c250000-s1000-1499.fixed_estimator_only,fixed_estimator_only,250000,StaleMemory,500,1.0,0.0,0.0,0.0,0.0,0.0,0.0,0.0,0.0,0.0,500,0,0,0,0,102692.304,25141.416053,144378.92,63561.030585,1.976
S3,50,b3n50-c250000-s1000-1499.fixed_estimator_only,fixed_estimator_only,250000,ComponentTimeout,500,0.778,0.416007,0.0,0.0,0.0,0.0,0.132,0.33883,0.0,0.0,469,31,0,0,0,80244.008,33840.280406,108075.07,55241.573211,0.128
S3,50,b3n50-c250000-s1000-1499.fixed_heuristic_every2,fixed_heuristic_every2,250000,Ambiguous,500,1.0,0.0,0.0,0.0,0.0,0.0,0.0,0.0,0.0,0.0,500,0,0,0,0,33281.142,7910.728576,46607.408,14805.920971,1.976
S3,50,b3n50-c250000-s1000-1499.fixed_heuristic_every2,fixed_heuristic_every2,250000,DelayedConfigChange,500,1.0,0.0,0.0,0.0,0.0,0.0,0.0,0.0,0.0,0.0,500,0,0,0,0,3253.912,1187.331707,5167.498,2960.214581,0.0
S3,50,b3n50-c250000-s1000-1499.fixed_heuristic_every2,fixed_heuristic_every2,250000,NoiseFlood,500,1.0,0.0,0.0,0.0,0.0,0.0,0.0,0.0,0.0,0.0,500,0,0,0,0,28652.514,7738.158469,37737.294,12719.179635,0.148
S3,50,b3n50-c250000-s1000-1499.fixed_heuristic_every2,fixed_heuristic_every2,250000,JointlyDecisive,500,0.616,0.486845,0.0,0.0,0.0,0.0,0.0,0.0,0.0,0.0,500,0,0,0,0,75715.434,9655.389238,90439.192,16230.765751,0.158
S3,50,b3n50-c250000-s1000-1499.fixed_heuristic_every2,fixed_heuristic_every2,250000,NoFault,500,1.0,0.0,0.0,0.0,0.0,0.0,0.0,0.0,0.0,0.0,500,0,0,0,0,48772.226,550.932562,57861.688,10955.736638,0.0
S3,50,b3n50-c250000-s1000-1499.fixed_heuristic_every2,fixed_heuristic_every2,250000,CriticalFault,500,1.0,0.0,0.0,0.0,0.0,0.0,0.0,0.0,0.0,0.0,500,0,0,0,0,31083.226,8229.619396,43367.764,14831.759239,1.116
S3,50,b3n50-c250000-s1000-1499.fixed_heuristic_every2,fixed_heuristic_every2,250000,QuietUrgent,500,1.0,0.0,0.0,0.0,0.0,0.0,0.0,0.0,0.0,0.0,500,0,0,0,0,27873.492,7388.989288,35175.746,16066.098541,0.0
S3,50,b3n50-c250000-s1000-1499.fixed_heuristic_every2,fixed_heuristic_every2,250000,Duplicates,500,1.0,0.0,0.0,0.0,0.0,0.0,0.0,0.0,0.0,0.0,500,0,0,0,0,31880.682,9385.097829,45329.748,18735.552276,0.148
S3,50,b3n50-c250000-s1000-1499.fixed_heuristic_every2,fixed_heuristic_every2,250000,FeedbackBait,500,1.0,0.0,0.0,0.0,0.0,0.0,0.0,0.0,0.0,0.0,500,0,0,0,0,33296.694,7911.021217,44675.594,12561.778934,1.976
S3,50,b3n50-c250000-s1000-1499.fixed_heuristic_every2,fixed_heuristic_every2,250000,StaleMemory,500,1.0,0.0,0.0,0.0,0.0,0.0,0.0,0.0,0.0,0.0,500,0,0,0,0,33281.142,7910.728576,47965.728,16686.062014,1.976
S3,50,b3n50-c250000-s1000-1499.fixed_heuristic_every2,fixed_heuristic_every2,250000,ComponentTimeout,500,0.87,0.33664,0.0,0.0,0.0,0.0,0.13,0.33664,0.0,0.0,500,0,0,0,0,27171.676,8149.113724,35663.24,13824.985528,0.128
S3,50,b3n50-c250000-s1000-1499.fixed_heuristic_every4,fixed_heuristic_every4,250000,Ambiguous,500,1.0,0.0,0.0,0.0,0.0,0.0,0.0,0.0,0.0,0.0,500,0,0,0,0,24561.81,5368.412091,36276.224,23487.332862,1.976
S3,50,b3n50-c250000-s1000-1499.fixed_heuristic_every4,fixed_heuristic_every4,250000,DelayedConfigChange,500,1.0,0.0,0.0,0.0,0.0,0.0,0.0,0.0,0.0,0.0,500,0,0,0,0,3071.57,981.894017,4546.102,1938.016157,0.0
S3,50,b3n50-c250000-s1000-1499.fixed_heuristic_every4,fixed_heuristic_every4,250000,NoiseFlood,500,1.0,0.0,0.0,0.0,0.0,0.0,0.0,0.0,0.0,0.0,500,0,0,0,0,20515.866,5308.405589,27403.776,10460.363085,0.092
S3,50,b3n50-c250000-s1000-1499.fixed_heuristic_every4,fixed_heuristic_every4,250000,JointlyDecisive,500,0.616,0.486845,0.0,0.0,0.0,0.0,0.0,0.0,0.0,0.0,500,0,0,0,0,57475.144,9020.241545,68900.958,12837.654063,0.082
S3,50,b3n50-c250000-s1000-1499.fixed_heuristic_every4,fixed_heuristic_every4,250000,NoFault,500,1.0,0.0,0.0,0.0,0.0,0.0,0.0,0.0,0.0,0.0,500,0,0,0,0,33592.03,273.319938,40872.054,8562.273817,0.0
S3,50,b3n50-c250000-s1000-1499.fixed_heuristic_every4,fixed_heuristic_every4,250000,CriticalFault,500,1.0,0.0,0.0,0.0,0.0,0.0,0.0,0.0,0.0,0.0,500,0,0,0,0,22588.614,5752.142693,33233.258,14012.125601,1.078
S3,50,b3n50-c250000-s1000-1499.fixed_heuristic_every4,fixed_heuristic_every4,250000,QuietUrgent,500,1.0,0.0,0.0,0.0,0.0,0.0,0.0,0.0,0.0,0.0,500,0,0,0,0,20101.744,5081.160974,26507.866,34204.607584,0.0
S3,50,b3n50-c250000-s1000-1499.fixed_heuristic_every4,fixed_heuristic_every4,250000,Duplicates,500,1.0,0.0,0.0,0.0,0.0,0.0,0.0,0.0,0.0,0.0,500,0,0,0,0,22263.722,6092.602396,40458.892,103288.891849,0.092
S3,50,b3n50-c250000-s1000-1499.fixed_heuristic_every4,fixed_heuristic_every4,250000,FeedbackBait,500,1.0,0.0,0.0,0.0,0.0,0.0,0.0,0.0,0.0,0.0,500,0,0,0,0,24570.77,5368.647038,34391.372,10108.697629,1.976
S3,50,b3n50-c250000-s1000-1499.fixed_heuristic_every4,fixed_heuristic_every4,250000,StaleMemory,500,1.0,0.0,0.0,0.0,0.0,0.0,0.0,0.0,0.0,0.0,500,0,0,0,0,24561.81,5368.412091,36297.314,11086.174488,1.976
S3,50,b3n50-c250000-s1000-1499.fixed_heuristic_every4,fixed_heuristic_every4,250000,ComponentTimeout,500,0.87,0.33664,0.0,0.0,0.0,0.0,0.13,0.33664,0.0,0.0,500,0,0,0,0,20062.87,5061.891284,26684.226,9573.928647,0.074
S3,50,b3n50-c250000-s1000-1499.oracle_evidence_privileged,oracle_evidence_privileged,250000,Ambiguous,500,1.0,0.0,0.0,0.0,0.0,0.0,0.0,0.0,0.0,0.0,500,0,0,0,0,0.0,0.0,25371.574,11432.024792,1.0
S3,50,b3n50-c250000-s1000-1499.oracle_evidence_privileged,oracle_evidence_privileged,250000,DelayedConfigChange,500,1.0,0.0,0.0,0.0,0.0,0.0,0.0,0.0,0.0,0.0,500,0,0,0,0,0.0,0.0,23397.314,9248.085199,1.0
S3,50,b3n50-c250000-s1000-1499.oracle_evidence_privileged,oracle_evidence_privileged,250000,NoiseFlood,500,1.0,0.0,0.0,0.0,0.0,0.0,0.0,0.0,0.0,0.0,500,0,0,0,0,0.0,0.0,44783.05,39501.27205,2.156
S3,50,b3n50-c250000-s1000-1499.oracle_evidence_privileged,oracle_evidence_privileged,250000,JointlyDecisive,500,1.0,0.0,0.0,0.0,0.0,0.0,0.0,0.0,0.0,0.0,500,0,0,0,0,0.0,0.0,70423.538,25261.325325,4.464
S3,50,b3n50-c250000-s1000-1499.oracle_evidence_privileged,oracle_evidence_privileged,250000,NoFault,500,1.0,0.0,0.0,0.0,0.0,0.0,0.0,0.0,0.0,0.0,500,0,0,0,0,0.0,0.0,163803.884,123254.661913,8.126
S3,50,b3n50-c250000-s1000-1499.oracle_evidence_privileged,oracle_evidence_privileged,250000,CriticalFault,500,1.0,0.0,0.0,0.0,0.0,0.0,0.0,0.0,0.0,0.0,500,0,0,0,0,0.0,0.0,35704.402,38259.492856,1.516
S3,50,b3n50-c250000-s1000-1499.oracle_evidence_privileged,oracle_evidence_privileged,250000,QuietUrgent,500,1.0,0.0,0.0,0.0,0.0,0.0,0.0,0.0,0.0,0.0,500,0,0,0,0,0.0,0.0,42986.772,27658.809539,2.156
S3,50,b3n50-c250000-s1000-1499.oracle_evidence_privileged,oracle_evidence_privileged,250000,Duplicates,500,1.0,0.0,0.0,0.0,0.0,0.0,0.0,0.0,0.0,0.0,500,0,0,0,0,0.0,0.0,43660.236,28979.560924,2.156
S3,50,b3n50-c250000-s1000-1499.oracle_evidence_privileged,oracle_evidence_privileged,250000,FeedbackBait,500,1.0,0.0,0.0,0.0,0.0,0.0,0.0,0.0,0.0,0.0,500,0,0,0,0,0.0,0.0,24965.484,9570.68111,1.0
S3,50,b3n50-c250000-s1000-1499.oracle_evidence_privileged,oracle_evidence_privileged,250000,StaleMemory,500,1.0,0.0,0.0,0.0,0.0,0.0,0.0,0.0,0.0,0.0,500,0,0,0,0,0.0,0.0,26544.24,11724.155501,1.0
S3,50,b3n50-c250000-s1000-1499.oracle_evidence_privileged,oracle_evidence_privileged,250000,ComponentTimeout,500,1.0,0.0,0.0,0.0,0.0,0.0,0.0,0.0,0.0,0.0,500,0,0,0,0,0.0,0.0,45627.814,48787.557446,2.156
S3,50,b3n50-c250000-s1000-1499.oracle_immediate_privileged,oracle_immediate_privileged,250000,Ambiguous,500,1.0,0.0,0.0,0.0,0.0,0.0,0.0,0.0,0.0,0.0,500,0,0,0,0,0.0,0.0,393.732,876.18171,0.0
S3,50,b3n50-c250000-s1000-1499.oracle_immediate_privileged,oracle_immediate_privileged,250000,DelayedConfigChange,500,1.0,0.0,0.0,0.0,0.0,0.0,0.0,0.0,0.0,0.0,500,0,0,0,0,0.0,0.0,256.26,54.156017,0.0
S3,50,b3n50-c250000-s1000-1499.oracle_immediate_privileged,oracle_immediate_privileged,250000,NoiseFlood,500,1.0,0.0,0.0,0.0,0.0,0.0,0.0,0.0,0.0,0.0,500,0,0,0,0,0.0,0.0,395.378,605.445035,0.0
S3,50,b3n50-c250000-s1000-1499.oracle_immediate_privileged,oracle_immediate_privileged,250000,JointlyDecisive,500,1.0,0.0,0.0,0.0,0.0,0.0,0.0,0.0,0.0,0.0,500,0,0,0,0,0.0,0.0,352.762,100.133885,0.0
S3,50,b3n50-c250000-s1000-1499.oracle_immediate_privileged,oracle_immediate_privileged,250000,NoFault,500,1.0,0.0,0.0,0.0,0.0,0.0,0.0,0.0,0.0,0.0,500,0,0,0,0,0.0,0.0,337.72,94.148784,0.0
S3,50,b3n50-c250000-s1000-1499.oracle_immediate_privileged,oracle_immediate_privileged,250000,CriticalFault,500,1.0,0.0,0.0,0.0,0.0,0.0,0.0,0.0,0.0,0.0,500,0,0,0,0,0.0,0.0,389.738,276.368226,0.0
S3,50,b3n50-c250000-s1000-1499.oracle_immediate_privileged,oracle_immediate_privileged,250000,QuietUrgent,500,1.0,0.0,0.0,0.0,0.0,0.0,0.0,0.0,0.0,0.0,500,0,0,0,0,0.0,0.0,393.87,945.820474,0.0
S3,50,b3n50-c250000-s1000-1499.oracle_immediate_privileged,oracle_immediate_privileged,250000,Duplicates,500,1.0,0.0,0.0,0.0,0.0,0.0,0.0,0.0,0.0,0.0,500,0,0,0,0,0.0,0.0,389.11,186.510789,0.0
S3,50,b3n50-c250000-s1000-1499.oracle_immediate_privileged,oracle_immediate_privileged,250000,FeedbackBait,500,1.0,0.0,0.0,0.0,0.0,0.0,0.0,0.0,0.0,0.0,500,0,0,0,0,0.0,0.0,322.854,81.549232,0.0
S3,50,b3n50-c250000-s1000-1499.oracle_immediate_privileged,oracle_immediate_privileged,250000,StaleMemory,500,1.0,0.0,0.0,0.0,0.0,0.0,0.0,0.0,0.0,0.0,500,0,0,0,0,0.0,0.0,385.006,283.57027,0.0
S3,50,b3n50-c250000-s1000-1499.oracle_immediate_privileged,oracle_immediate_privileged,250000,ComponentTimeout,500,1.0,0.0,0.0,0.0,0.0,0.0,0.0,0.0,0.0,0.0,500,0,0,0,0,0.0,0.0,365.188,172.154288,0.0
S3,50,b3n50-c100000-s1000-1499.heuristic_only,heuristic_only,100000,Ambiguous,500,1.0,0.0,0.0,0.0,0.0,0.0,0.0,0.0,0.0,0.0,500,0,0,0,0,51202.958,12764.118482,70434.956,26272.748376,1.976
S3,50,b3n50-c100000-s1000-1499.heuristic_only,heuristic_only,100000,DelayedConfigChange,500,1.0,0.0,0.0,0.0,0.0,0.0,0.0,0.0,0.0,0.0,500,0,0,0,0,4333.724,1884.201749,6632.136,2728.293713,0.0
S3,50,b3n50-c100000-s1000-1499.heuristic_only,heuristic_only,100000,NoiseFlood,500,1.0,0.0,0.0,0.0,0.0,0.0,0.0,0.0,0.0,0.0,500,0,0,0,0,45196.524,12646.936815,53217.606,16713.756773,0.172
S3,50,b3n50-c100000-s1000-1499.heuristic_only,heuristic_only,100000,JointlyDecisive,500,0.616,0.486845,0.0,0.0,0.0,0.0,0.0,0.0,0.0,0.0,240,260,0,0,0,105519.494,6249.440524,119299.552,17231.395941,0.198
S3,50,b3n50-c100000-s1000-1499.heuristic_only,heuristic_only,100000,NoFault,500,1.0,0.0,0.0,0.0,0.0,0.0,0.0,0.0,0.0,0.0,500,0,0,0,0,79003.172,1140.043681,95067.854,35572.569826,0.0
S3,50,b3n50-c100000-s1000-1499.heuristic_only,heuristic_only,100000,CriticalFault,500,1.0,0.0,0.0,0.0,0.0,0.0,0.0,0.0,0.0,0.0,500,0,0,0,0,48347.408,13120.822426,62521.404,23814.010926,1.132
S3,50,b3n50-c100000-s1000-1499.heuristic_only,heuristic_only,100000,QuietUrgent,500,1.0,0.0,0.0,0.0,0.0,0.0,0.0,0.0,0.0,0.0,500,0,0,0,0,43892.34,12064.274786,52989.482,18868.042688,0.0
S3,50,b3n50-c100000-s1000-1499.heuristic_only,heuristic_only,100000,Duplicates,500,1.0,0.0,0.0,0.0,0.0,0.0,0.0,0.0,0.0,0.0,500,0,0,0,0,51455.758,16039.201281,64482.608,26750.369657,0.172
S3,50,b3n50-c100000-s1000-1499.heuristic_only,heuristic_only,100000,FeedbackBait,500,1.0,0.0,0.0,0.0,0.0,0.0,0.0,0.0,0.0,0.0,500,0,0,0,0,51232.588,12769.799027,66749.866,18396.966526,1.976
S3,50,b3n50-c100000-s1000-1499.heuristic_only,heuristic_only,100000,StaleMemory,500,1.0,0.0,0.0,0.0,0.0,0.0,0.0,0.0,0.0,0.0,500,0,0,0,0,51202.958,12764.118482,64856.744,21974.20377,1.976
S3,50,b3n50-c100000-s1000-1499.heuristic_only,heuristic_only,100000,ComponentTimeout,500,0.802,0.398891,0.0,0.0,0.0,0.0,0.13,0.33664,0.0,0.0,466,34,0,0,0,40682.54,14851.914083,47098.45,18482.478819,0.128
S3,50,b3n50-c100000-s1000-1499.all_components,all_components,100000,Ambiguous,500,0.0,0.0,0.0,0.0,0.0,0.0,0.0,0.0,0.0,0.0,0,500,0,0,0,130882.26,3948.327755,175813.906,170770.079072,0.0
S3,50,b3n50-c100000-s1000-1499.all_components,all_components,100000,DelayedConfigChange,500,1.0,0.0,0.0,0.0,0.0,0.0,0.0,0.0,0.0,0.0,500,0,0,0,0,57309.064,27664.077091,73569.14,39686.293565,0.0
S3,50,b3n50-c100000-s1000-1499.all_components,all_components,100000,NoiseFlood,500,0.0,0.0,0.0,0.0,0.0,0.0,0.0,0.0,0.0,0.0,0,500,0,0,0,130962.202,4060.030494,154014.474,23761.414809,0.0
S3,50,b3n50-c100000-s1000-1499.all_components,all_components,100000,JointlyDecisive,500,0.0,0.0,0.0,0.0,0.0,0.0,0.0,0.0,0.0,0.0,0,500,0,0,0,130886.476,3974.415834,156192.66,22496.851522,0.0
S3,50,b3n50-c100000-s1000-1499.all_components,all_components,100000,NoFault,500,1.0,0.0,0.0,0.0,0.0,0.0,0.0,0.0,0.0,0.0,0,500,0,0,0,130898.366,3971.265363,165090.02,41542.806995,0.0
S3,50,b3n50-c100000-s1000-1499.all_components,all_components,100000,CriticalFault,500,0.0,0.0,1.0,0.0,0.0,0.0,0.0,0.0,0.0,0.0,0,500,0,0,0,130905.982,3972.702143,163045.194,58157.063688,0.0
S3,50,b3n50-c100000-s1000-1499.all_components,all_components,100000,QuietUrgent,500,0.0,0.0,1.0,0.0,0.0,0.0,0.0,0.0,0.0,0.0,0,500,0,0,0,130921.698,3985.07329,158522.462,30438.101216,0.0
S3,50,b3n50-c100000-s1000-1499.all_components,all_components,100000,Duplicates,500,0.0,0.0,0.0,0.0,0.0,0.0,0.0,0.0,0.0,0.0,0,500,0,0,0,130638.454,4940.764717,167566.168,106396.073716,0.0
S3,50,b3n50-c100000-s1000-1499.all_components,all_components,100000,FeedbackBait,500,0.0,0.0,0.0,0.0,0.0,0.0,0.0,0.0,0.0,0.0,0,500,0,0,0,130890.716,3953.545987,157950.586,27566.08194,0.0
S3,50,b3n50-c100000-s1000-1499.all_components,all_components,100000,StaleMemory,500,0.0,0.0,0.0,0.0,0.0,0.0,0.0,0.0,0.0,0.0,0,500,0,0,0,130882.26,3948.327755,150949.424,15889.385918,0.0
S3,50,b3n50-c100000-s1000-1499.all_components,all_components,100000,ComponentTimeout,500,0.0,0.0,0.0,0.0,0.0,0.0,0.002,0.044721,0.0,0.0,0,500,0,0,0,103316.392,31990.319829,121164.556,37279.349991,0.0
S3,50,b3n50-c100000-s1000-1499.random_p025,random_p025,100000,Ambiguous,500,0.298,0.457838,0.0,0.0,0.0,0.0,0.0,0.0,0.0,0.0,122,378,0,0,0,132091.964,17368.407578,196657.248,235221.648407,0.556
S3,50,b3n50-c100000-s1000-1499.random_p025,random_p025,100000,DelayedConfigChange,500,1.0,0.0,0.0,0.0,0.0,0.0,0.0,0.0,0.0,0.0,500,0,0,0,0,23136.992,16914.58293,33675.278,24572.322928,0.0
S3,50,b3n50-c100000-s1000-1499.random_p025,random_p025,100000,NoiseFlood,500,0.304,0.460443,0.0,0.0,0.0,0.0,0.0,0.0,0.0,0.0,152,348,0,0,0,129436.544,20046.998406,168296.628,31693.971356,0.014
S3,50,b3n50-c100000-s1000-1499.random_p025,random_p025,100000,JointlyDecisive,500,0.18,0.384572,0.0,0.0,0.0,0.0,0.0,0.0,0.0,0.0,0,500,0,0,0,137291.448,6875.193454,184215.414,35049.840926,0.016
S3,50,b3n50-c100000-s1000-1499.random_p025,random_p025,100000,NoFault,500,1.0,0.0,0.0,0.0,0.0,0.0,0.0,0.0,0.0,0.0,0,500,0,0,0,139041.694,5926.147165,195809.582,93659.326274,0.0
S3,50,b3n50-c100000-s1000-1499.random_p025,random_p025,100000,CriticalFault,500,0.3,0.458717,0.7,0.458717,0.0,0.0,0.0,0.0,0.0,0.0,137,363,0,0,0,130695.2,18877.17798,179398.022,53390.895939,0.282
S3,50,b3n50-c100000-s1000-1499.random_p025,random_p025,100000,QuietUrgent,500,0.306,0.461291,0.694,0.461291,0.0,0.0,0.0,0.0,0.0,0.0,153,347,0,0,0,129524.904,20447.959364,174351.95,51780.087251,0.0
S3,50,b3n50-c100000-s1000-1499.random_p025,random_p025,100000,Duplicates,500,0.258,0.437972,0.0,0.0,0.0,0.0,0.0,0.0,0.0,0.0,129,371,0,0,0,128558.376,17978.605894,180540.024,47505.100512,0.014
S3,50,b3n50-c100000-s1000-1499.random_p025,random_p025,100000,FeedbackBait,500,0.298,0.457838,0.0,0.0,0.0,0.0,0.0,0.0,0.0,0.0,122,378,0,0,0,132078.72,17340.803249,182850.302,91220.21846,0.552
S3,50,b3n50-c100000-s1000-1499.random_p025,random_p025,100000,StaleMemory,500,0.298,0.457838,0.0,0.0,0.0,0.0,0.0,0.0,0.0,0.0,122,378,0,0,0,132091.964,17368.407578,169048.612,24859.626508,0.556
S3,50,b3n50-c100000-s1000-1499.random_p025,random_p025,100000,ComponentTimeout,500,0.328,0.469955,0.0,0.0,0.0,0.0,0.002,0.044721,0.0,0.0,165,335,0,0,0,103728.612,36122.923608,134683.85,45251.034887,0.02
S3,50,b3n50-c100000-s1000-1499.random_p050,random_p050,100000,Ambiguous,500,0.018,0.133084,0.0,0.0,0.0,0.0,0.0,0.0,0.0,0.0,5,495,0,0,0,133622.602,6075.964759,181087.586,89967.507056,0.034
S3,50,b3n50-c100000-s1000-1499.random_p050,random_p050,100000,DelayedConfigChange,500,1.0,0.0,0.0,0.0,0.0,0.0,0.0,0.0,0.0,0.0,500,0,0,0,0,34860.834,20325.221155,47894.342,27725.243534,0.0
S3,50,b3n50-c100000-s1000-1499.random_p050,random_p050,100000,NoiseFlood,500,0.016,0.125601,0.0,0.0,0.0,0.0,0.0,0.0,0.0,0.0,8,492,0,0,0,133191.152,6284.287264,169268.028,74599.339327,0.002
S3,50,b3n50-c100000-s1000-1499.random_p050,random_p050,100000,JointlyDecisive,500,0.014,0.117608,0.0,0.0,0.0,0.0,0.0,0.0,0.0,0.0,0,500,0,0,0,133512.214,5870.548801,168586.258,25244.351925,0.002
S3,50,b3n50-c100000-s1000-1499.random_p050,random_p050,100000,NoFault,500,1.0,0.0,0.0,0.0,0.0,0.0,0.0,0.0,0.0,0.0,0,500,0,0,0,133609.232,5882.392399,182524.276,113409.218885,0.0
S3,50,b3n50-c100000-s1000-1499.random_p050,random_p050,100000,CriticalFault,500,0.016,0.125601,0.984,0.125601,0.0,0.0,0.0,0.0,0.0,0.0,8,492,0,0,0,133508.454,6141.878206,172022.222,33186.594322,0.024
S3,50,b3n50-c100000-s1000-1499.random_p050,random_p050,100000,QuietUrgent,500,0.022,0.14683,0.978,0.14683,0.0,0.0,0.0,0.0,0.0,0.0,11,489,0,0,0,133429.41,6509.175112,170203.108,49635.354026,0.0
S3,50,b3n50-c100000-s1000-1499.random_p050,random_p050,100000,Duplicates,500,0.01,0.099598,0.0,0.0,0.0,0.0,0.0,0.0,0.0,0.0,5,495,0,0,0,131881.034,6270.353628,174992.068,52241.736837,0.0
S3,50,b3n50-c100000-s1000-1499.random_p050,random_p050,100000,FeedbackBait,500,0.018,0.133084,0.0,0.0,0.0,0.0,0.0,0.0,0.0,0.0,5,495,0,0,0,133566.68,6046.319507,167322.822,24866.380053,0.034
S3,50,b3n50-c100000-s1000-1499.random_p050,random_p050,100000,StaleMemory,500,0.018,0.133084,0.0,0.0,0.0,0.0,0.0,0.0,0.0,0.0,5,495,0,0,0,133622.602,6075.964759,162458.704,20873.812474,0.034
S3,50,b3n50-c100000-s1000-1499.random_p050,random_p050,100000,ComponentTimeout,500,0.068,0.251998,0.0,0.0,0.0,0.0,0.002,0.044721,0.0,0.0,33,467,0,0,0,106511.96,32060.056211,131715.448,40380.523688,0.016
S3,50,b3n50-c100000-s1000-1499.fixed_verifier_only,fixed_verifier_only,100000,Ambiguous,500,0.002,0.044721,0.0,0.0,0.0,0.0,0.0,0.0,0.0,0.0,0,500,0,0,0,153811.39,4154.659633,177595.65,33535.378269,0.006
S3,50,b3n50-c100000-s1000-1499.fixed_verifier_only,fixed_verifier_only,100000,DelayedConfigChange,500,1.0,0.0,0.0,0.0,0.0,0.0,0.0,0.0,0.0,0.0,500,0,0,0,0,43836.718,23086.200323,52694.188,30177.658909,0.0
S3,50,b3n50-c100000-s1000-1499.fixed_verifier_only,fixed_verifier_only,100000,NoiseFlood,500,0.002,0.044721,0.0,0.0,0.0,0.0,0.0,0.0,0.0,0.0,1,499,0,0,0,153460.848,3843.593594,169025.326,30385.664756,0.0
S3,50,b3n50-c100000-s1000-1499.fixed_verifier_only,fixed_verifier_only,100000,JointlyDecisive,500,0.004,0.063182,0.0,0.0,0.0,0.0,0.0,0.0,0.0,0.0,0,500,0,0,0,153643.8,3951.174537,166645.386,14976.939499,0.0
S3,50,b3n50-c100000-s1000-1499.fixed_verifier_only,fixed_verifier_only,100000,NoFault,500,1.0,0.0,0.0,0.0,0.0,0.0,0.0,0.0,0.0,0.0,0,500,0,0,0,153711.16,3993.244318,179095.016,50067.816544,0.0
S3,50,b3n50-c100000-s1000-1499.fixed_verifier_only,fixed_verifier_only,100000,CriticalFault,500,0.002,0.044721,0.998,0.044721,0.0,0.0,0.0,0.0,0.0,0.0,0,500,0,0,0,153601.404,3944.642126,175530.948,46722.995376,0.006
S3,50,b3n50-c100000-s1000-1499.fixed_verifier_only,fixed_verifier_only,100000,QuietUrgent,500,0.004,0.063182,0.996,0.063182,0.0,0.0,0.0,0.0,0.0,0.0,2,498,0,0,0,153666.628,4012.17879,173989.726,61961.018534,0.0
S3,50,b3n50-c100000-s1000-1499.fixed_verifier_only,fixed_verifier_only,100000,Duplicates,500,0.0,0.0,0.0,0.0,0.0,0.0,0.0,0.0,0.0,0.0,0,500,0,0,0,151710.38,4165.343973,173657.376,26107.932472,0.0
S3,50,b3n50-c100000-s1000-1499.fixed_verifier_only,fixed_verifier_only,100000,FeedbackBait,500,0.002,0.044721,0.0,0.0,0.0,0.0,0.0,0.0,0.0,0.0,0,500,0,0,0,153770.692,4089.550524,171446.666,28464.800825,0.006
S3,50,b3n50-c100000-s1000-1499.fixed_verifier_only,fixed_verifier_only,100000,StaleMemory,500,0.002,0.044721,0.0,0.0,0.0,0.0,0.0,0.0,0.0,0.0,0,500,0,0,0,153811.39,4154.659633,165791.428,18673.078894,0.006
S3,50,b3n50-c100000-s1000-1499.fixed_verifier_only,fixed_verifier_only,100000,ComponentTimeout,500,0.004,0.063182,0.0,0.0,0.0,0.0,0.158,0.365106,0.0,0.0,15,485,0,0,0,124336.26,52327.511461,134664.61,59539.737355,0.0
S3,50,b3n50-c100000-s1000-1499.fixed_estimator_only,fixed_estimator_only,100000,Ambiguous,500,0.584,0.493387,0.0,0.0,0.0,0.0,0.0,0.0,0.0,0.0,258,242,0,0,0,88150.454,11597.243499,122500.08,39807.018308,1.088
S3,50,b3n50-c100000-s1000-1499.fixed_estimator_only,fixed_estimator_only,100000,DelayedConfigChange,500,1.0,0.0,0.0,0.0,0.0,0.0,0.0,0.0,0.0,0.0,500,0,0,0,0,11668.734,4063.769313,17881.704,7163.861076,0.0
S3,50,b3n50-c100000-s1000-1499.fixed_estimator_only,fixed_estimator_only,100000,NoiseFlood,500,0.584,0.493387,0.0,0.0,0.0,0.0,0.0,0.0,0.0,0.0,289,211,0,0,0,83240.866,14259.04138,116008.79,202122.804781,0.1
S3,50,b3n50-c100000-s1000-1499.fixed_estimator_only,fixed_estimator_only,100000,JointlyDecisive,500,0.364,0.48163,0.0,0.0,0.0,0.0,0.0,0.0,0.0,0.0,0,500,0,0,0,101587.256,9258.294961,128761.446,19373.570444,0.102
S3,50,b3n50-c100000-s1000-1499.fixed_estimator_only,fixed_estimator_only,100000,NoFault,500,1.0,0.0,0.0,0.0,0.0,0.0,0.0,0.0,0.0,0.0,0,500,0,0,0,95943.81,6338.603277,128309.156,26051.262116,0.0
S3,50,b3n50-c100000-s1000-1499.fixed_estimator_only,fixed_estimator_only,100000,CriticalFault,500,0.584,0.493387,0.416,0.493387,0.0,0.0,0.0,0.0,0.0,0.0,274,226,0,0,0,85810.58,13356.100217,114690.224,26711.83307,0.62
S3,50,b3n50-c100000-s1000-1499.fixed_estimator_only,fixed_estimator_only,100000,QuietUrgent,500,0.6,0.490389,0.4,0.490389,0.0,0.0,0.0,0.0,0.0,0.0,300,200,0,0,0,82542.644,14629.944028,109068.52,54639.382911,0.0
S3,50,b3n50-c100000-s1000-1499.fixed_estimator_only,fixed_estimator_only,100000,Duplicates,500,0.492,0.500437,0.0,0.0,0.0,0.0,0.0,0.0,0.0,0.0,243,257,0,0,0,85144.42,13043.244112,112475.488,21801.345162,0.09
S3,50,b3n50-c100000-s1000-1499.fixed_estimator_only,fixed_estimator_only,100000,FeedbackBait,500,0.582,0.493724,0.0,0.0,0.0,0.0,0.0,0.0,0.0,0.0,258,242,0,0,0,88156.826,11587.645425,116435.072,22644.271418,1.086
S3,50,b3n50-c100000-s1000-1499.fixed_estimator_only,fixed_estimator_only,100000,StaleMemory,500,0.584,0.493387,0.0,0.0,0.0,0.0,0.0,0.0,0.0,0.0,258,242,0,0,0,88150.454,11597.243499,113830.77,30123.85033,1.088
S3,50,b3n50-c100000-s1000-1499.fixed_estimator_only,fixed_estimator_only,100000,ComponentTimeout,500,0.42,0.494053,0.0,0.0,0.0,0.0,0.132,0.33883,0.0,0.0,265,235,0,0,0,68506.4,28297.561482,86282.612,36626.496935,0.074
S3,50,b3n50-c100000-s1000-1499.fixed_heuristic_every2,fixed_heuristic_every2,100000,Ambiguous,500,1.0,0.0,0.0,0.0,0.0,0.0,0.0,0.0,0.0,0.0,500,0,0,0,0,33281.142,7910.728576,48259.566,18193.089509,1.976
S3,50,b3n50-c100000-s1000-1499.fixed_heuristic_every2,fixed_heuristic_every2,100000,DelayedConfigChange,500,1.0,0.0,0.0,0.0,0.0,0.0,0.0,0.0,0.0,0.0,500,0,0,0,0,3253.912,1187.331707,5283.358,3756.007473,0.0
S3,50,b3n50-c100000-s1000-1499.fixed_heuristic_every2,fixed_heuristic_every2,100000,NoiseFlood,500,1.0,0.0,0.0,0.0,0.0,0.0,0.0,0.0,0.0,0.0,500,0,0,0,0,28652.514,7738.158469,35417.716,12018.483087,0.148
S3,50,b3n50-c100000-s1000-1499.fixed_heuristic_every2,fixed_heuristic_every2,100000,JointlyDecisive,500,0.616,0.486845,0.0,0.0,0.0,0.0,0.0,0.0,0.0,0.0,500,0,0,0,0,75715.434,9655.389238,89860.24,14111.155647,0.158
S3,50,b3n50-c100000-s1000-1499.fixed_heuristic_every2,fixed_heuristic_every2,100000,NoFault,500,1.0,0.0,0.0,0.0,0.0,0.0,0.0,0.0,0.0,0.0,500,0,0,0,0,48772.226,550.932562,62342.592,35852.385306,0.0
S3,50,b3n50-c100000-s1000-1499.fixed_heuristic_every2,fixed_heuristic_every2,100000,CriticalFault,500,1.0,0.0,0.0,0.0,0.0,0.0,0.0,0.0,0.0,0.0,500,0,0,0,0,31083.226,8229.619396,41859.198,13563.758494,1.116
S3,50,b3n50-c100000-s1000-1499.fixed_heuristic_every2,fixed_heuristic_every2,100000,QuietUrgent,500,1.0,0.0,0.0,0.0,0.0,0.0,0.0,0.0,0.0,0.0,500,0,0,0,0,27873.492,7388.989288,34262.138,11039.91555,0.0
S3,50,b3n50-c100000-s1000-1499.fixed_heuristic_every2,fixed_heuristic_every2,100000,Duplicates,500,1.0,0.0,0.0,0.0,0.0,0.0,0.0,0.0,0.0,0.0,500,0,0,0,0,31880.682,9385.097829,43569.576,15688.54675,0.148
S3,50,b3n50-c100000-s1000-1499.fixed_heuristic_every2,fixed_heuristic_every2,100000,FeedbackBait,500,1.0,0.0,0.0,0.0,0.0,0.0,0.0,0.0,0.0,0.0,500,0,0,0,0,33296.694,7911.021217,46113.68,16039.137319,1.976
S3,50,b3n50-c100000-s1000-1499.fixed_heuristic_every2,fixed_heuristic_every2,100000,StaleMemory,500,1.0,0.0,0.0,0.0,0.0,0.0,0.0,0.0,0.0,0.0,500,0,0,0,0,33281.142,7910.728576,44645.788,15147.395405,1.976
S3,50,b3n50-c100000-s1000-1499.fixed_heuristic_every2,fixed_heuristic_every2,100000,ComponentTimeout,500,0.858,0.3494,0.0,0.0,0.0,0.0,0.13,0.33664,0.0,0.0,497,3,0,0,0,27128.664,8099.619592,33158.274,12619.864786,0.124
S3,50,b3n50-c100000-s1000-1499.fixed_heuristic_every4,fixed_heuristic_every4,100000,Ambiguous,500,1.0,0.0,0.0,0.0,0.0,0.0,0.0,0.0,0.0,0.0,500,0,0,0,0,24561.81,5368.412091,36065.296,12498.176948,1.976
S3,50,b3n50-c100000-s1000-1499.fixed_heuristic_every4,fixed_heuristic_every4,100000,DelayedConfigChange,500,1.0,0.0,0.0,0.0,0.0,0.0,0.0,0.0,0.0,0.0,500,0,0,0,0,3071.57,981.894017,4620.498,2477.382351,0.0
S3,50,b3n50-c100000-s1000-1499.fixed_heuristic_every4,fixed_heuristic_every4,100000,NoiseFlood,500,1.0,0.0,0.0,0.0,0.0,0.0,0.0,0.0,0.0,0.0,500,0,0,0,0,20515.866,5308.405589,25789.042,9021.280336,0.092
S3,50,b3n50-c100000-s1000-1499.fixed_heuristic_every4,fixed_heuristic_every4,100000,JointlyDecisive,500,0.616,0.486845,0.0,0.0,0.0,0.0,0.0,0.0,0.0,0.0,500,0,0,0,0,57475.144,9020.241545,70157.948,15259.380266,0.082
S3,50,b3n50-c100000-s1000-1499.fixed_heuristic_every4,fixed_heuristic_every4,100000,NoFault,500,1.0,0.0,0.0,0.0,0.0,0.0,0.0,0.0,0.0,0.0,500,0,0,0,0,33592.03,273.319938,43227.324,10504.75733,0.0
S3,50,b3n50-c100000-s1000-1499.fixed_heuristic_every4,fixed_heuristic_every4,100000,CriticalFault,500,1.0,0.0,0.0,0.0,0.0,0.0,0.0,0.0,0.0,0.0,500,0,0,0,0,22588.614,5752.142693,32555.534,19515.788496,1.078
S3,50,b3n50-c100000-s1000-1499.fixed_heuristic_every4,fixed_heuristic_every4,100000,QuietUrgent,500,1.0,0.0,0.0,0.0,0.0,0.0,0.0,0.0,0.0,0.0,500,0,0,0,0,20101.744,5081.160974,26847.288,28098.890868,0.0
S3,50,b3n50-c100000-s1000-1499.fixed_heuristic_every4,fixed_heuristic_every4,100000,Duplicates,500,1.0,0.0,0.0,0.0,0.0,0.0,0.0,0.0,0.0,0.0,500,0,0,0,0,22263.722,6092.602396,33604.012,21206.449244,0.092
S3,50,b3n50-c100000-s1000-1499.fixed_heuristic_every4,fixed_heuristic_every4,100000,FeedbackBait,500,1.0,0.0,0.0,0.0,0.0,0.0,0.0,0.0,0.0,0.0,500,0,0,0,0,24570.77,5368.647038,34504.32,9990.697838,1.976
S3,50,b3n50-c100000-s1000-1499.fixed_heuristic_every4,fixed_heuristic_every4,100000,StaleMemory,500,1.0,0.0,0.0,0.0,0.0,0.0,0.0,0.0,0.0,0.0,500,0,0,0,0,24561.81,5368.412091,33496.138,8310.16517,1.976
S3,50,b3n50-c100000-s1000-1499.fixed_heuristic_every4,fixed_heuristic_every4,100000,ComponentTimeout,500,0.87,0.33664,0.0,0.0,0.0,0.0,0.13,0.33664,0.0,0.0,500,0,0,0,0,20062.87,5061.891284,24998.412,9392.011738,0.074
S3,50,b3n50-c100000-s1000-1499.oracle_evidence_privileged,oracle_evidence_privileged,100000,Ambiguous,500,1.0,0.0,0.0,0.0,0.0,0.0,0.0,0.0,0.0,0.0,500,0,0,0,0,0.0,0.0,26467.16,12654.931252,1.0
S3,50,b3n50-c100000-s1000-1499.oracle_evidence_privileged,oracle_evidence_privileged,100000,DelayedConfigChange,500,1.0,0.0,0.0,0.0,0.0,0.0,0.0,0.0,0.0,0.0,500,0,0,0,0,0.0,0.0,25057.502,16550.535647,1.0
S3,50,b3n50-c100000-s1000-1499.oracle_evidence_privileged,oracle_evidence_privileged,100000,NoiseFlood,500,1.0,0.0,0.0,0.0,0.0,0.0,0.0,0.0,0.0,0.0,500,0,0,0,0,0.0,0.0,41338.348,26666.004901,2.156
S3,50,b3n50-c100000-s1000-1499.oracle_evidence_privileged,oracle_evidence_privileged,100000,JointlyDecisive,500,1.0,0.0,0.0,0.0,0.0,0.0,0.0,0.0,0.0,0.0,500,0,0,0,0,0.0,0.0,69675.324,25589.30298,4.464
S3,50,b3n50-c100000-s1000-1499.oracle_evidence_privileged,oracle_evidence_privileged,100000,NoFault,500,1.0,0.0,0.0,0.0,0.0,0.0,0.0,0.0,0.0,0.0,500,0,0,0,0,0.0,0.0,165666.42,111474.052482,8.126
S3,50,b3n50-c100000-s1000-1499.oracle_evidence_privileged,oracle_evidence_privileged,100000,CriticalFault,500,1.0,0.0,0.0,0.0,0.0,0.0,0.0,0.0,0.0,0.0,500,0,0,0,0,0.0,0.0,34044.322,24441.407673,1.516
S3,50,b3n50-c100000-s1000-1499.oracle_evidence_privileged,oracle_evidence_privileged,100000,QuietUrgent,500,1.0,0.0,0.0,0.0,0.0,0.0,0.0,0.0,0.0,0.0,500,0,0,0,0,0.0,0.0,42796.948,28749.600813,2.156
S3,50,b3n50-c100000-s1000-1499.oracle_evidence_privileged,oracle_evidence_privileged,100000,Duplicates,500,1.0,0.0,0.0,0.0,0.0,0.0,0.0,0.0,0.0,0.0,500,0,0,0,0,0.0,0.0,42910.258,28752.340718,2.156
S3,50,b3n50-c100000-s1000-1499.oracle_evidence_privileged,oracle_evidence_privileged,100000,FeedbackBait,500,1.0,0.0,0.0,0.0,0.0,0.0,0.0,0.0,0.0,0.0,500,0,0,0,0,0.0,0.0,25372.012,9925.848054,1.0
S3,50,b3n50-c100000-s1000-1499.oracle_evidence_privileged,oracle_evidence_privileged,100000,StaleMemory,500,1.0,0.0,0.0,0.0,0.0,0.0,0.0,0.0,0.0,0.0,500,0,0,0,0,0.0,0.0,24086.788,8916.820193,1.0
S3,50,b3n50-c100000-s1000-1499.oracle_evidence_privileged,oracle_evidence_privileged,100000,ComponentTimeout,500,1.0,0.0,0.0,0.0,0.0,0.0,0.0,0.0,0.0,0.0,500,0,0,0,0,0.0,0.0,41145.322,28691.705903,2.156
S3,50,b3n50-c100000-s1000-1499.oracle_immediate_privileged,oracle_immediate_privileged,100000,Ambiguous,500,1.0,0.0,0.0,0.0,0.0,0.0,0.0,0.0,0.0,0.0,500,0,0,0,0,0.0,0.0,360.356,96.768412,0.0
S3,50,b3n50-c100000-s1000-1499.oracle_immediate_privileged,oracle_immediate_privileged,100000,DelayedConfigChange,500,1.0,0.0,0.0,0.0,0.0,0.0,0.0,0.0,0.0,0.0,500,0,0,0,0,0.0,0.0,271.966,79.037654,0.0
S3,50,b3n50-c100000-s1000-1499.oracle_immediate_privileged,oracle_immediate_privileged,100000,NoiseFlood,500,1.0,0.0,0.0,0.0,0.0,0.0,0.0,0.0,0.0,0.0,500,0,0,0,0,0.0,0.0,363.444,622.879739,0.0
S3,50,b3n50-c100000-s1000-1499.oracle_immediate_privileged,oracle_immediate_privileged,100000,JointlyDecisive,500,1.0,0.0,0.0,0.0,0.0,0.0,0.0,0.0,0.0,0.0,500,0,0,0,0,0.0,0.0,336.606,162.880899,0.0
S3,50,b3n50-c100000-s1000-1499.oracle_immediate_privileged,oracle_immediate_privileged,100000,NoFault,500,1.0,0.0,0.0,0.0,0.0,0.0,0.0,0.0,0.0,0.0,500,0,0,0,0,0.0,0.0,358.176,130.853729,0.0
S3,50,b3n50-c100000-s1000-1499.oracle_immediate_privileged,oracle_immediate_privileged,100000,CriticalFault,500,1.0,0.0,0.0,0.0,0.0,0.0,0.0,0.0,0.0,0.0,500,0,0,0,0,0.0,0.0,355.49,98.312566,0.0
S3,50,b3n50-c100000-s1000-1499.oracle_immediate_privileged,oracle_immediate_privileged,100000,QuietUrgent,500,1.0,0.0,0.0,0.0,0.0,0.0,0.0,0.0,0.0,0.0,500,0,0,0,0,0.0,0.0,334.832,163.432764,0.0
S3,50,b3n50-c100000-s1000-1499.oracle_immediate_privileged,oracle_immediate_privileged,100000,Duplicates,500,1.0,0.0,0.0,0.0,0.0,0.0,0.0,0.0,0.0,0.0,500,0,0,0,0,0.0,0.0,358.918,87.732099,0.0
S3,50,b3n50-c100000-s1000-1499.oracle_immediate_privileged,oracle_immediate_privileged,100000,FeedbackBait,500,1.0,0.0,0.0,0.0,0.0,0.0,0.0,0.0,0.0,0.0,500,0,0,0,0,0.0,0.0,403.378,922.545939,0.0
S3,50,b3n50-c100000-s1000-1499.oracle_immediate_privileged,oracle_immediate_privileged,100000,StaleMemory,500,1.0,0.0,0.0,0.0,0.0,0.0,0.0,0.0,0.0,0.0,500,0,0,0,0,0.0,0.0,316.888,77.064163,0.0
S3,50,b3n50-c100000-s1000-1499.oracle_immediate_privileged,oracle_immediate_privileged,100000,ComponentTimeout,500,1.0,0.0,0.0,0.0,0.0,0.0,0.0,0.0,0.0,0.0,500,0,0,0,0,0.0,0.0,314.644,80.93027,0.0
S3,50,b3n50-c60000-s1000-1499.heuristic_only,heuristic_only,60000,Ambiguous,500,0.956,0.205301,0.0,0.0,0.0,0.0,0.0,0.0,0.0,0.0,397,103,0,0,0,50272.63,11437.579083,66769.26,23981.631537,1.794
S3,50,b3n50-c60000-s1000-1499.heuristic_only,heuristic_only,60000,DelayedConfigChange,500,1.0,0.0,0.0,0.0,0.0,0.0,0.0,0.0,0.0,0.0,500,0,0,0,0,4333.724,1884.201749,6743.328,3390.238197,0.0
S3,50,b3n50-c60000-s1000-1499.heuristic_only,heuristic_only,60000,NoiseFlood,500,0.936,0.244998,0.0,0.0,0.0,0.0,0.0,0.0,0.0,0.0,463,37,0,0,0,44927.382,12171.58632,54300.966,27458.341109,0.172
S3,50,b3n50-c60000-s1000-1499.heuristic_only,heuristic_only,60000,JointlyDecisive,500,0.588,0.492688,0.0,0.0,0.0,0.0,0.0,0.0,0.0,0.0,0,500,0,0,0,65349.036,982.218387,85708.824,81047.852444,0.198
S3,50,b3n50-c60000-s1000-1499.heuristic_only,heuristic_only,60000,NoFault,500,1.0,0.0,0.0,0.0,0.0,0.0,0.0,0.0,0.0,0.0,0,500,0,0,0,63391.518,237.107312,73355.972,14872.114395,0.0
S3,50,b3n50-c60000-s1000-1499.heuristic_only,heuristic_only,60000,CriticalFault,500,0.942,0.233978,0.058,0.233978,0.0,0.0,0.0,0.0,0.0,0.0,424,76,0,0,0,47759.346,12215.507137,59820.474,18261.555544,1.042
S3,50,b3n50-c60000-s1000-1499.heuristic_only,heuristic_only,60000,QuietUrgent,500,0.972,0.165138,0.028,0.165138,0.0,0.0,0.0,0.0,0.0,0.0,486,14,0,0,0,43863.442,12015.27634,49190.33,14684.886496,0.0
S3,50,b3n50-c60000-s1000-1499.heuristic_only,heuristic_only,60000,Duplicates,500,0.744,0.436859,0.0,0.0,0.0,0.0,0.0,0.0,0.0,0.0,371,129,0,0,0,48751.434,12171.462076,63861.892,25532.511145,0.14
S3,50,b3n50-c60000-s1000-1499.heuristic_only,heuristic_only,60000,FeedbackBait,500,0.956,0.205301,0.0,0.0,0.0,0.0,0.0,0.0,0.0,0.0,398,102,0,0,0,50294.942,11435.3551,63475.022,16760.182125,1.79
S3,50,b3n50-c60000-s1000-1499.heuristic_only,heuristic_only,60000,StaleMemory,500,0.956,0.205301,0.0,0.0,0.0,0.0,0.0,0.0,0.0,0.0,397,103,0,0,0,50272.63,11437.579083,63963.652,16321.928195,1.794
S3,50,b3n50-c60000-s1000-1499.heuristic_only,heuristic_only,60000,ComponentTimeout,500,0.718,0.450424,0.0,0.0,0.0,0.0,0.13,0.33664,0.0,0.0,421,79,0,0,0,39324.374,14996.571106,48872.96,23838.895236,0.12
S3,50,b3n50-c60000-s1000-1499.all_components,all_components,60000,Ambiguous,500,0.0,0.0,0.0,0.0,0.0,0.0,0.0,0.0,0.0,0.0,0,500,0,0,0,80617.658,4607.55312,106851.638,48856.961506,0.0
S3,50,b3n50-c60000-s1000-1499.all_components,all_components,60000,DelayedConfigChange,500,0.758,0.428723,0.0,0.0,0.0,0.0,0.0,0.0,0.0,0.0,379,121,0,0,0,54003.108,22517.164472,67917.06,31476.982832,0.0
S3,50,b3n50-c60000-s1000-1499.all_components,all_components,60000,NoiseFlood,500,0.0,0.0,0.0,0.0,0.0,0.0,0.0,0.0,0.0,0.0,0,500,0,0,0,80425.318,4522.539391,100952.288,69452.847012,0.0
S3,50,b3n50-c60000-s1000-1499.all_components,all_components,60000,JointlyDecisive,500,0.0,0.0,0.0,0.0,0.0,0.0,0.0,0.0,0.0,0.0,0,500,0,0,0,80670.134,4579.529838,107105.822,32603.831926,0.0
S3,50,b3n50-c60000-s1000-1499.all_components,all_components,60000,NoFault,500,1.0,0.0,0.0,0.0,0.0,0.0,0.0,0.0,0.0,0.0,0,500,0,0,0,80637.574,4565.215228,102462.698,24230.844182,0.0
S3,50,b3n50-c60000-s1000-1499.all_components,all_components,60000,CriticalFault,500,0.0,0.0,1.0,0.0,0.0,0.0,0.0,0.0,0.0,0.0,0,500,0,0,0,80541.754,4601.474803,96272.336,14776.696198,0.0
S3,50,b3n50-c60000-s1000-1499.all_components,all_components,60000,QuietUrgent,500,0.0,0.0,1.0,0.0,0.0,0.0,0.0,0.0,0.0,0.0,0,500,0,0,0,80838.626,4744.643109,96278.05,14457.337356,0.0
S3,50,b3n50-c60000-s1000-1499.all_components,all_components,60000,Duplicates,500,0.0,0.0,0.0,0.0,0.0,0.0,0.0,0.0,0.0,0.0,0,500,0,0,0,79278.674,3654.812624,105418.61,23413.137118,0.0
S3,50,b3n50-c60000-s1000-1499.all_components,all_components,60000,FeedbackBait,500,0.0,0.0,0.0,0.0,0.0,0.0,0.0,0.0,0.0,0.0,0,500,0,0,0,80675.774,4590.692863,97036.042,14233.85692,0.0
S3,50,b3n50-c60000-s1000-1499.all_components,all_components,60000,StaleMemory,500,0.0,0.0,0.0,0.0,0.0,0.0,0.0,0.0,0.0,0.0,0,500,0,0,0,80617.658,4607.55312,98265.664,17383.797211,0.0
S3,50,b3n50-c60000-s1000-1499.all_components,all_components,60000,ComponentTimeout,500,0.0,0.0,0.0,0.0,0.0,0.0,0.002,0.044721,0.0,0.0,0,500,0,0,0,63734.892,19929.510988,83410.272,30296.199791,0.0
S3,50,b3n50-c60000-s1000-1499.random_p025,random_p025,60000,Ambiguous,500,0.042,0.20079,0.0,0.0,0.0,0.0,0.0,0.0,0.0,0.0,9,491,0,0,0,85126.558,6067.174799,117407.71,56310.803992,0.066
S3,50,b3n50-c60000-s1000-1499.random_p025,random_p025,60000,DelayedConfigChange,500,1.0,0.0,0.0,0.0,0.0,0.0,0.0,0.0,0.0,0.0,500,0,0,0,0,23136.992,16914.58293,32971.684,23029.023776,0.0
S3,50,b3n50-c60000-s1000-1499.random_p025,random_p025,60000,NoiseFlood,500,0.042,0.20079,0.0,0.0,0.0,0.0,0.0,0.0,0.0,0.0,21,479,0,0,0,84694.996,6595.523186,114325.414,43118.4317,0.0
S3,50,b3n50-c60000-s1000-1499.random_p025,random_p025,60000,JointlyDecisive,500,0.024,0.153202,0.0,0.0,0.0,0.0,0.0,0.0,0.0,0.0,0,500,0,0,0,85322.428,5092.020301,119682.756,28239.463716,0.0
S3,50,b3n50-c60000-s1000-1499.random_p025,random_p025,60000,NoFault,500,1.0,0.0,0.0,0.0,0.0,0.0,0.0,0.0,0.0,0.0,0,500,0,0,0,85386.636,4944.885577,117393.286,46308.43638,0.0
S3,50,b3n50-c60000-s1000-1499.random_p025,random_p025,60000,CriticalFault,500,0.042,0.20079,0.958,0.20079,0.0,0.0,0.0,0.0,0.0,0.0,17,483,0,0,0,84962.166,6385.035727,111562.504,19225.478169,0.032
S3,50,b3n50-c60000-s1000-1499.random_p025,random_p025,60000,QuietUrgent,500,0.04,0.196155,0.96,0.196155,0.0,0.0,0.0,0.0,0.0,0.0,20,480,0,0,0,84834.538,6604.199671,108450.586,17046.112746,0.0
S3,50,b3n50-c60000-s1000-1499.random_p025,random_p025,60000,Duplicates,500,0.032,0.176176,0.0,0.0,0.0,0.0,0.0,0.0,0.0,0.0,16,484,0,0,0,83442.262,6367.454896,122981.726,27018.683026,0.0
S3,50,b3n50-c60000-s1000-1499.random_p025,random_p025,60000,FeedbackBait,500,0.042,0.20079,0.0,0.0,0.0,0.0,0.0,0.0,0.0,0.0,9,491,0,0,0,85103.572,6005.462159,111997.308,22700.313147,0.066
S3,50,b3n50-c60000-s1000-1499.random_p025,random_p025,60000,StaleMemory,500,0.042,0.20079,0.0,0.0,0.0,0.0,0.0,0.0,0.0,0.0,9,491,0,0,0,85126.558,6067.174799,110833.706,19307.657517,0.066
S3,50,b3n50-c60000-s1000-1499.random_p025,random_p025,60000,ComponentTimeout,500,0.098,0.297612,0.0,0.0,0.0,0.0,0.002,0.044721,0.0,0.0,49,451,0,0,0,68833.158,20021.64872,96236.828,30623.543951,0.012
S3,50,b3n50-c60000-s1000-1499.random_p050,random_p050,60000,Ambiguous,500,0.0,0.0,0.0,0.0,0.0,0.0,0.0,0.0,0.0,0.0,0,500,0,0,0,82112.098,4800.804624,109984.19,32706.032019,0.0
S3,50,b3n50-c60000-s1000-1499.random_p050,random_p050,60000,DelayedConfigChange,500,0.978,0.14683,0.0,0.0,0.0,0.0,0.0,0.0,0.0,0.0,489,11,0,0,0,34792.282,20118.842964,46407.214,24916.101311,0.0
S3,50,b3n50-c60000-s1000-1499.random_p050,random_p050,60000,NoiseFlood,500,0.0,0.0,0.0,0.0,0.0,0.0,0.0,0.0,0.0,0.0,0,500,0,0,0,82066.802,4707.715831,105421.622,33647.594365,0.0
S3,50,b3n50-c60000-s1000-1499.random_p050,random_p050,60000,JointlyDecisive,500,0.0,0.0,0.0,0.0,0.0,0.0,0.0,0.0,0.0,0.0,0,500,0,0,0,82119.714,4853.418819,115969.826,67461.410136,0.0
S3,50,b3n50-c60000-s1000-1499.random_p050,random_p050,60000,NoFault,500,1.0,0.0,0.0,0.0,0.0,0.0,0.0,0.0,0.0,0.0,0,500,0,0,0,82143.68,4824.965914,107077.916,22316.395258,0.0
S3,50,b3n50-c60000-s1000-1499.random_p050,random_p050,60000,CriticalFault,500,0.0,0.0,1.0,0.0,0.0,0.0,0.0,0.0,0.0,0.0,0,500,0,0,0,82103.504,4796.203371,105497.204,31308.265066,0.0
S3,50,b3n50-c60000-s1000-1499.random_p050,random_p050,60000,QuietUrgent,500,0.0,0.0,1.0,0.0,0.0,0.0,0.0,0.0,0.0,0.0,0,500,0,0,0,82165.202,4832.450032,101591.664,17567.586769,0.0
S3,50,b3n50-c60000-s1000-1499.random_p050,random_p050,60000,Duplicates,500,0.0,0.0,0.0,0.0,0.0,0.0,0.0,0.0,0.0,0.0,0,500,0,0,0,81449.954,4719.268017,115805.414,30977.90317,0.0
S3,50,b3n50-c60000-s1000-1499.random_p050,random_p050,60000,FeedbackBait,500,0.0,0.0,0.0,0.0,0.0,0.0,0.0,0.0,0.0,0.0,0,500,0,0,0,82107.76,4807.854151,104006.026,24284.164614,0.0
S3,50,b3n50-c60000-s1000-1499.random_p050,random_p050,60000,StaleMemory,500,0.0,0.0,0.0,0.0,0.0,0.0,0.0,0.0,0.0,0.0,0,500,0,0,0,82112.098,4800.804624,106411.18,42447.52627,0.0
S3,50,b3n50-c60000-s1000-1499.random_p050,random_p050,60000,ComponentTimeout,500,0.0,0.0,0.0,0.0,0.0,0.0,0.002,0.044721,0.0,0.0,0,500,0,0,0,65941.68,19691.984838,89554.014,31094.201043,0.0
S3,50,b3n50-c60000-s1000-1499.fixed_verifier_only,fixed_verifier_only,60000,Ambiguous,500,0.0,0.0,0.0,0.0,0.0,0.0,0.0,0.0,0.0,0.0,0,500,0,0,0,94292.386,2953.570916,113105.798,44958.162596,0.0
S3,50,b3n50-c60000-s1000-1499.fixed_verifier_only,fixed_verifier_only,60000,DelayedConfigChange,500,0.97,0.170758,0.0,0.0,0.0,0.0,0.0,0.0,0.0,0.0,485,15,0,0,0,43820.854,23046.692327,51323.962,27443.445959,0.0
S3,50,b3n50-c60000-s1000-1499.fixed_verifier_only,fixed_verifier_only,60000,NoiseFlood,500,0.0,0.0,0.0,0.0,0.0,0.0,0.0,0.0,0.0,0.0,0,500,0,0,0,94328.896,2970.738877,105882.242,23316.630352,0.0
S3,50,b3n50-c60000-s1000-1499.fixed_verifier_only,fixed_verifier_only,60000,JointlyDecisive,500,0.0,0.0,0.0,0.0,0.0,0.0,0.0,0.0,0.0,0.0,0,500,0,0,0,94317.568,3032.627797,115773.318,44819.263418,0.0
S3,50,b3n50-c60000-s1000-1499.fixed_verifier_only,fixed_verifier_only,60000,NoFault,500,1.0,0.0,0.0,0.0,0.0,0.0,0.0,0.0,0.0,0.0,0,500,0,0,0,94319.588,3029.141754,108619.934,23033.624803,0.0
S3,50,b3n50-c60000-s1000-1499.fixed_verifier_only,fixed_verifier_only,60000,CriticalFault,500,0.0,0.0,1.0,0.0,0.0,0.0,0.0,0.0,0.0,0.0,0,500,0,0,0,94334.008,3023.828633,105568.828,22262.601925,0.0
S3,50,b3n50-c60000-s1000-1499.fixed_verifier_only,fixed_verifier_only,60000,QuietUrgent,500,0.0,0.0,1.0,0.0,0.0,0.0,0.0,0.0,0.0,0.0,0,500,0,0,0,94314.806,3033.497373,102919.084,13838.419845,0.0
S3,50,b3n50-c60000-s1000-1499.fixed_verifier_only,fixed_verifier_only,60000,Duplicates,500,0.0,0.0,0.0,0.0,0.0,0.0,0.0,0.0,0.0,0.0,0,500,0,0,0,94029.0,3489.751972,112797.536,22833.669526,0.0
S3,50,b3n50-c60000-s1000-1499.fixed_verifier_only,fixed_verifier_only,60000,FeedbackBait,500,0.0,0.0,0.0,0.0,0.0,0.0,0.0,0.0,0.0,0.0,0,500,0,0,0,94281.836,2959.942998,103808.14,15626.554939,0.0
S3,50,b3n50-c60000-s1000-1499.fixed_verifier_only,fixed_verifier_only,60000,StaleMemory,500,0.0,0.0,0.0,0.0,0.0,0.0,0.0,0.0,0.0,0.0,0,500,0,0,0,94292.386,2953.570916,108834.146,57103.566099,0.0
S3,50,b3n50-c60000-s1000-1499.fixed_verifier_only,fixed_verifier_only,60000,ComponentTimeout,500,0.0,0.0,0.0,0.0,0.0,0.0,0.158,0.365106,0.0,0.0,0,500,0,0,0,76989.694,31480.079718,90508.822,42705.458877,0.0
S3,50,b3n50-c60000-s1000-1499.fixed_estimator_only,fixed_estimator_only,60000,Ambiguous,500,0.078,0.26844,0.0,0.0,0.0,0.0,0.0,0.0,0.0,0.0,22,478,0,0,0,58260.036,3851.540085,79760.504,21183.904319,0.128
S3,50,b3n50-c60000-s1000-1499.fixed_estimator_only,fixed_estimator_only,60000,DelayedConfigChange,500,1.0,0.0,0.0,0.0,0.0,0.0,0.0,0.0,0.0,0.0,500,0,0,0,0,11668.734,4063.769313,17899.722,8535.549953,0.0
S3,50,b3n50-c60000-s1000-1499.fixed_estimator_only,fixed_estimator_only,60000,NoiseFlood,500,0.074,0.262033,0.0,0.0,0.0,0.0,0.0,0.0,0.0,0.0,37,463,0,0,0,57772.824,3654.658125,74717.896,12318.62891,0.014
S3,50,b3n50-c60000-s1000-1499.fixed_estimator_only,fixed_estimator_only,60000,JointlyDecisive,500,0.038,0.191388,0.0,0.0,0.0,0.0,0.0,0.0,0.0,0.0,0,500,0,0,0,58384.138,4056.831855,81676.908,20632.580357,0.014
S3,50,b3n50-c60000-s1000-1499.fixed_estimator_only,fixed_estimator_only,60000,NoFault,500,1.0,0.0,0.0,0.0,0.0,0.0,0.0,0.0,0.0,0.0,0,500,0,0,0,58200.312,3769.024697,78740.242,17417.011094,0.0
S3,50,b3n50-c60000-s1000-1499.fixed_estimator_only,fixed_estimator_only,60000,CriticalFault,500,0.08,0.271565,0.92,0.271565,0.0,0.0,0.0,0.0,0.0,0.0,29,471,0,0,0,58037.012,3793.079923,78198.682,44665.488673,0.074
S3,50,b3n50-c60000-s1000-1499.fixed_estimator_only,fixed_estimator_only,60000,QuietUrgent,500,0.082,0.274639,0.918,0.274639,0.0,0.0,0.0,0.0,0.0,0.0,41,459,0,0,0,57746.0,3669.96256,73061.486,9129.323404,0.0
S3,50,b3n50-c60000-s1000-1499.fixed_estimator_only,fixed_estimator_only,60000,Duplicates,500,0.06,0.237725,0.0,0.0,0.0,0.0,0.0,0.0,0.0,0.0,29,471,0,0,0,57617.046,3595.8435,82242.054,23831.675187,0.012
S3,50,b3n50-c60000-s1000-1499.fixed_estimator_only,fixed_estimator_only,60000,FeedbackBait,500,0.078,0.26844,0.0,0.0,0.0,0.0,0.0,0.0,0.0,0.0,22,478,0,0,0,58235.108,3846.274977,76237.418,14542.935675,0.128
S3,50,b3n50-c60000-s1000-1499.fixed_estimator_only,fixed_estimator_only,60000,StaleMemory,500,0.078,0.26844,0.0,0.0,0.0,0.0,0.0,0.0,0.0,0.0,22,478,0,0,0,58260.036,3851.540085,76566.514,16039.360318,0.128
S3,50,b3n50-c60000-s1000-1499.fixed_estimator_only,fixed_estimator_only,60000,ComponentTimeout,500,0.052,0.222249,0.0,0.0,0.0,0.0,0.132,0.33883,0.0,0.0,29,471,0,0,0,47634.1,17442.301067,65274.186,29508.288597,0.006
S3,50,b3n50-c60000-s1000-1499.fixed_heuristic_every2,fixed_heuristic_every2,60000,Ambiguous,500,1.0,0.0,0.0,0.0,0.0,0.0,0.0,0.0,0.0,0.0,500,0,0,0,0,33281.142,7910.728576,47489.294,21840.853501,1.976
S3,50,b3n50-c60000-s1000-1499.fixed_heuristic_every2,fixed_heuristic_every2,60000,DelayedConfigChange,500,1.0,0.0,0.0,0.0,0.0,0.0,0.0,0.0,0.0,0.0,500,0,0,0,0,3253.912,1187.331707,5130.606,2198.541196,0.0
S3,50,b3n50-c60000-s1000-1499.fixed_heuristic_every2,fixed_heuristic_every2,60000,NoiseFlood,500,1.0,0.0,0.0,0.0,0.0,0.0,0.0,0.0,0.0,0.0,500,0,0,0,0,28652.514,7738.158469,35480.186,11710.608389,0.148
S3,50,b3n50-c60000-s1000-1499.fixed_heuristic_every2,fixed_heuristic_every2,60000,JointlyDecisive,500,0.616,0.486845,0.0,0.0,0.0,0.0,0.0,0.0,0.0,0.0,181,319,0,0,0,68469.89,3437.796731,88324.492,32823.757516,0.158
S3,50,b3n50-c60000-s1000-1499.fixed_heuristic_every2,fixed_heuristic_every2,60000,NoFault,500,1.0,0.0,0.0,0.0,0.0,0.0,0.0,0.0,0.0,0.0,500,0,0,0,0,48772.226,550.932562,58833.566,13057.112962,0.0
S3,50,b3n50-c60000-s1000-1499.fixed_heuristic_every2,fixed_heuristic_every2,60000,CriticalFault,500,1.0,0.0,0.0,0.0,0.0,0.0,0.0,0.0,0.0,0.0,500,0,0,0,0,31083.226,8229.619396,41062.62,13689.248165,1.116
S3,50,b3n50-c60000-s1000-1499.fixed_heuristic_every2,fixed_heuristic_every2,60000,QuietUrgent,500,1.0,0.0,0.0,0.0,0.0,0.0,0.0,0.0,0.0,0.0,500,0,0,0,0,27873.492,7388.989288,33215.526,10792.74778,0.0
S3,50,b3n50-c60000-s1000-1499.fixed_heuristic_every2,fixed_heuristic_every2,60000,Duplicates,500,1.0,0.0,0.0,0.0,0.0,0.0,0.0,0.0,0.0,0.0,500,0,0,0,0,31880.682,9385.097829,47333.928,29960.886511,0.148
S3,50,b3n50-c60000-s1000-1499.fixed_heuristic_every2,fixed_heuristic_every2,60000,FeedbackBait,500,1.0,0.0,0.0,0.0,0.0,0.0,0.0,0.0,0.0,0.0,500,0,0,0,0,33296.694,7911.021217,45537.292,13665.321333,1.976
S3,50,b3n50-c60000-s1000-1499.fixed_heuristic_every2,fixed_heuristic_every2,60000,StaleMemory,500,1.0,0.0,0.0,0.0,0.0,0.0,0.0,0.0,0.0,0.0,500,0,0,0,0,33281.142,7910.728576,45512.602,16483.470544,1.976
S3,50,b3n50-c60000-s1000-1499.fixed_heuristic_every2,fixed_heuristic_every2,60000,ComponentTimeout,500,0.812,0.391103,0.0,0.0,0.0,0.0,0.13,0.33664,0.0,0.0,470,30,0,0,0,26772.806,7974.601433,34880.954,14030.333463,0.096
S3,50,b3n50-c60000-s1000-1499.fixed_heuristic_every4,fixed_heuristic_every4,60000,Ambiguous,500,1.0,0.0,0.0,0.0,0.0,0.0,0.0,0.0,0.0,0.0,500,0,0,0,0,24561.81,5368.412091,36133.196,14692.109875,1.976
S3,50,b3n50-c60000-s1000-1499.fixed_heuristic_every4,fixed_heuristic_every4,60000,DelayedConfigChange,500,1.0,0.0,0.0,0.0,0.0,0.0,0.0,0.0,0.0,0.0,500,0,0,0,0,3071.57,981.894017,4594.22,1797.825262,0.0
S3,50,b3n50-c60000-s1000-1499.fixed_heuristic_every4,fixed_heuristic_every4,60000,NoiseFlood,500,1.0,0.0,0.0,0.0,0.0,0.0,0.0,0.0,0.0,0.0,500,0,0,0,0,20515.866,5308.405589,25896.476,9395.063573,0.092
S3,50,b3n50-c60000-s1000-1499.fixed_heuristic_every4,fixed_heuristic_every4,60000,JointlyDecisive,500,0.616,0.486845,0.0,0.0,0.0,0.0,0.0,0.0,0.0,0.0,498,2,0,0,0,57458.692,8991.571893,77039.508,74322.135187,0.082
S3,50,b3n50-c60000-s1000-1499.fixed_heuristic_every4,fixed_heuristic_every4,60000,NoFault,500,1.0,0.0,0.0,0.0,0.0,0.0,0.0,0.0,0.0,0.0,500,0,0,0,0,33592.03,273.319938,43376.204,40150.450624,0.0
S3,50,b3n50-c60000-s1000-1499.fixed_heuristic_every4,fixed_heuristic_every4,60000,CriticalFault,500,1.0,0.0,0.0,0.0,0.0,0.0,0.0,0.0,0.0,0.0,500,0,0,0,0,22588.614,5752.142693,30281.818,10260.451058,1.078
S3,50,b3n50-c60000-s1000-1499.fixed_heuristic_every4,fixed_heuristic_every4,60000,QuietUrgent,500,1.0,0.0,0.0,0.0,0.0,0.0,0.0,0.0,0.0,0.0,500,0,0,0,0,20101.744,5081.160974,24211.1,8004.739503,0.0
S3,50,b3n50-c60000-s1000-1499.fixed_heuristic_every4,fixed_heuristic_every4,60000,Duplicates,500,1.0,0.0,0.0,0.0,0.0,0.0,0.0,0.0,0.0,0.0,500,0,0,0,0,22263.722,6092.602396,34671.528,18498.650837,0.092
S3,50,b3n50-c60000-s1000-1499.fixed_heuristic_every4,fixed_heuristic_every4,60000,FeedbackBait,500,1.0,0.0,0.0,0.0,0.0,0.0,0.0,0.0,0.0,0.0,500,0,0,0,0,24570.77,5368.647038,34401.876,13214.715053,1.976
S3,50,b3n50-c60000-s1000-1499.fixed_heuristic_every4,fixed_heuristic_every4,60000,StaleMemory,500,1.0,0.0,0.0,0.0,0.0,0.0,0.0,0.0,0.0,0.0,500,0,0,0,0,24561.81,5368.412091,34730.228,9292.458458,1.976
S3,50,b3n50-c60000-s1000-1499.fixed_heuristic_every4,fixed_heuristic_every4,60000,ComponentTimeout,500,0.86,0.347335,0.0,0.0,0.0,0.0,0.13,0.33664,0.0,0.0,499,1,0,0,0,20048.45,5043.400257,26300.316,10407.021829,0.068
S3,50,b3n50-c60000-s1000-1499.oracle_evidence_privileged,oracle_evidence_privileged,60000,Ambiguous,500,1.0,0.0,0.0,0.0,0.0,0.0,0.0,0.0,0.0,0.0,500,0,0,0,0,0.0,0.0,27454.804,31500.349902,1.0
S3,50,b3n50-c60000-s1000-1499.oracle_evidence_privileged,oracle_evidence_privileged,60000,DelayedConfigChange,500,1.0,0.0,0.0,0.0,0.0,0.0,0.0,0.0,0.0,0.0,500,0,0,0,0,0.0,0.0,23380.486,8859.588748,1.0
S3,50,b3n50-c60000-s1000-1499.oracle_evidence_privileged,oracle_evidence_privileged,60000,NoiseFlood,500,1.0,0.0,0.0,0.0,0.0,0.0,0.0,0.0,0.0,0.0,500,0,0,0,0,0.0,0.0,43252.344,36001.888937,2.156
S3,50,b3n50-c60000-s1000-1499.oracle_evidence_privileged,oracle_evidence_privileged,60000,JointlyDecisive,500,1.0,0.0,0.0,0.0,0.0,0.0,0.0,0.0,0.0,0.0,500,0,0,0,0,0.0,0.0,74747.374,34065.038068,4.464
S3,50,b3n50-c60000-s1000-1499.oracle_evidence_privileged,oracle_evidence_privileged,60000,NoFault,500,1.0,0.0,0.0,0.0,0.0,0.0,0.0,0.0,0.0,0.0,500,0,0,0,0,0.0,0.0,162760.884,108877.696374,8.126
S3,50,b3n50-c60000-s1000-1499.oracle_evidence_privileged,oracle_evidence_privileged,60000,CriticalFault,500,1.0,0.0,0.0,0.0,0.0,0.0,0.0,0.0,0.0,0.0,500,0,0,0,0,0.0,0.0,32709.254,23015.835959,1.516
S3,50,b3n50-c60000-s1000-1499.oracle_evidence_privileged,oracle_evidence_privileged,60000,QuietUrgent,500,1.0,0.0,0.0,0.0,0.0,0.0,0.0,0.0,0.0,0.0,500,0,0,0,0,0.0,0.0,41511.062,26805.92614,2.156
S3,50,b3n50-c60000-s1000-1499.oracle_evidence_privileged,oracle_evidence_privileged,60000,Duplicates,500,1.0,0.0,0.0,0.0,0.0,0.0,0.0,0.0,0.0,0.0,500,0,0,0,0,0.0,0.0,45290.624,34264.856273,2.156
S3,50,b3n50-c60000-s1000-1499.oracle_evidence_privileged,oracle_evidence_privileged,60000,FeedbackBait,500,1.0,0.0,0.0,0.0,0.0,0.0,0.0,0.0,0.0,0.0,500,0,0,0,0,0.0,0.0,24862.072,10564.956459,1.0
S3,50,b3n50-c60000-s1000-1499.oracle_evidence_privileged,oracle_evidence_privileged,60000,StaleMemory,500,1.0,0.0,0.0,0.0,0.0,0.0,0.0,0.0,0.0,0.0,500,0,0,0,0,0.0,0.0,24844.248,11811.412963,1.0
S3,50,b3n50-c60000-s1000-1499.oracle_evidence_privileged,oracle_evidence_privileged,60000,ComponentTimeout,500,1.0,0.0,0.0,0.0,0.0,0.0,0.0,0.0,0.0,0.0,500,0,0,0,0,0.0,0.0,43492.0,29476.693847,2.156
S3,50,b3n50-c60000-s1000-1499.oracle_immediate_privileged,oracle_immediate_privileged,60000,Ambiguous,500,1.0,0.0,0.0,0.0,0.0,0.0,0.0,0.0,0.0,0.0,500,0,0,0,0,0.0,0.0,321.654,100.543504,0.0
S3,50,b3n50-c60000-s1000-1499.oracle_immediate_privileged,oracle_immediate_privileged,60000,DelayedConfigChange,500,1.0,0.0,0.0,0.0,0.0,0.0,0.0,0.0,0.0,0.0,500,0,0,0,0,0.0,0.0,253.876,54.551888,0.0
S3,50,b3n50-c60000-s1000-1499.oracle_immediate_privileged,oracle_immediate_privileged,60000,NoiseFlood,500,1.0,0.0,0.0,0.0,0.0,0.0,0.0,0.0,0.0,0.0,500,0,0,0,0,0.0,0.0,316.604,90.451568,0.0
S3,50,b3n50-c60000-s1000-1499.oracle_immediate_privileged,oracle_immediate_privileged,60000,JointlyDecisive,500,1.0,0.0,0.0,0.0,0.0,0.0,0.0,0.0,0.0,0.0,500,0,0,0,0,0.0,0.0,350.216,195.052928,0.0
S3,50,b3n50-c60000-s1000-1499.oracle_immediate_privileged,oracle_immediate_privileged,60000,NoFault,500,1.0,0.0,0.0,0.0,0.0,0.0,0.0,0.0,0.0,0.0,500,0,0,0,0,0.0,0.0,334.38,119.310996,0.0
S3,50,b3n50-c60000-s1000-1499.oracle_immediate_privileged,oracle_immediate_privileged,60000,CriticalFault,500,1.0,0.0,0.0,0.0,0.0,0.0,0.0,0.0,0.0,0.0,500,0,0,0,0,0.0,0.0,312.692,86.367075,0.0
S3,50,b3n50-c60000-s1000-1499.oracle_immediate_privileged,oracle_immediate_privileged,60000,QuietUrgent,500,1.0,0.0,0.0,0.0,0.0,0.0,0.0,0.0,0.0,0.0,500,0,0,0,0,0.0,0.0,431.014,2776.529227,0.0
S3,50,b3n50-c60000-s1000-1499.oracle_immediate_privileged,oracle_immediate_privileged,60000,Duplicates,500,1.0,0.0,0.0,0.0,0.0,0.0,0.0,0.0,0.0,0.0,500,0,0,0,0,0.0,0.0,368.382,116.013475,0.0
S3,50,b3n50-c60000-s1000-1499.oracle_immediate_privileged,oracle_immediate_privileged,60000,FeedbackBait,500,1.0,0.0,0.0,0.0,0.0,0.0,0.0,0.0,0.0,0.0,500,0,0,0,0,0.0,0.0,336.85,710.360957,0.0
S3,50,b3n50-c60000-s1000-1499.oracle_immediate_privileged,oracle_immediate_privileged,60000,StaleMemory,500,1.0,0.0,0.0,0.0,0.0,0.0,0.0,0.0,0.0,0.0,500,0,0,0,0,0.0,0.0,319.118,89.899343,0.0
S3,50,b3n50-c60000-s1000-1499.oracle_immediate_privileged,oracle_immediate_privileged,60000,ComponentTimeout,500,1.0,0.0,0.0,0.0,0.0,0.0,0.0,0.0,0.0,0.0,500,0,0,0,0,0.0,0.0,336.468,306.506518,0.0
