dir,run_id,arm,results_sha256,incidents_sha256,notices_sha256,notice_incidents_sha256,notice_events_sha256
b2-heldout-b5-rho0.7,b2-heldout-b5-rho0.7,sel_change_q0.5_privileged,eaf605546952318bb5f3db957455f31d3a3ea7bf03eba4e32029bf28c7242ee2,116598d74fe13d6582041e47e95ae843abdffab09f4c510546eedc4bd4708ff6,5e1563ac9579bd6c3b655f43942eead222138a83605ee9595854f7f8b42cf7b9,10d98758b6a61e0c424ddf45b77282652e8cb2e4cd5922c3f69d619424b21633,333b049a964e116977fb640f63db4004296db1d1f7c6b8c7d95e1fb73f797be7
b2-heldout-b5-rho0.7,b2-heldout-b5-rho0.7,sel_change_q128_privileged,01101375e01f720d75b5d902e6291245edd7ba703eaaacb1de474b28a67c2735,52cfd14d19608db0e996ddac0671cb8632b388a3d85905901e3f5b1785085091,23975f930048e559c6202f78a6e526bd4e14bd4a907512779de0ddd3f8622280,e9ab122d76da4c9ea356b49df5d410ebe8496f634cc4be704919c637334b5b52,52150d207f278c13e194d548a55bcbc7ba134e0c5844e6b2f68ec443210a08d9
b2-heldout-b5-rho0.7,b2-heldout-b5-rho0.7,sel_change_q16_privileged,59f5d53c49125ea5536609e5695f09af270b712092c63060771e0c6d3b75420c,d4d578f33f6eacd18cdf589c18771d1941b0608f289a4823564aa900d7050943,32a4c4e1a3b15e8efc6ddc674d3057b0cb58a6ca9c1b766ba83f7e9c1d9eac72,1257eb6316c08c5a05942c2519df8017f2f79ffb37ac9fecfb92d17d68fd2b47,05e028199f1231bac2f20d1fc7eefa0ac13e9c1c477d8bf3202acc6257f9cd19
b2-heldout-b5-rho0.7,b2-heldout-b5-rho0.7,sel_change_q1_privileged,a95a6da3a131c06ce946a38a6ae8579653e332aab9b04024ccee27d1b84b4231,04ec8a451e355567afe69191fb154d8d98709ece183c9360b5fee873b2c934c7,5431ea71a0c5ebb4b27853887462dbd4c5baeb8fa086003b3933e3cb85959e07,a761ee26b64ceb949ae1514107374068867b4dbb08a48174c4284057e9bd0753,17ecfd847ef29f2a07b32c26ba2b1f8cfe5131d81e1177b52731987dc6b4b87a
b2-heldout-b5-rho0.7,b2-heldout-b5-rho0.7,sel_change_q2_privileged,f3783c980e8cc5bf556a69d311a68afc6f0c6de92f9cb1a4a0f094c5ed2669f9,0c5847415608f46d190000c4f2ef4df812d466c85574867e8ace55515e4eaea3,7aff4bec0e6d82f7a7a2eab3a51c9771afa1f3fcc03de223f6fb5d9482f4e333,66c357a0f0e747dcada4a9e98a4e602ca5d1c2312e3bb319cc8ae2dfcf2ba358,31bac7ecc8714cdd0667897f4dd8ea7b8b6f54ab2824bdf8e4f6a9d1f18044e4
b2-heldout-b5-rho0.7,b2-heldout-b5-rho0.7,sel_change_q32_privileged,0c966a315eecadc36b06e91d00e50dfe715ce777f6ccad59814b782b317f1b93,5179e5dfcd8717b0f5f9ee6fccb6adb9ba8065683c25d6b209227efd65e5bce5,85edf741a6e8144b09e31c49ab29dcb1e1a0eccfba7a88685597ee2b2c359b55,ce6fbd8f03775d99d853f48d42f647adab9b667ddf93217459f2b335fe0a16da,344b65985c42c72f8146de82980c935e29175198227f3daf89d4d8b25f697894
b2-heldout-b5-rho0.7,b2-heldout-b5-rho0.7,sel_change_q4_privileged,d44fc0c58ea58432f30feafe40086fc26331495d4359b4b51f8fce9453e22ec3,9d1f72f98df62d6302b771682452b13265bfd5ceec5a0eb30a7a0ddf9bbd191e,ed01bf46ffc767f33944c87e797975136fa637a53fafd2a90788e4efbf2242ba,026bc7220a745a1be3928f87f36ab097bdaab362b5967b24b049fb27b42aa8fe,6443d5e8a155d6a424516d66b12c0886122415456ceca8ee5fd1295e2e86589b
b2-heldout-b5-rho0.7,b2-heldout-b5-rho0.7,sel_change_q64_privileged,18e6a4300da0ad7a7ab1fac2ddb041f9eb972d9231c18b9251a2a4fa2155088d,bd4f6ce634fc90973f4e0258bccc86c01bd0fffff7d225df67d08fe5262fdc88,09b080a1ce80658262e51017612ab2394874becb20aaf2ce877138c523021300,ed6051bbe711f6d8c6feb4409b76e97f54fdb77476db45d3cad1a7080e071a9e,c8791b5229a069a8b8e80d6bf4a7d619efac48c59cc292ee83fe6c77f876a235
b2-heldout-b5-rho0.7,b2-heldout-b5-rho0.7,sel_change_q8_privileged,cedede690acac851eebf94be9b8cce5bdd2204c25d94a5fcfa9d67a38b2031fa,4bfda03dadd94e6a2d71033f5af610873813874657bd9f5e0640f5d296327e79,e2483f1a704cb71f5c3f60ceda97b151cd358568dde50f0fbfc053efe28cc250,88ad92304d2f519980faef69ad5fae38914d99ea2856bb6825e14c49af115740,1d04824043416152703881c0ab2733063f8151a4ef6431e22e256a571415c5b0
b2-heldout-b5-rho0.7,b2-heldout-b5-rho0.7,sel_earliest_l0.25_privileged,12dcfdd6792d211d85f6fd14b9c7c52e5e40071fc6f417054f12e83ac62e2e98,381155c4d8ab4ce502ee18f63a803e459a096522d7cd4609efbd790b04ef6e0a,d840ba171fd0012b272781af07466b1398de88a10f5cb34120ef69ca0eb85f71,853abae73b94ad0bf5dc0a2008144c79266e62e89b7383169b773ee7fc7b9f6c,45c6e349236ef28ccb34db799532810dd3a862d94f9f0f34d22db6509c5602c0
b2-heldout-b5-rho0.7,b2-heldout-b5-rho0.7,sel_earliest_l0.5_privileged,9d548d4b7c39279212541a73d9ff191b511b987b5611837cbcedc3eb063c2556,017c076af52cff9d84f5484c9bfc5f8b5c9141636f27d1ad6737d070c9d0f3fc,5fa0258de73738e43701e385d208d0d74c7773bd4e8ce7b8ddc1492335ff44aa,bfb2314ead5452a527c7e8aed206e69c176d750a12670618bdedc659696b7331,0112dddb9224f6cf36dfea34882037e9ef727ee329d32de0190ecdbc9ce77b05
b2-heldout-b5-rho0.7,b2-heldout-b5-rho0.7,sel_earliest_l0_privileged,13127d0ff93d153ee9d098be4748c969a5c1b3c5de65ae3b3c8c798a0ef522e5,152be7d2972a5ba329f04219a4ca676bccd14524e0fea6d6d6758ee3425f4373,75adfb49477498d827c51801e8eaa7d08f3d58e67782f93be54e81452c3709be,489b22caa536e1e901244bb6adb409d41c16cbc619efcc56ca81bb08955a6f41,edc8c81ab8bdd4d29c94a37dd0797d545a9d4fb9998121c050dd60fa98494981
b2-heldout-b5-rho0.7,b2-heldout-b5-rho0.7,sel_earliest_l1_privileged,b4dc1544e6d610299d8b0ca9590b9a7530c208e22ff78c302f300afb0e809b82,c2d0d34a87cf3dda2c872587fd0d7c367ae8ae0b50e63337aa1df59265d0b977,80301aa385179ab292c8f5d32623488d6fd2326ba80d99e000676be91f2c58cc,e98d8d4a81923b944c4e64c6fdcda40fff151dfb31a4d1d16ae5d2d6d62314ea,b89b18ac38ed4acaf9ae15f82f9eb2005d6376157f336b2b3a150b99f09910e2
b2-heldout-b5-rho0.7,b2-heldout-b5-rho0.7,sel_earliest_l2_privileged,2962c7635bedbc38e6448743eebd72aee776409a98ba2d7e5ba3bb00faac3a5a,09c630f14e7840894a036fbdf6150592cef0b09987eacabcfcbe2cb61ff90581,db3a8568ca0af0b250a3e2543987bbbe3c11b306beb09c78843f35115f328523,f6f8217f2f57f7c0d0bd5fe0eeb59c3f8be8d9e927f4c1aca60009683706cebf,8377ea83c19699118400c35e6c02c913891a11430cd7dd94c911638dba6d1b26
b2-heldout-b5-rho0.7,b2-heldout-b5-rho0.7,sel_earliest_l4_privileged,ae4dec4b1a8d3e2db8352c18a09cfef31d25ac879337d27d5e8f92f8df49f816,69a5deafb1cd8f753987e8d2830e8ef9b6d9166b8504fadb735380e04903780f,2389afd2fc75ff8fc6e6956b5b8bce01c3214f998a7e4bdf2c92608df54facfe,62863c5c8b2f525743e4770d269e39426708ce9887a528dcb797d22ae477fd93,030af7292e194168afdbc03f823f93f044440fdbc96fa9b268aae49f19a0c1de
b2-heldout-b5-rho0.7,b2-heldout-b5-rho0.7,sel_earliest_l8_privileged,05e4a54f30562415b38c2bc363227c30ce45edbf6a7b6767eecc60b0af90474a,fa7c0dc15fd509b9d3422a6f018b92a363f0e9c93c744f5d7ddf037ca0715c92,7d8f03ff746b97d6cd6aa498972ef1bde066ee87c04ce781b046164718ae94eb,1d593e00ad0f1254ddf83a44073010703170c58a4282113240bdf9d7c9ea6689,54a761e795e1c5dae4d5b4ec9cf5266ce2ad71c94d2a8065bd0bd0e672e21743
b2-heldout-b5-rho0.7,b2-heldout-b5-rho0.7,sel_reanchor_any_g100_b2_privileged,4ac0e61a3354dd1dd51da7ecad6f34eba22157a85443924eb02fa829efaca235,152de5340fd7faf89d0f2623f6952b64eec00a48adfeec5d98d7fced26c6d47a,6ef3ba814b31f3f979222cc26d457c7baaf07aa4896752f46553b5220b471f00,29ee9f2a47950e220f9afdcfeae34ce20ff4ae8d0bac021e1807465b2afbcb67,a334d067dc96deced2c993ca84370a55b7cbc612d8a2cca6b1ffdc7c0e18fbbd
b2-heldout-b5-rho0.7,b2-heldout-b5-rho0.7,sel_reanchor_any_g100_b3_privileged,b9014113b7004cd569ae64e9d70e817d2ea3b2fdc7ab3b5bc094fd864fa0f820,84135426376813de06ff066133701b30a89f6891a6b083a10e282728ae5f334b,059504f1b7462ebff56461c993f266f198001fcae29e6ec97106f69e392788e9,de23136d87662aea9a9115691b4319e2abf6f5165e7caa6a41a9a8f64766ad42,d54bffea7b54ff4af50b7c5ac5429220f57d41006a18eb3ec6b080efb4581ef8
b2-heldout-b5-rho0.7,b2-heldout-b5-rho0.7,sel_reanchor_any_g10_b2_privileged,e772aaa659abab833eebb9e6f26990e861cda9c749d9e6bc83e79144ecb2014a,b8c38eb92ccc7be36f51888cda43b554be58a322acb2de1d3fd56d36c32d1600,e9e750f439c26dee13fa3634cdda1457b9cb6f1c539cedf384b14ebe9ca3fde6,9bfa0144beec00d20e4a3aab1f529bd20aec3191d558af39f7f1cc568c8ffb72,fcab94e648f9bbb67201b7bc822a684fade289f695f3e64676d69dcf6abd7483
b2-heldout-b5-rho0.7,b2-heldout-b5-rho0.7,sel_reanchor_any_g10_b3_privileged,c970513f97785bf1cb7bccc4a543f85b92c803d296e1c8bf371d679344a3e2b1,7e557d75081d2f6c269c8d9d00f6dabee2653f987bd6226822e1dfd8e018692a,734d4e9545fbae28539427f32e3d10e641b8fd878d68ecd4ef0aee417c445f99,f706afac79e5ccf084015eb2b142f3e7697c3eac5065312ecfd3c4fbe4e9fa82,8c6cace6c188d7067c31d7e2e871e202f96d7e1db45acd86609307fe8e5fac4a
b2-heldout-b5-rho0.7,b2-heldout-b5-rho0.7,sel_reanchor_any_g150_b2_privileged,f413c5ffd3db9c0ace266f776982683e5416137715a485ecd51e72e022b8060b,871024e213575604b810773d56f2cb3cf7731981bb7546e4379a6a5180fe5744,086a9053b85460c7a4c11f892f4c9a3fe14828221fb7aa64621a8318b3b7c0fa,6d1eaad0146c1ac107be721f0825f669a14d114ccdaecc0d6d6e124c6478db5d,969d771f5edf740ab3358fc7c705a333eb6e02cc61beb7dff390f48280006d25
b2-heldout-b5-rho0.7,b2-heldout-b5-rho0.7,sel_reanchor_any_g150_b3_privileged,943c60af3b78b68957a80978aa15d1cd5f62a46e58659055b5db43e645169109,8d6e5977b9a7a59760316a947b5b30c9575796950bc0d4d0f8b70e4296ca4086,fb37ce941bbada212862bdfe066076d79c24ff9fe6a936d82564f15a857a9619,e5bb77db20b6fd99d3bc99bab29daee1b0255bd0213745fa85df8f6908088d0f,84cdc74c5d073227ba1d4b1c896bc96a57084605ad992279fde101f2a17880e3
b2-heldout-b5-rho0.7,b2-heldout-b5-rho0.7,sel_reanchor_any_g200_b2_privileged,169cb008350551cb53296a35d5897d6c655cc85f01c7ea95bc8759b1dd49a59f,206ca503b30603adf5a41492c0685b494b79403cc82623b0f980d8a62e5cc463,951d381ebcdca81bb0743e47240949d8ea8596284419ddde84d32057ea7fc4af,848574fa506a1fd3e2902141a40d19a2d0858b7b45105779ac6aca84e87a5a36,3636ad89ab6827c466068dd1a38907be3afdae8ccce3d264a7b2ab698a4998b1
b2-heldout-b5-rho0.7,b2-heldout-b5-rho0.7,sel_reanchor_any_g200_b3_privileged,ec0b19c86e5182fc4eabaa524a365c358e41ddd5cde34bd4d09e77c2da4995d2,7d4076971118242df7191e88edc16fc8007f43fd495ab563c0e50e9688766bf7,decf0da5843cbcb6d5152ffa2abfbc7e9af0c85ce0858fc58cb568c8bf13a83a,01ae21106b7e0e61cd0b86404c80616d4541b6ae91061d91661caa608793c26e,0a94093f827bea7f04d77f5ca6a02602d9aeaefc417adc87cf318236b6071b31
b2-heldout-b5-rho0.7,b2-heldout-b5-rho0.7,sel_reanchor_any_g20_b2_privileged,a377497b7e3b852a7e17d1b4f574b7a7980ef04bc1fc26234469262a0f0dd7d2,6e8f015b4eb643f9a96c1d5adf661840ea0444bb48809ee1c7059020250b038b,d31ffa0dcd7a9bd9ee912605cb942787cf6b01a73d3f504a6e3c1f53bdfc0ca2,1da2ace554643c0a38974ba7320bccbc623234cae14c166c2d91a6e501fe4557,c0a76a84f44fcdc487665b233a4893a8a535daa0d9ca65a31c8add65de8b1b72
b2-heldout-b5-rho0.7,b2-heldout-b5-rho0.7,sel_reanchor_any_g20_b3_privileged,218f036ff055623e714c84c17252de98c34cd731cfa40d7844726059fdd15e13,7ab3d4b651724a63b80df80217c192994c93d9751e9caaf5cd5d0d15ae4dcbad,700daf0329b9b6445b0b90733e9ee08bf084a59fe7f774af9edc6cfa999e7283,d31252a40726ae3886fff9d948909c0ac81ce469b31265374c8c67302a3eccc5,74679b499db8f1c3a312af626239babfeacbdebdd60cb832effcd8551f836ee2
b2-heldout-b5-rho0.7,b2-heldout-b5-rho0.7,sel_reanchor_any_g300_b2_privileged,10b00b6bf2bf1fb49edec6fba5fea0869d7115cfe94ece28381bd513b8174c69,f292ab3eb02aa7a1a4d1582f09127b570ffc3532064ccfc3b7a02c604c6a2687,ce7cb0a18bfb78b7f643b788523c6bb4b8601ae0c9a40daf96f556733cc8f518,43bbdfb2ac2477ed8f353f7f61115c69959f406eb5fa15a50fcb556e611f8a1c,0c31e4b15449fecb8e278ea41561fa573b117f2018ee90888c54ce3470915190
b2-heldout-b5-rho0.7,b2-heldout-b5-rho0.7,sel_reanchor_any_g300_b3_privileged,92e68cd37cd1c7176e355562c6622bf72b601a8600b1e2918c69291355a7c627,876bb2495a1236d6c090fd1a8c1985fbf5836e2f9d3bcf3aa12cd16524173409,373898ee680d1e0dd877ca5d42278edbb080c444d166969b47a772d0b4ac4816,3862f7d50c120f8e483c046c52a2f1a2c1067f0874f0eeb891459df0e2ee09ef,35c41bca417eac699d07603aa983754442d53082b1b7067c233091caadc82ab5
b2-heldout-b5-rho0.7,b2-heldout-b5-rho0.7,sel_reanchor_any_g30_b2_privileged,a67fedd1b17cf23fe46626681c4d3e783e6171dc19c8ba7af8c13a277064a534,c71781155a2f89369c7ab5b458d506501ae983eed4ea3b3dd598765a1c9f183e,5b65c8e199a15032118005077826625e5792a76f265d35d8028f56ea31f49216,cd108c759971217809f87d2a1f611151905fbe5efe6fd981bb9c8f48dd316827,283f4698454b69e140e2796c171866058b8a6419da520b120ca88f9762a34b34
b2-heldout-b5-rho0.7,b2-heldout-b5-rho0.7,sel_reanchor_any_g30_b3_privileged,09e72b6298fe99fc71bf595cbdd77d6ce044d660f206233b203a6ec2eca436fe,5f76139b1d690c209f9faef5fbb54af01db6803e7fbcbd728bf92916d7181747,183b1587c1f68681527c3e59dd0a6a5eb7036d66aed9c6cec52f5f4a7fdb8dc3,cab1668468ca90fe2197382889284aeda2beee8096c03991744c9c1ae5b8c0b9,c90612cd23349aa2a1ed1a111ef6465a80df6c300c12a6bb4858133fbef5bfb7
b2-heldout-b5-rho0.7,b2-heldout-b5-rho0.7,sel_reanchor_any_g400_b2_privileged,3275db6aebc6b465bdc7321db9b8f06180ab5e2085200f32e1284f7a0a086929,15176db3c538321e31d59b678d95e6c08259249225aadb812dd0ad237d6ae0ba,52d936057557e6da3974fb57780533c7c30bd8c17314da6f37d435137f46a989,5a94e2f1ad263b347f3260357146aa5f4ce1f9f04fc28517dd28eea7628a1ebb,ade7d532fd1b0a12cff54b4585c8895ff68a0c869d94a1e14f47bc8cb4458bf6
b2-heldout-b5-rho0.7,b2-heldout-b5-rho0.7,sel_reanchor_any_g400_b3_privileged,028b67ad048dd66556f64d8a2ed9a5656254fa88d526dd6205c4f80c5cbe666f,20544240a0c6c71bf8bbf7ced059c8a64b637b6cc5c8718f0d61e5abbec722fe,a6a75ffa06563278a0a825c9bf29b57f7c497054f63261a0b4e9eebb785d3c60,18caddf566efe338377a60967eae5cd5124126bc0da52b7b0acfe78d358de5ac,458e31de4eeb964dc4472e02f95cc0438296f3da55e263700bb51bf007db3bb5
b2-heldout-b5-rho0.7,b2-heldout-b5-rho0.7,sel_reanchor_any_g50_b2_privileged,935d8302c34977db8da7fbf93c7efdfd18d1ad58c341d7ee8dd98a7d67a8540b,df3d76b53dc47adb904fb75d3320ebb62e5b0309b29376b7f84e83a07b962bd0,b175454e74af54984689e2c1b55fd917bee982f2b384180a7dbfe8be693970f9,f85989f06ee283f3f375854cf025de04f77207aca194afa77394b0f1261ea56a,c70cf11a28d4923db0c6a1430b2d8dbe00602b66d6b8fde5d9dae03c1c0ed0da
b2-heldout-b5-rho0.7,b2-heldout-b5-rho0.7,sel_reanchor_any_g50_b3_privileged,a5a0c5da378418aa603f9310514229eda9da8ea8667463dae0de7aa282760fc7,cda927f0b0ef53508cd0d841fac73e9c2a1297f28e6d4f7a96faaab910e44d7c,1bcde630977d6585aa09708f27920424052295ddc2bcac47b7e62d4f192c3586,3cdc44472c2f4c8a8dd6643c6d140be999420c73a22d8c0b14cd224634d19b5c,602656ece30c8e02140aab26cd8afa74a0ebde67ea873dee66d340280cd061a2
b2-heldout-b5-rho0.7,b2-heldout-b5-rho0.7,sel_reanchor_privileged,338d72ec087d7439227cd43dd21b09b351e25b2e3937223033f7a4caf86a76cb,73f5fca3857e7c891113f37a2dc2a3d2b470799ea7520a0739d48e7981980656,ee7f0e3db61bcc2745f843245efd65eb297322366175f0b2a49af44c07fe429c,5d1d346a4ec94fd8af3bef5acb1bf75271e2080b75a6a519e1691246d90526a7,5565e91722d056eb7a1c2ac0855bb3e08ecb156d0913f9522c159726f434568a
b2-heldout-b5-rho0.7,b2-heldout-b5-rho0.7,sel_reanchor_site_g100_b2_privileged,011f6e859f00af22041090e3961221fa86338ce6091ba395f34d186a960e2f07,476b83cbf463bd000d8e435b7806da7d2c419a20c7b0ba6b5a619f9658f7ea9d,d193a1273a48d71b8e3001f2a8fb600a8c07742af8722d262a9730c316408b06,59d14de41b801f3636b718c05a4708ec06a49fee584ae51541b37615f6e9adfb,88ca518a485d6116ac678e4674a6cecd00c4ecf4f6e82aa63c4374ceb138ffea
b2-heldout-b5-rho0.7,b2-heldout-b5-rho0.7,sel_reanchor_site_g100_b3_privileged,061f80e08ea9904251f71a7464ebe6e981702c6a4f2e9df8bc6623453ba4bf8e,6f48c69a17edd32e883f5307e12d30809de58ce36c054aee0d344de44a4e94ff,b0a2426a54fccda91d25b7ec726399c17f1cb88e1b9325844cb6c931de55eb8a,cbd3ab5118c171c4fe5eb67fedbcc6b8fe13a7f7bc5c72467808334ab9e7c933,de89c52edeb791a4039405a4a67ea94d4d3cb3dea63fbbca1125c954ce3c6802
b2-heldout-b5-rho0.7,b2-heldout-b5-rho0.7,sel_reanchor_site_g10_b2_privileged,5b7f2ebb2a61ca6b65380bb21175375ae708b4d9efa8f7832da02ac7f6875bf9,16aa460ce80605fbdd4a57af416c89f76f36559a5cc54cc3afe5183941f71f0f,e05106b7dd1fb46e1a701ce052b10dc13ef68e444810e70335dfe236d04267e7,2cfcb220514497832dddc4cd2dddb83f97177260baab958edb1cf97870dad9b8,f757b9295998a9c56c881bd65bb5b7a34b61f780320b0588d08f47ec2c30cb00
b2-heldout-b5-rho0.7,b2-heldout-b5-rho0.7,sel_reanchor_site_g10_b3_privileged,3e07b75f5969f3697626e11d0b2f4bb5421d9d1605226f3901aab9464b63021b,fa875a3919205b4c82f36c613d519826cbe7d1c3030bdfbbf5cc52099a530c9f,2533bde3792cc699f140cddc0421efe684dba108da2debdaedf8a7664242a78f,e44046e8a9e1a4808b87ec34a13bd1937ea58a7617fefb437ef60936fee15440,554274fbb1cc14d6173063ab0dc7813ca334102a6ad8f1182f758aaef20c540a
b2-heldout-b5-rho0.7,b2-heldout-b5-rho0.7,sel_reanchor_site_g150_b2_privileged,da4a972b7ddc1e889bfcae28b4d8caca47deffc2ff5ce65f128c99bfeba7d496,400c79f30c4b8beb5e7950723744357b8260445763e1de8e3e8df0d32aedce49,7a6a2e00dba133fb187ea8ad2925cb68127769f464cd2e70391a86015763f8e9,35c03b94faee47a06fe1906d71f36d9d11f88fea65e70cb8464fd017e916fdbc,a3e08c806e60bb8e3d5f7c17dcae55164dba5cf75ed4d3f8d8126f91795c267c
b2-heldout-b5-rho0.7,b2-heldout-b5-rho0.7,sel_reanchor_site_g150_b3_privileged,434c184696ab51908724d4c535b1e65472cbb5e770a60418ee969c7fee4f2817,0198359b5388d2459072b071502d58438573845f8c4b2890278557e35d63dd8c,fe50ef8f683983d8d19034ca327330fddbd44f1dc064a8abbbde777dfc236418,bd000ed5387292020f70c5a7792fb2df7a3311b0967921c01df1705a488e58de,26295c21ec3773afa711c6431cf3573d1724d86fe58e01cd8b019a6ca779e7db
b2-heldout-b5-rho0.7,b2-heldout-b5-rho0.7,sel_reanchor_site_g200_b2_privileged,92a0b376c33f373ce0eb5ecff4f6433f785df718dd988848b90cbc53af98ec30,4cce43f101c7ab7ed2c9051dd6ffde9e28cf94fe160a41db70f0a7496151ba26,ef5f0dc3662edcbacdcbd5a8be6d8600fdd192b0f4069e26fb6569b0d2fe0cd4,d00eb0e97086a9145abfc3a0f28fe025805d6ea40f3a6b4c75427b2120168a83,5792a28de730680293fa78676a0992eeb3082b9abb4c777d4c78a455b06f768f
b2-heldout-b5-rho0.7,b2-heldout-b5-rho0.7,sel_reanchor_site_g200_b3_privileged,cea96950de7bb56c10bdcdb8f7b2ec2d15ff199f267d8fce3b530816631ca526,3bc6fc4a5411017ca1b434f1e312b67af54c3a1c8d0d37e3408ec3f30997041f,15e037f1d9afbefeb324eb2adfa46d05b57da0bbf0eae14f57b0abd79d4d6957,57b76294d6a7fe019a3dbb54a86e3dd2c0be50178d7efe21b343ced0f5a1dac6,8a299b60377c6697b5a95acc623abdd0430266177ad73f9b48722d70cf086f23
b2-heldout-b5-rho0.7,b2-heldout-b5-rho0.7,sel_reanchor_site_g20_b2_privileged,33c6ac1fc8e0bab07832d2b9b75c7a37214493533104afb7ed420744216db17e,2b39a1a3ebab3cc06dbaf65ed49e86525d0eee460617b42f5325038538044ffd,cc8bd67d3955f4c6ef39cd9c8d6474862fcc892b70ab55d385cd1f7a7813fa9c,e0383add1458b8b5781385824b39d3c19564dfdb57ab23dfaba15d7a6d628741,a64fc98a1463c3ec9494731da826e9704d4db1a696ae085af486fb0dcdd2649f
b2-heldout-b5-rho0.7,b2-heldout-b5-rho0.7,sel_reanchor_site_g20_b2_z1.5_privileged,d7ffb540b81af29585a5e023958d62f8a5260ca704f6c1398e61f770a3a9607b,673057135b89ab435480926e6d8d694f466cdcddb6900efac637317245418475,143cc9f160f61ab406e46a806a27b6828b952b9d073a4bda5ed6b1d53d710944,7d85a034f08e21aa7440b7b3a6c368ed288fe9285071338fde591a8679e14e3f,082a4ed5f0517238de33ff64dbd84ec80a4cf8fe4006ec75332120fbfc318b31
b2-heldout-b5-rho0.7,b2-heldout-b5-rho0.7,sel_reanchor_site_g20_b2_z1_privileged,b3b79133d29d61ca934a1c3f8e16fcf120d7d09ca7eb0ae961f7d74a671ad704,381bb24219db1a9b01f5777de5a52aee384ef22645093c75964d383dc5a37c3e,79fcd652ab4e98dc66585c4bca9a3a9df5dc3629f68a23dd7e246ac5632f32f8,d4c22ba0122852633c6e843dad2cc1b2db5076dfb99308edd4d5fa02557972aa,a22872f6a9a245cf02c0d19d5a82cd6fb380388dc9664f489c7a0aa6ba56241e
b2-heldout-b5-rho0.7,b2-heldout-b5-rho0.7,sel_reanchor_site_g20_b2_z2_privileged,906144a043ac3af305cd734555f2bc563a5f0a0b0226476dbc77c073b084cffb,0d0e2ff0d6df12468d57645859d7f7a54418783a20c7543f793b9ada244a3d18,094c1f34a5ef8a7bfab4327e8ac5e1b0d8719dd2b85cbd6b658a8174e7356432,70af63f0337bb9e3cdedeab0dbbd13643d860b4ccc84a08a25020d7188719459,f4a7fc828cb94e1fde0e4672787efeed60590e9d756eac0ba4a54cebd38586d7
b2-heldout-b5-rho0.7,b2-heldout-b5-rho0.7,sel_reanchor_site_g20_b3_privileged,a542b403186abb350a3733ceb0d0afe98ff695eb14f09edce43c8d42d355daf3,ac45e1debbbb090c01225aa0b7c3a772fdaeec71bc2377c4870a83bc7f8f41f4,a4effc4cfbbac4d6cac74d31b6cbade3927b012fddecca0417305e5258f38cbd,9924cfbe367088473f35dca8f937484d6686b38a2bb59eaa11e16430d51d1edf,415bc1e60c4a99912ce9c39ff8eab75bfc49c2764c6db1409bcd46be9da14e68
b2-heldout-b5-rho0.7,b2-heldout-b5-rho0.7,sel_reanchor_site_g300_b2_privileged,c6d2bc6f49c8463a0a97d32b1d0e4dee100ba0097b8b58ae149703bdd33ce0d6,e454670c4a69e148c6c2dac73135e29fa18d465e78425014b89feac1558b4c2f,d8c5b5783769a28c6cbca79a9c3485e1927b3e0b97d7a661963802442f40c555,ec1057954ff3b91debbd101057e9a9bcb26a9936d747de251f4bccc7c9f5d9f7,2feb00c15ad6739af428eeb7cc66520a2c1a7d5a7c365121fc45c5639223a256
b2-heldout-b5-rho0.7,b2-heldout-b5-rho0.7,sel_reanchor_site_g300_b3_privileged,d8419349810e5208c637b1e5367282d72a2fe4ae8ea75487cfccb550cf3ae14d,6f34ce1025702c09c626008317f3f5972ebf1cc39671329e6ffd7abf5d766ed1,ad038b7f47429419f957cddea44f86ab32159bbdd3327d14fc9461a48b773ad1,e6a5631b6aee8a985f745276d4c42977bc2d7b526a12db23d9250defc3e6204b,cbf94ca1cc7b867ac7d7af6e3f9767ba18b00317f12529d3b4b388aa86516c12
b2-heldout-b5-rho0.7,b2-heldout-b5-rho0.7,sel_reanchor_site_g30_b2_privileged,b3d6d856b33f57287a65cea54a1ea7b2dfaefa63cda4bf4b8fb7283011908aa2,a172aab5a94438907e6ae763e19d01709afb1365b5c1d65018df0d81fa7d4c29,6d7da7f20a5d06a677dbc064d4d1930c2d2e07efe7132bbe8ecaf663dd18e8a3,5640e4aee0757a590e244d45856d962fb9ff5dce6a773a30f22d705168b091a4,0c3f3c199eb1a572b9ef1bec62266d04bd8931bfb87d05da541b87b30a14ef58
b2-heldout-b5-rho0.7,b2-heldout-b5-rho0.7,sel_reanchor_site_g30_b3_privileged,49876bc1161a39c9776c614c6adda9643c23d6e7a4fbd7cb43d58b68cba09703,c9e125b1b42a36b34a373aaeca7a2e38adb0651e09bc98a62d262d50bba7ef77,a1f6170cbac5813626772a82cf06b294a65838be36f230a90167a0d2a00049e2,0d84e9fa5d47c190dc0f2f63d10876b73985f46a0318f5a619226fbaadbbbeb4,a08b1a5640b29f8a16024738a15d82f3e8e989a3a744d3645fa44243f477b4f0
b2-heldout-b5-rho0.7,b2-heldout-b5-rho0.7,sel_reanchor_site_g400_b2_privileged,07401d26d2ae993d9b2437a60287d086dee1b1fd5fa67e6569111106d30890f7,cf754f8989f52457874e8a3d2fbb6867a9e9679efbc472c2718efa3f53f24e7d,da93a5f650bedeb1c6eb745e3c3e4470b609ba4943101623c38cce792856b9cf,73b3d1e83b7c999248787007dc3319e77cdf29831ca00ae284018437ea7371a4,3f2e6767df9a47083a6d914241b0e4580ca9ba50b74b665fa1464d47c03a9f9d
b2-heldout-b5-rho0.7,b2-heldout-b5-rho0.7,sel_reanchor_site_g400_b3_privileged,6b94dbdb13583fc1c371f58d5deb47e25dfee82aa9c941a67d7755b8bdf8090a,2f9a2dfc4726d7856598e5139a79021f8e9e6e80b8f1d4c7faffd774bea2f1fb,56fad69429fcb06dc23505c90b9bdbb94fd71a3abe21f0145e5acdebdf0c3b1b,c07596214fb6ef95f4b0f9c76636ed3b170b98fcf7b160a804da2157ac94cd45,bd16ac6d37d18a7ff7b55a7e9a8dedd40d57df48e9f297fd9043783462ccbc49
b2-heldout-b5-rho0.7,b2-heldout-b5-rho0.7,sel_reanchor_site_g50_b2_privileged,c8c20b3c5d043f3f072eefb989b9b9a2834ca533124176924e0afaea9388c087,9da64fa9e461dd9e7f7e9486778e9ae81cab95f0ac1bc0b5efbb0d27bd2be69d,bda96b46da12d025ad77eaf1a567692ac2602702965c7ce0154e137728a9d83f,e3a39b60f21f442f0fbc3be6e62d3124ec2bf008451205f9c99e2e976db9a75c,2d310c9e266ffb577de3318b24eb496fae1db2a2081da8d723f9832016727b25
b2-heldout-b5-rho0.7,b2-heldout-b5-rho0.7,sel_reanchor_site_g50_b3_privileged,36b633dffbf45293331731ba4d0fe361c86194f4387d59e195c45a19936fa07f,997b9fcae2a484573e7a9b39122e249af6907e8ad87437de359671b6c1689112,4108a304620b1ca109d52896c7dfa3a17ec4adb24555f388304c9f00b6ac8a0c,b9650e3cbf2f0830e7d7b1a742eb8cb052cab6edd16aa5a9c6efbcbccd6c986f,6f042a1a900c5aadbf8911c86de78d53a30036a67a0818bb40edaff3abd17588
b2-heldout-b5-rho0.7,b2-heldout-b5-rho0.7,sel_rung_z0.5_privileged,9c9ac125d96c5f7ad9c85ca3fbafbce784ba2002409eee1e34da9ad31e3196e1,191275087d039ff813ffdf937f76bb27c8057119dbae56e11f52466051632524,8ca8d9bf46326dced0d3a8d2781c7f46edc25eecd2fedea908feb56669e369c5,552f94cfe5a2b0089c5bbb80de715b54497fc28a9260a5d55c29e62d8970f3e5,f84f633bc296d6a21064d1a4629a0d8760787041fec5260c4305d225cb2140f1
b2-heldout-b5-rho0.7,b2-heldout-b5-rho0.7,sel_rung_z1_privileged,1bac6b1e368086c6b96851d61dd75763a93a8292edadd58a77410b8161ba5467,440316b3e2708264773481d8d3ffa40bb811d3e3b4d407e98d36ad948bd03cc6,ef159a8cf257ce48a3d3c2e11b81b98023fb5fdd8ea2be4a8cedc7b4fa51d689,ba2c87b1b52f09b2855043fdbf06f32dd3cf689fda391a1002b10330037b019a,c13fa29d9b3fc20a3f2ed327afad559a7465a888552b2bc2c27a5fa18b70dc8a
b2-heldout-b5-rho0.7,b2-heldout-b5-rho0.7,sel_rung_z2_privileged,efb50b329fc964266dccb4801a871c1a3104d72a1592fb28440e89fefe799552,19f8b08b78f4cb61318d1386d9a6eadedbda757180e8be20bdb03c5d02015b61,f0364d6c1f2d559ec15b9f0630a94871574013f636c6aa06e68e5d4b388dce01,68a9e60c3603b247ff5ba556256e51fda31fc9e30b303e932ab7c9d2ef48ebbb,087e09cc5a9f7c84f0c5815b04e32348eb21cefd7a9954cab3a222d4e01389bd
b2-heldout-b5-rho0.7,b2-heldout-b5-rho0.7,sel_rung_z3_privileged,b8d2d9fbcb4f84940a03c5a7699dd9ff0f3da47d79d6ef7f08c2a214dba4efb8,540a990a2072cc4a42aef63d7d6f1347b71f477006db2a391a59a1931ec4d2c5,e26c2cb46c937f0c89add6ef614640791d963f1166e60b1d29e04e1e8f0dbfb3,c5c6ac2cd97f641b96b9cde77af10cefb552167b9e0954027796bd2d639a5d04,ba2086666db8dfafca6c4029893e3b680d83a3d88bade3a2633eaae6dc03103f
b2-heldout-b5-rho0.7,b2-heldout-b5-rho0.7,selhold_change_q128_privileged,ff8143c2ad9669b923b7426104f100e04f200a156e92a8730efdff838517be6f,66ae0e97f08f97d7e3d68f0cddb9a6ab54a9ef8c7edd2354da12983ef6b4e297,4998367498c42f5794c6583b97f515a2a5cd65f00ee7e864b7d0e95b4d78ac3d,065f0b5594783ebad19b15f8625dabab487f50240094eaf49203feccca161469,9aef863b8282f12da2ffd4867004fc098f8433b5a504b92b67acb785f5b8d3c0
b2-heldout-b5-rho0.7,b2-heldout-b5-rho0.7,selhold_earliest_l0.25_privileged,13e55b5c2121168715fa3240f33c7fc15a1293cdfb9abb96cd91651cea8b6e51,bfd480a3138ae509c4dfb6529b6fe97cb6101863ce29b0538526f3dd444539ab,0e23e2af2f63685d8bea86b2a2d9b606f5aa8481f3164b35896926cb1914eeb0,665238f577f450cd3fa707e780b356d36081da86d59ee3e460822212733c2da3,6774fdc39a9cba80a0ffa5b5bb34a46075286fed08d00deb2712b2fa4c4d51e9
b2-heldout-b5-rho0.7,b2-heldout-b5-rho0.7,selhold_reanchor_privileged,ef1374b1eef12887e1bf25cd84131be0e94b763fd98450464178ba4c0ba8e51a,5a71d187cc19f12a66de1eee8b7629b77eab73c81408514986c1930408f85498,4b2b54624bdcdfeb0470222ee4f26da7eaf5a3b70c499ccf1ffff411e936cb3f,5d60b80c828d481d34aa41e3d47a10007f2eb18c467bfb608a29761c778248f3,fbed09cced90c1d4d4b02fcad292086b0a3112595b76c41f996231b370343616
b2-heldout-b5-rho0.7,b2-heldout-b5-rho0.7,selhold_rung_z2_privileged,438a83bacff4263d3510eb4fdc8e7761782f7b65fe28666d4f50bafba7ec4366,ec4e8b4a54eb17e5a3312e4b8f81e5daacd03bcc396fdd37ee18ddb2225aaecd,b363921d9bebd0572dddf01cc06f8c8bebc8fe1112afe0d3c18178673d030bdb,2082ca0d752a4b8fd7b25024a748ffb5d64414010a9436c7a2b0d3437de12823,50d6fb86adaeb319d61ab80bd23ab66e4a9bb17c22eb3f25119b8602ffe5af85
b2-heldout-b5-rho0.7,b2-heldout-b5-rho0.7,selhold_rung_z3_privileged,29e71dbba589a995d8c156a0b9db4687cd6413c516f38f0aedbdebca990d55ff,9935450a335c7d229aa2b407952be2ccf74befe01b8c9df4c97193951008e05f,c93a9ddeae93255f3446af69921d9dd1c6e9305977cd3e851e2c96c2e97e18a2,8d9041cb24ff310aed8a2ab374edc56641c3eeae1c0f1ec4f241eb12ce53fc9d,d92563573971043728c385e7facb21da47a0e6bb60dffe24f86989149b39898d
b2-supp-b5-rho0.7,b2-supp-b5-rho0.7,selhold_change_q0.5_d16_privileged,f95ee563c3fd14d5c87e64c12796610cf4be54f396c772c9e5782b8648abb6b1,fd7734b9527ff466624bdfbc9de590fe0b6ec347f805966802c9f91cef5050d3,25bbd133da8d49d03e8aa5164e1ba1365e78f75bd7216113efea6dc012c09734,8586b45337e33372551f358867817028dc346d40fcb52848a596c23f03039b50,c3baf2c66e74c1d8a17f1d5605547a21b9de4f567c4c0e2968c4f9511a0dca2c
b2-supp-b5-rho0.7,b2-supp-b5-rho0.7,selhold_change_q1_d16_privileged,012f4ef637a1150b740c0f05407dd7607b5d75dd035f90a7ac68613369bb7d74,129bc3e33ee9f1729999492bdf9cadc8206451e3faa620dc2f156c9e129040ec,3c12cf6d42bcd9c961681d8c29dd80995af585db07be4a9d8277f5a35c68127c,5bf8a74b6f2abfa211f8787d774f6bba556261b9cb9868a26568c51112e47c71,4e6ce42078d21e1658e68ba0fe882b21ee46c82ce87e72f449f85ec8d6c8d04d
b2-supp-b5-rho0.7,b2-supp-b5-rho0.7,selhold_change_q2_d16_privileged,8a775b8a75aa7ebc52b7e25633647514d3d2b8bed61cc8109e563ac95dee983a,06843de2d27a77b2bd3fc2c63cb374eb9e0d7583b231f51a60ee456648647240,aa31b1998f3f582c37c3621bffb4a8f56a468b1e7b68e29ae698197384294904,a6b4521fcd46424a2c0295809950fb87057fd74269fbcc8645ac5dc03d400af1,fb3a9f7d641fff87ac0b7077f3c04aa33796f12d2c9d733dca81b82b718a3844
b2-supp-b5-rho0.7,b2-supp-b5-rho0.7,selhold_change_q4_d16_privileged,0763d417253af99fd843feb7712f45ce070cdfb47fb1056cb53062cee0684764,dff21992fbf7521174a839fbcf26ca12d7b86380efbd07f85b025219ff7c18da,a0866c5ba66250b9a64fb66c6ebd1fa1d4fae8b51a92c89fa2175b6073764550,18804062f71b88a91bf7f5b4a3125eb2c7afa82c3d2ff5b5afcd37ec4afe0660,52647f1129935c0a4af13601202114eb2d40bfce6cf3b7b3d9b4af23b7c44972
b2-supp-b5-rho0.7,b2-supp-b5-rho0.7,selhold_change_q8_d16_privileged,1812131ca38ba4136ddb29223e380b45422475c3a1a74d89f802a0ec42648c2d,48b5288044f2a96793f56b0e5d20f3d6a9428deba9754d768a96463d796a0609,18755dbe84b92d0f9fc8cd2d9a92f7a7f82f67cd6ee07eb56c9076db80d877e3,2a457616b27368fd0fcba386fb8e0ab63bfcc8627cf63c1d61cc9ced2622fd4d,2518ae8df19f723201d083521765c07691f6c488adf5de192b14e8eaae6aab60
b2-supp-b5-rho0.7,b2-supp-b5-rho0.7,selhold_rung_z0.5_d16_privileged,923421546497cedaa10431e118fd3c23e97b05a9588f6564206ccdd4b903fa4a,cb689a678b7981a1d0c2242c2930c904093c224f46e14b760893023691b58de3,217ce2ee1d8b761b31e753b5275a3fa17676536a40b43b6856121e48fb86f711,479338d9ede5b27bb18c9137ac7e37e1fb9fc95498dee7c99151fc8458af1ece,e2814b938f7697afabc83545b6ba519ebd75dbfdfeeaead8dfbb3593743bff9d
b2-supp-b5-rho0.7,b2-supp-b5-rho0.7,selhold_rung_z1_d16_privileged,faf6e7b80004aea851c80ea3bf6ae9c20afc8d72eadb2ed2f772bb7c0d3986f4,882ce15cde00f05780460401511385bf739cf9a21021bc9b3db1104bed64e9f9,5a021bf260d4bb83c5efef83feab8da27bcaa59b942bd95a2c78bfc2d000dbb8,cd4e5f6e630d8e2ff81e2bfa20a57931ad95aba82fea804ef1d68b4578a973b7,99d0cd921ffd1f56efc15add50a90608850e4ba34df3038707cadfa0574f271b
b2-tune1-b5-rho0.7,b2-tune1-b5-rho0.7,sel_reanchor_any_g100_b2_privileged,9e399869b21d55ba77129e1abcf7773917a40935b64a42b51b55ee4f64c094f4,fa2cbbed5777df7d4ad2dcb96ad2ba6e973751390e26ccb83fae9328950249ed,d95f33d5ed0f8549525621336ac249dc0cf191cd8a0d1675c758a2b2453c0691,36f779874150a39deb73553bd9a0867b8f9637f8ee3849a2c706e637ffa9584c,ef241f783fc679d58de229e0b2890aeada1ece56353b7c137a89123a7f0ab3d7
b2-tune1-b5-rho0.7,b2-tune1-b5-rho0.7,sel_reanchor_any_g100_b3_privileged,d169255b3bfd307fd1a2067a650c2c42c61ce0db974222dc64298b1a863ad3d3,4b63c9ef2ced3903aabf6843e7db4a6c03cc538c43f7b17dc11a9120d693259e,2c5dc2051664eb55f95931499604fc5107aea5689347fb8c2853062dcc183c74,a4cb16244faa633ac91cc63461845e3b6615ca59c25b5448cc9b5edc16f9df26,95cd17cf2423c85348a9f53fe40c387622c733dfdf439d58b3090c4419503314
b2-tune1-b5-rho0.7,b2-tune1-b5-rho0.7,sel_reanchor_any_g150_b2_privileged,9590700c094d4612462af83853c5ca8f44af05d486ef84bf41aa878675e7bcb6,78139a4aaecfe12cb7798192e758f8ca1c94fa9d24a17762199fc172daf35041,e37c67b919f04d4c98e20801f53be50395924556f9fc209a995798e6aee4e26f,a3fdc38a86a95dd7aaca5016265d4a7b8107914628cc890f07ffcee260099699,451938cba7529972c6fd6f8a8ed14cf63eb40ab05d1fdaa7708a01971375e1cc
b2-tune1-b5-rho0.7,b2-tune1-b5-rho0.7,sel_reanchor_any_g150_b3_privileged,f44aa877438219660c5c7ea0bb56b5e21e5b1fd18c701c0a70999dc0abd46985,ab0c7f08cf674ce40066f6204f76c600b3b975217ed57171c0d77e580f8c6d9d,64651b034f6a8ea40a9583953c11a411870f858691255faeb9ffed11c5130c91,4b673efcc27bca32c7a3a11ca41c35256ab769152857074c7b6eaf10c6731709,1f215f5d9517eab4fc95f4bc2fd9edd3a74b9e74ef3cdb90feab74c4512ee2d6
b2-tune1-b5-rho0.7,b2-tune1-b5-rho0.7,sel_reanchor_any_g200_b2_privileged,4929fcfb14b419b680f1c5b39983fc6fcf14570f4c4f1bd796d3c566bc20e5a9,bcdff23813663c842a43b04bdc6f0a9316c917fe200e3769782887fcc9ffd461,54b67a1520d351bfe2daa8906af40d4cb4bd04e6580e9c9c96c3641ce82c9f3b,66b97fc4f75a36841f3d6fe85cc09e4b175bbee12c6569d8868ce727384a0eac,81ca3ae4adc1f5a81eb33bfd36e90acad0c66b10d16bda88292c259deea5ead2
b2-tune1-b5-rho0.7,b2-tune1-b5-rho0.7,sel_reanchor_any_g200_b3_privileged,7a0379debe6b0688358e11504cca4444545b6fc4853b145bdf559132b9458006,ffe832c204bc0657ef5046b3a5e8911890b562f8b1fed7f273d7b8276674d87d,c87ffa2e60a630a5ef1b6b526f3ea92cff901b2f00adaa1188733963addb6895,cdab7656135383e11aefec2da9ebd71c48766ff1a98a4683af4df2cac3f9eb9e,13187338bf28f1f342834686a1edac3e0c501ca22278b619537a770f53084f7c
b2-tune1-b5-rho0.7,b2-tune1-b5-rho0.7,sel_reanchor_any_g300_b2_privileged,d47299667c9be548cadb7b11c8cdda1de8811e6f08fe6df1a0c94988e8be0c14,3689d086a03c05ef47c2cb316ddf2ab2f5a96c0edcb10eb3860d63b21b37549e,8118453c2606fdf8b3840a5bbc424816c69429c533a18722af359fc9b34b4ba5,5fa7e52b679bed1c25c26b8c29487251dd9be9a2b5fbf4a58a6a354c5bbf30e1,0f76244ae4745c178320d990e59b03540e4250dddb56ab0e900589a6395cd30d
b2-tune1-b5-rho0.7,b2-tune1-b5-rho0.7,sel_reanchor_any_g300_b3_privileged,44045d7ead19b64aaf6f304fd9bedf4c2d899da735abfe561489529106f77a84,5855620549279906e83ace18da008c72682fa95a7e19df15dc4e4af59be5019a,dbabde39f06a1b52865e1e9245329b24ea21ba5641987829a273518704afd924,5774dae7a933caf7b0431b23e16d2ddeb3fab75c9d0e4fc4ed870ac36bf74763,7502fca65577eaeb83eae09a9d8138065abc59c1e92ef543f6db63212fa014f3
b2-tune1-b5-rho0.7,b2-tune1-b5-rho0.7,sel_reanchor_any_g400_b2_privileged,6154fc6e5885036146aa3bbf75d807e44abd278609401d07781579df6d5a9152,c4b9274b47c9a56fb2ebf476a94f2e70a8b81fd5559229e28afff9af38039c53,72a6a9ea470eba5250733b775274c803ac2629f1d5dd943dab0b5a8d2514e5e5,aada7c5ff65118ffeaa133d2ccdbffb73c01f6bab10c39c489ac382a2941923e,abc81ce348567171e9a8199336d99b9df93cf03289cdab197139f8c044efce55
b2-tune1-b5-rho0.7,b2-tune1-b5-rho0.7,sel_reanchor_any_g400_b3_privileged,113ce1f7cd1555209a3acbb79ab54584b43e1891a31e909de4bbf90f63cf68cd,99a9fcdfcd8591d20f33a16278d70948fccd751353a692cebc6fb5c5443d4313,acb247fc3a09cb7adc3bbd030263ead0e3ab2382638e126c66f508966f34cc5d,3267efe1ff798837f05c438ca85b46ad95fe9051a6232dbd07be86da7057d110,de846209512c028470b6a78cb48bf5f0285bec0f0c7f8303044e9d84ea7c0a8a
b2-tune1-b5-rho0.7,b2-tune1-b5-rho0.7,sel_reanchor_any_g50_b2_privileged,654d6c1c32046a827c80909470285a2a72576b0bc4d831ab0d7e7ddfd0320a33,3e42c01c6981454e1c2f108a47e2f58e4bd0a4edba26848ac6d9062046381535,29cd159127849148b6c432302be6cf8b3b1777bc5c0b7c5877751d4609b8dcbc,fcdd7d229ddf47d3d53207c7d8e818fd873770eefd6db30274d00a016dd3990b,757778c82abbbf72492a0d3ed55105888db8356aada420d03d33ebb9493df1ff
b2-tune1-b5-rho0.7,b2-tune1-b5-rho0.7,sel_reanchor_any_g50_b3_privileged,ff603770559a4eaa5dcb522828beeeca69795fd96a6bb7e7fb70c622f315a6f5,bbd34a4d2caa93c9fe61a08573e0f3686007ee63d3eb775e71688c15999a7078,b43a08a58ce38c82c035fe6b5d98bce2df856da60581677d8dabacea5a735cb1,0f5f116350fc875ede73914c67c639eab79a930bb3792ac165809e0c71d4849b,440b619ace603a09c5619acb63c89a8cfa8866ef1b01c53c3fdb017f2252c609
b2-tune1-b5-rho0.7,b2-tune1-b5-rho0.7,sel_reanchor_site_g100_b2_privileged,45f3890da2d74593e3e7a49f084b7bacd4b7ce926a39cb89efd94fdc10e0d4b2,e6d083d15d6f0bdfdd0d20c7831941cd08b18472c3363fcf20fe2ba077a8caf3,5256626653ec5c96c620bde55bfc1125a61af2e250e3268b643d0616861a3370,d1c306426a831a09c5510bbd5471e2db507fe307be396f35924a980a68e0916d,a3b6d6740e9a33fc9c34ce9554df593dea77a6c2306bd369728dc26afae36069
b2-tune1-b5-rho0.7,b2-tune1-b5-rho0.7,sel_reanchor_site_g100_b3_privileged,71e4d64b9238e2c14f48b4d31712fef842cdef9a38d61ee2a098ad0590e3fd1a,331301bcf3317f3ea3e983c7df0bf2d37ffe559c7b4ac74936fc291655034f84,85b188d43b350b97ec5a72aa5be196ed1ee94df560517023462031e8b5cc6d6e,e706dc6437364546c3ac3991b74ec33140252bc1d8306681e3a4d2016ddc5616,84832faa604d75b039f63c9dbbceee8fc3495c678e4825025afa0f3a9f91c5f0
b2-tune1-b5-rho0.7,b2-tune1-b5-rho0.7,sel_reanchor_site_g150_b2_privileged,da0648597f87136be87bf268fe302aa8a1a0c2dcd1d885be3db5bc769f900f8b,9f066d452463cf2acbd16142023af716f57ac45dbca566654dbbe1fb4d41341d,fd85f752391cf9eb5357e26444b20554542a4b246d6e7ab8ef378e078e90988c,4ab99afe896151ca18e7542682d1d98fd12b967a7bfd50a09678ba020c9caa57,a27c6711277410094188e6a5dfbdf585919343d8241e4ac980757ad191136a24
b2-tune1-b5-rho0.7,b2-tune1-b5-rho0.7,sel_reanchor_site_g150_b3_privileged,e5b64f7882f2e9626175cd744525f0833c5269ea66bb200965aac6e92fe9ec99,a40d75ba8c5130e9488d824169f8a7e57803d893105be4cac37729eea428fb46,2abb93da5213b52830f4d1b1f62a84ca564f58e10200caf5b619f06c0b035671,118461f7e5c854b7e1c71b87531180b0dc3891860d70a02edac6471f4819450c,59d98534f40963dbc4223b4a61dc2cbb3ee58766b70b1c5f314bd0583fc37380
b2-tune1-b5-rho0.7,b2-tune1-b5-rho0.7,sel_reanchor_site_g200_b2_privileged,e2e3819458a2d888c98b710d418179242b9301c24d5bac2678be12da66b1ff4f,9303be3cdfbc49c0a676ac0d639e80294d0c9d45bb118b6c58c62e2e6dec4242,d721e7bfe765df01a53645a06212e09ea7aa5d7dc8ed705f2b3087e0bb04decf,39ffc893e646ff56465d87250bbab0ddeb89ebaae4354ced59100855c07ac9bf,addb90cca93f7da0d5d39dda42dc5e69fef47f282b430a14f09f2a1cc1608f50
b2-tune1-b5-rho0.7,b2-tune1-b5-rho0.7,sel_reanchor_site_g200_b3_privileged,d3d7b9d820dbfa9816b7f74ffff01e7a625708e88fd21bc64ff44accf7aa6af4,43eef781428b92ade5a7e4fbcfdefd243b8d1b2c14e3917822054af3967c711f,34c560f80ed74c9607aee58fa868a0e030e60a0d08afdfc41c300a5fd9ea5d91,cdba256cf130e2abad93fe6519307349fe50b25a8795d06bd38989dd46202400,dcfcf40eda87bf7df016577bdacfac784db3446b2bd888892e8f4abe4af90fce
b2-tune1-b5-rho0.7,b2-tune1-b5-rho0.7,sel_reanchor_site_g300_b2_privileged,d59c757524bc880c945ff2268efdcc2195e09b64b765e249699ed4da69bb4445,03a7fc89d5439a034954a6ec7bb649fd5b4bebaab8135b19db3e910ee38e298d,7ed4ac80a47d49ad8117afc427bbdf52c18583fcf44d709b54f7773af3767db5,dae9ff5da9cf1ef363de1c173c0089d8494847cc03570c7b49244dd89079961f,e2d6bb77ea7b28517f14516862d56a5278ef2bd60059148d9633b58339ff5d64
b2-tune1-b5-rho0.7,b2-tune1-b5-rho0.7,sel_reanchor_site_g300_b3_privileged,33e0578d79a3a005614dae84dc427f17046751d949be7d6c8eb719cfcd554bb3,55043d8ca6efda49a3565b17d69655d47d04a4d5f55db96e5308994825c1b6d3,16125bf109ec8717af4588318239b40adfe82180f03f7ecaa614448e96ea1073,c69b0164bd796d188aa9e930dc14cf72bc48150cf527c54a676afa0b523ff121,d1a59bda63b0311d66c4f4bb4ae5d6981c538eb386e4137d83e9cdbb27a7e3ec
b2-tune1-b5-rho0.7,b2-tune1-b5-rho0.7,sel_reanchor_site_g400_b2_privileged,a4d31a0c76ffe0fb2ba7ab3845ea4daf03abe54703b513fccc6569143ed078e8,7393f43ed59df2f0e69129a630408e8db9e85942c81292c21bff77cc618579b0,a993cc90539113e8e278758cb6014e6631e19bcbba1ea03169376496353d39a8,d63dfb68147a35a5f9c1637e33e31ed394ffad4544c8631dfd7c4ab9defa6afb,6f82ef869bb1208d2edbe3890c8e7991b98300deb688ebddaaa287e6fc9b6299
b2-tune1-b5-rho0.7,b2-tune1-b5-rho0.7,sel_reanchor_site_g400_b3_privileged,943f63ef17fe43707d45fd3cac58027796de289a968138cf3aec0f9a533e934a,e6a06ec301c88dd8db995eb71365d181cb7c2db6f2090203bca9df50880e3377,22b653ed79ff6f12128eaad252b2f934515ecf3d6c5f425a558907e530bb258e,f5b0c2ed5e78ef52dfc840d781cd4749a6a8f7c035e488c9306d3072ac2e8430,c116384e544e7d89d3c702491789a5cc0d6fe782968aef052c4a19df9a2c3aad
b2-tune1-b5-rho0.7,b2-tune1-b5-rho0.7,sel_reanchor_site_g50_b2_privileged,52a2f07bb391efdec649be0580fb3897c5f6e18907eab0af6665715f84a6fcf9,830ee67041381b4b41ee76fdfbbd816d472710dae404a11c60decd2a3e53410b,6df12098fbac9c1c7e20405adf07edded6297bea4b96f74e926ca12d232d2d1b,18d890a61e3364135eb44d03911eec03e952e5f63e55716dd11ecb8d3ad33a21,5aa2c076e6b1708dc082a5e50af7e8fa7e4fbaed39e6c029963831a1f1b312ad
b2-tune1-b5-rho0.7,b2-tune1-b5-rho0.7,sel_reanchor_site_g50_b3_privileged,3600798c1b7b39d699b373910962cdd7cd74bb8220987e4be35e1acb51918580,757a9bf6249d2c4d86913a122d401e7db64f080fce98baf1a62f41d6d74d7a9d,4578144eca750a9597aba910243bc679b4b4f71085e603fdd2622d32527c2cf5,4005a0dfb892970e81f0056bc25ad5f17137c86c3f9d1bd0674d8b74a9d41dec,b1addecb3a3fae735eadf01a43d3b393ad5a70b25e1ab0c59e89b11ef86d2dc7
b2-tune1-b5-rho0.7,b2-tune1-b5-rho0.7,sel_rung_z2_privileged,6242e5a031bb28481db55fa9b3bfdf1264976d2a30fb05b7861a47b77d7cad59,3b8eccf11394dbf5d788d8d826dcb74242f3ee1fdf3631b2de50556b2722b504,c805152924e4aa815cc6ff2b53738612b56d9ffc4379870fdb8292d7f9e289fb,4e1df748769de8dcaec45003aa6fcba9debf16b9918e29300319197388868381,20d4029f11c943d0cb27fe7e4e43cbf9e6a5fa53af6ad663f2e84960b95c43b2
b2-tune1-b5-rho0.7,b2-tune1-b5-rho0.7,sel_rung_z3_privileged,36b0076af59699187388e4b4f7bc67c70aa364e5414aacabb3a83866bba2b47d,68e33ce299271a26c3ec66f810f005c97b7deb4bd763a80b687374dca5ffd2d6,47e82326a5a7a946cc18a0b4298bcdcdee7388b00d1f7237dcc6f159a0905c2d,305489c8c7c5be279b8817bd64029203411ca06cfb1ab458cc2fa598bc61d2d7,8fd0cda2501fc566687519327d3c30eadaac7305b8113bb5180b542766de40d2
b2-tune1b-b5-rho0.7,b2-tune1b-b5-rho0.7,sel_reanchor_any_g10_b2_privileged,7c48fee02fbf4ba8722e8462ccfa608537befc9a60baa5ae6c97f8327470a73b,134dbb8ee620af47450208da804eaaa31749a50876574de1784e2046e382519e,f69d0cf520cbad8664f39b2d10c1723d288106ea748015d271ab8833877615c3,7b9e84b3ee349774b75c557ab1e988a529a6d3a66bcde56c6933cc93006e6eba,c6ed8c857dc237b93529e521a135bd0b4f5180a1ac08f2ad54714d998af8ba1f
b2-tune1b-b5-rho0.7,b2-tune1b-b5-rho0.7,sel_reanchor_any_g10_b3_privileged,6d42a95f53347fee1551dd153a8b7186a9b24a550388352851d6721664f92108,3182f8583f7a7bd48bff691eb0baa96a7b65500fbbbb6a6a9f9187eee11205dd,2e8aeabd28761ddb4f9d7ff3dd08e7232fb7f00cadc4aee1f441bcde0a45bfaa,3f65b92ac2585dbb4b6b1d22b8f299f2d19c412d8992255b02019bdf9dea7bd7,ab6b1586a782dae0aa998a3c481e84c96a85cc765e078f531eb59a4e7f25a690
b2-tune1b-b5-rho0.7,b2-tune1b-b5-rho0.7,sel_reanchor_any_g20_b2_privileged,36426343ed94b5810b93a26c2336180572354d37c023cdefaf0951cebace74be,1efeeb1834fc9e4f124dbab1ff16e73ac7d460be7f02b7d451be57ea45763865,042d9e5eef0d537b804467e394af3e802fd27054d07f39e3958ddc8e6c405e84,92fa5bff5d52497f391311d7f118dedac86f38767560c2c07212dfdf27503e29,4bf0257e7e1ecf28e20cd09b0f062cc2ef36e58365d6aa8c227d196ac57ff953
b2-tune1b-b5-rho0.7,b2-tune1b-b5-rho0.7,sel_reanchor_any_g20_b3_privileged,6f6b1347bbe045ccf80447f89cd383a875cf701a0b2d7221999a0fe7eee0ad3a,8ae90d4a3ab7d5fafc48a93e4816aa3a68420ca472e67b3073d9f8e2a14c6001,5074bcdeceea66fe3f426820f6784b103c89c5aea4acca726e1e960a21af6df6,e7f732d7da60218354bd316ab13492a819b67f6d96e9531c9c46957f28e613c5,58db3487ec841dae2e9f6d35dd386667403bb080ee91eaa275b8a61657a8272c
b2-tune1b-b5-rho0.7,b2-tune1b-b5-rho0.7,sel_reanchor_any_g30_b2_privileged,6098f9c9111f528d4cb32f6577839d06c78e1bfaaa71c73e6c252cb3ef759082,4ad6d59ef53e7e15a156190ea7c5bd793b1d989c5dcfc773854ec4f70c8fb870,b39a59b36bfd54871a2aa748624e2784ed241dfeb06c2bf912eb9619e05d4c06,6c602aa9e3c8a06273fdbadb6f02e9a0b3b22b22f24b9c3e25e159611ec73ac4,3b8546e5e8887f59fad5505abb38da471d8ec36c617e6fbc0798d6cd0cf66a65
b2-tune1b-b5-rho0.7,b2-tune1b-b5-rho0.7,sel_reanchor_any_g30_b3_privileged,6d11380b48af5780000173ff7cf7ef2b48e242a5946f696d3c0884652b6c189a,27a4cd32ac2cdce645d07fc56f9e058f5b1bce08c66a2f4eaf511d3fa6e0591b,2ee575dcb67cfebbe74d674d44c7af222d2760a35faedd8b22b1195b986dd209,add34e67c76e3f4b2fc3bccfd2928dac3994f7dcabaae6db44ab9e07de13e77b,f1e27ff0bd439cb907899b051f6c69807d70ee94c9eec585848d554ff9e51bf7
b2-tune1b-b5-rho0.7,b2-tune1b-b5-rho0.7,sel_reanchor_site_g10_b2_privileged,bf75e34cc7bdf781e160a59a3b3c99ec3c0ca61a445d913e9f85a153c4e5ee73,40382290672454a755ad6b8cef5bcb633cf3eb1a7804059d103d126c90e0e1f4,ccc6de52bfdf1da4255a82a1e0e73d241edcc33fecf2fae259349620ee52b324,dce39ce5376815736dfbb4cd735a5baec93d0c69ea89616f312c5c8e656e3b01,b51882fa419b9e583971750ba8f917cc5268cae5bfc6f4e593ec02373624d169
b2-tune1b-b5-rho0.7,b2-tune1b-b5-rho0.7,sel_reanchor_site_g10_b3_privileged,667386ddb4fd756ec5b207e126e3d4270ae1de0b2a93efff8826c6b23dbc8fc6,2d64dacdc54dcfa90ff0ff25d10a95d4c9d40b8cd4e207ec86b04f039f0da3b2,91d2aea037de592920c8589a4847c1513cfd892a959609f07010bffc9c864556,0f5a874e83b39ae23c1fc23ee4f3dd97b8981eb96842b77d97446fe0c87956d8,8fcdf8ffdd4cd24f3e4a4cb75b4ae376e9fc5d2a14b02a09f0007fa7ebe15a32
b2-tune1b-b5-rho0.7,b2-tune1b-b5-rho0.7,sel_reanchor_site_g20_b2_privileged,60a11e795e56f5b9973d230fdaf834e2ae981c1514c024ba575a33b551dbdf35,0e4e9b5684a50cbd868fd4feaed1cda690308a4b6861cc0f6b542e0a19187138,d72372304529f64f817478ce9fd3214373648946c4aec5eb0ca77d168ef77d07,ff1d50981f51e9ca3f3a163ed22533c01c00b3381f3235f7718c781df4372306,2d5c0fd24dfd13b1c3e264446b01159054077095937625b6c233c34b6d38ae4b
b2-tune1b-b5-rho0.7,b2-tune1b-b5-rho0.7,sel_reanchor_site_g20_b3_privileged,9d0c6bbe1b43b08ee949ea41bb5a7d55ab5a00115249acfc12e48bc2d3b30c98,184bfe14ed94c1600562a73aa69e6ceaebaf92ff29eb8fa141b3cc369923b7aa,dc624ba78dc37265735684753459f03dfe9fc7eff4c7b28a8da05bec3c17316a,2597e18a4cd7a2fc61076252a797349493a5bb43ada0e983b3e07156f4378108,82aa4bbaecd9b416c4c72cba25d97e907dd4e4e864ebf198cbfe5d958205fdb9
b2-tune1b-b5-rho0.7,b2-tune1b-b5-rho0.7,sel_reanchor_site_g30_b2_privileged,5914f6222c09bfcb814065da93fc5f6428b7c3feda012c3525bb37c2ad16f02a,a3bbf8117ae21a7cb6823d0f35299f564b542c0feda942d4c6d8e0663101eed6,090eaa4ee0f26d2a37aa7f6d25cc255233f741c60a12275aa1a7d5f7da360acc,ec9073db0a1824109a29062084187c2aaf451a75ab87c82438be9fea1e72bdc3,a5a7806ea980f801929f8f96622a1661d775b1782d26ebe127d378f8ae9fa0b3
b2-tune1b-b5-rho0.7,b2-tune1b-b5-rho0.7,sel_reanchor_site_g30_b3_privileged,81f65b32d4a73805ac29153c328d5bde7c19e64a663f99c5973159a1264c638c,2d1515e515f13f2c1dcd507dbccc0e3e99cba9678e5b032da7b496e62a2ad0c1,7c893485875e96c5ed42740aa3892348aa54792018b196b8ae47272814e288b4,ad10c80556690233f2493bf02f2468c4f37579d0c9de3e5a832fb3fd8991c100,0da3888c94223b0ea4943ba4e4a464eeeeebbd2c5743040ec0fc3da365043b40
b2-tune1b-b5-rho0.7,b2-tune1b-b5-rho0.7,sel_rung_z2_privileged,c9c0a106c3943757c0433a2f812e90ff16e2f9184f5a5a0c18f34e3e0f77ed7a,f903a194738399eb8c7f1974b180624539059e98b7b2a115f4bb30d2d69876bc,a9b0a1d56b77273bda38eafe9b85b1e900a8a200e4ad7f80026da1888760d9ea,dae730358974207a4de492890fa0524d84cb1cf7c1c69357de6be645e93439eb,6bfe25ddae1d26768eef2f402c4a43daca00f585a2f23fc310758352751b1440
b2-tune1b-b5-rho0.7,b2-tune1b-b5-rho0.7,sel_rung_z3_privileged,0de787a35870bebc58d61b08918d2898b507bb666b7e6444f01dc21950fb17d2,56d6b7def78408feca11a4982fc4df5964d41ccc814489417165ad7d7593b5d2,c9ab8d6259b04427d7f403cca4a705b93c0c2c0f1c758b3a406997177cbd1387,a20235e5eee5a2b02b94aeaf6f4b520d4f7ce3a12cb5aeef257a7256c17ed0b9,38d1f7ea2195afd1fa73905fb98a691d72af6e94ee7960ba9069a120be418e9e
b2-tune2-b5-rho0.7,b2-tune2-b5-rho0.7,sel_reanchor_site_g20_b2_privileged,9bdf87b6b7091bc3a30eb9edeacb559a5acbe62d2bf4dded8cc4edc6b4ba05ea,0eb48a62ed552413c05fe4be99114466ff72a9d6425b1646eaaf4c17a464c31e,0e28d4f2a811ca898e791cf4c412f1b12bb9b3a7dabd3577d5adaa61aa7a11f1,530cbabdf77e60fd583e9e99fb92f18e8671cfa7e80d08005baa17ff36da655f,91f39995c5588b41ac26419dea3a5e659660f2a23e4cd4297719dff151534e16
b2-tune2-b5-rho0.7,b2-tune2-b5-rho0.7,sel_reanchor_site_g20_b2_z1.5_privileged,77829c279c2acb6040bf24abbb92b04034f2443c24881fc52876bd4858f09e9b,ce2c4f1321e4e91aa7fcf0c69b44e79a01309b1100d3c4e1d7d9a1b8f3f9dd3e,c6b9eeef7caf47b69e7e275cf6905b3a5913f32373d3ab31fa010f2878258957,5661cb8c617c07b7831e04ec108690cf2e4d9f7153cbf67eea91603356bc2423,4fa8d5d01a6533614f3a7c0294e8c2f199600ac503e0d6d52591409083c62cd3
b2-tune2-b5-rho0.7,b2-tune2-b5-rho0.7,sel_reanchor_site_g20_b2_z1_privileged,d94ab77d876e19b9564f96f2a38c3f7d407c1eb8a4a55d7c74a2529d97fb0480,82fcc6626fc8aa294009e0b9b26303533d6af07e82b2fa69cd31b52ce6278ac9,adc76dbc235023269561440fd9963dd219a8a3f48f095053a997c6dc0cbe3dd1,97e975d7c47d5408a7d2c5dadfab9f2b55a5e15d91c1f6379a10ee774f3ca6ca,9eb0a0f4a797ebae8f389ccdff2a4f43929aea535d5d946b6855e990188ea00a
b2-tune2-b5-rho0.7,b2-tune2-b5-rho0.7,sel_reanchor_site_g20_b2_z2_privileged,cdef8a9fd412cdc3ddfaccb42062b7fb54b1404b62a8682a6f0544829fbef4b7,d9e848e66b6a6b1328582e561604f4504c8066d0c59b795af83f79e3dd97793a,1e59c6d010d7e009eb6eb183d56952ca1bfee85fa5f911e42fafeae9aeb55756,d41d2b1217f0b66cc1d01f2d370ef599c62dc1f4063ebb0e209ced761eebae7b,53fbc148601355a46e6e873bda2eaeb00ee468c2a28c1cc6f5b3b5a3cc59b9e5
b2-tune2-b5-rho0.7,b2-tune2-b5-rho0.7,sel_rung_z2_privileged,0e71fddded41dd91ddbecb10f53efa11955f3d666986a72ab1d2480a628c661a,4fdf1fe435b642cc0046c2f893a26eafe709dfe327dd1edcf177201de5b2a3ef,4a062088fc41964e7f6687bd2e4928a1d88254b04e823e8e04adf8be21d3d1d7,1f92b7df0b6a5b030355a8aac8bd7efc64aed223575b88386e06d82138b0e6b8,ad0b3a5ff993601016f80a724cba548098c14ca948ba3ebec98b9bb7a328a647
b2-tune2-b5-rho0.7,b2-tune2-b5-rho0.7,sel_rung_z3_privileged,b20a1f736c504642862b3cc925a38a44785c5213ff1eee2cf4e52d7e1ccb76e3,e752732f7a0c94b89d7dd8a170d24446a5f10e6e156fb60971dcd4b0f81fb284,4ec21ef0608ebab9cfd3cb32866d394adada6dac10a44a6fa94215c2d908596f,0e41491c79b7f49d2b8d98b905afba072440dbc65bf38a23e1138b40898a5082,adbb982d1d31f9ac6cd97fcacbec7cd9489af4cd4969b267f44ad9825ab8f162
b2-tunedelay-b5-rho0.7,b2-tunedelay-b5-rho0.7,selhold_change_q128_d00_privileged,0a0bac78b842379224ad72475e358e9d28eabcb70429758a9ce38a4f17db47da,6bc45d466a4795f485f87957007b5b0e4f593fd231c3aa2dc1573bc493898940,cb3aee26052c92053a5dccb93ce03f8b48503db78ce290b3187c52492d47386b,ed4ceaebbcd45204d5a3c90a3f229ed4baa9cb5fb4f894251a5f765448110960,13e42d07a3948a4eb9e978015eeb46d4f0ec5f93bd8f7d0b2848cf1e9f301dd6
b2-tunedelay-b5-rho0.7,b2-tunedelay-b5-rho0.7,selhold_change_q128_d02_privileged,b7d49f1ea0727331afba53e78e6c9718782bce3bd170d850b53e6c652217e77c,ee42c46afd9ef05d5a573cf4e4655c2d87ac0fa95125f6e46e2251ae969a3acc,c1369ece7540b13c2448fc9fb2ad3672dd2ad92a6a8a8e2b02423c955c67e656,701e4b3c716f4218879e3dbe292f81dd6400c166e5bae241351f6009b3375c5f,4e6a5eae09fe1fa15185e2d91f9637dee1356612bccbd902c1c93af80dc1f329
b2-tunedelay-b5-rho0.7,b2-tunedelay-b5-rho0.7,selhold_change_q128_d04_privileged,9b72d49785626279deb4ea365b6403025f5b9df52fcce8f982af251b9d670c49,dc8297e427b89f31e788cbb91b49c192ab9d6e03196aa525d301007da8699524,1a1fcd2550929fad795566a122098958e35f15f6e6b4098e9c308d1f6a84e342,1d02693966c72ff57404904b3b097fb9dd87a6a6280f38333f8213bd39eccea8,27543e2bf6d7e1810f2b2b9c69a244cbfc7d7165d500585a873d47c36159890c
b2-tunedelay-b5-rho0.7,b2-tunedelay-b5-rho0.7,selhold_change_q128_d06_privileged,ce507d677d819c396fcdab0058815c12877d7a8fd0059ab36545ba4033a6bad4,87c7ca6eb83863e741c00a1a2ef8abd63f61181370b48d6f3db8f44aa6a6f153,0d3620772d7d018dd8bd782096789667fa0efa7cc17e35ff02d2b6454feb1983,825ae983eebccd472853792e132a124f55cf7c4896cd53eacea9792b05dd4e43,e29e357437a635738b3551025a1ffb92d085cba7cca15db2cd51973555bdbce9
b2-tunedelay-b5-rho0.7,b2-tunedelay-b5-rho0.7,selhold_change_q128_d08_privileged,2db08faffe6bc30ae4bb188e9b138056c563bed3afdc7230bbaaac844632f9d3,2b355854289d568b9788c9b98cee9064bb5557eb4a55d409a1691eda5f4b1a14,81454cd95d3bab778fcf9abe380ba07e203e943ea4f396ee6e3fc858e09bcd21,0cf20575e2e298496dfd8f1b18ed8cf00d9edafcd229285a5674b3cce5c0c7b1,9537585ba3b780cca0bf25e62b9d13dbdb8e409ec72abd006fd1e515b8f4f623
b2-tunedelay-b5-rho0.7,b2-tunedelay-b5-rho0.7,selhold_change_q128_d10_privileged,6221c550de8cb8b7f8420ee75a2bb4fa375d2ad0452095f9a5d4cafeab202d74,2dc8563921bf90e64e0b90bb792944b030d8a065e587d371bf0b1a20e324e9f0,2e4251e171787c086d572b6fcf04518535fe6b39e4b667424ee654b9970fd9d3,a1fb6be6f76f53e290142af7a45a67f562b7e457c19a234ea3eb1a00ee8f3a27,6bf0490b360ae474d6580583b8a6c6b6b1834b0d54b7ed227d5517fe6293257d
b2-tunedelay-b5-rho0.7,b2-tunedelay-b5-rho0.7,selhold_change_q128_d12_privileged,de7e0bf07b029bb386d2755b3fcee4bb25cb2e89d356bea017eba7c7d2ec938c,c869c88976259ca284b4243513650e24e321b311aa431819808ad255c16af720,d7f1a5ae90a86e2fc4a0cce846ac5b48a497983c9f5c2e5b8a0b3f27ab8e6438,e2904401944773cd974a245acad91b32e14a11ffed8041aa566da479be8e0b28,1a45e755dc479f95f5b8a452295de6b1ee7d1c88ce509443c8d53d5a8f0ed840
b2-tunedelay-b5-rho0.7,b2-tunedelay-b5-rho0.7,selhold_change_q128_d14_privileged,287a38fc505c02e8ee93933e9fd67217504eb1d0aae7be31c0189e64e06fc94f,01bb7c638e685025f29947009ae10536af90a6ff02a7edaab9e1dc0920b4b67d,ea5f4d0755f5404916fca5d22fd4e4adbbde5508a3fced68da7268959a580b2b,64ba7e930515c73c9363fc93df6cfc0efe3bbf67a021403478fd83a77c4049da,e20061d75ce60b4f51535eb0ba8ff2c236951b850d044d2157e211a0dbceae89
b2-tunedelay-b5-rho0.7,b2-tunedelay-b5-rho0.7,selhold_change_q128_d16_privileged,ca6113092d312c4a4b45502b13565dbb9688d5bf0a88f7cc511382f9edc48a08,788500382b8084932e4f27a67b727f871262e8bde1da54903bf8e2b22be69292,d992713e648fcf670ab751c485305b626fd2dbc7263474ba0495a5f6825162e8,72b89b63508c277576c276ac306df9f7b06a4c901f4239a0cb4035e071f9064d,2a2ad0e086dcc993778095373779001c6f83e96e3901c1f446a88643449a560e
b2-tunedelay-b5-rho0.7,b2-tunedelay-b5-rho0.7,selhold_change_q128_d18_privileged,2e6bb45c9156226355b8f35b94719080263e6e9ab978ac3278169accbacd7197,287ad4e91cf65382b08225bcbbbcc317709bc6d371a1f628c473f836724c6b23,8a1b2c38d688cf062c937c63dc68e5412c2186d762e97be80680109b8f3d7a06,30746a72a7de54215da8a61298002e73d47b7ca65e6c1096818954b945ddc144,61abf1012d5262c9e20ee74eb0060ef367284813642fb637ade1bc50a60a1fbb
b2-tunedelay-b5-rho0.7,b2-tunedelay-b5-rho0.7,selhold_change_q128_d20_privileged,54dc4f569213e9f799fe56d4e142f1c860949b6bdb162d960731dfee241b00e8,a65301fcc3ffcde44bcb7e9b4929d335b07969a08b9a3af57caae53e2e05a428,3639b99495f512ff1750e16abf5b44cbf78f7d427bee6388e73508153f0f38af,22b5951e90762531b9e9d81f96e561cbe6c5bb44b36f6455f222bc1d385b26c6,89223d0dd7dacbad34bb7da339e53832320caa7a3de83593d3f980566fa18d4c
b2-tunedelay-b5-rho0.7,b2-tunedelay-b5-rho0.7,selhold_change_q128_d25_privileged,01e2f21790833c238a4b49e77afeeac3d17d6fa9398a0500b9a50cb701ebc378,10b2c1620c482ef3f49b4dbf6db875b5773830b54a01da118bcdd52498fc793a,7e367c0fdfb1ffb5854b35fe98c0d3d5e86480e8d872e1565adf4a86318f54fe,8645e1e394828351a0857641f569a8edeec107104ed0276dc4b45bdfd7390821,a3e93d9ff26372c750cea9c67602b4e11782b32f41403335c6d28bea8c7fa149
b2-tunedelay-b5-rho0.7,b2-tunedelay-b5-rho0.7,selhold_change_q128_d30_privileged,dfdfe99319f2d436752a896ea3c0f9c443748970431b70e3bfdaf6d351c073b8,13038a8c3a200eb0c3094f71f2dca2d81ccc56817582ef378f76c2e9f10bfd8e,34d63861f8f40a5be61307b99de211e8e4fb2941a73e2c57a3f0180d427c20b6,fc8ac28472c2b0dae989e9409ff07a1736020b737cda4760d88a2c95485f660d,468fb8957147dc1957043cb0ea51a0710646a3ee860baaad6ad8cbf6a0062495
b2-tunedelay-b5-rho0.7,b2-tunedelay-b5-rho0.7,selhold_earliest_l0.25_d00_privileged,bcbabb4b339b05e3af8a2c03f5ae138d413448db23f87182f2b5bb7d0e79524e,c0b1fe8563ea7b850ace2517265bec123b2eeb55fff339ed3ea143bd80ff41ed,438c0eebeaaec947eb3c0772ab3c7c3310f7fc727368a18cb5db61a5db687384,80e32620a00d336b806c03c19c7c9498633d2e15bdb3ab8f29cfd7409a74db72,40c257c148c4eaa8dfe5d82ca97a9730d9c25508daf57bc4b0982e2cc39d90c1
b2-tunedelay-b5-rho0.7,b2-tunedelay-b5-rho0.7,selhold_earliest_l0.25_d02_privileged,96ffe45ea2963aac5c451bcc8fc1ba51fd601a484b35c19abb70e991a57b46c5,d4606af4064d368e7fe9e2c20fa7182ec1dc6bdbd61dd32598659fca504d2187,8fbe11f37214713a941626b0bf8c739fd25ec4a7d67db5a65f6255fd4be61334,8769985ff8ce26f12cd2af96b7c94e2a81483fc8e921607e7a817c23a53902a6,2f1a7bc6ad50ddaba6e10c0087d70395c049330970742660d15d4ebeec326942
b2-tunedelay-b5-rho0.7,b2-tunedelay-b5-rho0.7,selhold_earliest_l0.25_d04_privileged,9ce8a2a08cb88ebe7f9642f5774b5f144908dc9682179319c5c238470c7f5446,b91e9c008212cef946aac6b7c6a5cc9fe93c34943226b9f19b301fc9790701b4,3480838f22cddd3644b1869a610c68cc786b549c74593e3c478b8b45ad11732f,fdefddf00879dbc36e931949e78d92280bf08a4111635bf36f6f25c44f5c32a6,981ab4c06bbbccf560d840cf73956a156c4affc12edbd3b5df351be0132b1209
b2-tunedelay-b5-rho0.7,b2-tunedelay-b5-rho0.7,selhold_earliest_l0.25_d06_privileged,ce04011482f583a9b60d93561339b3c48e151e00774db2ca772f411ed0137b9f,a2d0630b7f7c89fc8647e465fd20b5913679a5cb35d23d68cecd74d0ac331ad7,0e41e3721b3e2e8cb5ec1bde50a5f844a5556382a8147944e24cdbccf346e9e7,70a3bc27ba6607fb9c64dc38b12c1593af7a22d0d8568bc12914ef90dabe8e20,61401dad3f5a490460d2f30fec942defa8c36d4a8ba86ca6a0ac19ffba61b836
b2-tunedelay-b5-rho0.7,b2-tunedelay-b5-rho0.7,selhold_earliest_l0.25_d08_privileged,7858c20f1b20087e9a64f0f1f77bcbe56b5d46e7677ac3b025f107d0b48d4b4f,74dcacf63a3a8e45672dcf0ee719dafd034221801459ca92bd3025b99e2c528a,f87cf5caa86ec0f47ab2a80bb10102d66f2117516137175a0a035ed6e7fc7c6f,32c384d4f1687d0070cb6e680813edd2ebb4bbf561f4c91ff7ede0cd2b0c1840,5833602d861121a5042c8bc44b63fbed5ee7a698a513a8e754a07d3ae8d6185a
b2-tunedelay-b5-rho0.7,b2-tunedelay-b5-rho0.7,selhold_earliest_l0.25_d10_privileged,5c80468a726ef1f8f151f38aa6b0ac04db051ac51a8367a3d06a54348b8123aa,c20c2fa9c80758fb2db94c78e1c771316dcb4f1f85feec773c5e1693124540c5,b14bf1712bb9f501cf8887cdea71798f0b6ba0d374590e593a79b09f9f635211,938c3d3ee732aaaf7cc14afdff13e8a858cad649a3f30eb0716c08b29d466a92,902441dd2b9ed52a8ed6377420a684cb4e28598823a1495879d43ce6ef828e3c
b2-tunedelay-b5-rho0.7,b2-tunedelay-b5-rho0.7,selhold_earliest_l0.25_d12_privileged,f795309dafcdfe2e98e99ca5253e96ada48100327e67853cacdec71ecfc2bb56,27df05603f1ad88009f22529ef001cd6cf948a7c7aca3c71a111be13eba178cc,0c5755b5a5c9a2f0c067473d893f200750cdd42e52767ef16eeb28c2ef5302d1,bd8df9f6fd18fb5241e925c27a26a773de70a3b585501472c9d09d3b1f40c625,d97217932d5343ca563a794a27fc232ce63a598b0f4b2ab05913d3bad35363be
b2-tunedelay-b5-rho0.7,b2-tunedelay-b5-rho0.7,selhold_earliest_l0.25_d14_privileged,a4d623137e0c70385ca46ceb90b222976f9a1ba2b4aa642e037fb20c6742d438,28679160e44f0a4d12951ef26d64190aa96967a36defc23077a1d0f9dfe40e99,a4c94c80df960dd164178d59d0ba0ac86380f295b59782c59875112f0f0dd14d,125a2d05ba917dd6a3dc9ac50ec7fe5175440d32d980fb902a19ede5f55d4fa1,ad0c9d991b4ad62c7c1aba235812d33227bfecbf92d1f7ca8e9fca2ec0f361a8
b2-tunedelay-b5-rho0.7,b2-tunedelay-b5-rho0.7,selhold_earliest_l0.25_d16_privileged,088f6491c9d808728248cf6ab2e12d6089d49f668e4e37648619dee9fc6ea286,3574337f12e6ef028c73eed7d2d0dc85f2beb74ac07188f1e829a5efc5b6c151,256d13eb0aba1c6afa1cb711a58dbbbd695df3bea4c7a1f92f38f3c73e281de9,1ebb40f604647b2c03664048a3a695976b30e2467bc58d8a6d347eb370ac7afc,f22d3651521ac1e02056021c3bfca834cd8710ba6aca05fdde92d786ae3542a2
b2-tunedelay-b5-rho0.7,b2-tunedelay-b5-rho0.7,selhold_earliest_l0.25_d18_privileged,c621433fc4559a2676508d416e8537bdbb6c27e596f323e469eba2f5d2353ae9,c058ecc7457372b00367ec8dd8c285182977bcddaf68bd42478af38664c3881a,e1f6dd336a940e419d04e036ec92061aa52a031b7b5fa7361b8c3ac57f2c01c3,7546f3609f34a93ab5720534e9efb10bd65fe49a262e37c44a93abba240e147f,31aea644f0408fcbbb3201afc99fd35350fb97232e7d24a7bac2deda668b54cd
b2-tunedelay-b5-rho0.7,b2-tunedelay-b5-rho0.7,selhold_earliest_l0.25_d20_privileged,524e29728738dcc297ea3b114463e011e5162768f203653c95b10ebf8c05a4a9,094c3e3d2109d78b71301780f6737d7c248a18206a502f40b7d13a868b39979b,7b3f5677811136e2c3c4bfa1e6f3ef0129035e1494e6112ed48b91e89b668cac,bd23726f00e385b393b66b3671f2594991a2877c8544d2ade98ea3141ef796eb,b7f1957a0ebb5b9a70917a63503004b1bb5675f5d84324b793304ef8b3420941
b2-tunedelay-b5-rho0.7,b2-tunedelay-b5-rho0.7,selhold_earliest_l0.25_d25_privileged,6ead4311c05ac131a67f53dbdb17f22ee929a16e5e20a072ede62a7a229e7f94,6210db9f04b82a4b0048fd581ee0fdd4c32ba0389bfcca3fa620182a8a99ffe2,c2935dac247216507f8e03e69bd1398ce2b39de21a8cb67250695387912d4949,fbdad7a1d1c1b66df64982ea6b2247a84cf2bb41773f4a386e613876396b5f62,746f9d4cde95212b73ea01eb81f6696b4fe188d778d9ddf122e1f98ddea14fe1
b2-tunedelay-b5-rho0.7,b2-tunedelay-b5-rho0.7,selhold_earliest_l0.25_d30_privileged,536884d019147abd6f6f169af2e71454a70302407a4d97225ca8b9eb93c3518c,14245e7829d31ad14866f9acf0b72cee5758b9681a7e3a8734b566c01deb5b0e,38ede65984f438fe5469791c47fd2938395c4823d409f78042b27426dbf2cdb7,8bd5473e41b71cf981f2ec836900dcbc24805a9ce01b43b4b74c56251fe27258,63a47d7f2b279de0b80e8378c03da79a17d7e2f4a0925a6c7a46497942a3e903
b2-tunedelay-b5-rho0.7,b2-tunedelay-b5-rho0.7,selhold_reanchor_d00_privileged,462ae5c3b2e127703ed9e3979589eb885f92243d9317722d99c202c3156ed977,79b38e489409c9eb9c03571372e787d1a9ca844e13e425dcdf2f218d3ed3a809,a2c2b40905fe60da50b93d27ae9006c1cfbd7d4c03fb8510800dfdaaca37327d,d397d003de8e42af12455e783c3290a1bcea332dd9842e7dbfcbd50f22953ce3,3c3ca9d8eb9f767c7e6528736dad753e29ba2e9f6528fb2a34406cb640002d77
b2-tunedelay-b5-rho0.7,b2-tunedelay-b5-rho0.7,selhold_reanchor_d02_privileged,bd610f65c12b3737a4a2f0cfc5462cbe231e0958d0ee56e0fd7f9475412074d0,0a6bf5f5ebf06ec1faf47b7a950031faffd35f6bbb7cef9edf18e9f50004b8c6,c539d06f770dddb99ab6565c570c93a8741baeff9b823d54585fc759899fc048,29e2701e0aca01a51772e38c5b6dd1c7a973e60cb52d79c5d1775301417058be,72a01cc8e9d4f740e46d8283305a56521eadae5aa87fa0f16808cc7f2d67dcd6
b2-tunedelay-b5-rho0.7,b2-tunedelay-b5-rho0.7,selhold_reanchor_d04_privileged,2976e82cdf20b566da1393f2c0ef39297b4c05b1b0f16e3d95018b39d580b73f,b76391ae9181812b7254831dd2d81ccc0c4b37dc2155160ba787623a395ea551,1fee2c8793a9f931aaafe1e238e8d45b29361c9235eb765698629bcabf9fddaf,9467dbed515b410110cf0cf46cb4ef8ab6de5f75f87eb7c45e59b856d612ddd5,7ec8095bb4bc7e1f3fbf0ef9be33a04dbad656b4e1811a9c6c90eadf2988a62d
b2-tunedelay-b5-rho0.7,b2-tunedelay-b5-rho0.7,selhold_reanchor_d06_privileged,320223602994c52152ad7d3b920d6ba1d7460e6ab8e72b1c5ab193efd012adce,7d58069434bd3728732af10bb3f8a3d31c66327907c3cd09845c15084d4a3527,c07260fca7363bb62680af8c0e5ef3d4c0e2012e363597f471dfdd924f48ece6,4eb995e144748a83b8a946e2dbb47784ac31d3042fba4a82d71bf3371a44ca5a,d1c175e522641a6cb50e3401ec0a8d1d4c8ed0c5969a633b10399e3d550949e1
b2-tunedelay-b5-rho0.7,b2-tunedelay-b5-rho0.7,selhold_reanchor_d08_privileged,c0bf010a21ecfcbb269c240d15abaae06045731fe372028f7aa4c8bd4e08fef5,bcf2203a73678fbabd00bddee00c99600240c0541d580a34bdeccbffc82bff0b,c592e7889e4d8550ae5410108a2dde614757b0c2a3d33485d767dd10329e0c6f,e07bf517819f69fcbad28a98b27527b2a1ef0316aaeba75321f230ff26aa3547,c30522941a237bb7ae41d3adf13e99659f038f7c4768f3bea2697f08a3687871
b2-tunedelay-b5-rho0.7,b2-tunedelay-b5-rho0.7,selhold_reanchor_d10_privileged,97f9b087f83b557e5fa4dc91d760b0280270e4962686b62e3d05b87c560f2e5c,e43d5ed12354a689945a21a5a2181a80b1160e2a80ed43f5544d81305ef6d567,b65159c8db56a84cecf8f415d43ed819e0230dde37c9016c14277e8c92e3dc06,5b09865373779b8136971be1f8d644536761eed30767647e9d52d0f4fec7f59d,769bb0cc663ba74f43ed7f7291b19d9d590955813daf42c9abb53965a546add2
b2-tunedelay-b5-rho0.7,b2-tunedelay-b5-rho0.7,selhold_reanchor_d12_privileged,acc26b5aab95c24376328457a1c72caabde6191091806b605861369e1aefac82,22fac7370a890e8d2c65c6d89ceb3a11fe908fb4fb7ffb8923a7618b51fd3562,00c8f9633ac6e1e90ad4b3ffe5bafc05044d2efc749dec2e1c3fe6fa6f801ff6,c027fe90eccd178766cae1afdfef4be724cb9b3043c4ac23541d23259558211b,bbd85a36d6fc582ca717fe2a6e2f5269aec545479d656b055be4de12bdb415d9
b2-tunedelay-b5-rho0.7,b2-tunedelay-b5-rho0.7,selhold_reanchor_d14_privileged,63ce864dcf5b5cab1e5844953f1eb0e155156fb1e1b5f9c7b437571c117b4be9,5609dd03fac2f582b7e9eb248d714d5126f3150f7de0a4a975cfb641e3003195,69d09eb864135a1d21a5b9e3b7082ec293a776fca7db407b65d7f3298a7e45ae,24bc5bfd78795710093076943d049470b0f99b98967fd19c70424d66591c1782,4f3a6eb800b1016ccae750c8ddca733f41f8fa3e412c5d5d2026bee7d6286ea9
b2-tunedelay-b5-rho0.7,b2-tunedelay-b5-rho0.7,selhold_reanchor_d16_privileged,ae2ae1d54e2f297ccabd65d0aa3daba0a9d984fcae2961db36f0bbe7e9064175,5434ef6417366fdf4b37fc9ea5a71c4e1fc90c59a747bee5b080672888673a74,743113d6ddae573ad3096de047d2c26d331f17720effaca7e4cd908490ee423e,5be73ddf962dabe25bd51ba6c6dfbd29dcdbc266a10451d363c614cffb9bf745,b7397f776cf83d36bde96d1f5f5ceea8ed6087e143b72dfd4ea215151142ce58
b2-tunedelay-b5-rho0.7,b2-tunedelay-b5-rho0.7,selhold_reanchor_d18_privileged,d34b5e129be183bc38b298b88ecdac1622228528b80b03bc9a8bc98119e2800d,66668ebcfbdd58a8cf730ecc9d1306f3581bf07df635b16410ebc98a77b4b6d2,8e6622bcc69141801bdcb3d341cbf661223e079c13e36f719a1d62609d6b5e59,0739772b11c5415f9adb6df192407cdfa2a37e2441ee463f14b2d4915ad11964,98010e9c021510b7815f7a430175f1a72293e936b0a8c7c4f68b92ebeec88969
b2-tunedelay-b5-rho0.7,b2-tunedelay-b5-rho0.7,selhold_reanchor_d20_privileged,4ed13315699c0bf92746ab712d4592763c06c6204c1f32cacc5cc0b0e45657fa,46800424cdd25676c108b5d02c07cd3eca90310a722f6d6b19811319f1ccc491,62c6d8d2f1ad218f0155f7244f8611c5acb9c0472d40464ba2fd27e2ecc70187,34227795c551d398b0c18087125f02393f333b4d770339ba2d09b8e0f48239f9,79455196db9819438f1e2aaff3be3d676b92f7f051e0308e4387ed388b1ed398
b2-tunedelay-b5-rho0.7,b2-tunedelay-b5-rho0.7,selhold_reanchor_d25_privileged,de014d6b3a2740fe3fac18b5145840c938264608609945cad68b3181ced7334e,989a08b3960d469897d60d7c08d7c9662177ea9f27fa5dd30ab43bdf0de48b2b,71124d6508fa187719579d1ea5d49c3520fa2ba5c80a349eab8392fbdf6f47e1,24b4781797871ce484f7394eafd3bf069c259b68ddcbab9b790031d192299345,acd5e273333171153eeccbdf0b16c13da01f3e30965371fca5cf2bcb75729900
b2-tunedelay-b5-rho0.7,b2-tunedelay-b5-rho0.7,selhold_reanchor_d30_privileged,71f012ab5b8c494146e169f413de358810077bb575b7ba010beeb62eeebfa378,3e3b9c420ea6f43404bcec55d75c57616b4c5df5a64c06e24523e1a2c1fb2e30,b13005f59b8425b1d16998751059ac1057f66809576af60adc6e430a7f4e11a4,8c066ff44241201ef9bc4dd40f2bea2b60334e9b5b19e568fd68b8abfb7c934b,a22d2cb626fafea1579c41978f5ecbcf0e6e13b69d784f17805083bcbc261a45
b2-tunedelay-b5-rho0.7,b2-tunedelay-b5-rho0.7,selhold_rung_z2_d00_privileged,153f035fe47b0b50803cda2a96b7f8bf1f992933ac7ce5dc4a2244d9b970224a,5a50ee82c29420cf2ebfbc14201f80dc8e593dfca8a308ba52d30745f8795e10,95c29de952d82e4fc0249cb7b6839f02928efe475031d5f8af41363cc342e32b,1df791f527bf0e7d0d8de0f2b76f1d6d237db502ccee9c5a9bc0f9b33bfbf736,851741d74b4196f35c541db82809fe136c4e05f93ef7e557510485f70a16c03d
b2-tunedelay-b5-rho0.7,b2-tunedelay-b5-rho0.7,selhold_rung_z2_d02_privileged,54b183e32cd967da788bef9ea6f463542824918df451df3a5a411da82fcb0517,30615c77f3a61ae3b4f2b847fd7a1253f2506e07a60dd292d3383974d779a22d,bd752b9d5dfb645d1b011385bb5f836b9ad73ee2d4ccc13713a40f2ce120c4cc,653cb0cf867d335920505a88c118ad16c784bb6fb443bf32cc34b4c490cd8b4f,0b3f3099aab2737e10a1f34cd962edc936a6366074e4466d5a520e8e9b292cd4
b2-tunedelay-b5-rho0.7,b2-tunedelay-b5-rho0.7,selhold_rung_z2_d04_privileged,0a6b3200bc976c7b0206eef9981592b7cbf7be8f270bcfa7bd0de81bceb46eee,3c789742dd245bb887c6647a4f592b15b763c1975bd5b0634b3ee2b8a0a97f31,9a76722686aa9c1ac41c9128f5ee24688fc90931e6da1d433e52bed7d0871b28,b01f5ac1afa41c9ae32f8796d88d121338595ffeb09b56366c1dd9da3a115eb6,36980487d7bcb4e8a07cc9b0a486016e91fc9fc6cade81498eee704bcd404b84
b2-tunedelay-b5-rho0.7,b2-tunedelay-b5-rho0.7,selhold_rung_z2_d06_privileged,affbf30269ff123d50c6ff119e054b52df2321bf51938719b3426f12e0671992,1da8d208131ebfe8363de0466955eb5ff7ca0e176c239a67b785b0ec772b2930,7ceef2f1a245b395b2d474afd9769272cd0815f5b4b8307b31154133873abd3a,c7b22eeccdd64ac694ffe06daadbca8fd71bbac5f1334b70f6843ca15f0036c0,1ecddd5a642a656407149cb9a8ae24e85472c76f400db7db8cfa1739a3038e6f
b2-tunedelay-b5-rho0.7,b2-tunedelay-b5-rho0.7,selhold_rung_z2_d08_privileged,be439a399e5341f3ade0a32d6f6779303162ecfe461c7734aa8f495a26deaa50,98bc5eb3c3d315493f68bb463a9a8106a264a1c409d0f4768e174691825fd344,13ee1e0f191c6130461908ad25ee541ff39239f7d9f3b99f055c2c6c47fc1fd4,cc3641b895ea19ed85e4738b5f27ce08fc934e1a3cabfd5342ea12732515d7c5,9a9a5af9ef296fdadba4c7e4ba0747c0a374602c601e0f652c2022be589dbde6
b2-tunedelay-b5-rho0.7,b2-tunedelay-b5-rho0.7,selhold_rung_z2_d10_privileged,36166e669ea64d3993e35cf6cd6646b6a854cc1f7c8c3d587caf82c1c3253407,6f04e46fd790490f9f64a7088c4454682444e448098f6ac1b21d2deaa05b13f0,cb3645b3665c2ccb047b0ba3619e268da844c07df09995f03e75c8ed13b0c961,c6b588e83ee95fd6f0f857a0be9f358fd254bdde6bcca7fd6fd0ded21a3c6fb6,7ed8e3e050d4f668261d338b9af7601ccfc2b2cbf6926cd63a8f74021ab2c5cb
b2-tunedelay-b5-rho0.7,b2-tunedelay-b5-rho0.7,selhold_rung_z2_d12_privileged,6317d21ae76f83462f948e93693a89a1b7aa262cee68a496950c59eefab05d03,e3e3c471a0607c37d4a6c60760c271185d35e3a56a86e6ef9646cd8e104222f1,4451ae5349cbfadf61c232abb702e9a7db8985102a17333ace4169e4e6009f74,2fa6b7516d2f18145e311ac70989ad2614cd557adbd98392e2e869382a0f3ba7,4bde769e16e694c5383328c8fbe9b44457c7aa0effc51b9a2bc23eb39a7abf3f
b2-tunedelay-b5-rho0.7,b2-tunedelay-b5-rho0.7,selhold_rung_z2_d14_privileged,4c48c644de08031137597d8f7630ffa775c289da552345429ad656288ffcd2c8,538183aee257221bb8fed2f22f746f1081c2597c4b445dc3d4f172c2b9ed4045,283ef49814b97d5a8b369b8a34e1277a599a3d7ac33e129d5ac7a1df711108a8,e127580979180e3c004099cc5c3001a5c4d1a1b2db8067e65c872ac3305342aa,fa6eac872dd930fd4d912d9014c04212656a493e93796da10b8ca1b2e902450b
b2-tunedelay-b5-rho0.7,b2-tunedelay-b5-rho0.7,selhold_rung_z2_d16_privileged,eefc9eba4757ab4546bef10053abda7b332deeb8933473bfd65a9f1baaa196c2,c87b1c297c7cc42271a176a18a6efe6e2701d3b6b01024fde140b057bccbab45,011b73cd9925c6c4741fb93ffe208a9727eaf8b3771846e64abcc8da1e0b168a,2e6897dcb29959ba930516ab16d6c76c74c9d857a564bc2dc394202be7637226,85a1489aa5cb30dbde70b7bd0872bf141152d78e790e3b5f7e41f56716e7707e
b2-tunedelay-b5-rho0.7,b2-tunedelay-b5-rho0.7,selhold_rung_z2_d18_privileged,945b5769d3c0eeb405fc46b44e6317aaa8f442c7c19ad724f66e95a23b24815e,f5fedec6469eebc9fcaf2049743b1e706ff4562dff13a229f95c021ac52dae9f,86cf2b4f8e33aa5877a2c3b684a280fd9bcf02dbfc1a5959aa6792216e1391a7,b56ef92f8c99613407691a5f2f9b4b830ae3a869a1c387fb38811df4aabff3eb,c3b113a3260d66c282c14b2f9965fb3046f78de98404e3fa0d217531d2af4aad
b2-tunedelay-b5-rho0.7,b2-tunedelay-b5-rho0.7,selhold_rung_z2_d20_privileged,7684795f24e6dda600c1cb81996416f69e9d2c4cac9a0d8b0b94e48cab174d24,bd07f4605bc0fc7d2a3838de14e08f2379ce7a1eaa105d8a773a4b14748898e5,c141842440eabb19583d6ba431bfb3bc01334cc7dec0f67805cf7c34b7100f3b,d22d8fc0cbcacc03b5312a4715426eae32070dcb8eb9e899e23a9be28e8bbc9d,1e8f24d497f490f25d485c99168b3b979c6df1fd64b6bf0e6a707197a3b6bf34
b2-tunedelay-b5-rho0.7,b2-tunedelay-b5-rho0.7,selhold_rung_z2_d25_privileged,1177f7539426623c340c673b964c1b1758f01cc3bab635f32a4871fc9bb8bda5,6e1469a37ba54a917569b7ac2c129e6b8420b8e376000877f0d15d01c875122f,9a8db5e100f6a066f7dc5bd87106daacf5ae5d70d3eac5df666afa738321de56,ae4cbe2b01c09efabea1ea4589673af41ae0166e23cd30e887b88ae8b5ac73e3,153d37ea7385f94bea51bff68c7c4c0a1870329664e621d2194549a5cac218f8
b2-tunedelay-b5-rho0.7,b2-tunedelay-b5-rho0.7,selhold_rung_z2_d30_privileged,2b380d9a8c3fe5d393aa41fc363af00791f7361a46d15ff74bbc32392c9322c5,bce8256bb3f2110f518c29b61fc9fe89c79202cd1a11f06052762ee4eaf25f40,acf4361ea1e8ca09ea7dd3ef48d1685798389c1726e97e1dc3c356927b2d2a79,1fb7c86950fa8b52556b7522557317c8ea12937e08fd275c11237129d7f32010,39554ac12ce8bccacf739ed06213e7c8a4d5dbb6062c6d6f188ae9aba7a68e99
b2-tunedelay-b5-rho0.7,b2-tunedelay-b5-rho0.7,selhold_rung_z3_d00_privileged,5472b568608e63cd9ce5172c4204308aa8de6b147372cad398175b7a1c8c5833,ded8cabf404a38f206e4484f9e9e6acfdb62e5b3d64ed7f8b2d79dfa3c49ded3,73d133b3802328bf8d024ca3fb1bd03c45f104a07429bcb23bbdd11e8495fb27,42ff68f167c8c6b63633f2c54da62292402e7755993b39f2d20a0b2132fff4d5,879f8be5d1b1f7f778f7dd6da34b9264c04761632524bbc40dc5e774c45ae3e8
b2-tunedelay-b5-rho0.7,b2-tunedelay-b5-rho0.7,selhold_rung_z3_d02_privileged,6fe08cff1c1040f2fb9a614e1feb8b75fd276b11f5609d4e0a0ab95bf0bc5061,219d54f0a75d026fde346eb55b34e379dcb5d9e0d9051ffee7a37ca87333db57,955a1ef53058dfef34b1d1b906736bdf0b7215e613167772223dfb8212dda188,4684d7062dad1787523d74f9ab1720860deb170b659fb99fada95afe0d486514,c013acd5d49425de305cabeb7ae9e75917ff7f2b5c592c14f9b7f67d3656e686
b2-tunedelay-b5-rho0.7,b2-tunedelay-b5-rho0.7,selhold_rung_z3_d04_privileged,5aca17c709a286393658d1389f0fca28b9ea46ddccfb1fdb5377e3ac0d4d4776,afd83a02cfb8996c7c7f2fa38b8dfd21eccb10d5f9eba33f1ecdd511c133dae5,3d38fbead18c6414435e00c375f4f6adf848cc5467a34e582ee81d9d895f2bd6,77c0e75a3b2909b67373390f37dcc4df116b3a0c918c9cf3f35a36612f4847a4,18c4c1c617db88ecfbd5042e521a7972fd286e9a18cbce2bcd9f12ad9f22997c
b2-tunedelay-b5-rho0.7,b2-tunedelay-b5-rho0.7,selhold_rung_z3_d06_privileged,a7128ee59d43ea9599dc4d51148d78c02b48b3e72df9e841dade4e4623d9ea56,30a2b143f948629ce216144002a637eebdb23c7693f7c61d681de63ef2025640,19aad3a5839ba093a56913e1117903e7a2e25939ae5fecacf04dab7e97beba9b,6c532aea9ab062dc66e938f462260e5d1f200beb1d28df934878144360a67a22,83378bb52321e9de86c0563ac1abb4f9364d803e1532dd2824b48581a381d6f9
b2-tunedelay-b5-rho0.7,b2-tunedelay-b5-rho0.7,selhold_rung_z3_d08_privileged,34ec7102133e13ddcf1c7cfb6f04311d50cca0097d06f0ee741ab5305f3e3708,3cc83831bab941fffdea234fd9c795b52e60b6ebe59b1eb61ca172da6a1cf33f,0a826454252fe4d330716d880e579d1d66accd245cabce7b6ddd1a80c1c91de2,aa123a7872a97f92538bc3b63e4ea30a00b34dd03445d130fc7da0ee943ec184,bdd170c2dded14c1c2a1bdf52e3067397557dcb3ef8f1e1a344d8cdf894b53f2
b2-tunedelay-b5-rho0.7,b2-tunedelay-b5-rho0.7,selhold_rung_z3_d10_privileged,c6a096dcc313481b122d3bfb6b5a196194434a510c66eeb1e0a7f9df3009eefe,9054887ca1e667368aa2aa3efbc5ca32b97064d4e910027e5b53b0a32d5b2be5,789c3238039e08658df8192bc96d5e6c312108b8a6f0d6870ce82a07707e6ed8,b1dc09325c38d428b235a7636b39c5326e056f68b3cb513ed6086ab053d6b4e7,8c42ee55cdc33d7d189e6a1efc6a41af453bbcdd09f1c0452d84a18c8b9d9775
b2-tunedelay-b5-rho0.7,b2-tunedelay-b5-rho0.7,selhold_rung_z3_d12_privileged,2ca173a3ef648e073cbd1357cd7b338b8c714048289cd47cf67096ac97c26a4d,0605798d541c37bdc3efa0217d1db3c32dbc550691c240951cb95fb48be05018,5b8772808a5406c74b740df5d942d37fbbc30cdb83fe62a7503cd425be1f3480,c8ba05ecc2553e8d0a2c8fb9454295d7678e540e9ab56fc6f2bb424271d2c880,7d719210005c62ec6df3d193c531ccdf30abbf0aad1cf38a9782e6a6f8e22d26
b2-tunedelay-b5-rho0.7,b2-tunedelay-b5-rho0.7,selhold_rung_z3_d14_privileged,d58b8dae5e9a2fc53e4ac5ecbac7c5e9b6f27a96ae083d52fbd149df06ffae68,915d12e92677450323cf03ac0416e678e13151d34e93c4986ecdc6595e4b91fb,171894d2a35d1c80af627b019cfb0ae5d895e7fa4bc2d720b1906f2c327c6890,79d8a5dc2633b7659fa9edf6ea08fcf5c8d4c32190392c069f044278ae14d72c,2918134d8f1f3138b4814626c8526f959da10a592c5b519bb4deb6737a4433e2
b2-tunedelay-b5-rho0.7,b2-tunedelay-b5-rho0.7,selhold_rung_z3_d16_privileged,da54fe104304c2e01bf36e04c8516ac3c930a2b3f721e3fc6455df0482e460c7,2b0fad4ad5ca5a629dbf5c7eec461ebc1388375f3218d62556319cd9276d5abc,3fd6bc3a7fa22d98b6d9129cabc4a17235206df00856ec6dd79edc290470f9d5,c25279c70a3002ba4aa67e7c144cc7270e4fe5a7153de36233565b2892baae23,fdb60b69a2fea55a03b834266e94bf9f74d2825ff10fa4b97bc7298830fdc09a
b2-tunedelay-b5-rho0.7,b2-tunedelay-b5-rho0.7,selhold_rung_z3_d18_privileged,d711ff340de602778d8b92a4ae6c357203d87f7031275877844bec3e506027be,ff398effa5864d5184dd3418516dc6a105a7591e92028de4b007571457c2f0cf,b2218fd61c23de9d420c956b241d56406f297b16b6ed95495f62fd02a5fca025,84b314853fa771c2eae8cc4fd669ca3c27d7113ec5f11c59537528994f00ff7c,b80e6c0d94082d2261c0fa5b41cbdf2dafea419cadaf553f326a3f01423d1e9f
b2-tunedelay-b5-rho0.7,b2-tunedelay-b5-rho0.7,selhold_rung_z3_d20_privileged,f4a2e8140b5df6a1f6b06a5511739c034e7200bcfddefdfeb44270fc37584a56,3a61383cfedd49b397ac9fd0e99e74447c409e65648b68fa6e9d7f68b387029b,6de8fb8f047b15ca665f5c1e0044728d921b2393b6876e2016a806fe5f37bfa0,5ff0401f508e30701c5b1a500e8aab7ad824c0405f10557c5a9348c2e367e54d,a10ca9984743f6ac0b1d8fe47c920cc8974bc56756ff1bae849306494bea1805
b2-tunedelay-b5-rho0.7,b2-tunedelay-b5-rho0.7,selhold_rung_z3_d25_privileged,4c7ff48173fe134eee4d8169426d90f35954e6a6e047e3db4e1a3ccd5582442e,267798c68af09c0cb9f4484b3edd6aad1321513c6f305f82944f41f78154db6e,d6c11afc838cac91a3eb23d40854c6e596101e23f3c2c291b81a88d78edff904,bebfc1e494a96ad3c81e2170857b5d8eb52a3c03e574a382a564f5a5503f1b5c,7732926a59aef28d7e4a8b70871598edf8942f121903198dfd4003da028e48f1
b2-tunedelay-b5-rho0.7,b2-tunedelay-b5-rho0.7,selhold_rung_z3_d30_privileged,ef99003945afd96b89e6ac666a88ddfe62d46c4d18b4a6503d1282e661f0a2f4,8410532e76389f78ec9049a31f205bc404ab606da67fb5e4e8dd1201abe45114,4c199bfb93530fb3754f884282a2b85bd18712c4b42cde04d778fec1973a6ff2,b399d4e3561a8696a951cecd4dc653bbef6161803bb7f8445634d46fe02ca61a,e021c1008a37a4cc0c00ad7425698541cca5bbab1f1f2a31706f30877317649d
xcheck-r6-heldout-b5-rho0.7,r6-heldout-b5-rho0.7,ablation_hidden_rules,ad47ed8049f1e70d1ee80c688854334cc8ffe1cd6aaf1fd647fc08f53e2f9653,8018e50126a37e657d482db184a8cf8c56e6ec6bff5b38c1e1a2d85a015ced7b,eb72ef6477813f84589755dcc1687d3177f1da35b607feabf599daf9773827ec,d95e35705c4867d5f704c27a7822afdf471380b83fe488e43dcb104a0dd38a76,cb222fe7ad71446292c4ba10dbb8caf5335685bc1b038982c97ffa4f03fd297b
xcheck-r6-heldout-b5-rho0.7,r6-heldout-b5-rho0.7,alw_coc_d00250_n064_d16,d413cfbc23e7b57a10ffb33de5752bb5f55ef066036173f20b6a640a244877dc,823c1cd84aa34a863b6f180d6f755776e90be18c6abc3671d18642d001019715,a6db462f60351ad4570f5bda4284304e21d33fb5b2f6145a04500eb03b1e0055,ca2324fa8b10e08f5e1e6b46117378de310b96b54766ecc10e38858524879c3f,f6101c973c2f4eabe075a28770db18f45911b3c32bc4e37a493551922a7e63f7
xcheck-r6-heldout-b5-rho0.7,r6-heldout-b5-rho0.7,alw_coc_d00250_n128_d14,d27a6b01afbb11c8f8ca40ab89e4c35d94330de7aff663881a2b2969482f245c,f38c6c780b90070c9053870f732ef8eb610901fc511b29f997726802d40d6c8f,b3ca22132b4b0e38c9cfe086dd63f663d20ca4b0153b2117f252cc0d5d07be19,79dee17469d7e4470b0c3e753ad3ace9326be05886241abae3b935ba38588a87,e78a1c79e26f5c012558076a18ea49273bbceeb7487c3445063ed87a1d121eff
xcheck-r6-heldout-b5-rho0.7,r6-heldout-b5-rho0.7,alw_coc_d00250_n256_d14,e2826042f978113d1404ba754c66c0b495cb4546b2d928011d15b5adab44600d,2870a10664363f01813499152260f963c6fb3c6cfe6cb161a46b80d6635f880e,a27597873cf82d11f188157045541451ef0b594654cb72e1f37f8e26d72d5ac2,ab46d72758f37bd3073726d039e53eb44f92ca1b320447808d22c3e17a5feab2,d5314f4f57f12c9b9f8b77763ad28d3b17d6efd15fb95cebade5618d48d06495
xcheck-r6-heldout-b5-rho0.7,r6-heldout-b5-rho0.7,alw_coc_d00500_n256_d18,84de6b09ac48041c90c80cfcb8a56312d30cd175a6d82e08fa59c0dc4a2a0968,0a9d01000ed33015a0a0a8a5c46d0b63db5f629232b7f3e83ac1b93e41cee675,999a97a670790faeed6dd8ab9c1c1ae481a94bc0411e464f1191e00fba5fee51,d7bd3003e7b4e2a1b967944a7a9d3a911fd212278d748f8bc84708fa1c2fada7,b2b918b294f5f2979528b39f163ca5882bce19b5425e00e68687d6f61a814ed9
xcheck-r6-heldout-b5-rho0.7,r6-heldout-b5-rho0.7,alw_coc_d01000_n128_d16,65f1f1886d5611b7ad626ed29e5def046646383109b21f8c020316208a9c1d22,6b2e7df395bf138f8bcff4386277d54abcc28d31f87d7ea7b6967dbe2aea1af6,81e558ae898b92068e385d75b44f811ffa1010a69825086b530c03d83823a92d,430041d5d27ae7097f8a076426ee112f6c01a53d734c0dd6a4e9a0dcc702e88e,d8acbd896404444c69fa9e89f9649dbfe9123a96bb3d155c9c6cf815e0d611fe
xcheck-r6-heldout-b5-rho0.7,r6-heldout-b5-rho0.7,alw_coc_d01000_n256_d16,ef6ed142ddbf2415d03b48ae7fb99e42bbb8f40284647aead30ba20e6fb8e8c1,736758b20a390152fc0bae1758dcac6bf515abb93d26cdd664160bcc61a401b1,d4aa3d7cf8c108ee6dd99f23ec7c3c87e641692c44e5b86f8f8707e59244a740,bc969a9c8e68726c0a2dca341946209a618cc0a2f56a14e9f752b875c5323ff7,e274c70ef2385decd402bf8be2c879020df846568e677a94603f26021d2a2065
xcheck-r6-heldout-b5-rho0.7,r6-heldout-b5-rho0.7,alw_coc_d02000_n128_d16,0adab73bf8ff837aa029b5f20bddb36235f4e20ae397a7f8cc76eb6bfd5e29d9,f83de149726c672b302c797978c3f4a939d1d9650ba562cd1ef30b5db8b9a161,c23007686e9878c4a9111981d0b12b8a9ea366c29e284e39e5f3f1cc15696aa1,969106da7ff61ba3acf195b76af93c46cd8653f37c4c7d781685a253adb29394,ce740708fde189ce1bae2b2538c234e937138846e8a8b893c875f6b395ae2391
xcheck-r6-heldout-b5-rho0.7,r6-heldout-b5-rho0.7,alw_coc_d02000_n256_d16,c61353f3344d1c3e00a585dcdea0a579f6ebcbbb9a98850032ec73192436d9c7,936f7e58ceb92f84137bc6ee7726c540528c038182e06edab9d16afae185b9bc,528b2078189250ef3ce6e05ddcbbfca42c44ea8b668a53c65b4205aaf8a8f484,23bd8efdd17fdba35eca000c790b0fc350db4b9762bf30b69ab4ee99222cfe18,9665b1ef9fb8324b1f650caacfb36388c7b46f02ceeb2007e6558b6290f127a5
xcheck-r6-heldout-b5-rho0.7,r6-heldout-b5-rho0.7,alw_coc_d04000_n256_d16,11cbfafa9ebd40ed230d1606744cb3bffb34adb10aa968d3328c6635a6fdf055,405efd4ce0e12f118f1067c572df5fa3a3102aae99d74e371cf19e880b13a5a5,31189bfec9b189c19701ae201ce43b1f3cd83e54c7a8095c03aa9891cb4564e6,2bb1351da75006acdcaf4be21cefa8e6b455a54800f9317834893449cae7f4b8,2ae726035d121e96379e1737176d4524248087124176c8a99becbf27eb85c9e6
xcheck-r6-heldout-b5-rho0.7,r6-heldout-b5-rho0.7,alw_coc_d08000_n256_d14,808fa2f9d209eabdcf09b5aee1bf8b3c77e489b73cb793b2f1d156e88a5903ea,e773b7677025cb0737b9a156609842592281818b3eac00dd43adbff6c8a7f821,dbc119977aed0bc393a630e8e3a1b0a3c7ab40958bed44bb425e40d65a56089a,38fa455a8301d6a227c321df036bf9f80cc490aefd17db934642638a22f1fcf9,3e650283bc4954efb18ec85755dfb259283e3786af9f434a75de3156ac82d054
xcheck-r6-heldout-b5-rho0.7,r6-heldout-b5-rho0.7,alw_coc_d16000_n256_d14,6a9841e493fd574997713ace1f1ee789c6496594fba2c3882bca87e666f9d8c0,ddff331d38e95810e8a537c1534202f56cebb1eef697bbc0c4a5071f1711f7d4,b1d89974fc7942049bd4b259feaee66cb2e6ff26690a4a0373f642d21fffd0cd,ce9fbf581556f673bb83e9e27aa772c81f844e96e8b3a6b6b69ba3dab8a59e4f,6d5617df6888de57b5f48f720269c56fc3faf2ef9cee61c34cac5fc6a06504e7
xcheck-r6-heldout-b5-rho0.7,r6-heldout-b5-rho0.7,alw_nbh_k0_n064_d20,acc08ffc219b3a2337c4ccb76bdaeba7b4fc6c65e701e61c10e799d04e78c1b7,f65902028552b4065d8d2802e5640fbc7f0f6ff179abf91a7106a59719253190,3e4924418ea2d2ec4b081bb12f798f4d09a89ce141a5e9999fb49f1256e328e8,56ec5c23ee4310722b3b469a0c7680b7e8245c5325c44b6700e45d8f27662cd8,dad4ce670bad1345b534ef92f2a7fd42d3f112083f708f1282e31806e96533ec
xcheck-r6-heldout-b5-rho0.7,r6-heldout-b5-rho0.7,alw_nbh_k1_n128_d18,d5df19d06c57f0d342063c7ce521fbb003fbc8dd78ee874bbc1a153ebfb9b4d0,20cfce8b83d8613c9c8ca4c52efdb17e662e12f30e19489d4205c7fd68eb6ec1,9775d737178d7e6f9c2d2db2cd174b790e6d6c3b04a8da5c0ef81068ed3e4b88,17f2144994cb4a24d962332bc2d7874b42cd356798fb432afdb9874f6689a701,ac019e0dc033b4c3bb2e8ef411ad7ab76c6d643516be2de7a7ea35ce5f742806
xcheck-r6-heldout-b5-rho0.7,r6-heldout-b5-rho0.7,alw_nbh_k1_n256_d18,e17da2f94329dc82cbf7f94c7652ed49aa1c5e640f6e580a320dbb9d5d072e05,166e535b17548de3ed3dace0bb32b73df102a39c1c9000752681a9b5ba3525ed,504e7cd5f82225ff0fd8ab8146e449f33bdef1985dd085dfe2cc286709dc3e62,d9dd13786638736ab3382330fb46006243f9845f1b18d7dbef1bc5b85096dc87,a8af0fa21e8cf89d997159be64bd365d64a21e61c2110a5b10294b22b0f7a521
xcheck-r6-heldout-b5-rho0.7,r6-heldout-b5-rho0.7,alw_nbh_k2_n256_d16,1a69fc5f5290008e1b5e320839c82ef1a7814df3fdc60a872de8e3903375392f,bb15e70b1a72324b8e0477560718024684510425d04333c10514571674f68e44,0a3797db11b156022463a527083bb4df294c1c42efdb4726e5c8029824ad5e75,e2f492bf3d7fb57d212382c680a13ca48d1390b9873003051b84fa49e9585a4b,665cb2c87c11cd0ea536d6d3225b56492f4d863346db21d15f8c2cc2a6730624
xcheck-r6-heldout-b5-rho0.7,r6-heldout-b5-rho0.7,alw_nbh_k3_n128_d14,ccf2738f7fdcf574a7d57a990848dcb4b6745b26588603b6154e0ff2e55b1714,0fe70989dd9dd3057e5af2bff7e76fa4791b8896420eee1887307060fdc1f97e,12e44799e5693e5abe9479a7e77d5acb99011aa0b6c2b8cc8d6275eca116225b,9653cb47121a249b8693c37dc981dfa3588f0b79b2dc3af734b109ba4a3c7822,fe542d6e3c2bc90708ebb032111be3fabdc854da1e8c726625a3d9c0d79bd3de
xcheck-r6-heldout-b5-rho0.7,r6-heldout-b5-rho0.7,alw_nbh_k3_n256_d16,1c97e1c64270da00291f0611b030f0f9d19b7b53feeae3ed63eebd0b9e6fb820,894927eb19d1ae83917563b23de34817ded95a40131ef68d217014193793a878,56606f98b2f079193893792ea63b275c074f7cc1f91332bfbfec4241f61ab081,f7dc01c8069262772db9d38f183a2c267a2ae2631e5c1104a00295df478f2236,5d8f36b8e1ba3e457e0e23063189f9c11872fed4ea529a1d2e1a82f617a7bedf
xcheck-r6-heldout-b5-rho0.7,r6-heldout-b5-rho0.7,alw_nbh_k4_n256_d16,4af0a2060e797dbd9e1aba20b7c856f1bd1b42501fa8ca552cbdd878d0cc165b,6b78ace0ee33aa1d0c381dbce5221092fc26fd154c7c63782fd57b142c4421df,7e3bde52c6532a8d402bf3e961f364f315d70333c0e978336f387b767a0cc212,7736a1eaea732729081b6642801e412619865958a19174f452a452eeb965abb2,a3881c52c476102c238983e6fcc18757bf0cc42070b169abc50e61ad48ebe007
xcheck-r6-heldout-b5-rho0.7,r6-heldout-b5-rho0.7,alw_rung_d16,ca384cff0273a3e56783361ff0b91ebd7b643c7116ad102c0cc79842917ae793,5f176c887fdc74d9fa1e2d0d8994a979a6fed879e56cdb451c6b50a765f9a890,e44445ed6ab5de82c611101a17c286e6cc321104352aad7f2169762b4e4e5dd9,5c446313f15d0f799c4e530666a670c4ddc4a8f40bf677973b3bfce39af12ee3,2ef31c5ca68638514392fcdbc66c27c7ccbd5054d87439584a198c41316a7c0d
xcheck-r6-heldout-b5-rho0.7,r6-heldout-b5-rho0.7,alw_win_w05_n008_d08,20e7df64e1906548bb01d4ed7bd98bc7b976a1794641426bf04f1c8a2bee07b4,139e1d363a43031cc53a72e7863d482c2b8b9b9820cce4e1746e8eb995d2f767,5900485c18d98f124a0ae358c506613399a80d24a4821b02c886edd8fe0a1e8d,57872904199865fcf486806fa6e32256d7c8daa7aabe7c1c2364b19920c9dcc9,5bb81a2e09e39cce775ef7bdd216943adbdb3601715ff2b7f5c30dc14b89b6bf
xcheck-r6-heldout-b5-rho0.7,r6-heldout-b5-rho0.7,alw_win_w05_n016_d08,83bcb0cf6100020568587e8107e43ab8daa74ff6f1bd8338a8cbcfac6dbb5834,da7316eea29e8354582197429ade38cee1d3d144920c16eb463ee8b64b829c6a,804c1e7e15cf024697d373e6edf2199b1b480cf5bf9b31d9cf8796f0db9bdb97,a61a1cfdc9674b845476876b83fde40eb052e3964e8e48659593d1c56c2327cf,5d67d63e565f05f0432958e073df79904ee0e1336b3cbe6e4d984b1ebe7b3f63
xcheck-r6-heldout-b5-rho0.7,r6-heldout-b5-rho0.7,alw_win_w05_n032_d08,005c72eda61b6ddbb29e431e136b44b46efa059b39881e7c0877066147f997f3,3f679ea6b8d169df614f128be26fff3790a04f2a2c10f6478045e2b5d210a6e8,4c481493a374a8386f5e509462b8348a700d9dfe1c90ca1fdc2256a8be5d63db,06b9a182a023bf9a9eff2309db19cc84ea710fd36253d4416dd5d0464cde747c,84b767150dc4433d8d4edc46712f4e8d7e06428ee924f8b11d31973b242512c3
xcheck-r6-heldout-b5-rho0.7,r6-heldout-b5-rho0.7,alw_win_w05_n064_d12,810fc317b88597085c4950db74b0bed68766b78a31aa9ceedf48a0fbc8d87ee5,7466d09059a3c9b9d4548481e0b35e08aa5fa8307fd86432a0f80e4e61c93550,295ce1661cdf236fe49dd73090255e9dc9ae1b79d8baa7ac5dab4fb0efe421ae,ec1109e41263da62373a271e87acd39ff80590146b712b145ebb3cb7f6395ed8,35b26a996ee8aaa390f33393a946abe5f82606440d13a2633ee1e0a1eb5d8049
xcheck-r6-heldout-b5-rho0.7,r6-heldout-b5-rho0.7,alw_win_w10_n064_d12,0c633020bf485132551acb13f95e5c27faea102638dea91e7300d685d21ba84d,38ae98d4ce6e53b438c7353075b4c99bcc37bc21dc587b1bd422fd93ee657b49,12a667c2cb6b3a4207b91eb58c243b2ecc69b0364e0cc4b80bf7a0c73f081e63,f313a23f85f97302443fbfa00e3fb72794d255e707e7e34a5c6694e2b6ca8430,b05930e9952a8304c61d5040e6b67148ee96757363aebef9ca2139f5fb61a050
xcheck-r6-heldout-b5-rho0.7,r6-heldout-b5-rho0.7,alw_win_w10_n128_d12,65fd29cef7ab1f1e6641816570926ddfed2a4eaad7888e8c6ba6ca159c84411a,d52acfca65136f564a3ea37b7cee850969821f7b5795b0c44d6f9da2f240bea9,5f1e895fc9c400c3c241dc0395f99cf7f2f27193a5f3b58cebdd136a30194afb,d33bed4a93a32089359d803ba50fc9ea026a04d38918d6df33744338aa1c6627,377937d31675ebb99a45bee8809e1d66eb080e0696ea8a541e5f4e3c87b2cbd7
xcheck-r6-heldout-b5-rho0.7,r6-heldout-b5-rho0.7,alw_win_w20_n128_d16,7322022c8659dd5e0264197ad7d2be01a99a275ef3b807cb7c72d7d565cf25b9,85f5d425a26a75534f3b82364061f4b1982ba846a3485c34f9b777bc868f5098,0fd3be4684487b42133858a327e969c9f78cd4a2fdc1baa16288d798a47f0b61,48b88cff411e8508a143ecc1473de440c0bfb50c1f36030827e6012cbd156825,5ee7c3eceb9e6a79065fb6a734feea56de227f9b85f1a92454a2ae713758b0c1
xcheck-r6-heldout-b5-rho0.7,r6-heldout-b5-rho0.7,alw_win_w20_n256_d18,8adfa046ea28d1880a6a445c57a47caf60cc5a65ff8245519b66b6aa1406cbbc,941d91c92bde5922502efe965c87cf8682033b1e707242e3e6b10564adbace8e,0721cd3db854088231fb7c1737d00941a4fd0aab81ccf5328244571f61ff3542,23321881960f3be723f7abf705e768cf4ae1d815ffcd461cb9e38649caecd618,f96e80bd6cde89faef77198792266fabd307fefaf52b414d7c949e19a7721d5a
xcheck-r6-heldout-b5-rho0.7,r6-heldout-b5-rho0.7,alw_win_w40_n256_d16,cf09c26a848e142de10da6a298d14a61214d9947805a19ae79dd88eab71b9470,54686f4654286f1eccf0a3f5796f63fbcc0fafa5e8f82dbe0266c9fdbc02be95,317153038a6933fbe094e1b332a28502da135dd65f7e86caae7884a7b40222ba,0ad13b6904a15ebf4bf64e35deae4db3d4e387b0ec09ecafaa37be67e3ffd87e,eb180c0a95748063fc2e1bd2aa35d3fb8452cf55c6ede8d19a0558fe513d5ce6
xcheck-r6-heldout-b5-rho0.7,r6-heldout-b5-rho0.7,alw_win_w80_n512_d16,1f3485cf6fbf4c198d95c152dd1fc3fb7cff6e664960a6e2defa467b1efe9751,c3a0405c88497a39a01d6bfbaab06ec4cbee4ec2f26daa51707e2aaf61df7e83,3853eb2fe290503ce4c4c97b4d86daaf4e3d4de9944e620fc4b86533c158ccb9,4a7d05bca0eedd753cbc443c777ae85eca2b718d36d48b9154eab893848bc3a8,20038274bc6dfd8b8c12d8bc68c7fc8ee38fd1fdcb67e157592f4b8ea569d642
xcheck-r6-heldout-b5-rho0.7,r6-heldout-b5-rho0.7,never_escalate,ef9145f81632c10bd93d0253636ad6ab70fa0d3a0b5b7990729303d4ac3a32d5,3fa18edd31bd14a7e87b6a966a0d62084e8c31921c6cbea4e2e360eb3c210b54,8985c1b0c82dc9534d510a8cb0aa9c8ebc030169044eb3b8e89514fc9ca0c70b,29e19d5bc81ae8b227e17140eb4174fcd118ca8b031128e82f884e51364557bb,b3a4650909a201a8f7d38ba92b9ef5ce6434908284d13717c0d563c0d79720eb
xcheck-r6-heldout-b5-rho0.7,r6-heldout-b5-rho0.7,oracle_escalation_privileged,e704f989d8e22eb72b4c40b7a0c17f4983696928e7445456546cfa75dec10bb6,f07589c411ee12ccec4665915c38546961927083005f5985287218ae7c2f533a,c763efc5b03445918571c2178f7434fccee095882ebb31cd48b56e90b02506ee,54dcf77248c573c9b1ab16812b7f1d4aed768f1be91dfd910df62744f7e56672,b848806b47327bf0312d19b77ee920b976d24b5e70df30f4cbecc0f65b2ba7a3
xcheck-r6-heldout-b5-rho0.7,r6-heldout-b5-rho0.7,oracle_selection_context_d16_privileged,7bf13b5b998af8ac5b134a5e9544509133672212bc40aee1c7477addd9dec661,a128a0b20a145c9c3be2706a6e3ab146be0a6e287638f5185b78a9c71075db17,47161dac6745cdb4cb3a0428dc34289f0d7b5d6cf681737cef16b326bb1c52cc,3981bf7013225b6c35c4c0b15713245a0ccb33f703fb76e111db474385f2cf5b,afbdfc8e062370ce7e13034b0f79b7de7d23050abac6fa08bd3e311129d5fc62
xcheck-r6-heldout-b5-rho0.7,r6-heldout-b5-rho0.7,sel_coc_d00250_n064_privileged,4d45328e0a574d0ee16d3f3b478763531eec781bf4d2361389ae3d0e60a714fd,6a03a24fbc0f5c713216b3ddd827133791115deba800a08dae90364fb710b6f0,8ac6c95b48f3b7c293d3c150b0cbf210364c6e7a5c22326fdbe70a610a693571,1439135e1b746ad20797eda9111b61ca55328f053ffecf53c36c9554c85092ac,d8c820ec7c7f5d7e14eeea429a524362a1c1ce7fbcd7c6a79c7380496cf7a867
xcheck-r6-heldout-b5-rho0.7,r6-heldout-b5-rho0.7,sel_coc_d00250_n128_privileged,eafe2b83403976e636b445ea9c948c7c85c0d55ed7acdb2a37a144daa0ec3d0d,e8dc570af43d833c9a436c3d0fda2624f16d94ad219376faaa12d19b64b7eb3d,892d603d664fab3051c4bd74219e7b83d4acc98622b4bfb776b744e494642e89,0b2131ddd68b42dafd79a95d985d939d0b7920c5972541a5617402ac07baf2e5,19197bb46b10e29a1786e58e598cfb2fb90d06df7f85a71735b19c4c7037939d
xcheck-r6-heldout-b5-rho0.7,r6-heldout-b5-rho0.7,sel_coc_d00250_n256_privileged,62ae58593303b64462d7386f157f0db2f907d6862ea0fae125aae9c4bc279e6e,eb3d6d6c134fffdf169a6281bf1ba4324791573a6b5274fef3cd90bbb07f3f0b,5d7f8e52f80831ec4772131e44a9bfeae3cd533f58b1f346d52110e49feeef57,b0f06a8374fcb7c37f08524658f074ba823497a0375b28145560dc34597c2e7f,adad4b83469f8a152608ed4e470eb28b442d923d0e834f69697f59850227e48d
xcheck-r6-heldout-b5-rho0.7,r6-heldout-b5-rho0.7,sel_coc_d00500_n256_privileged,98dcad15f7150e57f1453d8a4b0a5d5da18c5e5c7f9fddcd00aa0147cb513c46,38557b47c1a7b6066274bffd16656cd071f91417e9d5414843f397cb40d86490,75a014f3f909b0de5d2b645f353a6272060752baedc244b2fd4d0f1452df0cd0,ac662af3cdc7427059c87da852a187af523291777c5d660985c0051b09246cf3,8113a8db44d5971c869ea5231c52aa5cf3dff7bc9ab68b7d179170908a43c16b
xcheck-r6-heldout-b5-rho0.7,r6-heldout-b5-rho0.7,sel_coc_d01000_n128_privileged,bfe09ad14bfb524009ace7b2d17b152d2bd16ae92efc8728e927a298c580c8e8,71f78842e3b0185aa1ba75b6a18b107ed272eabc69083d1d1aeeb86683082353,2f7206f4d91b1e9fb50c0bf1ed85138c5ad5d018d492c2726b67fa0d3f815718,83e3576cabd4bccdd28307c95e780fb40439b2d14197df6d6e05aa8d072de989,7876dc2a599fa9ba2cb3db26207360d75741abdccac7e3b0d3d2d9210e13dde4
xcheck-r6-heldout-b5-rho0.7,r6-heldout-b5-rho0.7,sel_coc_d01000_n256_privileged,bdd3d79e265a8d06029d538d05d143c3bb456c9190c282ce2a1d5e4d353c4f6c,5eababbaef093ccf8f8e9efab860cb637b178d4a699b2abf10959c2ed0e730e6,f12c1070181f3a0bd852c002eadfd45340cf38797abcf5e71f4cd6e85b639e38,2ef2404bc60218346187ee3ad5a8f94c2484027b7d85c104575be15471574bfb,4c5461b6fb8847e68236efb8146e855701f99521e81669a29465bed1f34c50a5
xcheck-r6-heldout-b5-rho0.7,r6-heldout-b5-rho0.7,sel_coc_d02000_n128_privileged,b5fa48fde7e549ce4dcacd1f59f619fb016d2ef19bfb2a42f6bf5a3cfe6cb8f5,1e6fd68664ff453902aafe56491029202c74bf9242045f94e5c339b705b7478f,02b617fdb3bcf6237c41a09c4c41e86e71fd25f28bdb49416ca83f8f2bb2886e,e43e2a86ff77e801a640e84a107e1686f607af285a3337a89d24c8da35ddfe26,e5ddf956590e1f65befe0b00f2504ece379a25ff459dd1e34e32fb3149adebb1
xcheck-r6-heldout-b5-rho0.7,r6-heldout-b5-rho0.7,sel_coc_d02000_n256_privileged,025929f5d4780206ab53b55155aba4d9cc63ef9c1000f38284cf4a59b7af675b,a309349ceb78b3401a03a33003a6f545db165e4024a27675ac4d3ecb2f14666a,79028f7456335d0fb15d0c5c65501017d508eecfd994224ac5951ee5334e26aa,01ea989d71d201d3d24374375f46d31551b3b839e617d945bc3f7bd9db2b7239,f54b5f6911cba8e1dd1165c87d7f39c30a98477f8466fdd2bf2f7ea0e824011c
xcheck-r6-heldout-b5-rho0.7,r6-heldout-b5-rho0.7,sel_coc_d04000_n256_privileged,5fc83b4ce04fb871f55579f9d53b55f383ac64ed14753542c135daadeeef292b,6b9f007c9e44678aacc8baf65cf8dee53e5ec6682d4b75e8dcc3ccb0a2237f9f,03546da89c19310300f6a8f87fbc92e0eea67f48e5d8bc1536c913f4e8f7d229,be58940d693f03facbfd58055adf0515f639cc956ae85bf7bf96190658558064,ac88a40514eed2d8c49b93672186c2a79e4a931f419e394a5e864f3a8c2e15ed
xcheck-r6-heldout-b5-rho0.7,r6-heldout-b5-rho0.7,sel_coc_d08000_n256_privileged,63b40680583d76c8b9433f204980da4a11e6e4ddedee97abe9bf0a3d931a9224,35a4d73d654e0f114d9992bf58712f4d3411e85c05b19a4ae67e6aa6f09e11d5,4224f7bfab7fd84047011aff77bfbe54cf8a4711c5157ca383cd1263c5c11e89,5e803ae152f7fb28e33b7ca6d0f0a40d2b5a82423382a6532d55e7c3be43c8c7,2bf8e0dd01d526cef17ebef100f46871b56ec719bc1a27672052e124e065592e
xcheck-r6-heldout-b5-rho0.7,r6-heldout-b5-rho0.7,sel_coc_d16000_n256_privileged,4f7e91f5ddfcaef6a8bd3f93e8665f2a24187b961aea80d26bc15866b7c99bed,b2259ea8ee8e52c8d1e91fdab851686ae48ff14abca833920c3df5de4d68d94c,a51f27a453b97dd6b38d2d55e1d0d0ac6c9a3585791de057437548b2de3db21b,1e99239c8a63ee33b179a0bc99caf29b730497fdb20faa18802f0fe855143573,94aaae2793484a92f8ea19d397c46f7b1f6008a65ae7c0a7754cdd328e8185d2
xcheck-r6-heldout-b5-rho0.7,r6-heldout-b5-rho0.7,sel_nbh_k0_n064_privileged,29d5889aac2e508445a52c736c15ceab78d170e98519a274cecca094dd91c979,2272aaf7e45f49062de0f53ddc8b18258fc084831b0f5aa5eaf29290927f9893,be2a24aad25d00df18560a937e591c4c333787a21606adba430a335c147ba837,e69fe9d2e3966fcf51b232be055b5a345779fa37ab8afb78272c1fd6f89d6279,462993a7367dd505ab842689a0e52fe397b937d7e64cb9f52c2f8d8610353e67
xcheck-r6-heldout-b5-rho0.7,r6-heldout-b5-rho0.7,sel_nbh_k1_n128_privileged,c0e8032dc43578458d13f9020a52551438f432e52e01c54e99664ca813ce057e,e9d968443e216821f3a94af279684e63e96ca6ad54404ba771685689aae7b2a6,48876184998ce0831a5e0fec439f40b86c3982aa15a8c0a51f5ae5dc781ec021,68e20694fb435f2cbe453b91be83ec1f7eb1abe44f067b8110a72fb45be311d6,3811683db96bc3c088bb1372dee427378a67518d5b97994206446322335642b6
xcheck-r6-heldout-b5-rho0.7,r6-heldout-b5-rho0.7,sel_nbh_k1_n256_privileged,951e88ae04bc6e1ac4b0347c98fde60c4666cb9193aa4693a5378193d7e6d84f,feb0e57b969a144e19e06dfe1458bc030759beb5b2423338b68e69ac569a6928,f8222bf0a993fb1d1cfebcae7f5d4a7035250dac6871c021705f34623b5ce44f,87f11d684d8760714de8ed95a6137d8c28ea980d9300becd3956b1576d0f07ab,9ca1af3b1c00628c83a2f867eb8b9ffed8c2e502d9fa6d612b8110d0d90d6c27
xcheck-r6-heldout-b5-rho0.7,r6-heldout-b5-rho0.7,sel_nbh_k2_n256_privileged,cf3faa40e1153d83662d072695c2494fa5d472d1cea093dc6b5cb0539e9a0c5f,efa954a8cef859737d7faefa32ea78d7e075525be4f290cf4cc7bc9a6842b419,5bcfbaf10927dd0299b116c83a1bedaf2432c450c71d34d3bb7a1087d6a14c23,d1fb6805070ee392131309c707493f164a92871a8f3fe80b17e5907aa2d5d56e,b378cbbfa73a17438a81919f5f192ba8c115d74cfcddbe3750d179a80ee5cacb
xcheck-r6-heldout-b5-rho0.7,r6-heldout-b5-rho0.7,sel_nbh_k3_n128_privileged,764972e240eadaedd87609c71085b341592bb4e781c8424b43cbc1b0f54908e3,98445db49893e7df24ca7b178cf5465e8e61412989cc47de0ef45bc6d5244b27,9dbc757b0b7db5a98ca413ad18d854a935d298b1c4a338dfc61b618827eeade7,52b5cbd29596e6e91a18494fd23563b1514b6765e409e6ea80cf53c2fad3c72e,6d1f646a6fc8da3e91cea68ce1aa7377150c2c705b3e367c1186c59dfa07dfac
xcheck-r6-heldout-b5-rho0.7,r6-heldout-b5-rho0.7,sel_nbh_k3_n256_privileged,ccacfe3b2f3bafad14b7f73648c9dee1e082cd4c55f2da9d6486779c6afa96f2,e02964d615ed85e987f6108ea8a19b036bdafb61698daa46c8f2ff5680306be8,67ff1a28507c8b88c5492f45bf681325e79d585b8c92473b7f7384f432a389ca,cf0e0a948494f34fb92bb756e9041dbc8f08461922e51e1572b1f8de3f4a7c09,a958b8e72e7883c9a361c9e23fd99001ed4b138a9c3cb08f3b247471bf87bf98
xcheck-r6-heldout-b5-rho0.7,r6-heldout-b5-rho0.7,sel_nbh_k4_n256_privileged,43c6dcbcb6d016d74cae44bd8a09d243eb0f1135c7744d75df5fa0fb3097d292,a19c27f6ee92915deb217e90d71485082881e32b4cf410eea909b8448cc5d92f,bf861236769785015b39335a0d3baedcdac4618b7afe1b27a6ca005669739b6b,344184c1f8c700a1c2406e11c757b48b0327592a6e5f4bccdc30b2d22b92842a,e322a85a5155d1e5c2b1ea9cb50986ccca01a0e2c230f9c7e8121ef299ab9f88
xcheck-r6-heldout-b5-rho0.7,r6-heldout-b5-rho0.7,sel_rung_privileged,53f1b32f1b31a2b6727a057a0b03d18fa80de9943278630dae3d99056eaa4006,c6811d2db177be1de566cd97bb6083f7f27dd84bd87b377c4e46af0408beb6df,2299a715a795cb563137045dd14666e45b571442b05afa8f81b7abe4c56bf315,46e9740c3a651153bd1f2deeec6bc040a6a3e813bb6a6aa600a2c405765be7b7,45b5cfb64a8f6ff328e7a3bfc59e1d8a228f91cd526a45b907afb53657505df9
xcheck-r6-heldout-b5-rho0.7,r6-heldout-b5-rho0.7,sel_win_w05_n008_privileged,5a22038c7083f959eeef97b28051e164d923573ac197dd4014008b597bda4a2d,d3eed92d8f5368f40519c1585e3934da05ecf08c87b8193c20461268039aa922,d6bc588e3905836f55423d301b5a355b84704133cc489e12600b9b888d5e85a3,4aac8ae30afaab534605f318b620510a3e2f8644408fad994566f0d1e2a45036,7170a9fca437a8f146956cd78731e43ea0a049777e475bad65091047b462629c
xcheck-r6-heldout-b5-rho0.7,r6-heldout-b5-rho0.7,sel_win_w05_n016_privileged,096f421b72514999bfe06a53b1d7339c3ed3dbca718c3d9ec8b9764a95a34bc9,78315b1f26866e10788184cc7b8a9a34fb7543b1346d5a4304aca7f986a50e43,5eacd48210fcac88591845143260c29e06b722e525c543c1a895d2a590367fa5,b9c795228055d32a11a7d19ab1469bd741cc461a0b1fcf7f645603499923a5d3,a6a91cccd0f94ccdb2d0f85aa7167b6e7b51fb87c708ee809ce3aee36f064b60
xcheck-r6-heldout-b5-rho0.7,r6-heldout-b5-rho0.7,sel_win_w05_n032_privileged,a50dc50a6c22d9fabc3dcc59d8690e5f9d73c265742204ff054afa63e4cb8c15,965e1f4f432a2a2ce5b6eaa032094f2eb54059a2a0662e769ec240c99d2d8850,3efec1e2486b4a648ddac2ff30959781822476b48e6db9107d044fda40569594,5715017294dbc29dae0d810c8dadf3491d76f21ab9a8f17ac89d09d6de8ff433,78f4f1e0444caa1826eda1a473ce6a7495bbea0aff67eb17e52dde8198457716
xcheck-r6-heldout-b5-rho0.7,r6-heldout-b5-rho0.7,sel_win_w05_n064_privileged,c82c3c3901019590a8521c1082ae30a88a14389eb39eaf50553a8106a0f8edc8,e414aefe7f1ee669b2bc36cb465c12991096390b9180a242861ca0a5916bc4bb,bccd5752b4baa23fc775d23138d3401bc9534856393cbf5061e065f1ea2e4188,4e145f260a85eb177fb2d65f2ca740e38b155f607defac202dc3ebb4fbb3b4c7,6ba5b815e3c7755610335f5cb9bee62b7ddd2ea3725e69d5d56fb4d923b64f6e
xcheck-r6-heldout-b5-rho0.7,r6-heldout-b5-rho0.7,sel_win_w10_n064_privileged,fac392add0d49b79ae34b7b7b1502989240008e08edf02c6318820fdac38913d,bbba3b5c6340a905db227a4f9cbc70b800fa7ddf5b87d94a9dc7ce3526877c62,e9ccd04637a28ca5c313556b286c18896ece3bd3bca6735916d88ed6522373fe,c1a29732004ac34ee93057248780f4aab4597e36f2ace48461d78ae390d66e20,3f502c9a64c9e53bde6fb7d81ac0396cdfe27546965d2feda3d5bd865c634acd
xcheck-r6-heldout-b5-rho0.7,r6-heldout-b5-rho0.7,sel_win_w10_n128_privileged,5d844089436758e22d7963b01658a9976bc6d0e08ff344b047a924146f7e1516,c28291d89e2ce0fc081ce38b9b4c6f44406193e31c37eaef2780865fa03c7299,909ac4193f5266ab9975b1603ecb74105bd0a7a6b0e27cc0063ad481c0920234,520c12504db5eefda9c924975049f1a61920ac34ba028b2ceb5c7e8dfa58d08f,977d2296dc559cb82af97bb79f1bb7f12ae1e8faa230cf015c7122b771b14a05
xcheck-r6-heldout-b5-rho0.7,r6-heldout-b5-rho0.7,sel_win_w20_n128_privileged,fb5e21ad832a80a57f3fad2bb6a19a84c221befe8583e19a38ebc79b2fb45930,c59f9280f5dc8180ebe0f58bf2407aa520b19a8849f976bf1e6331e17c0b0ec6,6406a9b57919fe4b80d9d6f48b651c87af5aaad5a8b85e244722221d7e21beea,b7e78dbf16dc3fa9928e43fdacc9770cff1dad3d1d36d3445445c3b37733d4fb,662c98f8f6b492c4acae7b84161855f03175bf2e37dc679ae17152bfe968de7b
xcheck-r6-heldout-b5-rho0.7,r6-heldout-b5-rho0.7,sel_win_w20_n256_privileged,037246c13722cfbfd7151d1fece1713c2c03d47caab22aaa0498d00ce8df93ee,c0450b30fed05a564d692bc6429fafcd19f5f4a0f2643a298ca875796ddf33d0,6ae19a25e07b0875e7e4b99cbf8bbd92551db0dbb188761d2c9ee4c210ec12ff,f9599e55ae8293cb66ba54343596ba7dad3fdb51f879e9a6e41110f413d1301e,19dc77cf4aa421146bf714e78b71ebb3cf37c3114d5665cee93475babbf5b513
xcheck-r6-heldout-b5-rho0.7,r6-heldout-b5-rho0.7,sel_win_w40_n256_privileged,ac57de1faf2694fa1650e78ab60b70ecd0783d056db3ddb0b23fc23ef494f327,15eb8ac03ae2ce88349eb0292405c5f3cffa9ef0ff21776806671892f14f3f53,937a75bd8d77fcd365deffeac3dbe4c57a30f7f4cfb1f28ae78c73d43429f57e,f6fa36b438be9b0d1555fae40a191e19c46a7ed817f4a0ad7adcda2cf1688f39,e52c8852c62dd7412ca1d2c1bed53dd6e4fe050d72f88d69d34bc819e084128a
xcheck-r6-heldout-b5-rho0.7,r6-heldout-b5-rho0.7,sel_win_w80_n512_privileged,0fe91ed2501793d0cabfb53bdd4a70bc50ad5d1aec5fbf268400ba97039757d1,5a072f9c34944a98e41a3a8fe5b98dbc9f91f7006e85b0a158599ceaeddbb234,4060a5cfd2b42fb24c6580512a44103e2861469813496bc2630dccac8f1c9acf,b734798182a629569aa51e1fa5aab2ff31431e42404a1db93b22cd1c49ce93ce,d8959019d3e05c28bb97559553563f1bcfb4eb336f9ec4282eb29a8b97bc4f95
xcheck2-r6-heldout-b5-rho0.7,r6-heldout-b5-rho0.7,ablation_hidden_rules,ad47ed8049f1e70d1ee80c688854334cc8ffe1cd6aaf1fd647fc08f53e2f9653,8018e50126a37e657d482db184a8cf8c56e6ec6bff5b38c1e1a2d85a015ced7b,eb72ef6477813f84589755dcc1687d3177f1da35b607feabf599daf9773827ec,d95e35705c4867d5f704c27a7822afdf471380b83fe488e43dcb104a0dd38a76,cb222fe7ad71446292c4ba10dbb8caf5335685bc1b038982c97ffa4f03fd297b
xcheck2-r6-heldout-b5-rho0.7,r6-heldout-b5-rho0.7,alw_coc_d00250_n064_d16,d413cfbc23e7b57a10ffb33de5752bb5f55ef066036173f20b6a640a244877dc,823c1cd84aa34a863b6f180d6f755776e90be18c6abc3671d18642d001019715,a6db462f60351ad4570f5bda4284304e21d33fb5b2f6145a04500eb03b1e0055,ca2324fa8b10e08f5e1e6b46117378de310b96b54766ecc10e38858524879c3f,f6101c973c2f4eabe075a28770db18f45911b3c32bc4e37a493551922a7e63f7
xcheck2-r6-heldout-b5-rho0.7,r6-heldout-b5-rho0.7,alw_coc_d00250_n128_d14,d27a6b01afbb11c8f8ca40ab89e4c35d94330de7aff663881a2b2969482f245c,f38c6c780b90070c9053870f732ef8eb610901fc511b29f997726802d40d6c8f,b3ca22132b4b0e38c9cfe086dd63f663d20ca4b0153b2117f252cc0d5d07be19,79dee17469d7e4470b0c3e753ad3ace9326be05886241abae3b935ba38588a87,e78a1c79e26f5c012558076a18ea49273bbceeb7487c3445063ed87a1d121eff
xcheck2-r6-heldout-b5-rho0.7,r6-heldout-b5-rho0.7,alw_coc_d00250_n256_d14,e2826042f978113d1404ba754c66c0b495cb4546b2d928011d15b5adab44600d,2870a10664363f01813499152260f963c6fb3c6cfe6cb161a46b80d6635f880e,a27597873cf82d11f188157045541451ef0b594654cb72e1f37f8e26d72d5ac2,ab46d72758f37bd3073726d039e53eb44f92ca1b320447808d22c3e17a5feab2,d5314f4f57f12c9b9f8b77763ad28d3b17d6efd15fb95cebade5618d48d06495
xcheck2-r6-heldout-b5-rho0.7,r6-heldout-b5-rho0.7,alw_coc_d00500_n256_d18,84de6b09ac48041c90c80cfcb8a56312d30cd175a6d82e08fa59c0dc4a2a0968,0a9d01000ed33015a0a0a8a5c46d0b63db5f629232b7f3e83ac1b93e41cee675,999a97a670790faeed6dd8ab9c1c1ae481a94bc0411e464f1191e00fba5fee51,d7bd3003e7b4e2a1b967944a7a9d3a911fd212278d748f8bc84708fa1c2fada7,b2b918b294f5f2979528b39f163ca5882bce19b5425e00e68687d6f61a814ed9
xcheck2-r6-heldout-b5-rho0.7,r6-heldout-b5-rho0.7,alw_coc_d01000_n128_d16,65f1f1886d5611b7ad626ed29e5def046646383109b21f8c020316208a9c1d22,6b2e7df395bf138f8bcff4386277d54abcc28d31f87d7ea7b6967dbe2aea1af6,81e558ae898b92068e385d75b44f811ffa1010a69825086b530c03d83823a92d,430041d5d27ae7097f8a076426ee112f6c01a53d734c0dd6a4e9a0dcc702e88e,d8acbd896404444c69fa9e89f9649dbfe9123a96bb3d155c9c6cf815e0d611fe
xcheck2-r6-heldout-b5-rho0.7,r6-heldout-b5-rho0.7,alw_coc_d01000_n256_d16,ef6ed142ddbf2415d03b48ae7fb99e42bbb8f40284647aead30ba20e6fb8e8c1,736758b20a390152fc0bae1758dcac6bf515abb93d26cdd664160bcc61a401b1,d4aa3d7cf8c108ee6dd99f23ec7c3c87e641692c44e5b86f8f8707e59244a740,bc969a9c8e68726c0a2dca341946209a618cc0a2f56a14e9f752b875c5323ff7,e274c70ef2385decd402bf8be2c879020df846568e677a94603f26021d2a2065
xcheck2-r6-heldout-b5-rho0.7,r6-heldout-b5-rho0.7,alw_coc_d02000_n128_d16,0adab73bf8ff837aa029b5f20bddb36235f4e20ae397a7f8cc76eb6bfd5e29d9,f83de149726c672b302c797978c3f4a939d1d9650ba562cd1ef30b5db8b9a161,c23007686e9878c4a9111981d0b12b8a9ea366c29e284e39e5f3f1cc15696aa1,969106da7ff61ba3acf195b76af93c46cd8653f37c4c7d781685a253adb29394,ce740708fde189ce1bae2b2538c234e937138846e8a8b893c875f6b395ae2391
xcheck2-r6-heldout-b5-rho0.7,r6-heldout-b5-rho0.7,alw_coc_d02000_n256_d16,c61353f3344d1c3e00a585dcdea0a579f6ebcbbb9a98850032ec73192436d9c7,936f7e58ceb92f84137bc6ee7726c540528c038182e06edab9d16afae185b9bc,528b2078189250ef3ce6e05ddcbbfca42c44ea8b668a53c65b4205aaf8a8f484,23bd8efdd17fdba35eca000c790b0fc350db4b9762bf30b69ab4ee99222cfe18,9665b1ef9fb8324b1f650caacfb36388c7b46f02ceeb2007e6558b6290f127a5
xcheck2-r6-heldout-b5-rho0.7,r6-heldout-b5-rho0.7,alw_coc_d04000_n256_d16,11cbfafa9ebd40ed230d1606744cb3bffb34adb10aa968d3328c6635a6fdf055,405efd4ce0e12f118f1067c572df5fa3a3102aae99d74e371cf19e880b13a5a5,31189bfec9b189c19701ae201ce43b1f3cd83e54c7a8095c03aa9891cb4564e6,2bb1351da75006acdcaf4be21cefa8e6b455a54800f9317834893449cae7f4b8,2ae726035d121e96379e1737176d4524248087124176c8a99becbf27eb85c9e6
xcheck2-r6-heldout-b5-rho0.7,r6-heldout-b5-rho0.7,alw_coc_d08000_n256_d14,808fa2f9d209eabdcf09b5aee1bf8b3c77e489b73cb793b2f1d156e88a5903ea,e773b7677025cb0737b9a156609842592281818b3eac00dd43adbff6c8a7f821,dbc119977aed0bc393a630e8e3a1b0a3c7ab40958bed44bb425e40d65a56089a,38fa455a8301d6a227c321df036bf9f80cc490aefd17db934642638a22f1fcf9,3e650283bc4954efb18ec85755dfb259283e3786af9f434a75de3156ac82d054
xcheck2-r6-heldout-b5-rho0.7,r6-heldout-b5-rho0.7,alw_coc_d16000_n256_d14,6a9841e493fd574997713ace1f1ee789c6496594fba2c3882bca87e666f9d8c0,ddff331d38e95810e8a537c1534202f56cebb1eef697bbc0c4a5071f1711f7d4,b1d89974fc7942049bd4b259feaee66cb2e6ff26690a4a0373f642d21fffd0cd,ce9fbf581556f673bb83e9e27aa772c81f844e96e8b3a6b6b69ba3dab8a59e4f,6d5617df6888de57b5f48f720269c56fc3faf2ef9cee61c34cac5fc6a06504e7
xcheck2-r6-heldout-b5-rho0.7,r6-heldout-b5-rho0.7,alw_nbh_k0_n064_d20,acc08ffc219b3a2337c4ccb76bdaeba7b4fc6c65e701e61c10e799d04e78c1b7,f65902028552b4065d8d2802e5640fbc7f0f6ff179abf91a7106a59719253190,3e4924418ea2d2ec4b081bb12f798f4d09a89ce141a5e9999fb49f1256e328e8,56ec5c23ee4310722b3b469a0c7680b7e8245c5325c44b6700e45d8f27662cd8,dad4ce670bad1345b534ef92f2a7fd42d3f112083f708f1282e31806e96533ec
xcheck2-r6-heldout-b5-rho0.7,r6-heldout-b5-rho0.7,alw_nbh_k1_n128_d18,d5df19d06c57f0d342063c7ce521fbb003fbc8dd78ee874bbc1a153ebfb9b4d0,20cfce8b83d8613c9c8ca4c52efdb17e662e12f30e19489d4205c7fd68eb6ec1,9775d737178d7e6f9c2d2db2cd174b790e6d6c3b04a8da5c0ef81068ed3e4b88,17f2144994cb4a24d962332bc2d7874b42cd356798fb432afdb9874f6689a701,ac019e0dc033b4c3bb2e8ef411ad7ab76c6d643516be2de7a7ea35ce5f742806
xcheck2-r6-heldout-b5-rho0.7,r6-heldout-b5-rho0.7,alw_nbh_k1_n256_d18,e17da2f94329dc82cbf7f94c7652ed49aa1c5e640f6e580a320dbb9d5d072e05,166e535b17548de3ed3dace0bb32b73df102a39c1c9000752681a9b5ba3525ed,504e7cd5f82225ff0fd8ab8146e449f33bdef1985dd085dfe2cc286709dc3e62,d9dd13786638736ab3382330fb46006243f9845f1b18d7dbef1bc5b85096dc87,a8af0fa21e8cf89d997159be64bd365d64a21e61c2110a5b10294b22b0f7a521
xcheck2-r6-heldout-b5-rho0.7,r6-heldout-b5-rho0.7,alw_nbh_k2_n256_d16,1a69fc5f5290008e1b5e320839c82ef1a7814df3fdc60a872de8e3903375392f,bb15e70b1a72324b8e0477560718024684510425d04333c10514571674f68e44,0a3797db11b156022463a527083bb4df294c1c42efdb4726e5c8029824ad5e75,e2f492bf3d7fb57d212382c680a13ca48d1390b9873003051b84fa49e9585a4b,665cb2c87c11cd0ea536d6d3225b56492f4d863346db21d15f8c2cc2a6730624
xcheck2-r6-heldout-b5-rho0.7,r6-heldout-b5-rho0.7,alw_nbh_k3_n128_d14,ccf2738f7fdcf574a7d57a990848dcb4b6745b26588603b6154e0ff2e55b1714,0fe70989dd9dd3057e5af2bff7e76fa4791b8896420eee1887307060fdc1f97e,12e44799e5693e5abe9479a7e77d5acb99011aa0b6c2b8cc8d6275eca116225b,9653cb47121a249b8693c37dc981dfa3588f0b79b2dc3af734b109ba4a3c7822,fe542d6e3c2bc90708ebb032111be3fabdc854da1e8c726625a3d9c0d79bd3de
xcheck2-r6-heldout-b5-rho0.7,r6-heldout-b5-rho0.7,alw_nbh_k3_n256_d16,1c97e1c64270da00291f0611b030f0f9d19b7b53feeae3ed63eebd0b9e6fb820,894927eb19d1ae83917563b23de34817ded95a40131ef68d217014193793a878,56606f98b2f079193893792ea63b275c074f7cc1f91332bfbfec4241f61ab081,f7dc01c8069262772db9d38f183a2c267a2ae2631e5c1104a00295df478f2236,5d8f36b8e1ba3e457e0e23063189f9c11872fed4ea529a1d2e1a82f617a7bedf
xcheck2-r6-heldout-b5-rho0.7,r6-heldout-b5-rho0.7,alw_nbh_k4_n256_d16,4af0a2060e797dbd9e1aba20b7c856f1bd1b42501fa8ca552cbdd878d0cc165b,6b78ace0ee33aa1d0c381dbce5221092fc26fd154c7c63782fd57b142c4421df,7e3bde52c6532a8d402bf3e961f364f315d70333c0e978336f387b767a0cc212,7736a1eaea732729081b6642801e412619865958a19174f452a452eeb965abb2,a3881c52c476102c238983e6fcc18757bf0cc42070b169abc50e61ad48ebe007
xcheck2-r6-heldout-b5-rho0.7,r6-heldout-b5-rho0.7,alw_rung_d16,ca384cff0273a3e56783361ff0b91ebd7b643c7116ad102c0cc79842917ae793,5f176c887fdc74d9fa1e2d0d8994a979a6fed879e56cdb451c6b50a765f9a890,e44445ed6ab5de82c611101a17c286e6cc321104352aad7f2169762b4e4e5dd9,5c446313f15d0f799c4e530666a670c4ddc4a8f40bf677973b3bfce39af12ee3,2ef31c5ca68638514392fcdbc66c27c7ccbd5054d87439584a198c41316a7c0d
xcheck2-r6-heldout-b5-rho0.7,r6-heldout-b5-rho0.7,alw_win_w05_n008_d08,20e7df64e1906548bb01d4ed7bd98bc7b976a1794641426bf04f1c8a2bee07b4,139e1d363a43031cc53a72e7863d482c2b8b9b9820cce4e1746e8eb995d2f767,5900485c18d98f124a0ae358c506613399a80d24a4821b02c886edd8fe0a1e8d,57872904199865fcf486806fa6e32256d7c8daa7aabe7c1c2364b19920c9dcc9,5bb81a2e09e39cce775ef7bdd216943adbdb3601715ff2b7f5c30dc14b89b6bf
xcheck2-r6-heldout-b5-rho0.7,r6-heldout-b5-rho0.7,alw_win_w05_n016_d08,83bcb0cf6100020568587e8107e43ab8daa74ff6f1bd8338a8cbcfac6dbb5834,da7316eea29e8354582197429ade38cee1d3d144920c16eb463ee8b64b829c6a,804c1e7e15cf024697d373e6edf2199b1b480cf5bf9b31d9cf8796f0db9bdb97,a61a1cfdc9674b845476876b83fde40eb052e3964e8e48659593d1c56c2327cf,5d67d63e565f05f0432958e073df79904ee0e1336b3cbe6e4d984b1ebe7b3f63
xcheck2-r6-heldout-b5-rho0.7,r6-heldout-b5-rho0.7,alw_win_w05_n032_d08,005c72eda61b6ddbb29e431e136b44b46efa059b39881e7c0877066147f997f3,3f679ea6b8d169df614f128be26fff3790a04f2a2c10f6478045e2b5d210a6e8,4c481493a374a8386f5e509462b8348a700d9dfe1c90ca1fdc2256a8be5d63db,06b9a182a023bf9a9eff2309db19cc84ea710fd36253d4416dd5d0464cde747c,84b767150dc4433d8d4edc46712f4e8d7e06428ee924f8b11d31973b242512c3
xcheck2-r6-heldout-b5-rho0.7,r6-heldout-b5-rho0.7,alw_win_w05_n064_d12,810fc317b88597085c4950db74b0bed68766b78a31aa9ceedf48a0fbc8d87ee5,7466d09059a3c9b9d4548481e0b35e08aa5fa8307fd86432a0f80e4e61c93550,295ce1661cdf236fe49dd73090255e9dc9ae1b79d8baa7ac5dab4fb0efe421ae,ec1109e41263da62373a271e87acd39ff80590146b712b145ebb3cb7f6395ed8,35b26a996ee8aaa390f33393a946abe5f82606440d13a2633ee1e0a1eb5d8049
xcheck2-r6-heldout-b5-rho0.7,r6-heldout-b5-rho0.7,alw_win_w10_n064_d12,0c633020bf485132551acb13f95e5c27faea102638dea91e7300d685d21ba84d,38ae98d4ce6e53b438c7353075b4c99bcc37bc21dc587b1bd422fd93ee657b49,12a667c2cb6b3a4207b91eb58c243b2ecc69b0364e0cc4b80bf7a0c73f081e63,f313a23f85f97302443fbfa00e3fb72794d255e707e7e34a5c6694e2b6ca8430,b05930e9952a8304c61d5040e6b67148ee96757363aebef9ca2139f5fb61a050
xcheck2-r6-heldout-b5-rho0.7,r6-heldout-b5-rho0.7,alw_win_w10_n128_d12,65fd29cef7ab1f1e6641816570926ddfed2a4eaad7888e8c6ba6ca159c84411a,d52acfca65136f564a3ea37b7cee850969821f7b5795b0c44d6f9da2f240bea9,5f1e895fc9c400c3c241dc0395f99cf7f2f27193a5f3b58cebdd136a30194afb,d33bed4a93a32089359d803ba50fc9ea026a04d38918d6df33744338aa1c6627,377937d31675ebb99a45bee8809e1d66eb080e0696ea8a541e5f4e3c87b2cbd7
xcheck2-r6-heldout-b5-rho0.7,r6-heldout-b5-rho0.7,alw_win_w20_n128_d16,7322022c8659dd5e0264197ad7d2be01a99a275ef3b807cb7c72d7d565cf25b9,85f5d425a26a75534f3b82364061f4b1982ba846a3485c34f9b777bc868f5098,0fd3be4684487b42133858a327e969c9f78cd4a2fdc1baa16288d798a47f0b61,48b88cff411e8508a143ecc1473de440c0bfb50c1f36030827e6012cbd156825,5ee7c3eceb9e6a79065fb6a734feea56de227f9b85f1a92454a2ae713758b0c1
xcheck2-r6-heldout-b5-rho0.7,r6-heldout-b5-rho0.7,alw_win_w20_n256_d18,8adfa046ea28d1880a6a445c57a47caf60cc5a65ff8245519b66b6aa1406cbbc,941d91c92bde5922502efe965c87cf8682033b1e707242e3e6b10564adbace8e,0721cd3db854088231fb7c1737d00941a4fd0aab81ccf5328244571f61ff3542,23321881960f3be723f7abf705e768cf4ae1d815ffcd461cb9e38649caecd618,f96e80bd6cde89faef77198792266fabd307fefaf52b414d7c949e19a7721d5a
xcheck2-r6-heldout-b5-rho0.7,r6-heldout-b5-rho0.7,alw_win_w40_n256_d16,cf09c26a848e142de10da6a298d14a61214d9947805a19ae79dd88eab71b9470,54686f4654286f1eccf0a3f5796f63fbcc0fafa5e8f82dbe0266c9fdbc02be95,317153038a6933fbe094e1b332a28502da135dd65f7e86caae7884a7b40222ba,0ad13b6904a15ebf4bf64e35deae4db3d4e387b0ec09ecafaa37be67e3ffd87e,eb180c0a95748063fc2e1bd2aa35d3fb8452cf55c6ede8d19a0558fe513d5ce6
xcheck2-r6-heldout-b5-rho0.7,r6-heldout-b5-rho0.7,alw_win_w80_n512_d16,1f3485cf6fbf4c198d95c152dd1fc3fb7cff6e664960a6e2defa467b1efe9751,c3a0405c88497a39a01d6bfbaab06ec4cbee4ec2f26daa51707e2aaf61df7e83,3853eb2fe290503ce4c4c97b4d86daaf4e3d4de9944e620fc4b86533c158ccb9,4a7d05bca0eedd753cbc443c777ae85eca2b718d36d48b9154eab893848bc3a8,20038274bc6dfd8b8c12d8bc68c7fc8ee38fd1fdcb67e157592f4b8ea569d642
xcheck2-r6-heldout-b5-rho0.7,r6-heldout-b5-rho0.7,never_escalate,ef9145f81632c10bd93d0253636ad6ab70fa0d3a0b5b7990729303d4ac3a32d5,3fa18edd31bd14a7e87b6a966a0d62084e8c31921c6cbea4e2e360eb3c210b54,8985c1b0c82dc9534d510a8cb0aa9c8ebc030169044eb3b8e89514fc9ca0c70b,29e19d5bc81ae8b227e17140eb4174fcd118ca8b031128e82f884e51364557bb,b3a4650909a201a8f7d38ba92b9ef5ce6434908284d13717c0d563c0d79720eb
xcheck2-r6-heldout-b5-rho0.7,r6-heldout-b5-rho0.7,oracle_escalation_privileged,e704f989d8e22eb72b4c40b7a0c17f4983696928e7445456546cfa75dec10bb6,f07589c411ee12ccec4665915c38546961927083005f5985287218ae7c2f533a,c763efc5b03445918571c2178f7434fccee095882ebb31cd48b56e90b02506ee,54dcf77248c573c9b1ab16812b7f1d4aed768f1be91dfd910df62744f7e56672,b848806b47327bf0312d19b77ee920b976d24b5e70df30f4cbecc0f65b2ba7a3
xcheck2-r6-heldout-b5-rho0.7,r6-heldout-b5-rho0.7,oracle_selection_context_d16_privileged,7bf13b5b998af8ac5b134a5e9544509133672212bc40aee1c7477addd9dec661,a128a0b20a145c9c3be2706a6e3ab146be0a6e287638f5185b78a9c71075db17,47161dac6745cdb4cb3a0428dc34289f0d7b5d6cf681737cef16b326bb1c52cc,3981bf7013225b6c35c4c0b15713245a0ccb33f703fb76e111db474385f2cf5b,afbdfc8e062370ce7e13034b0f79b7de7d23050abac6fa08bd3e311129d5fc62
xcheck2-r6-heldout-b5-rho0.7,r6-heldout-b5-rho0.7,sel_coc_d00250_n064_privileged,4d45328e0a574d0ee16d3f3b478763531eec781bf4d2361389ae3d0e60a714fd,6a03a24fbc0f5c713216b3ddd827133791115deba800a08dae90364fb710b6f0,8ac6c95b48f3b7c293d3c150b0cbf210364c6e7a5c22326fdbe70a610a693571,1439135e1b746ad20797eda9111b61ca55328f053ffecf53c36c9554c85092ac,d8c820ec7c7f5d7e14eeea429a524362a1c1ce7fbcd7c6a79c7380496cf7a867
xcheck2-r6-heldout-b5-rho0.7,r6-heldout-b5-rho0.7,sel_coc_d00250_n128_privileged,eafe2b83403976e636b445ea9c948c7c85c0d55ed7acdb2a37a144daa0ec3d0d,e8dc570af43d833c9a436c3d0fda2624f16d94ad219376faaa12d19b64b7eb3d,892d603d664fab3051c4bd74219e7b83d4acc98622b4bfb776b744e494642e89,0b2131ddd68b42dafd79a95d985d939d0b7920c5972541a5617402ac07baf2e5,19197bb46b10e29a1786e58e598cfb2fb90d06df7f85a71735b19c4c7037939d
xcheck2-r6-heldout-b5-rho0.7,r6-heldout-b5-rho0.7,sel_coc_d00250_n256_privileged,62ae58593303b64462d7386f157f0db2f907d6862ea0fae125aae9c4bc279e6e,eb3d6d6c134fffdf169a6281bf1ba4324791573a6b5274fef3cd90bbb07f3f0b,5d7f8e52f80831ec4772131e44a9bfeae3cd533f58b1f346d52110e49feeef57,b0f06a8374fcb7c37f08524658f074ba823497a0375b28145560dc34597c2e7f,adad4b83469f8a152608ed4e470eb28b442d923d0e834f69697f59850227e48d
xcheck2-r6-heldout-b5-rho0.7,r6-heldout-b5-rho0.7,sel_coc_d00500_n256_privileged,98dcad15f7150e57f1453d8a4b0a5d5da18c5e5c7f9fddcd00aa0147cb513c46,38557b47c1a7b6066274bffd16656cd071f91417e9d5414843f397cb40d86490,75a014f3f909b0de5d2b645f353a6272060752baedc244b2fd4d0f1452df0cd0,ac662af3cdc7427059c87da852a187af523291777c5d660985c0051b09246cf3,8113a8db44d5971c869ea5231c52aa5cf3dff7bc9ab68b7d179170908a43c16b
xcheck2-r6-heldout-b5-rho0.7,r6-heldout-b5-rho0.7,sel_coc_d01000_n128_privileged,bfe09ad14bfb524009ace7b2d17b152d2bd16ae92efc8728e927a298c580c8e8,71f78842e3b0185aa1ba75b6a18b107ed272eabc69083d1d1aeeb86683082353,2f7206f4d91b1e9fb50c0bf1ed85138c5ad5d018d492c2726b67fa0d3f815718,83e3576cabd4bccdd28307c95e780fb40439b2d14197df6d6e05aa8d072de989,7876dc2a599fa9ba2cb3db26207360d75741abdccac7e3b0d3d2d9210e13dde4
xcheck2-r6-heldout-b5-rho0.7,r6-heldout-b5-rho0.7,sel_coc_d01000_n256_privileged,bdd3d79e265a8d06029d538d05d143c3bb456c9190c282ce2a1d5e4d353c4f6c,5eababbaef093ccf8f8e9efab860cb637b178d4a699b2abf10959c2ed0e730e6,f12c1070181f3a0bd852c002eadfd45340cf38797abcf5e71f4cd6e85b639e38,2ef2404bc60218346187ee3ad5a8f94c2484027b7d85c104575be15471574bfb,4c5461b6fb8847e68236efb8146e855701f99521e81669a29465bed1f34c50a5
xcheck2-r6-heldout-b5-rho0.7,r6-heldout-b5-rho0.7,sel_coc_d02000_n128_privileged,b5fa48fde7e549ce4dcacd1f59f619fb016d2ef19bfb2a42f6bf5a3cfe6cb8f5,1e6fd68664ff453902aafe56491029202c74bf9242045f94e5c339b705b7478f,02b617fdb3bcf6237c41a09c4c41e86e71fd25f28bdb49416ca83f8f2bb2886e,e43e2a86ff77e801a640e84a107e1686f607af285a3337a89d24c8da35ddfe26,e5ddf956590e1f65befe0b00f2504ece379a25ff459dd1e34e32fb3149adebb1
xcheck2-r6-heldout-b5-rho0.7,r6-heldout-b5-rho0.7,sel_coc_d02000_n256_privileged,025929f5d4780206ab53b55155aba4d9cc63ef9c1000f38284cf4a59b7af675b,a309349ceb78b3401a03a33003a6f545db165e4024a27675ac4d3ecb2f14666a,79028f7456335d0fb15d0c5c65501017d508eecfd994224ac5951ee5334e26aa,01ea989d71d201d3d24374375f46d31551b3b839e617d945bc3f7bd9db2b7239,f54b5f6911cba8e1dd1165c87d7f39c30a98477f8466fdd2bf2f7ea0e824011c
xcheck2-r6-heldout-b5-rho0.7,r6-heldout-b5-rho0.7,sel_coc_d04000_n256_privileged,5fc83b4ce04fb871f55579f9d53b55f383ac64ed14753542c135daadeeef292b,6b9f007c9e44678aacc8baf65cf8dee53e5ec6682d4b75e8dcc3ccb0a2237f9f,03546da89c19310300f6a8f87fbc92e0eea67f48e5d8bc1536c913f4e8f7d229,be58940d693f03facbfd58055adf0515f639cc956ae85bf7bf96190658558064,ac88a40514eed2d8c49b93672186c2a79e4a931f419e394a5e864f3a8c2e15ed
xcheck2-r6-heldout-b5-rho0.7,r6-heldout-b5-rho0.7,sel_coc_d08000_n256_privileged,63b40680583d76c8b9433f204980da4a11e6e4ddedee97abe9bf0a3d931a9224,35a4d73d654e0f114d9992bf58712f4d3411e85c05b19a4ae67e6aa6f09e11d5,4224f7bfab7fd84047011aff77bfbe54cf8a4711c5157ca383cd1263c5c11e89,5e803ae152f7fb28e33b7ca6d0f0a40d2b5a82423382a6532d55e7c3be43c8c7,2bf8e0dd01d526cef17ebef100f46871b56ec719bc1a27672052e124e065592e
xcheck2-r6-heldout-b5-rho0.7,r6-heldout-b5-rho0.7,sel_coc_d16000_n256_privileged,4f7e91f5ddfcaef6a8bd3f93e8665f2a24187b961aea80d26bc15866b7c99bed,b2259ea8ee8e52c8d1e91fdab851686ae48ff14abca833920c3df5de4d68d94c,a51f27a453b97dd6b38d2d55e1d0d0ac6c9a3585791de057437548b2de3db21b,1e99239c8a63ee33b179a0bc99caf29b730497fdb20faa18802f0fe855143573,94aaae2793484a92f8ea19d397c46f7b1f6008a65ae7c0a7754cdd328e8185d2
xcheck2-r6-heldout-b5-rho0.7,r6-heldout-b5-rho0.7,sel_nbh_k0_n064_privileged,29d5889aac2e508445a52c736c15ceab78d170e98519a274cecca094dd91c979,2272aaf7e45f49062de0f53ddc8b18258fc084831b0f5aa5eaf29290927f9893,be2a24aad25d00df18560a937e591c4c333787a21606adba430a335c147ba837,e69fe9d2e3966fcf51b232be055b5a345779fa37ab8afb78272c1fd6f89d6279,462993a7367dd505ab842689a0e52fe397b937d7e64cb9f52c2f8d8610353e67
xcheck2-r6-heldout-b5-rho0.7,r6-heldout-b5-rho0.7,sel_nbh_k1_n128_privileged,c0e8032dc43578458d13f9020a52551438f432e52e01c54e99664ca813ce057e,e9d968443e216821f3a94af279684e63e96ca6ad54404ba771685689aae7b2a6,48876184998ce0831a5e0fec439f40b86c3982aa15a8c0a51f5ae5dc781ec021,68e20694fb435f2cbe453b91be83ec1f7eb1abe44f067b8110a72fb45be311d6,3811683db96bc3c088bb1372dee427378a67518d5b97994206446322335642b6
xcheck2-r6-heldout-b5-rho0.7,r6-heldout-b5-rho0.7,sel_nbh_k1_n256_privileged,951e88ae04bc6e1ac4b0347c98fde60c4666cb9193aa4693a5378193d7e6d84f,feb0e57b969a144e19e06dfe1458bc030759beb5b2423338b68e69ac569a6928,f8222bf0a993fb1d1cfebcae7f5d4a7035250dac6871c021705f34623b5ce44f,87f11d684d8760714de8ed95a6137d8c28ea980d9300becd3956b1576d0f07ab,9ca1af3b1c00628c83a2f867eb8b9ffed8c2e502d9fa6d612b8110d0d90d6c27
xcheck2-r6-heldout-b5-rho0.7,r6-heldout-b5-rho0.7,sel_nbh_k2_n256_privileged,cf3faa40e1153d83662d072695c2494fa5d472d1cea093dc6b5cb0539e9a0c5f,efa954a8cef859737d7faefa32ea78d7e075525be4f290cf4cc7bc9a6842b419,5bcfbaf10927dd0299b116c83a1bedaf2432c450c71d34d3bb7a1087d6a14c23,d1fb6805070ee392131309c707493f164a92871a8f3fe80b17e5907aa2d5d56e,b378cbbfa73a17438a81919f5f192ba8c115d74cfcddbe3750d179a80ee5cacb
xcheck2-r6-heldout-b5-rho0.7,r6-heldout-b5-rho0.7,sel_nbh_k3_n128_privileged,764972e240eadaedd87609c71085b341592bb4e781c8424b43cbc1b0f54908e3,98445db49893e7df24ca7b178cf5465e8e61412989cc47de0ef45bc6d5244b27,9dbc757b0b7db5a98ca413ad18d854a935d298b1c4a338dfc61b618827eeade7,52b5cbd29596e6e91a18494fd23563b1514b6765e409e6ea80cf53c2fad3c72e,6d1f646a6fc8da3e91cea68ce1aa7377150c2c705b3e367c1186c59dfa07dfac
xcheck2-r6-heldout-b5-rho0.7,r6-heldout-b5-rho0.7,sel_nbh_k3_n256_privileged,ccacfe3b2f3bafad14b7f73648c9dee1e082cd4c55f2da9d6486779c6afa96f2,e02964d615ed85e987f6108ea8a19b036bdafb61698daa46c8f2ff5680306be8,67ff1a28507c8b88c5492f45bf681325e79d585b8c92473b7f7384f432a389ca,cf0e0a948494f34fb92bb756e9041dbc8f08461922e51e1572b1f8de3f4a7c09,a958b8e72e7883c9a361c9e23fd99001ed4b138a9c3cb08f3b247471bf87bf98
xcheck2-r6-heldout-b5-rho0.7,r6-heldout-b5-rho0.7,sel_nbh_k4_n256_privileged,43c6dcbcb6d016d74cae44bd8a09d243eb0f1135c7744d75df5fa0fb3097d292,a19c27f6ee92915deb217e90d71485082881e32b4cf410eea909b8448cc5d92f,bf861236769785015b39335a0d3baedcdac4618b7afe1b27a6ca005669739b6b,344184c1f8c700a1c2406e11c757b48b0327592a6e5f4bccdc30b2d22b92842a,e322a85a5155d1e5c2b1ea9cb50986ccca01a0e2c230f9c7e8121ef299ab9f88
xcheck2-r6-heldout-b5-rho0.7,r6-heldout-b5-rho0.7,sel_rung_privileged,53f1b32f1b31a2b6727a057a0b03d18fa80de9943278630dae3d99056eaa4006,c6811d2db177be1de566cd97bb6083f7f27dd84bd87b377c4e46af0408beb6df,2299a715a795cb563137045dd14666e45b571442b05afa8f81b7abe4c56bf315,46e9740c3a651153bd1f2deeec6bc040a6a3e813bb6a6aa600a2c405765be7b7,45b5cfb64a8f6ff328e7a3bfc59e1d8a228f91cd526a45b907afb53657505df9
xcheck2-r6-heldout-b5-rho0.7,r6-heldout-b5-rho0.7,sel_win_w05_n008_privileged,5a22038c7083f959eeef97b28051e164d923573ac197dd4014008b597bda4a2d,d3eed92d8f5368f40519c1585e3934da05ecf08c87b8193c20461268039aa922,d6bc588e3905836f55423d301b5a355b84704133cc489e12600b9b888d5e85a3,4aac8ae30afaab534605f318b620510a3e2f8644408fad994566f0d1e2a45036,7170a9fca437a8f146956cd78731e43ea0a049777e475bad65091047b462629c
xcheck2-r6-heldout-b5-rho0.7,r6-heldout-b5-rho0.7,sel_win_w05_n016_privileged,096f421b72514999bfe06a53b1d7339c3ed3dbca718c3d9ec8b9764a95a34bc9,78315b1f26866e10788184cc7b8a9a34fb7543b1346d5a4304aca7f986a50e43,5eacd48210fcac88591845143260c29e06b722e525c543c1a895d2a590367fa5,b9c795228055d32a11a7d19ab1469bd741cc461a0b1fcf7f645603499923a5d3,a6a91cccd0f94ccdb2d0f85aa7167b6e7b51fb87c708ee809ce3aee36f064b60
xcheck2-r6-heldout-b5-rho0.7,r6-heldout-b5-rho0.7,sel_win_w05_n032_privileged,a50dc50a6c22d9fabc3dcc59d8690e5f9d73c265742204ff054afa63e4cb8c15,965e1f4f432a2a2ce5b6eaa032094f2eb54059a2a0662e769ec240c99d2d8850,3efec1e2486b4a648ddac2ff30959781822476b48e6db9107d044fda40569594,5715017294dbc29dae0d810c8dadf3491d76f21ab9a8f17ac89d09d6de8ff433,78f4f1e0444caa1826eda1a473ce6a7495bbea0aff67eb17e52dde8198457716
xcheck2-r6-heldout-b5-rho0.7,r6-heldout-b5-rho0.7,sel_win_w05_n064_privileged,c82c3c3901019590a8521c1082ae30a88a14389eb39eaf50553a8106a0f8edc8,e414aefe7f1ee669b2bc36cb465c12991096390b9180a242861ca0a5916bc4bb,bccd5752b4baa23fc775d23138d3401bc9534856393cbf5061e065f1ea2e4188,4e145f260a85eb177fb2d65f2ca740e38b155f607defac202dc3ebb4fbb3b4c7,6ba5b815e3c7755610335f5cb9bee62b7ddd2ea3725e69d5d56fb4d923b64f6e
xcheck2-r6-heldout-b5-rho0.7,r6-heldout-b5-rho0.7,sel_win_w10_n064_privileged,fac392add0d49b79ae34b7b7b1502989240008e08edf02c6318820fdac38913d,bbba3b5c6340a905db227a4f9cbc70b800fa7ddf5b87d94a9dc7ce3526877c62,e9ccd04637a28ca5c313556b286c18896ece3bd3bca6735916d88ed6522373fe,c1a29732004ac34ee93057248780f4aab4597e36f2ace48461d78ae390d66e20,3f502c9a64c9e53bde6fb7d81ac0396cdfe27546965d2feda3d5bd865c634acd
xcheck2-r6-heldout-b5-rho0.7,r6-heldout-b5-rho0.7,sel_win_w10_n128_privileged,5d844089436758e22d7963b01658a9976bc6d0e08ff344b047a924146f7e1516,c28291d89e2ce0fc081ce38b9b4c6f44406193e31c37eaef2780865fa03c7299,909ac4193f5266ab9975b1603ecb74105bd0a7a6b0e27cc0063ad481c0920234,520c12504db5eefda9c924975049f1a61920ac34ba028b2ceb5c7e8dfa58d08f,977d2296dc559cb82af97bb79f1bb7f12ae1e8faa230cf015c7122b771b14a05
xcheck2-r6-heldout-b5-rho0.7,r6-heldout-b5-rho0.7,sel_win_w20_n128_privileged,fb5e21ad832a80a57f3fad2bb6a19a84c221befe8583e19a38ebc79b2fb45930,c59f9280f5dc8180ebe0f58bf2407aa520b19a8849f976bf1e6331e17c0b0ec6,6406a9b57919fe4b80d9d6f48b651c87af5aaad5a8b85e244722221d7e21beea,b7e78dbf16dc3fa9928e43fdacc9770cff1dad3d1d36d3445445c3b37733d4fb,662c98f8f6b492c4acae7b84161855f03175bf2e37dc679ae17152bfe968de7b
xcheck2-r6-heldout-b5-rho0.7,r6-heldout-b5-rho0.7,sel_win_w20_n256_privileged,037246c13722cfbfd7151d1fece1713c2c03d47caab22aaa0498d00ce8df93ee,c0450b30fed05a564d692bc6429fafcd19f5f4a0f2643a298ca875796ddf33d0,6ae19a25e07b0875e7e4b99cbf8bbd92551db0dbb188761d2c9ee4c210ec12ff,f9599e55ae8293cb66ba54343596ba7dad3fdb51f879e9a6e41110f413d1301e,19dc77cf4aa421146bf714e78b71ebb3cf37c3114d5665cee93475babbf5b513
xcheck2-r6-heldout-b5-rho0.7,r6-heldout-b5-rho0.7,sel_win_w40_n256_privileged,ac57de1faf2694fa1650e78ab60b70ecd0783d056db3ddb0b23fc23ef494f327,15eb8ac03ae2ce88349eb0292405c5f3cffa9ef0ff21776806671892f14f3f53,937a75bd8d77fcd365deffeac3dbe4c57a30f7f4cfb1f28ae78c73d43429f57e,f6fa36b438be9b0d1555fae40a191e19c46a7ed817f4a0ad7adcda2cf1688f39,e52c8852c62dd7412ca1d2c1bed53dd6e4fe050d72f88d69d34bc819e084128a
xcheck2-r6-heldout-b5-rho0.7,r6-heldout-b5-rho0.7,sel_win_w80_n512_privileged,0fe91ed2501793d0cabfb53bdd4a70bc50ad5d1aec5fbf268400ba97039757d1,5a072f9c34944a98e41a3a8fe5b98dbc9f91f7006e85b0a158599ceaeddbb234,4060a5cfd2b42fb24c6580512a44103e2861469813496bc2630dccac8f1c9acf,b734798182a629569aa51e1fa5aab2ff31431e42404a1db93b22cd1c49ce93ce,d8959019d3e05c28bb97559553563f1bcfb4eb336f9ec4282eb29a8b97bc4f95
