stage,pair,file,side,arm_role,seed,incident,tier,family,critical,correct_declarations,wrong_declarations,first_correct_at_ns,time_to_first_correct_ns,correct_by_deadline,missed,critical_miss,escalations,informed_escalations,correct_escalations
tune,dataflow_vs_b3,incidents,only_dataflow_side,privileged,10000,0,plain,,False,1,2,3000006569,23873725,True,False,False,0,0,0
tune,dataflow_vs_b3,incidents,only_dataflow_side,privileged,10000,1,plain,,True,1,0,8000007750,2586022537,True,False,False,0,0,0
tune,dataflow_vs_b3,incidents,only_dataflow_side,privileged,10000,10,plain,,False,1,0,229500006774,632435015,True,False,False,0,0,0
tune,dataflow_vs_b3,incidents,only_dataflow_side,privileged,10000,11,plain,,False,1,0,261000012739,398338433,True,False,False,0,0,0
tune,dataflow_vs_b3,incidents,only_dataflow_side,privileged,10000,12,plain,,True,1,0,307500006155,5257960398,True,False,False,0,0,0
tune,dataflow_vs_b3,incidents,only_dataflow_side,privileged,10000,13,plain,,False,1,0,319500006440,6901340038,True,False,False,0,0,0
tune,dataflow_vs_b3,incidents,only_dataflow_side,privileged,10000,15,plain,,False,1,0,333500013834,386158179,True,False,False,0,0,0
tune,dataflow_vs_b3,incidents,only_dataflow_side,privileged,10000,17,plain,,False,1,0,341000008515,4617635818,True,False,False,0,0,0
tune,dataflow_vs_b3,incidents,only_dataflow_side,privileged,10000,19,plain,,False,1,0,383000021368,148279641,True,False,False,0,0,0
tune,dataflow_vs_b3,incidents,only_dataflow_side,privileged,10000,2,plain,,False,1,0,48500009933,359547447,True,False,False,0,0,0
tune,dataflow_vs_b3,incidents,only_dataflow_side,privileged,10000,20,plain,,True,1,0,418000029623,4184102695,True,False,False,0,0,0
tune,dataflow_vs_b3,incidents,only_dataflow_side,privileged,10000,21,plain,,False,1,0,418000029623,239960295,True,False,False,0,0,0
tune,dataflow_vs_b3,incidents,only_dataflow_side,privileged,10000,22,plain,,False,1,0,435500007684,3047520523,True,False,False,0,0,0
tune,dataflow_vs_b3,incidents,only_dataflow_side,privileged,10000,24,plain,,False,1,0,462000009645,2087483451,True,False,False,0,0,0
tune,dataflow_vs_b3,incidents,only_dataflow_side,privileged,10000,26,plain,,True,1,0,491000007105,5938315122,True,False,False,0,0,0
tune,dataflow_vs_b3,incidents,only_dataflow_side,privileged,10000,27,plain,,False,1,1,492000019707,146284483,True,False,False,0,0,0
tune,dataflow_vs_b3,incidents,only_dataflow_side,privileged,10000,28,plain,,False,1,1,510000016584,184637683,True,False,False,0,0,0
tune,dataflow_vs_b3,incidents,only_dataflow_side,privileged,10000,29,plain,,False,1,0,514000007979,2548765088,True,False,False,0,0,0
tune,dataflow_vs_b3,incidents,only_dataflow_side,privileged,10000,3,plain,,False,1,0,52000010700,101662141,True,False,False,0,0,0
tune,dataflow_vs_b3,incidents,only_dataflow_side,privileged,10000,4,plain,,False,1,0,56000009614,2043742851,True,False,False,0,0,0
tune,dataflow_vs_b3,incidents,only_dataflow_side,privileged,10000,5,plain,,False,1,0,60000007609,1382357038,True,False,False,0,0,0
tune,dataflow_vs_b3,incidents,only_dataflow_side,privileged,10000,6,plain,,False,1,0,78000008930,2963184323,True,False,False,0,0,0
tune,dataflow_vs_b3,incidents,only_dataflow_side,privileged,10000,7,plain,,True,1,0,102000008036,5743471107,True,False,False,0,0,0
tune,dataflow_vs_b3,incidents,only_dataflow_side,privileged,10000,8,plain,,False,1,0,141000006354,1115867871,True,False,False,0,0,0
tune,dataflow_vs_b3,incidents,only_dataflow_side,privileged,10000,9,plain,,False,1,0,179500009800,461759552,True,False,False,0,0,0
tune,dataflow_vs_b3,incidents,only_dataflow_side,privileged,10001,0,plain,,False,1,0,15500005798,1648312595,True,False,False,0,0,0
tune,dataflow_vs_b3,incidents,only_dataflow_side,privileged,10001,1,plain,,True,1,0,22000006288,534081644,True,False,False,0,0,0
tune,dataflow_vs_b3,incidents,only_dataflow_side,privileged,10001,10,plain,,False,1,0,180000004612,2482531785,True,False,False,0,0,0
tune,dataflow_vs_b3,incidents,only_dataflow_side,privileged,10001,12,plain,,False,1,1,224000021501,68015272,True,False,False,0,0,0
tune,dataflow_vs_b3,incidents,only_dataflow_side,privileged,10001,13,plain,,False,1,0,275500010757,514126846,True,False,False,0,0,0
tune,dataflow_vs_b3,incidents,only_dataflow_side,privileged,10001,14,plain,,False,1,0,284000006397,2448492863,True,False,False,0,0,0
tune,dataflow_vs_b3,incidents,only_dataflow_side,privileged,10001,15,plain,,False,1,0,327000007887,7707705036,True,False,False,0,0,0
tune,dataflow_vs_b3,incidents,only_dataflow_side,privileged,10001,16,plain,,False,1,2,359000022903,432197044,True,False,False,0,0,0
tune,dataflow_vs_b3,incidents,only_dataflow_side,privileged,10001,17,plain,,False,1,0,392000007999,16018370593,True,False,False,0,0,0
tune,dataflow_vs_b3,incidents,only_dataflow_side,privileged,10001,18,plain,,False,2,0,440000005958,2407446227,True,False,False,0,0,0
tune,dataflow_vs_b3,incidents,only_dataflow_side,privileged,10001,19,plain,,False,1,1,441500019189,512989818,True,False,False,0,0,0
tune,dataflow_vs_b3,incidents,only_dataflow_side,privileged,10001,2,plain,,False,1,0,38500006619,4415839939,True,False,False,0,0,0
tune,dataflow_vs_b3,incidents,only_dataflow_side,privileged,10001,21,plain,,False,1,0,486500008784,13450526424,True,False,False,0,0,0
tune,dataflow_vs_b3,incidents,only_dataflow_side,privileged,10001,22,plain,,False,1,0,535000018455,4787673100,True,False,False,0,0,0
tune,dataflow_vs_b3,incidents,only_dataflow_side,privileged,10001,3,hard,split_brain,False,1,1,77500005550,21973519143,True,False,False,1,1,1
tune,dataflow_vs_b3,incidents,only_dataflow_side,privileged,10001,4,plain,,False,1,2,59000029116,448642608,True,False,False,0,0,0
tune,dataflow_vs_b3,incidents,only_dataflow_side,privileged,10001,6,plain,,False,1,0,67000009325,4237649112,True,False,False,0,0,0
tune,dataflow_vs_b3,incidents,only_dataflow_side,privileged,10001,7,plain,,False,1,0,95000009479,3903566413,True,False,False,0,0,0
tune,dataflow_vs_b3,incidents,only_dataflow_side,privileged,10001,8,plain,,True,1,0,97500008437,5946794274,True,False,False,0,0,0
tune,dataflow_vs_b3,incidents,only_dataflow_side,privileged,10001,9,plain,,False,1,0,122000006367,5785803018,True,False,False,0,0,0
tune,dataflow_vs_b3,incidents,only_dataflow_side,privileged,10002,0,plain,,False,1,0,28000006231,331142706,True,False,False,0,0,0
tune,dataflow_vs_b3,incidents,only_dataflow_side,privileged,10002,1,plain,,False,1,1,49000011583,434158061,True,False,False,0,0,0
tune,dataflow_vs_b3,incidents,only_dataflow_side,privileged,10002,10,plain,,False,1,0,260500009904,31391133,True,False,False,0,0,0
tune,dataflow_vs_b3,incidents,only_dataflow_side,privileged,10002,11,plain,,False,1,0,270000007109,2818950000,True,False,False,0,0,0
tune,dataflow_vs_b3,incidents,only_dataflow_side,privileged,10002,13,plain,,False,1,0,328000006562,5127447154,True,False,False,0,0,0
tune,dataflow_vs_b3,incidents,only_dataflow_side,privileged,10002,14,hard,slow_leak,True,1,1,381000015273,25882595791,True,False,False,1,1,1
tune,dataflow_vs_b3,incidents,only_dataflow_side,privileged,10002,15,plain,,False,1,0,371500010735,6106440448,True,False,False,0,0,0
tune,dataflow_vs_b3,incidents,only_dataflow_side,privileged,10002,16,plain,,True,1,0,371000006554,2469972274,True,False,False,0,0,0
tune,dataflow_vs_b3,incidents,only_dataflow_side,privileged,10002,17,plain,,False,2,0,378500007717,4377040876,True,False,False,0,0,0
tune,dataflow_vs_b3,incidents,only_dataflow_side,privileged,10002,18,hard,compound,False,1,1,399500004105,18924437913,True,False,False,1,1,1
tune,dataflow_vs_b3,incidents,only_dataflow_side,privileged,10002,19,plain,,True,1,0,418000007842,17260005103,True,False,False,0,0,0
tune,dataflow_vs_b3,incidents,only_dataflow_side,privileged,10002,2,plain,,False,1,1,80500017170,75395504,True,False,False,0,0,0
tune,dataflow_vs_b3,incidents,only_dataflow_side,privileged,10002,20,plain,,False,1,0,447000006180,4033304077,True,False,False,0,0,0
tune,dataflow_vs_b3,incidents,only_dataflow_side,privileged,10002,21,plain,,False,1,0,458500008364,4290069869,True,False,False,0,0,0
tune,dataflow_vs_b3,incidents,only_dataflow_side,privileged,10002,25,hard,slow_leak,True,1,1,558500002200,24659004562,False,True,True,1,1,1
tune,dataflow_vs_b3,incidents,only_dataflow_side,privileged,10002,26,plain,,False,1,0,543000011073,5081148311,True,False,False,0,0,0
tune,dataflow_vs_b3,incidents,only_dataflow_side,privileged,10002,3,plain,,False,1,0,127000005738,2662029700,True,False,False,0,0,0
tune,dataflow_vs_b3,incidents,only_dataflow_side,privileged,10002,4,plain,,True,1,0,170000006249,2955795446,True,False,False,0,0,0
tune,dataflow_vs_b3,incidents,only_dataflow_side,privileged,10002,5,plain,,False,1,0,171500006505,2946834588,True,False,False,0,0,0
tune,dataflow_vs_b3,incidents,only_dataflow_side,privileged,10002,6,plain,,False,1,0,179000014373,132990557,True,False,False,0,0,0
tune,dataflow_vs_b3,incidents,only_dataflow_side,privileged,10003,1,plain,,False,1,0,44500009490,64317655,True,False,False,0,0,0
tune,dataflow_vs_b3,incidents,only_dataflow_side,privileged,10003,11,plain,,True,1,0,228500006656,2571703043,True,False,False,0,0,0
tune,dataflow_vs_b3,incidents,only_dataflow_side,privileged,10003,13,hard,cascade,False,1,2,283000001745,18673161090,True,False,False,1,1,1
tune,dataflow_vs_b3,incidents,only_dataflow_side,privileged,10003,14,plain,,False,2,0,281000011858,417980092,True,False,False,0,0,0
tune,dataflow_vs_b3,incidents,only_dataflow_side,privileged,10003,15,plain,,False,1,0,367500005956,597845783,True,False,False,0,0,0
tune,dataflow_vs_b3,incidents,only_dataflow_side,privileged,10003,17,plain,,False,1,0,382500007536,1519290582,True,False,False,0,0,0
tune,dataflow_vs_b3,incidents,only_dataflow_side,privileged,10003,18,plain,,True,1,0,406000007470,579576578,True,False,False,0,0,0
tune,dataflow_vs_b3,incidents,only_dataflow_side,privileged,10003,19,plain,,True,1,0,426500013185,207072738,True,False,False,0,0,0
tune,dataflow_vs_b3,incidents,only_dataflow_side,privileged,10003,2,plain,,False,1,0,49500014078,454529126,True,False,False,0,0,0
tune,dataflow_vs_b3,incidents,only_dataflow_side,privileged,10003,20,plain,,False,1,0,438000009317,2573924683,True,False,False,0,0,0
tune,dataflow_vs_b3,incidents,only_dataflow_side,privileged,10003,21,plain,,False,1,0,444000008582,2114600581,True,False,False,0,0,0
tune,dataflow_vs_b3,incidents,only_dataflow_side,privileged,10003,22,plain,,False,1,0,471000015613,3730409791,True,False,False,0,0,0
tune,dataflow_vs_b3,incidents,only_dataflow_side,privileged,10003,23,hard,compound,False,1,1,493500009105,18948158095,True,False,False,1,1,1
tune,dataflow_vs_b3,incidents,only_dataflow_side,privileged,10003,24,plain,,False,1,0,477500010881,2215663095,True,False,False,0,0,0
tune,dataflow_vs_b3,incidents,only_dataflow_side,privileged,10003,25,plain,,False,1,0,479000008491,3455137317,True,False,False,0,0,0
tune,dataflow_vs_b3,incidents,only_dataflow_side,privileged,10003,26,plain,,False,1,0,496500009452,3019030386,True,False,False,0,0,0
tune,dataflow_vs_b3,incidents,only_dataflow_side,privileged,10003,27,plain,,False,1,0,498000010237,718020280,True,False,False,0,0,0
tune,dataflow_vs_b3,incidents,only_dataflow_side,privileged,10003,29,plain,,False,1,1,509000023548,252391294,True,False,False,0,0,0
tune,dataflow_vs_b3,incidents,only_dataflow_side,privileged,10003,30,plain,,False,1,0,516000015488,916419865,True,False,False,0,0,0
tune,dataflow_vs_b3,incidents,only_dataflow_side,privileged,10003,31,plain,,False,2,0,544000008458,5804763512,True,False,False,0,0,0
tune,dataflow_vs_b3,incidents,only_dataflow_side,privileged,10003,5,hard,slow_leak,True,1,1,114000004715,24162049515,False,True,True,1,1,1
tune,dataflow_vs_b3,incidents,only_dataflow_side,privileged,10003,6,plain,,False,1,0,110000013838,251647516,True,False,False,0,0,0
tune,dataflow_vs_b3,incidents,only_dataflow_side,privileged,10003,7,plain,,False,1,0,135500006467,3740059728,True,False,False,0,0,0
tune,dataflow_vs_b3,incidents,only_dataflow_side,privileged,10003,8,plain,,False,2,0,150000007042,1788207448,True,False,False,0,0,0
tune,dataflow_vs_b3,incidents,only_dataflow_side,privileged,10004,0,plain,,False,1,0,65000014839,331442375,True,False,False,0,0,0
tune,dataflow_vs_b3,incidents,only_dataflow_side,privileged,10004,11,plain,,False,1,0,241000021169,88335735,True,False,False,0,0,0
tune,dataflow_vs_b3,incidents,only_dataflow_side,privileged,10004,12,plain,,False,1,0,250500008195,3730279890,True,False,False,0,0,0
tune,dataflow_vs_b3,incidents,only_dataflow_side,privileged,10004,14,plain,,False,1,0,279500009301,7465124953,True,False,False,0,0,0
tune,dataflow_vs_b3,incidents,only_dataflow_side,privileged,10004,15,plain,,False,2,0,278000016385,2753127834,True,False,False,0,0,0
tune,dataflow_vs_b3,incidents,only_dataflow_side,privileged,10004,17,hard,slow_leak,True,1,1,308500002480,25502088332,True,False,False,1,1,1
tune,dataflow_vs_b3,incidents,only_dataflow_side,privileged,10004,18,plain,,False,1,1,298500029217,271725489,True,False,False,0,0,0
tune,dataflow_vs_b3,incidents,only_dataflow_side,privileged,10004,19,plain,,False,1,1,317000009935,3101140107,True,False,False,0,0,0
tune,dataflow_vs_b3,incidents,only_dataflow_side,privileged,10004,2,plain,,False,1,0,106000010239,244732298,True,False,False,0,0,0
tune,dataflow_vs_b3,incidents,only_dataflow_side,privileged,10004,20,plain,,False,1,0,334500008785,1853066730,True,False,False,0,0,0
tune,dataflow_vs_b3,incidents,only_dataflow_side,privileged,10004,21,plain,,False,1,2,339000030633,230134821,True,False,False,0,0,0
tune,dataflow_vs_b3,incidents,only_dataflow_side,privileged,10004,22,plain,,False,1,0,347000010929,605667339,True,False,False,0,0,0
tune,dataflow_vs_b3,incidents,only_dataflow_side,privileged,10004,23,plain,,False,1,0,364000008730,4034359531,True,False,False,0,0,0
tune,dataflow_vs_b3,incidents,only_dataflow_side,privileged,10004,24,plain,,False,1,0,387500008321,6099672254,True,False,False,0,0,0
tune,dataflow_vs_b3,incidents,only_dataflow_side,privileged,10004,27,plain,,True,1,0,481000008329,10118783324,True,False,False,0,0,0
tune,dataflow_vs_b3,incidents,only_dataflow_side,privileged,10004,28,plain,,True,1,0,479000008016,6267611107,True,False,False,0,0,0
tune,dataflow_vs_b3,incidents,only_dataflow_side,privileged,10004,29,plain,,False,1,0,482500025801,361107927,True,False,False,0,0,0
tune,dataflow_vs_b3,incidents,only_dataflow_side,privileged,10004,3,plain,,True,1,0,108500014500,155816844,True,False,False,0,0,0
tune,dataflow_vs_b3,incidents,only_dataflow_side,privileged,10004,30,plain,,False,1,0,486000009901,3668223983,True,False,False,0,0,0
tune,dataflow_vs_b3,incidents,only_dataflow_side,privileged,10004,31,plain,,False,1,0,519000023359,218446473,True,False,False,0,0,0
tune,dataflow_vs_b3,incidents,only_dataflow_side,privileged,10004,32,decoy,,False,1,0,530500008839,8237606582,False,False,False,0,0,0
tune,dataflow_vs_b3,incidents,only_dataflow_side,privileged,10004,34,plain,,False,1,0,533500009079,2649458685,True,False,False,0,0,0
tune,dataflow_vs_b3,incidents,only_dataflow_side,privileged,10004,4,plain,,False,1,0,162000008388,403999525,True,False,False,0,0,0
tune,dataflow_vs_b3,incidents,only_dataflow_side,privileged,10004,5,plain,,True,1,0,181000012788,204082640,True,False,False,0,0,0
tune,dataflow_vs_b3,incidents,only_dataflow_side,privileged,10004,6,plain,,False,1,0,198500014414,210862555,True,False,False,0,0,0
tune,dataflow_vs_b3,incidents,only_dataflow_side,privileged,10004,7,plain,,False,2,0,208000008413,4127168100,True,False,False,0,0,0
tune,dataflow_vs_b3,incidents,only_dataflow_side,privileged,10004,8,plain,,False,1,1,207000015273,392993263,True,False,False,0,0,0
tune,dataflow_vs_b3,incidents,only_dataflow_side,privileged,10004,9,plain,,False,1,1,215000014215,473484153,True,False,False,0,0,0
tune,dataflow_vs_b3,incidents,only_dataflow_side,privileged,10005,1,plain,,False,1,0,12000007202,1477527444,True,False,False,0,0,0
tune,dataflow_vs_b3,incidents,only_dataflow_side,privileged,10005,10,plain,,True,1,0,172500008028,3984850980,True,False,False,0,0,0
tune,dataflow_vs_b3,incidents,only_dataflow_side,privileged,10005,12,plain,,False,1,0,260500007323,1529816044,True,False,False,0,0,0
tune,dataflow_vs_b3,incidents,only_dataflow_side,privileged,10005,13,plain,,True,1,0,311000013294,432558840,True,False,False,0,0,0
tune,dataflow_vs_b3,incidents,only_dataflow_side,privileged,10005,14,plain,,False,1,0,315500006583,3580629101,True,False,False,0,0,0
tune,dataflow_vs_b3,incidents,only_dataflow_side,privileged,10005,15,plain,,True,1,0,334500013239,235079105,True,False,False,0,0,0
tune,dataflow_vs_b3,incidents,only_dataflow_side,privileged,10005,16,plain,,False,1,0,372500005678,1458435628,True,False,False,0,0,0
tune,dataflow_vs_b3,incidents,only_dataflow_side,privileged,10005,17,plain,,False,1,0,378500036789,2146900280,True,False,False,0,0,0
tune,dataflow_vs_b3,incidents,only_dataflow_side,privileged,10005,18,plain,,False,1,2,378500036789,175077325,True,False,False,0,0,0
tune,dataflow_vs_b3,incidents,only_dataflow_side,privileged,10005,19,plain,,False,1,0,387000008358,3259549000,True,False,False,0,0,0
tune,dataflow_vs_b3,incidents,only_dataflow_side,privileged,10005,2,plain,,True,1,0,35000009056,62732319,True,False,False,0,0,0
tune,dataflow_vs_b3,incidents,only_dataflow_side,privileged,10005,20,plain,,False,1,0,418500009052,3051244053,True,False,False,0,0,0
tune,dataflow_vs_b3,incidents,only_dataflow_side,privileged,10005,21,plain,,True,1,0,423000008029,3699127757,True,False,False,0,0,0
tune,dataflow_vs_b3,incidents,only_dataflow_side,privileged,10005,22,hard,split_brain,False,1,1,446500004430,18877687874,True,False,False,1,1,1
tune,dataflow_vs_b3,incidents,only_dataflow_side,privileged,10005,23,plain,,False,1,0,447000017834,4533557364,True,False,False,0,0,0
tune,dataflow_vs_b3,incidents,only_dataflow_side,privileged,10005,24,plain,,True,1,0,493500005373,4102769147,True,False,False,0,0,0
tune,dataflow_vs_b3,incidents,only_dataflow_side,privileged,10005,25,plain,,True,1,1,509000014286,245924165,True,False,False,0,0,0
tune,dataflow_vs_b3,incidents,only_dataflow_side,privileged,10005,26,plain,,False,1,0,509500012036,349422291,True,False,False,0,0,0
tune,dataflow_vs_b3,incidents,only_dataflow_side,privileged,10005,27,plain,,False,2,0,535500007156,6626427464,True,False,False,0,0,0
tune,dataflow_vs_b3,incidents,only_dataflow_side,privileged,10005,4,plain,,False,1,0,55500013862,223809586,True,False,False,0,0,0
tune,dataflow_vs_b3,incidents,only_dataflow_side,privileged,10005,5,plain,,False,2,0,107000009162,243337644,True,False,False,0,0,0
tune,dataflow_vs_b3,incidents,only_dataflow_side,privileged,10005,6,plain,,False,1,3,122500033516,244277271,True,False,False,0,0,0
tune,dataflow_vs_b3,incidents,only_dataflow_side,privileged,10005,8,plain,,False,1,0,140500008203,1120856457,True,False,False,0,0,0
tune,dataflow_vs_b3,incidents,only_dataflow_side,privileged,10006,0,plain,,False,1,0,20000005645,3273677317,True,False,False,0,0,0
tune,dataflow_vs_b3,incidents,only_dataflow_side,privileged,10006,1,decoy,,False,1,0,33000005735,7902648884,False,False,False,0,0,0
tune,dataflow_vs_b3,incidents,only_dataflow_side,privileged,10006,10,plain,,True,1,0,143000008242,3577703579,True,False,False,0,0,0
tune,dataflow_vs_b3,incidents,only_dataflow_side,privileged,10006,11,plain,,False,1,0,180000011152,1725743018,True,False,False,0,0,0
tune,dataflow_vs_b3,incidents,only_dataflow_side,privileged,10006,12,plain,,False,1,0,188000006039,3755264553,True,False,False,0,0,0
tune,dataflow_vs_b3,incidents,only_dataflow_side,privileged,10006,16,plain,,False,1,0,310000015393,184522443,True,False,False,0,0,0
tune,dataflow_vs_b3,incidents,only_dataflow_side,privileged,10006,17,plain,,False,1,0,422500007457,7585277571,True,False,False,0,0,0
tune,dataflow_vs_b3,incidents,only_dataflow_side,privileged,10006,18,plain,,True,1,0,426500005964,6199960018,True,False,False,0,0,0
tune,dataflow_vs_b3,incidents,only_dataflow_side,privileged,10006,19,plain,,False,1,0,452000012021,141732828,True,False,False,0,0,0
tune,dataflow_vs_b3,incidents,only_dataflow_side,privileged,10006,20,plain,,True,1,1,469500008490,1780636151,True,False,False,0,0,0
tune,dataflow_vs_b3,incidents,only_dataflow_side,privileged,10006,21,plain,,False,1,1,473500013934,25176989,True,False,False,0,0,0
tune,dataflow_vs_b3,incidents,only_dataflow_side,privileged,10006,3,plain,,True,1,0,43000012119,320841589,True,False,False,0,0,0
tune,dataflow_vs_b3,incidents,only_dataflow_side,privileged,10006,4,hard,split_brain,False,1,1,69000006330,19793962113,True,False,False,1,1,1
tune,dataflow_vs_b3,incidents,only_dataflow_side,privileged,10006,5,plain,,False,1,0,63500007972,3351160179,True,False,False,0,0,0
tune,dataflow_vs_b3,incidents,only_dataflow_side,privileged,10006,6,hard,split_brain,False,1,2,92500003405,22180226813,True,False,False,1,1,1
tune,dataflow_vs_b3,incidents,only_dataflow_side,privileged,10006,7,plain,,False,1,0,86500009132,5193593939,True,False,False,0,0,0
tune,dataflow_vs_b3,incidents,only_dataflow_side,privileged,10006,8,plain,,True,1,0,110000008295,1329372276,True,False,False,0,0,0
tune,dataflow_vs_b3,incidents,only_dataflow_side,privileged,10006,9,plain,,False,1,0,130500010270,3773230548,True,False,False,0,0,0
tune,dataflow_vs_b3,incidents,only_dataflow_side,privileged,10007,0,plain,,False,1,0,19000008273,14921546,True,False,False,0,0,0
tune,dataflow_vs_b3,incidents,only_dataflow_side,privileged,10007,1,plain,,False,2,0,19500010719,136672678,True,False,False,0,0,0
tune,dataflow_vs_b3,incidents,only_dataflow_side,privileged,10007,10,plain,,False,1,0,247500007094,2135022752,True,False,False,0,0,0
tune,dataflow_vs_b3,incidents,only_dataflow_side,privileged,10007,11,plain,,False,1,0,257500006924,646700258,True,False,False,0,0,0
tune,dataflow_vs_b3,incidents,only_dataflow_side,privileged,10007,12,plain,,False,2,1,264000012563,55087582,True,False,False,0,0,0
tune,dataflow_vs_b3,incidents,only_dataflow_side,privileged,10007,14,plain,,False,1,0,305500009490,4299991398,True,False,False,0,0,0
tune,dataflow_vs_b3,incidents,only_dataflow_side,privileged,10007,15,plain,,True,1,0,306500007964,1358260804,True,False,False,0,0,0
tune,dataflow_vs_b3,incidents,only_dataflow_side,privileged,10007,16,plain,,False,1,0,336000011881,490352673,True,False,False,0,0,0
tune,dataflow_vs_b3,incidents,only_dataflow_side,privileged,10007,2,hard,compound,False,1,1,72000002870,21260347215,True,False,False,1,1,1
tune,dataflow_vs_b3,incidents,only_dataflow_side,privileged,10007,20,plain,,False,1,0,428500012294,185295538,True,False,False,0,0,0
tune,dataflow_vs_b3,incidents,only_dataflow_side,privileged,10007,22,plain,,False,1,0,469000009684,403948150,True,False,False,0,0,0
tune,dataflow_vs_b3,incidents,only_dataflow_side,privileged,10007,23,plain,,False,1,0,506500006849,2272161559,True,False,False,0,0,0
tune,dataflow_vs_b3,incidents,only_dataflow_side,privileged,10007,24,plain,,False,1,0,508500008189,732716287,True,False,False,0,0,0
tune,dataflow_vs_b3,incidents,only_dataflow_side,privileged,10007,25,plain,,False,1,0,516500012665,120196025,True,False,False,0,0,0
tune,dataflow_vs_b3,incidents,only_dataflow_side,privileged,10007,3,plain,,False,1,0,81000009218,149568135,True,False,False,0,0,0
tune,dataflow_vs_b3,incidents,only_dataflow_side,privileged,10007,4,decoy,,False,1,0,95000005929,9201166857,False,False,False,0,0,0
tune,dataflow_vs_b3,incidents,only_dataflow_side,privileged,10007,5,plain,,True,1,0,102000008559,3656130463,True,False,False,0,0,0
tune,dataflow_vs_b3,incidents,only_dataflow_side,privileged,10007,6,plain,,False,1,1,135000011879,257526862,True,False,False,0,0,0
tune,dataflow_vs_b3,incidents,only_dataflow_side,privileged,10007,7,plain,,False,1,0,173500008179,449055656,True,False,False,0,0,0
tune,dataflow_vs_b3,incidents,only_dataflow_side,privileged,10007,8,plain,,False,1,0,179500006739,1289997008,True,False,False,0,0,0
tune,dataflow_vs_b3,incidents,only_dataflow_side,privileged,10007,9,plain,,True,1,0,226500007574,2608559850,True,False,False,0,0,0
tune,dataflow_vs_b3,incidents,only_dataflow_side,privileged,10008,0,plain,,False,1,0,15000007789,2366234122,True,False,False,0,0,0
tune,dataflow_vs_b3,incidents,only_dataflow_side,privileged,10008,1,plain,,False,1,0,17000011581,295049876,True,False,False,0,0,0
tune,dataflow_vs_b3,incidents,only_dataflow_side,privileged,10008,10,plain,,True,1,0,175000007810,4844536404,True,False,False,0,0,0
tune,dataflow_vs_b3,incidents,only_dataflow_side,privileged,10008,11,plain,,False,2,0,204000007660,3565281376,True,False,False,0,0,0
tune,dataflow_vs_b3,incidents,only_dataflow_side,privileged,10008,12,hard,compound,True,1,2,234500004070,21909884331,True,False,False,1,1,1
tune,dataflow_vs_b3,incidents,only_dataflow_side,privileged,10008,13,plain,,False,1,0,218500008759,1802849356,True,False,False,0,0,0
tune,dataflow_vs_b3,incidents,only_dataflow_side,privileged,10008,14,plain,,False,1,0,222500013243,400355963,True,False,False,0,0,0
tune,dataflow_vs_b3,incidents,only_dataflow_side,privileged,10008,15,plain,,False,2,0,231000009400,5322104158,True,False,False,0,0,0
tune,dataflow_vs_b3,incidents,only_dataflow_side,privileged,10008,18,plain,,False,1,0,250000015274,2709895036,True,False,False,0,0,0
tune,dataflow_vs_b3,incidents,only_dataflow_side,privileged,10008,19,plain,,False,1,1,278000034725,381806995,True,False,False,0,0,0
tune,dataflow_vs_b3,incidents,only_dataflow_side,privileged,10008,2,plain,,False,1,0,31500010966,384295018,True,False,False,0,0,0
tune,dataflow_vs_b3,incidents,only_dataflow_side,privileged,10008,20,plain,,False,1,0,300500007629,2612882863,True,False,False,0,0,0
tune,dataflow_vs_b3,incidents,only_dataflow_side,privileged,10008,22,plain,,False,1,0,343500009584,2326842891,True,False,False,0,0,0
tune,dataflow_vs_b3,incidents,only_dataflow_side,privileged,10008,23,plain,,False,1,0,372000007439,1840809301,True,False,False,0,0,0
tune,dataflow_vs_b3,incidents,only_dataflow_side,privileged,10008,24,plain,,False,1,0,387000007279,2679054147,True,False,False,0,0,0
tune,dataflow_vs_b3,incidents,only_dataflow_side,privileged,10008,28,hard,split_brain,False,1,1,522500008420,20913086609,True,False,False,1,1,1
tune,dataflow_vs_b3,incidents,only_dataflow_side,privileged,10008,29,plain,,True,1,0,514500007479,1443218327,True,False,False,0,0,0
tune,dataflow_vs_b3,incidents,only_dataflow_side,privileged,10008,3,plain,,True,1,1,103500010069,82203103,True,False,False,0,0,0
tune,dataflow_vs_b3,incidents,only_dataflow_side,privileged,10008,30,hard,slow_leak,False,1,1,538500003145,23754626176,True,False,False,1,1,1
tune,dataflow_vs_b3,incidents,only_dataflow_side,privileged,10008,31,plain,,False,1,1,525500007414,7708498418,True,False,False,0,0,0
tune,dataflow_vs_b3,incidents,only_dataflow_side,privileged,10008,4,plain,,False,1,0,106500012860,244684747,True,False,False,0,0,0
tune,dataflow_vs_b3,incidents,only_dataflow_side,privileged,10008,7,plain,,False,1,0,138500009464,7599099318,True,False,False,0,0,0
tune,dataflow_vs_b3,incidents,only_dataflow_side,privileged,10008,8,plain,,False,1,0,153000006704,1664616399,True,False,False,0,0,0
tune,dataflow_vs_b3,incidents,only_dataflow_side,privileged,10009,0,hard,cascade,False,1,1,25000003465,18597604358,True,False,False,1,1,1
tune,dataflow_vs_b3,incidents,only_dataflow_side,privileged,10009,1,plain,,True,1,0,10500008940,81831990,True,False,False,0,0,0
tune,dataflow_vs_b3,incidents,only_dataflow_side,privileged,10009,11,plain,,False,1,0,185000008244,5652680065,True,False,False,0,0,0
tune,dataflow_vs_b3,incidents,only_dataflow_side,privileged,10009,12,plain,,False,1,0,204000008017,4720190307,True,False,False,0,0,0
tune,dataflow_vs_b3,incidents,only_dataflow_side,privileged,10009,13,plain,,False,1,1,225500009004,6113556830,True,False,False,0,0,0
tune,dataflow_vs_b3,incidents,only_dataflow_side,privileged,10009,14,plain,,False,1,2,320500025993,505506687,True,False,False,0,0,0
tune,dataflow_vs_b3,incidents,only_dataflow_side,privileged,10009,15,plain,,True,1,0,391000005851,3192879272,True,False,False,0,0,0
tune,dataflow_vs_b3,incidents,only_dataflow_side,privileged,10009,16,hard,compound,False,1,1,412000002760,18528370626,True,False,False,1,1,1
tune,dataflow_vs_b3,incidents,only_dataflow_side,privileged,10009,17,plain,,False,1,0,399000006062,4508788970,True,False,False,0,0,0
tune,dataflow_vs_b3,incidents,only_dataflow_side,privileged,10009,18,plain,,False,1,0,422500006064,7130058815,True,False,False,0,0,0
tune,dataflow_vs_b3,incidents,only_dataflow_side,privileged,10009,2,plain,,False,1,0,55500005736,4100933412,True,False,False,0,0,0
tune,dataflow_vs_b3,incidents,only_dataflow_side,privileged,10009,21,plain,,True,1,0,460500010431,559561204,True,False,False,0,0,0
tune,dataflow_vs_b3,incidents,only_dataflow_side,privileged,10009,22,plain,,False,1,0,475000009535,2463290365,True,False,False,0,0,0
tune,dataflow_vs_b3,incidents,only_dataflow_side,privileged,10009,26,plain,,False,1,0,520500007711,15338607304,True,False,False,0,0,0
tune,dataflow_vs_b3,incidents,only_dataflow_side,privileged,10009,3,plain,,False,1,0,60500020923,192115811,True,False,False,0,0,0
tune,dataflow_vs_b3,incidents,only_dataflow_side,privileged,10009,4,plain,,True,1,0,66500011672,4316847063,True,False,False,0,0,0
tune,dataflow_vs_b3,incidents,only_dataflow_side,privileged,10009,6,plain,,False,1,0,79000010086,1173491716,True,False,False,0,0,0
tune,dataflow_vs_b3,incidents,only_dataflow_side,privileged,10009,7,hard,compound,True,1,1,133500004175,23600864072,True,False,False,1,1,1
tune,dataflow_vs_b3,incidents,only_dataflow_side,privileged,10009,8,plain,,False,1,0,150000007511,3671755714,True,False,False,0,0,0
tune,dataflow_vs_b3,incidents,only_dataflow_side,privileged,10009,9,plain,,False,1,1,163000006435,1158092413,True,False,False,0,0,0
tune,dataflow_vs_b3,incidents,only_dataflow_side,privileged,10010,1,plain,,True,1,0,76500006231,529561063,True,False,False,0,0,0
tune,dataflow_vs_b3,incidents,only_dataflow_side,privileged,10010,10,plain,,False,1,0,235000007636,1489448143,True,False,False,0,0,0
tune,dataflow_vs_b3,incidents,only_dataflow_side,privileged,10010,11,plain,,False,1,0,244500009306,1127860366,True,False,False,0,0,0
tune,dataflow_vs_b3,incidents,only_dataflow_side,privileged,10010,12,plain,,False,1,1,270500012021,132376842,True,False,False,0,0,0
tune,dataflow_vs_b3,incidents,only_dataflow_side,privileged,10010,13,plain,,False,1,0,271000013931,212373874,True,False,False,0,0,0
tune,dataflow_vs_b3,incidents,only_dataflow_side,privileged,10010,15,plain,,False,1,0,283500015817,372256146,True,False,False,0,0,0
tune,dataflow_vs_b3,incidents,only_dataflow_side,privileged,10010,16,decoy,,False,1,0,323500008537,8765942350,False,False,False,0,0,0
tune,dataflow_vs_b3,incidents,only_dataflow_side,privileged,10010,17,plain,,True,1,0,338500010747,18923453090,True,False,False,0,0,0
tune,dataflow_vs_b3,incidents,only_dataflow_side,privileged,10010,18,plain,,False,1,0,332500007877,537962781,True,False,False,0,0,0
tune,dataflow_vs_b3,incidents,only_dataflow_side,privileged,10010,19,plain,,False,2,0,366500009592,433358095,True,False,False,0,0,0
tune,dataflow_vs_b3,incidents,only_dataflow_side,privileged,10010,2,decoy,,False,1,0,108000008287,9638370258,False,False,False,0,0,0
tune,dataflow_vs_b3,incidents,only_dataflow_side,privileged,10010,20,plain,,False,1,0,391000015597,1819084336,True,False,False,0,0,0
tune,dataflow_vs_b3,incidents,only_dataflow_side,privileged,10010,21,plain,,False,1,0,391000015597,246014340,True,False,False,0,0,0
tune,dataflow_vs_b3,incidents,only_dataflow_side,privileged,10010,24,hard,compound,False,1,3,437500002125,18746023441,True,False,False,2,1,1
tune,dataflow_vs_b3,incidents,only_dataflow_side,privileged,10010,25,plain,,False,1,1,450500007008,9137020620,True,False,False,0,0,0
tune,dataflow_vs_b3,incidents,only_dataflow_side,privileged,10010,27,plain,,False,1,0,490000008902,3225383452,True,False,False,0,0,0
tune,dataflow_vs_b3,incidents,only_dataflow_side,privileged,10010,28,plain,,False,1,1,494000011706,189949080,True,False,False,0,0,0
tune,dataflow_vs_b3,incidents,only_dataflow_side,privileged,10010,29,plain,,True,1,0,506500009875,7119026594,True,False,False,0,0,0
tune,dataflow_vs_b3,incidents,only_dataflow_side,privileged,10010,3,plain,,False,1,1,104500016876,424508551,True,False,False,0,0,0
tune,dataflow_vs_b3,incidents,only_dataflow_side,privileged,10010,30,decoy,,False,1,0,513500009132,10356493525,False,False,False,0,0,0
tune,dataflow_vs_b3,incidents,only_dataflow_side,privileged,10010,31,plain,,False,1,0,519000006352,5696913919,True,False,False,0,0,0
tune,dataflow_vs_b3,incidents,only_dataflow_side,privileged,10010,4,plain,,False,1,0,119000007041,1479997830,True,False,False,0,0,0
tune,dataflow_vs_b3,incidents,only_dataflow_side,privileged,10010,5,plain,,False,1,0,124500011206,319926379,True,False,False,0,0,0
tune,dataflow_vs_b3,incidents,only_dataflow_side,privileged,10010,6,decoy,,False,1,1,204500006596,23583813103,False,False,False,0,0,0
tune,dataflow_vs_b3,incidents,only_dataflow_side,privileged,10010,7,plain,,False,1,0,198500013270,496496554,True,False,False,0,0,0
tune,dataflow_vs_b3,incidents,only_dataflow_side,privileged,10010,8,plain,,True,1,0,207500007737,3754467986,True,False,False,0,0,0
tune,dataflow_vs_b3,incidents,only_dataflow_side,privileged,10010,9,plain,,False,1,0,223000006426,3769596632,True,False,False,0,0,0
tune,dataflow_vs_b3,incidents,only_dataflow_side,privileged,10011,1,plain,,True,1,0,161000008362,123854873,True,False,False,0,0,0
tune,dataflow_vs_b3,incidents,only_dataflow_side,privileged,10011,10,plain,,False,1,0,391000009632,43715819,True,False,False,0,0,0
tune,dataflow_vs_b3,incidents,only_dataflow_side,privileged,10011,11,plain,,False,1,1,454000022023,79050461,True,False,False,0,0,0
tune,dataflow_vs_b3,incidents,only_dataflow_side,privileged,10011,12,plain,,False,1,0,495000011700,312078165,True,False,False,0,0,0
tune,dataflow_vs_b3,incidents,only_dataflow_side,privileged,10011,13,plain,,False,1,0,521500011467,153093188,True,False,False,0,0,0
tune,dataflow_vs_b3,incidents,only_dataflow_side,privileged,10011,3,plain,,False,1,0,210500007207,156760893,True,False,False,0,0,0
tune,dataflow_vs_b3,incidents,only_dataflow_side,privileged,10011,4,plain,,False,1,0,211500009363,263414713,True,False,False,0,0,0
tune,dataflow_vs_b3,incidents,only_dataflow_side,privileged,10011,5,plain,,False,1,1,220500010698,309965673,True,False,False,0,0,0
tune,dataflow_vs_b3,incidents,only_dataflow_side,privileged,10011,6,decoy,,False,1,0,231000006678,8076980821,False,False,False,0,0,0
tune,dataflow_vs_b3,incidents,only_dataflow_side,privileged,10011,7,plain,,False,1,0,244500018740,240925009,True,False,False,0,0,0
tune,dataflow_vs_b3,incidents,only_dataflow_side,privileged,10011,9,plain,,False,2,0,380000004613,3585706141,True,False,False,0,0,0
tune,dataflow_vs_b3,incidents,only_dataflow_side,privileged,10012,0,plain,,False,1,2,5500020904,388525328,True,False,False,0,0,0
tune,dataflow_vs_b3,incidents,only_dataflow_side,privileged,10012,10,plain,,False,1,0,188000006553,7056503168,True,False,False,0,0,0
tune,dataflow_vs_b3,incidents,only_dataflow_side,privileged,10012,14,plain,,False,1,0,387000012868,122380011,True,False,False,0,0,0
tune,dataflow_vs_b3,incidents,only_dataflow_side,privileged,10012,15,plain,,False,1,0,472000007804,598446553,True,False,False,0,0,0
tune,dataflow_vs_b3,incidents,only_dataflow_side,privileged,10012,16,plain,,False,1,2,485500032502,141143853,True,False,False,0,0,0
tune,dataflow_vs_b3,incidents,only_dataflow_side,privileged,10012,2,plain,,False,1,0,12000010970,97777481,True,False,False,0,0,0
tune,dataflow_vs_b3,incidents,only_dataflow_side,privileged,10012,20,plain,,False,1,0,532000008831,4877246155,True,False,False,0,0,0
tune,dataflow_vs_b3,incidents,only_dataflow_side,privileged,10012,3,plain,,True,1,0,52500007148,6008769899,True,False,False,0,0,0
tune,dataflow_vs_b3,incidents,only_dataflow_side,privileged,10012,4,plain,,False,1,0,80500007365,1592375573,True,False,False,0,0,0
tune,dataflow_vs_b3,incidents,only_dataflow_side,privileged,10012,5,plain,,False,1,0,92000006345,4598344816,True,False,False,0,0,0
tune,dataflow_vs_b3,incidents,only_dataflow_side,privileged,10012,7,plain,,False,1,1,102500015611,115938077,True,False,False,0,0,0
tune,dataflow_vs_b3,incidents,only_dataflow_side,privileged,10012,8,plain,,True,1,0,132500008433,23880241690,False,True,True,0,0,0
tune,dataflow_vs_b3,incidents,only_dataflow_side,privileged,10013,0,plain,,False,1,0,19000007799,18062524,True,False,False,0,0,0
tune,dataflow_vs_b3,incidents,only_dataflow_side,privileged,10013,1,plain,,False,1,0,33000009020,260097678,True,False,False,0,0,0
tune,dataflow_vs_b3,incidents,only_dataflow_side,privileged,10013,10,plain,,False,1,0,248000008585,906693440,True,False,False,0,0,0
tune,dataflow_vs_b3,incidents,only_dataflow_side,privileged,10013,11,plain,,False,1,0,267000008659,1877829441,True,False,False,0,0,0
tune,dataflow_vs_b3,incidents,only_dataflow_side,privileged,10013,12,plain,,True,1,0,293500008505,4503776163,True,False,False,0,0,0
tune,dataflow_vs_b3,incidents,only_dataflow_side,privileged,10013,13,plain,,False,1,0,307000006360,5762761725,True,False,False,0,0,0
tune,dataflow_vs_b3,incidents,only_dataflow_side,privileged,10013,15,plain,,False,1,0,330000017417,2346087051,True,False,False,0,0,0
tune,dataflow_vs_b3,incidents,only_dataflow_side,privileged,10013,16,plain,,False,1,0,330000017417,39047432,True,False,False,0,0,0
tune,dataflow_vs_b3,incidents,only_dataflow_side,privileged,10013,17,plain,,True,1,0,336500019181,2075800169,True,False,False,0,0,0
tune,dataflow_vs_b3,incidents,only_dataflow_side,privileged,10013,18,plain,,False,1,0,336500019181,37959919,True,False,False,0,0,0
tune,dataflow_vs_b3,incidents,only_dataflow_side,privileged,10013,19,plain,,False,1,0,372500008564,3712016622,True,False,False,0,0,0
tune,dataflow_vs_b3,incidents,only_dataflow_side,privileged,10013,2,plain,,True,1,0,112000006139,4269953189,True,False,False,0,0,0
tune,dataflow_vs_b3,incidents,only_dataflow_side,privileged,10013,20,plain,,False,1,0,393500008904,2536241775,True,False,False,0,0,0
tune,dataflow_vs_b3,incidents,only_dataflow_side,privileged,10013,21,plain,,False,1,0,404500010735,411597163,True,False,False,0,0,0
tune,dataflow_vs_b3,incidents,only_dataflow_side,privileged,10013,22,plain,,False,1,1,426500012466,578691402,True,False,False,0,0,0
tune,dataflow_vs_b3,incidents,only_dataflow_side,privileged,10013,24,plain,,False,1,0,452000018961,2071569511,True,False,False,0,0,0
tune,dataflow_vs_b3,incidents,only_dataflow_side,privileged,10013,25,plain,,False,1,0,452000018961,255016182,True,False,False,0,0,0
tune,dataflow_vs_b3,incidents,only_dataflow_side,privileged,10013,26,plain,,False,1,0,459500008185,1448702239,True,False,False,0,0,0
tune,dataflow_vs_b3,incidents,only_dataflow_side,privileged,10013,27,plain,,False,1,0,498500007575,1256003914,True,False,False,0,0,0
tune,dataflow_vs_b3,incidents,only_dataflow_side,privileged,10013,28,plain,,False,1,0,504000017214,2905993996,True,False,False,0,0,0
tune,dataflow_vs_b3,incidents,only_dataflow_side,privileged,10013,29,plain,,False,1,1,529000007554,1159591411,True,False,False,0,0,0
tune,dataflow_vs_b3,incidents,only_dataflow_side,privileged,10013,3,plain,,False,1,0,122500006999,5365334382,True,False,False,0,0,0
tune,dataflow_vs_b3,incidents,only_dataflow_side,privileged,10013,4,plain,,False,1,0,173000011280,453397886,True,False,False,0,0,0
tune,dataflow_vs_b3,incidents,only_dataflow_side,privileged,10013,5,plain,,False,1,0,199000009079,463760694,True,False,False,0,0,0
tune,dataflow_vs_b3,incidents,only_dataflow_side,privileged,10013,6,plain,,False,1,0,206500015487,413553793,True,False,False,0,0,0
tune,dataflow_vs_b3,incidents,only_dataflow_side,privileged,10013,7,plain,,False,1,0,230500007511,796658812,True,False,False,0,0,0
tune,dataflow_vs_b3,incidents,only_dataflow_side,privileged,10013,8,plain,,True,1,0,247000010384,1346600245,True,False,False,0,0,0
tune,dataflow_vs_b3,incidents,only_dataflow_side,privileged,10013,9,plain,,True,1,0,247500017378,556503960,True,False,False,0,0,0
tune,dataflow_vs_b3,incidents,only_dataflow_side,privileged,10014,0,plain,,False,1,0,20000006596,362036661,True,False,False,0,0,0
tune,dataflow_vs_b3,incidents,only_dataflow_side,privileged,10014,1,plain,,False,1,0,42500012136,299527772,True,False,False,0,0,0
tune,dataflow_vs_b3,incidents,only_dataflow_side,privileged,10014,10,plain,,False,1,0,190500010160,4034947197,True,False,False,0,0,0
tune,dataflow_vs_b3,incidents,only_dataflow_side,privileged,10014,12,plain,,False,1,0,280500005993,1849226959,True,False,False,0,0,0
tune,dataflow_vs_b3,incidents,only_dataflow_side,privileged,10014,13,plain,,False,1,0,291500009552,41540753,True,False,False,0,0,0
tune,dataflow_vs_b3,incidents,only_dataflow_side,privileged,10014,14,plain,,False,1,0,321000006747,3454300608,True,False,False,0,0,0
tune,dataflow_vs_b3,incidents,only_dataflow_side,privileged,10014,15,plain,,False,1,1,349000008184,13838787025,True,False,False,0,0,0
tune,dataflow_vs_b3,incidents,only_dataflow_side,privileged,10014,16,plain,,False,1,0,358000014082,207701429,True,False,False,0,0,0
tune,dataflow_vs_b3,incidents,only_dataflow_side,privileged,10014,17,plain,,False,1,0,396500007953,4530535252,True,False,False,0,0,0
tune,dataflow_vs_b3,incidents,only_dataflow_side,privileged,10014,19,plain,,False,1,0,495000006053,2365721526,True,False,False,0,0,0
tune,dataflow_vs_b3,incidents,only_dataflow_side,privileged,10014,20,plain,,False,1,0,542000005743,3651283572,True,False,False,0,0,0
tune,dataflow_vs_b3,incidents,only_dataflow_side,privileged,10014,5,plain,,False,1,1,112000008016,4387401456,True,False,False,0,0,0
tune,dataflow_vs_b3,incidents,only_dataflow_side,privileged,10014,6,plain,,False,1,0,113000007178,4059706500,True,False,False,0,0,0
tune,dataflow_vs_b3,incidents,only_dataflow_side,privileged,10014,7,plain,,False,1,0,132000010872,2454640607,True,False,False,0,0,0
tune,dataflow_vs_b3,incidents,only_dataflow_side,privileged,10014,9,plain,,False,1,0,184500010076,403890838,True,False,False,0,0,0
tune,dataflow_vs_b3,incidents,only_dataflow_side,privileged,10015,0,plain,,False,1,0,12000006224,3086487302,True,False,False,0,0,0
tune,dataflow_vs_b3,incidents,only_dataflow_side,privileged,10015,1,plain,,True,1,0,40000008128,511474821,True,False,False,0,0,0
tune,dataflow_vs_b3,incidents,only_dataflow_side,privileged,10015,11,plain,,False,1,0,239500015645,329104030,True,False,False,0,0,0
tune,dataflow_vs_b3,incidents,only_dataflow_side,privileged,10015,13,plain,,False,1,1,313500006505,1995833222,True,False,False,0,0,0
tune,dataflow_vs_b3,incidents,only_dataflow_side,privileged,10015,14,plain,,False,1,1,328500011530,7612624264,True,False,False,0,0,0
tune,dataflow_vs_b3,incidents,only_dataflow_side,privileged,10015,15,plain,,False,1,0,366500007608,8266775147,True,False,False,0,0,0
tune,dataflow_vs_b3,incidents,only_dataflow_side,privileged,10015,16,plain,,False,1,0,373000006284,691826876,True,False,False,0,0,0
tune,dataflow_vs_b3,incidents,only_dataflow_side,privileged,10015,17,plain,,False,1,0,392500017897,426563753,True,False,False,0,0,0
tune,dataflow_vs_b3,incidents,only_dataflow_side,privileged,10015,18,plain,,False,1,0,417000010889,1299512454,True,False,False,0,0,0
tune,dataflow_vs_b3,incidents,only_dataflow_side,privileged,10015,19,plain,,True,1,0,428500012433,354857553,True,False,False,0,0,0
tune,dataflow_vs_b3,incidents,only_dataflow_side,privileged,10015,2,plain,,False,2,0,88500005633,7742385837,True,False,False,0,0,0
tune,dataflow_vs_b3,incidents,only_dataflow_side,privileged,10015,21,plain,,True,1,0,475500006160,2939049436,True,False,False,0,0,0
tune,dataflow_vs_b3,incidents,only_dataflow_side,privileged,10015,22,plain,,False,1,0,536500006655,3462260948,True,False,False,0,0,0
tune,dataflow_vs_b3,incidents,only_dataflow_side,privileged,10015,3,plain,,False,1,1,84000005854,706099807,True,False,False,0,0,0
tune,dataflow_vs_b3,incidents,only_dataflow_side,privileged,10015,4,plain,,True,1,0,148000006854,612096451,True,False,False,0,0,0
tune,dataflow_vs_b3,incidents,only_dataflow_side,privileged,10015,5,plain,,False,1,1,200500007516,30988046054,True,False,False,0,0,0
tune,dataflow_vs_b3,incidents,only_dataflow_side,privileged,10015,8,plain,,False,1,0,217000010976,246126948,True,False,False,0,0,0
tune,dataflow_vs_b3,incidents,only_dataflow_side,privileged,10015,9,plain,,False,1,0,236500006966,7700570193,True,False,False,0,0,0
tune,dataflow_vs_b3,incidents,only_dataflow_side,privileged,10016,0,plain,,False,1,0,9000007412,133624251,True,False,False,0,0,0
tune,dataflow_vs_b3,incidents,only_dataflow_side,privileged,10016,1,plain,,False,1,0,31500007872,2202965149,True,False,False,0,0,0
tune,dataflow_vs_b3,incidents,only_dataflow_side,privileged,10016,10,plain,,True,1,0,173000008262,5188241155,True,False,False,0,0,0
tune,dataflow_vs_b3,incidents,only_dataflow_side,privileged,10016,11,plain,,False,1,0,182500008897,1492417904,True,False,False,0,0,0
tune,dataflow_vs_b3,incidents,only_dataflow_side,privileged,10016,13,plain,,False,1,0,244000007224,5229148131,True,False,False,0,0,0
tune,dataflow_vs_b3,incidents,only_dataflow_side,privileged,10016,14,plain,,False,1,0,264000006064,6693952490,True,False,False,0,0,0
tune,dataflow_vs_b3,incidents,only_dataflow_side,privileged,10016,15,plain,,False,1,0,281000011633,3139609242,True,False,False,0,0,0
tune,dataflow_vs_b3,incidents,only_dataflow_side,privileged,10016,16,hard,compound,True,1,1,301500002685,20974631199,True,False,False,1,1,1
tune,dataflow_vs_b3,incidents,only_dataflow_side,privileged,10016,17,plain,,False,1,0,313500011927,9542193681,True,False,False,0,0,0
tune,dataflow_vs_b3,incidents,only_dataflow_side,privileged,10016,18,plain,,False,2,0,316000008914,2794291251,True,False,False,0,0,0
tune,dataflow_vs_b3,incidents,only_dataflow_side,privileged,10016,19,plain,,False,1,0,339000007984,3652329673,True,False,False,0,0,0
tune,dataflow_vs_b3,incidents,only_dataflow_side,privileged,10016,21,plain,,False,1,0,380000008132,1684631493,True,False,False,0,0,0
tune,dataflow_vs_b3,incidents,only_dataflow_side,privileged,10016,22,plain,,False,1,0,394000013251,283110225,True,False,False,0,0,0
tune,dataflow_vs_b3,incidents,only_dataflow_side,privileged,10016,23,plain,,True,1,0,483000005709,3088005712,True,False,False,0,0,0
tune,dataflow_vs_b3,incidents,only_dataflow_side,privileged,10016,25,plain,,False,1,0,520000007128,3357891385,True,False,False,0,0,0
tune,dataflow_vs_b3,incidents,only_dataflow_side,privileged,10016,3,plain,,False,1,0,79000010958,190751916,True,False,False,0,0,0
tune,dataflow_vs_b3,incidents,only_dataflow_side,privileged,10016,6,plain,,True,1,0,129000006008,4862277810,True,False,False,0,0,0
tune,dataflow_vs_b3,incidents,only_dataflow_side,privileged,10016,7,plain,,False,1,0,144000007710,13514860564,True,False,False,0,0,0
tune,dataflow_vs_b3,incidents,only_dataflow_side,privileged,10016,8,plain,,False,1,0,140500009813,2306238233,True,False,False,0,0,0
tune,dataflow_vs_b3,incidents,only_dataflow_side,privileged,10016,9,plain,,True,1,0,153500008734,6175365580,True,False,False,0,0,0
tune,dataflow_vs_b3,incidents,only_dataflow_side,privileged,10017,0,plain,,False,1,0,3500010578,346369370,True,False,False,0,0,0
tune,dataflow_vs_b3,incidents,only_dataflow_side,privileged,10017,1,plain,,False,1,0,20000005902,998420909,True,False,False,0,0,0
tune,dataflow_vs_b3,incidents,only_dataflow_side,privileged,10017,10,plain,,False,1,0,240500015034,463005538,True,False,False,0,0,0
tune,dataflow_vs_b3,incidents,only_dataflow_side,privileged,10017,11,plain,,False,2,0,256000010003,3390957021,True,False,False,0,0,0
tune,dataflow_vs_b3,incidents,only_dataflow_side,privileged,10017,13,plain,,False,1,0,268500007843,4398786883,True,False,False,0,0,0
tune,dataflow_vs_b3,incidents,only_dataflow_side,privileged,10017,15,plain,,False,1,0,299000017328,343341936,True,False,False,0,0,0
tune,dataflow_vs_b3,incidents,only_dataflow_side,privileged,10017,16,plain,,False,1,0,319500011777,6167775073,True,False,False,0,0,0
tune,dataflow_vs_b3,incidents,only_dataflow_side,privileged,10017,2,plain,,False,1,0,34000006422,2128566171,True,False,False,0,0,0
tune,dataflow_vs_b3,incidents,only_dataflow_side,privileged,10017,20,plain,,False,1,0,413000012676,2801950543,True,False,False,0,0,0
tune,dataflow_vs_b3,incidents,only_dataflow_side,privileged,10017,21,plain,,False,1,1,414500007712,3172926524,True,False,False,0,0,0
tune,dataflow_vs_b3,incidents,only_dataflow_side,privileged,10017,23,plain,,True,1,0,429500007078,1347980995,True,False,False,0,0,0
tune,dataflow_vs_b3,incidents,only_dataflow_side,privileged,10017,24,plain,,False,1,0,438000009084,3326524528,True,False,False,0,0,0
tune,dataflow_vs_b3,incidents,only_dataflow_side,privileged,10017,25,plain,,False,1,0,448500015299,472566355,True,False,False,0,0,0
tune,dataflow_vs_b3,incidents,only_dataflow_side,privileged,10017,26,plain,,False,1,0,456500009189,2727994394,True,False,False,0,0,0
tune,dataflow_vs_b3,incidents,only_dataflow_side,privileged,10017,27,plain,,False,1,0,475500010218,339082068,True,False,False,0,0,0
tune,dataflow_vs_b3,incidents,only_dataflow_side,privileged,10017,29,plain,,False,1,0,499000014250,4688791364,True,False,False,0,0,0
tune,dataflow_vs_b3,incidents,only_dataflow_side,privileged,10017,30,plain,,False,1,1,495500024174,272791254,True,False,False,0,0,0
tune,dataflow_vs_b3,incidents,only_dataflow_side,privileged,10017,4,plain,,False,1,0,81500008578,4013106639,True,False,False,0,0,0
tune,dataflow_vs_b3,incidents,only_dataflow_side,privileged,10017,6,plain,,False,1,0,177000010188,203725602,True,False,False,0,0,0
tune,dataflow_vs_b3,incidents,only_dataflow_side,privileged,10017,7,plain,,True,1,0,201000011963,124552772,True,False,False,0,0,0
tune,dataflow_vs_b3,incidents,only_dataflow_side,privileged,10017,8,plain,,False,2,0,216500012844,4936658030,True,False,False,0,0,0
tune,dataflow_vs_b3,incidents,only_dataflow_side,privileged,10017,9,plain,,False,1,0,231500007983,19158926239,True,False,False,0,0,0
tune,dataflow_vs_b3,incidents,only_dataflow_side,privileged,10018,1,plain,,False,1,0,58500007076,4678081658,True,False,False,0,0,0
tune,dataflow_vs_b3,incidents,only_dataflow_side,privileged,10018,11,plain,,False,1,0,346500007116,3476306583,True,False,False,0,0,0
tune,dataflow_vs_b3,incidents,only_dataflow_side,privileged,10018,12,plain,,False,1,0,398000014283,76733785,True,False,False,0,0,0
tune,dataflow_vs_b3,incidents,only_dataflow_side,privileged,10018,13,plain,,False,1,0,403500013091,337991319,True,False,False,0,0,0
tune,dataflow_vs_b3,incidents,only_dataflow_side,privileged,10018,14,plain,,False,1,0,427000012556,360123864,True,False,False,0,0,0
tune,dataflow_vs_b3,incidents,only_dataflow_side,privileged,10018,15,plain,,False,1,0,468500014071,884625202,True,False,False,0,0,0
tune,dataflow_vs_b3,incidents,only_dataflow_side,privileged,10018,16,plain,,False,1,0,477000006806,633299184,True,False,False,0,0,0
tune,dataflow_vs_b3,incidents,only_dataflow_side,privileged,10018,17,plain,,False,1,0,523500007431,1474767251,True,False,False,0,0,0
tune,dataflow_vs_b3,incidents,only_dataflow_side,privileged,10018,4,plain,,False,1,0,128500008341,2398596689,True,False,False,0,0,0
tune,dataflow_vs_b3,incidents,only_dataflow_side,privileged,10018,5,plain,,False,1,1,155000007221,3144864604,True,False,False,0,0,0
tune,dataflow_vs_b3,incidents,only_dataflow_side,privileged,10018,6,plain,,False,1,0,163500007356,1494913292,True,False,False,0,0,0
tune,dataflow_vs_b3,incidents,only_dataflow_side,privileged,10018,7,plain,,False,1,0,166000007691,3028485903,True,False,False,0,0,0
tune,dataflow_vs_b3,incidents,only_dataflow_side,privileged,10018,8,plain,,False,1,0,214500008575,11665739553,True,False,False,0,0,0
tune,dataflow_vs_b3,incidents,only_dataflow_side,privileged,10018,9,hard,compound,True,1,1,252500001690,18846798967,True,False,False,1,1,1
tune,dataflow_vs_b3,incidents,only_dataflow_side,privileged,10019,0,plain,,False,2,0,59500005597,3033169559,True,False,False,0,0,0
tune,dataflow_vs_b3,incidents,only_dataflow_side,privileged,10019,1,plain,,False,1,2,64500022803,88114830,True,False,False,0,0,0
tune,dataflow_vs_b3,incidents,only_dataflow_side,privileged,10019,10,plain,,False,1,1,244000024605,452363424,True,False,False,0,0,0
tune,dataflow_vs_b3,incidents,only_dataflow_side,privileged,10019,12,plain,,False,1,0,310000006562,1136689475,True,False,False,0,0,0
tune,dataflow_vs_b3,incidents,only_dataflow_side,privileged,10019,13,plain,,False,1,0,334500006704,5205686204,True,False,False,0,0,0
tune,dataflow_vs_b3,incidents,only_dataflow_side,privileged,10019,14,plain,,True,1,0,344000011548,529093206,True,False,False,0,0,0
tune,dataflow_vs_b3,incidents,only_dataflow_side,privileged,10019,16,plain,,False,1,1,347000025942,241710783,True,False,False,0,0,0
tune,dataflow_vs_b3,incidents,only_dataflow_side,privileged,10019,17,plain,,False,1,0,361500021051,53004569,True,False,False,0,0,0
tune,dataflow_vs_b3,incidents,only_dataflow_side,privileged,10019,18,plain,,False,1,0,423000005549,4033615988,True,False,False,0,0,0
tune,dataflow_vs_b3,incidents,only_dataflow_side,privileged,10019,19,plain,,False,1,1,469000007253,3824011855,True,False,False,0,0,0
tune,dataflow_vs_b3,incidents,only_dataflow_side,privileged,10019,21,plain,,False,1,0,497500014576,154386213,True,False,False,0,0,0
tune,dataflow_vs_b3,incidents,only_dataflow_side,privileged,10019,22,plain,,True,1,0,534000006838,1817099185,True,False,False,0,0,0
tune,dataflow_vs_b3,incidents,only_dataflow_side,privileged,10019,3,plain,,False,1,0,76500013753,496104181,True,False,False,0,0,0
tune,dataflow_vs_b3,incidents,only_dataflow_side,privileged,10019,4,plain,,False,1,1,100000012182,1550165453,True,False,False,0,0,0
tune,dataflow_vs_b3,incidents,only_dataflow_side,privileged,10019,5,plain,,True,1,0,128000009063,2610508456,True,False,False,0,0,0
tune,dataflow_vs_b3,incidents,only_dataflow_side,privileged,10019,6,plain,,False,1,0,141000022323,5617238468,True,False,False,0,0,0
tune,dataflow_vs_b3,incidents,only_dataflow_side,privileged,10019,7,plain,,False,1,0,145000012853,426777010,True,False,False,0,0,0
tune,dataflow_vs_b3,incidents,only_dataflow_side,privileged,10019,8,plain,,False,1,0,233000006072,2186530943,True,False,False,0,0,0
tune,dataflow_vs_b3,incidents,only_dataflow_side,privileged,10020,0,plain,,False,1,0,19000008598,325959785,True,False,False,0,0,0
tune,dataflow_vs_b3,incidents,only_dataflow_side,privileged,10020,1,plain,,False,1,0,23500005488,2907382598,True,False,False,0,0,0
tune,dataflow_vs_b3,incidents,only_dataflow_side,privileged,10020,11,plain,,False,1,0,320500013868,183106230,True,False,False,0,0,0
tune,dataflow_vs_b3,incidents,only_dataflow_side,privileged,10020,14,plain,,False,1,0,359000012834,286824964,True,False,False,0,0,0
tune,dataflow_vs_b3,incidents,only_dataflow_side,privileged,10020,15,plain,,False,1,0,383000011199,23638225222,True,False,False,0,0,0
tune,dataflow_vs_b3,incidents,only_dataflow_side,privileged,10020,17,plain,,False,1,0,401500008827,1612617154,True,False,False,0,0,0
tune,dataflow_vs_b3,incidents,only_dataflow_side,privileged,10020,20,plain,,False,1,0,440000007037,38002394,True,False,False,0,0,0
tune,dataflow_vs_b3,incidents,only_dataflow_side,privileged,10020,21,plain,,False,1,0,451500008037,6620972594,True,False,False,0,0,0
tune,dataflow_vs_b3,incidents,only_dataflow_side,privileged,10020,22,hard,split_brain,True,1,2,468500003095,21854632998,True,False,False,2,1,1
tune,dataflow_vs_b3,incidents,only_dataflow_side,privileged,10020,24,plain,,True,1,0,502000007759,14916709171,True,False,False,0,0,0
tune,dataflow_vs_b3,incidents,only_dataflow_side,privileged,10020,3,hard,compound,False,1,1,98000001785,21410146308,True,False,False,1,1,1
tune,dataflow_vs_b3,incidents,only_dataflow_side,privileged,10020,4,plain,,False,1,0,118000008334,7752697123,True,False,False,0,0,0
tune,dataflow_vs_b3,incidents,only_dataflow_side,privileged,10020,5,plain,,False,1,0,162000006394,1339099802,True,False,False,0,0,0
tune,dataflow_vs_b3,incidents,only_dataflow_side,privileged,10020,6,plain,,False,1,0,172000007308,2314127145,True,False,False,0,0,0
tune,dataflow_vs_b3,incidents,only_dataflow_side,privileged,10020,8,plain,,False,1,0,196000006419,3668054079,True,False,False,0,0,0
tune,dataflow_vs_b3,incidents,only_dataflow_side,privileged,10021,0,plain,,True,1,0,3000006926,508293913,True,False,False,0,0,0
tune,dataflow_vs_b3,incidents,only_dataflow_side,privileged,10021,1,plain,,False,1,0,13000009016,703852983,True,False,False,0,0,0
tune,dataflow_vs_b3,incidents,only_dataflow_side,privileged,10021,10,plain,,True,1,0,342000006981,3075404482,True,False,False,0,0,0
tune,dataflow_vs_b3,incidents,only_dataflow_side,privileged,10021,11,plain,,False,1,0,350000007048,8690846208,True,False,False,0,0,0
tune,dataflow_vs_b3,incidents,only_dataflow_side,privileged,10021,12,plain,,False,1,0,379500012056,246865593,True,False,False,0,0,0
tune,dataflow_vs_b3,incidents,only_dataflow_side,privileged,10021,14,plain,,False,1,4,395500019383,630948251,True,False,False,0,0,0
tune,dataflow_vs_b3,incidents,only_dataflow_side,privileged,10021,15,plain,,False,1,0,398000030671,232636901,True,False,False,0,0,0
tune,dataflow_vs_b3,incidents,only_dataflow_side,privileged,10021,16,plain,,False,1,0,418500009492,5538295062,True,False,False,0,0,0
tune,dataflow_vs_b3,incidents,only_dataflow_side,privileged,10021,17,plain,,False,1,0,415500009626,540692382,True,False,False,0,0,0
tune,dataflow_vs_b3,incidents,only_dataflow_side,privileged,10021,18,plain,,False,1,0,421000010191,1708763591,True,False,False,0,0,0
tune,dataflow_vs_b3,incidents,only_dataflow_side,privileged,10021,2,plain,,False,1,0,40000007226,786089468,True,False,False,0,0,0
tune,dataflow_vs_b3,incidents,only_dataflow_side,privileged,10021,20,plain,,False,1,0,460000009163,4429112656,True,False,False,0,0,0
tune,dataflow_vs_b3,incidents,only_dataflow_side,privileged,10021,4,plain,,False,1,3,76500038208,241725154,True,False,False,0,0,0
tune,dataflow_vs_b3,incidents,only_dataflow_side,privileged,10021,5,plain,,False,1,0,118500023644,238928600,True,False,False,0,0,0
tune,dataflow_vs_b3,incidents,only_dataflow_side,privileged,10021,6,plain,,False,1,0,204500010856,206854271,True,False,False,0,0,0
tune,dataflow_vs_b3,incidents,only_dataflow_side,privileged,10021,8,hard,compound,False,1,2,263000001785,18753905262,True,False,False,1,1,1
tune,dataflow_vs_b3,incidents,only_dataflow_side,privileged,10021,9,plain,,False,1,0,302000006037,2580786687,True,False,False,0,0,0
tune,dataflow_vs_b3,incidents,only_dataflow_side,privileged,10022,0,plain,,False,1,0,2500005262,1579697268,True,False,False,0,0,0
tune,dataflow_vs_b3,incidents,only_dataflow_side,privileged,10022,1,plain,,False,1,0,43500005719,4305920059,True,False,False,0,0,0
tune,dataflow_vs_b3,incidents,only_dataflow_side,privileged,10022,10,plain,,False,1,0,239500007658,4434975257,True,False,False,0,0,0
tune,dataflow_vs_b3,incidents,only_dataflow_side,privileged,10022,12,plain,,False,1,0,267500006743,2106235271,True,False,False,0,0,0
tune,dataflow_vs_b3,incidents,only_dataflow_side,privileged,10022,13,plain,,False,1,0,294500013228,242840633,True,False,False,0,0,0
tune,dataflow_vs_b3,incidents,only_dataflow_side,privileged,10022,14,plain,,False,1,0,311500007602,5228176485,True,False,False,0,0,0
tune,dataflow_vs_b3,incidents,only_dataflow_side,privileged,10022,15,hard,slow_leak,True,1,1,354500002510,27007081541,True,False,False,1,1,1
tune,dataflow_vs_b3,incidents,only_dataflow_side,privileged,10022,16,plain,,False,1,0,341000014138,196505864,True,False,False,0,0,0
tune,dataflow_vs_b3,incidents,only_dataflow_side,privileged,10022,17,plain,,False,1,0,391500007018,3944490683,True,False,False,0,0,0
tune,dataflow_vs_b3,incidents,only_dataflow_side,privileged,10022,18,plain,,False,1,0,405500007913,2655187376,True,False,False,0,0,0
tune,dataflow_vs_b3,incidents,only_dataflow_side,privileged,10022,19,plain,,False,1,0,405000011585,809225900,True,False,False,0,0,0
tune,dataflow_vs_b3,incidents,only_dataflow_side,privileged,10022,20,plain,,False,1,0,428500008772,174631220,True,False,False,0,0,0
tune,dataflow_vs_b3,incidents,only_dataflow_side,privileged,10022,21,plain,,False,1,0,436000008293,1436248666,True,False,False,0,0,0
tune,dataflow_vs_b3,incidents,only_dataflow_side,privileged,10022,22,plain,,False,1,1,489000023044,233146323,True,False,False,0,0,0
tune,dataflow_vs_b3,incidents,only_dataflow_side,privileged,10022,23,hard,compound,False,1,1,519500002580,22059376499,True,False,False,1,1,1
tune,dataflow_vs_b3,incidents,only_dataflow_side,privileged,10022,24,plain,,False,1,0,533500007842,3381911933,True,False,False,0,0,0
tune,dataflow_vs_b3,incidents,only_dataflow_side,privileged,10022,3,plain,,False,1,0,55000021568,173734657,True,False,False,0,0,0
tune,dataflow_vs_b3,incidents,only_dataflow_side,privileged,10022,5,plain,,False,1,0,99500006788,3576233535,True,False,False,0,0,0
tune,dataflow_vs_b3,incidents,only_dataflow_side,privileged,10022,6,plain,,False,2,0,114500013338,353395956,True,False,False,0,0,0
tune,dataflow_vs_b3,incidents,only_dataflow_side,privileged,10022,7,plain,,False,1,0,130500009871,8444720096,True,False,False,0,0,0
tune,dataflow_vs_b3,incidents,only_dataflow_side,privileged,10022,8,plain,,False,1,0,182000006543,5124115535,True,False,False,0,0,0
tune,dataflow_vs_b3,incidents,only_dataflow_side,privileged,10023,0,plain,,False,1,0,8000007920,311705755,True,False,False,0,0,0
tune,dataflow_vs_b3,incidents,only_dataflow_side,privileged,10023,1,plain,,False,1,0,68500007134,10403531897,True,False,False,0,0,0
tune,dataflow_vs_b3,incidents,only_dataflow_side,privileged,10023,10,plain,,False,1,0,173500012465,288577176,True,False,False,0,0,0
tune,dataflow_vs_b3,incidents,only_dataflow_side,privileged,10023,11,plain,,False,1,0,183500020487,5424891039,True,False,False,0,0,0
tune,dataflow_vs_b3,incidents,only_dataflow_side,privileged,10023,13,plain,,False,1,0,258000007392,4509869172,True,False,False,0,0,0
tune,dataflow_vs_b3,incidents,only_dataflow_side,privileged,10023,14,plain,,True,1,1,288500005245,14952403088,True,False,False,0,0,0
tune,dataflow_vs_b3,incidents,only_dataflow_side,privileged,10023,15,hard,split_brain,False,1,2,337000001255,19022655201,True,False,False,1,1,1
tune,dataflow_vs_b3,incidents,only_dataflow_side,privileged,10023,16,plain,,True,1,0,326000006057,5034594685,True,False,False,0,0,0
tune,dataflow_vs_b3,incidents,only_dataflow_side,privileged,10023,18,hard,compound,False,1,1,394000002830,18881048080,True,False,False,1,1,1
tune,dataflow_vs_b3,incidents,only_dataflow_side,privileged,10023,19,plain,,False,1,0,457500007562,5077611127,True,False,False,0,0,0
tune,dataflow_vs_b3,incidents,only_dataflow_side,privileged,10023,2,plain,,False,1,0,89000005670,2383044276,True,False,False,0,0,0
tune,dataflow_vs_b3,incidents,only_dataflow_side,privileged,10023,20,plain,,True,1,1,462500005984,4064481608,True,False,False,0,0,0
tune,dataflow_vs_b3,incidents,only_dataflow_side,privileged,10023,21,plain,,False,1,0,474500017927,2114632387,True,False,False,0,0,0
tune,dataflow_vs_b3,incidents,only_dataflow_side,privileged,10023,23,hard,compound,False,1,1,532000002800,18982549822,True,False,False,1,1,1
tune,dataflow_vs_b3,incidents,only_dataflow_side,privileged,10023,24,plain,,False,1,0,531500006454,6017804415,True,False,False,0,0,0
tune,dataflow_vs_b3,incidents,only_dataflow_side,privileged,10023,3,hard,compound,False,1,1,127000003540,18841845241,True,False,False,1,1,1
tune,dataflow_vs_b3,incidents,only_dataflow_side,privileged,10023,4,plain,,False,1,0,123000026680,2334126718,True,False,False,0,0,0
tune,dataflow_vs_b3,incidents,only_dataflow_side,privileged,10023,5,plain,,False,1,0,123000026680,472902598,True,False,False,0,0,0
tune,dataflow_vs_b3,incidents,only_dataflow_side,privileged,10023,6,plain,,False,1,0,133500008731,3178024988,True,False,False,0,0,0
tune,dataflow_vs_b3,incidents,only_dataflow_side,privileged,10023,7,plain,,True,1,0,144500008941,6295570532,True,False,False,0,0,0
tune,dataflow_vs_b3,incidents,only_dataflow_side,privileged,10023,8,plain,,False,1,0,171500009662,6347317304,True,False,False,0,0,0
tune,dataflow_vs_b3,incidents,only_dataflow_side,privileged,10023,9,plain,,False,1,0,176000010594,7758959068,True,False,False,0,0,0
tune,dataflow_vs_b3,incidents,only_dataflow_side,privileged,10024,12,plain,,True,1,0,364000010608,462184478,True,False,False,0,0,0
tune,dataflow_vs_b3,incidents,only_dataflow_side,privileged,10024,13,plain,,False,1,0,376000009015,2630361263,True,False,False,0,0,0
tune,dataflow_vs_b3,incidents,only_dataflow_side,privileged,10024,14,plain,,True,1,0,383500010730,199955148,True,False,False,0,0,0
tune,dataflow_vs_b3,incidents,only_dataflow_side,privileged,10024,15,plain,,False,1,0,407500009741,545265004,True,False,False,0,0,0
tune,dataflow_vs_b3,incidents,only_dataflow_side,privileged,10024,16,plain,,False,1,0,450000013759,234240214,True,False,False,0,0,0
tune,dataflow_vs_b3,incidents,only_dataflow_side,privileged,10024,17,plain,,False,1,0,451500007524,1606217630,True,False,False,0,0,0
tune,dataflow_vs_b3,incidents,only_dataflow_side,privileged,10024,18,plain,,True,1,2,461000026199,205705734,True,False,False,0,0,0
tune,dataflow_vs_b3,incidents,only_dataflow_side,privileged,10024,19,plain,,False,1,0,484000013359,489678405,True,False,False,0,0,0
tune,dataflow_vs_b3,incidents,only_dataflow_side,privileged,10024,20,plain,,False,1,0,495500011735,179240192,True,False,False,0,0,0
tune,dataflow_vs_b3,incidents,only_dataflow_side,privileged,10024,21,hard,slow_leak,False,1,1,545000002805,24386037157,True,False,False,1,1,1
tune,dataflow_vs_b3,incidents,only_dataflow_side,privileged,10024,4,plain,,False,1,0,185000005786,5118838315,True,False,False,0,0,0
tune,dataflow_vs_b3,incidents,only_dataflow_side,privileged,10024,5,plain,,False,1,0,182500020651,152238736,True,False,False,0,0,0
tune,dataflow_vs_b3,incidents,only_dataflow_side,privileged,10024,6,plain,,False,1,0,189500010943,111387381,True,False,False,0,0,0
tune,dataflow_vs_b3,incidents,only_dataflow_side,privileged,10024,7,plain,,True,1,1,239000011239,235876895,True,False,False,0,0,0
tune,dataflow_vs_b3,incidents,only_dataflow_side,privileged,10024,8,plain,,False,1,0,336000005949,2364394684,True,False,False,0,0,0
tune,dataflow_vs_b3,incidents,only_dataflow_side,privileged,10025,0,plain,,False,1,0,4000007046,441680435,True,False,False,0,0,0
tune,dataflow_vs_b3,incidents,only_dataflow_side,privileged,10025,10,hard,cascade,True,1,2,270500002625,18701628300,True,False,False,1,1,1
tune,dataflow_vs_b3,incidents,only_dataflow_side,privileged,10025,11,plain,,False,1,0,270000006026,874952694,True,False,False,0,0,0
tune,dataflow_vs_b3,incidents,only_dataflow_side,privileged,10025,13,plain,,True,1,0,289500009306,1824887549,True,False,False,0,0,0
tune,dataflow_vs_b3,incidents,only_dataflow_side,privileged,10025,14,plain,,False,1,0,301500011476,473091522,True,False,False,0,0,0
tune,dataflow_vs_b3,incidents,only_dataflow_side,privileged,10025,15,plain,,False,1,0,336500008885,3531914662,True,False,False,0,0,0
tune,dataflow_vs_b3,incidents,only_dataflow_side,privileged,10025,16,plain,,False,1,0,337000010722,3984926803,True,False,False,0,0,0
tune,dataflow_vs_b3,incidents,only_dataflow_side,privileged,10025,18,plain,,False,1,0,357500009793,4326261256,True,False,False,0,0,0
tune,dataflow_vs_b3,incidents,only_dataflow_side,privileged,10025,19,plain,,False,1,0,366500012833,142819509,True,False,False,0,0,0
tune,dataflow_vs_b3,incidents,only_dataflow_side,privileged,10025,2,plain,,False,1,0,116500009533,352986740,True,False,False,0,0,0
tune,dataflow_vs_b3,incidents,only_dataflow_side,privileged,10025,22,plain,,False,1,1,423500008546,1637070081,True,False,False,0,0,0
tune,dataflow_vs_b3,incidents,only_dataflow_side,privileged,10025,23,plain,,True,1,0,466500010096,471194118,True,False,False,0,0,0
tune,dataflow_vs_b3,incidents,only_dataflow_side,privileged,10025,24,plain,,False,1,0,496000011188,337710740,True,False,False,0,0,0
tune,dataflow_vs_b3,incidents,only_dataflow_side,privileged,10025,25,plain,,False,1,0,507000009586,351401807,True,False,False,0,0,0
tune,dataflow_vs_b3,incidents,only_dataflow_side,privileged,10025,26,hard,slow_leak,False,1,1,541000001375,25191523307,True,False,False,1,1,1
tune,dataflow_vs_b3,incidents,only_dataflow_side,privileged,10025,3,plain,,False,1,0,120500007381,1417745353,True,False,False,0,0,0
tune,dataflow_vs_b3,incidents,only_dataflow_side,privileged,10025,4,plain,,False,2,0,128500010184,329964660,True,False,False,0,0,0
tune,dataflow_vs_b3,incidents,only_dataflow_side,privileged,10025,5,plain,,False,1,1,158500011356,392857281,True,False,False,0,0,0
tune,dataflow_vs_b3,incidents,only_dataflow_side,privileged,10025,7,plain,,True,1,0,191000016330,212241267,True,False,False,0,0,0
tune,dataflow_vs_b3,incidents,only_dataflow_side,privileged,10025,8,plain,,True,1,0,203500006682,5136852792,True,False,False,0,0,0
tune,dataflow_vs_b3,incidents,only_dataflow_side,privileged,10025,9,plain,,False,1,0,219000011861,261409207,True,False,False,0,0,0
tune,dataflow_vs_b3,incidents,only_dataflow_side,privileged,10026,0,hard,slow_leak,False,1,2,100500002285,29929618033,True,False,False,1,1,1
tune,dataflow_vs_b3,incidents,only_dataflow_side,privileged,10026,1,plain,,False,1,0,94000008159,23439667,True,False,False,0,0,0
tune,dataflow_vs_b3,incidents,only_dataflow_side,privileged,10026,10,plain,,False,2,0,249000005642,4521811213,True,False,False,0,0,0
tune,dataflow_vs_b3,incidents,only_dataflow_side,privileged,10026,11,plain,,False,1,0,267000005947,4770571020,True,False,False,0,0,0
tune,dataflow_vs_b3,incidents,only_dataflow_side,privileged,10026,12,hard,slow_leak,False,1,1,291500003810,26971282205,True,False,False,1,1,1
tune,dataflow_vs_b3,incidents,only_dataflow_side,privileged,10026,14,plain,,False,1,0,280500008627,2930450151,True,False,False,0,0,0
tune,dataflow_vs_b3,incidents,only_dataflow_side,privileged,10026,15,plain,,False,1,0,295000015592,343156623,True,False,False,0,0,0
tune,dataflow_vs_b3,incidents,only_dataflow_side,privileged,10026,18,plain,,False,1,0,395500008462,4989192077,True,False,False,0,0,0
tune,dataflow_vs_b3,incidents,only_dataflow_side,privileged,10026,19,plain,,False,1,1,413500013762,189680315,True,False,False,0,0,0
tune,dataflow_vs_b3,incidents,only_dataflow_side,privileged,10026,2,plain,,False,1,0,110000008614,49741496,True,False,False,0,0,0
tune,dataflow_vs_b3,incidents,only_dataflow_side,privileged,10026,20,plain,,False,1,0,430000007421,3953605993,True,False,False,0,0,0
tune,dataflow_vs_b3,incidents,only_dataflow_side,privileged,10026,21,plain,,False,1,0,524000005142,1481392798,True,False,False,0,0,0
tune,dataflow_vs_b3,incidents,only_dataflow_side,privileged,10026,22,plain,,False,1,1,533000006830,1506489178,True,False,False,0,0,0
tune,dataflow_vs_b3,incidents,only_dataflow_side,privileged,10026,3,hard,slow_leak,False,1,1,152000005415,23913903580,True,False,False,1,1,1
tune,dataflow_vs_b3,incidents,only_dataflow_side,privileged,10026,4,plain,,False,1,0,135000007055,1648220340,True,False,False,0,0,0
tune,dataflow_vs_b3,incidents,only_dataflow_side,privileged,10026,5,plain,,False,1,0,150500007525,1518932491,True,False,False,0,0,0
tune,dataflow_vs_b3,incidents,only_dataflow_side,privileged,10026,7,hard,cascade,False,1,1,194500003450,22103926149,True,False,False,1,1,1
tune,dataflow_vs_b3,incidents,only_dataflow_side,privileged,10026,8,plain,,True,1,0,182500011180,232122859,True,False,False,0,0,0
tune,dataflow_vs_b3,incidents,only_dataflow_side,privileged,10026,9,plain,,False,1,0,197500007489,4300961121,True,False,False,0,0,0
tune,dataflow_vs_b3,incidents,only_dataflow_side,privileged,10027,0,plain,,False,1,0,4500006412,507333275,True,False,False,0,0,0
tune,dataflow_vs_b3,incidents,only_dataflow_side,privileged,10027,1,plain,,False,1,0,58000018730,207619111,True,False,False,0,0,0
tune,dataflow_vs_b3,incidents,only_dataflow_side,privileged,10027,11,plain,,False,1,0,258000007688,4398364074,True,False,False,0,0,0
tune,dataflow_vs_b3,incidents,only_dataflow_side,privileged,10027,12,plain,,False,1,0,263500010258,4269432711,True,False,False,0,0,0
tune,dataflow_vs_b3,incidents,only_dataflow_side,privileged,10027,13,plain,,False,1,0,307500005734,3833826382,True,False,False,0,0,0
tune,dataflow_vs_b3,incidents,only_dataflow_side,privileged,10027,14,plain,,False,1,0,329500007248,2368741772,True,False,False,0,0,0
tune,dataflow_vs_b3,incidents,only_dataflow_side,privileged,10027,15,plain,,False,1,0,336500008332,2053175336,True,False,False,0,0,0
tune,dataflow_vs_b3,incidents,only_dataflow_side,privileged,10027,16,hard,split_brain,True,1,2,357500004020,20174170141,True,False,False,1,1,1
tune,dataflow_vs_b3,incidents,only_dataflow_side,privileged,10027,17,plain,,False,1,0,345000007547,2252065052,True,False,False,0,0,0
tune,dataflow_vs_b3,incidents,only_dataflow_side,privileged,10027,18,plain,,False,1,0,386000008578,1798800617,True,False,False,0,0,0
tune,dataflow_vs_b3,incidents,only_dataflow_side,privileged,10027,19,plain,,True,1,0,432000006852,2418566851,True,False,False,0,0,0
tune,dataflow_vs_b3,incidents,only_dataflow_side,privileged,10027,2,plain,,False,1,0,72500007942,409255356,True,False,False,0,0,0
tune,dataflow_vs_b3,incidents,only_dataflow_side,privileged,10027,20,plain,,True,1,0,451500006543,1391820571,True,False,False,0,0,0
tune,dataflow_vs_b3,incidents,only_dataflow_side,privileged,10027,22,plain,,False,1,0,489500007447,1389695499,True,False,False,0,0,0
tune,dataflow_vs_b3,incidents,only_dataflow_side,privileged,10027,23,plain,,False,1,0,532000006583,4610315605,True,False,False,0,0,0
tune,dataflow_vs_b3,incidents,only_dataflow_side,privileged,10027,3,plain,,False,1,1,93500007266,8993135863,True,False,False,0,0,0
tune,dataflow_vs_b3,incidents,only_dataflow_side,privileged,10027,5,plain,,False,1,0,103500008077,982366878,True,False,False,0,0,0
tune,dataflow_vs_b3,incidents,only_dataflow_side,privileged,10027,6,plain,,False,1,0,121000008449,5088774063,True,False,False,0,0,0
tune,dataflow_vs_b3,incidents,only_dataflow_side,privileged,10027,7,decoy,,False,1,0,129000007277,9649268402,False,False,False,0,0,0
tune,dataflow_vs_b3,incidents,only_dataflow_side,privileged,10027,8,plain,,False,1,0,182000005394,2797893947,True,False,False,0,0,0
tune,dataflow_vs_b3,incidents,only_dataflow_side,privileged,10028,0,plain,,False,1,0,12500004997,1776324957,True,False,False,0,0,0
tune,dataflow_vs_b3,incidents,only_dataflow_side,privileged,10028,1,plain,,False,1,0,19500012681,317021117,True,False,False,0,0,0
tune,dataflow_vs_b3,incidents,only_dataflow_side,privileged,10028,10,hard,compound,False,1,4,290000003720,18978365492,True,False,False,2,1,1
tune,dataflow_vs_b3,incidents,only_dataflow_side,privileged,10028,11,plain,,False,1,0,274500012959,454405013,True,False,False,0,0,0
tune,dataflow_vs_b3,incidents,only_dataflow_side,privileged,10028,13,plain,,False,1,0,348500007587,1644391361,True,False,False,0,0,0
tune,dataflow_vs_b3,incidents,only_dataflow_side,privileged,10028,16,plain,,False,1,0,389500006494,5513311788,True,False,False,0,0,0
tune,dataflow_vs_b3,incidents,only_dataflow_side,privileged,10028,17,plain,,False,1,0,396500008538,3992335313,True,False,False,0,0,0
tune,dataflow_vs_b3,incidents,only_dataflow_side,privileged,10028,18,plain,,False,1,0,450000006644,6413585584,True,False,False,0,0,0
tune,dataflow_vs_b3,incidents,only_dataflow_side,privileged,10028,2,plain,,False,1,0,49000006287,3430808608,True,False,False,0,0,0
tune,dataflow_vs_b3,incidents,only_dataflow_side,privileged,10028,21,plain,,False,1,0,543000005886,5178169009,True,False,False,0,0,0
tune,dataflow_vs_b3,incidents,only_dataflow_side,privileged,10028,3,hard,compound,False,1,1,118500003285,18890774658,True,False,False,1,1,1
tune,dataflow_vs_b3,incidents,only_dataflow_side,privileged,10028,4,plain,,True,1,0,115500005637,576163611,True,False,False,0,0,0
tune,dataflow_vs_b3,incidents,only_dataflow_side,privileged,10028,5,plain,,False,1,0,137500014792,358837363,True,False,False,0,0,0
tune,dataflow_vs_b3,incidents,only_dataflow_side,privileged,10028,6,plain,,False,1,2,172000019996,233183790,True,False,False,0,0,0
tune,dataflow_vs_b3,incidents,only_dataflow_side,privileged,10028,7,plain,,True,1,0,198500012648,171298745,True,False,False,0,0,0
tune,dataflow_vs_b3,incidents,only_dataflow_side,privileged,10028,8,plain,,False,1,0,244500018889,519353043,True,False,False,0,0,0
tune,dataflow_vs_b3,incidents,only_dataflow_side,privileged,10029,0,plain,,False,1,1,43000008051,396241618,True,False,False,0,0,0
tune,dataflow_vs_b3,incidents,only_dataflow_side,privileged,10029,10,plain,,False,1,0,215000009436,1396458017,True,False,False,0,0,0
tune,dataflow_vs_b3,incidents,only_dataflow_side,privileged,10029,11,hard,compound,False,1,1,247500004025,18964515914,True,False,False,1,1,1
tune,dataflow_vs_b3,incidents,only_dataflow_side,privileged,10029,12,plain,,False,1,0,245500014927,5034844533,True,False,False,0,0,0
tune,dataflow_vs_b3,incidents,only_dataflow_side,privileged,10029,13,plain,,False,1,0,245500014927,3727867263,True,False,False,0,0,0
tune,dataflow_vs_b3,incidents,only_dataflow_side,privileged,10029,14,hard,compound,False,1,1,274000003360,18734840624,True,False,False,1,1,1
tune,dataflow_vs_b3,incidents,only_dataflow_side,privileged,10029,16,plain,,False,1,0,293500010736,1391804530,True,False,False,0,0,0
tune,dataflow_vs_b3,incidents,only_dataflow_side,privileged,10029,18,plain,,True,1,1,367000033625,390661431,True,False,False,0,0,0
tune,dataflow_vs_b3,incidents,only_dataflow_side,privileged,10029,19,plain,,False,1,0,417500007931,2227024703,True,False,False,0,0,0
tune,dataflow_vs_b3,incidents,only_dataflow_side,privileged,10029,2,plain,,False,1,0,68000006451,1647810408,True,False,False,0,0,0
tune,dataflow_vs_b3,incidents,only_dataflow_side,privileged,10029,20,plain,,False,1,0,417000010913,391569784,True,False,False,0,0,0
tune,dataflow_vs_b3,incidents,only_dataflow_side,privileged,10029,21,decoy,,False,1,0,427500006816,9226250679,False,False,False,0,0,0
tune,dataflow_vs_b3,incidents,only_dataflow_side,privileged,10029,22,hard,compound,False,1,1,437000007400,18598724356,True,False,False,1,1,1
tune,dataflow_vs_b3,incidents,only_dataflow_side,privileged,10029,25,plain,,False,1,0,438000008641,1385981733,True,False,False,0,0,0
tune,dataflow_vs_b3,incidents,only_dataflow_side,privileged,10029,27,plain,,False,1,0,460000012720,492698359,True,False,False,0,0,0
tune,dataflow_vs_b3,incidents,only_dataflow_side,privileged,10029,28,plain,,False,1,0,466000009446,1422255375,True,False,False,0,0,0
tune,dataflow_vs_b3,incidents,only_dataflow_side,privileged,10029,3,plain,,True,1,3,104500036165,347200818,True,False,False,0,0,0
tune,dataflow_vs_b3,incidents,only_dataflow_side,privileged,10029,30,plain,,False,1,0,490000009131,1051509903,True,False,False,0,0,0
tune,dataflow_vs_b3,incidents,only_dataflow_side,privileged,10029,31,plain,,False,1,0,495000010082,3252015798,True,False,False,0,0,0
tune,dataflow_vs_b3,incidents,only_dataflow_side,privileged,10029,32,plain,,True,1,1,510000035382,278983275,True,False,False,0,0,0
tune,dataflow_vs_b3,incidents,only_dataflow_side,privileged,10029,4,plain,,False,1,0,130000007841,3130713042,True,False,False,0,0,0
tune,dataflow_vs_b3,incidents,only_dataflow_side,privileged,10029,5,plain,,False,1,0,181500006951,508709814,True,False,False,0,0,0
tune,dataflow_vs_b3,incidents,only_dataflow_side,privileged,10029,6,plain,,False,1,2,184000011042,27727120,True,False,False,0,0,0
tune,dataflow_vs_b3,incidents,only_dataflow_side,privileged,10029,7,plain,,False,1,0,197500010056,159327327,True,False,False,0,0,0
tune,dataflow_vs_b3,incidents,only_dataflow_side,privileged,10030,0,plain,,False,1,0,2500004977,1432161448,True,False,False,0,0,0
tune,dataflow_vs_b3,incidents,only_dataflow_side,privileged,10030,1,hard,cascade,False,1,2,25000002325,18611233532,True,False,False,2,1,1
tune,dataflow_vs_b3,incidents,only_dataflow_side,privileged,10030,10,plain,,False,1,0,241000010719,4137067569,True,False,False,0,0,0
tune,dataflow_vs_b3,incidents,only_dataflow_side,privileged,10030,11,plain,,False,1,0,244500007509,3925008925,True,False,False,0,0,0
tune,dataflow_vs_b3,incidents,only_dataflow_side,privileged,10030,13,plain,,True,1,0,255000011049,306927206,True,False,False,0,0,0
tune,dataflow_vs_b3,incidents,only_dataflow_side,privileged,10030,14,plain,,False,1,0,268500009794,6673430118,True,False,False,0,0,0
tune,dataflow_vs_b3,incidents,only_dataflow_side,privileged,10030,15,plain,,True,1,0,330500010304,488873133,True,False,False,0,0,0
tune,dataflow_vs_b3,incidents,only_dataflow_side,privileged,10030,16,hard,slow_leak,False,1,1,355500001415,25046812432,True,False,False,1,1,1
tune,dataflow_vs_b3,incidents,only_dataflow_side,privileged,10030,17,hard,cascade,False,1,2,391500002425,18792739877,True,False,False,1,1,1
tune,dataflow_vs_b3,incidents,only_dataflow_side,privileged,10030,18,plain,,False,1,0,382000007853,4531699535,True,False,False,0,0,0
tune,dataflow_vs_b3,incidents,only_dataflow_side,privileged,10030,2,plain,,False,1,0,86000012190,3790850796,True,False,False,0,0,0
tune,dataflow_vs_b3,incidents,only_dataflow_side,privileged,10030,21,plain,,False,1,0,408500008408,5333347518,True,False,False,0,0,0
tune,dataflow_vs_b3,incidents,only_dataflow_side,privileged,10030,22,plain,,False,1,0,411500007544,5478425222,True,False,False,0,0,0
tune,dataflow_vs_b3,incidents,only_dataflow_side,privileged,10030,23,hard,split_brain,False,1,1,455500003110,24948641138,True,False,False,1,1,1
tune,dataflow_vs_b3,incidents,only_dataflow_side,privileged,10030,24,plain,,False,1,0,457500016302,237176753,True,False,False,0,0,0
tune,dataflow_vs_b3,incidents,only_dataflow_side,privileged,10030,3,plain,,False,1,1,86000012190,1352535613,True,False,False,0,0,0
tune,dataflow_vs_b3,incidents,only_dataflow_side,privileged,10030,4,plain,,False,1,1,90000007957,2596827914,True,False,False,0,0,0
tune,dataflow_vs_b3,incidents,only_dataflow_side,privileged,10030,5,plain,,True,1,0,134000011256,391201436,True,False,False,0,0,0
tune,dataflow_vs_b3,incidents,only_dataflow_side,privileged,10030,6,plain,,False,1,0,142500008984,6312409834,True,False,False,0,0,0
tune,dataflow_vs_b3,incidents,only_dataflow_side,privileged,10030,7,plain,,False,1,0,178500007371,193606206,True,False,False,0,0,0
tune,dataflow_vs_b3,incidents,only_dataflow_side,privileged,10030,8,plain,,False,1,0,193000005866,3292151491,True,False,False,0,0,0
tune,dataflow_vs_b3,incidents,only_dataflow_side,privileged,10031,0,plain,,False,1,0,56000009906,415184173,True,False,False,0,0,0
tune,dataflow_vs_b3,incidents,only_dataflow_side,privileged,10031,1,plain,,False,1,0,63000013793,565134747,True,False,False,0,0,0
tune,dataflow_vs_b3,incidents,only_dataflow_side,privileged,10031,11,plain,,False,1,0,245000021525,476009406,True,False,False,0,0,0
tune,dataflow_vs_b3,incidents,only_dataflow_side,privileged,10031,13,plain,,True,1,0,296500005314,993899787,True,False,False,0,0,0
tune,dataflow_vs_b3,incidents,only_dataflow_side,privileged,10031,14,plain,,False,1,1,354000007355,42694842850,False,True,False,0,0,0
tune,dataflow_vs_b3,incidents,only_dataflow_side,privileged,10031,15,plain,,False,1,0,338500007314,1474196476,True,False,False,0,0,0
tune,dataflow_vs_b3,incidents,only_dataflow_side,privileged,10031,17,plain,,False,1,0,373000007321,4342615617,True,False,False,0,0,0
tune,dataflow_vs_b3,incidents,only_dataflow_side,privileged,10031,18,plain,,False,1,0,378500008080,1533406268,True,False,False,0,0,0
tune,dataflow_vs_b3,incidents,only_dataflow_side,privileged,10031,19,plain,,False,1,0,442000008280,7067122500,True,False,False,0,0,0
tune,dataflow_vs_b3,incidents,only_dataflow_side,privileged,10031,2,plain,,False,1,0,86000010129,366237363,True,False,False,0,0,0
tune,dataflow_vs_b3,incidents,only_dataflow_side,privileged,10031,20,plain,,False,1,0,440500005311,2885004219,True,False,False,0,0,0
tune,dataflow_vs_b3,incidents,only_dataflow_side,privileged,10031,21,plain,,False,1,0,517500005803,6914479337,True,False,False,0,0,0
tune,dataflow_vs_b3,incidents,only_dataflow_side,privileged,10031,22,plain,,False,1,1,535000013020,3240308362,True,False,False,0,0,0
tune,dataflow_vs_b3,incidents,only_dataflow_side,privileged,10031,3,plain,,False,1,0,105000009090,470496989,True,False,False,0,0,0
tune,dataflow_vs_b3,incidents,only_dataflow_side,privileged,10031,4,plain,,False,1,0,141500007616,3930353799,True,False,False,0,0,0
tune,dataflow_vs_b3,incidents,only_dataflow_side,privileged,10031,5,plain,,True,1,0,156500014152,485448792,True,False,False,0,0,0
tune,dataflow_vs_b3,incidents,only_dataflow_side,privileged,10031,6,plain,,False,1,1,178000021420,493971923,True,False,False,0,0,0
tune,dataflow_vs_b3,incidents,only_dataflow_side,privileged,10031,8,plain,,False,1,0,204000007056,2140240714,True,False,False,0,0,0
tune,dataflow_vs_b3,incidents,only_dataflow_side,privileged,10031,9,plain,,False,1,1,207500007379,4947149084,True,False,False,0,0,0
tune,dataflow_vs_b3,incidents,only_dataflow_side,privileged,10032,0,plain,,False,1,0,21500009111,478478940,True,False,False,0,0,0
tune,dataflow_vs_b3,incidents,only_dataflow_side,privileged,10032,1,plain,,True,1,2,44000031812,207986969,True,False,False,0,0,0
tune,dataflow_vs_b3,incidents,only_dataflow_side,privileged,10032,10,plain,,False,1,0,239000008261,824554415,True,False,False,0,0,0
tune,dataflow_vs_b3,incidents,only_dataflow_side,privileged,10032,11,plain,,True,1,0,242500018097,469543842,True,False,False,0,0,0
tune,dataflow_vs_b3,incidents,only_dataflow_side,privileged,10032,12,plain,,False,1,0,250500016587,378736296,True,False,False,0,0,0
tune,dataflow_vs_b3,incidents,only_dataflow_side,privileged,10032,14,plain,,True,1,0,287000023524,246673297,True,False,False,0,0,0
tune,dataflow_vs_b3,incidents,only_dataflow_side,privileged,10032,15,plain,,False,1,0,292000009162,2697594959,True,False,False,0,0,0
tune,dataflow_vs_b3,incidents,only_dataflow_side,privileged,10032,16,plain,,True,1,1,339500028351,443687842,True,False,False,0,0,0
tune,dataflow_vs_b3,incidents,only_dataflow_side,privileged,10032,17,plain,,False,1,2,366500026968,98781917,True,False,False,0,0,0
tune,dataflow_vs_b3,incidents,only_dataflow_side,privileged,10032,19,plain,,True,1,1,383500022075,448544627,True,False,False,0,0,0
tune,dataflow_vs_b3,incidents,only_dataflow_side,privileged,10032,2,plain,,False,1,0,62500013625,285315021,True,False,False,0,0,0
tune,dataflow_vs_b3,incidents,only_dataflow_side,privileged,10032,20,plain,,False,1,0,390000013170,103302518,True,False,False,0,0,0
tune,dataflow_vs_b3,incidents,only_dataflow_side,privileged,10032,22,plain,,True,1,0,409000009611,1592612222,True,False,False,0,0,0
tune,dataflow_vs_b3,incidents,only_dataflow_side,privileged,10032,23,plain,,False,1,0,425500012481,360926044,True,False,False,0,0,0
tune,dataflow_vs_b3,incidents,only_dataflow_side,privileged,10032,24,plain,,False,1,0,434000008273,7741969491,True,False,False,0,0,0
tune,dataflow_vs_b3,incidents,only_dataflow_side,privileged,10032,25,plain,,False,1,0,445500008371,1114520773,True,False,False,0,0,0
tune,dataflow_vs_b3,incidents,only_dataflow_side,privileged,10032,26,plain,,False,1,0,482500007022,2748139170,True,False,False,0,0,0
tune,dataflow_vs_b3,incidents,only_dataflow_side,privileged,10032,28,plain,,False,1,1,533000008042,4024104773,True,False,False,0,0,0
tune,dataflow_vs_b3,incidents,only_dataflow_side,privileged,10032,29,plain,,False,1,0,533500013717,78598566,True,False,False,0,0,0
tune,dataflow_vs_b3,incidents,only_dataflow_side,privileged,10032,3,plain,,True,1,0,96000027151,306364726,True,False,False,0,0,0
tune,dataflow_vs_b3,incidents,only_dataflow_side,privileged,10032,4,plain,,False,1,2,116000036604,145952592,True,False,False,0,0,0
tune,dataflow_vs_b3,incidents,only_dataflow_side,privileged,10032,5,plain,,False,1,0,179000005936,1939403222,True,False,False,0,0,0
tune,dataflow_vs_b3,incidents,only_dataflow_side,privileged,10032,6,plain,,False,1,0,187000011706,171544629,True,False,False,0,0,0
tune,dataflow_vs_b3,incidents,only_dataflow_side,privileged,10032,7,plain,,False,1,0,198500008836,146043675,True,False,False,0,0,0
tune,dataflow_vs_b3,incidents,only_dataflow_side,privileged,10032,8,plain,,True,1,1,203500018127,46713510,True,False,False,0,0,0
tune,dataflow_vs_b3,incidents,only_dataflow_side,privileged,10033,0,plain,,False,1,0,56000005424,1660518280,True,False,False,0,0,0
tune,dataflow_vs_b3,incidents,only_dataflow_side,privileged,10033,1,plain,,False,1,0,104000008674,396693337,True,False,False,0,0,0
tune,dataflow_vs_b3,incidents,only_dataflow_side,privileged,10033,11,plain,,False,1,0,272000014568,126115814,True,False,False,0,0,0
tune,dataflow_vs_b3,incidents,only_dataflow_side,privileged,10033,12,plain,,True,1,0,278000010442,117402343,True,False,False,0,0,0
tune,dataflow_vs_b3,incidents,only_dataflow_side,privileged,10033,13,plain,,False,1,0,305000012573,5938077483,True,False,False,0,0,0
tune,dataflow_vs_b3,incidents,only_dataflow_side,privileged,10033,14,plain,,True,1,0,305000012573,1167770951,True,False,False,0,0,0
tune,dataflow_vs_b3,incidents,only_dataflow_side,privileged,10033,15,plain,,False,1,0,350500006969,4791938690,True,False,False,0,0,0
tune,dataflow_vs_b3,incidents,only_dataflow_side,privileged,10033,16,decoy,,False,1,0,363500009999,8396029152,False,False,False,0,0,0
tune,dataflow_vs_b3,incidents,only_dataflow_side,privileged,10033,17,plain,,False,1,1,356500025515,220671770,True,False,False,0,0,0
tune,dataflow_vs_b3,incidents,only_dataflow_side,privileged,10033,18,plain,,False,1,0,368500010640,193459048,True,False,False,0,0,0
tune,dataflow_vs_b3,incidents,only_dataflow_side,privileged,10033,19,plain,,False,1,0,400000006670,5615676102,True,False,False,0,0,0
tune,dataflow_vs_b3,incidents,only_dataflow_side,privileged,10033,2,plain,,False,1,0,110000007753,498437285,True,False,False,0,0,0
tune,dataflow_vs_b3,incidents,only_dataflow_side,privileged,10033,21,plain,,False,1,0,468500020699,3648816502,True,False,False,0,0,0
tune,dataflow_vs_b3,incidents,only_dataflow_side,privileged,10033,22,plain,,True,1,0,468500020699,309562755,True,False,False,0,0,0
tune,dataflow_vs_b3,incidents,only_dataflow_side,privileged,10033,23,plain,,True,1,0,491500007261,7237013157,True,False,False,0,0,0
tune,dataflow_vs_b3,incidents,only_dataflow_side,privileged,10033,24,decoy,,False,1,0,509000006370,10844335629,False,False,False,0,0,0
tune,dataflow_vs_b3,incidents,only_dataflow_side,privileged,10033,4,plain,,False,2,0,161000006890,6404210869,True,False,False,0,0,0
tune,dataflow_vs_b3,incidents,only_dataflow_side,privileged,10033,5,plain,,False,1,0,190000007139,7035950664,True,False,False,0,0,0
tune,dataflow_vs_b3,incidents,only_dataflow_side,privileged,10033,6,plain,,False,1,0,204000009024,219676656,True,False,False,0,0,0
tune,dataflow_vs_b3,incidents,only_dataflow_side,privileged,10033,8,decoy,,False,1,0,272500008811,10836096857,False,False,False,0,0,0
tune,dataflow_vs_b3,incidents,only_dataflow_side,privileged,10033,9,plain,,False,1,1,285500007295,18408852766,True,False,False,0,0,0
tune,dataflow_vs_b3,incidents,only_dataflow_side,privileged,10034,0,plain,,False,1,0,18500013405,316792107,True,False,False,0,0,0
tune,dataflow_vs_b3,incidents,only_dataflow_side,privileged,10034,1,plain,,False,1,0,30000014186,1425441603,True,False,False,0,0,0
tune,dataflow_vs_b3,incidents,only_dataflow_side,privileged,10034,10,plain,,False,1,0,129000009071,5528441618,True,False,False,0,0,0
tune,dataflow_vs_b3,incidents,only_dataflow_side,privileged,10034,11,decoy,,False,1,0,140500007994,10662851694,False,False,False,0,0,0
tune,dataflow_vs_b3,incidents,only_dataflow_side,privileged,10034,13,plain,,False,1,0,144500016477,388353898,True,False,False,0,0,0
tune,dataflow_vs_b3,incidents,only_dataflow_side,privileged,10034,14,plain,,False,1,0,156000012887,156560205,True,False,False,0,0,0
tune,dataflow_vs_b3,incidents,only_dataflow_side,privileged,10034,15,plain,,False,1,0,204500006577,6434998922,True,False,False,0,0,0
tune,dataflow_vs_b3,incidents,only_dataflow_side,privileged,10034,16,plain,,False,1,0,205000008199,2886010499,True,False,False,0,0,0
tune,dataflow_vs_b3,incidents,only_dataflow_side,privileged,10034,19,plain,,False,1,0,245500008044,4953547532,True,False,False,0,0,0
tune,dataflow_vs_b3,incidents,only_dataflow_side,privileged,10034,2,plain,,True,1,0,30000014186,475106847,True,False,False,0,0,0
tune,dataflow_vs_b3,incidents,only_dataflow_side,privileged,10034,20,plain,,False,1,0,267500006164,4327923651,True,False,False,0,0,0
tune,dataflow_vs_b3,incidents,only_dataflow_side,privileged,10034,21,plain,,False,1,0,285500010501,402509184,True,False,False,0,0,0
tune,dataflow_vs_b3,incidents,only_dataflow_side,privileged,10034,22,plain,,False,1,0,322500006517,5866443884,True,False,False,0,0,0
tune,dataflow_vs_b3,incidents,only_dataflow_side,privileged,10034,23,plain,,False,1,1,363500028154,316041599,True,False,False,0,0,0
tune,dataflow_vs_b3,incidents,only_dataflow_side,privileged,10034,24,plain,,False,1,0,383500007757,4004689276,True,False,False,0,0,0
tune,dataflow_vs_b3,incidents,only_dataflow_side,privileged,10034,25,plain,,False,2,0,403500008756,3340727797,True,False,False,0,0,0
tune,dataflow_vs_b3,incidents,only_dataflow_side,privileged,10034,26,plain,,False,1,0,435000008002,1027698156,True,False,False,0,0,0
tune,dataflow_vs_b3,incidents,only_dataflow_side,privileged,10034,27,plain,,False,1,0,454000006652,1440124494,True,False,False,0,0,0
tune,dataflow_vs_b3,incidents,only_dataflow_side,privileged,10034,28,plain,,False,1,0,463500005927,2392466469,True,False,False,0,0,0
tune,dataflow_vs_b3,incidents,only_dataflow_side,privileged,10034,29,hard,slow_leak,False,1,1,515000002305,25241463825,True,False,False,1,1,1
tune,dataflow_vs_b3,incidents,only_dataflow_side,privileged,10034,30,plain,,False,1,0,526000007192,4999569253,True,False,False,0,0,0
tune,dataflow_vs_b3,incidents,only_dataflow_side,privileged,10034,4,plain,,False,1,0,42000008087,2652535129,True,False,False,0,0,0
tune,dataflow_vs_b3,incidents,only_dataflow_side,privileged,10034,5,plain,,True,1,0,43000007665,2902830843,True,False,False,0,0,0
tune,dataflow_vs_b3,incidents,only_dataflow_side,privileged,10034,6,plain,,False,2,0,44500011125,2249773275,True,False,False,0,0,0
tune,dataflow_vs_b3,incidents,only_dataflow_side,privileged,10034,7,plain,,False,1,0,105000006137,1514737946,True,False,False,0,0,0
tune,dataflow_vs_b3,incidents,only_dataflow_side,privileged,10034,8,plain,,False,1,0,121500006836,8822382545,True,False,False,0,0,0
tune,dataflow_vs_b3,incidents,only_dataflow_side,privileged,10034,9,hard,cascade,False,1,1,144000004550,22108165524,True,False,False,1,1,1
tune,dataflow_vs_b3,incidents,only_dataflow_side,privileged,10035,0,hard,cascade,False,1,2,38000002450,18939613926,True,False,False,1,1,1
tune,dataflow_vs_b3,incidents,only_dataflow_side,privileged,10035,1,plain,,False,1,0,26000008318,143434765,True,False,False,0,0,0
tune,dataflow_vs_b3,incidents,only_dataflow_side,privileged,10035,11,decoy,,False,1,0,395000006809,10045726070,False,False,False,0,0,0
tune,dataflow_vs_b3,incidents,only_dataflow_side,privileged,10035,12,decoy,,False,1,1,414000006208,24239992329,False,False,False,0,0,0
tune,dataflow_vs_b3,incidents,only_dataflow_side,privileged,10035,13,plain,,False,1,0,391500013184,310530758,True,False,False,0,0,0
tune,dataflow_vs_b3,incidents,only_dataflow_side,privileged,10035,14,plain,,False,1,1,435000015994,342880310,True,False,False,0,0,0
tune,dataflow_vs_b3,incidents,only_dataflow_side,privileged,10035,15,plain,,False,1,0,465000010997,299098879,True,False,False,0,0,0
tune,dataflow_vs_b3,incidents,only_dataflow_side,privileged,10035,16,plain,,True,1,1,469000011080,18513227,True,False,False,0,0,0
tune,dataflow_vs_b3,incidents,only_dataflow_side,privileged,10035,17,plain,,False,2,0,483500007263,1636793760,True,False,False,0,0,0
tune,dataflow_vs_b3,incidents,only_dataflow_side,privileged,10035,18,plain,,False,1,0,482500008863,156321266,True,False,False,0,0,0
tune,dataflow_vs_b3,incidents,only_dataflow_side,privileged,10035,19,plain,,True,1,0,488000009099,4253600672,True,False,False,0,0,0
tune,dataflow_vs_b3,incidents,only_dataflow_side,privileged,10035,20,plain,,False,1,0,490500011453,1419861604,True,False,False,0,0,0
tune,dataflow_vs_b3,incidents,only_dataflow_side,privileged,10035,21,plain,,False,1,0,498500008313,1015833151,True,False,False,0,0,0
tune,dataflow_vs_b3,incidents,only_dataflow_side,privileged,10035,22,plain,,True,1,0,533500007427,9897868529,True,False,False,0,0,0
tune,dataflow_vs_b3,incidents,only_dataflow_side,privileged,10035,3,plain,,False,1,0,80000007123,692985602,True,False,False,0,0,0
tune,dataflow_vs_b3,incidents,only_dataflow_side,privileged,10035,6,plain,,False,1,3,177000011256,1344203147,True,False,False,0,0,0
tune,dataflow_vs_b3,incidents,only_dataflow_side,privileged,10035,9,plain,,True,1,0,342000006764,2770269046,True,False,False,0,0,0
tune,dataflow_vs_b3,incidents,only_dataflow_side,privileged,10036,0,plain,,False,1,3,29500026422,184337812,True,False,False,0,0,0
tune,dataflow_vs_b3,incidents,only_dataflow_side,privileged,10036,1,plain,,False,1,0,56500008388,191302865,True,False,False,0,0,0
tune,dataflow_vs_b3,incidents,only_dataflow_side,privileged,10036,10,plain,,False,1,0,310000006049,5693585773,True,False,False,0,0,0
tune,dataflow_vs_b3,incidents,only_dataflow_side,privileged,10036,11,plain,,False,1,1,350500010292,274095216,True,False,False,0,0,0
tune,dataflow_vs_b3,incidents,only_dataflow_side,privileged,10036,12,plain,,False,1,0,352500012857,374056909,True,False,False,0,0,0
tune,dataflow_vs_b3,incidents,only_dataflow_side,privileged,10036,13,plain,,True,1,0,368000014483,468929894,True,False,False,0,0,0
tune,dataflow_vs_b3,incidents,only_dataflow_side,privileged,10036,14,plain,,False,1,0,489500006945,56624332406,True,False,False,0,0,0
tune,dataflow_vs_b3,incidents,only_dataflow_side,privileged,10036,15,plain,,True,1,3,436000022738,427634253,True,False,False,0,0,0
tune,dataflow_vs_b3,incidents,only_dataflow_side,privileged,10036,16,plain,,False,1,0,445500007975,1889305291,True,False,False,0,0,0
tune,dataflow_vs_b3,incidents,only_dataflow_side,privileged,10036,18,plain,,False,1,0,492000007636,1811813067,True,False,False,0,0,0
tune,dataflow_vs_b3,incidents,only_dataflow_side,privileged,10036,19,plain,,False,1,0,524000006756,2925826011,True,False,False,0,0,0
tune,dataflow_vs_b3,incidents,only_dataflow_side,privileged,10036,2,plain,,False,1,1,96000012405,254668615,True,False,False,0,0,0
tune,dataflow_vs_b3,incidents,only_dataflow_side,privileged,10036,3,plain,,True,1,0,150500012126,261377154,True,False,False,0,0,0
tune,dataflow_vs_b3,incidents,only_dataflow_side,privileged,10036,4,plain,,False,1,1,160000015896,396561571,True,False,False,0,0,0
tune,dataflow_vs_b3,incidents,only_dataflow_side,privileged,10036,5,plain,,False,1,0,188500012164,186737642,True,False,False,0,0,0
tune,dataflow_vs_b3,incidents,only_dataflow_side,privileged,10036,6,plain,,False,1,0,235000007027,7648106511,True,False,False,0,0,0
tune,dataflow_vs_b3,incidents,only_dataflow_side,privileged,10036,8,plain,,False,1,0,249000012200,64846902,True,False,False,0,0,0
tune,dataflow_vs_b3,incidents,only_dataflow_side,privileged,10036,9,plain,,False,1,0,273000006215,3692278549,True,False,False,0,0,0
tune,dataflow_vs_b3,incidents,only_dataflow_side,privileged,10037,0,plain,,False,1,0,12500010618,96818832,True,False,False,0,0,0
tune,dataflow_vs_b3,incidents,only_dataflow_side,privileged,10037,1,plain,,False,1,0,43500006054,4398523070,True,False,False,0,0,0
tune,dataflow_vs_b3,incidents,only_dataflow_side,privileged,10037,10,plain,,False,1,0,264500007010,5018804582,True,False,False,0,0,0
tune,dataflow_vs_b3,incidents,only_dataflow_side,privileged,10037,11,plain,,False,1,0,266000018130,2462567435,True,False,False,0,0,0
tune,dataflow_vs_b3,incidents,only_dataflow_side,privileged,10037,12,plain,,False,2,0,294500006430,1745365532,True,False,False,0,0,0
tune,dataflow_vs_b3,incidents,only_dataflow_side,privileged,10037,17,plain,,False,1,0,350000008130,1652673485,True,False,False,0,0,0
tune,dataflow_vs_b3,incidents,only_dataflow_side,privileged,10037,19,plain,,False,1,0,389500007529,1473591609,True,False,False,0,0,0
tune,dataflow_vs_b3,incidents,only_dataflow_side,privileged,10037,2,plain,,False,1,0,73500010069,29463965,True,False,False,0,0,0
tune,dataflow_vs_b3,incidents,only_dataflow_side,privileged,10037,25,plain,,False,1,0,521000011050,2073606964,True,False,False,0,0,0
tune,dataflow_vs_b3,incidents,only_dataflow_side,privileged,10037,26,plain,,False,1,0,521500008601,824652849,True,False,False,0,0,0
tune,dataflow_vs_b3,incidents,only_dataflow_side,privileged,10037,3,plain,,False,1,0,82000007268,1427390292,True,False,False,0,0,0
tune,dataflow_vs_b3,incidents,only_dataflow_side,privileged,10037,4,plain,,False,1,1,101000019332,415694737,True,False,False,0,0,0
tune,dataflow_vs_b3,incidents,only_dataflow_side,privileged,10037,5,plain,,False,1,0,103000007214,1748518922,True,False,False,0,0,0
tune,dataflow_vs_b3,incidents,only_dataflow_side,privileged,10037,6,plain,,False,1,0,138500006835,16134516358,True,False,False,0,0,0
tune,dataflow_vs_b3,incidents,only_dataflow_side,privileged,10037,7,plain,,False,1,0,171000008909,1656670557,True,False,False,0,0,0
tune,dataflow_vs_b3,incidents,only_dataflow_side,privileged,10037,8,plain,,False,1,0,209500009219,163715617,True,False,False,0,0,0
tune,dataflow_vs_b3,incidents,only_dataflow_side,privileged,10038,0,decoy,,False,1,0,20000004799,10173076372,False,False,False,0,0,0
tune,dataflow_vs_b3,incidents,only_dataflow_side,privileged,10038,12,plain,,False,1,0,227000008667,6010058081,True,False,False,0,0,0
tune,dataflow_vs_b3,incidents,only_dataflow_side,privileged,10038,13,plain,,False,1,0,234500007219,1423345884,True,False,False,0,0,0
tune,dataflow_vs_b3,incidents,only_dataflow_side,privileged,10038,14,plain,,False,1,0,243500009559,2523506984,True,False,False,0,0,0
tune,dataflow_vs_b3,incidents,only_dataflow_side,privileged,10038,15,decoy,,False,1,0,284000006363,8799500769,False,False,False,0,0,0
tune,dataflow_vs_b3,incidents,only_dataflow_side,privileged,10038,16,hard,compound,True,1,2,325500002050,30450855114,False,True,True,1,1,1
tune,dataflow_vs_b3,incidents,only_dataflow_side,privileged,10038,17,plain,,False,1,0,334500005414,1131242524,True,False,False,0,0,0
tune,dataflow_vs_b3,incidents,only_dataflow_side,privileged,10038,18,hard,cascade,False,1,2,392500005160,22265991026,True,False,False,1,1,1
tune,dataflow_vs_b3,incidents,only_dataflow_side,privileged,10038,19,hard,compound,True,1,1,397500002645,25197362256,False,True,True,1,1,1
tune,dataflow_vs_b3,incidents,only_dataflow_side,privileged,10038,2,plain,,False,1,0,60000022099,177810699,True,False,False,0,0,0
tune,dataflow_vs_b3,incidents,only_dataflow_side,privileged,10038,20,plain,,True,1,0,380000007275,3890925366,True,False,False,0,0,0
tune,dataflow_vs_b3,incidents,only_dataflow_side,privileged,10038,23,plain,,False,1,0,434500007904,15712201384,True,False,False,0,0,0
tune,dataflow_vs_b3,incidents,only_dataflow_side,privileged,10038,26,plain,,False,1,0,455000007480,6498123486,True,False,False,0,0,0
tune,dataflow_vs_b3,incidents,only_dataflow_side,privileged,10038,27,plain,,False,1,0,506000006197,4947200966,True,False,False,0,0,0
tune,dataflow_vs_b3,incidents,only_dataflow_side,privileged,10038,28,plain,,False,1,0,537500006545,5282465623,True,False,False,0,0,0
tune,dataflow_vs_b3,incidents,only_dataflow_side,privileged,10038,3,plain,,False,1,0,94500006113,2780259435,True,False,False,0,0,0
tune,dataflow_vs_b3,incidents,only_dataflow_side,privileged,10038,5,plain,,False,1,0,119000009892,492021056,True,False,False,0,0,0
tune,dataflow_vs_b3,incidents,only_dataflow_side,privileged,10038,6,plain,,False,1,0,134000006360,6987929614,True,False,False,0,0,0
tune,dataflow_vs_b3,incidents,only_dataflow_side,privileged,10038,7,plain,,False,2,0,155500007188,2482666565,True,False,False,0,0,0
tune,dataflow_vs_b3,incidents,only_dataflow_side,privileged,10038,8,plain,,False,1,1,164000020471,312039305,True,False,False,0,0,0
tune,dataflow_vs_b3,incidents,only_dataflow_side,privileged,10039,0,plain,,False,1,0,3000005081,1737139780,True,False,False,0,0,0
tune,dataflow_vs_b3,incidents,only_dataflow_side,privileged,10039,11,plain,,False,1,0,236500014657,2581457666,True,False,False,0,0,0
tune,dataflow_vs_b3,incidents,only_dataflow_side,privileged,10039,12,hard,split_brain,False,1,2,254000005220,20068487660,True,False,False,1,1,1
tune,dataflow_vs_b3,incidents,only_dataflow_side,privileged,10039,13,plain,,False,1,0,243500009056,1310605867,True,False,False,0,0,0
tune,dataflow_vs_b3,incidents,only_dataflow_side,privileged,10039,14,plain,,False,1,0,251500008736,1932096001,True,False,False,0,0,0
tune,dataflow_vs_b3,incidents,only_dataflow_side,privileged,10039,15,plain,,False,1,0,282500014711,428861131,True,False,False,0,0,0
tune,dataflow_vs_b3,incidents,only_dataflow_side,privileged,10039,16,decoy,,False,1,0,314500007961,9501659450,False,False,False,0,0,0
tune,dataflow_vs_b3,incidents,only_dataflow_side,privileged,10039,17,plain,,False,1,2,335000024228,132474105,True,False,False,0,0,0
tune,dataflow_vs_b3,incidents,only_dataflow_side,privileged,10039,19,plain,,False,1,0,394500012080,513485972,True,False,False,0,0,0
tune,dataflow_vs_b3,incidents,only_dataflow_side,privileged,10039,20,plain,,False,1,0,424000007137,1536517068,True,False,False,0,0,0
tune,dataflow_vs_b3,incidents,only_dataflow_side,privileged,10039,21,plain,,False,1,0,436500007396,3494414001,True,False,False,0,0,0
tune,dataflow_vs_b3,incidents,only_dataflow_side,privileged,10039,22,hard,split_brain,False,1,4,456000004685,20141957473,True,False,False,2,1,1
tune,dataflow_vs_b3,incidents,only_dataflow_side,privileged,10039,24,plain,,False,1,1,504500009821,1759102105,True,False,False,0,0,0
tune,dataflow_vs_b3,incidents,only_dataflow_side,privileged,10039,25,plain,,False,1,0,539000016453,383184411,True,False,False,0,0,0
tune,dataflow_vs_b3,incidents,only_dataflow_side,privileged,10039,4,plain,,False,1,0,51000010026,431726884,True,False,False,0,0,0
tune,dataflow_vs_b3,incidents,only_dataflow_side,privileged,10039,6,plain,,False,1,0,124000010745,397033590,True,False,False,0,0,0
tune,dataflow_vs_b3,incidents,only_dataflow_side,privileged,10039,7,plain,,False,1,0,186000009546,360640488,True,False,False,0,0,0
tune,dataflow_vs_b3,incidents,only_dataflow_side,privileged,10039,8,plain,,False,1,0,202000010478,232591864,True,False,False,0,0,0
tune,dataflow_vs_b3,incidents,only_dataflow_side,privileged,10040,0,plain,,False,1,0,13500011543,1615056139,True,False,False,0,0,0
tune,dataflow_vs_b3,incidents,only_dataflow_side,privileged,10040,1,plain,,False,1,0,123000006461,1899589555,True,False,False,0,0,0
tune,dataflow_vs_b3,incidents,only_dataflow_side,privileged,10040,10,plain,,True,1,0,236500008892,7152543386,True,False,False,0,0,0
tune,dataflow_vs_b3,incidents,only_dataflow_side,privileged,10040,11,plain,,False,1,0,230500011591,291121740,True,False,False,0,0,0
tune,dataflow_vs_b3,incidents,only_dataflow_side,privileged,10040,12,plain,,False,1,0,297000007061,2811882361,True,False,False,0,0,0
tune,dataflow_vs_b3,incidents,only_dataflow_side,privileged,10040,13,plain,,False,1,0,328500010908,207730233,True,False,False,0,0,0
tune,dataflow_vs_b3,incidents,only_dataflow_side,privileged,10040,14,plain,,False,1,0,343500007617,2409189197,True,False,False,0,0,0
tune,dataflow_vs_b3,incidents,only_dataflow_side,privileged,10040,15,plain,,False,1,2,364500022677,172551896,True,False,False,0,0,0
tune,dataflow_vs_b3,incidents,only_dataflow_side,privileged,10040,17,plain,,False,1,0,428000006801,3059980843,True,False,False,0,0,0
tune,dataflow_vs_b3,incidents,only_dataflow_side,privileged,10040,19,plain,,True,1,0,517000006985,9293950782,True,False,False,0,0,0
tune,dataflow_vs_b3,incidents,only_dataflow_side,privileged,10040,2,hard,cascade,False,1,4,148500007215,18552092568,True,False,False,1,1,1
tune,dataflow_vs_b3,incidents,only_dataflow_side,privileged,10040,20,plain,,True,1,0,523000006626,2055150584,True,False,False,0,0,0
tune,dataflow_vs_b3,incidents,only_dataflow_side,privileged,10040,21,plain,,True,1,0,526500007473,5162112916,True,False,False,0,0,0
tune,dataflow_vs_b3,incidents,only_dataflow_side,privileged,10040,3,plain,,False,3,0,137000011631,5937345,True,False,False,0,0,0
tune,dataflow_vs_b3,incidents,only_dataflow_side,privileged,10040,4,plain,,False,1,0,141000012570,96477207,True,False,False,0,0,0
tune,dataflow_vs_b3,incidents,only_dataflow_side,privileged,10040,6,plain,,False,1,1,195000009301,605901887,True,False,False,0,0,0
tune,dataflow_vs_b3,incidents,only_dataflow_side,privileged,10040,7,plain,,False,1,1,196500022086,320310038,True,False,False,0,0,0
tune,dataflow_vs_b3,incidents,only_dataflow_side,privileged,10040,9,plain,,False,1,0,206500014541,557814934,True,False,False,0,0,0
tune,dataflow_vs_b3,incidents,only_dataflow_side,privileged,10041,0,plain,,False,1,0,52000008436,376227907,True,False,False,0,0,0
tune,dataflow_vs_b3,incidents,only_dataflow_side,privileged,10041,1,plain,,True,1,0,58500007347,1985838606,True,False,False,0,0,0
tune,dataflow_vs_b3,incidents,only_dataflow_side,privileged,10041,10,plain,,False,1,0,294000005504,5070525506,True,False,False,0,0,0
tune,dataflow_vs_b3,incidents,only_dataflow_side,privileged,10041,11,plain,,False,1,0,299000017136,349149259,True,False,False,0,0,0
tune,dataflow_vs_b3,incidents,only_dataflow_side,privileged,10041,12,plain,,True,1,0,317000007419,4863239449,True,False,False,0,0,0
tune,dataflow_vs_b3,incidents,only_dataflow_side,privileged,10041,13,plain,,False,1,0,318500009712,1266751750,True,False,False,0,0,0
tune,dataflow_vs_b3,incidents,only_dataflow_side,privileged,10041,14,plain,,False,1,0,321500007763,2866090256,True,False,False,0,0,0
tune,dataflow_vs_b3,incidents,only_dataflow_side,privileged,10041,15,plain,,False,1,0,323500009935,8761615,True,False,False,0,0,0
tune,dataflow_vs_b3,incidents,only_dataflow_side,privileged,10041,16,plain,,False,1,0,349500007413,3686262476,True,False,False,0,0,0
tune,dataflow_vs_b3,incidents,only_dataflow_side,privileged,10041,17,plain,,True,1,0,435500005557,954364467,True,False,False,0,0,0
tune,dataflow_vs_b3,incidents,only_dataflow_side,privileged,10041,18,plain,,False,1,0,445000008133,3504212411,True,False,False,0,0,0
tune,dataflow_vs_b3,incidents,only_dataflow_side,privileged,10041,19,plain,,False,1,0,446000007243,2666358972,True,False,False,0,0,0
tune,dataflow_vs_b3,incidents,only_dataflow_side,privileged,10041,2,plain,,False,1,1,85000023029,443288104,True,False,False,0,0,0
tune,dataflow_vs_b3,incidents,only_dataflow_side,privileged,10041,20,plain,,False,1,0,456000008163,4094411405,True,False,False,0,0,0
tune,dataflow_vs_b3,incidents,only_dataflow_side,privileged,10041,21,plain,,False,1,1,483500007847,2376882835,True,False,False,0,0,0
tune,dataflow_vs_b3,incidents,only_dataflow_side,privileged,10041,22,plain,,False,1,0,484000008648,1385430879,True,False,False,0,0,0
tune,dataflow_vs_b3,incidents,only_dataflow_side,privileged,10041,23,plain,,True,1,0,533500011678,715218045,True,False,False,0,0,0
tune,dataflow_vs_b3,incidents,only_dataflow_side,privileged,10041,24,plain,,False,1,0,548000006659,8273990546,True,False,False,0,0,0
tune,dataflow_vs_b3,incidents,only_dataflow_side,privileged,10041,3,plain,,False,1,1,132000020049,476771984,True,False,False,0,0,0
tune,dataflow_vs_b3,incidents,only_dataflow_side,privileged,10041,5,plain,,False,1,0,136000009006,422004801,True,False,False,0,0,0
tune,dataflow_vs_b3,incidents,only_dataflow_side,privileged,10041,6,plain,,True,1,0,145000009352,95669336,True,False,False,0,0,0
tune,dataflow_vs_b3,incidents,only_dataflow_side,privileged,10041,8,plain,,False,2,1,223000010665,6551906113,True,False,False,0,0,0
tune,dataflow_vs_b3,incidents,only_dataflow_side,privileged,10041,9,plain,,True,1,2,264000028517,404104273,True,False,False,0,0,0
tune,dataflow_vs_b3,incidents,only_dataflow_side,privileged,10042,0,plain,,False,2,0,23000015430,113131519,True,False,False,0,0,0
tune,dataflow_vs_b3,incidents,only_dataflow_side,privileged,10042,1,plain,,False,1,0,32500006825,1676564642,True,False,False,0,0,0
tune,dataflow_vs_b3,incidents,only_dataflow_side,privileged,10042,10,plain,,False,1,0,173000007546,3005339322,True,False,False,0,0,0
tune,dataflow_vs_b3,incidents,only_dataflow_side,privileged,10042,11,plain,,False,1,0,215500006990,1093398211,True,False,False,0,0,0
tune,dataflow_vs_b3,incidents,only_dataflow_side,privileged,10042,12,plain,,True,1,0,237000006757,7971495481,True,False,False,0,0,0
tune,dataflow_vs_b3,incidents,only_dataflow_side,privileged,10042,13,plain,,False,1,0,258500010681,451867490,True,False,False,0,0,0
tune,dataflow_vs_b3,incidents,only_dataflow_side,privileged,10042,14,plain,,False,2,0,285000007125,1810780425,True,False,False,0,0,0
tune,dataflow_vs_b3,incidents,only_dataflow_side,privileged,10042,15,plain,,False,1,0,288000010880,430099873,True,False,False,0,0,0
tune,dataflow_vs_b3,incidents,only_dataflow_side,privileged,10042,16,plain,,False,1,0,298500006407,2182684658,True,False,False,0,0,0
tune,dataflow_vs_b3,incidents,only_dataflow_side,privileged,10042,17,plain,,False,1,0,348500007055,2101911779,True,False,False,0,0,0
tune,dataflow_vs_b3,incidents,only_dataflow_side,privileged,10042,18,hard,compound,True,1,1,418000001040,18685624247,True,False,False,1,1,1
tune,dataflow_vs_b3,incidents,only_dataflow_side,privileged,10042,19,plain,,False,1,0,461500007837,6987686340,True,False,False,0,0,0
tune,dataflow_vs_b3,incidents,only_dataflow_side,privileged,10042,2,plain,,True,1,0,54000008530,295144051,True,False,False,0,0,0
tune,dataflow_vs_b3,incidents,only_dataflow_side,privileged,10042,20,plain,,True,1,0,466000006201,4532285016,True,False,False,0,0,0
tune,dataflow_vs_b3,incidents,only_dataflow_side,privileged,10042,21,plain,,False,1,0,486000007007,3438913354,True,False,False,0,0,0
tune,dataflow_vs_b3,incidents,only_dataflow_side,privileged,10042,23,hard,compound,True,1,3,518000002805,18656692177,True,False,False,2,1,1
tune,dataflow_vs_b3,incidents,only_dataflow_side,privileged,10042,3,plain,,False,1,0,62000011300,405563563,True,False,False,0,0,0
tune,dataflow_vs_b3,incidents,only_dataflow_side,privileged,10042,4,plain,,False,1,0,81500008086,2759416385,True,False,False,0,0,0
tune,dataflow_vs_b3,incidents,only_dataflow_side,privileged,10042,5,plain,,False,1,0,87000014486,269705588,True,False,False,0,0,0
tune,dataflow_vs_b3,incidents,only_dataflow_side,privileged,10042,6,plain,,False,1,0,94500010486,303084378,True,False,False,0,0,0
tune,dataflow_vs_b3,incidents,only_dataflow_side,privileged,10042,7,plain,,False,1,0,131000008236,4568266422,True,False,False,0,0,0
tune,dataflow_vs_b3,incidents,only_dataflow_side,privileged,10042,8,plain,,False,1,1,155000015539,3328010975,True,False,False,0,0,0
tune,dataflow_vs_b3,incidents,only_dataflow_side,privileged,10042,9,hard,cascade,False,1,1,175500003985,20781384014,True,False,False,1,1,1
tune,dataflow_vs_b3,incidents,only_dataflow_side,privileged,10043,0,plain,,False,1,0,54500011029,304919559,True,False,False,0,0,0
tune,dataflow_vs_b3,incidents,only_dataflow_side,privileged,10043,10,plain,,False,1,0,319000011276,337901052,True,False,False,0,0,0
tune,dataflow_vs_b3,incidents,only_dataflow_side,privileged,10043,11,plain,,False,1,0,319500019692,372201175,True,False,False,0,0,0
tune,dataflow_vs_b3,incidents,only_dataflow_side,privileged,10043,12,decoy,,False,1,2,350000007749,22302699635,False,False,False,0,0,0
tune,dataflow_vs_b3,incidents,only_dataflow_side,privileged,10043,14,plain,,False,1,0,345000008119,2461001245,True,False,False,0,0,0
tune,dataflow_vs_b3,incidents,only_dataflow_side,privileged,10043,15,plain,,False,1,0,408500005835,3196097724,True,False,False,0,0,0
tune,dataflow_vs_b3,incidents,only_dataflow_side,privileged,10043,16,plain,,False,1,0,449500009454,174405718,True,False,False,0,0,0
tune,dataflow_vs_b3,incidents,only_dataflow_side,privileged,10043,17,plain,,False,1,0,476500007319,1225354881,True,False,False,0,0,0
tune,dataflow_vs_b3,incidents,only_dataflow_side,privileged,10043,2,decoy,,False,1,0,89500005265,9955291286,False,False,False,0,0,0
tune,dataflow_vs_b3,incidents,only_dataflow_side,privileged,10043,4,plain,,False,1,0,145000012786,276986429,True,False,False,0,0,0
tune,dataflow_vs_b3,incidents,only_dataflow_side,privileged,10043,6,decoy,,False,1,0,215500014644,10356786544,False,False,False,0,0,0
tune,dataflow_vs_b3,incidents,only_dataflow_side,privileged,10043,8,plain,,False,1,1,219000008431,3809667392,True,False,False,0,0,0
tune,dataflow_vs_b3,incidents,only_dataflow_side,privileged,10043,9,plain,,False,1,0,318000005195,7460774226,True,False,False,0,0,0
tune,dataflow_vs_b3,incidents,only_dataflow_side,privileged,10044,0,plain,,False,1,0,13500007014,418040821,True,False,False,0,0,0
tune,dataflow_vs_b3,incidents,only_dataflow_side,privileged,10044,1,plain,,False,1,0,20000008764,178524135,True,False,False,0,0,0
tune,dataflow_vs_b3,incidents,only_dataflow_side,privileged,10044,10,decoy,,False,1,0,128000007045,8748551292,False,False,False,0,0,0
tune,dataflow_vs_b3,incidents,only_dataflow_side,privileged,10044,11,plain,,False,1,0,173500006230,6061068517,True,False,False,0,0,0
tune,dataflow_vs_b3,incidents,only_dataflow_side,privileged,10044,12,plain,,False,1,0,178500018114,4455581990,True,False,False,0,0,0
tune,dataflow_vs_b3,incidents,only_dataflow_side,privileged,10044,13,plain,,False,1,0,178500018114,445664316,True,False,False,0,0,0
tune,dataflow_vs_b3,incidents,only_dataflow_side,privileged,10044,15,plain,,True,1,0,224500019942,75722839,True,False,False,0,0,0
tune,dataflow_vs_b3,incidents,only_dataflow_side,privileged,10044,16,plain,,False,1,0,266500005902,5581769523,True,False,False,0,0,0
tune,dataflow_vs_b3,incidents,only_dataflow_side,privileged,10044,17,plain,,False,1,0,277500007116,1514914108,True,False,False,0,0,0
tune,dataflow_vs_b3,incidents,only_dataflow_side,privileged,10044,18,plain,,False,1,0,292000007215,2542281317,True,False,False,0,0,0
tune,dataflow_vs_b3,incidents,only_dataflow_side,privileged,10044,2,plain,,False,1,0,41500020246,161820693,True,False,False,0,0,0
tune,dataflow_vs_b3,incidents,only_dataflow_side,privileged,10044,20,plain,,False,1,0,296000008031,1234709247,True,False,False,0,0,0
tune,dataflow_vs_b3,incidents,only_dataflow_side,privileged,10044,21,hard,slow_leak,False,1,1,335000005735,26693275892,True,False,False,1,1,1
tune,dataflow_vs_b3,incidents,only_dataflow_side,privileged,10044,22,plain,,False,1,0,322500008656,4746419654,True,False,False,0,0,0
tune,dataflow_vs_b3,incidents,only_dataflow_side,privileged,10044,23,plain,,False,1,1,335500009166,2329330910,True,False,False,0,0,0
tune,dataflow_vs_b3,incidents,only_dataflow_side,privileged,10044,24,plain,,False,1,0,363500007202,6216429213,True,False,False,0,0,0
tune,dataflow_vs_b3,incidents,only_dataflow_side,privileged,10044,26,plain,,False,1,0,386500013242,4983725538,True,False,False,0,0,0
tune,dataflow_vs_b3,incidents,only_dataflow_side,privileged,10044,27,plain,,False,1,0,387000007286,670586252,True,False,False,0,0,0
tune,dataflow_vs_b3,incidents,only_dataflow_side,privileged,10044,28,plain,,False,1,0,402000007220,6198914598,True,False,False,0,0,0
tune,dataflow_vs_b3,incidents,only_dataflow_side,privileged,10044,29,hard,slow_leak,False,1,1,441000006075,25427803961,True,False,False,1,1,1
tune,dataflow_vs_b3,incidents,only_dataflow_side,privileged,10044,31,plain,,False,1,0,430500010749,4219823644,True,False,False,0,0,0
tune,dataflow_vs_b3,incidents,only_dataflow_side,privileged,10044,33,hard,split_brain,True,1,1,498000009171,21730395342,True,False,False,1,1,1
tune,dataflow_vs_b3,incidents,only_dataflow_side,privileged,10044,37,plain,,False,1,0,508500017920,231044505,True,False,False,0,0,0
tune,dataflow_vs_b3,incidents,only_dataflow_side,privileged,10044,38,plain,,False,1,0,535500007649,6860293171,True,False,False,0,0,0
tune,dataflow_vs_b3,incidents,only_dataflow_side,privileged,10044,39,plain,,False,1,0,540500008009,6396439018,True,False,False,0,0,0
tune,dataflow_vs_b3,incidents,only_dataflow_side,privileged,10044,4,plain,,False,1,0,69000007695,3980364823,True,False,False,0,0,0
tune,dataflow_vs_b3,incidents,only_dataflow_side,privileged,10044,5,plain,,False,1,0,72000010554,375716195,True,False,False,0,0,0
tune,dataflow_vs_b3,incidents,only_dataflow_side,privileged,10044,6,plain,,False,1,0,80000007160,8192369136,True,False,False,0,0,0
tune,dataflow_vs_b3,incidents,only_dataflow_side,privileged,10044,7,plain,,False,1,0,95500008097,7235636612,True,False,False,0,0,0
tune,dataflow_vs_b3,incidents,only_dataflow_side,privileged,10044,8,plain,,False,1,0,102500007970,2691294682,True,False,False,0,0,0
tune,dataflow_vs_b3,incidents,only_dataflow_side,privileged,10044,9,hard,cascade,True,1,1,130500014610,24292946505,True,False,False,1,1,1
tune,dataflow_vs_b3,incidents,only_dataflow_side,privileged,10045,0,plain,,False,1,1,5000005093,3080625117,True,False,False,0,0,0
tune,dataflow_vs_b3,incidents,only_dataflow_side,privileged,10045,1,plain,,True,1,0,4000009624,204810960,True,False,False,0,0,0
tune,dataflow_vs_b3,incidents,only_dataflow_side,privileged,10045,10,plain,,True,1,0,124000007210,4290218650,True,False,False,0,0,0
tune,dataflow_vs_b3,incidents,only_dataflow_side,privileged,10045,11,plain,,False,1,1,136000006927,6908172840,True,False,False,0,0,0
tune,dataflow_vs_b3,incidents,only_dataflow_side,privileged,10045,12,plain,,False,1,0,143500007232,4814368195,True,False,False,0,0,0
tune,dataflow_vs_b3,incidents,only_dataflow_side,privileged,10045,13,plain,,True,1,0,152500007352,2182944562,True,False,False,0,0,0
tune,dataflow_vs_b3,incidents,only_dataflow_side,privileged,10045,15,plain,,False,1,0,169000007757,5657215243,True,False,False,0,0,0
tune,dataflow_vs_b3,incidents,only_dataflow_side,privileged,10045,17,plain,,False,1,0,183000009347,5338969699,True,False,False,0,0,0
tune,dataflow_vs_b3,incidents,only_dataflow_side,privileged,10045,18,plain,,False,1,0,181000010543,330809858,True,False,False,0,0,0
tune,dataflow_vs_b3,incidents,only_dataflow_side,privileged,10045,19,plain,,False,1,0,201000012568,297312694,True,False,False,0,0,0
tune,dataflow_vs_b3,incidents,only_dataflow_side,privileged,10045,2,decoy,,False,1,0,27000005628,9178103388,False,False,False,0,0,0
tune,dataflow_vs_b3,incidents,only_dataflow_side,privileged,10045,20,plain,,False,1,0,221000008199,3726789064,True,False,False,0,0,0
tune,dataflow_vs_b3,incidents,only_dataflow_side,privileged,10045,21,plain,,False,1,0,224000009402,2152870393,True,False,False,0,0,0
tune,dataflow_vs_b3,incidents,only_dataflow_side,privileged,10045,22,plain,,True,1,0,228000008817,5748536711,True,False,False,0,0,0
tune,dataflow_vs_b3,incidents,only_dataflow_side,privileged,10045,23,plain,,False,1,1,250000008822,6042662369,True,False,False,0,0,0
tune,dataflow_vs_b3,incidents,only_dataflow_side,privileged,10045,25,plain,,False,1,0,290500006967,6928810656,True,False,False,0,0,0
tune,dataflow_vs_b3,incidents,only_dataflow_side,privileged,10045,26,plain,,False,1,0,298500005982,7135863433,True,False,False,0,0,0
tune,dataflow_vs_b3,incidents,only_dataflow_side,privileged,10045,27,hard,slow_leak,False,1,1,352500004975,24302904002,True,False,False,1,1,1
tune,dataflow_vs_b3,incidents,only_dataflow_side,privileged,10045,29,plain,,True,1,0,347500007217,6270067527,True,False,False,0,0,0
tune,dataflow_vs_b3,incidents,only_dataflow_side,privileged,10045,3,plain,,False,1,0,24500007509,6164695381,True,False,False,0,0,0
tune,dataflow_vs_b3,incidents,only_dataflow_side,privileged,10045,30,plain,,False,1,0,348500018172,5886212108,True,False,False,0,0,0
tune,dataflow_vs_b3,incidents,only_dataflow_side,privileged,10045,31,hard,compound,False,1,1,399500011190,29471353645,True,False,False,1,1,1
tune,dataflow_vs_b3,incidents,only_dataflow_side,privileged,10045,33,hard,compound,False,1,1,543500001280,25808969764,True,False,False,1,1,1
tune,dataflow_vs_b3,incidents,only_dataflow_side,privileged,10045,4,plain,,False,1,0,40500006702,3392937944,True,False,False,0,0,0
tune,dataflow_vs_b3,incidents,only_dataflow_side,privileged,10045,5,plain,,False,1,0,51500011408,363177113,True,False,False,0,0,0
tune,dataflow_vs_b3,incidents,only_dataflow_side,privileged,10045,6,plain,,True,1,0,61500011097,535296778,True,False,False,0,0,0
tune,dataflow_vs_b3,incidents,only_dataflow_side,privileged,10045,7,plain,,False,1,0,70500008325,6628986599,True,False,False,0,0,0
tune,dataflow_vs_b3,incidents,only_dataflow_side,privileged,10045,8,decoy,,False,1,0,88000009188,7411024342,False,False,False,0,0,0
tune,dataflow_vs_b3,incidents,only_dataflow_side,privileged,10045,9,plain,,False,1,0,84500007144,2948561910,True,False,False,0,0,0
tune,dataflow_vs_b3,incidents,only_dataflow_side,privileged,10046,1,plain,,False,1,0,15500006907,486330505,True,False,False,0,0,0
tune,dataflow_vs_b3,incidents,only_dataflow_side,privileged,10046,10,plain,,True,1,1,199500017087,432943951,True,False,False,0,0,0
tune,dataflow_vs_b3,incidents,only_dataflow_side,privileged,10046,12,plain,,False,1,0,227500006918,2550608727,True,False,False,0,0,0
tune,dataflow_vs_b3,incidents,only_dataflow_side,privileged,10046,13,plain,,False,1,0,303000005818,2070714859,True,False,False,0,0,0
tune,dataflow_vs_b3,incidents,only_dataflow_side,privileged,10046,14,plain,,True,1,0,326500006468,4789062950,True,False,False,0,0,0
tune,dataflow_vs_b3,incidents,only_dataflow_side,privileged,10046,15,plain,,True,1,0,332000020244,378989404,True,False,False,0,0,0
tune,dataflow_vs_b3,incidents,only_dataflow_side,privileged,10046,16,plain,,False,1,0,350500007298,4338281638,True,False,False,0,0,0
tune,dataflow_vs_b3,incidents,only_dataflow_side,privileged,10046,17,plain,,True,1,0,414000008898,5532678398,True,False,False,0,0,0
tune,dataflow_vs_b3,incidents,only_dataflow_side,privileged,10046,18,plain,,False,1,0,421500005846,7844790666,True,False,False,0,0,0
tune,dataflow_vs_b3,incidents,only_dataflow_side,privileged,10046,19,plain,,False,1,0,462500006572,2410700447,True,False,False,0,0,0
tune,dataflow_vs_b3,incidents,only_dataflow_side,privileged,10046,20,hard,compound,True,1,1,500500002270,18556486115,True,False,False,1,1,1
tune,dataflow_vs_b3,incidents,only_dataflow_side,privileged,10046,21,plain,,False,1,0,519500006288,3542593690,True,False,False,0,0,0
tune,dataflow_vs_b3,incidents,only_dataflow_side,privileged,10046,22,plain,,False,1,0,525000007519,4869523327,True,False,False,0,0,0
tune,dataflow_vs_b3,incidents,only_dataflow_side,privileged,10046,23,plain,,False,1,0,544000006713,5358940717,True,False,False,0,0,0
tune,dataflow_vs_b3,incidents,only_dataflow_side,privileged,10046,3,plain,,False,1,0,64500008777,480131207,True,False,False,0,0,0
tune,dataflow_vs_b3,incidents,only_dataflow_side,privileged,10046,4,plain,,False,1,0,86000010629,312821234,True,False,False,0,0,0
tune,dataflow_vs_b3,incidents,only_dataflow_side,privileged,10046,5,hard,slow_leak,False,1,1,117500005850,23988602046,True,False,False,1,1,1
tune,dataflow_vs_b3,incidents,only_dataflow_side,privileged,10046,6,plain,,False,1,0,110000007282,917975147,True,False,False,0,0,0
tune,dataflow_vs_b3,incidents,only_dataflow_side,privileged,10046,7,plain,,False,1,0,120500006227,3082089771,True,False,False,0,0,0
tune,dataflow_vs_b3,incidents,only_dataflow_side,privileged,10046,8,plain,,True,1,0,139500009023,6783533472,True,False,False,0,0,0
tune,dataflow_vs_b3,incidents,only_dataflow_side,privileged,10047,0,plain,,False,1,0,8500015182,371069779,True,False,False,0,0,0
tune,dataflow_vs_b3,incidents,only_dataflow_side,privileged,10047,1,plain,,True,1,0,52000009688,1444281617,True,False,False,0,0,0
tune,dataflow_vs_b3,incidents,only_dataflow_side,privileged,10047,10,plain,,False,1,0,214000013107,4400742707,True,False,False,0,0,0
tune,dataflow_vs_b3,incidents,only_dataflow_side,privileged,10047,11,plain,,False,1,0,234000012655,433641884,True,False,False,0,0,0
tune,dataflow_vs_b3,incidents,only_dataflow_side,privileged,10047,13,plain,,False,1,0,283000009366,557093668,True,False,False,0,0,0
tune,dataflow_vs_b3,incidents,only_dataflow_side,privileged,10047,16,plain,,False,1,2,354500024277,104751751,True,False,False,0,0,0
tune,dataflow_vs_b3,incidents,only_dataflow_side,privileged,10047,17,plain,,False,1,0,364500008496,1231415751,True,False,False,0,0,0
tune,dataflow_vs_b3,incidents,only_dataflow_side,privileged,10047,18,plain,,False,1,0,378000014593,225067633,True,False,False,0,0,0
tune,dataflow_vs_b3,incidents,only_dataflow_side,privileged,10047,19,plain,,True,1,0,394500008267,6652377830,True,False,False,0,0,0
tune,dataflow_vs_b3,incidents,only_dataflow_side,privileged,10047,2,plain,,False,1,0,72000007377,1444936178,True,False,False,0,0,0
tune,dataflow_vs_b3,incidents,only_dataflow_side,privileged,10047,20,plain,,False,1,1,427500018248,306670718,True,False,False,0,0,0
tune,dataflow_vs_b3,incidents,only_dataflow_side,privileged,10047,22,plain,,False,1,0,512000010783,410838817,True,False,False,0,0,0
tune,dataflow_vs_b3,incidents,only_dataflow_side,privileged,10047,23,plain,,False,1,0,529500011723,6422521961,True,False,False,0,0,0
tune,dataflow_vs_b3,incidents,only_dataflow_side,privileged,10047,24,plain,,False,2,0,525000009852,395189763,True,False,False,0,0,0
tune,dataflow_vs_b3,incidents,only_dataflow_side,privileged,10047,3,plain,,False,1,0,92000010966,216321892,True,False,False,0,0,0
tune,dataflow_vs_b3,incidents,only_dataflow_side,privileged,10047,4,plain,,True,1,0,134000013034,379706268,True,False,False,0,0,0
tune,dataflow_vs_b3,incidents,only_dataflow_side,privileged,10047,6,plain,,False,1,1,165500020649,308138513,True,False,False,0,0,0
tune,dataflow_vs_b3,incidents,only_dataflow_side,privileged,10047,7,plain,,False,1,0,172500007812,1409695684,True,False,False,0,0,0
tune,dataflow_vs_b3,incidents,only_dataflow_side,privileged,10047,8,plain,,False,1,0,183500007667,4896067120,True,False,False,0,0,0
tune,dataflow_vs_b3,incidents,only_dataflow_side,privileged,10047,9,plain,,True,1,1,204000014847,314731990,True,False,False,0,0,0
tune,dataflow_vs_b3,incidents,only_dataflow_side,privileged,10048,0,plain,,True,1,0,24500007308,63214736,True,False,False,0,0,0
tune,dataflow_vs_b3,incidents,only_dataflow_side,privileged,10048,1,plain,,False,1,1,40000012984,271093017,True,False,False,0,0,0
tune,dataflow_vs_b3,incidents,only_dataflow_side,privileged,10048,10,plain,,False,1,0,211000013610,4324639004,True,False,False,0,0,0
tune,dataflow_vs_b3,incidents,only_dataflow_side,privileged,10048,11,plain,,False,1,1,266500011258,2673609787,True,False,False,0,0,0
tune,dataflow_vs_b3,incidents,only_dataflow_side,privileged,10048,12,plain,,True,1,0,314500007139,934716087,True,False,False,0,0,0
tune,dataflow_vs_b3,incidents,only_dataflow_side,privileged,10048,14,plain,,True,1,0,360500005607,3937370534,True,False,False,0,0,0
tune,dataflow_vs_b3,incidents,only_dataflow_side,privileged,10048,15,hard,slow_leak,False,1,1,389000004570,24293281974,True,False,False,1,1,1
tune,dataflow_vs_b3,incidents,only_dataflow_side,privileged,10048,16,plain,,False,1,0,373500012340,366679774,True,False,False,0,0,0
tune,dataflow_vs_b3,incidents,only_dataflow_side,privileged,10048,17,plain,,False,1,0,384000011670,263440613,True,False,False,0,0,0
tune,dataflow_vs_b3,incidents,only_dataflow_side,privileged,10048,18,plain,,False,1,0,408500006111,3574431808,True,False,False,0,0,0
tune,dataflow_vs_b3,incidents,only_dataflow_side,privileged,10048,19,plain,,False,1,0,468000006705,3943119780,True,False,False,0,0,0
tune,dataflow_vs_b3,incidents,only_dataflow_side,privileged,10048,2,decoy,,False,1,0,76500005186,10393045320,False,False,False,0,0,0
tune,dataflow_vs_b3,incidents,only_dataflow_side,privileged,10048,20,plain,,False,1,0,477000007600,1110971779,True,False,False,0,0,0
tune,dataflow_vs_b3,incidents,only_dataflow_side,privileged,10048,21,plain,,True,1,0,494000011045,165335152,True,False,False,0,0,0
tune,dataflow_vs_b3,incidents,only_dataflow_side,privileged,10048,23,hard,slow_leak,False,1,1,561000001850,25552317771,True,False,False,1,1,1
tune,dataflow_vs_b3,incidents,only_dataflow_side,privileged,10048,3,plain,,False,1,0,81500011685,277404812,True,False,False,0,0,0
tune,dataflow_vs_b3,incidents,only_dataflow_side,privileged,10048,4,plain,,True,1,0,90000006466,2939049425,True,False,False,0,0,0
tune,dataflow_vs_b3,incidents,only_dataflow_side,privileged,10048,6,hard,slow_leak,False,1,1,171000001570,24819775866,True,False,False,1,1,1
tune,dataflow_vs_b3,incidents,only_dataflow_side,privileged,10048,7,plain,,False,1,0,185500008915,286974096,True,False,False,0,0,0
tune,dataflow_vs_b3,incidents,only_dataflow_side,privileged,10048,8,plain,,False,2,0,190000011685,375740351,True,False,False,0,0,0
tune,dataflow_vs_b3,incidents,only_dataflow_side,privileged,10048,9,plain,,True,1,0,206500006810,2716753047,True,False,False,0,0,0
tune,dataflow_vs_b3,incidents,only_dataflow_side,privileged,10049,0,plain,,False,1,1,18000016401,207028882,True,False,False,0,0,0
tune,dataflow_vs_b3,incidents,only_dataflow_side,privileged,10049,1,plain,,False,2,0,55000007475,2701803647,True,False,False,0,0,0
tune,dataflow_vs_b3,incidents,only_dataflow_side,privileged,10049,10,plain,,False,1,0,152000006984,1935445109,True,False,False,0,0,0
tune,dataflow_vs_b3,incidents,only_dataflow_side,privileged,10049,11,plain,,False,1,0,159500007274,5840619747,True,False,False,0,0,0
tune,dataflow_vs_b3,incidents,only_dataflow_side,privileged,10049,12,plain,,False,1,0,170500007759,5445027502,True,False,False,0,0,0
tune,dataflow_vs_b3,incidents,only_dataflow_side,privileged,10049,13,plain,,False,1,0,191500013680,7913445698,True,False,False,0,0,0
tune,dataflow_vs_b3,incidents,only_dataflow_side,privileged,10049,16,plain,,False,1,0,260500006399,3907678694,True,False,False,0,0,0
tune,dataflow_vs_b3,incidents,only_dataflow_side,privileged,10049,18,hard,cascade,False,1,1,341500002155,18815651865,True,False,False,1,1,1
tune,dataflow_vs_b3,incidents,only_dataflow_side,privileged,10049,21,plain,,False,1,0,425000005887,3151826894,True,False,False,0,0,0
tune,dataflow_vs_b3,incidents,only_dataflow_side,privileged,10049,22,hard,cascade,True,1,1,468000004550,19021097426,True,False,False,1,1,1
tune,dataflow_vs_b3,incidents,only_dataflow_side,privileged,10049,23,plain,,False,1,1,461500007827,1364834705,True,False,False,0,0,0
tune,dataflow_vs_b3,incidents,only_dataflow_side,privileged,10049,24,plain,,False,1,0,470500008014,5367907939,True,False,False,0,0,0
tune,dataflow_vs_b3,incidents,only_dataflow_side,privileged,10049,25,hard,split_brain,True,1,1,487500001955,21217284204,True,False,False,1,1,1
tune,dataflow_vs_b3,incidents,only_dataflow_side,privileged,10049,26,hard,slow_leak,False,1,1,512000002765,25363046385,True,False,False,1,1,1
tune,dataflow_vs_b3,incidents,only_dataflow_side,privileged,10049,27,plain,,False,1,0,520500017258,2392634427,True,False,False,0,0,0
tune,dataflow_vs_b3,incidents,only_dataflow_side,privileged,10049,3,hard,cascade,False,1,3,77500002095,18915756787,True,False,False,1,1,1
tune,dataflow_vs_b3,incidents,only_dataflow_side,privileged,10049,6,hard,slow_leak,False,1,1,120500004330,25058716362,True,False,False,1,1,1
tune,dataflow_vs_b3,incidents,only_dataflow_side,privileged,10049,7,plain,,False,1,1,98000014793,44606434,True,False,False,0,0,0
tune,dataflow_vs_b3,incidents,only_dataflow_side,privileged,10049,8,plain,,False,1,1,106000010529,1359464933,True,False,False,0,0,0
tune,dataflow_vs_b3,incidents,only_dataflow_side,privileged,10049,9,plain,,False,1,0,137000009399,3719133612,True,False,False,0,0,0
tune,dataflow_vs_b3,incidents,only_dataflow_side,privileged,10050,0,plain,,True,1,0,22000008354,317851218,True,False,False,0,0,0
tune,dataflow_vs_b3,incidents,only_dataflow_side,privileged,10050,1,plain,,False,1,0,29500013163,235768262,True,False,False,0,0,0
tune,dataflow_vs_b3,incidents,only_dataflow_side,privileged,10050,10,plain,,False,1,0,179500008970,5492650072,True,False,False,0,0,0
tune,dataflow_vs_b3,incidents,only_dataflow_side,privileged,10050,11,plain,,False,1,0,189500008489,2872430483,True,False,False,0,0,0
tune,dataflow_vs_b3,incidents,only_dataflow_side,privileged,10050,13,plain,,True,1,1,247000023481,456851062,True,False,False,0,0,0
tune,dataflow_vs_b3,incidents,only_dataflow_side,privileged,10050,14,plain,,True,1,0,252000012507,520176487,True,False,False,0,0,0
tune,dataflow_vs_b3,incidents,only_dataflow_side,privileged,10050,16,plain,,True,1,0,308500007464,2862366668,True,False,False,0,0,0
tune,dataflow_vs_b3,incidents,only_dataflow_side,privileged,10050,17,plain,,True,1,1,338500017801,364541433,True,False,False,0,0,0
tune,dataflow_vs_b3,incidents,only_dataflow_side,privileged,10050,20,plain,,True,1,0,441000010136,155449172,True,False,False,0,0,0
tune,dataflow_vs_b3,incidents,only_dataflow_side,privileged,10050,21,plain,,True,2,0,454000020603,230426951,True,False,False,0,0,0
tune,dataflow_vs_b3,incidents,only_dataflow_side,privileged,10050,22,plain,,True,1,0,480500008289,1112249371,True,False,False,0,0,0
tune,dataflow_vs_b3,incidents,only_dataflow_side,privileged,10050,23,plain,,False,1,0,494500023648,3129337162,True,False,False,0,0,0
tune,dataflow_vs_b3,incidents,only_dataflow_side,privileged,10050,24,plain,,True,1,0,494500023648,460711630,True,False,False,0,0,0
tune,dataflow_vs_b3,incidents,only_dataflow_side,privileged,10050,26,plain,,True,1,0,538000009285,16506129298,False,True,True,0,0,0
tune,dataflow_vs_b3,incidents,only_dataflow_side,privileged,10050,5,plain,,True,1,0,125000015923,94258424,True,False,False,0,0,0
tune,dataflow_vs_b3,incidents,only_dataflow_side,privileged,10050,6,plain,,False,1,0,138000007019,3518286555,True,False,False,0,0,0
tune,dataflow_vs_b3,incidents,only_dataflow_side,privileged,10050,7,plain,,True,1,0,165000012759,2508156005,True,False,False,0,0,0
tune,dataflow_vs_b3,incidents,only_dataflow_side,privileged,10050,8,plain,,True,1,0,169500010359,403986006,True,False,False,0,0,0
tune,dataflow_vs_b3,incidents,only_dataflow_side,privileged,10050,9,plain,,False,1,0,171500010871,472287758,True,False,False,0,0,0
tune,dataflow_vs_b3,incidents,only_dataflow_side,privileged,10051,13,plain,,False,1,0,297000010601,971800649,True,False,False,0,0,0
tune,dataflow_vs_b3,incidents,only_dataflow_side,privileged,10051,15,plain,,False,1,0,337500010616,297891571,True,False,False,0,0,0
tune,dataflow_vs_b3,incidents,only_dataflow_side,privileged,10051,17,plain,,False,1,0,395000005931,636235371,True,False,False,0,0,0
tune,dataflow_vs_b3,incidents,only_dataflow_side,privileged,10051,19,hard,slow_leak,False,1,1,462000002560,24155645123,True,False,False,1,1,1
tune,dataflow_vs_b3,incidents,only_dataflow_side,privileged,10051,2,hard,split_brain,True,1,2,137000001455,19009183377,True,False,False,1,1,1
tune,dataflow_vs_b3,incidents,only_dataflow_side,privileged,10051,20,hard,split_brain,True,1,1,464500003945,18527610176,True,False,False,1,1,1
tune,dataflow_vs_b3,incidents,only_dataflow_side,privileged,10051,21,plain,,False,1,1,459000010885,479941970,True,False,False,0,0,0
tune,dataflow_vs_b3,incidents,only_dataflow_side,privileged,10051,22,plain,,True,1,0,465500007796,4076300113,True,False,False,0,0,0
tune,dataflow_vs_b3,incidents,only_dataflow_side,privileged,10051,24,plain,,True,1,0,510000006543,5133694744,True,False,False,0,0,0
tune,dataflow_vs_b3,incidents,only_dataflow_side,privileged,10051,25,plain,,False,1,0,530500007547,3616170950,True,False,False,0,0,0
tune,dataflow_vs_b3,incidents,only_dataflow_side,privileged,10051,3,hard,cascade,False,1,1,201500002940,18519965320,True,False,False,1,1,1
tune,dataflow_vs_b3,incidents,only_dataflow_side,privileged,10051,5,plain,,False,1,1,189500015028,131007296,True,False,False,0,0,0
tune,dataflow_vs_b3,incidents,only_dataflow_side,privileged,10051,6,plain,,False,1,0,198500012246,18069887,True,False,False,0,0,0
tune,dataflow_vs_b3,incidents,only_dataflow_side,privileged,10051,8,plain,,False,1,0,246500010521,422551656,True,False,False,0,0,0
tune,dataflow_vs_b3,incidents,only_dataflow_side,privileged,10051,9,plain,,False,1,0,264000008885,1345025669,True,False,False,0,0,0
tune,dataflow_vs_b3,incidents,only_dataflow_side,privileged,10052,0,plain,,False,1,0,14000010511,77534528,True,False,False,0,0,0
tune,dataflow_vs_b3,incidents,only_dataflow_side,privileged,10052,1,plain,,False,1,0,49500007834,459942687,True,False,False,0,0,0
tune,dataflow_vs_b3,incidents,only_dataflow_side,privileged,10052,10,plain,,False,1,0,182000008685,5171108352,True,False,False,0,0,0
tune,dataflow_vs_b3,incidents,only_dataflow_side,privileged,10052,11,plain,,False,1,0,188500008550,2437502844,True,False,False,0,0,0
tune,dataflow_vs_b3,incidents,only_dataflow_side,privileged,10052,13,plain,,False,1,0,225000010084,1310502865,True,False,False,0,0,0
tune,dataflow_vs_b3,incidents,only_dataflow_side,privileged,10052,14,plain,,False,1,0,227500015754,320080979,True,False,False,0,0,0
tune,dataflow_vs_b3,incidents,only_dataflow_side,privileged,10052,15,plain,,False,1,0,228000012948,333560540,True,False,False,0,0,0
tune,dataflow_vs_b3,incidents,only_dataflow_side,privileged,10052,16,plain,,False,1,0,232500011040,757528030,True,False,False,0,0,0
tune,dataflow_vs_b3,incidents,only_dataflow_side,privileged,10052,18,plain,,True,1,0,262000008619,2738187594,True,False,False,0,0,0
tune,dataflow_vs_b3,incidents,only_dataflow_side,privileged,10052,19,plain,,False,1,0,275000014039,934557615,True,False,False,0,0,0
tune,dataflow_vs_b3,incidents,only_dataflow_side,privileged,10052,2,plain,,False,1,0,63000010874,419953836,True,False,False,0,0,0
tune,dataflow_vs_b3,incidents,only_dataflow_side,privileged,10052,22,plain,,False,1,3,299000043866,159759119,True,False,False,0,0,0
tune,dataflow_vs_b3,incidents,only_dataflow_side,privileged,10052,23,plain,,False,1,0,314000007150,2647485817,True,False,False,0,0,0
tune,dataflow_vs_b3,incidents,only_dataflow_side,privileged,10052,24,plain,,False,1,0,329500008361,4949316712,True,False,False,0,0,0
tune,dataflow_vs_b3,incidents,only_dataflow_side,privileged,10052,27,plain,,False,1,0,388000006783,2369331100,True,False,False,0,0,0
tune,dataflow_vs_b3,incidents,only_dataflow_side,privileged,10052,28,plain,,False,1,0,393000006555,3844578389,True,False,False,0,0,0
tune,dataflow_vs_b3,incidents,only_dataflow_side,privileged,10052,30,plain,,False,1,1,515500006169,5597104236,True,False,False,0,0,0
tune,dataflow_vs_b3,incidents,only_dataflow_side,privileged,10052,4,plain,,False,1,0,94000011884,233170211,True,False,False,0,0,0
tune,dataflow_vs_b3,incidents,only_dataflow_side,privileged,10052,5,plain,,False,1,0,117500013499,381994108,True,False,False,0,0,0
tune,dataflow_vs_b3,incidents,only_dataflow_side,privileged,10052,6,plain,,False,1,0,137000008193,1441684865,True,False,False,0,0,0
tune,dataflow_vs_b3,incidents,only_dataflow_side,privileged,10052,7,plain,,False,1,0,146000015868,199954775,True,False,False,0,0,0
tune,dataflow_vs_b3,incidents,only_dataflow_side,privileged,10052,8,plain,,False,1,0,165500007180,6864178081,True,False,False,0,0,0
tune,dataflow_vs_b3,incidents,only_dataflow_side,privileged,10052,9,plain,,False,1,0,176000012255,419436185,True,False,False,0,0,0
tune,dataflow_vs_b3,incidents,only_dataflow_side,privileged,10053,0,plain,,True,1,0,5000005393,2363260285,True,False,False,0,0,0
tune,dataflow_vs_b3,incidents,only_dataflow_side,privileged,10053,1,plain,,False,2,0,32500005063,3777713205,True,False,False,0,0,0
tune,dataflow_vs_b3,incidents,only_dataflow_side,privileged,10053,10,plain,,True,1,0,155500007754,3911366848,True,False,False,0,0,0
tune,dataflow_vs_b3,incidents,only_dataflow_side,privileged,10053,11,hard,compound,False,1,2,181000004690,22630165383,True,False,False,1,1,1
tune,dataflow_vs_b3,incidents,only_dataflow_side,privileged,10053,12,plain,,False,1,0,162500011185,3602917597,True,False,False,0,0,0
tune,dataflow_vs_b3,incidents,only_dataflow_side,privileged,10053,13,plain,,True,1,0,169500007414,3569746619,True,False,False,0,0,0
tune,dataflow_vs_b3,incidents,only_dataflow_side,privileged,10053,14,plain,,False,1,0,195000010475,12979692656,True,False,False,0,0,0
tune,dataflow_vs_b3,incidents,only_dataflow_side,privileged,10053,15,plain,,True,1,0,217000008142,6139241561,True,False,False,0,0,0
tune,dataflow_vs_b3,incidents,only_dataflow_side,privileged,10053,16,plain,,True,1,0,247000006520,22020986910,False,True,True,0,0,0
tune,dataflow_vs_b3,incidents,only_dataflow_side,privileged,10053,18,plain,,False,1,0,281000006674,19678586956,True,False,False,0,0,0
tune,dataflow_vs_b3,incidents,only_dataflow_side,privileged,10053,19,plain,,True,1,0,268000011624,373518629,True,False,False,0,0,0
tune,dataflow_vs_b3,incidents,only_dataflow_side,privileged,10053,2,plain,,False,1,0,44500007573,508289753,True,False,False,0,0,0
tune,dataflow_vs_b3,incidents,only_dataflow_side,privileged,10053,20,plain,,True,1,0,297000006762,7122886256,True,False,False,0,0,0
tune,dataflow_vs_b3,incidents,only_dataflow_side,privileged,10053,21,plain,,False,1,0,298500007247,6053531061,True,False,False,0,0,0
tune,dataflow_vs_b3,incidents,only_dataflow_side,privileged,10053,22,hard,cascade,True,1,1,326500002690,21716476874,True,False,False,1,1,1
tune,dataflow_vs_b3,incidents,only_dataflow_side,privileged,10053,23,hard,compound,False,1,1,361500003150,21091253148,True,False,False,1,1,1
tune,dataflow_vs_b3,incidents,only_dataflow_side,privileged,10053,24,plain,,False,1,0,349500013197,8443425504,True,False,False,0,0,0
tune,dataflow_vs_b3,incidents,only_dataflow_side,privileged,10053,25,plain,,True,1,0,377500006800,20918481927,True,False,False,0,0,0
tune,dataflow_vs_b3,incidents,only_dataflow_side,privileged,10053,26,plain,,False,1,0,454000005309,18160258404,True,False,False,0,0,0
tune,dataflow_vs_b3,incidents,only_dataflow_side,privileged,10053,27,plain,,True,1,0,469000006685,3968703474,True,False,False,0,0,0
tune,dataflow_vs_b3,incidents,only_dataflow_side,privileged,10053,28,plain,,True,1,0,466000010872,446132580,True,False,False,0,0,0
tune,dataflow_vs_b3,incidents,only_dataflow_side,privileged,10053,29,plain,,True,1,0,485500005762,5720109897,True,False,False,0,0,0
tune,dataflow_vs_b3,incidents,only_dataflow_side,privileged,10053,3,plain,,False,1,0,45000016268,45525751,True,False,False,0,0,0
tune,dataflow_vs_b3,incidents,only_dataflow_side,privileged,10053,31,plain,,True,1,0,510500010429,6398883513,True,False,False,0,0,0
tune,dataflow_vs_b3,incidents,only_dataflow_side,privileged,10053,32,plain,,False,1,0,518500006252,3935401847,True,False,False,0,0,0
tune,dataflow_vs_b3,incidents,only_dataflow_side,privileged,10053,4,plain,,False,1,0,54000009673,100760703,True,False,False,0,0,0
tune,dataflow_vs_b3,incidents,only_dataflow_side,privileged,10053,6,plain,,False,1,0,80000019354,421996118,True,False,False,0,0,0
tune,dataflow_vs_b3,incidents,only_dataflow_side,privileged,10053,7,plain,,True,1,0,95500008820,6909189651,True,False,False,0,0,0
tune,dataflow_vs_b3,incidents,only_dataflow_side,privileged,10053,8,plain,,False,1,0,134500005028,5034552588,True,False,False,0,0,0
tune,dataflow_vs_b3,incidents,only_dataflow_side,privileged,10053,9,plain,,False,1,0,149500005779,3009959084,True,False,False,0,0,0
tune,dataflow_vs_b3,incidents,only_dataflow_side,privileged,10054,0,plain,,True,1,0,9000006736,482058028,True,False,False,0,0,0
tune,dataflow_vs_b3,incidents,only_dataflow_side,privileged,10054,1,plain,,True,1,0,12000014206,1551481899,True,False,False,0,0,0
tune,dataflow_vs_b3,incidents,only_dataflow_side,privileged,10054,10,plain,,True,1,0,214500006586,2430495850,True,False,False,0,0,0
tune,dataflow_vs_b3,incidents,only_dataflow_side,privileged,10054,11,plain,,False,1,2,257500012644,944773124,True,False,False,0,0,0
tune,dataflow_vs_b3,incidents,only_dataflow_side,privileged,10054,13,plain,,False,1,0,280500008402,4069604662,True,False,False,0,0,0
tune,dataflow_vs_b3,incidents,only_dataflow_side,privileged,10054,14,plain,,False,1,0,292500015495,242011852,True,False,False,0,0,0
tune,dataflow_vs_b3,incidents,only_dataflow_side,privileged,10054,15,plain,,True,1,0,302500009636,2346425389,True,False,False,0,0,0
tune,dataflow_vs_b3,incidents,only_dataflow_side,privileged,10054,16,hard,compound,True,1,1,331000005605,19164994365,True,False,False,1,1,1
tune,dataflow_vs_b3,incidents,only_dataflow_side,privileged,10054,17,plain,,True,1,1,312500019071,205151253,True,False,False,0,0,0
tune,dataflow_vs_b3,incidents,only_dataflow_side,privileged,10054,18,plain,,False,1,0,325500009837,3446751958,True,False,False,0,0,0
tune,dataflow_vs_b3,incidents,only_dataflow_side,privileged,10054,19,plain,,False,1,0,331500009151,1208425544,True,False,False,0,0,0
tune,dataflow_vs_b3,incidents,only_dataflow_side,privileged,10054,2,plain,,False,1,0,12000014206,209800510,True,False,False,0,0,0
tune,dataflow_vs_b3,incidents,only_dataflow_side,privileged,10054,20,plain,,False,1,0,342000027894,476609093,True,False,False,0,0,0
tune,dataflow_vs_b3,incidents,only_dataflow_side,privileged,10054,21,plain,,False,1,0,361000008903,8290711003,True,False,False,0,0,0
tune,dataflow_vs_b3,incidents,only_dataflow_side,privileged,10054,22,plain,,True,1,0,363500009702,1042774149,True,False,False,0,0,0
tune,dataflow_vs_b3,incidents,only_dataflow_side,privileged,10054,23,hard,split_brain,False,1,1,416500001745,22731506744,True,False,False,1,1,1
tune,dataflow_vs_b3,incidents,only_dataflow_side,privileged,10054,24,plain,,False,1,0,394500015795,136797643,True,False,False,0,0,0
tune,dataflow_vs_b3,incidents,only_dataflow_side,privileged,10054,25,plain,,False,1,0,402000009832,4055130812,True,False,False,0,0,0
tune,dataflow_vs_b3,incidents,only_dataflow_side,privileged,10054,26,plain,,False,1,0,408000014931,2692313733,True,False,False,0,0,0
tune,dataflow_vs_b3,incidents,only_dataflow_side,privileged,10054,28,plain,,True,1,0,488000006752,5190629876,True,False,False,0,0,0
tune,dataflow_vs_b3,incidents,only_dataflow_side,privileged,10054,29,plain,,True,1,0,490500006783,4222682630,True,False,False,0,0,0
tune,dataflow_vs_b3,incidents,only_dataflow_side,privileged,10054,3,plain,,True,1,0,74000006351,2041848354,True,False,False,0,0,0
tune,dataflow_vs_b3,incidents,only_dataflow_side,privileged,10054,30,plain,,False,1,0,519500008563,1599114004,True,False,False,0,0,0
tune,dataflow_vs_b3,incidents,only_dataflow_side,privileged,10054,31,plain,,False,1,0,522000007753,3428391352,True,False,False,0,0,0
tune,dataflow_vs_b3,incidents,only_dataflow_side,privileged,10054,4,plain,,True,1,0,80000007581,2478908784,True,False,False,0,0,0
tune,dataflow_vs_b3,incidents,only_dataflow_side,privileged,10054,7,plain,,False,1,0,107000009605,151310354,True,False,False,0,0,0
tune,dataflow_vs_b3,incidents,only_dataflow_side,privileged,10054,8,hard,split_brain,True,1,2,162000002740,18912555632,True,False,False,1,1,1
tune,dataflow_vs_b3,incidents,only_dataflow_side,privileged,10054,9,plain,,False,1,3,184500032076,453999722,True,False,False,0,0,0
tune,dataflow_vs_b3,incidents,only_dataflow_side,privileged,10055,0,plain,,True,1,0,1000008102,218999295,True,False,False,0,0,0
tune,dataflow_vs_b3,incidents,only_dataflow_side,privileged,10055,10,plain,,False,2,0,239000015617,385131077,True,False,False,0,0,0
tune,dataflow_vs_b3,incidents,only_dataflow_side,privileged,10055,12,plain,,False,1,0,261500018891,406618263,True,False,False,0,0,0
tune,dataflow_vs_b3,incidents,only_dataflow_side,privileged,10055,13,decoy,,False,1,0,281500007846,10214660458,False,False,False,0,0,0
tune,dataflow_vs_b3,incidents,only_dataflow_side,privileged,10055,14,plain,,False,1,0,277500007352,4789269246,True,False,False,0,0,0
tune,dataflow_vs_b3,incidents,only_dataflow_side,privileged,10055,15,plain,,False,1,0,305000006182,5659321148,True,False,False,0,0,0
tune,dataflow_vs_b3,incidents,only_dataflow_side,privileged,10055,16,plain,,False,1,0,309000007747,2655298005,True,False,False,0,0,0
tune,dataflow_vs_b3,incidents,only_dataflow_side,privileged,10055,17,plain,,True,1,0,334500006549,6727867563,True,False,False,0,0,0
tune,dataflow_vs_b3,incidents,only_dataflow_side,privileged,10055,19,plain,,False,1,0,361500028290,384774174,True,False,False,0,0,0
tune,dataflow_vs_b3,incidents,only_dataflow_side,privileged,10055,2,plain,,False,1,0,51500009835,247221394,True,False,False,0,0,0
tune,dataflow_vs_b3,incidents,only_dataflow_side,privileged,10055,21,plain,,False,1,0,389500007102,3578236220,True,False,False,0,0,0
tune,dataflow_vs_b3,incidents,only_dataflow_side,privileged,10055,22,plain,,True,1,0,421000007157,5678758640,True,False,False,0,0,0
tune,dataflow_vs_b3,incidents,only_dataflow_side,privileged,10055,23,plain,,False,1,0,431500007746,3201077640,True,False,False,0,0,0
tune,dataflow_vs_b3,incidents,only_dataflow_side,privileged,10055,24,plain,,True,1,0,452500007781,1429845987,True,False,False,0,0,0
tune,dataflow_vs_b3,incidents,only_dataflow_side,privileged,10055,25,plain,,False,1,0,469500007860,10296018631,True,False,False,0,0,0
tune,dataflow_vs_b3,incidents,only_dataflow_side,privileged,10055,26,plain,,False,1,0,476500007547,5216105050,True,False,False,0,0,0
tune,dataflow_vs_b3,incidents,only_dataflow_side,privileged,10055,27,plain,,False,1,0,515000007407,4888648587,True,False,False,0,0,0
tune,dataflow_vs_b3,incidents,only_dataflow_side,privileged,10055,3,plain,,False,1,0,85500015630,176982110,True,False,False,0,0,0
tune,dataflow_vs_b3,incidents,only_dataflow_side,privileged,10055,4,plain,,False,1,0,117500008880,1628662174,True,False,False,0,0,0
tune,dataflow_vs_b3,incidents,only_dataflow_side,privileged,10055,6,plain,,False,1,0,136000016555,2705615959,True,False,False,0,0,0
tune,dataflow_vs_b3,incidents,only_dataflow_side,privileged,10055,7,plain,,False,1,0,139500011815,199798914,True,False,False,0,0,0
tune,dataflow_vs_b3,incidents,only_dataflow_side,privileged,10055,8,plain,,False,1,0,172500007381,6306529533,True,False,False,0,0,0
tune,dataflow_vs_b3,incidents,only_dataflow_side,privileged,10055,9,plain,,False,1,2,233000006711,3566119431,True,False,False,0,0,0
tune,dataflow_vs_b3,incidents,only_dataflow_side,privileged,10056,0,plain,,False,1,1,4500005297,1219233249,True,False,False,0,0,0
tune,dataflow_vs_b3,incidents,only_dataflow_side,privileged,10056,1,plain,,False,1,0,36000008609,406091220,True,False,False,0,0,0
tune,dataflow_vs_b3,incidents,only_dataflow_side,privileged,10056,10,plain,,False,1,0,169000010683,224461323,True,False,False,0,0,0
tune,dataflow_vs_b3,incidents,only_dataflow_side,privileged,10056,11,plain,,False,1,0,183500009737,5951699271,True,False,False,0,0,0
tune,dataflow_vs_b3,incidents,only_dataflow_side,privileged,10056,12,plain,,False,1,0,261000009583,362034125,True,False,False,0,0,0
tune,dataflow_vs_b3,incidents,only_dataflow_side,privileged,10056,15,plain,,False,1,0,335500008320,6522162257,True,False,False,0,0,0
tune,dataflow_vs_b3,incidents,only_dataflow_side,privileged,10056,16,plain,,False,1,0,352000007710,11694922169,True,False,False,0,0,0
tune,dataflow_vs_b3,incidents,only_dataflow_side,privileged,10056,17,plain,,False,1,0,392500007035,7006708828,True,False,False,0,0,0
tune,dataflow_vs_b3,incidents,only_dataflow_side,privileged,10056,18,plain,,False,1,0,401500005600,3730839512,True,False,False,0,0,0
tune,dataflow_vs_b3,incidents,only_dataflow_side,privileged,10056,19,plain,,False,1,0,406500005830,3456293725,True,False,False,0,0,0
tune,dataflow_vs_b3,incidents,only_dataflow_side,privileged,10056,2,plain,,False,1,0,76500005419,3428592633,True,False,False,0,0,0
tune,dataflow_vs_b3,incidents,only_dataflow_side,privileged,10056,20,plain,,False,1,0,424000009269,2085120085,True,False,False,0,0,0
tune,dataflow_vs_b3,incidents,only_dataflow_side,privileged,10056,21,plain,,False,1,0,483000005037,4138405829,True,False,False,0,0,0
tune,dataflow_vs_b3,incidents,only_dataflow_side,privileged,10056,22,plain,,False,1,0,514500005065,2760398072,True,False,False,0,0,0
tune,dataflow_vs_b3,incidents,only_dataflow_side,privileged,10056,24,plain,,False,1,0,543000006694,3597914477,True,False,False,0,0,0
tune,dataflow_vs_b3,incidents,only_dataflow_side,privileged,10056,3,plain,,False,1,1,99000006109,5357530829,True,False,False,0,0,0
tune,dataflow_vs_b3,incidents,only_dataflow_side,privileged,10056,4,plain,,False,1,0,102500006834,6345473586,True,False,False,0,0,0
tune,dataflow_vs_b3,incidents,only_dataflow_side,privileged,10056,5,plain,,False,1,0,121500008784,3884289646,True,False,False,0,0,0
tune,dataflow_vs_b3,incidents,only_dataflow_side,privileged,10056,6,plain,,False,1,0,139500011803,331502520,True,False,False,0,0,0
tune,dataflow_vs_b3,incidents,only_dataflow_side,privileged,10056,7,plain,,False,1,0,147500008637,5058817986,True,False,False,0,0,0
tune,dataflow_vs_b3,incidents,only_dataflow_side,privileged,10056,8,plain,,False,1,0,159000007145,5685159305,True,False,False,0,0,0
tune,dataflow_vs_b3,incidents,only_dataflow_side,privileged,10056,9,plain,,False,1,0,161500017430,373568515,True,False,False,0,0,0
tune,dataflow_vs_b3,incidents,only_dataflow_side,privileged,10057,0,plain,,False,1,0,16000005305,3819528979,True,False,False,0,0,0
tune,dataflow_vs_b3,incidents,only_dataflow_side,privileged,10057,12,plain,,False,1,0,296500016740,34449810,True,False,False,0,0,0
tune,dataflow_vs_b3,incidents,only_dataflow_side,privileged,10057,13,plain,,False,1,0,299500015815,272671763,True,False,False,0,0,0
tune,dataflow_vs_b3,incidents,only_dataflow_side,privileged,10057,14,plain,,False,1,0,319000006400,888384113,True,False,False,0,0,0
tune,dataflow_vs_b3,incidents,only_dataflow_side,privileged,10057,16,plain,,False,1,0,357500008360,2588841522,True,False,False,0,0,0
tune,dataflow_vs_b3,incidents,only_dataflow_side,privileged,10057,19,plain,,False,1,0,468000006737,5106577516,True,False,False,0,0,0
tune,dataflow_vs_b3,incidents,only_dataflow_side,privileged,10057,20,plain,,False,1,0,494500006561,6718610960,True,False,False,0,0,0
tune,dataflow_vs_b3,incidents,only_dataflow_side,privileged,10057,21,plain,,False,1,0,531000006105,3379233525,True,False,False,0,0,0
tune,dataflow_vs_b3,incidents,only_dataflow_side,privileged,10057,22,plain,,False,1,0,533000010970,302820175,True,False,False,0,0,0
tune,dataflow_vs_b3,incidents,only_dataflow_side,privileged,10057,4,plain,,False,1,0,121000006706,7108982841,True,False,False,0,0,0
tune,dataflow_vs_b3,incidents,only_dataflow_side,privileged,10057,6,plain,,False,1,0,248000005910,1257267918,True,False,False,0,0,0
tune,dataflow_vs_b3,incidents,only_dataflow_side,privileged,10057,7,plain,,False,1,0,249500005810,2363136384,True,False,False,0,0,0
tune,dataflow_vs_b3,incidents,only_dataflow_side,privileged,10057,9,plain,,False,1,0,290000020937,355116545,True,False,False,0,0,0
tune,dataflow_vs_b3,incidents,only_dataflow_side,privileged,10058,0,decoy,,False,1,0,35500006522,8386748258,False,False,False,0,0,0
tune,dataflow_vs_b3,incidents,only_dataflow_side,privileged,10058,1,plain,,False,1,0,32000016873,202384431,True,False,False,0,0,0
tune,dataflow_vs_b3,incidents,only_dataflow_side,privileged,10058,10,plain,,False,1,0,214000013391,446284215,True,False,False,0,0,0
tune,dataflow_vs_b3,incidents,only_dataflow_side,privileged,10058,12,plain,,True,1,0,227500008027,1428402202,True,False,False,0,0,0
tune,dataflow_vs_b3,incidents,only_dataflow_side,privileged,10058,14,plain,,False,1,0,230000011746,41824404,True,False,False,0,0,0
tune,dataflow_vs_b3,incidents,only_dataflow_side,privileged,10058,15,plain,,True,1,0,236000013102,511280581,True,False,False,0,0,0
tune,dataflow_vs_b3,incidents,only_dataflow_side,privileged,10058,16,decoy,,False,1,0,251500007758,10142769539,False,False,False,0,0,0
tune,dataflow_vs_b3,incidents,only_dataflow_side,privileged,10058,17,plain,,False,1,0,264000007103,5004427578,True,False,False,0,0,0
tune,dataflow_vs_b3,incidents,only_dataflow_side,privileged,10058,18,plain,,False,2,0,287000007587,2129649217,True,False,False,0,0,0
tune,dataflow_vs_b3,incidents,only_dataflow_side,privileged,10058,19,plain,,False,1,0,291000015432,280565932,True,False,False,0,0,0
tune,dataflow_vs_b3,incidents,only_dataflow_side,privileged,10058,20,hard,split_brain,False,1,1,326500004730,20952055767,True,False,False,1,1,1
tune,dataflow_vs_b3,incidents,only_dataflow_side,privileged,10058,21,plain,,False,1,0,308000012695,1878632877,True,False,False,0,0,0
tune,dataflow_vs_b3,incidents,only_dataflow_side,privileged,10058,22,plain,,False,1,0,364500005827,52215180817,False,True,False,0,0,0
tune,dataflow_vs_b3,incidents,only_dataflow_side,privileged,10058,24,decoy,,False,1,0,352500006207,9895657202,False,False,False,0,0,0
tune,dataflow_vs_b3,incidents,only_dataflow_side,privileged,10058,25,decoy,,False,1,0,391000006974,10905297135,False,False,False,0,0,0
tune,dataflow_vs_b3,incidents,only_dataflow_side,privileged,10058,28,plain,,False,1,1,426000032758,59380658,True,False,False,0,0,0
tune,dataflow_vs_b3,incidents,only_dataflow_side,privileged,10058,29,decoy,,False,1,0,436500008033,8912279416,False,False,False,0,0,0
tune,dataflow_vs_b3,incidents,only_dataflow_side,privileged,10058,3,plain,,False,1,0,92500008267,166494919,True,False,False,0,0,0
tune,dataflow_vs_b3,incidents,only_dataflow_side,privileged,10058,30,plain,,False,1,0,448500007372,729119908,True,False,False,0,0,0
tune,dataflow_vs_b3,incidents,only_dataflow_side,privileged,10058,4,plain,,False,1,0,94000014183,344339808,True,False,False,0,0,0
tune,dataflow_vs_b3,incidents,only_dataflow_side,privileged,10058,5,plain,,True,1,0,102000006197,1467000451,True,False,False,0,0,0
tune,dataflow_vs_b3,incidents,only_dataflow_side,privileged,10058,6,plain,,False,1,0,129500007792,2237126827,True,False,False,0,0,0
tune,dataflow_vs_b3,incidents,only_dataflow_side,privileged,10058,7,decoy,,False,1,0,174500007678,9918336173,False,False,False,0,0,0
tune,dataflow_vs_b3,incidents,only_dataflow_side,privileged,10058,8,plain,,False,1,0,195500005678,3659294216,True,False,False,0,0,0
tune,dataflow_vs_b3,incidents,only_dataflow_side,privileged,10058,9,plain,,False,1,0,210500006497,1053774514,True,False,False,0,0,0
tune,dataflow_vs_b3,incidents,only_dataflow_side,privileged,10059,0,plain,,False,1,2,16500013777,1729125714,True,False,False,0,0,0
tune,dataflow_vs_b3,incidents,only_dataflow_side,privileged,10059,1,plain,,False,1,0,30000005915,2093788995,True,False,False,0,0,0
tune,dataflow_vs_b3,incidents,only_dataflow_side,privileged,10059,10,plain,,True,1,0,238500005725,1682598198,True,False,False,0,0,0
tune,dataflow_vs_b3,incidents,only_dataflow_side,privileged,10059,12,plain,,False,1,0,281000008862,4960426216,True,False,False,0,0,0
tune,dataflow_vs_b3,incidents,only_dataflow_side,privileged,10059,14,plain,,False,1,0,316500012907,167421788,True,False,False,0,0,0
tune,dataflow_vs_b3,incidents,only_dataflow_side,privileged,10059,16,plain,,False,1,0,387000005877,6960011785,True,False,False,0,0,0
tune,dataflow_vs_b3,incidents,only_dataflow_side,privileged,10059,17,plain,,True,1,0,400000014320,85136931,True,False,False,0,0,0
tune,dataflow_vs_b3,incidents,only_dataflow_side,privileged,10059,18,plain,,False,1,0,509000005781,2203534232,True,False,False,0,0,0
tune,dataflow_vs_b3,incidents,only_dataflow_side,privileged,10059,2,plain,,False,1,0,35500013049,301084110,True,False,False,0,0,0
tune,dataflow_vs_b3,incidents,only_dataflow_side,privileged,10059,3,plain,,False,1,0,113000006712,5837465815,True,False,False,0,0,0
tune,dataflow_vs_b3,incidents,only_dataflow_side,privileged,10059,4,plain,,False,1,0,109000014360,341185771,True,False,False,0,0,0
tune,dataflow_vs_b3,incidents,only_dataflow_side,privileged,10059,5,plain,,False,1,0,119500007500,2850362096,True,False,False,0,0,0
tune,dataflow_vs_b3,incidents,only_dataflow_side,privileged,10059,6,plain,,True,1,1,124000007800,1648111668,True,False,False,0,0,0
tune,dataflow_vs_b3,incidents,only_dataflow_side,privileged,10059,7,plain,,False,1,0,153000007855,4693068035,True,False,False,0,0,0
tune,dataflow_vs_b3,incidents,only_dataflow_side,privileged,10059,8,plain,,False,1,0,189000011764,324102354,True,False,False,0,0,0
tune,dataflow_vs_b3,incidents,only_dataflow_side,privileged,10059,9,plain,,False,1,1,228500015579,389076690,True,False,False,0,0,0
tune,dataflow_vs_b3,incidents,only_dataflow_side,privileged,10060,0,plain,,False,1,0,21500014140,119614962,True,False,False,0,0,0
tune,dataflow_vs_b3,incidents,only_dataflow_side,privileged,10060,1,plain,,True,1,0,24500011234,395476596,True,False,False,0,0,0
tune,dataflow_vs_b3,incidents,only_dataflow_side,privileged,10060,10,plain,,False,1,0,120500009424,3084828847,True,False,False,0,0,0
tune,dataflow_vs_b3,incidents,only_dataflow_side,privileged,10060,11,plain,,False,1,0,118000016326,465315758,True,False,False,0,0,0
tune,dataflow_vs_b3,incidents,only_dataflow_side,privileged,10060,12,plain,,False,1,0,136000006554,4886350821,True,False,False,0,0,0
tune,dataflow_vs_b3,incidents,only_dataflow_side,privileged,10060,13,plain,,False,1,0,150000007708,1687124028,True,False,False,0,0,0
tune,dataflow_vs_b3,incidents,only_dataflow_side,privileged,10060,14,plain,,False,1,1,183000020943,237173925,True,False,False,0,0,0
tune,dataflow_vs_b3,incidents,only_dataflow_side,privileged,10060,15,plain,,False,1,0,188000007074,2043231746,True,False,False,0,0,0
tune,dataflow_vs_b3,incidents,only_dataflow_side,privileged,10060,19,plain,,True,1,0,266500005513,3162433668,True,False,False,0,0,0
tune,dataflow_vs_b3,incidents,only_dataflow_side,privileged,10060,20,hard,split_brain,True,1,1,300000001360,25175740516,True,False,False,1,1,1
tune,dataflow_vs_b3,incidents,only_dataflow_side,privileged,10060,21,hard,compound,False,1,1,336500003115,19138524251,True,False,False,1,1,1
tune,dataflow_vs_b3,incidents,only_dataflow_side,privileged,10060,22,plain,,False,1,0,321000012151,269751564,True,False,False,0,0,0
tune,dataflow_vs_b3,incidents,only_dataflow_side,privileged,10060,23,plain,,False,2,0,335000007886,6243129141,True,False,False,0,0,0
tune,dataflow_vs_b3,incidents,only_dataflow_side,privileged,10060,24,plain,,False,1,0,366500006957,9683737446,True,False,False,0,0,0
tune,dataflow_vs_b3,incidents,only_dataflow_side,privileged,10060,25,plain,,False,1,0,363500012997,6015580734,True,False,False,0,0,0
tune,dataflow_vs_b3,incidents,only_dataflow_side,privileged,10060,26,plain,,False,1,1,371000013087,390259656,True,False,False,0,0,0
tune,dataflow_vs_b3,incidents,only_dataflow_side,privileged,10060,28,plain,,False,1,0,393500011941,65192103,True,False,False,0,0,0
tune,dataflow_vs_b3,incidents,only_dataflow_side,privileged,10060,29,plain,,False,1,0,465000008244,3923842291,True,False,False,0,0,0
tune,dataflow_vs_b3,incidents,only_dataflow_side,privileged,10060,3,plain,,False,1,0,35000017393,281769653,True,False,False,0,0,0
tune,dataflow_vs_b3,incidents,only_dataflow_side,privileged,10060,30,plain,,False,1,1,496000005799,4491630774,True,False,False,0,0,0
tune,dataflow_vs_b3,incidents,only_dataflow_side,privileged,10060,31,plain,,False,1,0,516500007112,3924356226,True,False,False,0,0,0
tune,dataflow_vs_b3,incidents,only_dataflow_side,privileged,10060,32,plain,,False,1,0,537000012088,69522869,True,False,False,0,0,0
tune,dataflow_vs_b3,incidents,only_dataflow_side,privileged,10060,5,plain,,False,1,0,48500010208,5996933350,True,False,False,0,0,0
tune,dataflow_vs_b3,incidents,only_dataflow_side,privileged,10060,6,plain,,True,1,0,62500010668,2400965588,True,False,False,0,0,0
tune,dataflow_vs_b3,incidents,only_dataflow_side,privileged,10060,9,plain,,False,1,2,95500023375,211991091,True,False,False,0,0,0
tune,dataflow_vs_b3,incidents,only_dataflow_side,privileged,10061,0,plain,,False,1,0,11500013057,493610040,True,False,False,0,0,0
tune,dataflow_vs_b3,incidents,only_dataflow_side,privileged,10061,10,plain,,False,1,0,229500011914,288366165,True,False,False,0,0,0
tune,dataflow_vs_b3,incidents,only_dataflow_side,privileged,10061,11,plain,,False,1,0,234000013610,47764497,True,False,False,0,0,0
tune,dataflow_vs_b3,incidents,only_dataflow_side,privileged,10061,12,plain,,True,1,0,240500008709,4775113510,True,False,False,0,0,0
tune,dataflow_vs_b3,incidents,only_dataflow_side,privileged,10061,13,plain,,False,2,0,242500018190,3962501796,True,False,False,0,0,0
tune,dataflow_vs_b3,incidents,only_dataflow_side,privileged,10061,14,plain,,True,2,0,250000007189,3405052866,True,False,False,0,0,0
tune,dataflow_vs_b3,incidents,only_dataflow_side,privileged,10061,16,plain,,True,1,0,286500011025,7035124562,True,False,False,0,0,0
tune,dataflow_vs_b3,incidents,only_dataflow_side,privileged,10061,17,hard,cascade,False,1,1,302500016195,19968682316,True,False,False,1,1,1
tune,dataflow_vs_b3,incidents,only_dataflow_side,privileged,10061,18,plain,,False,1,0,291500010095,1041048084,True,False,False,0,0,0
tune,dataflow_vs_b3,incidents,only_dataflow_side,privileged,10061,19,plain,,False,1,0,341000007424,3379803230,True,False,False,0,0,0
tune,dataflow_vs_b3,incidents,only_dataflow_side,privileged,10061,20,plain,,False,1,1,343000008290,3856777910,True,False,False,0,0,0
tune,dataflow_vs_b3,incidents,only_dataflow_side,privileged,10061,24,plain,,False,1,0,406000007544,1322314327,True,False,False,0,0,0
tune,dataflow_vs_b3,incidents,only_dataflow_side,privileged,10061,27,plain,,False,1,0,440500009465,2546445289,True,False,False,0,0,0
tune,dataflow_vs_b3,incidents,only_dataflow_side,privileged,10061,28,plain,,False,1,0,443500009105,5428555427,True,False,False,0,0,0
tune,dataflow_vs_b3,incidents,only_dataflow_side,privileged,10061,3,plain,,False,1,0,61000012177,4949465540,True,False,False,0,0,0
tune,dataflow_vs_b3,incidents,only_dataflow_side,privileged,10061,30,plain,,False,2,0,464500008683,8267242628,True,False,False,0,0,0
tune,dataflow_vs_b3,incidents,only_dataflow_side,privileged,10061,31,plain,,True,1,0,469500009943,4614777324,True,False,False,0,0,0
tune,dataflow_vs_b3,incidents,only_dataflow_side,privileged,10061,33,plain,,False,1,0,480000032335,367898507,True,False,False,0,0,0
tune,dataflow_vs_b3,incidents,only_dataflow_side,privileged,10061,4,decoy,,False,1,0,81000006904,9009092030,False,False,False,0,0,0
tune,dataflow_vs_b3,incidents,only_dataflow_side,privileged,10061,6,plain,,False,1,0,132000013543,127176834,True,False,False,0,0,0
tune,dataflow_vs_b3,incidents,only_dataflow_side,privileged,10061,7,plain,,False,1,0,187000005919,1781815067,True,False,False,0,0,0
tune,dataflow_vs_b3,incidents,only_dataflow_side,privileged,10061,8,plain,,False,1,0,227500007276,1747712846,True,False,False,0,0,0
tune,dataflow_vs_b3,incidents,only_dataflow_side,privileged,10062,0,plain,,False,1,0,32500009145,204264066,True,False,False,0,0,0
tune,dataflow_vs_b3,incidents,only_dataflow_side,privileged,10062,11,hard,slow_leak,False,1,1,268000004265,25929300447,True,False,False,1,1,1
tune,dataflow_vs_b3,incidents,only_dataflow_side,privileged,10062,12,plain,,True,1,0,246500006771,1873770006,True,False,False,0,0,0
tune,dataflow_vs_b3,incidents,only_dataflow_side,privileged,10062,13,plain,,False,1,0,257000018107,5845179460,True,False,False,0,0,0
tune,dataflow_vs_b3,incidents,only_dataflow_side,privileged,10062,14,plain,,False,1,0,267000031469,2563377126,True,False,False,0,0,0
tune,dataflow_vs_b3,incidents,only_dataflow_side,privileged,10062,15,plain,,False,1,1,267000031469,102106362,True,False,False,0,0,0
tune,dataflow_vs_b3,incidents,only_dataflow_side,privileged,10062,16,plain,,False,1,0,299500008087,4418315879,True,False,False,0,0,0
tune,dataflow_vs_b3,incidents,only_dataflow_side,privileged,10062,17,plain,,False,1,0,303500008556,4854245880,True,False,False,0,0,0
tune,dataflow_vs_b3,incidents,only_dataflow_side,privileged,10062,19,plain,,True,1,0,346000007041,1358405425,True,False,False,0,0,0
tune,dataflow_vs_b3,incidents,only_dataflow_side,privileged,10062,2,plain,,False,1,0,113500007272,5586835929,True,False,False,0,0,0
tune,dataflow_vs_b3,incidents,only_dataflow_side,privileged,10062,20,plain,,False,1,0,359000007462,3852626331,True,False,False,0,0,0
tune,dataflow_vs_b3,incidents,only_dataflow_side,privileged,10062,21,decoy,,False,1,0,370500007806,10690151848,False,False,False,0,0,0
tune,dataflow_vs_b3,incidents,only_dataflow_side,privileged,10062,22,hard,compound,False,1,1,382500002300,19065693564,True,False,False,1,1,1
tune,dataflow_vs_b3,incidents,only_dataflow_side,privileged,10062,23,plain,,False,1,0,410500008344,20098157543,True,False,False,0,0,0
tune,dataflow_vs_b3,incidents,only_dataflow_side,privileged,10062,25,plain,,False,1,0,428500007749,5554940658,True,False,False,0,0,0
tune,dataflow_vs_b3,incidents,only_dataflow_side,privileged,10062,26,plain,,False,1,0,430500014590,139274888,True,False,False,0,0,0
tune,dataflow_vs_b3,incidents,only_dataflow_side,privileged,10062,27,plain,,False,1,0,434000007947,1291688074,True,False,False,0,0,0
tune,dataflow_vs_b3,incidents,only_dataflow_side,privileged,10062,28,plain,,True,1,0,512000005332,4017633644,True,False,False,0,0,0
tune,dataflow_vs_b3,incidents,only_dataflow_side,privileged,10062,4,plain,,False,1,0,159500011289,218241177,True,False,False,0,0,0
tune,dataflow_vs_b3,incidents,only_dataflow_side,privileged,10062,5,plain,,False,1,0,168500012131,284678250,True,False,False,0,0,0
tune,dataflow_vs_b3,incidents,only_dataflow_side,privileged,10062,7,plain,,False,2,0,184500008005,1522868510,True,False,False,0,0,0
tune,dataflow_vs_b3,incidents,only_dataflow_side,privileged,10062,8,plain,,False,1,0,189500012154,830066431,True,False,False,0,0,0
tune,dataflow_vs_b3,incidents,only_dataflow_side,privileged,10063,0,plain,,False,1,0,2500007454,437572482,True,False,False,0,0,0
tune,dataflow_vs_b3,incidents,only_dataflow_side,privileged,10063,1,plain,,False,1,0,52000008052,257145313,True,False,False,0,0,0
tune,dataflow_vs_b3,incidents,only_dataflow_side,privileged,10063,10,plain,,False,1,0,171000006924,2457180713,True,False,False,0,0,0
tune,dataflow_vs_b3,incidents,only_dataflow_side,privileged,10063,11,plain,,False,1,0,215000005862,10109101589,True,False,False,0,0,0
tune,dataflow_vs_b3,incidents,only_dataflow_side,privileged,10063,12,plain,,False,1,0,237500005564,3492626515,True,False,False,0,0,0
tune,dataflow_vs_b3,incidents,only_dataflow_side,privileged,10063,13,plain,,False,1,0,322000014904,123961894,True,False,False,0,0,0
tune,dataflow_vs_b3,incidents,only_dataflow_side,privileged,10063,14,plain,,False,1,0,344000004752,5557358969,True,False,False,0,0,0
tune,dataflow_vs_b3,incidents,only_dataflow_side,privileged,10063,15,plain,,False,1,0,348000008862,81180695,True,False,False,0,0,0
tune,dataflow_vs_b3,incidents,only_dataflow_side,privileged,10063,16,plain,,False,1,0,359500006097,7074604584,True,False,False,0,0,0
tune,dataflow_vs_b3,incidents,only_dataflow_side,privileged,10063,17,hard,split_brain,False,1,1,395000005415,20295899574,True,False,False,1,1,1
tune,dataflow_vs_b3,incidents,only_dataflow_side,privileged,10063,18,plain,,False,1,0,379000006415,3076526523,True,False,False,0,0,0
tune,dataflow_vs_b3,incidents,only_dataflow_side,privileged,10063,19,plain,,False,1,0,382000009690,4787838634,True,False,False,0,0,0
tune,dataflow_vs_b3,incidents,only_dataflow_side,privileged,10063,20,plain,,False,1,0,421000017030,491163162,True,False,False,0,0,0
tune,dataflow_vs_b3,incidents,only_dataflow_side,privileged,10063,21,hard,split_brain,False,1,1,507500001235,19971406305,True,False,False,1,1,1
tune,dataflow_vs_b3,incidents,only_dataflow_side,privileged,10063,3,plain,,False,1,0,87500007044,2738083107,True,False,False,0,0,0
tune,dataflow_vs_b3,incidents,only_dataflow_side,privileged,10063,4,plain,,False,1,0,113000005704,2714576561,True,False,False,0,0,0
tune,dataflow_vs_b3,incidents,only_dataflow_side,privileged,10063,5,plain,,False,1,0,117500010058,3688503892,True,False,False,0,0,0
tune,dataflow_vs_b3,incidents,only_dataflow_side,privileged,10063,6,plain,,False,1,0,117500010058,2637279266,True,False,False,0,0,0
tune,dataflow_vs_b3,incidents,only_dataflow_side,privileged,10063,7,plain,,False,1,0,128000008797,5657539051,True,False,False,0,0,0
tune,dataflow_vs_b3,incidents,only_dataflow_side,privileged,10063,8,plain,,False,1,0,135500007794,3289321953,True,False,False,0,0,0
tune,dataflow_vs_b3,incidents,only_dataflow_side,privileged,10063,9,plain,,False,1,0,154500007950,4572438704,True,False,False,0,0,0
tune,dataflow_vs_b3,incidents,only_dataflow_side,privileged,10064,0,plain,,False,1,0,13000005917,2477404303,True,False,False,0,0,0
tune,dataflow_vs_b3,incidents,only_dataflow_side,privileged,10064,1,plain,,False,1,0,61500008282,3913747898,True,False,False,0,0,0
tune,dataflow_vs_b3,incidents,only_dataflow_side,privileged,10064,10,plain,,True,1,0,191000007592,3355543359,True,False,False,0,0,0
tune,dataflow_vs_b3,incidents,only_dataflow_side,privileged,10064,11,plain,,False,1,0,201500012295,5614461769,True,False,False,0,0,0
tune,dataflow_vs_b3,incidents,only_dataflow_side,privileged,10064,12,plain,,False,1,0,201500012295,1414198726,True,False,False,0,0,0
tune,dataflow_vs_b3,incidents,only_dataflow_side,privileged,10064,13,hard,slow_leak,False,1,1,231500001700,23409984892,True,False,False,1,1,1
tune,dataflow_vs_b3,incidents,only_dataflow_side,privileged,10064,14,plain,,False,1,0,237500008856,4188646468,True,False,False,0,0,0
tune,dataflow_vs_b3,incidents,only_dataflow_side,privileged,10064,15,plain,,True,1,0,258000006399,2600069883,True,False,False,0,0,0
tune,dataflow_vs_b3,incidents,only_dataflow_side,privileged,10064,16,hard,slow_leak,True,1,1,302000002155,24865597940,True,False,False,1,1,1
tune,dataflow_vs_b3,incidents,only_dataflow_side,privileged,10064,17,plain,,False,1,0,349500010946,110024824,True,False,False,0,0,0
tune,dataflow_vs_b3,incidents,only_dataflow_side,privileged,10064,18,plain,,False,1,0,365500007108,2522330822,True,False,False,0,0,0
tune,dataflow_vs_b3,incidents,only_dataflow_side,privileged,10064,19,plain,,False,1,0,418000006259,7555886546,True,False,False,0,0,0
tune,dataflow_vs_b3,incidents,only_dataflow_side,privileged,10064,2,plain,,False,1,0,87500006227,2602983218,True,False,False,0,0,0
tune,dataflow_vs_b3,incidents,only_dataflow_side,privileged,10064,21,plain,,True,1,0,444500006898,2545420568,True,False,False,0,0,0
tune,dataflow_vs_b3,incidents,only_dataflow_side,privileged,10064,22,plain,,False,1,0,452500007343,1681522145,True,False,False,0,0,0
tune,dataflow_vs_b3,incidents,only_dataflow_side,privileged,10064,23,plain,,True,1,1,470500013013,271701586,True,False,False,0,0,0
tune,dataflow_vs_b3,incidents,only_dataflow_side,privileged,10064,24,plain,,False,1,0,497500012466,288959645,True,False,False,0,0,0
tune,dataflow_vs_b3,incidents,only_dataflow_side,privileged,10064,27,plain,,False,1,0,539000006822,1467398975,True,False,False,0,0,0
tune,dataflow_vs_b3,incidents,only_dataflow_side,privileged,10064,3,plain,,False,1,0,113000014940,2706908446,True,False,False,0,0,0
tune,dataflow_vs_b3,incidents,only_dataflow_side,privileged,10064,4,hard,split_brain,False,1,2,131000002835,18528722578,True,False,False,1,1,1
tune,dataflow_vs_b3,incidents,only_dataflow_side,privileged,10064,5,plain,,True,1,0,130500008033,4957681208,True,False,False,0,0,0
tune,dataflow_vs_b3,incidents,only_dataflow_side,privileged,10064,6,plain,,True,1,0,129000015427,381614494,True,False,False,0,0,0
tune,dataflow_vs_b3,incidents,only_dataflow_side,privileged,10064,7,plain,,False,1,0,146500009623,5003938630,True,False,False,0,0,0
tune,dataflow_vs_b3,incidents,only_dataflow_side,privileged,10064,9,plain,,False,1,0,166000008538,3183537746,True,False,False,0,0,0
tune,dataflow_vs_b3,incidents,only_dataflow_side,privileged,10065,1,plain,,False,1,1,27000015972,344613427,True,False,False,0,0,0
tune,dataflow_vs_b3,incidents,only_dataflow_side,privileged,10065,10,plain,,False,1,0,162500009100,3061248146,True,False,False,0,0,0
tune,dataflow_vs_b3,incidents,only_dataflow_side,privileged,10065,11,plain,,False,1,0,182500010548,4622966851,True,False,False,0,0,0
tune,dataflow_vs_b3,incidents,only_dataflow_side,privileged,10065,12,plain,,True,1,0,196500008754,504289446,True,False,False,0,0,0
tune,dataflow_vs_b3,incidents,only_dataflow_side,privileged,10065,14,plain,,False,1,0,223000010435,1497305297,True,False,False,0,0,0
tune,dataflow_vs_b3,incidents,only_dataflow_side,privileged,10065,15,plain,,False,1,0,288500007155,6656446427,True,False,False,0,0,0
tune,dataflow_vs_b3,incidents,only_dataflow_side,privileged,10065,16,plain,,False,1,1,326500021884,172482254,True,False,False,0,0,0
tune,dataflow_vs_b3,incidents,only_dataflow_side,privileged,10065,18,plain,,False,1,0,327500012144,178750538,True,False,False,0,0,0
tune,dataflow_vs_b3,incidents,only_dataflow_side,privileged,10065,19,plain,,True,1,0,335000010104,3040705291,True,False,False,0,0,0
tune,dataflow_vs_b3,incidents,only_dataflow_side,privileged,10065,20,plain,,False,1,0,351500008289,4443951933,True,False,False,0,0,0
tune,dataflow_vs_b3,incidents,only_dataflow_side,privileged,10065,21,plain,,False,1,0,387500006660,2166259812,True,False,False,0,0,0
tune,dataflow_vs_b3,incidents,only_dataflow_side,privileged,10065,23,plain,,True,1,0,408500007610,10406237254,True,False,False,0,0,0
tune,dataflow_vs_b3,incidents,only_dataflow_side,privileged,10065,24,plain,,False,1,1,414000040481,336380698,True,False,False,0,0,0
tune,dataflow_vs_b3,incidents,only_dataflow_side,privileged,10065,25,plain,,False,1,0,425000008839,1269621645,True,False,False,0,0,0
tune,dataflow_vs_b3,incidents,only_dataflow_side,privileged,10065,26,plain,,False,1,0,454000006731,7555575416,True,False,False,0,0,0
tune,dataflow_vs_b3,incidents,only_dataflow_side,privileged,10065,27,plain,,False,1,0,485000020274,1216707561,True,False,False,0,0,0
tune,dataflow_vs_b3,incidents,only_dataflow_side,privileged,10065,28,plain,,False,1,0,485000020274,110152954,True,False,False,0,0,0
tune,dataflow_vs_b3,incidents,only_dataflow_side,privileged,10065,3,plain,,False,1,0,38000009193,42902425,True,False,False,0,0,0
tune,dataflow_vs_b3,incidents,only_dataflow_side,privileged,10065,30,plain,,False,1,0,516000008605,1627751040,True,False,False,0,0,0
tune,dataflow_vs_b3,incidents,only_dataflow_side,privileged,10065,31,plain,,False,1,0,518500007920,3664417939,True,False,False,0,0,0
tune,dataflow_vs_b3,incidents,only_dataflow_side,privileged,10065,32,plain,,False,1,0,523000011740,3529098897,True,False,False,0,0,0
tune,dataflow_vs_b3,incidents,only_dataflow_side,privileged,10065,33,plain,,False,1,0,527500016475,75514270,True,False,False,0,0,0
tune,dataflow_vs_b3,incidents,only_dataflow_side,privileged,10065,35,plain,,False,1,0,541500010670,6046494996,True,False,False,0,0,0
tune,dataflow_vs_b3,incidents,only_dataflow_side,privileged,10065,4,plain,,False,1,0,121500006989,1601593962,True,False,False,0,0,0
tune,dataflow_vs_b3,incidents,only_dataflow_side,privileged,10065,5,plain,,False,1,0,120500008694,330025165,True,False,False,0,0,0
tune,dataflow_vs_b3,incidents,only_dataflow_side,privileged,10065,6,plain,,False,1,1,124500021454,379466318,True,False,False,0,0,0
tune,dataflow_vs_b3,incidents,only_dataflow_side,privileged,10065,7,plain,,False,1,1,147500023402,318134895,True,False,False,0,0,0
tune,dataflow_vs_b3,incidents,only_dataflow_side,privileged,10065,8,plain,,False,1,0,154000014434,22258207,True,False,False,0,0,0
tune,dataflow_vs_b3,incidents,only_dataflow_side,privileged,10065,9,hard,slow_leak,False,1,1,181500003050,25955850332,True,False,False,1,1,1
tune,dataflow_vs_b3,incidents,only_dataflow_side,privileged,10066,0,plain,,False,1,1,11500014684,221180717,True,False,False,0,0,0
tune,dataflow_vs_b3,incidents,only_dataflow_side,privileged,10066,1,plain,,True,1,0,19500006163,1417072780,True,False,False,0,0,0
tune,dataflow_vs_b3,incidents,only_dataflow_side,privileged,10066,10,hard,slow_leak,True,1,1,216500002220,24423933134,False,True,True,1,1,1
tune,dataflow_vs_b3,incidents,only_dataflow_side,privileged,10066,11,plain,,False,1,0,210000005750,6419084189,True,False,False,0,0,0
tune,dataflow_vs_b3,incidents,only_dataflow_side,privileged,10066,12,plain,,False,1,0,222500011118,66123398,True,False,False,0,0,0
tune,dataflow_vs_b3,incidents,only_dataflow_side,privileged,10066,13,plain,,False,2,2,243500017963,215029560,True,False,False,0,0,0
tune,dataflow_vs_b3,incidents,only_dataflow_side,privileged,10066,15,hard,compound,False,1,1,287500014370,20875757696,True,False,False,1,1,1
tune,dataflow_vs_b3,incidents,only_dataflow_side,privileged,10066,16,hard,compound,False,1,1,292500002135,18952299898,True,False,False,1,1,1
tune,dataflow_vs_b3,incidents,only_dataflow_side,privileged,10066,17,plain,,False,1,0,329500006373,978555628,True,False,False,0,0,0
tune,dataflow_vs_b3,incidents,only_dataflow_side,privileged,10066,18,plain,,False,1,0,336500011447,255207091,True,False,False,0,0,0
tune,dataflow_vs_b3,incidents,only_dataflow_side,privileged,10066,19,plain,,False,1,0,375500008000,4264993249,True,False,False,0,0,0
tune,dataflow_vs_b3,incidents,only_dataflow_side,privileged,10066,20,hard,compound,False,1,1,397000004295,21988080150,True,False,False,1,1,1
tune,dataflow_vs_b3,incidents,only_dataflow_side,privileged,10066,22,plain,,False,1,0,386000008339,2788079281,True,False,False,0,0,0
tune,dataflow_vs_b3,incidents,only_dataflow_side,privileged,10066,24,plain,,False,1,0,446500005745,2332967346,True,False,False,0,0,0
tune,dataflow_vs_b3,incidents,only_dataflow_side,privileged,10066,26,plain,,True,1,0,486500007929,1689761232,True,False,False,0,0,0
tune,dataflow_vs_b3,incidents,only_dataflow_side,privileged,10066,28,hard,compound,False,1,1,530000002990,21262157814,True,False,False,1,1,1
tune,dataflow_vs_b3,incidents,only_dataflow_side,privileged,10066,29,plain,,True,1,0,511500017927,460904849,True,False,False,0,0,0
tune,dataflow_vs_b3,incidents,only_dataflow_side,privileged,10066,3,plain,,False,1,0,48000008754,520639041,True,False,False,0,0,0
tune,dataflow_vs_b3,incidents,only_dataflow_side,privileged,10066,30,plain,,False,1,0,530500007893,2839767874,True,False,False,0,0,0
tune,dataflow_vs_b3,incidents,only_dataflow_side,privileged,10066,4,plain,,False,1,3,48500036149,408789074,True,False,False,0,0,0
tune,dataflow_vs_b3,incidents,only_dataflow_side,privileged,10066,6,plain,,False,1,0,69000006085,5823690439,True,False,False,0,0,0
tune,dataflow_vs_b3,incidents,only_dataflow_side,privileged,10066,9,plain,,False,1,0,160500010510,492818093,True,False,False,0,0,0
tune,dataflow_vs_b3,incidents,only_dataflow_side,privileged,10067,0,plain,,False,1,2,6000014029,169122290,True,False,False,0,0,0
tune,dataflow_vs_b3,incidents,only_dataflow_side,privileged,10067,1,plain,,False,2,0,43000006855,734457367,True,False,False,0,0,0
tune,dataflow_vs_b3,incidents,only_dataflow_side,privileged,10067,10,plain,,False,1,0,353500004854,7174030995,True,False,False,0,0,0
tune,dataflow_vs_b3,incidents,only_dataflow_side,privileged,10067,11,plain,,False,1,0,403500005667,3027802100,True,False,False,0,0,0
tune,dataflow_vs_b3,incidents,only_dataflow_side,privileged,10067,12,plain,,False,1,0,404000006997,3271842427,True,False,False,0,0,0
tune,dataflow_vs_b3,incidents,only_dataflow_side,privileged,10067,13,plain,,False,1,0,437500006817,6317493276,True,False,False,0,0,0
tune,dataflow_vs_b3,incidents,only_dataflow_side,privileged,10067,14,plain,,False,1,0,463000009262,259970632,True,False,False,0,0,0
tune,dataflow_vs_b3,incidents,only_dataflow_side,privileged,10067,15,plain,,False,1,0,470000009090,2088236098,True,False,False,0,0,0
tune,dataflow_vs_b3,incidents,only_dataflow_side,privileged,10067,16,plain,,True,1,0,490000007231,2521790259,True,False,False,0,0,0
tune,dataflow_vs_b3,incidents,only_dataflow_side,privileged,10067,17,plain,,False,1,2,520500019074,229142400,True,False,False,0,0,0
tune,dataflow_vs_b3,incidents,only_dataflow_side,privileged,10067,2,plain,,False,2,1,93500011772,367779948,True,False,False,0,0,0
tune,dataflow_vs_b3,incidents,only_dataflow_side,privileged,10067,3,plain,,False,1,0,138500010070,404190662,True,False,False,0,0,0
tune,dataflow_vs_b3,incidents,only_dataflow_side,privileged,10067,5,plain,,False,1,0,176500012819,85998096,True,False,False,0,0,0
tune,dataflow_vs_b3,incidents,only_dataflow_side,privileged,10067,6,plain,,False,1,0,210000010111,841339458,True,False,False,0,0,0
tune,dataflow_vs_b3,incidents,only_dataflow_side,privileged,10067,7,plain,,False,1,2,217000027995,507861817,True,False,False,0,0,0
tune,dataflow_vs_b3,incidents,only_dataflow_side,privileged,10067,8,decoy,,False,1,1,228500006905,7658387665,False,False,False,0,0,0
tune,dataflow_vs_b3,incidents,only_dataflow_side,privileged,10067,9,plain,,False,1,2,272000011230,1090005698,True,False,False,0,0,0
tune,dataflow_vs_b3,incidents,only_dataflow_side,privileged,10068,0,plain,,True,1,0,8500008953,36964890,True,False,False,0,0,0
tune,dataflow_vs_b3,incidents,only_dataflow_side,privileged,10068,1,plain,,False,1,1,14000017579,308459185,True,False,False,0,0,0
tune,dataflow_vs_b3,incidents,only_dataflow_side,privileged,10068,10,plain,,False,1,0,152500017439,213002062,True,False,False,0,0,0
tune,dataflow_vs_b3,incidents,only_dataflow_side,privileged,10068,12,plain,,False,1,0,187000023414,967919014,True,False,False,0,0,0
tune,dataflow_vs_b3,incidents,only_dataflow_side,privileged,10068,13,plain,,False,1,1,187000023414,162982036,True,False,False,0,0,0
tune,dataflow_vs_b3,incidents,only_dataflow_side,privileged,10068,14,plain,,False,1,0,199500013887,37326118,True,False,False,0,0,0
tune,dataflow_vs_b3,incidents,only_dataflow_side,privileged,10068,15,plain,,False,1,0,232500009083,764753259,True,False,False,0,0,0
tune,dataflow_vs_b3,incidents,only_dataflow_side,privileged,10068,16,plain,,False,1,1,244500025578,473028971,True,False,False,0,0,0
tune,dataflow_vs_b3,incidents,only_dataflow_side,privileged,10068,17,plain,,False,1,0,267500007323,7161486590,True,False,False,0,0,0
tune,dataflow_vs_b3,incidents,only_dataflow_side,privileged,10068,2,plain,,False,1,1,27000018970,433516360,True,False,False,0,0,0
tune,dataflow_vs_b3,incidents,only_dataflow_side,privileged,10068,20,plain,,False,1,0,339000005985,1004085069,True,False,False,0,0,0
tune,dataflow_vs_b3,incidents,only_dataflow_side,privileged,10068,21,plain,,False,1,1,348000007277,1525308551,True,False,False,0,0,0
tune,dataflow_vs_b3,incidents,only_dataflow_side,privileged,10068,22,plain,,False,1,0,360500006449,757444939,True,False,False,0,0,0
tune,dataflow_vs_b3,incidents,only_dataflow_side,privileged,10068,24,plain,,False,1,1,409000020490,413498632,True,False,False,0,0,0
tune,dataflow_vs_b3,incidents,only_dataflow_side,privileged,10068,25,plain,,False,1,0,431000010311,503696333,True,False,False,0,0,0
tune,dataflow_vs_b3,incidents,only_dataflow_side,privileged,10068,26,plain,,False,1,0,436000008373,5309546476,True,False,False,0,0,0
tune,dataflow_vs_b3,incidents,only_dataflow_side,privileged,10068,28,plain,,False,1,0,522500008983,953995430,True,False,False,0,0,0
tune,dataflow_vs_b3,incidents,only_dataflow_side,privileged,10068,29,plain,,False,1,0,523500012152,1252647224,True,False,False,0,0,0
tune,dataflow_vs_b3,incidents,only_dataflow_side,privileged,10068,3,plain,,False,1,1,40500015682,443435748,True,False,False,0,0,0
tune,dataflow_vs_b3,incidents,only_dataflow_side,privileged,10068,30,plain,,False,1,1,527000009077,4143759232,True,False,False,0,0,0
tune,dataflow_vs_b3,incidents,only_dataflow_side,privileged,10068,6,hard,compound,True,1,1,147500005085,18922846713,True,False,False,1,1,1
tune,dataflow_vs_b3,incidents,only_dataflow_side,privileged,10068,7,plain,,False,1,1,133500022790,166561825,True,False,False,0,0,0
tune,dataflow_vs_b3,incidents,only_dataflow_side,privileged,10068,8,plain,,False,1,0,136500008446,1129996878,True,False,False,0,0,0
tune,dataflow_vs_b3,incidents,only_dataflow_side,privileged,10069,0,plain,,False,1,1,2000011549,427579585,True,False,False,0,0,0
tune,dataflow_vs_b3,incidents,only_dataflow_side,privileged,10069,1,plain,,False,1,0,65000005278,1523135310,True,False,False,0,0,0
tune,dataflow_vs_b3,incidents,only_dataflow_side,privileged,10069,10,plain,,False,2,0,231500009043,1663552800,True,False,False,0,0,0
tune,dataflow_vs_b3,incidents,only_dataflow_side,privileged,10069,11,plain,,False,1,0,243000014473,495243293,True,False,False,0,0,0
tune,dataflow_vs_b3,incidents,only_dataflow_side,privileged,10069,12,plain,,False,1,0,299500006415,4356120188,True,False,False,0,0,0
tune,dataflow_vs_b3,incidents,only_dataflow_side,privileged,10069,13,plain,,True,1,1,296500006455,1178874657,True,False,False,0,0,0
tune,dataflow_vs_b3,incidents,only_dataflow_side,privileged,10069,14,plain,,False,1,0,318000010555,396634481,True,False,False,0,0,0
tune,dataflow_vs_b3,incidents,only_dataflow_side,privileged,10069,16,plain,,False,1,0,367000006535,6129680626,True,False,False,0,0,0
tune,dataflow_vs_b3,incidents,only_dataflow_side,privileged,10069,18,plain,,False,1,0,394500006620,4138223386,True,False,False,0,0,0
tune,dataflow_vs_b3,incidents,only_dataflow_side,privileged,10069,19,plain,,False,1,0,401500007060,5247093438,True,False,False,0,0,0
tune,dataflow_vs_b3,incidents,only_dataflow_side,privileged,10069,2,plain,,False,1,0,69500006568,910368180,True,False,False,0,0,0
tune,dataflow_vs_b3,incidents,only_dataflow_side,privileged,10069,20,plain,,False,1,0,412000007557,4699756824,True,False,False,0,0,0
tune,dataflow_vs_b3,incidents,only_dataflow_side,privileged,10069,22,plain,,False,1,0,448500007607,6339331488,True,False,False,0,0,0
tune,dataflow_vs_b3,incidents,only_dataflow_side,privileged,10069,23,plain,,False,1,0,450500008485,6875271531,True,False,False,0,0,0
tune,dataflow_vs_b3,incidents,only_dataflow_side,privileged,10069,24,plain,,False,1,1,470000017783,284431793,True,False,False,0,0,0
tune,dataflow_vs_b3,incidents,only_dataflow_side,privileged,10069,25,decoy,,False,1,0,496000006834,10173888088,False,False,False,0,0,0
tune,dataflow_vs_b3,incidents,only_dataflow_side,privileged,10069,27,hard,compound,False,1,1,534000001450,22616489541,True,False,False,1,1,1
tune,dataflow_vs_b3,incidents,only_dataflow_side,privileged,10069,28,plain,,False,1,0,538000007030,1120533213,True,False,False,0,0,0
tune,dataflow_vs_b3,incidents,only_dataflow_side,privileged,10069,3,hard,compound,False,1,1,91500002380,21815211145,True,False,False,1,1,1
tune,dataflow_vs_b3,incidents,only_dataflow_side,privileged,10069,4,plain,,False,1,0,129000005319,3903519303,True,False,False,0,0,0
tune,dataflow_vs_b3,incidents,only_dataflow_side,privileged,10069,6,plain,,False,1,0,143500011921,1181548364,True,False,False,0,0,0
tune,dataflow_vs_b3,incidents,only_dataflow_side,privileged,10069,7,plain,,False,1,1,163500006934,2248097437,True,False,False,0,0,0
tune,dataflow_vs_b3,incidents,only_dataflow_side,privileged,10069,8,plain,,False,1,0,201000007435,1979912939,True,False,False,0,0,0
tune,dataflow_vs_b3,incidents,only_dataflow_side,privileged,10069,9,plain,,False,1,0,207500009902,3371081246,True,False,False,0,0,0
tune,dataflow_vs_b3,incidents,only_dataflow_side,privileged,10070,1,plain,,True,1,0,38500015171,90797994,True,False,False,0,0,0
tune,dataflow_vs_b3,incidents,only_dataflow_side,privileged,10070,10,plain,,False,1,2,216500007088,4328015089,True,False,False,0,0,0
tune,dataflow_vs_b3,incidents,only_dataflow_side,privileged,10070,11,plain,,False,1,0,311000006249,4208509896,True,False,False,0,0,0
tune,dataflow_vs_b3,incidents,only_dataflow_side,privileged,10070,12,plain,,True,1,0,349000013649,302999580,True,False,False,0,0,0
tune,dataflow_vs_b3,incidents,only_dataflow_side,privileged,10070,14,decoy,,False,1,0,371500005939,10578920690,False,False,False,0,0,0
tune,dataflow_vs_b3,incidents,only_dataflow_side,privileged,10070,15,plain,,False,1,1,420000005833,2611126766,True,False,False,0,0,0
tune,dataflow_vs_b3,incidents,only_dataflow_side,privileged,10070,16,plain,,False,1,0,445000012110,12038508673,True,False,False,0,0,0
tune,dataflow_vs_b3,incidents,only_dataflow_side,privileged,10070,17,plain,,False,1,0,441000008058,3603051715,True,False,False,0,0,0
tune,dataflow_vs_b3,incidents,only_dataflow_side,privileged,10070,18,plain,,False,1,0,448000008401,8796520669,True,False,False,0,0,0
tune,dataflow_vs_b3,incidents,only_dataflow_side,privileged,10070,20,plain,,False,1,1,451000021472,307131737,True,False,False,0,0,0
tune,dataflow_vs_b3,incidents,only_dataflow_side,privileged,10070,21,plain,,False,1,0,482000009212,1345848444,True,False,False,0,0,0
tune,dataflow_vs_b3,incidents,only_dataflow_side,privileged,10070,22,plain,,False,2,0,498500008103,3280061833,True,False,False,0,0,0
tune,dataflow_vs_b3,incidents,only_dataflow_side,privileged,10070,23,plain,,False,1,0,506000008794,4796916657,True,False,False,0,0,0
tune,dataflow_vs_b3,incidents,only_dataflow_side,privileged,10070,24,plain,,False,1,0,527000006472,6861531863,True,False,False,0,0,0
tune,dataflow_vs_b3,incidents,only_dataflow_side,privileged,10070,25,plain,,False,1,0,522000006848,951654272,True,False,False,0,0,0
tune,dataflow_vs_b3,incidents,only_dataflow_side,privileged,10070,26,plain,,False,1,0,524000017265,26159901,True,False,False,0,0,0
tune,dataflow_vs_b3,incidents,only_dataflow_side,privileged,10070,27,plain,,False,1,0,530000013587,168971995,True,False,False,0,0,0
tune,dataflow_vs_b3,incidents,only_dataflow_side,privileged,10070,3,plain,,False,1,1,46500013781,25120980,True,False,False,0,0,0
tune,dataflow_vs_b3,incidents,only_dataflow_side,privileged,10070,4,plain,,False,1,0,58000009492,2288602068,True,False,False,0,0,0
tune,dataflow_vs_b3,incidents,only_dataflow_side,privileged,10070,5,plain,,False,1,0,92000008699,4723761373,True,False,False,0,0,0
tune,dataflow_vs_b3,incidents,only_dataflow_side,privileged,10070,6,plain,,True,1,0,123500008982,8188581,True,False,False,0,0,0
tune,dataflow_vs_b3,incidents,only_dataflow_side,privileged,10070,7,plain,,False,1,0,135500007722,2813813093,True,False,False,0,0,0
tune,dataflow_vs_b3,incidents,only_dataflow_side,privileged,10070,9,plain,,False,1,0,212500007434,3824320740,True,False,False,0,0,0
tune,dataflow_vs_b3,incidents,only_dataflow_side,privileged,10071,1,plain,,False,1,0,40000010632,184450731,True,False,False,0,0,0
tune,dataflow_vs_b3,incidents,only_dataflow_side,privileged,10071,10,plain,,False,1,0,152000018562,130601860,True,False,False,0,0,0
tune,dataflow_vs_b3,incidents,only_dataflow_side,privileged,10071,12,plain,,False,1,0,168500010327,5051069712,True,False,False,0,0,0
tune,dataflow_vs_b3,incidents,only_dataflow_side,privileged,10071,13,plain,,False,1,0,226500009431,1206174383,True,False,False,0,0,0
tune,dataflow_vs_b3,incidents,only_dataflow_side,privileged,10071,14,plain,,False,1,0,233000009041,5197979636,True,False,False,0,0,0
tune,dataflow_vs_b3,incidents,only_dataflow_side,privileged,10071,15,plain,,False,1,0,332500009131,995659975,True,False,False,0,0,0
tune,dataflow_vs_b3,incidents,only_dataflow_side,privileged,10071,16,plain,,False,1,0,340500014365,427793635,True,False,False,0,0,0
tune,dataflow_vs_b3,incidents,only_dataflow_side,privileged,10071,17,plain,,False,1,0,363000017074,148407160,True,False,False,0,0,0
tune,dataflow_vs_b3,incidents,only_dataflow_side,privileged,10071,19,plain,,True,1,0,403000009622,2078588755,True,False,False,0,0,0
tune,dataflow_vs_b3,incidents,only_dataflow_side,privileged,10071,2,plain,,False,1,0,50500009785,185838165,True,False,False,0,0,0
tune,dataflow_vs_b3,incidents,only_dataflow_side,privileged,10071,20,plain,,False,1,0,425500009736,4094214965,True,False,False,0,0,0
tune,dataflow_vs_b3,incidents,only_dataflow_side,privileged,10071,21,decoy,,False,1,0,436000006860,11913977794,False,False,False,0,0,0
tune,dataflow_vs_b3,incidents,only_dataflow_side,privileged,10071,22,plain,,False,1,0,427500015537,57219688,True,False,False,0,0,0
tune,dataflow_vs_b3,incidents,only_dataflow_side,privileged,10071,23,plain,,True,1,0,477500007838,3025573481,True,False,False,0,0,0
tune,dataflow_vs_b3,incidents,only_dataflow_side,privileged,10071,24,decoy,,False,1,0,515500005686,8821440379,False,False,False,0,0,0
tune,dataflow_vs_b3,incidents,only_dataflow_side,privileged,10071,25,decoy,,False,1,0,535000006708,10632478659,False,False,False,0,0,0
tune,dataflow_vs_b3,incidents,only_dataflow_side,privileged,10071,4,decoy,,False,1,0,85000007252,10101939333,False,False,False,0,0,0
tune,dataflow_vs_b3,incidents,only_dataflow_side,privileged,10071,5,plain,,False,1,0,103500009291,122044020,True,False,False,0,0,0
tune,dataflow_vs_b3,incidents,only_dataflow_side,privileged,10071,6,plain,,True,1,0,106000010066,655089555,True,False,False,0,0,0
tune,dataflow_vs_b3,incidents,only_dataflow_side,privileged,10071,7,plain,,False,1,0,109500014227,477949321,True,False,False,0,0,0
tune,dataflow_vs_b3,incidents,only_dataflow_side,privileged,10071,8,plain,,False,1,0,130500007756,2567161401,True,False,False,0,0,0
tune,dataflow_vs_b3,incidents,only_dataflow_side,privileged,10072,0,plain,,False,1,0,12500013049,127002575,True,False,False,0,0,0
tune,dataflow_vs_b3,incidents,only_dataflow_side,privileged,10072,1,decoy,,False,1,0,63000004971,10384048266,False,False,False,0,0,0
tune,dataflow_vs_b3,incidents,only_dataflow_side,privileged,10072,10,plain,,False,1,0,227000018336,185353817,True,False,False,0,0,0
tune,dataflow_vs_b3,incidents,only_dataflow_side,privileged,10072,11,plain,,False,1,1,249500019008,357424701,True,False,False,0,0,0
tune,dataflow_vs_b3,incidents,only_dataflow_side,privileged,10072,12,plain,,True,1,0,310500018241,2602785942,True,False,False,0,0,0
tune,dataflow_vs_b3,incidents,only_dataflow_side,privileged,10072,13,plain,,False,1,0,435500012125,494262599,True,False,False,0,0,0
tune,dataflow_vs_b3,incidents,only_dataflow_side,privileged,10072,15,plain,,False,1,0,459000022263,469856192,True,False,False,0,0,0
tune,dataflow_vs_b3,incidents,only_dataflow_side,privileged,10072,16,plain,,False,1,0,488500012186,507139772,True,False,False,0,0,0
tune,dataflow_vs_b3,incidents,only_dataflow_side,privileged,10072,17,plain,,False,1,0,516500007991,2338547124,True,False,False,0,0,0
tune,dataflow_vs_b3,incidents,only_dataflow_side,privileged,10072,19,hard,slow_leak,False,1,1,547500002840,25020180823,True,False,False,1,1,1
tune,dataflow_vs_b3,incidents,only_dataflow_side,privileged,10072,2,plain,,False,1,0,64500007166,1015694557,True,False,False,0,0,0
tune,dataflow_vs_b3,incidents,only_dataflow_side,privileged,10072,3,plain,,True,1,0,76500008875,150701967,True,False,False,0,0,0
tune,dataflow_vs_b3,incidents,only_dataflow_side,privileged,10072,4,plain,,False,1,0,89000006600,3634571490,True,False,False,0,0,0
tune,dataflow_vs_b3,incidents,only_dataflow_side,privileged,10072,5,plain,,False,1,0,107500007136,4297257286,True,False,False,0,0,0
tune,dataflow_vs_b3,incidents,only_dataflow_side,privileged,10072,6,plain,,True,1,0,110000012086,167233511,True,False,False,0,0,0
tune,dataflow_vs_b3,incidents,only_dataflow_side,privileged,10072,7,plain,,False,1,0,182500005591,808938573,True,False,False,0,0,0
tune,dataflow_vs_b3,incidents,only_dataflow_side,privileged,10072,8,hard,cascade,True,1,1,217500001280,20137810633,True,False,False,1,1,1
tune,dataflow_vs_b3,incidents,only_dataflow_side,privileged,10072,9,plain,,True,1,0,228000007514,2303201299,True,False,False,0,0,0
tune,dataflow_vs_b3,incidents,only_dataflow_side,privileged,10073,0,plain,,False,1,0,78500007849,402009330,True,False,False,0,0,0
tune,dataflow_vs_b3,incidents,only_dataflow_side,privileged,10073,1,plain,,False,1,0,84500007614,33329177,True,False,False,0,0,0
tune,dataflow_vs_b3,incidents,only_dataflow_side,privileged,10073,11,plain,,False,1,0,310500008295,5689201596,True,False,False,0,0,0
tune,dataflow_vs_b3,incidents,only_dataflow_side,privileged,10073,12,plain,,False,1,0,317000007428,9500402379,True,False,False,0,0,0
tune,dataflow_vs_b3,incidents,only_dataflow_side,privileged,10073,13,plain,,True,1,0,326500007740,3246213226,True,False,False,0,0,0
tune,dataflow_vs_b3,incidents,only_dataflow_side,privileged,10073,14,plain,,False,1,0,373500006059,7814345677,True,False,False,0,0,0
tune,dataflow_vs_b3,incidents,only_dataflow_side,privileged,10073,15,plain,,False,1,0,386000007784,4158014779,True,False,False,0,0,0
tune,dataflow_vs_b3,incidents,only_dataflow_side,privileged,10073,16,plain,,False,1,0,406500006803,5885037834,True,False,False,0,0,0
tune,dataflow_vs_b3,incidents,only_dataflow_side,privileged,10073,17,plain,,False,1,0,453500007549,2674365187,True,False,False,0,0,0
tune,dataflow_vs_b3,incidents,only_dataflow_side,privileged,10073,18,plain,,False,1,1,454000026989,343141265,True,False,False,0,0,0
tune,dataflow_vs_b3,incidents,only_dataflow_side,privileged,10073,19,hard,slow_leak,False,1,1,479000004020,23985862224,True,False,False,1,1,1
tune,dataflow_vs_b3,incidents,only_dataflow_side,privileged,10073,2,plain,,False,1,0,121500006898,5836624177,True,False,False,0,0,0
tune,dataflow_vs_b3,incidents,only_dataflow_side,privileged,10073,20,plain,,False,1,0,492000008780,36501089456,True,False,False,0,0,0
tune,dataflow_vs_b3,incidents,only_dataflow_side,privileged,10073,21,plain,,True,1,0,469000010609,2237220570,True,False,False,0,0,0
tune,dataflow_vs_b3,incidents,only_dataflow_side,privileged,10073,22,plain,,False,1,0,496500007403,8947388837,True,False,False,0,0,0
tune,dataflow_vs_b3,incidents,only_dataflow_side,privileged,10073,23,plain,,False,2,0,494500008610,3353251120,True,False,False,0,0,0
tune,dataflow_vs_b3,incidents,only_dataflow_side,privileged,10073,24,plain,,False,1,0,520000010399,1272620546,True,False,False,0,0,0
tune,dataflow_vs_b3,incidents,only_dataflow_side,privileged,10073,25,plain,,False,1,0,524500011824,3839079835,True,False,False,0,0,0
tune,dataflow_vs_b3,incidents,only_dataflow_side,privileged,10073,26,plain,,True,1,0,523500010219,2726200437,True,False,False,0,0,0
tune,dataflow_vs_b3,incidents,only_dataflow_side,privileged,10073,27,plain,,False,1,1,525500011224,3903901915,True,False,False,0,0,0
tune,dataflow_vs_b3,incidents,only_dataflow_side,privileged,10073,3,plain,,False,2,0,161500007284,1281215501,True,False,False,0,0,0
tune,dataflow_vs_b3,incidents,only_dataflow_side,privileged,10073,4,plain,,False,1,0,174500008814,920897194,True,False,False,0,0,0
tune,dataflow_vs_b3,incidents,only_dataflow_side,privileged,10073,5,plain,,False,1,0,183500008444,913560371,True,False,False,0,0,0
tune,dataflow_vs_b3,incidents,only_dataflow_side,privileged,10073,6,hard,compound,False,1,1,202500002695,18846201275,True,False,False,1,1,1
tune,dataflow_vs_b3,incidents,only_dataflow_side,privileged,10073,7,plain,,False,1,0,226500007829,2535998242,True,False,False,0,0,0
tune,dataflow_vs_b3,incidents,only_dataflow_side,privileged,10073,8,plain,,True,1,0,296500006469,1212856860,True,False,False,0,0,0
tune,dataflow_vs_b3,incidents,only_dataflow_side,privileged,10073,9,plain,,False,1,1,304000020642,379304651,True,False,False,0,0,0
tune,dataflow_vs_b3,incidents,only_dataflow_side,privileged,10074,0,plain,,False,2,0,7500005440,515274443,True,False,False,0,0,0
tune,dataflow_vs_b3,incidents,only_dataflow_side,privileged,10074,1,plain,,True,1,0,20500006610,1302934837,True,False,False,0,0,0
tune,dataflow_vs_b3,incidents,only_dataflow_side,privileged,10074,10,plain,,False,1,0,115000009202,2473907169,True,False,False,0,0,0
tune,dataflow_vs_b3,incidents,only_dataflow_side,privileged,10074,11,plain,,False,1,0,154500006447,4124745949,True,False,False,0,0,0
tune,dataflow_vs_b3,incidents,only_dataflow_side,privileged,10074,12,plain,,False,1,0,171500007254,4011371621,True,False,False,0,0,0
tune,dataflow_vs_b3,incidents,only_dataflow_side,privileged,10074,13,plain,,False,1,0,188000007172,3723044037,True,False,False,0,0,0
tune,dataflow_vs_b3,incidents,only_dataflow_side,privileged,10074,15,plain,,False,1,0,237500007296,6175828205,True,False,False,0,0,0
tune,dataflow_vs_b3,incidents,only_dataflow_side,privileged,10074,16,plain,,True,1,0,243500012960,411374392,True,False,False,0,0,0
tune,dataflow_vs_b3,incidents,only_dataflow_side,privileged,10074,17,plain,,False,2,0,296500006737,3114260050,True,False,False,0,0,0
tune,dataflow_vs_b3,incidents,only_dataflow_side,privileged,10074,2,plain,,True,1,0,22500013105,355476783,True,False,False,0,0,0
tune,dataflow_vs_b3,incidents,only_dataflow_side,privileged,10074,20,plain,,False,1,0,326500008857,3017369751,True,False,False,0,0,0
tune,dataflow_vs_b3,incidents,only_dataflow_side,privileged,10074,21,plain,,False,1,0,336000014197,201788704,True,False,False,0,0,0
tune,dataflow_vs_b3,incidents,only_dataflow_side,privileged,10074,22,plain,,True,1,0,370000008990,4805358851,True,False,False,0,0,0
tune,dataflow_vs_b3,incidents,only_dataflow_side,privileged,10074,23,plain,,False,1,0,368000013262,343218833,True,False,False,0,0,0
tune,dataflow_vs_b3,incidents,only_dataflow_side,privileged,10074,24,plain,,False,1,1,374000007769,5856289513,True,False,False,0,0,0
tune,dataflow_vs_b3,incidents,only_dataflow_side,privileged,10074,27,plain,,False,1,0,422000016612,448059154,True,False,False,0,0,0
tune,dataflow_vs_b3,incidents,only_dataflow_side,privileged,10074,28,plain,,False,1,2,451500006856,7061584749,True,False,False,0,0,0
tune,dataflow_vs_b3,incidents,only_dataflow_side,privileged,10074,3,plain,,False,1,0,26500013160,494933227,True,False,False,0,0,0
tune,dataflow_vs_b3,incidents,only_dataflow_side,privileged,10074,31,plain,,False,1,0,476000006512,4016140390,True,False,False,0,0,0
tune,dataflow_vs_b3,incidents,only_dataflow_side,privileged,10074,32,plain,,True,1,0,484000008259,5399381237,True,False,False,0,0,0
tune,dataflow_vs_b3,incidents,only_dataflow_side,privileged,10074,33,plain,,False,1,0,517000007946,1762564247,True,False,False,0,0,0
tune,dataflow_vs_b3,incidents,only_dataflow_side,privileged,10074,4,plain,,False,1,0,55500009135,173586155,True,False,False,0,0,0
tune,dataflow_vs_b3,incidents,only_dataflow_side,privileged,10074,6,plain,,False,1,0,90500013327,406538867,True,False,False,0,0,0
tune,dataflow_vs_b3,incidents,only_dataflow_side,privileged,10074,7,plain,,False,1,0,95500011845,339724647,True,False,False,0,0,0
tune,dataflow_vs_b3,incidents,only_dataflow_side,privileged,10075,0,hard,cascade,False,1,1,39500000825,18934327943,True,False,False,1,1,1
tune,dataflow_vs_b3,incidents,only_dataflow_side,privileged,10075,1,hard,split_brain,False,2,3,64500002630,18746565574,True,False,False,2,2,2
tune,dataflow_vs_b3,incidents,only_dataflow_side,privileged,10075,11,plain,,False,1,1,351000011118,1110156023,True,False,False,0,0,0
tune,dataflow_vs_b3,incidents,only_dataflow_side,privileged,10075,12,plain,,False,2,0,367500011596,365018432,True,False,False,0,0,0
tune,dataflow_vs_b3,incidents,only_dataflow_side,privileged,10075,13,plain,,False,1,0,378000008937,1118462949,True,False,False,0,0,0
tune,dataflow_vs_b3,incidents,only_dataflow_side,privileged,10075,15,hard,slow_leak,False,1,1,456000014565,25108261399,True,False,False,1,1,1
tune,dataflow_vs_b3,incidents,only_dataflow_side,privileged,10075,16,hard,slow_leak,False,1,1,476500008652,26176637441,True,False,False,1,1,1
tune,dataflow_vs_b3,incidents,only_dataflow_side,privileged,10075,17,plain,,False,1,0,464000007244,4257500567,True,False,False,0,0,0
tune,dataflow_vs_b3,incidents,only_dataflow_side,privileged,10075,18,plain,,False,1,0,469000011113,715630010,True,False,False,0,0,0
tune,dataflow_vs_b3,incidents,only_dataflow_side,privileged,10075,19,plain,,False,1,0,473500011428,4516024306,True,False,False,0,0,0
tune,dataflow_vs_b3,incidents,only_dataflow_side,privileged,10075,2,plain,,False,1,0,110500006667,2803242645,True,False,False,0,0,0
tune,dataflow_vs_b3,incidents,only_dataflow_side,privileged,10075,20,plain,,False,1,0,478000008448,3073726976,True,False,False,0,0,0
tune,dataflow_vs_b3,incidents,only_dataflow_side,privileged,10075,21,plain,,False,1,0,487000007211,7202595161,True,False,False,0,0,0
tune,dataflow_vs_b3,incidents,only_dataflow_side,privileged,10075,3,plain,,False,1,0,111500016938,73444913,True,False,False,0,0,0
tune,dataflow_vs_b3,incidents,only_dataflow_side,privileged,10075,4,plain,,False,1,0,140500007962,697016489,True,False,False,0,0,0
tune,dataflow_vs_b3,incidents,only_dataflow_side,privileged,10075,5,plain,,False,1,0,211000015287,366052644,True,False,False,0,0,0
tune,dataflow_vs_b3,incidents,only_dataflow_side,privileged,10075,7,plain,,False,1,0,234500007357,1142093424,True,False,False,0,0,0
tune,dataflow_vs_b3,incidents,only_dataflow_side,privileged,10075,8,plain,,False,1,0,261500008707,2582732330,True,False,False,0,0,0
tune,dataflow_vs_b3,incidents,only_dataflow_side,privileged,10075,9,plain,,False,1,0,270000007334,5711633160,True,False,False,0,0,0
tune,dataflow_vs_b3,incidents,only_dataflow_side,privileged,10076,0,plain,,False,1,0,19500006180,1368546094,True,False,False,0,0,0
tune,dataflow_vs_b3,incidents,only_dataflow_side,privileged,10076,1,plain,,False,1,0,36000007664,211921349,True,False,False,0,0,0
tune,dataflow_vs_b3,incidents,only_dataflow_side,privileged,10076,10,plain,,False,1,0,216000007065,3825252268,True,False,False,0,0,0
tune,dataflow_vs_b3,incidents,only_dataflow_side,privileged,10076,12,plain,,False,1,0,240000007026,4011985218,True,False,False,0,0,0
tune,dataflow_vs_b3,incidents,only_dataflow_side,privileged,10076,13,plain,,False,1,0,255000008740,3312088965,True,False,False,0,0,0
tune,dataflow_vs_b3,incidents,only_dataflow_side,privileged,10076,14,plain,,True,1,0,264000014860,235884084,True,False,False,0,0,0
tune,dataflow_vs_b3,incidents,only_dataflow_side,privileged,10076,17,plain,,False,1,0,356000006825,767492081,True,False,False,0,0,0
tune,dataflow_vs_b3,incidents,only_dataflow_side,privileged,10076,19,plain,,False,1,0,382000007681,4533842343,True,False,False,0,0,0
tune,dataflow_vs_b3,incidents,only_dataflow_side,privileged,10076,20,plain,,False,1,0,396000009265,4172470593,True,False,False,0,0,0
tune,dataflow_vs_b3,incidents,only_dataflow_side,privileged,10076,21,hard,compound,True,1,1,413000004845,18918959615,True,False,False,1,1,1
tune,dataflow_vs_b3,incidents,only_dataflow_side,privileged,10076,22,plain,,False,1,0,397500011680,328662028,True,False,False,0,0,0
tune,dataflow_vs_b3,incidents,only_dataflow_side,privileged,10076,23,plain,,True,1,1,493500013904,5142802504,True,False,False,0,0,0
tune,dataflow_vs_b3,incidents,only_dataflow_side,privileged,10076,25,hard,compound,True,1,1,535000002930,19727454448,True,False,False,1,1,1
tune,dataflow_vs_b3,incidents,only_dataflow_side,privileged,10076,27,plain,,False,1,0,536500006840,2546112777,True,False,False,0,0,0
tune,dataflow_vs_b3,incidents,only_dataflow_side,privileged,10076,4,plain,,False,1,0,103000006879,2580057258,True,False,False,0,0,0
tune,dataflow_vs_b3,incidents,only_dataflow_side,privileged,10076,7,hard,compound,False,1,1,192000002110,18652632384,True,False,False,1,1,1
tune,dataflow_vs_b3,incidents,only_dataflow_side,privileged,10076,8,plain,,True,1,0,188500013053,167629040,True,False,False,0,0,0
tune,dataflow_vs_b3,incidents,only_dataflow_side,privileged,10076,9,plain,,False,1,0,208500008820,4322807217,True,False,False,0,0,0
tune,dataflow_vs_b3,incidents,only_dataflow_side,privileged,10077,0,plain,,False,1,0,2000005878,485727459,True,False,False,0,0,0
tune,dataflow_vs_b3,incidents,only_dataflow_side,privileged,10077,1,plain,,False,1,1,10000005604,1780839824,True,False,False,0,0,0
tune,dataflow_vs_b3,incidents,only_dataflow_side,privileged,10077,10,plain,,False,1,0,143000009812,4010011660,True,False,False,0,0,0
tune,dataflow_vs_b3,incidents,only_dataflow_side,privileged,10077,11,plain,,True,1,0,147500008492,5902409109,True,False,False,0,0,0
tune,dataflow_vs_b3,incidents,only_dataflow_side,privileged,10077,12,plain,,False,1,0,151500008605,571682445,True,False,False,0,0,0
tune,dataflow_vs_b3,incidents,only_dataflow_side,privileged,10077,13,plain,,False,1,0,163000009762,7236893691,True,False,False,0,0,0
tune,dataflow_vs_b3,incidents,only_dataflow_side,privileged,10077,14,plain,,False,1,0,211000007210,4066894238,True,False,False,0,0,0
tune,dataflow_vs_b3,incidents,only_dataflow_side,privileged,10077,15,plain,,False,1,0,232500019855,2180225875,True,False,False,0,0,0
tune,dataflow_vs_b3,incidents,only_dataflow_side,privileged,10077,17,plain,,False,1,0,244500007507,6939855872,True,False,False,0,0,0
tune,dataflow_vs_b3,incidents,only_dataflow_side,privileged,10077,18,plain,,False,1,0,259500013095,6676766967,True,False,False,0,0,0
tune,dataflow_vs_b3,incidents,only_dataflow_side,privileged,10077,19,plain,,False,1,0,260500007397,7106366180,True,False,False,0,0,0
tune,dataflow_vs_b3,incidents,only_dataflow_side,privileged,10077,20,plain,,False,1,0,270500019622,15557523284,True,False,False,0,0,0
tune,dataflow_vs_b3,incidents,only_dataflow_side,privileged,10077,21,plain,,False,1,0,291500006208,9226000150,True,False,False,0,0,0
tune,dataflow_vs_b3,incidents,only_dataflow_side,privileged,10077,22,plain,,False,1,0,353500006857,36017888804,True,False,False,0,0,0
tune,dataflow_vs_b3,incidents,only_dataflow_side,privileged,10077,24,plain,,False,1,1,384000006219,6069098359,True,False,False,0,0,0
tune,dataflow_vs_b3,incidents,only_dataflow_side,privileged,10077,25,plain,,False,1,0,421500007435,2906779409,True,False,False,0,0,0
tune,dataflow_vs_b3,incidents,only_dataflow_side,privileged,10077,29,plain,,False,1,0,474500005552,5813615197,True,False,False,0,0,0
tune,dataflow_vs_b3,incidents,only_dataflow_side,privileged,10077,3,hard,cascade,False,1,1,36500002810,18680638241,True,False,False,1,1,1
tune,dataflow_vs_b3,incidents,only_dataflow_side,privileged,10077,31,plain,,False,1,0,495000013765,4962313049,True,False,False,0,0,0
tune,dataflow_vs_b3,incidents,only_dataflow_side,privileged,10077,33,plain,,False,1,0,532000017882,3653898166,True,False,False,0,0,0
tune,dataflow_vs_b3,incidents,only_dataflow_side,privileged,10077,34,plain,,True,1,0,539000009132,6884784333,True,False,False,0,0,0
tune,dataflow_vs_b3,incidents,only_dataflow_side,privileged,10077,4,plain,,False,1,0,70000006930,1694437129,True,False,False,0,0,0
tune,dataflow_vs_b3,incidents,only_dataflow_side,privileged,10077,5,plain,,False,1,0,78500009613,24856192,True,False,False,0,0,0
tune,dataflow_vs_b3,incidents,only_dataflow_side,privileged,10077,7,plain,,False,1,0,104500007383,2421881624,True,False,False,0,0,0
tune,dataflow_vs_b3,incidents,only_dataflow_side,privileged,10077,8,hard,cascade,False,1,1,129500001525,18920841539,True,False,False,1,1,1
tune,dataflow_vs_b3,incidents,only_dataflow_side,privileged,10078,0,plain,,False,1,0,42000005819,1214556209,True,False,False,0,0,0
tune,dataflow_vs_b3,incidents,only_dataflow_side,privileged,10078,11,plain,,False,1,0,378000007424,3465920010,True,False,False,0,0,0
tune,dataflow_vs_b3,incidents,only_dataflow_side,privileged,10078,12,plain,,True,1,0,379500007539,2709997485,True,False,False,0,0,0
tune,dataflow_vs_b3,incidents,only_dataflow_side,privileged,10078,13,plain,,True,1,1,388500013864,233438014,True,False,False,0,0,0
tune,dataflow_vs_b3,incidents,only_dataflow_side,privileged,10078,15,plain,,False,1,0,418000021937,440788805,True,False,False,0,0,0
tune,dataflow_vs_b3,incidents,only_dataflow_side,privileged,10078,16,plain,,False,1,0,462000007084,3249429184,True,False,False,0,0,0
tune,dataflow_vs_b3,incidents,only_dataflow_side,privileged,10078,19,plain,,False,1,0,519000026936,139797578,True,False,False,0,0,0
tune,dataflow_vs_b3,incidents,only_dataflow_side,privileged,10078,2,plain,,False,1,0,45500025042,34876833,True,False,False,0,0,0
tune,dataflow_vs_b3,incidents,only_dataflow_side,privileged,10078,3,plain,,False,1,0,135000005659,1065925731,True,False,False,0,0,0
tune,dataflow_vs_b3,incidents,only_dataflow_side,privileged,10078,4,plain,,False,1,0,169000015137,193691851,True,False,False,0,0,0
tune,dataflow_vs_b3,incidents,only_dataflow_side,privileged,10078,5,plain,,False,1,0,187000021015,416009649,True,False,False,0,0,0
tune,dataflow_vs_b3,incidents,only_dataflow_side,privileged,10078,6,plain,,False,1,3,258000028320,254842688,True,False,False,0,0,0
tune,dataflow_vs_b3,incidents,only_dataflow_side,privileged,10078,8,plain,,False,1,0,351000007114,3094470095,True,False,False,0,0,0
tune,dataflow_vs_b3,incidents,only_dataflow_side,privileged,10078,9,hard,slow_leak,False,1,1,379000002365,25272456149,True,False,False,1,1,1
tune,dataflow_vs_b3,incidents,only_dataflow_side,privileged,10079,0,hard,split_brain,False,1,2,37000002920,18918811044,True,False,False,1,1,1
tune,dataflow_vs_b3,incidents,only_dataflow_side,privileged,10079,1,plain,,True,1,0,23500009889,178938495,True,False,False,0,0,0
tune,dataflow_vs_b3,incidents,only_dataflow_side,privileged,10079,10,plain,,False,1,0,163000017779,475924940,True,False,False,0,0,0
tune,dataflow_vs_b3,incidents,only_dataflow_side,privileged,10079,11,plain,,False,1,0,192500009574,313261546,True,False,False,0,0,0
tune,dataflow_vs_b3,incidents,only_dataflow_side,privileged,10079,12,plain,,False,1,0,221500027746,94249168,True,False,False,0,0,0
tune,dataflow_vs_b3,incidents,only_dataflow_side,privileged,10079,13,plain,,False,1,0,232000013340,286810886,True,False,False,0,0,0
tune,dataflow_vs_b3,incidents,only_dataflow_side,privileged,10079,14,plain,,False,1,1,257000022153,210044660,True,False,False,0,0,0
tune,dataflow_vs_b3,incidents,only_dataflow_side,privileged,10079,15,plain,,False,1,0,299000011364,457389048,True,False,False,0,0,0
tune,dataflow_vs_b3,incidents,only_dataflow_side,privileged,10079,16,plain,,False,1,0,301000008109,2128702823,True,False,False,0,0,0
tune,dataflow_vs_b3,incidents,only_dataflow_side,privileged,10079,17,plain,,False,1,0,305500007183,1627617790,True,False,False,0,0,0
tune,dataflow_vs_b3,incidents,only_dataflow_side,privileged,10079,18,plain,,True,1,1,324500024238,243811791,True,False,False,0,0,0
tune,dataflow_vs_b3,incidents,only_dataflow_side,privileged,10079,19,plain,,False,2,0,379000007231,14021703726,True,False,False,0,0,0
tune,dataflow_vs_b3,incidents,only_dataflow_side,privileged,10079,2,plain,,False,1,0,57500014090,433526905,True,False,False,0,0,0
tune,dataflow_vs_b3,incidents,only_dataflow_side,privileged,10079,21,decoy,,False,1,1,439000006394,30152316573,False,False,False,0,0,0
tune,dataflow_vs_b3,incidents,only_dataflow_side,privileged,10079,22,plain,,False,1,0,438000006865,3933896924,True,False,False,0,0,0
tune,dataflow_vs_b3,incidents,only_dataflow_side,privileged,10079,23,plain,,False,1,0,457000016902,288836732,True,False,False,0,0,0
tune,dataflow_vs_b3,incidents,only_dataflow_side,privileged,10079,24,plain,,False,1,0,475500011489,177863017,True,False,False,0,0,0
tune,dataflow_vs_b3,incidents,only_dataflow_side,privileged,10079,25,plain,,False,1,3,486000030558,164995305,True,False,False,0,0,0
tune,dataflow_vs_b3,incidents,only_dataflow_side,privileged,10079,28,plain,,False,1,0,507500011619,1742079548,True,False,False,0,0,0
tune,dataflow_vs_b3,incidents,only_dataflow_side,privileged,10079,3,plain,,True,1,0,60500010154,410350785,True,False,False,0,0,0
tune,dataflow_vs_b3,incidents,only_dataflow_side,privileged,10079,5,plain,,False,1,0,70500010461,3112364435,True,False,False,0,0,0
tune,dataflow_vs_b3,incidents,only_dataflow_side,privileged,10079,6,plain,,False,2,0,87500011498,5607920219,True,False,False,0,0,0
tune,dataflow_vs_b3,incidents,only_dataflow_side,privileged,10079,7,plain,,False,1,0,138000014138,237067175,True,False,False,0,0,0
tune,dataflow_vs_b3,incidents,only_dataflow_side,privileged,10080,0,plain,,False,2,0,25500005434,3306842871,True,False,False,0,0,0
tune,dataflow_vs_b3,incidents,only_dataflow_side,privileged,10080,1,plain,,False,1,0,54500006684,1423526905,True,False,False,0,0,0
tune,dataflow_vs_b3,incidents,only_dataflow_side,privileged,10080,10,plain,,False,1,1,155000026676,200868190,True,False,False,0,0,0
tune,dataflow_vs_b3,incidents,only_dataflow_side,privileged,10080,11,plain,,False,1,0,160500011739,1887825921,True,False,False,0,0,0
tune,dataflow_vs_b3,incidents,only_dataflow_side,privileged,10080,12,plain,,False,1,0,194500007056,6024764686,True,False,False,0,0,0
tune,dataflow_vs_b3,incidents,only_dataflow_side,privileged,10080,13,decoy,,False,1,0,206000006095,9388680981,False,False,False,0,0,0
tune,dataflow_vs_b3,incidents,only_dataflow_side,privileged,10080,15,plain,,False,1,0,245500006678,4377876745,True,False,False,0,0,0
tune,dataflow_vs_b3,incidents,only_dataflow_side,privileged,10080,16,plain,,False,2,0,286500008161,4546825780,True,False,False,0,0,0
tune,dataflow_vs_b3,incidents,only_dataflow_side,privileged,10080,17,plain,,False,1,0,327500012468,356756011,True,False,False,0,0,0
tune,dataflow_vs_b3,incidents,only_dataflow_side,privileged,10080,18,plain,,False,1,0,390000006403,4680817331,True,False,False,0,0,0
tune,dataflow_vs_b3,incidents,only_dataflow_side,privileged,10080,2,plain,,False,2,0,79500007859,199754548,True,False,False,0,0,0
tune,dataflow_vs_b3,incidents,only_dataflow_side,privileged,10080,20,plain,,False,1,0,449000009323,76613137,True,False,False,0,0,0
tune,dataflow_vs_b3,incidents,only_dataflow_side,privileged,10080,23,plain,,False,1,1,517500012189,930253445,True,False,False,0,0,0
tune,dataflow_vs_b3,incidents,only_dataflow_side,privileged,10080,3,hard,slow_leak,True,1,1,120000014520,24945553612,True,False,False,1,1,1
tune,dataflow_vs_b3,incidents,only_dataflow_side,privileged,10080,4,plain,,False,1,0,110500013438,91308894,True,False,False,0,0,0
tune,dataflow_vs_b3,incidents,only_dataflow_side,privileged,10080,6,plain,,False,2,0,128500009115,3025847509,True,False,False,0,0,0
tune,dataflow_vs_b3,incidents,only_dataflow_side,privileged,10080,7,plain,,False,1,1,130000010088,340101551,True,False,False,0,0,0
tune,dataflow_vs_b3,incidents,only_dataflow_side,privileged,10080,8,plain,,False,1,0,134000008665,3203618458,True,False,False,0,0,0
tune,dataflow_vs_b3,incidents,only_dataflow_side,privileged,10080,9,plain,,True,1,0,142000008480,2816967807,True,False,False,0,0,0
tune,dataflow_vs_b3,incidents,only_dataflow_side,privileged,10081,0,plain,,False,1,0,15000016227,439864310,True,False,False,0,0,0
tune,dataflow_vs_b3,incidents,only_dataflow_side,privileged,10081,1,plain,,False,1,0,15000016227,329694538,True,False,False,0,0,0
tune,dataflow_vs_b3,incidents,only_dataflow_side,privileged,10081,10,plain,,False,1,0,153000007867,5893683123,True,False,False,0,0,0
tune,dataflow_vs_b3,incidents,only_dataflow_side,privileged,10081,11,plain,,False,1,0,151500006975,3503906228,True,False,False,0,0,0
tune,dataflow_vs_b3,incidents,only_dataflow_side,privileged,10081,12,plain,,False,1,0,154500008948,1292418310,True,False,False,0,0,0
tune,dataflow_vs_b3,incidents,only_dataflow_side,privileged,10081,13,plain,,False,1,0,169000012731,6235029249,True,False,False,0,0,0
tune,dataflow_vs_b3,incidents,only_dataflow_side,privileged,10081,15,plain,,False,1,0,245500007059,5085024669,True,False,False,0,0,0
tune,dataflow_vs_b3,incidents,only_dataflow_side,privileged,10081,16,plain,,False,1,0,293500006049,8443536242,True,False,False,0,0,0
tune,dataflow_vs_b3,incidents,only_dataflow_side,privileged,10081,17,plain,,False,1,0,325000018728,372620215,True,False,False,0,0,0
tune,dataflow_vs_b3,incidents,only_dataflow_side,privileged,10081,18,plain,,True,1,0,359500007302,6535096574,True,False,False,0,0,0
tune,dataflow_vs_b3,incidents,only_dataflow_side,privileged,10081,19,plain,,False,1,0,378000006725,5224669977,True,False,False,0,0,0
tune,dataflow_vs_b3,incidents,only_dataflow_side,privileged,10081,2,plain,,False,1,1,16000019400,279427523,True,False,False,0,0,0
tune,dataflow_vs_b3,incidents,only_dataflow_side,privileged,10081,20,hard,compound,False,1,1,407000003465,18983375512,True,False,False,1,1,1
tune,dataflow_vs_b3,incidents,only_dataflow_side,privileged,10081,22,plain,,False,1,0,402500017512,116072242,True,False,False,0,0,0
tune,dataflow_vs_b3,incidents,only_dataflow_side,privileged,10081,23,plain,,False,1,0,454500005480,7771642552,True,False,False,0,0,0
tune,dataflow_vs_b3,incidents,only_dataflow_side,privileged,10081,24,plain,,False,1,0,479000005576,9919670230,True,False,False,0,0,0
tune,dataflow_vs_b3,incidents,only_dataflow_side,privileged,10081,25,plain,,False,1,0,494500007900,5208388904,True,False,False,0,0,0
tune,dataflow_vs_b3,incidents,only_dataflow_side,privileged,10081,3,plain,,False,1,0,36500006433,5381096098,True,False,False,0,0,0
tune,dataflow_vs_b3,incidents,only_dataflow_side,privileged,10081,4,plain,,False,1,0,58500009913,116598050,True,False,False,0,0,0
tune,dataflow_vs_b3,incidents,only_dataflow_side,privileged,10081,5,plain,,False,1,1,84000012575,217907736,True,False,False,0,0,0
tune,dataflow_vs_b3,incidents,only_dataflow_side,privileged,10081,7,plain,,False,1,0,100500006787,9217054885,True,False,False,0,0,0
tune,dataflow_vs_b3,incidents,only_dataflow_side,privileged,10081,8,plain,,False,2,0,114000009562,7795983954,True,False,False,0,0,0
tune,dataflow_vs_b3,incidents,only_dataflow_side,privileged,10081,9,hard,slow_leak,True,1,1,133500002165,24902691479,True,False,False,1,1,1
tune,dataflow_vs_b3,incidents,only_dataflow_side,privileged,10082,0,hard,compound,False,1,1,89500004040,18545276915,True,False,False,1,1,1
tune,dataflow_vs_b3,incidents,only_dataflow_side,privileged,10082,1,plain,,False,1,0,77000006977,4016422084,True,False,False,0,0,0
tune,dataflow_vs_b3,incidents,only_dataflow_side,privileged,10082,13,plain,,True,1,1,391000014754,434779929,True,False,False,0,0,0
tune,dataflow_vs_b3,incidents,only_dataflow_side,privileged,10082,14,plain,,False,1,0,445000010357,87201290,True,False,False,0,0,0
tune,dataflow_vs_b3,incidents,only_dataflow_side,privileged,10082,15,plain,,False,1,0,495000008877,1292993951,True,False,False,0,0,0
tune,dataflow_vs_b3,incidents,only_dataflow_side,privileged,10082,2,plain,,False,2,0,88500012807,95968192,True,False,False,0,0,0
tune,dataflow_vs_b3,incidents,only_dataflow_side,privileged,10082,3,hard,cascade,False,1,2,131500002375,21594220005,True,False,False,1,1,1
tune,dataflow_vs_b3,incidents,only_dataflow_side,privileged,10082,4,plain,,False,1,0,179500005818,4642668058,True,False,False,0,0,0
tune,dataflow_vs_b3,incidents,only_dataflow_side,privileged,10082,6,plain,,False,1,0,248000007458,3872624628,True,False,False,0,0,0
tune,dataflow_vs_b3,incidents,only_dataflow_side,privileged,10082,7,plain,,False,1,0,259000006208,5546564715,True,False,False,0,0,0
tune,dataflow_vs_b3,incidents,only_dataflow_side,privileged,10082,8,hard,compound,True,1,1,297000002890,24304208587,True,False,False,1,1,1
tune,dataflow_vs_b3,incidents,only_dataflow_side,privileged,10082,9,plain,,False,1,0,282500007153,6028897775,True,False,False,0,0,0
tune,dataflow_vs_b3,incidents,only_dataflow_side,privileged,10083,1,plain,,False,1,0,23500009451,2222064504,True,False,False,0,0,0
tune,dataflow_vs_b3,incidents,only_dataflow_side,privileged,10083,10,plain,,False,1,0,185000008015,5279656401,True,False,False,0,0,0
tune,dataflow_vs_b3,incidents,only_dataflow_side,privileged,10083,11,plain,,False,1,0,192500008569,2855997067,True,False,False,0,0,0
tune,dataflow_vs_b3,incidents,only_dataflow_side,privileged,10083,12,plain,,False,1,0,197000008183,2261835363,True,False,False,0,0,0
tune,dataflow_vs_b3,incidents,only_dataflow_side,privileged,10083,13,plain,,True,1,0,231500009329,19557541235,False,True,True,0,0,0
tune,dataflow_vs_b3,incidents,only_dataflow_side,privileged,10083,14,plain,,True,1,0,244500009599,13421988532,True,False,False,0,0,0
tune,dataflow_vs_b3,incidents,only_dataflow_side,privileged,10083,15,plain,,False,1,0,259000007672,6053586377,True,False,False,0,0,0
tune,dataflow_vs_b3,incidents,only_dataflow_side,privileged,10083,17,plain,,False,1,0,361500006235,7911829691,True,False,False,0,0,0
tune,dataflow_vs_b3,incidents,only_dataflow_side,privileged,10083,18,plain,,True,1,0,365000006392,7255054116,True,False,False,0,0,0
tune,dataflow_vs_b3,incidents,only_dataflow_side,privileged,10083,19,plain,,False,1,0,380500006232,5768933392,True,False,False,0,0,0
tune,dataflow_vs_b3,incidents,only_dataflow_side,privileged,10083,21,hard,split_brain,True,1,1,403000003755,22255073157,True,False,False,1,1,1
tune,dataflow_vs_b3,incidents,only_dataflow_side,privileged,10083,23,plain,,False,1,0,451500010458,2599040628,True,False,False,0,0,0
tune,dataflow_vs_b3,incidents,only_dataflow_side,privileged,10083,25,plain,,False,1,0,470500006275,4491581163,True,False,False,0,0,0
tune,dataflow_vs_b3,incidents,only_dataflow_side,privileged,10083,26,hard,slow_leak,True,1,1,505500002635,24944067895,True,False,False,1,1,1
tune,dataflow_vs_b3,incidents,only_dataflow_side,privileged,10083,27,plain,,False,1,0,488500006720,4873576660,True,False,False,0,0,0
tune,dataflow_vs_b3,incidents,only_dataflow_side,privileged,10083,29,hard,slow_leak,False,1,1,514000002325,25703014783,True,False,False,1,1,1
tune,dataflow_vs_b3,incidents,only_dataflow_side,privileged,10083,3,plain,,False,1,0,65000005694,4846355623,True,False,False,0,0,0
tune,dataflow_vs_b3,incidents,only_dataflow_side,privileged,10083,4,plain,,False,1,0,66500006959,3452326694,True,False,False,0,0,0
tune,dataflow_vs_b3,incidents,only_dataflow_side,privileged,10083,5,plain,,False,2,0,77000007790,5050780273,True,False,False,0,0,0
tune,dataflow_vs_b3,incidents,only_dataflow_side,privileged,10083,6,hard,slow_leak,False,1,1,116000003520,24841531568,True,False,False,1,1,1
tune,dataflow_vs_b3,incidents,only_dataflow_side,privileged,10083,7,hard,slow_leak,False,1,1,138000001195,24594541584,True,False,False,1,1,1
tune,dataflow_vs_b3,incidents,only_dataflow_side,privileged,10083,8,plain,,False,1,0,148000010283,4572706492,True,False,False,0,0,0
tune,dataflow_vs_b3,incidents,only_dataflow_side,privileged,10083,9,plain,,False,1,0,174500007539,4195281483,True,False,False,0,0,0
tune,dataflow_vs_b3,incidents,only_dataflow_side,privileged,10084,0,plain,,False,1,0,27500015933,169905077,True,False,False,0,0,0
tune,dataflow_vs_b3,incidents,only_dataflow_side,privileged,10084,1,decoy,,False,1,0,78000005720,8554106224,False,False,False,0,0,0
tune,dataflow_vs_b3,incidents,only_dataflow_side,privileged,10084,11,plain,,False,2,0,223500009035,1252769381,True,False,False,0,0,0
tune,dataflow_vs_b3,incidents,only_dataflow_side,privileged,10084,12,plain,,False,1,0,259500006611,3684659148,True,False,False,0,0,0
tune,dataflow_vs_b3,incidents,only_dataflow_side,privileged,10084,13,plain,,True,1,0,343500008145,237357340,True,False,False,0,0,0
tune,dataflow_vs_b3,incidents,only_dataflow_side,privileged,10084,14,plain,,False,1,0,349000006856,2055424360,True,False,False,0,0,0
tune,dataflow_vs_b3,incidents,only_dataflow_side,privileged,10084,16,hard,cascade,False,1,1,430000001225,21059661278,True,False,False,1,1,1
tune,dataflow_vs_b3,incidents,only_dataflow_side,privileged,10084,17,plain,,False,1,0,430500009230,74196951,True,False,False,0,0,0
tune,dataflow_vs_b3,incidents,only_dataflow_side,privileged,10084,19,plain,,False,1,0,503000011017,60385214,True,False,False,0,0,0
tune,dataflow_vs_b3,incidents,only_dataflow_side,privileged,10084,2,plain,,False,1,0,89500008520,366555371,True,False,False,0,0,0
tune,dataflow_vs_b3,incidents,only_dataflow_side,privileged,10084,3,plain,,False,1,0,95000007005,3739300095,True,False,False,0,0,0
tune,dataflow_vs_b3,incidents,only_dataflow_side,privileged,10084,5,plain,,False,1,0,131000007011,3843084189,True,False,False,0,0,0
tune,dataflow_vs_b3,incidents,only_dataflow_side,privileged,10084,6,hard,compound,False,1,1,194500004120,18564747834,True,False,False,1,1,1
tune,dataflow_vs_b3,incidents,only_dataflow_side,privileged,10084,7,plain,,False,1,0,182500008325,3006697549,True,False,False,0,0,0
tune,dataflow_vs_b3,incidents,only_dataflow_side,privileged,10084,8,plain,,False,1,0,185500008760,4883173925,True,False,False,0,0,0
tune,dataflow_vs_b3,incidents,only_dataflow_side,privileged,10085,0,plain,,False,1,0,35500010547,74377831,True,False,False,0,0,0
tune,dataflow_vs_b3,incidents,only_dataflow_side,privileged,10085,10,plain,,False,1,0,271000007846,1356684145,True,False,False,0,0,0
tune,dataflow_vs_b3,incidents,only_dataflow_side,privileged,10085,11,plain,,False,1,1,309500013362,493582964,True,False,False,0,0,0
tune,dataflow_vs_b3,incidents,only_dataflow_side,privileged,10085,12,plain,,False,1,0,325500006256,1719974098,True,False,False,0,0,0
tune,dataflow_vs_b3,incidents,only_dataflow_side,privileged,10085,13,plain,,False,1,0,372500013690,136535523,True,False,False,0,0,0
tune,dataflow_vs_b3,incidents,only_dataflow_side,privileged,10085,14,plain,,False,1,0,468500013223,498051608,True,False,False,0,0,0
tune,dataflow_vs_b3,incidents,only_dataflow_side,privileged,10085,15,plain,,False,1,0,487500010118,108455028,True,False,False,0,0,0
tune,dataflow_vs_b3,incidents,only_dataflow_side,privileged,10085,16,plain,,False,1,0,497500008696,3229465373,True,False,False,0,0,0
tune,dataflow_vs_b3,incidents,only_dataflow_side,privileged,10085,2,plain,,False,1,0,79500014433,154007781,True,False,False,0,0,0
tune,dataflow_vs_b3,incidents,only_dataflow_side,privileged,10085,4,plain,,False,2,1,156000015585,492933951,True,False,False,0,0,0
tune,dataflow_vs_b3,incidents,only_dataflow_side,privileged,10085,5,plain,,False,1,0,200500008250,21381009946,True,False,False,0,0,0
tune,dataflow_vs_b3,incidents,only_dataflow_side,privileged,10085,6,plain,,False,1,0,183500007997,3532540365,True,False,False,0,0,0
tune,dataflow_vs_b3,incidents,only_dataflow_side,privileged,10085,7,plain,,True,1,0,209000007983,3217016501,True,False,False,0,0,0
tune,dataflow_vs_b3,incidents,only_dataflow_side,privileged,10085,8,plain,,False,1,0,236500014181,256280185,True,False,False,0,0,0
tune,dataflow_vs_b3,incidents,only_dataflow_side,privileged,10085,9,plain,,False,1,0,253000010716,179539957,True,False,False,0,0,0
tune,dataflow_vs_b3,incidents,only_dataflow_side,privileged,10086,0,plain,,False,1,0,17500006079,1457512455,True,False,False,0,0,0
tune,dataflow_vs_b3,incidents,only_dataflow_side,privileged,10086,1,plain,,True,1,0,31500012019,1745801428,True,False,False,0,0,0
tune,dataflow_vs_b3,incidents,only_dataflow_side,privileged,10086,10,plain,,False,1,0,198000013111,3060100952,True,False,False,0,0,0
tune,dataflow_vs_b3,incidents,only_dataflow_side,privileged,10086,11,plain,,False,1,0,215500011366,156737708,True,False,False,0,0,0
tune,dataflow_vs_b3,incidents,only_dataflow_side,privileged,10086,12,plain,,False,1,0,224500022829,6300977331,True,False,False,0,0,0
tune,dataflow_vs_b3,incidents,only_dataflow_side,privileged,10086,13,plain,,False,1,0,225500010401,1123987267,True,False,False,0,0,0
tune,dataflow_vs_b3,incidents,only_dataflow_side,privileged,10086,14,plain,,False,1,0,258000008742,3904804680,True,False,False,0,0,0
tune,dataflow_vs_b3,incidents,only_dataflow_side,privileged,10086,15,plain,,False,1,0,262500016784,69782152,True,False,False,0,0,0
tune,dataflow_vs_b3,incidents,only_dataflow_side,privileged,10086,16,plain,,False,1,0,275000012024,769529880,True,False,False,0,0,0
tune,dataflow_vs_b3,incidents,only_dataflow_side,privileged,10086,17,plain,,False,1,0,330000007627,3506911328,True,False,False,0,0,0
tune,dataflow_vs_b3,incidents,only_dataflow_side,privileged,10086,18,hard,compound,False,1,1,355000002575,26336182731,True,False,False,1,1,1
tune,dataflow_vs_b3,incidents,only_dataflow_side,privileged,10086,2,plain,,False,1,1,31000008860,447447689,True,False,False,0,0,0
tune,dataflow_vs_b3,incidents,only_dataflow_side,privileged,10086,20,plain,,False,1,0,380500018287,267301557,True,False,False,0,0,0
tune,dataflow_vs_b3,incidents,only_dataflow_side,privileged,10086,22,plain,,False,1,0,384000015261,351334318,True,False,False,0,0,0
tune,dataflow_vs_b3,incidents,only_dataflow_side,privileged,10086,23,plain,,True,1,0,393500007475,2449228692,True,False,False,0,0,0
tune,dataflow_vs_b3,incidents,only_dataflow_side,privileged,10086,24,plain,,False,1,0,403000021836,1894977970,True,False,False,0,0,0
tune,dataflow_vs_b3,incidents,only_dataflow_side,privileged,10086,25,plain,,False,1,0,403000021836,493468323,True,False,False,0,0,0
tune,dataflow_vs_b3,incidents,only_dataflow_side,privileged,10086,26,plain,,False,1,0,408000009482,4989278785,True,False,False,0,0,0
tune,dataflow_vs_b3,incidents,only_dataflow_side,privileged,10086,27,plain,,False,1,0,427000010724,6189326910,True,False,False,0,0,0
tune,dataflow_vs_b3,incidents,only_dataflow_side,privileged,10086,3,plain,,False,1,0,61000006331,3193883608,True,False,False,0,0,0
tune,dataflow_vs_b3,incidents,only_dataflow_side,privileged,10086,4,plain,,False,1,0,74500008505,1248658634,True,False,False,0,0,0
tune,dataflow_vs_b3,incidents,only_dataflow_side,privileged,10086,6,plain,,False,1,0,147000006115,1229232748,True,False,False,0,0,0
tune,dataflow_vs_b3,incidents,only_dataflow_side,privileged,10086,7,plain,,False,1,0,177500006655,1465403322,True,False,False,0,0,0
tune,dataflow_vs_b3,incidents,only_dataflow_side,privileged,10086,8,plain,,True,1,1,183000011380,498622198,True,False,False,0,0,0
tune,dataflow_vs_b3,incidents,only_dataflow_side,privileged,10087,0,plain,,True,1,0,9000007962,13221707,True,False,False,0,0,0
tune,dataflow_vs_b3,incidents,only_dataflow_side,privileged,10087,1,plain,,False,1,0,27500007272,1886144812,True,False,False,0,0,0
tune,dataflow_vs_b3,incidents,only_dataflow_side,privileged,10087,10,plain,,True,1,0,157500013286,305772323,True,False,False,0,0,0
tune,dataflow_vs_b3,incidents,only_dataflow_side,privileged,10087,11,plain,,False,1,0,182000008199,663645451,True,False,False,0,0,0
tune,dataflow_vs_b3,incidents,only_dataflow_side,privileged,10087,13,plain,,False,1,0,304500007982,2514406040,True,False,False,0,0,0
tune,dataflow_vs_b3,incidents,only_dataflow_side,privileged,10087,14,plain,,False,1,0,308000023100,289860079,True,False,False,0,0,0
tune,dataflow_vs_b3,incidents,only_dataflow_side,privileged,10087,15,plain,,False,1,0,326500007363,7500248413,True,False,False,0,0,0
tune,dataflow_vs_b3,incidents,only_dataflow_side,privileged,10087,16,plain,,True,1,0,364000009287,462222906,True,False,False,0,0,0
tune,dataflow_vs_b3,incidents,only_dataflow_side,privileged,10087,17,plain,,False,1,0,365500008592,372527042,True,False,False,0,0,0
tune,dataflow_vs_b3,incidents,only_dataflow_side,privileged,10087,18,plain,,True,1,0,378000007938,2242433353,True,False,False,0,0,0
tune,dataflow_vs_b3,incidents,only_dataflow_side,privileged,10087,19,plain,,False,1,0,380500007723,4010524423,True,False,False,0,0,0
tune,dataflow_vs_b3,incidents,only_dataflow_side,privileged,10087,2,plain,,False,1,0,30000014226,463541301,True,False,False,0,0,0
tune,dataflow_vs_b3,incidents,only_dataflow_side,privileged,10087,20,plain,,False,1,0,386500008508,3364372876,True,False,False,0,0,0
tune,dataflow_vs_b3,incidents,only_dataflow_side,privileged,10087,21,hard,compound,True,1,1,427500004935,18755718648,True,False,False,1,1,1
tune,dataflow_vs_b3,incidents,only_dataflow_side,privileged,10087,23,plain,,False,1,0,425500030233,170812786,True,False,False,0,0,0
tune,dataflow_vs_b3,incidents,only_dataflow_side,privileged,10087,24,plain,,False,1,0,459000007836,5709788948,True,False,False,0,0,0
tune,dataflow_vs_b3,incidents,only_dataflow_side,privileged,10087,26,plain,,False,1,0,533000007533,2547954669,True,False,False,0,0,0
tune,dataflow_vs_b3,incidents,only_dataflow_side,privileged,10087,4,plain,,False,1,0,60500008632,1847252669,True,False,False,0,0,0
tune,dataflow_vs_b3,incidents,only_dataflow_side,privileged,10087,5,plain,,False,1,0,67500009932,1031241107,True,False,False,0,0,0
tune,dataflow_vs_b3,incidents,only_dataflow_side,privileged,10087,6,plain,,False,1,0,92500010041,6372699581,True,False,False,0,0,0
tune,dataflow_vs_b3,incidents,only_dataflow_side,privileged,10087,7,plain,,False,1,0,139000007946,5678761375,True,False,False,0,0,0
tune,dataflow_vs_b3,incidents,only_dataflow_side,privileged,10087,8,plain,,False,1,0,138000017967,148383472,True,False,False,0,0,0
tune,dataflow_vs_b3,incidents,only_dataflow_side,privileged,10087,9,plain,,False,1,0,155000009807,262650717,True,False,False,0,0,0
tune,dataflow_vs_b3,incidents,only_dataflow_side,privileged,10088,0,plain,,False,1,1,19500022153,246480343,True,False,False,0,0,0
tune,dataflow_vs_b3,incidents,only_dataflow_side,privileged,10088,1,plain,,True,1,0,29000008845,305062764,True,False,False,0,0,0
tune,dataflow_vs_b3,incidents,only_dataflow_side,privileged,10088,10,plain,,True,1,0,229500008417,2237199672,True,False,False,0,0,0
tune,dataflow_vs_b3,incidents,only_dataflow_side,privileged,10088,11,plain,,True,1,0,265000012295,73507874,True,False,False,0,0,0
tune,dataflow_vs_b3,incidents,only_dataflow_side,privileged,10088,12,plain,,False,1,1,284000007066,632602959,True,False,False,0,0,0
tune,dataflow_vs_b3,incidents,only_dataflow_side,privileged,10088,13,plain,,True,1,0,317000007498,3584692352,True,False,False,0,0,0
tune,dataflow_vs_b3,incidents,only_dataflow_side,privileged,10088,14,plain,,False,1,0,334500007611,4241862484,True,False,False,0,0,0
tune,dataflow_vs_b3,incidents,only_dataflow_side,privileged,10088,15,plain,,False,1,0,338000010502,297008323,True,False,False,0,0,0
tune,dataflow_vs_b3,incidents,only_dataflow_side,privileged,10088,16,plain,,False,1,1,347500013966,1307872236,True,False,False,0,0,0
tune,dataflow_vs_b3,incidents,only_dataflow_side,privileged,10088,17,plain,,False,1,0,364000009447,1977977986,True,False,False,0,0,0
tune,dataflow_vs_b3,incidents,only_dataflow_side,privileged,10088,18,hard,compound,False,1,1,388000003950,20716601831,True,False,False,1,1,1
tune,dataflow_vs_b3,incidents,only_dataflow_side,privileged,10088,19,plain,,False,1,0,379000020241,463433208,True,False,False,0,0,0
tune,dataflow_vs_b3,incidents,only_dataflow_side,privileged,10088,2,plain,,False,1,0,42000011916,270571553,True,False,False,0,0,0
tune,dataflow_vs_b3,incidents,only_dataflow_side,privileged,10088,20,plain,,False,1,1,419500010380,3955111901,True,False,False,0,0,0
tune,dataflow_vs_b3,incidents,only_dataflow_side,privileged,10088,21,plain,,False,1,0,429000006873,3335521220,True,False,False,0,0,0
tune,dataflow_vs_b3,incidents,only_dataflow_side,privileged,10088,22,plain,,False,1,0,448000010462,6110966294,True,False,False,0,0,0
tune,dataflow_vs_b3,incidents,only_dataflow_side,privileged,10088,23,plain,,True,1,0,455500008615,7778742619,True,False,False,0,0,0
tune,dataflow_vs_b3,incidents,only_dataflow_side,privileged,10088,24,plain,,False,1,0,467000009897,3864968415,True,False,False,0,0,0
tune,dataflow_vs_b3,incidents,only_dataflow_side,privileged,10088,25,plain,,False,1,0,484000009245,3993832023,True,False,False,0,0,0
tune,dataflow_vs_b3,incidents,only_dataflow_side,privileged,10088,26,plain,,False,1,0,490500010076,111319188,True,False,False,0,0,0
tune,dataflow_vs_b3,incidents,only_dataflow_side,privileged,10088,27,plain,,True,1,0,500500006922,4004770229,True,False,False,0,0,0
tune,dataflow_vs_b3,incidents,only_dataflow_side,privileged,10088,28,plain,,False,1,1,504000011956,2320392763,True,False,False,0,0,0
tune,dataflow_vs_b3,incidents,only_dataflow_side,privileged,10088,29,plain,,False,1,1,506000009671,2803113196,True,False,False,0,0,0
tune,dataflow_vs_b3,incidents,only_dataflow_side,privileged,10088,3,hard,compound,False,1,1,73000003940,19168135195,True,False,False,1,1,1
tune,dataflow_vs_b3,incidents,only_dataflow_side,privileged,10088,4,plain,,False,1,1,71500008221,1334638098,True,False,False,0,0,0
tune,dataflow_vs_b3,incidents,only_dataflow_side,privileged,10088,5,plain,,False,1,3,95000029937,230031321,True,False,False,0,0,0
tune,dataflow_vs_b3,incidents,only_dataflow_side,privileged,10088,6,plain,,True,1,0,139000006141,998737129,True,False,False,0,0,0
tune,dataflow_vs_b3,incidents,only_dataflow_side,privileged,10088,7,hard,compound,True,1,1,194500001670,18582843927,True,False,False,1,1,1
tune,dataflow_vs_b3,incidents,only_dataflow_side,privileged,10088,8,plain,,False,1,0,217000015922,242221146,True,False,False,0,0,0
tune,dataflow_vs_b3,incidents,only_dataflow_side,privileged,10089,13,plain,,True,1,0,277000009473,2372598447,True,False,False,0,0,0
tune,dataflow_vs_b3,incidents,only_dataflow_side,privileged,10089,14,plain,,False,1,0,296000016374,4341145847,True,False,False,0,0,0
tune,dataflow_vs_b3,incidents,only_dataflow_side,privileged,10089,15,plain,,False,1,0,312500006919,3604566018,True,False,False,0,0,0
tune,dataflow_vs_b3,incidents,only_dataflow_side,privileged,10089,16,plain,,False,1,0,338500006184,6802011779,True,False,False,0,0,0
tune,dataflow_vs_b3,incidents,only_dataflow_side,privileged,10089,19,plain,,True,1,0,407500012757,102876710,True,False,False,0,0,0
tune,dataflow_vs_b3,incidents,only_dataflow_side,privileged,10089,2,plain,,False,1,1,21500010212,277258362,True,False,False,0,0,0
tune,dataflow_vs_b3,incidents,only_dataflow_side,privileged,10089,20,plain,,False,1,0,448000006028,5330610735,True,False,False,0,0,0
tune,dataflow_vs_b3,incidents,only_dataflow_side,privileged,10089,21,hard,compound,False,1,1,475000003025,22703353144,True,False,False,1,1,1
tune,dataflow_vs_b3,incidents,only_dataflow_side,privileged,10089,22,decoy,,False,1,0,466500012421,12049193335,False,False,False,0,0,0
tune,dataflow_vs_b3,incidents,only_dataflow_side,privileged,10089,25,plain,,False,1,0,482000012818,1523745373,True,False,False,0,0,0
tune,dataflow_vs_b3,incidents,only_dataflow_side,privileged,10089,26,hard,compound,False,1,1,530500004855,21517189897,True,False,False,1,1,1
tune,dataflow_vs_b3,incidents,only_dataflow_side,privileged,10089,27,hard,compound,True,1,1,533000004550,18983745430,True,False,False,1,1,1
tune,dataflow_vs_b3,incidents,only_dataflow_side,privileged,10089,3,hard,cascade,False,1,2,78500002630,18849844722,True,False,False,1,1,1
tune,dataflow_vs_b3,incidents,only_dataflow_side,privileged,10089,4,plain,,False,1,1,114500019515,400198512,True,False,False,0,0,0
tune,dataflow_vs_b3,incidents,only_dataflow_side,privileged,10089,6,hard,compound,False,1,1,172000001800,18919332083,True,False,False,1,1,1
tune,dataflow_vs_b3,incidents,only_dataflow_side,privileged,10089,7,plain,,False,1,0,200500007848,5652716224,True,False,False,0,0,0
tune,dataflow_vs_b3,incidents,only_dataflow_side,privileged,10089,8,hard,compound,False,1,1,252500003195,22294911374,True,False,False,1,1,1
tune,dataflow_vs_b3,incidents,only_dataflow_side,privileged,10090,0,decoy,,False,1,0,27000004434,9714224572,False,False,False,0,0,0
tune,dataflow_vs_b3,incidents,only_dataflow_side,privileged,10090,1,plain,,False,1,1,64000010338,208037889,True,False,False,0,0,0
tune,dataflow_vs_b3,incidents,only_dataflow_side,privileged,10090,10,plain,,False,1,0,279500007522,1613959334,True,False,False,0,0,0
tune,dataflow_vs_b3,incidents,only_dataflow_side,privileged,10090,11,plain,,False,1,0,307000006579,2459759370,True,False,False,0,0,0
tune,dataflow_vs_b3,incidents,only_dataflow_side,privileged,10090,12,plain,,False,1,0,317000005559,4441111617,True,False,False,0,0,0
tune,dataflow_vs_b3,incidents,only_dataflow_side,privileged,10090,13,plain,,False,1,0,327000011334,475202423,True,False,False,0,0,0
tune,dataflow_vs_b3,incidents,only_dataflow_side,privileged,10090,14,plain,,True,1,0,330500006939,3020865026,True,False,False,0,0,0
tune,dataflow_vs_b3,incidents,only_dataflow_side,privileged,10090,15,plain,,False,1,0,340500006439,3026848244,True,False,False,0,0,0
tune,dataflow_vs_b3,incidents,only_dataflow_side,privileged,10090,16,plain,,False,1,0,364000007737,4284985534,True,False,False,0,0,0
tune,dataflow_vs_b3,incidents,only_dataflow_side,privileged,10090,18,plain,,True,1,0,388000007445,4864620186,True,False,False,0,0,0
tune,dataflow_vs_b3,incidents,only_dataflow_side,privileged,10090,19,plain,,False,1,0,403000008074,2552438588,True,False,False,0,0,0
tune,dataflow_vs_b3,incidents,only_dataflow_side,privileged,10090,2,hard,cascade,True,1,1,178500001210,18886198097,True,False,False,1,1,1
tune,dataflow_vs_b3,incidents,only_dataflow_side,privileged,10090,20,plain,,False,1,0,423000006480,562687242,True,False,False,0,0,0
tune,dataflow_vs_b3,incidents,only_dataflow_side,privileged,10090,21,hard,slow_leak,False,1,1,450000002185,24394079997,True,False,False,1,1,1
tune,dataflow_vs_b3,incidents,only_dataflow_side,privileged,10090,22,plain,,False,1,0,440500007330,3651347057,True,False,False,0,0,0
tune,dataflow_vs_b3,incidents,only_dataflow_side,privileged,10090,23,plain,,True,1,0,457000007992,6309204177,True,False,False,0,0,0
tune,dataflow_vs_b3,incidents,only_dataflow_side,privileged,10090,24,hard,cascade,False,2,2,485500003980,19197701312,True,False,False,2,2,2
tune,dataflow_vs_b3,incidents,only_dataflow_side,privileged,10090,25,plain,,False,1,0,477000011608,166548244,True,False,False,0,0,0
tune,dataflow_vs_b3,incidents,only_dataflow_side,privileged,10090,26,plain,,False,1,0,499500006565,4811210489,True,False,False,0,0,0
tune,dataflow_vs_b3,incidents,only_dataflow_side,privileged,10090,27,plain,,False,1,0,509500009220,3507279153,True,False,False,0,0,0
tune,dataflow_vs_b3,incidents,only_dataflow_side,privileged,10090,28,plain,,True,1,0,523500007349,2751648454,True,False,False,0,0,0
tune,dataflow_vs_b3,incidents,only_dataflow_side,privileged,10090,3,plain,,False,2,0,197500010159,123764151,True,False,False,0,0,0
tune,dataflow_vs_b3,incidents,only_dataflow_side,privileged,10090,4,plain,,True,1,0,199000009392,215123217,True,False,False,0,0,0
tune,dataflow_vs_b3,incidents,only_dataflow_side,privileged,10090,5,plain,,True,1,0,204500007968,1646105886,True,False,False,0,0,0
tune,dataflow_vs_b3,incidents,only_dataflow_side,privileged,10090,9,plain,,True,1,0,263000006899,2816489774,True,False,False,0,0,0
tune,dataflow_vs_b3,incidents,only_dataflow_side,privileged,10091,0,hard,cascade,False,1,2,45000005290,18672840165,True,False,False,2,1,1
tune,dataflow_vs_b3,incidents,only_dataflow_side,privileged,10091,1,plain,,True,1,0,28000010849,182483120,True,False,False,0,0,0
tune,dataflow_vs_b3,incidents,only_dataflow_side,privileged,10091,10,plain,,False,1,0,179500007394,1816701737,True,False,False,0,0,0
tune,dataflow_vs_b3,incidents,only_dataflow_side,privileged,10091,11,plain,,False,1,0,204000007725,4606751819,True,False,False,0,0,0
tune,dataflow_vs_b3,incidents,only_dataflow_side,privileged,10091,12,plain,,False,1,0,222500005820,3629554124,True,False,False,0,0,0
tune,dataflow_vs_b3,incidents,only_dataflow_side,privileged,10091,13,plain,,False,1,0,260500006540,31370454304,True,False,False,0,0,0
tune,dataflow_vs_b3,incidents,only_dataflow_side,privileged,10091,14,plain,,False,1,0,284500006830,2397351916,True,False,False,0,0,0
tune,dataflow_vs_b3,incidents,only_dataflow_side,privileged,10091,15,plain,,True,1,0,368000011448,352418558,True,False,False,0,0,0
tune,dataflow_vs_b3,incidents,only_dataflow_side,privileged,10091,16,plain,,True,1,0,380500006475,2833785599,True,False,False,0,0,0
tune,dataflow_vs_b3,incidents,only_dataflow_side,privileged,10091,17,plain,,False,1,0,401500008730,5644348892,True,False,False,0,0,0
tune,dataflow_vs_b3,incidents,only_dataflow_side,privileged,10091,18,plain,,False,1,0,401000005914,4539720807,True,False,False,0,0,0
tune,dataflow_vs_b3,incidents,only_dataflow_side,privileged,10091,19,plain,,False,1,1,434500017847,118123697,True,False,False,0,0,0
tune,dataflow_vs_b3,incidents,only_dataflow_side,privileged,10091,2,plain,,False,1,0,36500006868,3627208922,True,False,False,0,0,0
tune,dataflow_vs_b3,incidents,only_dataflow_side,privileged,10091,20,plain,,False,1,0,478500005155,3586552114,True,False,False,0,0,0
tune,dataflow_vs_b3,incidents,only_dataflow_side,privileged,10091,21,hard,compound,False,1,1,506000004120,18731237945,True,False,False,1,1,1
tune,dataflow_vs_b3,incidents,only_dataflow_side,privileged,10091,3,plain,,True,1,0,90000012073,441718279,True,False,False,0,0,0
tune,dataflow_vs_b3,incidents,only_dataflow_side,privileged,10091,4,plain,,False,1,0,91500010572,404689643,True,False,False,0,0,0
tune,dataflow_vs_b3,incidents,only_dataflow_side,privileged,10091,5,hard,split_brain,False,1,2,111500001450,18624631437,True,False,False,1,1,1
tune,dataflow_vs_b3,incidents,only_dataflow_side,privileged,10091,6,plain,,False,1,0,103000008624,4079627381,True,False,False,0,0,0
tune,dataflow_vs_b3,incidents,only_dataflow_side,privileged,10091,7,plain,,False,1,0,122000009185,3005791580,True,False,False,0,0,0
tune,dataflow_vs_b3,incidents,only_dataflow_side,privileged,10091,8,plain,,False,1,0,131500008788,100644562,True,False,False,0,0,0
tune,dataflow_vs_b3,incidents,only_dataflow_side,privileged,10091,9,plain,,False,1,0,161000016622,513591531,True,False,False,0,0,0
tune,dataflow_vs_b3,incidents,only_dataflow_side,privileged,10092,0,plain,,False,1,0,9500013288,188012205,True,False,False,0,0,0
tune,dataflow_vs_b3,incidents,only_dataflow_side,privileged,10092,1,plain,,False,1,0,35500006810,606875840,True,False,False,0,0,0
tune,dataflow_vs_b3,incidents,only_dataflow_side,privileged,10092,10,plain,,False,1,0,190500007171,2138767130,True,False,False,0,0,0
tune,dataflow_vs_b3,incidents,only_dataflow_side,privileged,10092,11,hard,split_brain,True,1,2,232000003490,20938968462,True,False,False,1,1,1
tune,dataflow_vs_b3,incidents,only_dataflow_side,privileged,10092,12,plain,,False,1,2,234500025917,482574688,True,False,False,0,0,0
tune,dataflow_vs_b3,incidents,only_dataflow_side,privileged,10092,13,plain,,False,1,0,310500008937,3872680924,True,False,False,0,0,0
tune,dataflow_vs_b3,incidents,only_dataflow_side,privileged,10092,14,plain,,False,1,0,313500005801,3505600520,True,False,False,0,0,0
tune,dataflow_vs_b3,incidents,only_dataflow_side,privileged,10092,15,plain,,False,1,0,322000016190,463395873,True,False,False,0,0,0
tune,dataflow_vs_b3,incidents,only_dataflow_side,privileged,10092,16,plain,,True,1,0,344000006389,5340770410,True,False,False,0,0,0
tune,dataflow_vs_b3,incidents,only_dataflow_side,privileged,10092,17,plain,,False,1,0,350500008039,566190053,True,False,False,0,0,0
tune,dataflow_vs_b3,incidents,only_dataflow_side,privileged,10092,18,plain,,False,1,0,377500007086,2225376011,True,False,False,0,0,0
tune,dataflow_vs_b3,incidents,only_dataflow_side,privileged,10092,19,plain,,False,1,0,385500009617,5589245614,True,False,False,0,0,0
tune,dataflow_vs_b3,incidents,only_dataflow_side,privileged,10092,2,plain,,False,1,0,51500011631,338297519,True,False,False,0,0,0
tune,dataflow_vs_b3,incidents,only_dataflow_side,privileged,10092,20,plain,,True,1,0,412500008899,12974989908,True,False,False,0,0,0
tune,dataflow_vs_b3,incidents,only_dataflow_side,privileged,10092,21,plain,,False,1,0,420500007427,2662929383,True,False,False,0,0,0
tune,dataflow_vs_b3,incidents,only_dataflow_side,privileged,10092,22,plain,,False,1,0,445000009324,1364719454,True,False,False,0,0,0
tune,dataflow_vs_b3,incidents,only_dataflow_side,privileged,10092,23,plain,,False,1,0,444000030169,251149468,True,False,False,0,0,0
tune,dataflow_vs_b3,incidents,only_dataflow_side,privileged,10092,26,plain,,False,1,0,511000006706,2482191969,True,False,False,0,0,0
tune,dataflow_vs_b3,incidents,only_dataflow_side,privileged,10092,27,plain,,False,1,1,531000005179,3926481706,True,False,False,0,0,0
tune,dataflow_vs_b3,incidents,only_dataflow_side,privileged,10092,4,plain,,True,1,0,95000008655,4646459203,True,False,False,0,0,0
tune,dataflow_vs_b3,incidents,only_dataflow_side,privileged,10092,5,decoy,,False,1,0,119000006736,9363563859,False,False,False,0,0,0
tune,dataflow_vs_b3,incidents,only_dataflow_side,privileged,10092,7,plain,,True,1,3,160500029273,234041348,True,False,False,0,0,0
tune,dataflow_vs_b3,incidents,only_dataflow_side,privileged,10092,8,plain,,False,1,0,181000007950,1876440692,True,False,False,0,0,0
tune,dataflow_vs_b3,incidents,only_dataflow_side,privileged,10092,9,plain,,True,1,0,185000006306,2577126722,True,False,False,0,0,0
tune,dataflow_vs_b3,incidents,only_dataflow_side,privileged,10093,0,plain,,False,1,0,2000011945,311436927,True,False,False,0,0,0
tune,dataflow_vs_b3,incidents,only_dataflow_side,privileged,10093,10,plain,,False,1,0,215000009479,105158970,True,False,False,0,0,0
tune,dataflow_vs_b3,incidents,only_dataflow_side,privileged,10093,11,plain,,False,1,1,228500024391,520605164,True,False,False,0,0,0
tune,dataflow_vs_b3,incidents,only_dataflow_side,privileged,10093,12,plain,,False,1,0,240500008475,5841867523,True,False,False,0,0,0
tune,dataflow_vs_b3,incidents,only_dataflow_side,privileged,10093,13,plain,,False,1,0,288000006792,5151044881,True,False,False,0,0,0
tune,dataflow_vs_b3,incidents,only_dataflow_side,privileged,10093,14,plain,,False,1,0,298000015900,3186443012,True,False,False,0,0,0
tune,dataflow_vs_b3,incidents,only_dataflow_side,privileged,10093,15,plain,,False,1,0,302500008339,5080889956,True,False,False,0,0,0
tune,dataflow_vs_b3,incidents,only_dataflow_side,privileged,10093,16,plain,,False,1,0,318500007139,4258014498,True,False,False,0,0,0
tune,dataflow_vs_b3,incidents,only_dataflow_side,privileged,10093,18,plain,,False,1,0,346000009197,7270376280,True,False,False,0,0,0
tune,dataflow_vs_b3,incidents,only_dataflow_side,privileged,10093,19,plain,,True,1,0,355500007581,8306288830,True,False,False,0,0,0
tune,dataflow_vs_b3,incidents,only_dataflow_side,privileged,10093,2,decoy,,False,1,0,38500004830,9034193805,False,False,False,0,0,0
tune,dataflow_vs_b3,incidents,only_dataflow_side,privileged,10093,20,plain,,False,1,0,398500008356,2542013547,True,False,False,0,0,0
tune,dataflow_vs_b3,incidents,only_dataflow_side,privileged,10093,21,plain,,False,1,0,415500006724,2644732414,True,False,False,0,0,0
tune,dataflow_vs_b3,incidents,only_dataflow_side,privileged,10093,23,plain,,False,1,0,437500007596,2432398728,True,False,False,0,0,0
tune,dataflow_vs_b3,incidents,only_dataflow_side,privileged,10093,25,plain,,False,1,0,452000008927,2237733546,True,False,False,0,0,0
tune,dataflow_vs_b3,incidents,only_dataflow_side,privileged,10093,26,plain,,False,1,0,451000012316,956669871,True,False,False,0,0,0
tune,dataflow_vs_b3,incidents,only_dataflow_side,privileged,10093,28,plain,,False,1,0,484500007627,2365010284,True,False,False,0,0,0
tune,dataflow_vs_b3,incidents,only_dataflow_side,privileged,10093,29,plain,,True,1,0,495500006335,10164436411,True,False,False,0,0,0
tune,dataflow_vs_b3,incidents,only_dataflow_side,privileged,10093,3,plain,,False,1,0,52000005510,2768950575,True,False,False,0,0,0
tune,dataflow_vs_b3,incidents,only_dataflow_side,privileged,10093,30,hard,compound,False,1,1,532500008194,24361182133,True,False,False,1,1,1
tune,dataflow_vs_b3,incidents,only_dataflow_side,privileged,10093,31,plain,,False,1,1,517000008580,987793259,True,False,False,0,0,0
tune,dataflow_vs_b3,incidents,only_dataflow_side,privileged,10093,32,plain,,False,1,0,528000008586,3657532397,True,False,False,0,0,0
tune,dataflow_vs_b3,incidents,only_dataflow_side,privileged,10093,33,plain,,False,1,0,540000007324,3837034789,True,False,False,0,0,0
tune,dataflow_vs_b3,incidents,only_dataflow_side,privileged,10093,5,plain,,False,1,0,94000014151,74317961,True,False,False,0,0,0
tune,dataflow_vs_b3,incidents,only_dataflow_side,privileged,10093,6,plain,,False,1,0,108500006036,2697318079,True,False,False,0,0,0
tune,dataflow_vs_b3,incidents,only_dataflow_side,privileged,10093,7,plain,,False,1,0,171500005535,1180589726,True,False,False,0,0,0
tune,dataflow_vs_b3,incidents,only_dataflow_side,privileged,10093,8,plain,,False,1,0,180500005566,1089938471,True,False,False,0,0,0
tune,dataflow_vs_b3,incidents,only_dataflow_side,privileged,10093,9,plain,,False,1,0,184000006451,1995711166,True,False,False,0,0,0
tune,dataflow_vs_b3,incidents,only_dataflow_side,privileged,10094,0,hard,split_brain,False,1,2,21500001495,18859511770,True,False,False,1,1,1
tune,dataflow_vs_b3,incidents,only_dataflow_side,privileged,10094,1,plain,,False,1,1,65500017866,172548353,True,False,False,0,0,0
tune,dataflow_vs_b3,incidents,only_dataflow_side,privileged,10094,10,plain,,False,1,0,211500012923,5232010429,True,False,False,0,0,0
tune,dataflow_vs_b3,incidents,only_dataflow_side,privileged,10094,13,plain,,False,1,0,250000017962,1986863232,True,False,False,0,0,0
tune,dataflow_vs_b3,incidents,only_dataflow_side,privileged,10094,14,plain,,False,2,0,250000017962,238774899,True,False,False,0,0,0
tune,dataflow_vs_b3,incidents,only_dataflow_side,privileged,10094,16,plain,,True,1,0,283500007412,5014183644,True,False,False,0,0,0
tune,dataflow_vs_b3,incidents,only_dataflow_side,privileged,10094,17,plain,,False,1,0,304500007061,3299736570,True,False,False,0,0,0
tune,dataflow_vs_b3,incidents,only_dataflow_side,privileged,10094,21,plain,,False,1,0,403000011081,4571438930,True,False,False,0,0,0
tune,dataflow_vs_b3,incidents,only_dataflow_side,privileged,10094,22,hard,slow_leak,False,1,1,432000002125,25619290063,True,False,False,1,1,1
tune,dataflow_vs_b3,incidents,only_dataflow_side,privileged,10094,23,plain,,False,1,0,422500007497,2864266717,True,False,False,0,0,0
tune,dataflow_vs_b3,incidents,only_dataflow_side,privileged,10094,24,plain,,True,1,0,427000007687,3247614784,True,False,False,0,0,0
tune,dataflow_vs_b3,incidents,only_dataflow_side,privileged,10094,4,plain,,True,1,0,116500007476,4953861485,True,False,False,0,0,0
tune,dataflow_vs_b3,incidents,only_dataflow_side,privileged,10094,5,plain,,False,1,0,157500013943,502894549,True,False,False,0,0,0
tune,dataflow_vs_b3,incidents,only_dataflow_side,privileged,10094,6,plain,,False,1,0,164500014495,102867846,True,False,False,0,0,0
tune,dataflow_vs_b3,incidents,only_dataflow_side,privileged,10094,7,plain,,False,1,0,172500006637,6385699362,True,False,False,0,0,0
tune,dataflow_vs_b3,incidents,only_dataflow_side,privileged,10094,8,plain,,True,1,0,185000006495,4973872392,True,False,False,0,0,0
tune,dataflow_vs_b3,incidents,only_dataflow_side,privileged,10094,9,plain,,False,1,0,212000008926,24172258477,True,False,False,0,0,0
tune,dataflow_vs_b3,incidents,only_dataflow_side,privileged,10095,1,plain,,False,1,0,15500007448,293532959,True,False,False,0,0,0
tune,dataflow_vs_b3,incidents,only_dataflow_side,privileged,10095,11,plain,,False,1,0,261000011297,83815259,True,False,False,0,0,0
tune,dataflow_vs_b3,incidents,only_dataflow_side,privileged,10095,13,plain,,False,1,0,328000007712,159660504,True,False,False,0,0,0
tune,dataflow_vs_b3,incidents,only_dataflow_side,privileged,10095,14,plain,,False,1,0,337500008138,380970176,True,False,False,0,0,0
tune,dataflow_vs_b3,incidents,only_dataflow_side,privileged,10095,15,plain,,False,1,0,344000007783,2561296594,True,False,False,0,0,0
tune,dataflow_vs_b3,incidents,only_dataflow_side,privileged,10095,16,hard,split_brain,False,1,1,394500001705,25103106773,True,False,False,1,1,1
tune,dataflow_vs_b3,incidents,only_dataflow_side,privileged,10095,2,plain,,False,1,0,50000009365,388502223,True,False,False,0,0,0
tune,dataflow_vs_b3,incidents,only_dataflow_side,privileged,10095,3,plain,,False,1,0,65500005794,4676586151,True,False,False,0,0,0
tune,dataflow_vs_b3,incidents,only_dataflow_side,privileged,10095,4,hard,split_brain,False,1,1,97000002160,20726470022,True,False,False,1,1,1
tune,dataflow_vs_b3,incidents,only_dataflow_side,privileged,10095,5,plain,,True,1,1,101500014352,114325865,True,False,False,0,0,0
tune,dataflow_vs_b3,incidents,only_dataflow_side,privileged,10095,6,plain,,False,1,0,153000005813,2792897244,True,False,False,0,0,0
tune,dataflow_vs_b3,incidents,only_dataflow_side,privileged,10095,7,plain,,False,1,0,173000013363,115839631,True,False,False,0,0,0
tune,dataflow_vs_b3,incidents,only_dataflow_side,privileged,10095,9,plain,,True,1,0,237000008140,7512048409,True,False,False,0,0,0
tune,dataflow_vs_b3,incidents,only_dataflow_side,privileged,10096,0,plain,,False,1,0,11500008274,119526627,True,False,False,0,0,0
tune,dataflow_vs_b3,incidents,only_dataflow_side,privileged,10096,10,plain,,False,1,0,148000007188,7916098887,True,False,False,0,0,0
tune,dataflow_vs_b3,incidents,only_dataflow_side,privileged,10096,11,plain,,False,1,0,157500006925,6608420163,True,False,False,0,0,0
tune,dataflow_vs_b3,incidents,only_dataflow_side,privileged,10096,13,plain,,False,1,0,252000007220,3237015564,True,False,False,0,0,0
tune,dataflow_vs_b3,incidents,only_dataflow_side,privileged,10096,15,plain,,False,1,0,306500009554,953034270,True,False,False,0,0,0
tune,dataflow_vs_b3,incidents,only_dataflow_side,privileged,10096,16,plain,,False,1,0,323000005965,5381807386,True,False,False,0,0,0
tune,dataflow_vs_b3,incidents,only_dataflow_side,privileged,10096,18,plain,,False,1,0,338000008545,1096574756,True,False,False,0,0,0
tune,dataflow_vs_b3,incidents,only_dataflow_side,privileged,10096,19,plain,,False,1,0,356000007160,1356067153,True,False,False,0,0,0
tune,dataflow_vs_b3,incidents,only_dataflow_side,privileged,10096,2,plain,,False,1,0,35500010583,71459674,True,False,False,0,0,0
tune,dataflow_vs_b3,incidents,only_dataflow_side,privileged,10096,21,plain,,False,1,0,384000007740,2977447625,True,False,False,0,0,0
tune,dataflow_vs_b3,incidents,only_dataflow_side,privileged,10096,22,plain,,False,1,0,428500007904,4293830831,True,False,False,0,0,0
tune,dataflow_vs_b3,incidents,only_dataflow_side,privileged,10096,24,plain,,False,1,0,465500006900,3602315169,True,False,False,0,0,0
tune,dataflow_vs_b3,incidents,only_dataflow_side,privileged,10096,26,plain,,True,1,0,534000006555,1212099871,True,False,False,0,0,0
tune,dataflow_vs_b3,incidents,only_dataflow_side,privileged,10096,3,plain,,False,1,0,45500009324,12579196,True,False,False,0,0,0
tune,dataflow_vs_b3,incidents,only_dataflow_side,privileged,10096,5,plain,,False,1,0,92500008604,2606765012,True,False,False,0,0,0
tune,dataflow_vs_b3,incidents,only_dataflow_side,privileged,10096,7,plain,,True,1,0,105500010515,418324571,True,False,False,0,0,0
tune,dataflow_vs_b3,incidents,only_dataflow_side,privileged,10096,8,plain,,True,1,0,106500010449,362231486,True,False,False,0,0,0
tune,dataflow_vs_b3,incidents,only_dataflow_side,privileged,10096,9,plain,,False,1,0,124500014236,356637318,True,False,False,0,0,0
tune,dataflow_vs_b3,incidents,only_dataflow_side,privileged,10097,0,plain,,False,1,0,24000009848,249837402,True,False,False,0,0,0
tune,dataflow_vs_b3,incidents,only_dataflow_side,privileged,10097,1,plain,,True,1,0,88500013682,252162532,True,False,False,0,0,0
tune,dataflow_vs_b3,incidents,only_dataflow_side,privileged,10097,10,plain,,True,1,0,310500007558,3667404605,True,False,False,0,0,0
tune,dataflow_vs_b3,incidents,only_dataflow_side,privileged,10097,11,plain,,False,1,0,314500007463,3340190755,True,False,False,0,0,0
tune,dataflow_vs_b3,incidents,only_dataflow_side,privileged,10097,13,plain,,False,1,2,364500007252,4368445821,True,False,False,0,0,0
tune,dataflow_vs_b3,incidents,only_dataflow_side,privileged,10097,14,plain,,True,1,2,379500024860,434841825,True,False,False,0,0,0
tune,dataflow_vs_b3,incidents,only_dataflow_side,privileged,10097,15,plain,,False,1,0,413000012246,201779176,True,False,False,0,0,0
tune,dataflow_vs_b3,incidents,only_dataflow_side,privileged,10097,16,plain,,True,1,0,440500006306,12174711543,True,False,False,0,0,0
tune,dataflow_vs_b3,incidents,only_dataflow_side,privileged,10097,17,hard,slow_leak,False,1,1,525500001925,24012667958,True,False,False,1,1,1
tune,dataflow_vs_b3,incidents,only_dataflow_side,privileged,10097,18,plain,,False,1,0,511000008207,1437517590,True,False,False,0,0,0
tune,dataflow_vs_b3,incidents,only_dataflow_side,privileged,10097,19,plain,,True,1,0,530000006927,13095115256,True,False,False,0,0,0
tune,dataflow_vs_b3,incidents,only_dataflow_side,privileged,10097,2,plain,,False,1,0,91000013859,154552028,True,False,False,0,0,0
tune,dataflow_vs_b3,incidents,only_dataflow_side,privileged,10097,3,plain,,False,1,0,98000007127,4672201964,True,False,False,0,0,0
tune,dataflow_vs_b3,incidents,only_dataflow_side,privileged,10097,4,plain,,False,1,0,116500012098,184497438,True,False,False,0,0,0
tune,dataflow_vs_b3,incidents,only_dataflow_side,privileged,10097,5,plain,,True,1,0,199000006042,1384612235,True,False,False,0,0,0
tune,dataflow_vs_b3,incidents,only_dataflow_side,privileged,10097,6,plain,,False,1,2,224000007392,1760396307,True,False,False,0,0,0
tune,dataflow_vs_b3,incidents,only_dataflow_side,privileged,10097,7,plain,,True,1,0,265000008307,3892442127,True,False,False,0,0,0
tune,dataflow_vs_b3,incidents,only_dataflow_side,privileged,10097,8,plain,,False,1,0,275000005753,1529376688,True,False,False,0,0,0
tune,dataflow_vs_b3,incidents,only_dataflow_side,privileged,10097,9,plain,,False,1,0,294500008647,2493377819,True,False,False,0,0,0
tune,dataflow_vs_b3,incidents,only_dataflow_side,privileged,10098,0,plain,,False,1,0,3500007139,192998149,True,False,False,0,0,0
tune,dataflow_vs_b3,incidents,only_dataflow_side,privileged,10098,1,plain,,True,1,0,29000007438,1304230994,True,False,False,0,0,0
tune,dataflow_vs_b3,incidents,only_dataflow_side,privileged,10098,10,plain,,False,1,0,274500008654,321216224,True,False,False,0,0,0
tune,dataflow_vs_b3,incidents,only_dataflow_side,privileged,10098,11,plain,,False,1,0,306000012210,51884360,True,False,False,0,0,0
tune,dataflow_vs_b3,incidents,only_dataflow_side,privileged,10098,12,plain,,True,1,0,309000007860,2469827865,True,False,False,0,0,0
tune,dataflow_vs_b3,incidents,only_dataflow_side,privileged,10098,13,plain,,True,1,0,369000008788,6027563796,True,False,False,0,0,0
tune,dataflow_vs_b3,incidents,only_dataflow_side,privileged,10098,14,plain,,False,1,0,365000009485,934639514,True,False,False,0,0,0
tune,dataflow_vs_b3,incidents,only_dataflow_side,privileged,10098,15,plain,,True,1,0,365500008744,1348082820,True,False,False,0,0,0
tune,dataflow_vs_b3,incidents,only_dataflow_side,privileged,10098,16,hard,compound,False,1,1,394500002620,21144721403,True,False,False,1,1,1
tune,dataflow_vs_b3,incidents,only_dataflow_side,privileged,10098,17,plain,,False,1,0,412000006834,3849921096,True,False,False,0,0,0
tune,dataflow_vs_b3,incidents,only_dataflow_side,privileged,10098,18,plain,,False,1,0,415000008784,2527194661,True,False,False,0,0,0
tune,dataflow_vs_b3,incidents,only_dataflow_side,privileged,10098,19,plain,,False,1,0,468500007846,4709133384,True,False,False,0,0,0
tune,dataflow_vs_b3,incidents,only_dataflow_side,privileged,10098,2,plain,,True,1,0,67000011038,274683596,True,False,False,0,0,0
tune,dataflow_vs_b3,incidents,only_dataflow_side,privileged,10098,20,plain,,False,1,0,486000008320,7047618612,True,False,False,0,0,0
tune,dataflow_vs_b3,incidents,only_dataflow_side,privileged,10098,21,plain,,False,1,0,506000010259,3323278673,True,False,False,0,0,0
tune,dataflow_vs_b3,incidents,only_dataflow_side,privileged,10098,22,plain,,False,1,0,505500009574,2160928830,True,False,False,0,0,0
tune,dataflow_vs_b3,incidents,only_dataflow_side,privileged,10098,23,plain,,True,1,0,526000008730,3747489401,True,False,False,0,0,0
tune,dataflow_vs_b3,incidents,only_dataflow_side,privileged,10098,3,plain,,False,1,0,88500007614,1614295374,True,False,False,0,0,0
tune,dataflow_vs_b3,incidents,only_dataflow_side,privileged,10098,4,plain,,False,2,0,101500016683,3479469989,True,False,False,0,0,0
tune,dataflow_vs_b3,incidents,only_dataflow_side,privileged,10098,5,plain,,False,1,0,141000006894,5309559852,True,False,False,0,0,0
tune,dataflow_vs_b3,incidents,only_dataflow_side,privileged,10098,6,plain,,True,1,0,190500010799,449650794,True,False,False,0,0,0
tune,dataflow_vs_b3,incidents,only_dataflow_side,privileged,10098,7,plain,,False,1,0,199000008558,1714925403,True,False,False,0,0,0
tune,dataflow_vs_b3,incidents,only_dataflow_side,privileged,10098,8,hard,compound,False,1,1,217000001215,18615767071,True,False,False,1,1,1
tune,dataflow_vs_b3,incidents,only_dataflow_side,privileged,10098,9,plain,,False,1,0,263500007825,1179432643,True,False,False,0,0,0
tune,dataflow_vs_b3,incidents,only_dataflow_side,privileged,10099,0,plain,,False,1,1,3000015234,465343015,True,False,False,0,0,0
tune,dataflow_vs_b3,incidents,only_dataflow_side,privileged,10099,1,plain,,False,1,1,25500011144,300112847,True,False,False,0,0,0
tune,dataflow_vs_b3,incidents,only_dataflow_side,privileged,10099,10,plain,,False,1,0,246000007038,4612938250,True,False,False,0,0,0
tune,dataflow_vs_b3,incidents,only_dataflow_side,privileged,10099,11,plain,,False,1,0,333500012088,214952609,True,False,False,0,0,0
tune,dataflow_vs_b3,incidents,only_dataflow_side,privileged,10099,12,plain,,False,1,0,347000014783,67699896,True,False,False,0,0,0
tune,dataflow_vs_b3,incidents,only_dataflow_side,privileged,10099,13,decoy,,False,1,0,384000007223,10392787873,False,False,False,0,0,0
tune,dataflow_vs_b3,incidents,only_dataflow_side,privileged,10099,14,plain,,False,1,0,394000007558,3167815439,True,False,False,0,0,0
tune,dataflow_vs_b3,incidents,only_dataflow_side,privileged,10099,15,plain,,False,1,0,403500016404,425706061,True,False,False,0,0,0
tune,dataflow_vs_b3,incidents,only_dataflow_side,privileged,10099,16,plain,,False,1,0,423000005943,3552868751,True,False,False,0,0,0
tune,dataflow_vs_b3,incidents,only_dataflow_side,privileged,10099,17,plain,,False,1,0,425500013853,462930707,True,False,False,0,0,0
tune,dataflow_vs_b3,incidents,only_dataflow_side,privileged,10099,18,plain,,False,2,0,450000015639,82024280,True,False,False,0,0,0
tune,dataflow_vs_b3,incidents,only_dataflow_side,privileged,10099,19,plain,,False,1,0,468000013266,4538110550,True,False,False,0,0,0
tune,dataflow_vs_b3,incidents,only_dataflow_side,privileged,10099,2,plain,,False,1,0,73000006242,2058394807,True,False,False,0,0,0
tune,dataflow_vs_b3,incidents,only_dataflow_side,privileged,10099,20,plain,,False,1,0,484500007643,1776127226,True,False,False,0,0,0
tune,dataflow_vs_b3,incidents,only_dataflow_side,privileged,10099,3,plain,,True,1,0,112500008797,403586535,True,False,False,0,0,0
tune,dataflow_vs_b3,incidents,only_dataflow_side,privileged,10099,4,plain,,True,1,0,115000013171,454673283,True,False,False,0,0,0
tune,dataflow_vs_b3,incidents,only_dataflow_side,privileged,10099,6,plain,,False,1,0,140000014809,473759143,True,False,False,0,0,0
tune,dataflow_vs_b3,incidents,only_dataflow_side,privileged,10099,7,plain,,False,1,0,154500010603,925431144,True,False,False,0,0,0
tune,dataflow_vs_b3,incidents,only_dataflow_side,privileged,10099,8,plain,,False,1,0,175000008608,4858051898,True,False,False,0,0,0
tune,dataflow_vs_b3,incidents,only_dataflow_side,privileged,10099,9,plain,,False,1,0,209000005648,3409726553,True,False,False,0,0,0
tune,dataflow_vs_b3,incidents,only_b3_side,privileged,10000,0,plain,,False,1,2,3000004134,23871290,True,False,False,0,0,0
tune,dataflow_vs_b3,incidents,only_b3_side,privileged,10000,1,plain,,True,1,0,8000004155,2586018942,True,False,False,0,0,0
tune,dataflow_vs_b3,incidents,only_b3_side,privileged,10000,10,plain,,False,1,0,229500004144,632432385,True,False,False,0,0,0
tune,dataflow_vs_b3,incidents,only_b3_side,privileged,10000,11,plain,,False,1,0,261000004134,398329828,True,False,False,0,0,0
tune,dataflow_vs_b3,incidents,only_b3_side,privileged,10000,12,plain,,True,1,0,307500004155,5257958398,True,False,False,0,0,0
tune,dataflow_vs_b3,incidents,only_b3_side,privileged,10000,13,plain,,False,1,0,319500004155,6901337753,True,False,False,0,0,0
tune,dataflow_vs_b3,incidents,only_b3_side,privileged,10000,15,plain,,False,1,0,333500004144,386148489,True,False,False,0,0,0
tune,dataflow_vs_b3,incidents,only_b3_side,privileged,10000,17,plain,,False,1,0,341000004155,4617631458,True,False,False,0,0,0
tune,dataflow_vs_b3,incidents,only_b3_side,privileged,10000,19,plain,,False,1,0,383000004188,148262461,True,False,False,0,0,0
tune,dataflow_vs_b3,incidents,only_b3_side,privileged,10000,2,plain,,False,1,0,48500004123,359541637,True,False,False,0,0,0
tune,dataflow_vs_b3,incidents,only_b3_side,privileged,10000,20,plain,,True,1,0,418000008333,4184081405,True,False,False,0,0,0
tune,dataflow_vs_b3,incidents,only_b3_side,privileged,10000,21,plain,,False,1,0,418000008333,239939005,True,False,False,0,0,0
tune,dataflow_vs_b3,incidents,only_b3_side,privileged,10000,22,plain,,False,1,0,435500004134,3047516973,True,False,False,0,0,0
tune,dataflow_vs_b3,incidents,only_b3_side,privileged,10000,24,plain,,False,1,0,462000004155,2087477961,True,False,False,0,0,0
tune,dataflow_vs_b3,incidents,only_b3_side,privileged,10000,26,plain,,True,1,0,491000004155,5938312172,True,False,False,0,0,0
tune,dataflow_vs_b3,incidents,only_b3_side,privileged,10000,27,plain,,False,1,1,492000008267,146273043,True,False,False,0,0,0
tune,dataflow_vs_b3,incidents,only_b3_side,privileged,10000,28,plain,,False,1,1,510000004144,184625243,True,False,False,0,0,0
tune,dataflow_vs_b3,incidents,only_b3_side,privileged,10000,29,plain,,False,1,0,514000004134,2548761243,True,False,False,0,0,0
tune,dataflow_vs_b3,incidents,only_b3_side,privileged,10000,3,plain,,False,1,0,52000004155,101655596,True,False,False,0,0,0
tune,dataflow_vs_b3,incidents,only_b3_side,privileged,10000,4,plain,,False,1,0,56000004144,2043737381,True,False,False,0,0,0
tune,dataflow_vs_b3,incidents,only_b3_side,privileged,10000,5,plain,,False,1,0,60000004144,1382353573,True,False,False,0,0,0
tune,dataflow_vs_b3,incidents,only_b3_side,privileged,10000,6,plain,,False,1,0,78000004155,2963179548,True,False,False,0,0,0
tune,dataflow_vs_b3,incidents,only_b3_side,privileged,10000,7,plain,,True,1,0,102000004166,5743467237,True,False,False,0,0,0
tune,dataflow_vs_b3,incidents,only_b3_side,privileged,10000,8,plain,,False,1,0,141000004144,1115865661,True,False,False,0,0,0
tune,dataflow_vs_b3,incidents,only_b3_side,privileged,10000,9,plain,,False,1,0,179500004155,461753907,True,False,False,0,0,0
tune,dataflow_vs_b3,incidents,only_b3_side,privileged,10001,0,plain,,False,1,0,15500003363,1648310160,True,False,False,0,0,0
tune,dataflow_vs_b3,incidents,only_b3_side,privileged,10001,1,plain,,True,1,0,22000003373,534078729,True,False,False,0,0,0
tune,dataflow_vs_b3,incidents,only_b3_side,privileged,10001,10,plain,,False,1,0,180000003407,2482530580,True,False,False,0,0,0
tune,dataflow_vs_b3,incidents,only_b3_side,privileged,10001,12,plain,,False,1,1,224000003461,67997232,True,False,False,0,0,0
tune,dataflow_vs_b3,incidents,only_b3_side,privileged,10001,13,plain,,False,1,0,275500003407,514119496,True,False,False,0,0,0
tune,dataflow_vs_b3,incidents,only_b3_side,privileged,10001,14,plain,,False,1,0,284000003407,2448489873,True,False,False,0,0,0
tune,dataflow_vs_b3,incidents,only_b3_side,privileged,10001,15,plain,,False,1,0,327000003407,7707700556,True,False,False,0,0,0
tune,dataflow_vs_b3,incidents,only_b3_side,privileged,10001,16,plain,,False,1,2,359000010088,432184229,True,False,False,0,0,0
tune,dataflow_vs_b3,incidents,only_b3_side,privileged,10001,17,plain,,False,1,0,392000003439,16018366033,True,False,False,0,0,0
tune,dataflow_vs_b3,incidents,only_b3_side,privileged,10001,18,plain,,False,2,0,440000003373,2407443642,True,False,False,0,0,0
tune,dataflow_vs_b3,incidents,only_b3_side,privileged,10001,19,plain,,False,1,1,441500006779,512977408,True,False,False,0,0,0
tune,dataflow_vs_b3,incidents,only_b3_side,privileged,10001,2,plain,,False,1,0,38500003384,4415836704,True,False,False,0,0,0
tune,dataflow_vs_b3,incidents,only_b3_side,privileged,10001,21,plain,,False,1,0,486500003439,13450521079,True,False,False,0,0,0
tune,dataflow_vs_b3,incidents,only_b3_side,privileged,10001,22,plain,,False,1,0,535000003395,4787658040,True,False,False,0,0,0
tune,dataflow_vs_b3,incidents,only_b3_side,privileged,10001,3,hard,split_brain,False,1,1,77500000000,21973513593,True,False,False,1,1,1
tune,dataflow_vs_b3,incidents,only_b3_side,privileged,10001,4,plain,,False,1,2,59000010121,448623613,True,False,False,0,0,0
tune,dataflow_vs_b3,incidents,only_b3_side,privileged,10001,6,plain,,False,1,0,67000003395,4237643182,True,False,False,0,0,0
tune,dataflow_vs_b3,incidents,only_b3_side,privileged,10001,7,plain,,False,1,0,95000003384,3903560318,True,False,False,0,0,0
tune,dataflow_vs_b3,incidents,only_b3_side,privileged,10001,8,plain,,True,1,0,97500003407,5946789244,True,False,False,0,0,0
tune,dataflow_vs_b3,incidents,only_b3_side,privileged,10001,9,plain,,False,1,0,122000003407,5785800058,True,False,False,0,0,0
tune,dataflow_vs_b3,incidents,only_b3_side,privileged,10002,0,plain,,False,1,0,28000003341,331139816,True,False,False,0,0,0
tune,dataflow_vs_b3,incidents,only_b3_side,privileged,10002,1,plain,,False,1,1,49000003373,434149851,True,False,False,0,0,0
tune,dataflow_vs_b3,incidents,only_b3_side,privileged,10002,10,plain,,False,1,0,260500003384,31384613,True,False,False,0,0,0
tune,dataflow_vs_b3,incidents,only_b3_side,privileged,10002,11,plain,,False,1,0,270000003384,2818946275,True,False,False,0,0,0
tune,dataflow_vs_b3,incidents,only_b3_side,privileged,10002,13,plain,,False,1,0,328000003407,5127443999,True,False,False,0,0,0
tune,dataflow_vs_b3,incidents,only_b3_side,privileged,10002,14,hard,slow_leak,True,1,1,381000003373,25882583891,True,False,False,1,1,1
tune,dataflow_vs_b3,incidents,only_b3_side,privileged,10002,15,plain,,False,1,0,371500003395,6106433108,True,False,False,0,0,0
tune,dataflow_vs_b3,incidents,only_b3_side,privileged,10002,16,plain,,True,1,0,371000003384,2469969104,True,False,False,0,0,0
tune,dataflow_vs_b3,incidents,only_b3_side,privileged,10002,17,plain,,False,2,0,378500003407,4377036566,True,False,False,0,0,0
tune,dataflow_vs_b3,incidents,only_b3_side,privileged,10002,18,hard,compound,False,1,1,399500000000,18924433808,True,False,False,1,1,1
tune,dataflow_vs_b3,incidents,only_b3_side,privileged,10002,19,plain,,True,1,0,418000003482,17260000743,True,False,False,0,0,0
tune,dataflow_vs_b3,incidents,only_b3_side,privileged,10002,2,plain,,False,1,1,80500003450,75381784,True,False,False,0,0,0
tune,dataflow_vs_b3,incidents,only_b3_side,privileged,10002,20,plain,,False,1,0,447000003395,4033301292,True,False,False,0,0,0
tune,dataflow_vs_b3,incidents,only_b3_side,privileged,10002,21,plain,,False,1,0,458500003384,4290064889,True,False,False,0,0,0
tune,dataflow_vs_b3,incidents,only_b3_side,privileged,10002,25,hard,slow_leak,True,1,1,558500000000,24659002362,False,True,True,1,1,1
tune,dataflow_vs_b3,incidents,only_b3_side,privileged,10002,26,plain,,False,1,0,543000006768,5081144006,True,False,False,0,0,0
tune,dataflow_vs_b3,incidents,only_b3_side,privileged,10002,3,plain,,False,1,0,127000003373,2662027335,True,False,False,0,0,0
tune,dataflow_vs_b3,incidents,only_b3_side,privileged,10002,4,plain,,True,1,0,170000003384,2955792581,True,False,False,0,0,0
tune,dataflow_vs_b3,incidents,only_b3_side,privileged,10002,5,plain,,False,1,0,171500003395,2946831478,True,False,False,0,0,0
tune,dataflow_vs_b3,incidents,only_b3_side,privileged,10002,6,plain,,False,1,0,179000003363,132979547,True,False,False,0,0,0
tune,dataflow_vs_b3,incidents,only_b3_side,privileged,10003,1,plain,,False,1,0,44500004380,64312545,True,False,False,0,0,0
tune,dataflow_vs_b3,incidents,only_b3_side,privileged,10003,11,plain,,True,1,0,228500004401,2571700788,True,False,False,0,0,0
tune,dataflow_vs_b3,incidents,only_b3_side,privileged,10003,13,hard,cascade,False,1,2,283000000000,18673159345,True,False,False,1,1,1
tune,dataflow_vs_b3,incidents,only_b3_side,privileged,10003,14,plain,,False,2,0,281000004423,417972657,True,False,False,0,0,0
tune,dataflow_vs_b3,incidents,only_b3_side,privileged,10003,15,plain,,False,1,0,367500004391,597844218,True,False,False,0,0,0
tune,dataflow_vs_b3,incidents,only_b3_side,privileged,10003,17,plain,,False,1,0,382500004401,1519287447,True,False,False,0,0,0
tune,dataflow_vs_b3,incidents,only_b3_side,privileged,10003,18,plain,,True,1,0,406000004445,579573553,True,False,False,0,0,0
tune,dataflow_vs_b3,incidents,only_b3_side,privileged,10003,19,plain,,True,1,0,426500004435,207063988,True,False,False,0,0,0
tune,dataflow_vs_b3,incidents,only_b3_side,privileged,10003,2,plain,,False,1,0,49500004423,454519471,True,False,False,0,0,0
tune,dataflow_vs_b3,incidents,only_b3_side,privileged,10003,20,plain,,False,1,0,438000004412,2573919778,True,False,False,0,0,0
tune,dataflow_vs_b3,incidents,only_b3_side,privileged,10003,21,plain,,False,1,0,444000004412,2114596411,True,False,False,0,0,0
tune,dataflow_vs_b3,incidents,only_b3_side,privileged,10003,22,plain,,False,1,0,471000004423,3730398601,True,False,False,0,0,0
tune,dataflow_vs_b3,incidents,only_b3_side,privileged,10003,23,hard,compound,False,1,1,493500000000,18948148990,True,False,False,1,1,1
tune,dataflow_vs_b3,incidents,only_b3_side,privileged,10003,24,plain,,False,1,0,477500004401,2215656615,True,False,False,0,0,0
tune,dataflow_vs_b3,incidents,only_b3_side,privileged,10003,25,plain,,False,1,0,479000004401,3455133227,True,False,False,0,0,0
tune,dataflow_vs_b3,incidents,only_b3_side,privileged,10003,26,plain,,False,1,0,496500004412,3019025346,True,False,False,0,0,0
tune,dataflow_vs_b3,incidents,only_b3_side,privileged,10003,27,plain,,False,1,0,498000004467,718014510,True,False,False,0,0,0
tune,dataflow_vs_b3,incidents,only_b3_side,privileged,10003,29,plain,,False,1,1,509000004423,252372169,True,False,False,0,0,0
tune,dataflow_vs_b3,incidents,only_b3_side,privileged,10003,30,plain,,False,1,0,516000008813,916413190,True,False,False,0,0,0
tune,dataflow_vs_b3,incidents,only_b3_side,privileged,10003,31,plain,,False,2,0,544000004423,5804759477,True,False,False,0,0,0
tune,dataflow_vs_b3,incidents,only_b3_side,privileged,10003,5,hard,slow_leak,True,1,1,114000000000,24162044800,False,True,True,1,1,1
tune,dataflow_vs_b3,incidents,only_b3_side,privileged,10003,6,plain,,False,1,0,110000004423,251638101,True,False,False,0,0,0
tune,dataflow_vs_b3,incidents,only_b3_side,privileged,10003,7,plain,,False,1,0,135500004412,3740057673,True,False,False,0,0,0
tune,dataflow_vs_b3,incidents,only_b3_side,privileged,10003,8,plain,,False,2,0,150000004412,1788204818,True,False,False,0,0,0
tune,dataflow_vs_b3,incidents,only_b3_side,privileged,10004,0,plain,,False,1,0,65000004199,331431735,True,False,False,0,0,0
tune,dataflow_vs_b3,incidents,only_b3_side,privileged,10004,11,plain,,False,1,0,241000008289,88322855,True,False,False,0,0,0
tune,dataflow_vs_b3,incidents,only_b3_side,privileged,10004,12,plain,,False,1,0,250500004155,3730275850,True,False,False,0,0,0
tune,dataflow_vs_b3,incidents,only_b3_side,privileged,10004,14,plain,,False,1,0,279500004166,7465119818,True,False,False,0,0,0
tune,dataflow_vs_b3,incidents,only_b3_side,privileged,10004,15,plain,,False,2,0,278000004155,2753115604,True,False,False,0,0,0
tune,dataflow_vs_b3,incidents,only_b3_side,privileged,10004,17,hard,slow_leak,True,1,1,308500000000,25502085852,True,False,False,1,1,1
tune,dataflow_vs_b3,incidents,only_b3_side,privileged,10004,18,plain,,False,1,1,298500008312,271704584,True,False,False,0,0,0
tune,dataflow_vs_b3,incidents,only_b3_side,privileged,10004,19,plain,,False,1,1,317000004155,3101134327,True,False,False,0,0,0
tune,dataflow_vs_b3,incidents,only_b3_side,privileged,10004,2,plain,,False,1,0,106000004134,244726193,True,False,False,0,0,0
tune,dataflow_vs_b3,incidents,only_b3_side,privileged,10004,20,plain,,False,1,0,334500004155,1853062100,True,False,False,0,0,0
tune,dataflow_vs_b3,incidents,only_b3_side,privileged,10004,21,plain,,False,1,2,339000008278,230112466,True,False,False,0,0,0
tune,dataflow_vs_b3,incidents,only_b3_side,privileged,10004,22,plain,,False,1,0,347000004134,605660544,True,False,False,0,0,0
tune,dataflow_vs_b3,incidents,only_b3_side,privileged,10004,23,plain,,False,1,0,364000004155,4034354956,True,False,False,0,0,0
tune,dataflow_vs_b3,incidents,only_b3_side,privileged,10004,24,plain,,False,1,0,387500004166,6099668099,True,False,False,0,0,0
tune,dataflow_vs_b3,incidents,only_b3_side,privileged,10004,27,plain,,True,1,0,481000004199,10118779194,True,False,False,0,0,0
tune,dataflow_vs_b3,incidents,only_b3_side,privileged,10004,28,plain,,True,1,0,479000004166,6267607257,True,False,False,0,0,0
tune,dataflow_vs_b3,incidents,only_b3_side,privileged,10004,29,plain,,False,1,0,482500004166,361086292,True,False,False,0,0,0
tune,dataflow_vs_b3,incidents,only_b3_side,privileged,10004,3,plain,,True,1,0,108500004155,155806499,True,False,False,0,0,0
tune,dataflow_vs_b3,incidents,only_b3_side,privileged,10004,30,plain,,False,1,0,486000004166,3668218248,True,False,False,0,0,0
tune,dataflow_vs_b3,incidents,only_b3_side,privileged,10004,31,plain,,False,1,0,519000004264,218427378,True,False,False,0,0,0
tune,dataflow_vs_b3,incidents,only_b3_side,privileged,10004,32,decoy,,False,1,0,530500004144,8237601887,False,False,False,0,0,0
tune,dataflow_vs_b3,incidents,only_b3_side,privileged,10004,34,plain,,False,1,0,533500004144,2649453750,True,False,False,0,0,0
tune,dataflow_vs_b3,incidents,only_b3_side,privileged,10004,4,plain,,False,1,0,162000004123,403995260,True,False,False,0,0,0
tune,dataflow_vs_b3,incidents,only_b3_side,privileged,10004,5,plain,,True,1,0,181000004178,204074030,True,False,False,0,0,0
tune,dataflow_vs_b3,incidents,only_b3_side,privileged,10004,6,plain,,False,1,0,198500004199,210852340,True,False,False,0,0,0
tune,dataflow_vs_b3,incidents,only_b3_side,privileged,10004,7,plain,,False,2,0,208000004178,4127163865,True,False,False,0,0,0
tune,dataflow_vs_b3,incidents,only_b3_side,privileged,10004,8,plain,,False,1,1,207000008278,392986268,True,False,False,0,0,0
tune,dataflow_vs_b3,incidents,only_b3_side,privileged,10004,9,plain,,False,1,1,215000004155,473474093,True,False,False,0,0,0
tune,dataflow_vs_b3,incidents,only_b3_side,privileged,10005,1,plain,,False,1,0,12000003877,1477524119,True,False,False,0,0,0
tune,dataflow_vs_b3,incidents,only_b3_side,privileged,10005,10,plain,,True,1,0,172500003898,3984846850,True,False,False,0,0,0
tune,dataflow_vs_b3,incidents,only_b3_side,privileged,10005,12,plain,,False,1,0,260500003898,1529812619,True,False,False,0,0,0
tune,dataflow_vs_b3,incidents,only_b3_side,privileged,10005,13,plain,,True,1,0,311000003964,432549510,True,False,False,0,0,0
tune,dataflow_vs_b3,incidents,only_b3_side,privileged,10005,14,plain,,False,1,0,315500003898,3580626416,True,False,False,0,0,0
tune,dataflow_vs_b3,incidents,only_b3_side,privileged,10005,15,plain,,True,1,0,334500003909,235069775,True,False,False,0,0,0
tune,dataflow_vs_b3,incidents,only_b3_side,privileged,10005,16,plain,,False,1,0,372500003898,1458433848,True,False,False,0,0,0
tune,dataflow_vs_b3,incidents,only_b3_side,privileged,10005,17,plain,,False,1,0,378500015594,2146879085,True,False,False,0,0,0
tune,dataflow_vs_b3,incidents,only_b3_side,privileged,10005,18,plain,,False,1,2,378500015594,175056130,True,False,False,0,0,0
tune,dataflow_vs_b3,incidents,only_b3_side,privileged,10005,19,plain,,False,1,0,387000003898,3259544540,True,False,False,0,0,0
tune,dataflow_vs_b3,incidents,only_b3_side,privileged,10005,2,plain,,True,1,0,35000003866,62727129,True,False,False,0,0,0
tune,dataflow_vs_b3,incidents,only_b3_side,privileged,10005,20,plain,,False,1,0,418500003887,3051238888,True,False,False,0,0,0
tune,dataflow_vs_b3,incidents,only_b3_side,privileged,10005,21,plain,,True,1,0,423000003909,3699123637,True,False,False,0,0,0
tune,dataflow_vs_b3,incidents,only_b3_side,privileged,10005,22,hard,split_brain,False,1,1,446500000000,18877683444,True,False,False,1,1,1
tune,dataflow_vs_b3,incidents,only_b3_side,privileged,10005,23,plain,,False,1,0,447000003909,4533543439,True,False,False,0,0,0
tune,dataflow_vs_b3,incidents,only_b3_side,privileged,10005,24,plain,,True,1,0,493500003898,4102767672,True,False,False,0,0,0
tune,dataflow_vs_b3,incidents,only_b3_side,privileged,10005,25,plain,,True,1,1,509000003921,245913800,True,False,False,0,0,0
tune,dataflow_vs_b3,incidents,only_b3_side,privileged,10005,26,plain,,False,1,0,509500003921,349414176,True,False,False,0,0,0
tune,dataflow_vs_b3,incidents,only_b3_side,privileged,10005,27,plain,,False,2,0,535500003921,6626424229,True,False,False,0,0,0
tune,dataflow_vs_b3,incidents,only_b3_side,privileged,10005,4,plain,,False,1,0,55500003877,223799601,True,False,False,0,0,0
tune,dataflow_vs_b3,incidents,only_b3_side,privileged,10005,5,plain,,False,2,0,107000003887,243332369,True,False,False,0,0,0
tune,dataflow_vs_b3,incidents,only_b3_side,privileged,10005,6,plain,,False,1,3,122500011761,244255516,True,False,False,0,0,0
tune,dataflow_vs_b3,incidents,only_b3_side,privileged,10005,8,plain,,False,1,0,140500003898,1120852152,True,False,False,0,0,0
tune,dataflow_vs_b3,incidents,only_b3_side,privileged,10006,0,plain,,False,1,0,20000003620,3273675292,True,False,False,0,0,0
tune,dataflow_vs_b3,incidents,only_b3_side,privileged,10006,1,decoy,,False,1,0,33000003630,7902646779,False,False,False,0,0,0
tune,dataflow_vs_b3,incidents,only_b3_side,privileged,10006,10,plain,,True,1,0,143000003652,3577698989,True,False,False,0,0,0
tune,dataflow_vs_b3,incidents,only_b3_side,privileged,10006,11,plain,,False,1,0,180000007282,1725739148,True,False,False,0,0,0
tune,dataflow_vs_b3,incidents,only_b3_side,privileged,10006,12,plain,,False,1,0,188000003664,3755262178,True,False,False,0,0,0
tune,dataflow_vs_b3,incidents,only_b3_side,privileged,10006,16,plain,,False,1,0,310000003728,184510778,True,False,False,0,0,0
tune,dataflow_vs_b3,incidents,only_b3_side,privileged,10006,17,plain,,False,1,0,422500003652,7585273766,True,False,False,0,0,0
tune,dataflow_vs_b3,incidents,only_b3_side,privileged,10006,18,plain,,True,1,0,426500003674,6199957728,True,False,False,0,0,0
tune,dataflow_vs_b3,incidents,only_b3_side,privileged,10006,19,plain,,False,1,0,452000003641,141724448,True,False,False,0,0,0
tune,dataflow_vs_b3,incidents,only_b3_side,privileged,10006,20,plain,,True,1,1,469500003630,1780631291,True,False,False,0,0,0
tune,dataflow_vs_b3,incidents,only_b3_side,privileged,10006,21,plain,,False,1,1,473500003664,25166719,True,False,False,0,0,0
tune,dataflow_vs_b3,incidents,only_b3_side,privileged,10006,3,plain,,True,1,0,43000003664,320833134,True,False,False,0,0,0
tune,dataflow_vs_b3,incidents,only_b3_side,privileged,10006,4,hard,split_brain,False,1,1,69000000000,19793955783,True,False,False,1,1,1
tune,dataflow_vs_b3,incidents,only_b3_side,privileged,10006,5,plain,,False,1,0,63500003652,3351155859,True,False,False,0,0,0
tune,dataflow_vs_b3,incidents,only_b3_side,privileged,10006,6,hard,split_brain,False,1,2,92500000000,22180223408,True,False,False,1,1,1
tune,dataflow_vs_b3,incidents,only_b3_side,privileged,10006,7,plain,,False,1,0,86500003652,5193588459,True,False,False,0,0,0
tune,dataflow_vs_b3,incidents,only_b3_side,privileged,10006,8,plain,,True,1,0,110000003630,1329367611,True,False,False,0,0,0
tune,dataflow_vs_b3,incidents,only_b3_side,privileged,10006,9,plain,,False,1,0,130500003630,3773223908,True,False,False,0,0,0
tune,dataflow_vs_b3,incidents,only_b3_side,privileged,10007,0,plain,,False,1,0,19000004123,14917396,True,False,False,0,0,0
tune,dataflow_vs_b3,incidents,only_b3_side,privileged,10007,1,plain,,False,2,0,19500004134,136666093,True,False,False,0,0,0
tune,dataflow_vs_b3,incidents,only_b3_side,privileged,10007,10,plain,,False,1,0,247500004144,2135019802,True,False,False,0,0,0
tune,dataflow_vs_b3,incidents,only_b3_side,privileged,10007,11,plain,,False,1,0,257500004134,646697468,True,False,False,0,0,0
tune,dataflow_vs_b3,incidents,only_b3_side,privileged,10007,12,plain,,False,2,1,264000004123,55079142,True,False,False,0,0,0
tune,dataflow_vs_b3,incidents,only_b3_side,privileged,10007,14,plain,,False,1,0,305500004155,4299986063,True,False,False,0,0,0
tune,dataflow_vs_b3,incidents,only_b3_side,privileged,10007,15,plain,,True,1,0,306500004144,1358256984,True,False,False,0,0,0
tune,dataflow_vs_b3,incidents,only_b3_side,privileged,10007,16,plain,,False,1,0,336000004166,490344958,True,False,False,0,0,0
tune,dataflow_vs_b3,incidents,only_b3_side,privileged,10007,2,hard,compound,False,1,1,72000000000,21260344345,True,False,False,1,1,1
tune,dataflow_vs_b3,incidents,only_b3_side,privileged,10007,20,plain,,False,1,0,428500004199,185287443,True,False,False,0,0,0
tune,dataflow_vs_b3,incidents,only_b3_side,privileged,10007,22,plain,,False,1,0,469000004134,403942600,True,False,False,0,0,0
tune,dataflow_vs_b3,incidents,only_b3_side,privileged,10007,23,plain,,False,1,0,506500004144,2272158854,True,False,False,0,0,0
tune,dataflow_vs_b3,incidents,only_b3_side,privileged,10007,24,plain,,False,1,0,508500004144,732712242,True,False,False,0,0,0
tune,dataflow_vs_b3,incidents,only_b3_side,privileged,10007,25,plain,,False,1,0,516500004155,120187515,True,False,False,0,0,0
tune,dataflow_vs_b3,incidents,only_b3_side,privileged,10007,3,plain,,False,1,0,81000004123,149563040,True,False,False,0,0,0
tune,dataflow_vs_b3,incidents,only_b3_side,privileged,10007,4,decoy,,False,1,0,95000004144,9201165072,False,False,False,0,0,0
tune,dataflow_vs_b3,incidents,only_b3_side,privileged,10007,5,plain,,True,1,0,102000004144,3656126048,True,False,False,0,0,0
tune,dataflow_vs_b3,incidents,only_b3_side,privileged,10007,6,plain,,False,1,1,135000004144,257519127,True,False,False,0,0,0
tune,dataflow_vs_b3,incidents,only_b3_side,privileged,10007,7,plain,,False,1,0,173500004144,449051621,True,False,False,0,0,0
tune,dataflow_vs_b3,incidents,only_b3_side,privileged,10007,8,plain,,False,1,0,179500004134,1289994403,True,False,False,0,0,0
tune,dataflow_vs_b3,incidents,only_b3_side,privileged,10007,9,plain,,True,1,0,226500004144,2608556420,True,False,False,0,0,0
tune,dataflow_vs_b3,incidents,only_b3_side,privileged,10008,0,plain,,False,1,0,15000004134,2366230467,True,False,False,0,0,0
tune,dataflow_vs_b3,incidents,only_b3_side,privileged,10008,1,plain,,False,1,0,17000004166,295042461,True,False,False,0,0,0
tune,dataflow_vs_b3,incidents,only_b3_side,privileged,10008,10,plain,,True,1,0,175000004155,4844532749,True,False,False,0,0,0
tune,dataflow_vs_b3,incidents,only_b3_side,privileged,10008,11,plain,,False,2,0,204000004155,3565277871,True,False,False,0,0,0
tune,dataflow_vs_b3,incidents,only_b3_side,privileged,10008,12,hard,compound,True,1,2,234500000000,21909880261,True,False,False,1,1,1
tune,dataflow_vs_b3,incidents,only_b3_side,privileged,10008,13,plain,,False,1,0,218500004144,1802844741,True,False,False,0,0,0
tune,dataflow_vs_b3,incidents,only_b3_side,privileged,10008,14,plain,,False,1,0,222500004178,400346898,True,False,False,0,0,0
tune,dataflow_vs_b3,incidents,only_b3_side,privileged,10008,15,plain,,False,2,0,231000004155,5322098913,True,False,False,0,0,0
tune,dataflow_vs_b3,incidents,only_b3_side,privileged,10008,18,plain,,False,1,0,250000008299,2709888061,True,False,False,0,0,0
tune,dataflow_vs_b3,incidents,only_b3_side,privileged,10008,19,plain,,False,1,1,278000004210,381776480,True,False,False,0,0,0
tune,dataflow_vs_b3,incidents,only_b3_side,privileged,10008,2,plain,,False,1,0,31500004166,384288218,True,False,False,0,0,0
tune,dataflow_vs_b3,incidents,only_b3_side,privileged,10008,20,plain,,False,1,0,300500004144,2612879378,True,False,False,0,0,0
tune,dataflow_vs_b3,incidents,only_b3_side,privileged,10008,22,plain,,False,1,0,343500004144,2326837451,True,False,False,0,0,0
tune,dataflow_vs_b3,incidents,only_b3_side,privileged,10008,23,plain,,False,1,0,372000004144,1840806006,True,False,False,0,0,0
tune,dataflow_vs_b3,incidents,only_b3_side,privileged,10008,24,plain,,False,1,0,387000004144,2679051012,True,False,False,0,0,0
tune,dataflow_vs_b3,incidents,only_b3_side,privileged,10008,28,hard,split_brain,False,1,1,522500004155,20913082344,True,False,False,1,1,1
tune,dataflow_vs_b3,incidents,only_b3_side,privileged,10008,29,plain,,True,1,0,514500004134,1443214982,True,False,False,0,0,0
tune,dataflow_vs_b3,incidents,only_b3_side,privileged,10008,3,plain,,True,1,1,103500004134,82197168,True,False,False,0,0,0
tune,dataflow_vs_b3,incidents,only_b3_side,privileged,10008,30,hard,slow_leak,False,1,1,538500000000,23754623031,True,False,False,1,1,1
tune,dataflow_vs_b3,incidents,only_b3_side,privileged,10008,31,plain,,False,1,1,525500004199,7708495203,True,False,False,0,0,0
tune,dataflow_vs_b3,incidents,only_b3_side,privileged,10008,4,plain,,False,1,0,106500004155,244676042,True,False,False,0,0,0
tune,dataflow_vs_b3,incidents,only_b3_side,privileged,10008,7,plain,,False,1,0,138500004199,7599094053,True,False,False,0,0,0
tune,dataflow_vs_b3,incidents,only_b3_side,privileged,10008,8,plain,,False,1,0,153000004144,1664613839,True,False,False,0,0,0
tune,dataflow_vs_b3,incidents,only_b3_side,privileged,10009,0,hard,cascade,False,1,1,25000000000,18597600893,True,False,False,1,1,1
tune,dataflow_vs_b3,incidents,only_b3_side,privileged,10009,1,plain,,True,1,0,10500003620,81826670,True,False,False,0,0,0
tune,dataflow_vs_b3,incidents,only_b3_side,privileged,10009,11,plain,,False,1,0,185000003674,5652675495,True,False,False,0,0,0
tune,dataflow_vs_b3,incidents,only_b3_side,privileged,10009,12,plain,,False,1,0,204000003652,4720185942,True,False,False,0,0,0
tune,dataflow_vs_b3,incidents,only_b3_side,privileged,10009,13,plain,,False,1,1,225500003664,6113551490,True,False,False,0,0,0
tune,dataflow_vs_b3,incidents,only_b3_side,privileged,10009,14,plain,,False,1,2,320500010968,505491662,True,False,False,0,0,0
tune,dataflow_vs_b3,incidents,only_b3_side,privileged,10009,15,plain,,True,1,0,391000003641,3192877062,True,False,False,0,0,0
tune,dataflow_vs_b3,incidents,only_b3_side,privileged,10009,16,hard,compound,False,1,1,412000000000,18528367866,True,False,False,1,1,1
tune,dataflow_vs_b3,incidents,only_b3_side,privileged,10009,17,plain,,False,1,0,399000003652,4508786560,True,False,False,0,0,0
tune,dataflow_vs_b3,incidents,only_b3_side,privileged,10009,18,plain,,False,1,0,422500003664,7130056415,True,False,False,0,0,0
tune,dataflow_vs_b3,incidents,only_b3_side,privileged,10009,2,plain,,False,1,0,55500003641,4100931317,True,False,False,0,0,0
tune,dataflow_vs_b3,incidents,only_b3_side,privileged,10009,21,plain,,True,1,0,460500003641,559554414,True,False,False,0,0,0
tune,dataflow_vs_b3,incidents,only_b3_side,privileged,10009,22,plain,,False,1,0,475000003630,2463284460,True,False,False,0,0,0
tune,dataflow_vs_b3,incidents,only_b3_side,privileged,10009,26,plain,,False,1,0,520500003696,15338603289,True,False,False,0,0,0
tune,dataflow_vs_b3,incidents,only_b3_side,privileged,10009,3,plain,,False,1,0,60500003728,192098616,True,False,False,0,0,0
tune,dataflow_vs_b3,incidents,only_b3_side,privileged,10009,4,plain,,True,1,0,66500007282,4316842673,True,False,False,0,0,0
tune,dataflow_vs_b3,incidents,only_b3_side,privileged,10009,6,plain,,False,1,0,79000003641,1173485271,True,False,False,0,0,0
tune,dataflow_vs_b3,incidents,only_b3_side,privileged,10009,7,hard,compound,True,1,1,133500000000,23600859897,True,False,False,1,1,1
tune,dataflow_vs_b3,incidents,only_b3_side,privileged,10009,8,plain,,False,1,0,150000003641,3671751844,True,False,False,0,0,0
tune,dataflow_vs_b3,incidents,only_b3_side,privileged,10009,9,plain,,False,1,1,163000003630,1158089608,True,False,False,0,0,0
tune,dataflow_vs_b3,incidents,only_b3_side,privileged,10010,1,plain,,True,1,0,76500004391,529559223,True,False,False,0,0,0
tune,dataflow_vs_b3,incidents,only_b3_side,privileged,10010,10,plain,,False,1,0,235000004401,1489444908,True,False,False,0,0,0
tune,dataflow_vs_b3,incidents,only_b3_side,privileged,10010,11,plain,,False,1,0,244500004401,1127855461,True,False,False,0,0,0
tune,dataflow_vs_b3,incidents,only_b3_side,privileged,10010,12,plain,,False,1,1,270500004401,132369222,True,False,False,0,0,0
tune,dataflow_vs_b3,incidents,only_b3_side,privileged,10010,13,plain,,False,1,0,271000004401,212364344,True,False,False,0,0,0
tune,dataflow_vs_b3,incidents,only_b3_side,privileged,10010,15,plain,,False,1,0,283500004412,372244741,True,False,False,0,0,0
tune,dataflow_vs_b3,incidents,only_b3_side,privileged,10010,16,decoy,,False,1,0,323500004412,8765938225,False,False,False,0,0,0
tune,dataflow_vs_b3,incidents,only_b3_side,privileged,10010,17,plain,,True,1,0,338500004467,18923446810,True,False,False,0,0,0
tune,dataflow_vs_b3,incidents,only_b3_side,privileged,10010,18,plain,,False,1,0,332500004412,537959316,True,False,False,0,0,0
tune,dataflow_vs_b3,incidents,only_b3_side,privileged,10010,19,plain,,False,2,0,366500004412,433352915,True,False,False,0,0,0
tune,dataflow_vs_b3,incidents,only_b3_side,privileged,10010,2,decoy,,False,1,0,108000004412,9638366383,False,False,False,0,0,0
tune,dataflow_vs_b3,incidents,only_b3_side,privileged,10010,20,plain,,False,1,0,391000008802,1819077541,True,False,False,0,0,0
tune,dataflow_vs_b3,incidents,only_b3_side,privileged,10010,21,plain,,False,1,0,391000008802,246007545,True,False,False,0,0,0
tune,dataflow_vs_b3,incidents,only_b3_side,privileged,10010,24,hard,compound,False,1,3,437500000000,18746021316,True,False,False,2,1,1
tune,dataflow_vs_b3,incidents,only_b3_side,privileged,10010,25,plain,,False,1,1,450500004423,9137018035,True,False,False,0,0,0
tune,dataflow_vs_b3,incidents,only_b3_side,privileged,10010,27,plain,,False,1,0,490000004412,3225378962,True,False,False,0,0,0
tune,dataflow_vs_b3,incidents,only_b3_side,privileged,10010,28,plain,,False,1,1,494000004401,189941775,True,False,False,0,0,0
tune,dataflow_vs_b3,incidents,only_b3_side,privileged,10010,29,plain,,True,1,0,506500004435,7119021154,True,False,False,0,0,0
tune,dataflow_vs_b3,incidents,only_b3_side,privileged,10010,3,plain,,False,1,1,104500008771,424500446,True,False,False,0,0,0
tune,dataflow_vs_b3,incidents,only_b3_side,privileged,10010,30,decoy,,False,1,0,513500004412,10356488805,False,False,False,0,0,0
tune,dataflow_vs_b3,incidents,only_b3_side,privileged,10010,31,plain,,False,1,0,519000004412,5696911979,True,False,False,0,0,0
tune,dataflow_vs_b3,incidents,only_b3_side,privileged,10010,4,plain,,False,1,0,119000004391,1479995180,True,False,False,0,0,0
tune,dataflow_vs_b3,incidents,only_b3_side,privileged,10010,5,plain,,False,1,0,124500004401,319919574,True,False,False,0,0,0
tune,dataflow_vs_b3,incidents,only_b3_side,privileged,10010,6,decoy,,False,1,1,204500004401,23583810908,False,False,False,0,0,0
tune,dataflow_vs_b3,incidents,only_b3_side,privileged,10010,7,plain,,False,1,0,198500004435,496487719,True,False,False,0,0,0
tune,dataflow_vs_b3,incidents,only_b3_side,privileged,10010,8,plain,,True,1,0,207500004412,3754464661,True,False,False,0,0,0
tune,dataflow_vs_b3,incidents,only_b3_side,privileged,10010,9,plain,,False,1,0,223000004401,3769594607,True,False,False,0,0,0
tune,dataflow_vs_b3,incidents,only_b3_side,privileged,10011,1,plain,,True,1,0,161000003352,123849863,True,False,False,0,0,0
tune,dataflow_vs_b3,incidents,only_b3_side,privileged,10011,10,plain,,False,1,0,391000003352,43709539,True,False,False,0,0,0
tune,dataflow_vs_b3,incidents,only_b3_side,privileged,10011,11,plain,,False,1,1,454000006888,79035326,True,False,False,0,0,0
tune,dataflow_vs_b3,incidents,only_b3_side,privileged,10011,12,plain,,False,1,0,495000003395,312069860,True,False,False,0,0,0
tune,dataflow_vs_b3,incidents,only_b3_side,privileged,10011,13,plain,,False,1,0,521500003352,153085073,True,False,False,0,0,0
tune,dataflow_vs_b3,incidents,only_b3_side,privileged,10011,3,plain,,False,1,0,210500003352,156757038,True,False,False,0,0,0
tune,dataflow_vs_b3,incidents,only_b3_side,privileged,10011,4,plain,,False,1,0,211500003363,263408713,True,False,False,0,0,0
tune,dataflow_vs_b3,incidents,only_b3_side,privileged,10011,5,plain,,False,1,1,220500003363,309958338,True,False,False,0,0,0
tune,dataflow_vs_b3,incidents,only_b3_side,privileged,10011,6,decoy,,False,1,0,231000003373,8076977516,False,False,False,0,0,0
tune,dataflow_vs_b3,incidents,only_b3_side,privileged,10011,7,plain,,False,1,0,244500003395,240909664,True,False,False,0,0,0
tune,dataflow_vs_b3,incidents,only_b3_side,privileged,10011,9,plain,,False,2,0,380000003373,3585704901,True,False,False,0,0,0
tune,dataflow_vs_b3,incidents,only_b3_side,privileged,10012,0,plain,,False,1,2,5500012369,388516793,True,False,False,0,0,0
tune,dataflow_vs_b3,incidents,only_b3_side,privileged,10012,10,plain,,False,1,0,188000004178,7056500793,True,False,False,0,0,0
tune,dataflow_vs_b3,incidents,only_b3_side,privileged,10012,14,plain,,False,1,0,387000004188,122371331,True,False,False,0,0,0
tune,dataflow_vs_b3,incidents,only_b3_side,privileged,10012,15,plain,,False,1,0,472000004144,598442893,True,False,False,0,0,0
tune,dataflow_vs_b3,incidents,only_b3_side,privileged,10012,16,plain,,False,1,2,485500012422,141123773,True,False,False,0,0,0
tune,dataflow_vs_b3,incidents,only_b3_side,privileged,10012,2,plain,,False,1,0,12000004155,97770666,True,False,False,0,0,0
tune,dataflow_vs_b3,incidents,only_b3_side,privileged,10012,20,plain,,False,1,0,532000004166,4877241490,True,False,False,0,0,0
tune,dataflow_vs_b3,incidents,only_b3_side,privileged,10012,3,plain,,True,1,0,52500004178,6008766929,True,False,False,0,0,0
tune,dataflow_vs_b3,incidents,only_b3_side,privileged,10012,4,plain,,False,1,0,80500004155,1592372363,True,False,False,0,0,0
tune,dataflow_vs_b3,incidents,only_b3_side,privileged,10012,5,plain,,False,1,0,92000004155,4598342626,True,False,False,0,0,0
tune,dataflow_vs_b3,incidents,only_b3_side,privileged,10012,7,plain,,False,1,1,102500004166,115926632,True,False,False,0,0,0
tune,dataflow_vs_b3,incidents,only_b3_side,privileged,10012,8,plain,,True,1,0,132500004188,23880237445,False,True,True,0,0,0
tune,dataflow_vs_b3,incidents,only_b3_side,privileged,10013,0,plain,,False,1,0,19000004134,18058859,True,False,False,0,0,0
tune,dataflow_vs_b3,incidents,only_b3_side,privileged,10013,1,plain,,False,1,0,33000004155,260092813,True,False,False,0,0,0
tune,dataflow_vs_b3,incidents,only_b3_side,privileged,10013,10,plain,,False,1,0,248000004155,906689010,True,False,False,0,0,0
tune,dataflow_vs_b3,incidents,only_b3_side,privileged,10013,11,plain,,False,1,0,267000004144,1877824926,True,False,False,0,0,0
tune,dataflow_vs_b3,incidents,only_b3_side,privileged,10013,12,plain,,True,1,0,293500004155,4503771813,True,False,False,0,0,0
tune,dataflow_vs_b3,incidents,only_b3_side,privileged,10013,13,plain,,False,1,0,307000004155,5762759520,True,False,False,0,0,0
tune,dataflow_vs_b3,incidents,only_b3_side,privileged,10013,15,plain,,False,1,0,330000008332,2346077966,True,False,False,0,0,0
tune,dataflow_vs_b3,incidents,only_b3_side,privileged,10013,16,plain,,False,1,0,330000008332,39038347,True,False,False,0,0,0
tune,dataflow_vs_b3,incidents,only_b3_side,privileged,10013,17,plain,,True,1,0,336500008321,2075789309,True,False,False,0,0,0
tune,dataflow_vs_b3,incidents,only_b3_side,privileged,10013,18,plain,,False,1,0,336500008321,37949059,True,False,False,0,0,0
tune,dataflow_vs_b3,incidents,only_b3_side,privileged,10013,19,plain,,False,1,0,372500004144,3712012202,True,False,False,0,0,0
tune,dataflow_vs_b3,incidents,only_b3_side,privileged,10013,2,plain,,True,1,0,112000004144,4269951194,True,False,False,0,0,0
tune,dataflow_vs_b3,incidents,only_b3_side,privileged,10013,20,plain,,False,1,0,393500004144,2536237015,True,False,False,0,0,0
tune,dataflow_vs_b3,incidents,only_b3_side,privileged,10013,21,plain,,False,1,0,404500004155,411590583,True,False,False,0,0,0
tune,dataflow_vs_b3,incidents,only_b3_side,privileged,10013,22,plain,,False,1,1,426500008311,578687247,True,False,False,0,0,0
tune,dataflow_vs_b3,incidents,only_b3_side,privileged,10013,24,plain,,False,1,0,452000008321,2071558871,True,False,False,0,0,0
tune,dataflow_vs_b3,incidents,only_b3_side,privileged,10013,25,plain,,False,1,0,452000008321,255005542,True,False,False,0,0,0
tune,dataflow_vs_b3,incidents,only_b3_side,privileged,10013,26,plain,,False,1,0,459500004155,1448698209,True,False,False,0,0,0
tune,dataflow_vs_b3,incidents,only_b3_side,privileged,10013,27,plain,,False,1,0,498500004155,1256000494,True,False,False,0,0,0
tune,dataflow_vs_b3,incidents,only_b3_side,privileged,10013,28,plain,,False,1,0,504000004144,2905980926,True,False,False,0,0,0
tune,dataflow_vs_b3,incidents,only_b3_side,privileged,10013,29,plain,,False,1,1,529000004144,1159588001,True,False,False,0,0,0
tune,dataflow_vs_b3,incidents,only_b3_side,privileged,10013,3,plain,,False,1,0,122500004144,5365331527,True,False,False,0,0,0
tune,dataflow_vs_b3,incidents,only_b3_side,privileged,10013,4,plain,,False,1,0,173000004155,453390761,True,False,False,0,0,0
tune,dataflow_vs_b3,incidents,only_b3_side,privileged,10013,5,plain,,False,1,0,199000004134,463755749,True,False,False,0,0,0
tune,dataflow_vs_b3,incidents,only_b3_side,privileged,10013,6,plain,,False,1,0,206500004232,413542538,True,False,False,0,0,0
tune,dataflow_vs_b3,incidents,only_b3_side,privileged,10013,7,plain,,False,1,0,230500004166,796655467,True,False,False,0,0,0
tune,dataflow_vs_b3,incidents,only_b3_side,privileged,10013,8,plain,,True,1,0,247000004144,1346594005,True,False,False,0,0,0
tune,dataflow_vs_b3,incidents,only_b3_side,privileged,10013,9,plain,,True,1,0,247500008278,556494860,True,False,False,0,0,0
tune,dataflow_vs_b3,incidents,only_b3_side,privileged,10014,0,plain,,False,1,0,20000003866,362033931,True,False,False,0,0,0
tune,dataflow_vs_b3,incidents,only_b3_side,privileged,10014,1,plain,,False,1,0,42500003866,299519502,True,False,False,0,0,0
tune,dataflow_vs_b3,incidents,only_b3_side,privileged,10014,10,plain,,False,1,0,190500003975,4034941012,True,False,False,0,0,0
tune,dataflow_vs_b3,incidents,only_b3_side,privileged,10014,12,plain,,False,1,0,280500003898,1849224864,True,False,False,0,0,0
tune,dataflow_vs_b3,incidents,only_b3_side,privileged,10014,13,plain,,False,1,0,291500003887,41535088,True,False,False,0,0,0
tune,dataflow_vs_b3,incidents,only_b3_side,privileged,10014,14,plain,,False,1,0,321000003887,3454297748,True,False,False,0,0,0
tune,dataflow_vs_b3,incidents,only_b3_side,privileged,10014,15,plain,,False,1,1,349000003964,13838782805,True,False,False,0,0,0
tune,dataflow_vs_b3,incidents,only_b3_side,privileged,10014,16,plain,,False,1,0,358000003942,207691289,True,False,False,0,0,0
tune,dataflow_vs_b3,incidents,only_b3_side,privileged,10014,17,plain,,False,1,0,396500003898,4530531197,True,False,False,0,0,0
tune,dataflow_vs_b3,incidents,only_b3_side,privileged,10014,19,plain,,False,1,0,495000003898,2365719371,True,False,False,0,0,0
tune,dataflow_vs_b3,incidents,only_b3_side,privileged,10014,20,plain,,False,1,0,542000003898,3651281727,True,False,False,0,0,0
tune,dataflow_vs_b3,incidents,only_b3_side,privileged,10014,5,plain,,False,1,1,112000003921,4387397361,True,False,False,0,0,0
tune,dataflow_vs_b3,incidents,only_b3_side,privileged,10014,6,plain,,False,1,0,113000003898,4059703220,True,False,False,0,0,0
tune,dataflow_vs_b3,incidents,only_b3_side,privileged,10014,7,plain,,False,1,0,132000003887,2454633622,True,False,False,0,0,0
tune,dataflow_vs_b3,incidents,only_b3_side,privileged,10014,9,plain,,False,1,0,184500003866,403884628,True,False,False,0,0,0
tune,dataflow_vs_b3,incidents,only_b3_side,privileged,10015,0,plain,,False,1,0,12000004134,3086485212,True,False,False,0,0,0
tune,dataflow_vs_b3,incidents,only_b3_side,privileged,10015,1,plain,,True,1,0,40000004123,511470816,True,False,False,0,0,0
tune,dataflow_vs_b3,incidents,only_b3_side,privileged,10015,11,plain,,False,1,0,239500004155,329092540,True,False,False,0,0,0
tune,dataflow_vs_b3,incidents,only_b3_side,privileged,10015,13,plain,,False,1,1,313500004155,1995830872,True,False,False,0,0,0
tune,dataflow_vs_b3,incidents,only_b3_side,privileged,10015,14,plain,,False,1,1,328500004155,7612616889,True,False,False,0,0,0
tune,dataflow_vs_b3,incidents,only_b3_side,privileged,10015,15,plain,,False,1,0,366500004188,8266771727,True,False,False,0,0,0
tune,dataflow_vs_b3,incidents,only_b3_side,privileged,10015,16,plain,,False,1,0,373000004144,691824736,True,False,False,0,0,0
tune,dataflow_vs_b3,incidents,only_b3_side,privileged,10015,17,plain,,False,1,0,392500004242,426550098,True,False,False,0,0,0
tune,dataflow_vs_b3,incidents,only_b3_side,privileged,10015,18,plain,,False,1,0,417000004144,1299505709,True,False,False,0,0,0
tune,dataflow_vs_b3,incidents,only_b3_side,privileged,10015,19,plain,,True,1,0,428500004123,354849243,True,False,False,0,0,0
tune,dataflow_vs_b3,incidents,only_b3_side,privileged,10015,2,plain,,False,2,0,88500004188,7742384392,True,False,False,0,0,0
tune,dataflow_vs_b3,incidents,only_b3_side,privileged,10015,21,plain,,True,1,0,475500004155,2939047431,True,False,False,0,0,0
tune,dataflow_vs_b3,incidents,only_b3_side,privileged,10015,22,plain,,False,1,0,536500004155,3462258448,True,False,False,0,0,0
tune,dataflow_vs_b3,incidents,only_b3_side,privileged,10015,3,plain,,False,1,1,84000004144,706098097,True,False,False,0,0,0
tune,dataflow_vs_b3,incidents,only_b3_side,privileged,10015,4,plain,,True,1,0,148000004144,612093741,True,False,False,0,0,0
tune,dataflow_vs_b3,incidents,only_b3_side,privileged,10015,5,plain,,False,1,1,200500004166,30988042704,True,False,False,0,0,0
tune,dataflow_vs_b3,incidents,only_b3_side,privileged,10015,8,plain,,False,1,0,217000004166,246120138,True,False,False,0,0,0
tune,dataflow_vs_b3,incidents,only_b3_side,privileged,10015,9,plain,,False,1,0,236500004166,7700567393,True,False,False,0,0,0
tune,dataflow_vs_b3,incidents,only_b3_side,privileged,10016,0,plain,,False,1,0,9000003877,133620716,True,False,False,0,0,0
tune,dataflow_vs_b3,incidents,only_b3_side,privileged,10016,1,plain,,False,1,0,31500003887,2202961164,True,False,False,0,0,0
tune,dataflow_vs_b3,incidents,only_b3_side,privileged,10016,10,plain,,True,1,0,173000003887,5188236780,True,False,False,0,0,0
tune,dataflow_vs_b3,incidents,only_b3_side,privileged,10016,11,plain,,False,1,0,182500003887,1492412894,True,False,False,0,0,0
tune,dataflow_vs_b3,incidents,only_b3_side,privileged,10016,13,plain,,False,1,0,244000003909,5229144816,True,False,False,0,0,0
tune,dataflow_vs_b3,incidents,only_b3_side,privileged,10016,14,plain,,False,1,0,264000003909,6693950335,True,False,False,0,0,0
tune,dataflow_vs_b3,incidents,only_b3_side,privileged,10016,15,plain,,False,1,0,281000003898,3139601507,True,False,False,0,0,0
tune,dataflow_vs_b3,incidents,only_b3_side,privileged,10016,16,hard,compound,True,1,1,301500000000,20974628514,True,False,False,1,1,1
tune,dataflow_vs_b3,incidents,only_b3_side,privileged,10016,17,plain,,False,1,0,313500003942,9542185696,True,False,False,0,0,0
tune,dataflow_vs_b3,incidents,only_b3_side,privileged,10016,18,plain,,False,2,0,316000003909,2794286246,True,False,False,0,0,0
tune,dataflow_vs_b3,incidents,only_b3_side,privileged,10016,19,plain,,False,1,0,339000003909,3652325598,True,False,False,0,0,0
tune,dataflow_vs_b3,incidents,only_b3_side,privileged,10016,21,plain,,False,1,0,380000003887,1684627248,True,False,False,0,0,0
tune,dataflow_vs_b3,incidents,only_b3_side,privileged,10016,22,plain,,False,1,0,394000003921,283100895,True,False,False,0,0,0
tune,dataflow_vs_b3,incidents,only_b3_side,privileged,10016,23,plain,,True,1,0,483000003909,3088003912,True,False,False,0,0,0
tune,dataflow_vs_b3,incidents,only_b3_side,privileged,10016,25,plain,,False,1,0,520000003898,3357888155,True,False,False,0,0,0
tune,dataflow_vs_b3,incidents,only_b3_side,privileged,10016,3,plain,,False,1,0,79000003898,190744856,True,False,False,0,0,0
tune,dataflow_vs_b3,incidents,only_b3_side,privileged,10016,6,plain,,True,1,0,129000003898,4862275700,True,False,False,0,0,0
tune,dataflow_vs_b3,incidents,only_b3_side,privileged,10016,7,plain,,False,1,0,144000003975,13514856829,True,False,False,0,0,0
tune,dataflow_vs_b3,incidents,only_b3_side,privileged,10016,8,plain,,False,1,0,140500003898,2306232318,True,False,False,0,0,0
tune,dataflow_vs_b3,incidents,only_b3_side,privileged,10016,9,plain,,True,1,0,153500003909,6175360755,True,False,False,0,0,0
tune,dataflow_vs_b3,incidents,only_b3_side,privileged,10017,0,plain,,False,1,0,3500007743,346366535,True,False,False,0,0,0
tune,dataflow_vs_b3,incidents,only_b3_side,privileged,10017,1,plain,,False,1,0,20000003877,998418884,True,False,False,0,0,0
tune,dataflow_vs_b3,incidents,only_b3_side,privileged,10017,10,plain,,False,1,0,240500003909,462994413,True,False,False,0,0,0
tune,dataflow_vs_b3,incidents,only_b3_side,privileged,10017,11,plain,,False,2,0,256000003898,3390950916,True,False,False,0,0,0
tune,dataflow_vs_b3,incidents,only_b3_side,privileged,10017,13,plain,,False,1,0,268500003898,4398782938,True,False,False,0,0,0
tune,dataflow_vs_b3,incidents,only_b3_side,privileged,10017,15,plain,,False,1,0,299000003898,343328506,True,False,False,0,0,0
tune,dataflow_vs_b3,incidents,only_b3_side,privileged,10017,16,plain,,False,1,0,319500003942,6167767238,True,False,False,0,0,0
tune,dataflow_vs_b3,incidents,only_b3_side,privileged,10017,2,plain,,False,1,0,34000003887,2128563636,True,False,False,0,0,0
tune,dataflow_vs_b3,incidents,only_b3_side,privileged,10017,20,plain,,False,1,0,413000007796,2801945663,True,False,False,0,0,0
tune,dataflow_vs_b3,incidents,only_b3_side,privileged,10017,21,plain,,False,1,1,414500003942,3172922754,True,False,False,0,0,0
tune,dataflow_vs_b3,incidents,only_b3_side,privileged,10017,23,plain,,True,1,0,429500003898,1347977815,True,False,False,0,0,0
tune,dataflow_vs_b3,incidents,only_b3_side,privileged,10017,24,plain,,False,1,0,438000003909,3326519353,True,False,False,0,0,0
tune,dataflow_vs_b3,incidents,only_b3_side,privileged,10017,25,plain,,False,1,0,448500003909,472554965,True,False,False,0,0,0
tune,dataflow_vs_b3,incidents,only_b3_side,privileged,10017,26,plain,,False,1,0,456500003909,2727989114,True,False,False,0,0,0
tune,dataflow_vs_b3,incidents,only_b3_side,privileged,10017,27,plain,,False,1,0,475500003898,339075748,True,False,False,0,0,0
tune,dataflow_vs_b3,incidents,only_b3_side,privileged,10017,29,plain,,False,1,0,499000007830,4688784944,True,False,False,0,0,0
tune,dataflow_vs_b3,incidents,only_b3_side,privileged,10017,30,plain,,False,1,1,495500003909,272770989,True,False,False,0,0,0
tune,dataflow_vs_b3,incidents,only_b3_side,privileged,10017,4,plain,,False,1,0,81500003898,4013101959,True,False,False,0,0,0
tune,dataflow_vs_b3,incidents,only_b3_side,privileged,10017,6,plain,,False,1,0,177000003898,203719312,True,False,False,0,0,0
tune,dataflow_vs_b3,incidents,only_b3_side,privileged,10017,7,plain,,True,1,0,201000003898,124544707,True,False,False,0,0,0
tune,dataflow_vs_b3,incidents,only_b3_side,privileged,10017,8,plain,,False,2,0,216500007764,4936652950,True,False,False,0,0,0
tune,dataflow_vs_b3,incidents,only_b3_side,privileged,10017,9,plain,,False,1,0,231500003953,19158922209,True,False,False,0,0,0
tune,dataflow_vs_b3,incidents,only_b3_side,privileged,10018,1,plain,,False,1,0,58500004391,4678078973,True,False,False,0,0,0
tune,dataflow_vs_b3,incidents,only_b3_side,privileged,10018,11,plain,,False,1,0,346500004401,3476303868,True,False,False,0,0,0
tune,dataflow_vs_b3,incidents,only_b3_side,privileged,10018,12,plain,,False,1,0,398000004478,76723980,True,False,False,0,0,0
tune,dataflow_vs_b3,incidents,only_b3_side,privileged,10018,13,plain,,False,1,0,403500004401,337982629,True,False,False,0,0,0
tune,dataflow_vs_b3,incidents,only_b3_side,privileged,10018,14,plain,,False,1,0,427000004456,360115764,True,False,False,0,0,0
tune,dataflow_vs_b3,incidents,only_b3_side,privileged,10018,15,plain,,False,1,0,468500004401,884615532,True,False,False,0,0,0
tune,dataflow_vs_b3,incidents,only_b3_side,privileged,10018,16,plain,,False,1,0,477000004401,633296779,True,False,False,0,0,0
tune,dataflow_vs_b3,incidents,only_b3_side,privileged,10018,17,plain,,False,1,0,523500004401,1474764221,True,False,False,0,0,0
tune,dataflow_vs_b3,incidents,only_b3_side,privileged,10018,4,plain,,False,1,0,128500004391,2398592739,True,False,False,0,0,0
tune,dataflow_vs_b3,incidents,only_b3_side,privileged,10018,5,plain,,False,1,1,155000004401,3144861784,True,False,False,0,0,0
tune,dataflow_vs_b3,incidents,only_b3_side,privileged,10018,6,plain,,False,1,0,163500004401,1494910337,True,False,False,0,0,0
tune,dataflow_vs_b3,incidents,only_b3_side,privileged,10018,7,plain,,False,1,0,166000004401,3028482613,True,False,False,0,0,0
tune,dataflow_vs_b3,incidents,only_b3_side,privileged,10018,8,plain,,False,1,0,214500004445,11665735423,True,False,False,0,0,0
tune,dataflow_vs_b3,incidents,only_b3_side,privileged,10018,9,hard,compound,True,1,1,252500000000,18846797277,True,False,False,1,1,1
tune,dataflow_vs_b3,incidents,only_b3_side,privileged,10019,0,plain,,False,2,0,59500003877,3033167839,True,False,False,0,0,0
tune,dataflow_vs_b3,incidents,only_b3_side,privileged,10019,1,plain,,False,1,2,64500007808,88099835,True,False,False,0,0,0
tune,dataflow_vs_b3,incidents,only_b3_side,privileged,10019,10,plain,,False,1,1,244000007840,452346659,True,False,False,0,0,0
tune,dataflow_vs_b3,incidents,only_b3_side,privileged,10019,12,plain,,False,1,0,310000003887,1136686800,True,False,False,0,0,0
tune,dataflow_vs_b3,incidents,only_b3_side,privileged,10019,13,plain,,False,1,0,334500003909,5205683409,True,False,False,0,0,0
tune,dataflow_vs_b3,incidents,only_b3_side,privileged,10019,14,plain,,True,1,0,344000003898,529085556,True,False,False,0,0,0
tune,dataflow_vs_b3,incidents,only_b3_side,privileged,10019,16,plain,,False,1,1,347000007797,241692638,True,False,False,0,0,0
tune,dataflow_vs_b3,incidents,only_b3_side,privileged,10019,17,plain,,False,1,0,361500003931,52987449,True,False,False,0,0,0
tune,dataflow_vs_b3,incidents,only_b3_side,privileged,10019,18,plain,,False,1,0,423000003909,4033614348,True,False,False,0,0,0
tune,dataflow_vs_b3,incidents,only_b3_side,privileged,10019,19,plain,,False,1,1,469000003898,3824008500,True,False,False,0,0,0
tune,dataflow_vs_b3,incidents,only_b3_side,privileged,10019,21,plain,,False,1,0,497500003921,154375558,True,False,False,0,0,0
tune,dataflow_vs_b3,incidents,only_b3_side,privileged,10019,22,plain,,True,1,0,534000003898,1817096245,True,False,False,0,0,0
tune,dataflow_vs_b3,incidents,only_b3_side,privileged,10019,3,plain,,False,1,0,76500007753,496098181,True,False,False,0,0,0
tune,dataflow_vs_b3,incidents,only_b3_side,privileged,10019,4,plain,,False,1,1,100000003877,1550157148,True,False,False,0,0,0
tune,dataflow_vs_b3,incidents,only_b3_side,privileged,10019,5,plain,,True,1,0,128000003898,2610503291,True,False,False,0,0,0
tune,dataflow_vs_b3,incidents,only_b3_side,privileged,10019,6,plain,,False,1,0,141000003898,5617220043,True,False,False,0,0,0
tune,dataflow_vs_b3,incidents,only_b3_side,privileged,10019,7,plain,,False,1,0,145000003898,426768055,True,False,False,0,0,0
tune,dataflow_vs_b3,incidents,only_b3_side,privileged,10019,8,plain,,False,1,0,233000003887,2186528758,True,False,False,0,0,0
tune,dataflow_vs_b3,incidents,only_b3_side,privileged,10020,0,plain,,False,1,0,19000003373,325954560,True,False,False,0,0,0
tune,dataflow_vs_b3,incidents,only_b3_side,privileged,10020,1,plain,,False,1,0,23500003373,2907380483,True,False,False,0,0,0
tune,dataflow_vs_b3,incidents,only_b3_side,privileged,10020,11,plain,,False,1,0,320500003373,183095735,True,False,False,0,0,0
tune,dataflow_vs_b3,incidents,only_b3_side,privileged,10020,14,plain,,False,1,0,359000006759,286818889,True,False,False,0,0,0
tune,dataflow_vs_b3,incidents,only_b3_side,privileged,10020,15,plain,,False,1,0,383000003384,23638217407,True,False,False,0,0,0
tune,dataflow_vs_b3,incidents,only_b3_side,privileged,10020,17,plain,,False,1,0,401500003407,1612611734,True,False,False,0,0,0
tune,dataflow_vs_b3,incidents,only_b3_side,privileged,10020,20,plain,,False,1,0,440000003352,37998709,True,False,False,0,0,0
tune,dataflow_vs_b3,incidents,only_b3_side,privileged,10020,21,plain,,False,1,0,451500003407,6620967964,True,False,False,0,0,0
tune,dataflow_vs_b3,incidents,only_b3_side,privileged,10020,22,hard,split_brain,True,1,2,468500000000,21854629903,True,False,False,2,1,1
tune,dataflow_vs_b3,incidents,only_b3_side,privileged,10020,24,plain,,True,1,0,502000003439,14916704851,True,False,False,0,0,0
tune,dataflow_vs_b3,incidents,only_b3_side,privileged,10020,3,hard,compound,False,1,1,98000000000,21410144523,True,False,False,1,1,1
tune,dataflow_vs_b3,incidents,only_b3_side,privileged,10020,4,plain,,False,1,0,118000003384,7752692173,True,False,False,0,0,0
tune,dataflow_vs_b3,incidents,only_b3_side,privileged,10020,5,plain,,False,1,0,162000003384,1339096792,True,False,False,0,0,0
tune,dataflow_vs_b3,incidents,only_b3_side,privileged,10020,6,plain,,False,1,0,172000003373,2314123210,True,False,False,0,0,0
tune,dataflow_vs_b3,incidents,only_b3_side,privileged,10020,8,plain,,False,1,0,196000003384,3668051044,True,False,False,0,0,0
tune,dataflow_vs_b3,incidents,only_b3_side,privileged,10021,0,plain,,True,1,0,3000004391,508291378,True,False,False,0,0,0
tune,dataflow_vs_b3,incidents,only_b3_side,privileged,10021,1,plain,,False,1,0,13000004401,703848368,True,False,False,0,0,0
tune,dataflow_vs_b3,incidents,only_b3_side,privileged,10021,10,plain,,True,1,0,342000004391,3075401892,True,False,False,0,0,0
tune,dataflow_vs_b3,incidents,only_b3_side,privileged,10021,11,plain,,False,1,0,350000004423,8690843583,True,False,False,0,0,0
tune,dataflow_vs_b3,incidents,only_b3_side,privileged,10021,12,plain,,False,1,0,379500004456,246857993,True,False,False,0,0,0
tune,dataflow_vs_b3,incidents,only_b3_side,privileged,10021,14,plain,,False,1,4,395500013193,630942061,True,False,False,0,0,0
tune,dataflow_vs_b3,incidents,only_b3_side,privileged,10021,15,plain,,False,1,0,398000017726,232623956,True,False,False,0,0,0
tune,dataflow_vs_b3,incidents,only_b3_side,privileged,10021,16,plain,,False,1,0,418500004412,5538289982,True,False,False,0,0,0
tune,dataflow_vs_b3,incidents,only_b3_side,privileged,10021,17,plain,,False,1,0,415500004401,540687157,True,False,False,0,0,0
tune,dataflow_vs_b3,incidents,only_b3_side,privileged,10021,18,plain,,False,1,0,421000004401,1708757801,True,False,False,0,0,0
tune,dataflow_vs_b3,incidents,only_b3_side,privileged,10021,2,plain,,False,1,0,40000004391,786086633,True,False,False,0,0,0
tune,dataflow_vs_b3,incidents,only_b3_side,privileged,10021,20,plain,,False,1,0,460000004423,4429107916,True,False,False,0,0,0
tune,dataflow_vs_b3,incidents,only_b3_side,privileged,10021,4,plain,,False,1,3,76500017628,241704574,True,False,False,0,0,0
tune,dataflow_vs_b3,incidents,only_b3_side,privileged,10021,5,plain,,False,1,0,118500008869,238913825,True,False,False,0,0,0
tune,dataflow_vs_b3,incidents,only_b3_side,privileged,10021,6,plain,,False,1,0,204500004401,206847816,True,False,False,0,0,0
tune,dataflow_vs_b3,incidents,only_b3_side,privileged,10021,8,hard,compound,False,1,2,263000000000,18753903477,True,False,False,1,1,1
tune,dataflow_vs_b3,incidents,only_b3_side,privileged,10021,9,plain,,False,1,0,302000004412,2580785062,True,False,False,0,0,0
tune,dataflow_vs_b3,incidents,only_b3_side,privileged,10022,0,plain,,False,1,0,2500003877,1579695883,True,False,False,0,0,0
tune,dataflow_vs_b3,incidents,only_b3_side,privileged,10022,1,plain,,False,1,0,43500003909,4305918249,True,False,False,0,0,0
tune,dataflow_vs_b3,incidents,only_b3_side,privileged,10022,10,plain,,False,1,0,239500003898,4434971497,True,False,False,0,0,0
tune,dataflow_vs_b3,incidents,only_b3_side,privileged,10022,12,plain,,False,1,0,267500003898,2106232426,True,False,False,0,0,0
tune,dataflow_vs_b3,incidents,only_b3_side,privileged,10022,13,plain,,False,1,0,294500003898,242831303,True,False,False,0,0,0
tune,dataflow_vs_b3,incidents,only_b3_side,privileged,10022,14,plain,,False,1,0,311500003887,5228172770,True,False,False,0,0,0
tune,dataflow_vs_b3,incidents,only_b3_side,privileged,10022,15,hard,slow_leak,True,1,1,354500000000,27007079031,True,False,False,1,1,1
tune,dataflow_vs_b3,incidents,only_b3_side,privileged,10022,16,plain,,False,1,0,341000003898,196495624,True,False,False,0,0,0
tune,dataflow_vs_b3,incidents,only_b3_side,privileged,10022,17,plain,,False,1,0,391500003898,3944487563,True,False,False,0,0,0
tune,dataflow_vs_b3,incidents,only_b3_side,privileged,10022,18,plain,,False,1,0,405500003898,2655183361,True,False,False,0,0,0
tune,dataflow_vs_b3,incidents,only_b3_side,privileged,10022,19,plain,,False,1,0,405000007785,809222100,True,False,False,0,0,0
tune,dataflow_vs_b3,incidents,only_b3_side,privileged,10022,20,plain,,False,1,0,428500003877,174626325,True,False,False,0,0,0
tune,dataflow_vs_b3,incidents,only_b3_side,privileged,10022,21,plain,,False,1,0,436000003898,1436244271,True,False,False,0,0,0
tune,dataflow_vs_b3,incidents,only_b3_side,privileged,10022,22,plain,,False,1,1,489000007884,233131163,True,False,False,0,0,0
tune,dataflow_vs_b3,incidents,only_b3_side,privileged,10022,23,hard,compound,False,1,1,519500000000,22059373919,True,False,False,1,1,1
tune,dataflow_vs_b3,incidents,only_b3_side,privileged,10022,24,plain,,False,1,0,533500003887,3381907978,True,False,False,0,0,0
tune,dataflow_vs_b3,incidents,only_b3_side,privileged,10022,3,plain,,False,1,0,55000004028,173717117,True,False,False,0,0,0
tune,dataflow_vs_b3,incidents,only_b3_side,privileged,10022,5,plain,,False,1,0,99500003898,3576230645,True,False,False,0,0,0
tune,dataflow_vs_b3,incidents,only_b3_side,privileged,10022,6,plain,,False,2,0,114500003898,353386516,True,False,False,0,0,0
tune,dataflow_vs_b3,incidents,only_b3_side,privileged,10022,7,plain,,False,1,0,130500003931,8444714156,True,False,False,0,0,0
tune,dataflow_vs_b3,incidents,only_b3_side,privileged,10022,8,plain,,False,1,0,182000003898,5124112890,True,False,False,0,0,0
tune,dataflow_vs_b3,incidents,only_b3_side,privileged,10023,0,plain,,False,1,0,8000003630,311701465,True,False,False,0,0,0
tune,dataflow_vs_b3,incidents,only_b3_side,privileged,10023,1,plain,,False,1,0,68500003664,10403528427,True,False,False,0,0,0
tune,dataflow_vs_b3,incidents,only_b3_side,privileged,10023,10,plain,,False,1,0,173500003620,288568331,True,False,False,0,0,0
tune,dataflow_vs_b3,incidents,only_b3_side,privileged,10023,11,plain,,False,1,0,183500003652,5424874204,True,False,False,0,0,0
tune,dataflow_vs_b3,incidents,only_b3_side,privileged,10023,13,plain,,False,1,0,258000003652,4509865432,True,False,False,0,0,0
tune,dataflow_vs_b3,incidents,only_b3_side,privileged,10023,14,plain,,True,1,1,288500003630,14952401473,True,False,False,0,0,0
tune,dataflow_vs_b3,incidents,only_b3_side,privileged,10023,15,hard,split_brain,False,1,2,337000000000,19022653946,True,False,False,1,1,1
tune,dataflow_vs_b3,incidents,only_b3_side,privileged,10023,16,plain,,True,1,0,326000003652,5034592280,True,False,False,0,0,0
tune,dataflow_vs_b3,incidents,only_b3_side,privileged,10023,18,hard,compound,False,1,1,394000000000,18881045250,True,False,False,1,1,1
tune,dataflow_vs_b3,incidents,only_b3_side,privileged,10023,19,plain,,False,1,0,457500003652,5077607217,True,False,False,0,0,0
tune,dataflow_vs_b3,incidents,only_b3_side,privileged,10023,2,plain,,False,1,0,89000003630,2383042236,True,False,False,0,0,0
tune,dataflow_vs_b3,incidents,only_b3_side,privileged,10023,20,plain,,True,1,1,462500003674,4064479298,True,False,False,0,0,0
tune,dataflow_vs_b3,incidents,only_b3_side,privileged,10023,21,plain,,False,1,0,474500007282,2114621742,True,False,False,0,0,0
tune,dataflow_vs_b3,incidents,only_b3_side,privileged,10023,23,hard,compound,False,1,1,532000000000,18982547022,True,False,False,1,1,1
tune,dataflow_vs_b3,incidents,only_b3_side,privileged,10023,24,plain,,False,1,0,531500003664,6017801625,True,False,False,0,0,0
tune,dataflow_vs_b3,incidents,only_b3_side,privileged,10023,3,hard,compound,False,1,1,127000000000,18841841701,True,False,False,1,1,1
tune,dataflow_vs_b3,incidents,only_b3_side,privileged,10023,4,plain,,False,1,0,123000007370,2334107408,True,False,False,0,0,0
tune,dataflow_vs_b3,incidents,only_b3_side,privileged,10023,5,plain,,False,1,0,123000007370,472883288,True,False,False,0,0,0
tune,dataflow_vs_b3,incidents,only_b3_side,privileged,10023,6,plain,,False,1,0,133500003641,3178019898,True,False,False,0,0,0
tune,dataflow_vs_b3,incidents,only_b3_side,privileged,10023,7,plain,,True,1,0,144500003641,6295565232,True,False,False,0,0,0
tune,dataflow_vs_b3,incidents,only_b3_side,privileged,10023,8,plain,,False,1,0,171500003652,6347311294,True,False,False,0,0,0
tune,dataflow_vs_b3,incidents,only_b3_side,privileged,10023,9,plain,,False,1,0,176000003664,7758952138,True,False,False,0,0,0
tune,dataflow_vs_b3,incidents,only_b3_side,privileged,10024,12,plain,,True,1,0,364000004123,462177993,True,False,False,0,0,0
tune,dataflow_vs_b3,incidents,only_b3_side,privileged,10024,13,plain,,False,1,0,376000004155,2630356403,True,False,False,0,0,0
tune,dataflow_vs_b3,incidents,only_b3_side,privileged,10024,14,plain,,True,1,0,383500004155,199948573,True,False,False,0,0,0
tune,dataflow_vs_b3,incidents,only_b3_side,privileged,10024,15,plain,,False,1,0,407500004166,545259429,True,False,False,0,0,0
tune,dataflow_vs_b3,incidents,only_b3_side,privileged,10024,16,plain,,False,1,0,450000004144,234230599,True,False,False,0,0,0
tune,dataflow_vs_b3,incidents,only_b3_side,privileged,10024,17,plain,,False,1,0,451500004134,1606214240,True,False,False,0,0,0
tune,dataflow_vs_b3,incidents,only_b3_side,privileged,10024,18,plain,,True,1,2,461000008354,205687889,True,False,False,0,0,0
tune,dataflow_vs_b3,incidents,only_b3_side,privileged,10024,19,plain,,False,1,0,484000004144,489669190,True,False,False,0,0,0
tune,dataflow_vs_b3,incidents,only_b3_side,privileged,10024,20,plain,,False,1,0,495500004155,179232612,True,False,False,0,0,0
tune,dataflow_vs_b3,incidents,only_b3_side,privileged,10024,21,hard,slow_leak,False,1,1,545000000000,24386034352,True,False,False,1,1,1
tune,dataflow_vs_b3,incidents,only_b3_side,privileged,10024,4,plain,,False,1,0,185000004166,5118836695,True,False,False,0,0,0
tune,dataflow_vs_b3,incidents,only_b3_side,privileged,10024,5,plain,,False,1,0,182500012456,152230541,True,False,False,0,0,0
tune,dataflow_vs_b3,incidents,only_b3_side,privileged,10024,6,plain,,False,1,0,189500004123,111380561,True,False,False,0,0,0
tune,dataflow_vs_b3,incidents,only_b3_side,privileged,10024,7,plain,,True,1,1,239000004134,235869790,True,False,False,0,0,0
tune,dataflow_vs_b3,incidents,only_b3_side,privileged,10024,8,plain,,False,1,0,336000004144,2364392879,True,False,False,0,0,0
tune,dataflow_vs_b3,incidents,only_b3_side,privileged,10025,0,plain,,False,1,0,4000004391,441677780,True,False,False,0,0,0
tune,dataflow_vs_b3,incidents,only_b3_side,privileged,10025,10,hard,cascade,True,1,2,270500000000,18701625675,True,False,False,1,1,1
tune,dataflow_vs_b3,incidents,only_b3_side,privileged,10025,11,plain,,False,1,0,270000004401,874951069,True,False,False,0,0,0
tune,dataflow_vs_b3,incidents,only_b3_side,privileged,10025,13,plain,,True,1,0,289500004401,1824882644,True,False,False,0,0,0
tune,dataflow_vs_b3,incidents,only_b3_side,privileged,10025,14,plain,,False,1,0,301500004391,473084437,True,False,False,0,0,0
tune,dataflow_vs_b3,incidents,only_b3_side,privileged,10025,15,plain,,False,1,0,336500004445,3531910222,True,False,False,0,0,0
tune,dataflow_vs_b3,incidents,only_b3_side,privileged,10025,16,plain,,False,1,0,337000004412,3984920493,True,False,False,0,0,0
tune,dataflow_vs_b3,incidents,only_b3_side,privileged,10025,18,plain,,False,1,0,357500004423,4326255886,True,False,False,0,0,0
tune,dataflow_vs_b3,incidents,only_b3_side,privileged,10025,19,plain,,False,1,0,366500004423,142811099,True,False,False,0,0,0
tune,dataflow_vs_b3,incidents,only_b3_side,privileged,10025,2,plain,,False,1,0,116500004423,352981630,True,False,False,0,0,0
tune,dataflow_vs_b3,incidents,only_b3_side,privileged,10025,22,plain,,False,1,1,423500004391,1637065926,True,False,False,0,0,0
tune,dataflow_vs_b3,incidents,only_b3_side,privileged,10025,23,plain,,True,1,0,466500004391,471188413,True,False,False,0,0,0
tune,dataflow_vs_b3,incidents,only_b3_side,privileged,10025,24,plain,,False,1,0,496000004423,337703975,True,False,False,0,0,0
tune,dataflow_vs_b3,incidents,only_b3_side,privileged,10025,25,plain,,False,1,0,507000004401,351396622,True,False,False,0,0,0
tune,dataflow_vs_b3,incidents,only_b3_side,privileged,10025,26,hard,slow_leak,False,1,1,541000000000,25191521932,True,False,False,1,1,1
tune,dataflow_vs_b3,incidents,only_b3_side,privileged,10025,3,plain,,False,1,0,120500004401,1417742373,True,False,False,0,0,0
tune,dataflow_vs_b3,incidents,only_b3_side,privileged,10025,4,plain,,False,2,0,128500004369,329958845,True,False,False,0,0,0
tune,dataflow_vs_b3,incidents,only_b3_side,privileged,10025,5,plain,,False,1,1,158500004391,392850316,True,False,False,0,0,0
tune,dataflow_vs_b3,incidents,only_b3_side,privileged,10025,7,plain,,True,1,0,191000004435,212229372,True,False,False,0,0,0
tune,dataflow_vs_b3,incidents,only_b3_side,privileged,10025,8,plain,,True,1,0,203500004412,5136850522,True,False,False,0,0,0
tune,dataflow_vs_b3,incidents,only_b3_side,privileged,10025,9,plain,,False,1,0,219000004391,261401737,True,False,False,0,0,0
tune,dataflow_vs_b3,incidents,only_b3_side,privileged,10026,0,hard,slow_leak,False,1,2,100500000000,29929615748,True,False,False,1,1,1
tune,dataflow_vs_b3,incidents,only_b3_side,privileged,10026,1,plain,,False,1,0,94000003609,23435117,True,False,False,0,0,0
tune,dataflow_vs_b3,incidents,only_b3_side,privileged,10026,10,plain,,False,2,0,249000003652,4521809223,True,False,False,0,0,0
tune,dataflow_vs_b3,incidents,only_b3_side,privileged,10026,11,plain,,False,1,0,267000003652,4770568725,True,False,False,0,0,0
tune,dataflow_vs_b3,incidents,only_b3_side,privileged,10026,12,hard,slow_leak,False,1,1,291500000000,26971278395,True,False,False,1,1,1
tune,dataflow_vs_b3,incidents,only_b3_side,privileged,10026,14,plain,,False,1,0,280500003652,2930445176,True,False,False,0,0,0
tune,dataflow_vs_b3,incidents,only_b3_side,privileged,10026,15,plain,,False,1,0,295000003652,343144683,True,False,False,0,0,0
tune,dataflow_vs_b3,incidents,only_b3_side,privileged,10026,18,plain,,False,1,0,395500003652,4989187267,True,False,False,0,0,0
tune,dataflow_vs_b3,incidents,only_b3_side,privileged,10026,19,plain,,False,1,1,413500003652,189670205,True,False,False,0,0,0
tune,dataflow_vs_b3,incidents,only_b3_side,privileged,10026,2,plain,,False,1,0,110000003609,49736491,True,False,False,0,0,0
tune,dataflow_vs_b3,incidents,only_b3_side,privileged,10026,20,plain,,False,1,0,430000003641,3953602213,True,False,False,0,0,0
tune,dataflow_vs_b3,incidents,only_b3_side,privileged,10026,21,plain,,False,1,0,524000003652,1481391308,True,False,False,0,0,0
tune,dataflow_vs_b3,incidents,only_b3_side,privileged,10026,22,plain,,False,1,1,533000003630,1506485978,True,False,False,0,0,0
tune,dataflow_vs_b3,incidents,only_b3_side,privileged,10026,3,hard,slow_leak,False,1,1,152000000000,23913898165,True,False,False,1,1,1
tune,dataflow_vs_b3,incidents,only_b3_side,privileged,10026,4,plain,,False,1,0,135000003620,1648216905,True,False,False,0,0,0
tune,dataflow_vs_b3,incidents,only_b3_side,privileged,10026,5,plain,,False,1,0,150500003620,1518928586,True,False,False,0,0,0
tune,dataflow_vs_b3,incidents,only_b3_side,privileged,10026,7,hard,cascade,False,1,1,194500000000,22103922699,True,False,False,1,1,1
tune,dataflow_vs_b3,incidents,only_b3_side,privileged,10026,8,plain,,True,1,0,182500003620,232115299,True,False,False,0,0,0
tune,dataflow_vs_b3,incidents,only_b3_side,privileged,10026,9,plain,,False,1,0,197500003664,4300957296,True,False,False,0,0,0
tune,dataflow_vs_b3,incidents,only_b3_side,privileged,10027,0,plain,,False,1,0,4500003877,507330740,True,False,False,0,0,0
tune,dataflow_vs_b3,incidents,only_b3_side,privileged,10027,1,plain,,False,1,0,58000007830,207608211,True,False,False,0,0,0
tune,dataflow_vs_b3,incidents,only_b3_side,privileged,10027,11,plain,,False,1,0,258000003898,4398360284,True,False,False,0,0,0
tune,dataflow_vs_b3,incidents,only_b3_side,privileged,10027,12,plain,,False,1,0,263500003898,4269426351,True,False,False,0,0,0
tune,dataflow_vs_b3,incidents,only_b3_side,privileged,10027,13,plain,,False,1,0,307500003909,3833824557,True,False,False,0,0,0
tune,dataflow_vs_b3,incidents,only_b3_side,privileged,10027,14,plain,,False,1,0,329500003898,2368738422,True,False,False,0,0,0
tune,dataflow_vs_b3,incidents,only_b3_side,privileged,10027,15,plain,,False,1,0,336500003887,2053170891,True,False,False,0,0,0
tune,dataflow_vs_b3,incidents,only_b3_side,privileged,10027,16,hard,split_brain,True,1,2,357500000000,20174166121,True,False,False,1,1,1
tune,dataflow_vs_b3,incidents,only_b3_side,privileged,10027,17,plain,,False,1,0,345000003887,2252061392,True,False,False,0,0,0
tune,dataflow_vs_b3,incidents,only_b3_side,privileged,10027,18,plain,,False,1,0,386000003898,1798795937,True,False,False,0,0,0
tune,dataflow_vs_b3,incidents,only_b3_side,privileged,10027,19,plain,,True,1,0,432000003887,2418563886,True,False,False,0,0,0
tune,dataflow_vs_b3,incidents,only_b3_side,privileged,10027,2,plain,,False,1,0,72500003887,409251301,True,False,False,0,0,0
tune,dataflow_vs_b3,incidents,only_b3_side,privileged,10027,20,plain,,True,1,0,451500003898,1391817926,True,False,False,0,0,0
tune,dataflow_vs_b3,incidents,only_b3_side,privileged,10027,22,plain,,False,1,0,489500003887,1389691939,True,False,False,0,0,0
tune,dataflow_vs_b3,incidents,only_b3_side,privileged,10027,23,plain,,False,1,0,532000003898,4610312920,True,False,False,0,0,0
tune,dataflow_vs_b3,incidents,only_b3_side,privileged,10027,3,plain,,False,1,1,93500003921,8993132518,True,False,False,0,0,0
tune,dataflow_vs_b3,incidents,only_b3_side,privileged,10027,5,plain,,False,1,0,103500003877,982362678,True,False,False,0,0,0
tune,dataflow_vs_b3,incidents,only_b3_side,privileged,10027,6,plain,,False,1,0,121000003909,5088769523,True,False,False,0,0,0
tune,dataflow_vs_b3,incidents,only_b3_side,privileged,10027,7,decoy,,False,1,0,129000003887,9649265012,False,False,False,0,0,0
tune,dataflow_vs_b3,incidents,only_b3_side,privileged,10027,8,plain,,False,1,0,182000003909,2797892462,True,False,False,0,0,0
tune,dataflow_vs_b3,incidents,only_b3_side,privileged,10028,0,plain,,False,1,0,12500003887,1776323847,True,False,False,0,0,0
tune,dataflow_vs_b3,incidents,only_b3_side,privileged,10028,1,plain,,False,1,0,19500003921,317012357,True,False,False,0,0,0
tune,dataflow_vs_b3,incidents,only_b3_side,privileged,10028,10,hard,compound,False,1,4,290000000000,18978361772,True,False,False,2,1,1
tune,dataflow_vs_b3,incidents,only_b3_side,privileged,10028,11,plain,,False,1,0,274500003909,454395963,True,False,False,0,0,0
tune,dataflow_vs_b3,incidents,only_b3_side,privileged,10028,13,plain,,False,1,0,348500003887,1644387661,True,False,False,0,0,0
tune,dataflow_vs_b3,incidents,only_b3_side,privileged,10028,16,plain,,False,1,0,389500003909,5513309203,True,False,False,0,0,0
tune,dataflow_vs_b3,incidents,only_b3_side,privileged,10028,17,plain,,False,1,0,396500003898,3992330673,True,False,False,0,0,0
tune,dataflow_vs_b3,incidents,only_b3_side,privileged,10028,18,plain,,False,1,0,450000003909,6413582849,True,False,False,0,0,0
tune,dataflow_vs_b3,incidents,only_b3_side,privileged,10028,2,plain,,False,1,0,49000003887,3430806208,True,False,False,0,0,0
tune,dataflow_vs_b3,incidents,only_b3_side,privileged,10028,21,plain,,False,1,0,543000003921,5178167044,True,False,False,0,0,0
tune,dataflow_vs_b3,incidents,only_b3_side,privileged,10028,3,hard,compound,False,1,1,118500000000,18890771373,True,False,False,1,1,1
tune,dataflow_vs_b3,incidents,only_b3_side,privileged,10028,4,plain,,True,1,0,115500003877,576161851,True,False,False,0,0,0
tune,dataflow_vs_b3,incidents,only_b3_side,privileged,10028,5,plain,,False,1,0,137500003887,358826458,True,False,False,0,0,0
tune,dataflow_vs_b3,incidents,only_b3_side,privileged,10028,6,plain,,False,1,2,172000007776,233171570,True,False,False,0,0,0
tune,dataflow_vs_b3,incidents,only_b3_side,privileged,10028,7,plain,,True,1,0,198500003898,171289995,True,False,False,0,0,0
tune,dataflow_vs_b3,incidents,only_b3_side,privileged,10028,8,plain,,False,1,0,244500003909,519338063,True,False,False,0,0,0
tune,dataflow_vs_b3,incidents,only_b3_side,privileged,10029,0,plain,,False,1,1,43000004391,396237958,True,False,False,0,0,0
tune,dataflow_vs_b3,incidents,only_b3_side,privileged,10029,10,plain,,False,1,0,215000004401,1396452982,True,False,False,0,0,0
tune,dataflow_vs_b3,incidents,only_b3_side,privileged,10029,11,hard,compound,False,1,1,247500000000,18964511889,True,False,False,1,1,1
tune,dataflow_vs_b3,incidents,only_b3_side,privileged,10029,12,plain,,False,1,0,245500008857,5034838463,True,False,False,0,0,0
tune,dataflow_vs_b3,incidents,only_b3_side,privileged,10029,13,plain,,False,1,0,245500008857,3727861193,True,False,False,0,0,0
tune,dataflow_vs_b3,incidents,only_b3_side,privileged,10029,14,hard,compound,False,1,1,274000000000,18734837264,True,False,False,1,1,1
tune,dataflow_vs_b3,incidents,only_b3_side,privileged,10029,16,plain,,False,1,0,293500004391,1391798185,True,False,False,0,0,0
tune,dataflow_vs_b3,incidents,only_b3_side,privileged,10029,18,plain,,True,1,1,367000009020,390636826,True,False,False,0,0,0
tune,dataflow_vs_b3,incidents,only_b3_side,privileged,10029,19,plain,,False,1,0,417500004401,2227021173,True,False,False,0,0,0
tune,dataflow_vs_b3,incidents,only_b3_side,privileged,10029,2,plain,,False,1,0,68000004391,1647808348,True,False,False,0,0,0
tune,dataflow_vs_b3,incidents,only_b3_side,privileged,10029,20,plain,,False,1,0,417000004423,391563294,True,False,False,0,0,0
tune,dataflow_vs_b3,incidents,only_b3_side,privileged,10029,21,decoy,,False,1,0,427500004401,9226248264,False,False,False,0,0,0
tune,dataflow_vs_b3,incidents,only_b3_side,privileged,10029,22,hard,compound,False,1,1,437000000000,18598716956,True,False,False,1,1,1
tune,dataflow_vs_b3,incidents,only_b3_side,privileged,10029,25,plain,,False,1,0,438000004401,1385977493,True,False,False,0,0,0
tune,dataflow_vs_b3,incidents,only_b3_side,privileged,10029,27,plain,,False,1,0,460000004380,492690019,True,False,False,0,0,0
tune,dataflow_vs_b3,incidents,only_b3_side,privileged,10029,28,plain,,False,1,0,466000004401,1422250330,True,False,False,0,0,0
tune,dataflow_vs_b3,incidents,only_b3_side,privileged,10029,3,plain,,True,1,3,104500013215,347177868,True,False,False,0,0,0
tune,dataflow_vs_b3,incidents,only_b3_side,privileged,10029,30,plain,,False,1,0,490000004401,1051505173,True,False,False,0,0,0
tune,dataflow_vs_b3,incidents,only_b3_side,privileged,10029,31,plain,,False,1,0,495000004412,3252010128,True,False,False,0,0,0
tune,dataflow_vs_b3,incidents,only_b3_side,privileged,10029,32,plain,,True,1,1,510000008792,278956685,True,False,False,0,0,0
tune,dataflow_vs_b3,incidents,only_b3_side,privileged,10029,4,plain,,False,1,0,130000004401,3130709602,True,False,False,0,0,0
tune,dataflow_vs_b3,incidents,only_b3_side,privileged,10029,5,plain,,False,1,0,181500004391,508707254,True,False,False,0,0,0
tune,dataflow_vs_b3,incidents,only_b3_side,privileged,10029,6,plain,,False,1,2,184000004412,27720490,True,False,False,0,0,0
tune,dataflow_vs_b3,incidents,only_b3_side,privileged,10029,7,plain,,False,1,0,197500004391,159321662,True,False,False,0,0,0
tune,dataflow_vs_b3,incidents,only_b3_side,privileged,10030,0,plain,,False,1,0,2500003877,1432160348,True,False,False,0,0,0
tune,dataflow_vs_b3,incidents,only_b3_side,privileged,10030,1,hard,cascade,False,1,2,25000000000,18611231207,True,False,False,2,1,1
tune,dataflow_vs_b3,incidents,only_b3_side,privileged,10030,10,plain,,False,1,0,241000003909,4137060759,True,False,False,0,0,0
tune,dataflow_vs_b3,incidents,only_b3_side,privileged,10030,11,plain,,False,1,0,244500003909,3925005325,True,False,False,0,0,0
tune,dataflow_vs_b3,incidents,only_b3_side,privileged,10030,13,plain,,True,1,0,255000003909,306920066,True,False,False,0,0,0
tune,dataflow_vs_b3,incidents,only_b3_side,privileged,10030,14,plain,,False,1,0,268500003909,6673424233,True,False,False,0,0,0
tune,dataflow_vs_b3,incidents,only_b3_side,privileged,10030,15,plain,,True,1,0,330500003909,488866738,True,False,False,0,0,0
tune,dataflow_vs_b3,incidents,only_b3_side,privileged,10030,16,hard,slow_leak,False,1,1,355500000000,25046811017,True,False,False,1,1,1
tune,dataflow_vs_b3,incidents,only_b3_side,privileged,10030,17,hard,cascade,False,1,2,391500000000,18792737452,True,False,False,1,1,1
tune,dataflow_vs_b3,incidents,only_b3_side,privileged,10030,18,plain,,False,1,0,382000003898,4531695580,True,False,False,0,0,0
tune,dataflow_vs_b3,incidents,only_b3_side,privileged,10030,2,plain,,False,1,0,86000007775,3790846381,True,False,False,0,0,0
tune,dataflow_vs_b3,incidents,only_b3_side,privileged,10030,21,plain,,False,1,0,408500003898,5333343008,True,False,False,0,0,0
tune,dataflow_vs_b3,incidents,only_b3_side,privileged,10030,22,plain,,False,1,0,411500003909,5478421587,True,False,False,0,0,0
tune,dataflow_vs_b3,incidents,only_b3_side,privileged,10030,23,hard,split_brain,False,1,1,455500000000,24948638028,True,False,False,1,1,1
tune,dataflow_vs_b3,incidents,only_b3_side,privileged,10030,24,plain,,False,1,0,457500003942,237164393,True,False,False,0,0,0
tune,dataflow_vs_b3,incidents,only_b3_side,privileged,10030,3,plain,,False,1,1,86000007775,1352531198,True,False,False,0,0,0
tune,dataflow_vs_b3,incidents,only_b3_side,privileged,10030,4,plain,,False,1,1,90000003887,2596823844,True,False,False,0,0,0
tune,dataflow_vs_b3,incidents,only_b3_side,privileged,10030,5,plain,,True,1,0,134000003921,391194101,True,False,False,0,0,0
tune,dataflow_vs_b3,incidents,only_b3_side,privileged,10030,6,plain,,False,1,0,142500003909,6312404759,True,False,False,0,0,0
tune,dataflow_vs_b3,incidents,only_b3_side,privileged,10030,7,plain,,False,1,0,178500003866,193602701,True,False,False,0,0,0
tune,dataflow_vs_b3,incidents,only_b3_side,privileged,10030,8,plain,,False,1,0,193000003921,3292149546,True,False,False,0,0,0
tune,dataflow_vs_b3,incidents,only_b3_side,privileged,10031,0,plain,,False,1,0,56000003641,415177908,True,False,False,0,0,0
tune,dataflow_vs_b3,incidents,only_b3_side,privileged,10031,1,plain,,False,1,0,63000010838,565131792,True,False,False,0,0,0
tune,dataflow_vs_b3,incidents,only_b3_side,privileged,10031,11,plain,,False,1,0,245000007250,475995131,True,False,False,0,0,0
tune,dataflow_vs_b3,incidents,only_b3_side,privileged,10031,13,plain,,True,1,0,296500003674,993898147,True,False,False,0,0,0
tune,dataflow_vs_b3,incidents,only_b3_side,privileged,10031,14,plain,,False,1,1,354000003685,42694839180,False,True,False,0,0,0
tune,dataflow_vs_b3,incidents,only_b3_side,privileged,10031,15,plain,,False,1,0,338500003664,1474192826,True,False,False,0,0,0
tune,dataflow_vs_b3,incidents,only_b3_side,privileged,10031,17,plain,,False,1,0,373000003641,4342611937,True,False,False,0,0,0
tune,dataflow_vs_b3,incidents,only_b3_side,privileged,10031,18,plain,,False,1,0,378500003620,1533401808,True,False,False,0,0,0
tune,dataflow_vs_b3,incidents,only_b3_side,privileged,10031,19,plain,,False,1,0,442000003685,7067117905,True,False,False,0,0,0
tune,dataflow_vs_b3,incidents,only_b3_side,privileged,10031,2,plain,,False,1,0,86000003609,366230843,True,False,False,0,0,0
tune,dataflow_vs_b3,incidents,only_b3_side,privileged,10031,20,plain,,False,1,0,440500003641,2885002549,True,False,False,0,0,0
tune,dataflow_vs_b3,incidents,only_b3_side,privileged,10031,21,plain,,False,1,0,517500003718,6914477252,True,False,False,0,0,0
tune,dataflow_vs_b3,incidents,only_b3_side,privileged,10031,22,plain,,False,1,1,535000007260,3240302602,True,False,False,0,0,0
tune,dataflow_vs_b3,incidents,only_b3_side,privileged,10031,3,plain,,False,1,0,105000003620,470491519,True,False,False,0,0,0
tune,dataflow_vs_b3,incidents,only_b3_side,privileged,10031,4,plain,,False,1,0,141500003641,3930349824,True,False,False,0,0,0
tune,dataflow_vs_b3,incidents,only_b3_side,privileged,10031,5,plain,,True,1,0,156500003652,485438292,True,False,False,0,0,0
tune,dataflow_vs_b3,incidents,only_b3_side,privileged,10031,6,plain,,False,1,1,178000007240,493957743,True,False,False,0,0,0
tune,dataflow_vs_b3,incidents,only_b3_side,privileged,10031,8,plain,,False,1,0,204000003641,2140237299,True,False,False,0,0,0
tune,dataflow_vs_b3,incidents,only_b3_side,privileged,10031,9,plain,,False,1,1,207500003664,4947145369,True,False,False,0,0,0
tune,dataflow_vs_b3,incidents,only_b3_side,privileged,10032,0,plain,,False,1,0,21500004391,478474220,True,False,False,0,0,0
tune,dataflow_vs_b3,incidents,only_b3_side,privileged,10032,1,plain,,True,1,2,44000013217,207968374,True,False,False,0,0,0
tune,dataflow_vs_b3,incidents,only_b3_side,privileged,10032,10,plain,,False,1,0,239000004391,824550545,True,False,False,0,0,0
tune,dataflow_vs_b3,incidents,only_b3_side,privileged,10032,11,plain,,True,1,0,242500008792,469534537,True,False,False,0,0,0
tune,dataflow_vs_b3,incidents,only_b3_side,privileged,10032,12,plain,,False,1,0,250500004412,378724121,True,False,False,0,0,0
tune,dataflow_vs_b3,incidents,only_b3_side,privileged,10032,14,plain,,True,1,0,287000004499,246654272,True,False,False,0,0,0
tune,dataflow_vs_b3,incidents,only_b3_side,privileged,10032,15,plain,,False,1,0,292000004412,2697590209,True,False,False,0,0,0
tune,dataflow_vs_b3,incidents,only_b3_side,privileged,10032,16,plain,,True,1,1,339500008911,443668402,True,False,False,0,0,0
tune,dataflow_vs_b3,incidents,only_b3_side,privileged,10032,17,plain,,False,1,2,366500008933,98763882,True,False,False,0,0,0
tune,dataflow_vs_b3,incidents,only_b3_side,privileged,10032,19,plain,,True,1,1,383500004435,448526987,True,False,False,0,0,0
tune,dataflow_vs_b3,incidents,only_b3_side,privileged,10032,2,plain,,False,1,0,62500004435,285305831,True,False,False,0,0,0
tune,dataflow_vs_b3,incidents,only_b3_side,privileged,10032,20,plain,,False,1,0,390000004380,103293728,True,False,False,0,0,0
tune,dataflow_vs_b3,incidents,only_b3_side,privileged,10032,22,plain,,True,1,0,409000004401,1592607012,True,False,False,0,0,0
tune,dataflow_vs_b3,incidents,only_b3_side,privileged,10032,23,plain,,False,1,0,425500004401,360917964,True,False,False,0,0,0
tune,dataflow_vs_b3,incidents,only_b3_side,privileged,10032,24,plain,,False,1,0,434000004423,7741965641,True,False,False,0,0,0
tune,dataflow_vs_b3,incidents,only_b3_side,privileged,10032,25,plain,,False,1,0,445500004391,1114516793,True,False,False,0,0,0
tune,dataflow_vs_b3,incidents,only_b3_side,privileged,10032,26,plain,,False,1,0,482500004412,2748136560,True,False,False,0,0,0
tune,dataflow_vs_b3,incidents,only_b3_side,privileged,10032,28,plain,,False,1,1,533000004412,4024101143,True,False,False,0,0,0
tune,dataflow_vs_b3,incidents,only_b3_side,privileged,10032,29,plain,,False,1,0,533500004412,78589261,True,False,False,0,0,0
tune,dataflow_vs_b3,incidents,only_b3_side,privileged,10032,3,plain,,True,1,0,96000008976,306346551,True,False,False,0,0,0
tune,dataflow_vs_b3,incidents,only_b3_side,privileged,10032,4,plain,,False,1,2,116000013369,145929357,True,False,False,0,0,0
tune,dataflow_vs_b3,incidents,only_b3_side,privileged,10032,5,plain,,False,1,0,179000004401,1939401687,True,False,False,0,0,0
tune,dataflow_vs_b3,incidents,only_b3_side,privileged,10032,6,plain,,False,1,0,187000004401,171537324,True,False,False,0,0,0
tune,dataflow_vs_b3,incidents,only_b3_side,privileged,10032,7,plain,,False,1,0,198500004391,146039230,True,False,False,0,0,0
tune,dataflow_vs_b3,incidents,only_b3_side,privileged,10032,8,plain,,True,1,1,203500004467,46699850,True,False,False,0,0,0
tune,dataflow_vs_b3,incidents,only_b3_side,privileged,10033,0,plain,,False,1,0,56000004134,1660516990,True,False,False,0,0,0
tune,dataflow_vs_b3,incidents,only_b3_side,privileged,10033,1,plain,,False,1,0,104000004134,396688797,True,False,False,0,0,0
tune,dataflow_vs_b3,incidents,only_b3_side,privileged,10033,11,plain,,False,1,0,272000004178,126105424,True,False,False,0,0,0
tune,dataflow_vs_b3,incidents,only_b3_side,privileged,10033,12,plain,,True,1,0,278000004112,117396013,True,False,False,0,0,0
tune,dataflow_vs_b3,incidents,only_b3_side,privileged,10033,13,plain,,False,1,0,305000008278,5938073188,True,False,False,0,0,0
tune,dataflow_vs_b3,incidents,only_b3_side,privileged,10033,14,plain,,True,1,0,305000008278,1167766656,True,False,False,0,0,0
tune,dataflow_vs_b3,incidents,only_b3_side,privileged,10033,15,plain,,False,1,0,350500004144,4791935865,True,False,False,0,0,0
tune,dataflow_vs_b3,incidents,only_b3_side,privileged,10033,16,decoy,,False,1,0,363500004144,8396023297,False,False,False,0,0,0
tune,dataflow_vs_b3,incidents,only_b3_side,privileged,10033,17,plain,,False,1,1,356500004340,220650595,True,False,False,0,0,0
tune,dataflow_vs_b3,incidents,only_b3_side,privileged,10033,18,plain,,False,1,0,368500004155,193452563,True,False,False,0,0,0
tune,dataflow_vs_b3,incidents,only_b3_side,privileged,10033,19,plain,,False,1,0,400000004155,5615673587,True,False,False,0,0,0
tune,dataflow_vs_b3,incidents,only_b3_side,privileged,10033,2,plain,,False,1,0,110000004123,498433655,True,False,False,0,0,0
tune,dataflow_vs_b3,incidents,only_b3_side,privileged,10033,21,plain,,False,1,0,468500008289,3648804092,True,False,False,0,0,0
tune,dataflow_vs_b3,incidents,only_b3_side,privileged,10033,22,plain,,True,1,0,468500008289,309550345,True,False,False,0,0,0
tune,dataflow_vs_b3,incidents,only_b3_side,privileged,10033,23,plain,,True,1,0,491500004166,7237010062,True,False,False,0,0,0
tune,dataflow_vs_b3,incidents,only_b3_side,privileged,10033,24,decoy,,False,1,0,509000004155,10844333414,False,False,False,0,0,0
tune,dataflow_vs_b3,incidents,only_b3_side,privileged,10033,4,plain,,False,2,0,161000004155,6404208134,True,False,False,0,0,0
tune,dataflow_vs_b3,incidents,only_b3_side,privileged,10033,5,plain,,False,1,0,190000004199,7035947724,True,False,False,0,0,0
tune,dataflow_vs_b3,incidents,only_b3_side,privileged,10033,6,plain,,False,1,0,204000004134,219671766,True,False,False,0,0,0
tune,dataflow_vs_b3,incidents,only_b3_side,privileged,10033,8,decoy,,False,1,0,272500004166,10836092212,False,False,False,0,0,0
tune,dataflow_vs_b3,incidents,only_b3_side,privileged,10033,9,plain,,False,1,1,285500004155,18408849626,True,False,False,0,0,0
tune,dataflow_vs_b3,incidents,only_b3_side,privileged,10034,0,plain,,False,1,0,18500007260,316785962,True,False,False,0,0,0
tune,dataflow_vs_b3,incidents,only_b3_side,privileged,10034,1,plain,,False,1,0,30000007316,1425434733,True,False,False,0,0,0
tune,dataflow_vs_b3,incidents,only_b3_side,privileged,10034,10,plain,,False,1,0,129000003641,5528436188,True,False,False,0,0,0
tune,dataflow_vs_b3,incidents,only_b3_side,privileged,10034,11,decoy,,False,1,0,140500003664,10662847364,False,False,False,0,0,0
tune,dataflow_vs_b3,incidents,only_b3_side,privileged,10034,13,plain,,False,1,0,144500003652,388341073,True,False,False,0,0,0
tune,dataflow_vs_b3,incidents,only_b3_side,privileged,10034,14,plain,,False,1,0,156000003652,156550970,True,False,False,0,0,0
tune,dataflow_vs_b3,incidents,only_b3_side,privileged,10034,15,plain,,False,1,0,204500003652,6434995997,True,False,False,0,0,0
tune,dataflow_vs_b3,incidents,only_b3_side,privileged,10034,16,plain,,False,1,0,205000003664,2886005964,True,False,False,0,0,0
tune,dataflow_vs_b3,incidents,only_b3_side,privileged,10034,19,plain,,False,1,0,245500003664,4953543152,True,False,False,0,0,0
tune,dataflow_vs_b3,incidents,only_b3_side,privileged,10034,2,plain,,True,1,0,30000007316,475099977,True,False,False,0,0,0
tune,dataflow_vs_b3,incidents,only_b3_side,privileged,10034,20,plain,,False,1,0,267500003674,4327921161,True,False,False,0,0,0
tune,dataflow_vs_b3,incidents,only_b3_side,privileged,10034,21,plain,,False,1,0,285500003641,402502324,True,False,False,0,0,0
tune,dataflow_vs_b3,incidents,only_b3_side,privileged,10034,22,plain,,False,1,0,322500003652,5866441019,True,False,False,0,0,0
tune,dataflow_vs_b3,incidents,only_b3_side,privileged,10034,23,plain,,False,1,1,363500007414,316020859,True,False,False,0,0,0
tune,dataflow_vs_b3,incidents,only_b3_side,privileged,10034,24,plain,,False,1,0,383500003652,4004685171,True,False,False,0,0,0
tune,dataflow_vs_b3,incidents,only_b3_side,privileged,10034,25,plain,,False,2,0,403500003641,3340722682,True,False,False,0,0,0
tune,dataflow_vs_b3,incidents,only_b3_side,privileged,10034,26,plain,,False,1,0,435000003652,1027693806,True,False,False,0,0,0
tune,dataflow_vs_b3,incidents,only_b3_side,privileged,10034,27,plain,,False,1,0,454000003652,1440121494,True,False,False,0,0,0
tune,dataflow_vs_b3,incidents,only_b3_side,privileged,10034,28,plain,,False,1,0,463500003652,2392464194,True,False,False,0,0,0
tune,dataflow_vs_b3,incidents,only_b3_side,privileged,10034,29,hard,slow_leak,False,1,1,515000000000,25241461520,True,False,False,1,1,1
tune,dataflow_vs_b3,incidents,only_b3_side,privileged,10034,30,plain,,False,1,0,526000003652,4999565713,True,False,False,0,0,0
tune,dataflow_vs_b3,incidents,only_b3_side,privileged,10034,4,plain,,False,1,0,42000003652,2652530694,True,False,False,0,0,0
tune,dataflow_vs_b3,incidents,only_b3_side,privileged,10034,5,plain,,True,1,0,43000003630,2902826808,True,False,False,0,0,0
tune,dataflow_vs_b3,incidents,only_b3_side,privileged,10034,6,plain,,False,2,0,44500003630,2249765780,True,False,False,0,0,0
tune,dataflow_vs_b3,incidents,only_b3_side,privileged,10034,7,plain,,False,1,0,105000003652,1514735461,True,False,False,0,0,0
tune,dataflow_vs_b3,incidents,only_b3_side,privileged,10034,8,plain,,False,1,0,121500003696,8822379405,True,False,False,0,0,0
tune,dataflow_vs_b3,incidents,only_b3_side,privileged,10034,9,hard,cascade,False,1,1,144000000000,22108160974,True,False,False,1,1,1
tune,dataflow_vs_b3,incidents,only_b3_side,privileged,10035,0,hard,cascade,False,1,2,38000000000,18939611476,True,False,False,1,1,1
tune,dataflow_vs_b3,incidents,only_b3_side,privileged,10035,1,plain,,False,1,0,26000003373,143429820,True,False,False,0,0,0
tune,dataflow_vs_b3,incidents,only_b3_side,privileged,10035,11,decoy,,False,1,0,395000003384,10045722645,False,False,False,0,0,0
tune,dataflow_vs_b3,incidents,only_b3_side,privileged,10035,12,decoy,,False,1,1,414000003373,24239989494,False,False,False,0,0,0
tune,dataflow_vs_b3,incidents,only_b3_side,privileged,10035,13,plain,,False,1,0,391500006779,310524353,True,False,False,0,0,0
tune,dataflow_vs_b3,incidents,only_b3_side,privileged,10035,14,plain,,False,1,1,435000006714,342871030,True,False,False,0,0,0
tune,dataflow_vs_b3,incidents,only_b3_side,privileged,10035,15,plain,,False,1,0,465000003352,299091234,True,False,False,0,0,0
tune,dataflow_vs_b3,incidents,only_b3_side,privileged,10035,16,plain,,True,1,1,469000003395,18505542,True,False,False,0,0,0
tune,dataflow_vs_b3,incidents,only_b3_side,privileged,10035,17,plain,,False,2,0,483500003373,1636789870,True,False,False,0,0,0
tune,dataflow_vs_b3,incidents,only_b3_side,privileged,10035,18,plain,,False,1,0,482500003363,156315766,True,False,False,0,0,0
tune,dataflow_vs_b3,incidents,only_b3_side,privileged,10035,19,plain,,True,1,0,488000003384,4253594957,True,False,False,0,0,0
tune,dataflow_vs_b3,incidents,only_b3_side,privileged,10035,20,plain,,False,1,0,490500003363,1419853514,True,False,False,0,0,0
tune,dataflow_vs_b3,incidents,only_b3_side,privileged,10035,21,plain,,False,1,0,498500003363,1015828201,True,False,False,0,0,0
tune,dataflow_vs_b3,incidents,only_b3_side,privileged,10035,22,plain,,True,1,0,533500003407,9897864509,True,False,False,0,0,0
tune,dataflow_vs_b3,incidents,only_b3_side,privileged,10035,3,plain,,False,1,0,80000003363,692981842,True,False,False,0,0,0
tune,dataflow_vs_b3,incidents,only_b3_side,privileged,10035,6,plain,,False,1,3,177000006746,1344198637,True,False,False,0,0,0
tune,dataflow_vs_b3,incidents,only_b3_side,privileged,10035,9,plain,,True,1,0,342000003384,2770265666,True,False,False,0,0,0
tune,dataflow_vs_b3,incidents,only_b3_side,privileged,10036,0,plain,,False,1,3,29500014447,184325837,True,False,False,0,0,0
tune,dataflow_vs_b3,incidents,only_b3_side,privileged,10036,1,plain,,False,1,0,56500003598,191298075,True,False,False,0,0,0
tune,dataflow_vs_b3,incidents,only_b3_side,privileged,10036,10,plain,,False,1,0,310000003664,5693583388,True,False,False,0,0,0
tune,dataflow_vs_b3,incidents,only_b3_side,privileged,10036,11,plain,,False,1,1,350500003652,274088576,True,False,False,0,0,0
tune,dataflow_vs_b3,incidents,only_b3_side,privileged,10036,12,plain,,False,1,0,352500003652,374047704,True,False,False,0,0,0
tune,dataflow_vs_b3,incidents,only_b3_side,privileged,10036,13,plain,,True,1,0,368000003728,468919139,True,False,False,0,0,0
tune,dataflow_vs_b3,incidents,only_b3_side,privileged,10036,14,plain,,False,1,0,489500003685,56624329146,True,False,False,0,0,0
tune,dataflow_vs_b3,incidents,only_b3_side,privileged,10036,15,plain,,True,1,3,436000010848,427622363,True,False,False,0,0,0
tune,dataflow_vs_b3,incidents,only_b3_side,privileged,10036,16,plain,,False,1,0,445500003630,1889300946,True,False,False,0,0,0
tune,dataflow_vs_b3,incidents,only_b3_side,privileged,10036,18,plain,,False,1,0,492000003641,1811809072,True,False,False,0,0,0
tune,dataflow_vs_b3,incidents,only_b3_side,privileged,10036,19,plain,,False,1,0,524000003641,2925822896,True,False,False,0,0,0
tune,dataflow_vs_b3,incidents,only_b3_side,privileged,10036,2,plain,,False,1,1,96000003620,254659830,True,False,False,0,0,0
tune,dataflow_vs_b3,incidents,only_b3_side,privileged,10036,3,plain,,True,1,0,150500003641,261368669,True,False,False,0,0,0
tune,dataflow_vs_b3,incidents,only_b3_side,privileged,10036,4,plain,,False,1,1,160000007261,396552936,True,False,False,0,0,0
tune,dataflow_vs_b3,incidents,only_b3_side,privileged,10036,5,plain,,False,1,0,188500003664,186729142,True,False,False,0,0,0
tune,dataflow_vs_b3,incidents,only_b3_side,privileged,10036,6,plain,,False,1,0,235000003652,7648103136,True,False,False,0,0,0
tune,dataflow_vs_b3,incidents,only_b3_side,privileged,10036,8,plain,,False,1,0,249000003685,64838387,True,False,False,0,0,0
tune,dataflow_vs_b3,incidents,only_b3_side,privileged,10036,9,plain,,False,1,0,273000003630,3692275964,True,False,False,0,0,0
tune,dataflow_vs_b3,incidents,only_b3_side,privileged,10037,0,plain,,False,1,0,12500004188,96812402,True,False,False,0,0,0
tune,dataflow_vs_b3,incidents,only_b3_side,privileged,10037,1,plain,,False,1,0,43500004134,4398521150,True,False,False,0,0,0
tune,dataflow_vs_b3,incidents,only_b3_side,privileged,10037,10,plain,,False,1,0,264500004155,5018801727,True,False,False,0,0,0
tune,dataflow_vs_b3,incidents,only_b3_side,privileged,10037,11,plain,,False,1,0,266000004155,2462553460,True,False,False,0,0,0
tune,dataflow_vs_b3,incidents,only_b3_side,privileged,10037,12,plain,,False,2,0,294500004155,1745363257,True,False,False,0,0,0
tune,dataflow_vs_b3,incidents,only_b3_side,privileged,10037,17,plain,,False,1,0,350000004155,1652669510,True,False,False,0,0,0
tune,dataflow_vs_b3,incidents,only_b3_side,privileged,10037,19,plain,,False,1,0,389500004134,1473588214,True,False,False,0,0,0
tune,dataflow_vs_b3,incidents,only_b3_side,privileged,10037,2,plain,,False,1,0,73500004134,29458030,True,False,False,0,0,0
tune,dataflow_vs_b3,incidents,only_b3_side,privileged,10037,25,plain,,False,1,0,521000004155,2073600069,True,False,False,0,0,0
tune,dataflow_vs_b3,incidents,only_b3_side,privileged,10037,26,plain,,False,1,0,521500004166,824648414,True,False,False,0,0,0
tune,dataflow_vs_b3,incidents,only_b3_side,privileged,10037,3,plain,,False,1,0,82000004123,1427387147,True,False,False,0,0,0
tune,dataflow_vs_b3,incidents,only_b3_side,privileged,10037,4,plain,,False,1,1,101000008267,415683672,True,False,False,0,0,0
tune,dataflow_vs_b3,incidents,only_b3_side,privileged,10037,5,plain,,False,1,0,103000004144,1748515852,True,False,False,0,0,0
tune,dataflow_vs_b3,incidents,only_b3_side,privileged,10037,6,plain,,False,1,0,138500004210,16134513733,True,False,False,0,0,0
tune,dataflow_vs_b3,incidents,only_b3_side,privileged,10037,7,plain,,False,1,0,171000004144,1656665792,True,False,False,0,0,0
tune,dataflow_vs_b3,incidents,only_b3_side,privileged,10037,8,plain,,False,1,0,209500004144,163710542,True,False,False,0,0,0
tune,dataflow_vs_b3,incidents,only_b3_side,privileged,10038,0,decoy,,False,1,0,20000003384,10173074957,False,False,False,0,0,0
tune,dataflow_vs_b3,incidents,only_b3_side,privileged,10038,12,plain,,False,1,0,227000003407,6010052821,True,False,False,0,0,0
tune,dataflow_vs_b3,incidents,only_b3_side,privileged,10038,13,plain,,False,1,0,234500003384,1423342049,True,False,False,0,0,0
tune,dataflow_vs_b3,incidents,only_b3_side,privileged,10038,14,plain,,False,1,0,243500003384,2523500809,True,False,False,0,0,0
tune,dataflow_vs_b3,incidents,only_b3_side,privileged,10038,15,decoy,,False,1,0,284000003373,8799497779,False,False,False,0,0,0
tune,dataflow_vs_b3,incidents,only_b3_side,privileged,10038,16,hard,compound,True,1,2,325500000000,30450853064,False,True,True,1,1,1
tune,dataflow_vs_b3,incidents,only_b3_side,privileged,10038,17,plain,,False,1,0,334500003384,1131240494,True,False,False,0,0,0
tune,dataflow_vs_b3,incidents,only_b3_side,privileged,10038,18,hard,cascade,False,1,2,392500000000,22265985866,True,False,False,1,1,1
tune,dataflow_vs_b3,incidents,only_b3_side,privileged,10038,19,hard,compound,True,1,1,397500000000,25197359611,False,True,True,1,1,1
tune,dataflow_vs_b3,incidents,only_b3_side,privileged,10038,2,plain,,False,1,0,60000010174,177798774,True,False,False,0,0,0
tune,dataflow_vs_b3,incidents,only_b3_side,privileged,10038,20,plain,,True,1,0,380000003395,3890921486,True,False,False,0,0,0
tune,dataflow_vs_b3,incidents,only_b3_side,privileged,10038,23,plain,,False,1,0,434500003439,15712196919,True,False,False,0,0,0
tune,dataflow_vs_b3,incidents,only_b3_side,privileged,10038,26,plain,,False,1,0,455000003395,6498119401,True,False,False,0,0,0
tune,dataflow_vs_b3,incidents,only_b3_side,privileged,10038,27,plain,,False,1,0,506000003417,4947198186,True,False,False,0,0,0
tune,dataflow_vs_b3,incidents,only_b3_side,privileged,10038,28,plain,,False,1,0,537500003395,5282462473,True,False,False,0,0,0
tune,dataflow_vs_b3,incidents,only_b3_side,privileged,10038,3,plain,,False,1,0,94500003373,2780256695,True,False,False,0,0,0
tune,dataflow_vs_b3,incidents,only_b3_side,privileged,10038,5,plain,,False,1,0,119000003352,492014516,True,False,False,0,0,0
tune,dataflow_vs_b3,incidents,only_b3_side,privileged,10038,6,plain,,False,1,0,134000003395,6987926649,True,False,False,0,0,0
tune,dataflow_vs_b3,incidents,only_b3_side,privileged,10038,7,plain,,False,2,0,155500003373,2482662750,True,False,False,0,0,0
tune,dataflow_vs_b3,incidents,only_b3_side,privileged,10038,8,plain,,False,1,1,164000006726,312025560,True,False,False,0,0,0
tune,dataflow_vs_b3,incidents,only_b3_side,privileged,10039,0,plain,,False,1,0,3000004401,1737139100,True,False,False,0,0,0
tune,dataflow_vs_b3,incidents,only_b3_side,privileged,10039,11,plain,,False,1,0,236500008802,2581451811,True,False,False,0,0,0
tune,dataflow_vs_b3,incidents,only_b3_side,privileged,10039,12,hard,split_brain,False,1,2,254000000000,20068482440,True,False,False,1,1,1
tune,dataflow_vs_b3,incidents,only_b3_side,privileged,10039,13,plain,,False,1,0,243500004401,1310601212,True,False,False,0,0,0
tune,dataflow_vs_b3,incidents,only_b3_side,privileged,10039,14,plain,,False,1,0,251500004401,1932091666,True,False,False,0,0,0
tune,dataflow_vs_b3,incidents,only_b3_side,privileged,10039,15,plain,,False,1,0,282500004391,428850811,True,False,False,0,0,0
tune,dataflow_vs_b3,incidents,only_b3_side,privileged,10039,16,decoy,,False,1,0,314500004401,9501655890,False,False,False,0,0,0
tune,dataflow_vs_b3,incidents,only_b3_side,privileged,10039,17,plain,,False,1,2,335000008803,132458680,True,False,False,0,0,0
tune,dataflow_vs_b3,incidents,only_b3_side,privileged,10039,19,plain,,False,1,0,394500004435,513478327,True,False,False,0,0,0
tune,dataflow_vs_b3,incidents,only_b3_side,privileged,10039,20,plain,,False,1,0,424000004412,1536514343,True,False,False,0,0,0
tune,dataflow_vs_b3,incidents,only_b3_side,privileged,10039,21,plain,,False,1,0,436500004391,3494410996,True,False,False,0,0,0
tune,dataflow_vs_b3,incidents,only_b3_side,privileged,10039,22,hard,split_brain,False,1,4,456000000000,20141952788,True,False,False,2,1,1
tune,dataflow_vs_b3,incidents,only_b3_side,privileged,10039,24,plain,,False,1,1,504500004391,1759096675,True,False,False,0,0,0
tune,dataflow_vs_b3,incidents,only_b3_side,privileged,10039,25,plain,,False,1,0,539000008858,383176816,True,False,False,0,0,0
tune,dataflow_vs_b3,incidents,only_b3_side,privileged,10039,4,plain,,False,1,0,51000004391,431721249,True,False,False,0,0,0
tune,dataflow_vs_b3,incidents,only_b3_side,privileged,10039,6,plain,,False,1,0,124000004435,397027280,True,False,False,0,0,0
tune,dataflow_vs_b3,incidents,only_b3_side,privileged,10039,7,plain,,False,1,0,186000004391,360635333,True,False,False,0,0,0
tune,dataflow_vs_b3,incidents,only_b3_side,privileged,10039,8,plain,,False,1,0,202000004423,232585809,True,False,False,0,0,0
tune,dataflow_vs_b3,incidents,only_b3_side,privileged,10040,0,plain,,False,1,0,13500008803,1615053399,True,False,False,0,0,0
tune,dataflow_vs_b3,incidents,only_b3_side,privileged,10040,1,plain,,False,1,0,123000004401,1899587495,True,False,False,0,0,0
tune,dataflow_vs_b3,incidents,only_b3_side,privileged,10040,10,plain,,True,1,0,236500004412,7152538906,True,False,False,0,0,0
tune,dataflow_vs_b3,incidents,only_b3_side,privileged,10040,11,plain,,False,1,0,230500004391,291114540,True,False,False,0,0,0
tune,dataflow_vs_b3,incidents,only_b3_side,privileged,10040,12,plain,,False,1,0,297000004401,2811879701,True,False,False,0,0,0
tune,dataflow_vs_b3,incidents,only_b3_side,privileged,10040,13,plain,,False,1,0,328500004423,207723748,True,False,False,0,0,0
tune,dataflow_vs_b3,incidents,only_b3_side,privileged,10040,14,plain,,False,1,0,343500004412,2409185992,True,False,False,0,0,0
tune,dataflow_vs_b3,incidents,only_b3_side,privileged,10040,15,plain,,False,1,2,364500008847,172538066,True,False,False,0,0,0
tune,dataflow_vs_b3,incidents,only_b3_side,privileged,10040,17,plain,,False,1,0,428000004391,3059978433,True,False,False,0,0,0
tune,dataflow_vs_b3,incidents,only_b3_side,privileged,10040,19,plain,,True,1,0,517000004445,9293948242,True,False,False,0,0,0
tune,dataflow_vs_b3,incidents,only_b3_side,privileged,10040,2,hard,cascade,False,1,4,148500004445,18552089798,True,False,False,1,1,1
tune,dataflow_vs_b3,incidents,only_b3_side,privileged,10040,20,plain,,True,1,0,523000004401,2055148359,True,False,False,0,0,0
tune,dataflow_vs_b3,incidents,only_b3_side,privileged,10040,21,plain,,True,1,0,526500004423,5162109866,True,False,False,0,0,0
tune,dataflow_vs_b3,incidents,only_b3_side,privileged,10040,3,plain,,False,3,0,137000004391,5930105,True,False,False,0,0,0
tune,dataflow_vs_b3,incidents,only_b3_side,privileged,10040,4,plain,,False,1,0,141000004380,96469017,True,False,False,0,0,0
tune,dataflow_vs_b3,incidents,only_b3_side,privileged,10040,6,plain,,False,1,1,195000004401,605896987,True,False,False,0,0,0
tune,dataflow_vs_b3,incidents,only_b3_side,privileged,10040,7,plain,,False,1,1,196500008781,320296733,True,False,False,0,0,0
tune,dataflow_vs_b3,incidents,only_b3_side,privileged,10040,9,plain,,False,1,0,206500004401,557804794,True,False,False,0,0,0
tune,dataflow_vs_b3,incidents,only_b3_side,privileged,10041,0,plain,,False,1,0,52000003866,376223337,True,False,False,0,0,0
tune,dataflow_vs_b3,incidents,only_b3_side,privileged,10041,1,plain,,True,1,0,58500003877,1985835136,True,False,False,0,0,0
tune,dataflow_vs_b3,incidents,only_b3_side,privileged,10041,10,plain,,False,1,0,294000003909,5070523911,True,False,False,0,0,0
tune,dataflow_vs_b3,incidents,only_b3_side,privileged,10041,11,plain,,False,1,0,299000003931,349136054,True,False,False,0,0,0
tune,dataflow_vs_b3,incidents,only_b3_side,privileged,10041,12,plain,,True,1,0,317000003909,4863235939,True,False,False,0,0,0
tune,dataflow_vs_b3,incidents,only_b3_side,privileged,10041,13,plain,,False,1,0,318500003887,1266745925,True,False,False,0,0,0
tune,dataflow_vs_b3,incidents,only_b3_side,privileged,10041,14,plain,,False,1,0,321500003898,2866086391,True,False,False,0,0,0
tune,dataflow_vs_b3,incidents,only_b3_side,privileged,10041,15,plain,,False,1,0,323500003855,8755535,True,False,False,0,0,0
tune,dataflow_vs_b3,incidents,only_b3_side,privileged,10041,16,plain,,False,1,0,349500003898,3686258961,True,False,False,0,0,0
tune,dataflow_vs_b3,incidents,only_b3_side,privileged,10041,17,plain,,True,1,0,435500003877,954362787,True,False,False,0,0,0
tune,dataflow_vs_b3,incidents,only_b3_side,privileged,10041,18,plain,,False,1,0,445000003898,3504208176,True,False,False,0,0,0
tune,dataflow_vs_b3,incidents,only_b3_side,privileged,10041,19,plain,,False,1,0,446000003898,2666355627,True,False,False,0,0,0
tune,dataflow_vs_b3,incidents,only_b3_side,privileged,10041,2,plain,,False,1,1,85000007819,443272894,True,False,False,0,0,0
tune,dataflow_vs_b3,incidents,only_b3_side,privileged,10041,20,plain,,False,1,0,456000003898,4094407140,True,False,False,0,0,0
tune,dataflow_vs_b3,incidents,only_b3_side,privileged,10041,21,plain,,False,1,1,483500003887,2376878875,True,False,False,0,0,0
tune,dataflow_vs_b3,incidents,only_b3_side,privileged,10041,22,plain,,False,1,0,484000003898,1385426129,True,False,False,0,0,0
tune,dataflow_vs_b3,incidents,only_b3_side,privileged,10041,23,plain,,True,1,0,533500007808,715214175,True,False,False,0,0,0
tune,dataflow_vs_b3,incidents,only_b3_side,privileged,10041,24,plain,,False,1,0,548000003909,8273987796,True,False,False,0,0,0
tune,dataflow_vs_b3,incidents,only_b3_side,privileged,10041,3,plain,,False,1,1,132000007754,476759689,True,False,False,0,0,0
tune,dataflow_vs_b3,incidents,only_b3_side,privileged,10041,5,plain,,False,1,0,136000003866,421999661,True,False,False,0,0,0
tune,dataflow_vs_b3,incidents,only_b3_side,privileged,10041,6,plain,,True,1,0,145000003877,95663861,True,False,False,0,0,0
tune,dataflow_vs_b3,incidents,only_b3_side,privileged,10041,8,plain,,False,2,1,223000007785,6551903233,True,False,False,0,0,0
tune,dataflow_vs_b3,incidents,only_b3_side,privileged,10041,9,plain,,True,1,2,264000007862,404083618,True,False,False,0,0,0
tune,dataflow_vs_b3,incidents,only_b3_side,privileged,10042,0,plain,,False,2,0,23000003750,113119839,True,False,False,0,0,0
tune,dataflow_vs_b3,incidents,only_b3_side,privileged,10042,1,plain,,False,1,0,32500003630,1676561447,True,False,False,0,0,0
tune,dataflow_vs_b3,incidents,only_b3_side,privileged,10042,10,plain,,False,1,0,173000003641,3005335417,True,False,False,0,0,0
tune,dataflow_vs_b3,incidents,only_b3_side,privileged,10042,11,plain,,False,1,0,215500003630,1093394851,True,False,False,0,0,0
tune,dataflow_vs_b3,incidents,only_b3_side,privileged,10042,12,plain,,True,1,0,237000003652,7971492376,True,False,False,0,0,0
tune,dataflow_vs_b3,incidents,only_b3_side,privileged,10042,13,plain,,False,1,0,258500003641,451860450,True,False,False,0,0,0
tune,dataflow_vs_b3,incidents,only_b3_side,privileged,10042,14,plain,,False,2,0,285000003630,1810776930,True,False,False,0,0,0
tune,dataflow_vs_b3,incidents,only_b3_side,privileged,10042,15,plain,,False,1,0,288000003620,430092613,True,False,False,0,0,0
tune,dataflow_vs_b3,incidents,only_b3_side,privileged,10042,16,plain,,False,1,0,298500003652,2182681903,True,False,False,0,0,0
tune,dataflow_vs_b3,incidents,only_b3_side,privileged,10042,17,plain,,False,1,0,348500003630,2101908354,True,False,False,0,0,0
tune,dataflow_vs_b3,incidents,only_b3_side,privileged,10042,18,hard,compound,True,1,1,418000000000,18685623207,True,False,False,1,1,1
tune,dataflow_vs_b3,incidents,only_b3_side,privileged,10042,19,plain,,False,1,0,461500003652,6987682155,True,False,False,0,0,0
tune,dataflow_vs_b3,incidents,only_b3_side,privileged,10042,2,plain,,True,1,0,54000003620,295139141,True,False,False,0,0,0
tune,dataflow_vs_b3,incidents,only_b3_side,privileged,10042,20,plain,,True,1,0,466000003641,4532282456,True,False,False,0,0,0
tune,dataflow_vs_b3,incidents,only_b3_side,privileged,10042,21,plain,,False,1,0,486000003652,3438909999,True,False,False,0,0,0
tune,dataflow_vs_b3,incidents,only_b3_side,privileged,10042,23,hard,compound,True,1,3,518000000000,18656689372,True,False,False,2,1,1
tune,dataflow_vs_b3,incidents,only_b3_side,privileged,10042,3,plain,,False,1,0,62000003630,405555893,True,False,False,0,0,0
tune,dataflow_vs_b3,incidents,only_b3_side,privileged,10042,4,plain,,False,1,0,81500003641,2759411940,True,False,False,0,0,0
tune,dataflow_vs_b3,incidents,only_b3_side,privileged,10042,5,plain,,False,1,0,87000003641,269694743,True,False,False,0,0,0
tune,dataflow_vs_b3,incidents,only_b3_side,privileged,10042,6,plain,,False,1,0,94500003641,303077533,True,False,False,0,0,0
tune,dataflow_vs_b3,incidents,only_b3_side,privileged,10042,7,plain,,False,1,0,131000003641,4568261827,True,False,False,0,0,0
tune,dataflow_vs_b3,incidents,only_b3_side,privileged,10042,8,plain,,False,1,1,155000003664,3327999100,True,False,False,0,0,0
tune,dataflow_vs_b3,incidents,only_b3_side,privileged,10042,9,hard,cascade,False,1,1,175500000000,20781380029,True,False,False,1,1,1
tune,dataflow_vs_b3,incidents,only_b3_side,privileged,10043,0,plain,,False,1,0,54500004199,304912729,True,False,False,0,0,0
tune,dataflow_vs_b3,incidents,only_b3_side,privileged,10043,10,plain,,False,1,0,319000004166,337893942,True,False,False,0,0,0
tune,dataflow_vs_b3,incidents,only_b3_side,privileged,10043,11,plain,,False,1,0,319500008312,372189795,True,False,False,0,0,0
tune,dataflow_vs_b3,incidents,only_b3_side,privileged,10043,12,decoy,,False,1,2,350000004144,22302696030,False,False,False,0,0,0
tune,dataflow_vs_b3,incidents,only_b3_side,privileged,10043,14,plain,,False,1,0,345000004144,2460997270,True,False,False,0,0,0
tune,dataflow_vs_b3,incidents,only_b3_side,privileged,10043,15,plain,,False,1,0,408500004155,3196096044,True,False,False,0,0,0
tune,dataflow_vs_b3,incidents,only_b3_side,privileged,10043,16,plain,,False,1,0,449500004134,174400398,True,False,False,0,0,0
tune,dataflow_vs_b3,incidents,only_b3_side,privileged,10043,17,plain,,False,1,0,476500004144,1225351706,True,False,False,0,0,0
tune,dataflow_vs_b3,incidents,only_b3_side,privileged,10043,2,decoy,,False,1,0,89500004155,9955290176,False,False,False,0,0,0
tune,dataflow_vs_b3,incidents,only_b3_side,privileged,10043,4,plain,,False,1,0,145000004166,276977809,True,False,False,0,0,0
tune,dataflow_vs_b3,incidents,only_b3_side,privileged,10043,6,decoy,,False,1,0,215500008299,10356780199,False,False,False,0,0,0
tune,dataflow_vs_b3,incidents,only_b3_side,privileged,10043,8,plain,,False,1,1,219000004166,3809663127,True,False,False,0,0,0
tune,dataflow_vs_b3,incidents,only_b3_side,privileged,10043,9,plain,,False,1,0,318000004155,7460773186,True,False,False,0,0,0
tune,dataflow_vs_b3,incidents,only_b3_side,privileged,10044,0,plain,,False,1,0,13500003609,418037416,True,False,False,0,0,0
tune,dataflow_vs_b3,incidents,only_b3_side,privileged,10044,1,plain,,False,1,0,20000003609,178518980,True,False,False,0,0,0
tune,dataflow_vs_b3,incidents,only_b3_side,privileged,10044,10,decoy,,False,1,0,128000003630,8748547877,False,False,False,0,0,0
tune,dataflow_vs_b3,incidents,only_b3_side,privileged,10044,11,plain,,False,1,0,173500003630,6061065917,True,False,False,0,0,0
tune,dataflow_vs_b3,incidents,only_b3_side,privileged,10044,12,plain,,False,1,0,178500007304,4455571180,True,False,False,0,0,0
tune,dataflow_vs_b3,incidents,only_b3_side,privileged,10044,13,plain,,False,1,0,178500007304,445653506,True,False,False,0,0,0
tune,dataflow_vs_b3,incidents,only_b3_side,privileged,10044,15,plain,,True,1,0,224500003707,75706604,True,False,False,0,0,0
tune,dataflow_vs_b3,incidents,only_b3_side,privileged,10044,16,plain,,False,1,0,266500003652,5581767273,True,False,False,0,0,0
tune,dataflow_vs_b3,incidents,only_b3_side,privileged,10044,17,plain,,False,1,0,277500003641,1514910633,True,False,False,0,0,0
tune,dataflow_vs_b3,incidents,only_b3_side,privileged,10044,18,plain,,False,1,0,292000003630,2542277732,True,False,False,0,0,0
tune,dataflow_vs_b3,incidents,only_b3_side,privileged,10044,2,plain,,False,1,0,41500007261,161807708,True,False,False,0,0,0
tune,dataflow_vs_b3,incidents,only_b3_side,privileged,10044,20,plain,,False,1,0,296000003641,1234704857,True,False,False,0,0,0
tune,dataflow_vs_b3,incidents,only_b3_side,privileged,10044,21,hard,slow_leak,False,1,1,335000000000,26693270157,True,False,False,1,1,1
tune,dataflow_vs_b3,incidents,only_b3_side,privileged,10044,22,plain,,False,1,0,322500003641,4746414639,True,False,False,0,0,0
tune,dataflow_vs_b3,incidents,only_b3_side,privileged,10044,23,plain,,False,1,1,335500003641,2329325385,True,False,False,0,0,0
tune,dataflow_vs_b3,incidents,only_b3_side,privileged,10044,24,plain,,False,1,0,363500003652,6216425663,True,False,False,0,0,0
tune,dataflow_vs_b3,incidents,only_b3_side,privileged,10044,26,plain,,False,1,0,386500003652,4983715948,True,False,False,0,0,0
tune,dataflow_vs_b3,incidents,only_b3_side,privileged,10044,27,plain,,False,1,0,387000003641,670582607,True,False,False,0,0,0
tune,dataflow_vs_b3,incidents,only_b3_side,privileged,10044,28,plain,,False,1,0,402000003685,6198911063,True,False,False,0,0,0
tune,dataflow_vs_b3,incidents,only_b3_side,privileged,10044,29,hard,slow_leak,False,1,1,441000000000,25427797886,True,False,False,1,1,1
tune,dataflow_vs_b3,incidents,only_b3_side,privileged,10044,31,plain,,False,1,0,430500007304,4219820199,True,False,False,0,0,0
tune,dataflow_vs_b3,incidents,only_b3_side,privileged,10044,33,hard,split_brain,True,1,1,498000003641,21730389812,True,False,False,1,1,1
tune,dataflow_vs_b3,incidents,only_b3_side,privileged,10044,37,plain,,False,1,0,508500003685,231030270,True,False,False,0,0,0
tune,dataflow_vs_b3,incidents,only_b3_side,privileged,10044,38,plain,,False,1,0,535500003664,6860289186,True,False,False,0,0,0
tune,dataflow_vs_b3,incidents,only_b3_side,privileged,10044,39,plain,,False,1,0,540500003664,6396434673,True,False,False,0,0,0
tune,dataflow_vs_b3,incidents,only_b3_side,privileged,10044,4,plain,,False,1,0,69000003630,3980360758,True,False,False,0,0,0
tune,dataflow_vs_b3,incidents,only_b3_side,privileged,10044,5,plain,,False,1,0,72000003609,375709250,True,False,False,0,0,0
tune,dataflow_vs_b3,incidents,only_b3_side,privileged,10044,6,plain,,False,1,0,80000003685,8192365661,True,False,False,0,0,0
tune,dataflow_vs_b3,incidents,only_b3_side,privileged,10044,7,plain,,False,1,0,95500003652,7235632167,True,False,False,0,0,0
tune,dataflow_vs_b3,incidents,only_b3_side,privileged,10044,8,plain,,False,1,0,102500003630,2691290342,True,False,False,0,0,0
tune,dataflow_vs_b3,incidents,only_b3_side,privileged,10044,9,hard,cascade,True,1,1,130500000000,24292931895,True,False,False,1,1,1
tune,dataflow_vs_b3,incidents,only_b3_side,privileged,10045,0,plain,,False,1,1,5000003373,3080623397,True,False,False,0,0,0
tune,dataflow_vs_b3,incidents,only_b3_side,privileged,10045,1,plain,,True,1,0,4000003384,204804720,True,False,False,0,0,0
tune,dataflow_vs_b3,incidents,only_b3_side,privileged,10045,10,plain,,True,1,0,124000003395,4290214835,True,False,False,0,0,0
tune,dataflow_vs_b3,incidents,only_b3_side,privileged,10045,11,plain,,False,1,1,136000003407,6908169320,True,False,False,0,0,0
tune,dataflow_vs_b3,incidents,only_b3_side,privileged,10045,12,plain,,False,1,0,143500003407,4814364370,True,False,False,0,0,0
tune,dataflow_vs_b3,incidents,only_b3_side,privileged,10045,13,plain,,True,1,0,152500003407,2182940617,True,False,False,0,0,0
tune,dataflow_vs_b3,incidents,only_b3_side,privileged,10045,15,plain,,False,1,0,169000003407,5657210893,True,False,False,0,0,0
tune,dataflow_vs_b3,incidents,only_b3_side,privileged,10045,17,plain,,False,1,0,183000003407,5338963759,True,False,False,0,0,0
tune,dataflow_vs_b3,incidents,only_b3_side,privileged,10045,18,plain,,False,1,0,181000003363,330802678,True,False,False,0,0,0
tune,dataflow_vs_b3,incidents,only_b3_side,privileged,10045,19,plain,,False,1,0,201000003363,297303489,True,False,False,0,0,0
tune,dataflow_vs_b3,incidents,only_b3_side,privileged,10045,2,decoy,,False,1,0,27000003373,9178101133,False,False,False,0,0,0
tune,dataflow_vs_b3,incidents,only_b3_side,privileged,10045,20,plain,,False,1,0,221000003384,3726784249,True,False,False,0,0,0
tune,dataflow_vs_b3,incidents,only_b3_side,privileged,10045,21,plain,,False,1,0,224000003407,2152864398,True,False,False,0,0,0
tune,dataflow_vs_b3,incidents,only_b3_side,privileged,10045,22,plain,,True,1,0,228000003407,5748531301,True,False,False,0,0,0
tune,dataflow_vs_b3,incidents,only_b3_side,privileged,10045,23,plain,,False,1,1,250000003417,6042656964,True,False,False,0,0,0
tune,dataflow_vs_b3,incidents,only_b3_side,privileged,10045,25,plain,,False,1,0,290500003407,6928807096,True,False,False,0,0,0
tune,dataflow_vs_b3,incidents,only_b3_side,privileged,10045,26,plain,,False,1,0,298500003417,7135860868,True,False,False,0,0,0
tune,dataflow_vs_b3,incidents,only_b3_side,privileged,10045,27,hard,slow_leak,False,1,1,352500000000,24302899027,True,False,False,1,1,1
tune,dataflow_vs_b3,incidents,only_b3_side,privileged,10045,29,plain,,True,1,0,347500003417,6270063727,True,False,False,0,0,0
tune,dataflow_vs_b3,incidents,only_b3_side,privileged,10045,3,plain,,False,1,0,24500003384,6164691256,True,False,False,0,0,0
tune,dataflow_vs_b3,incidents,only_b3_side,privileged,10045,30,plain,,False,1,0,348500003407,5886197343,True,False,False,0,0,0
tune,dataflow_vs_b3,incidents,only_b3_side,privileged,10045,31,hard,compound,False,1,1,399500000000,29471342455,True,False,False,1,1,1
tune,dataflow_vs_b3,incidents,only_b3_side,privileged,10045,33,hard,compound,False,1,1,543500000000,25808968484,True,False,False,1,1,1
tune,dataflow_vs_b3,incidents,only_b3_side,privileged,10045,4,plain,,False,1,0,40500003407,3392934649,True,False,False,0,0,0
tune,dataflow_vs_b3,incidents,only_b3_side,privileged,10045,5,plain,,False,1,0,51500003363,363169068,True,False,False,0,0,0
tune,dataflow_vs_b3,incidents,only_b3_side,privileged,10045,6,plain,,True,1,0,61500003407,535289088,True,False,False,0,0,0
tune,dataflow_vs_b3,incidents,only_b3_side,privileged,10045,7,plain,,False,1,0,70500003395,6628981669,True,False,False,0,0,0
tune,dataflow_vs_b3,incidents,only_b3_side,privileged,10045,8,decoy,,False,1,0,88000003373,7411018527,False,False,False,0,0,0
tune,dataflow_vs_b3,incidents,only_b3_side,privileged,10045,9,plain,,False,1,0,84500003384,2948558150,True,False,False,0,0,0
tune,dataflow_vs_b3,incidents,only_b3_side,privileged,10046,1,plain,,False,1,0,15500003877,486327475,True,False,False,0,0,0
tune,dataflow_vs_b3,incidents,only_b3_side,privileged,10046,10,plain,,True,1,1,199500007742,432934606,True,False,False,0,0,0
tune,dataflow_vs_b3,incidents,only_b3_side,privileged,10046,12,plain,,False,1,0,227500003898,2550605707,True,False,False,0,0,0
tune,dataflow_vs_b3,incidents,only_b3_side,privileged,10046,13,plain,,False,1,0,303000003898,2070712939,True,False,False,0,0,0
tune,dataflow_vs_b3,incidents,only_b3_side,privileged,10046,14,plain,,True,1,0,326500003898,4789060380,True,False,False,0,0,0
tune,dataflow_vs_b3,incidents,only_b3_side,privileged,10046,15,plain,,True,1,0,332000003964,378973124,True,False,False,0,0,0
tune,dataflow_vs_b3,incidents,only_b3_side,privileged,10046,16,plain,,False,1,0,350500003898,4338278238,True,False,False,0,0,0
tune,dataflow_vs_b3,incidents,only_b3_side,privileged,10046,17,plain,,True,1,0,414000003898,5532673398,True,False,False,0,0,0
tune,dataflow_vs_b3,incidents,only_b3_side,privileged,10046,18,plain,,False,1,0,421500003931,7844788751,True,False,False,0,0,0
tune,dataflow_vs_b3,incidents,only_b3_side,privileged,10046,19,plain,,False,1,0,462500003887,2410697762,True,False,False,0,0,0
tune,dataflow_vs_b3,incidents,only_b3_side,privileged,10046,20,hard,compound,True,1,1,500500000000,18556483845,True,False,False,1,1,1
tune,dataflow_vs_b3,incidents,only_b3_side,privileged,10046,21,plain,,False,1,0,519500003898,3542591300,True,False,False,0,0,0
tune,dataflow_vs_b3,incidents,only_b3_side,privileged,10046,22,plain,,False,1,0,525000003909,4869519717,True,False,False,0,0,0
tune,dataflow_vs_b3,incidents,only_b3_side,privileged,10046,23,plain,,False,1,0,544000003898,5358937902,True,False,False,0,0,0
tune,dataflow_vs_b3,incidents,only_b3_side,privileged,10046,3,plain,,False,1,0,64500003877,480126307,True,False,False,0,0,0
tune,dataflow_vs_b3,incidents,only_b3_side,privileged,10046,4,plain,,False,1,0,86000003909,312814514,True,False,False,0,0,0
tune,dataflow_vs_b3,incidents,only_b3_side,privileged,10046,5,hard,slow_leak,False,1,1,117500000000,23988596196,True,False,False,1,1,1
tune,dataflow_vs_b3,incidents,only_b3_side,privileged,10046,6,plain,,False,1,0,110000003877,917971742,True,False,False,0,0,0
tune,dataflow_vs_b3,incidents,only_b3_side,privileged,10046,7,plain,,False,1,0,120500003887,3082087431,True,False,False,0,0,0
tune,dataflow_vs_b3,incidents,only_b3_side,privileged,10046,8,plain,,True,1,0,139500003898,6783528347,True,False,False,0,0,0
tune,dataflow_vs_b3,incidents,only_b3_side,privileged,10047,0,plain,,False,1,0,8500008792,371063389,True,False,False,0,0,0
tune,dataflow_vs_b3,incidents,only_b3_side,privileged,10047,1,plain,,True,1,0,52000004423,1444276352,True,False,False,0,0,0
tune,dataflow_vs_b3,incidents,only_b3_side,privileged,10047,10,plain,,False,1,0,214000008847,4400738447,True,False,False,0,0,0
tune,dataflow_vs_b3,incidents,only_b3_side,privileged,10047,11,plain,,False,1,0,234000004435,433633664,True,False,False,0,0,0
tune,dataflow_vs_b3,incidents,only_b3_side,privileged,10047,13,plain,,False,1,0,283000004401,557088703,True,False,False,0,0,0
tune,dataflow_vs_b3,incidents,only_b3_side,privileged,10047,16,plain,,False,1,2,354500008857,104736331,True,False,False,0,0,0
tune,dataflow_vs_b3,incidents,only_b3_side,privileged,10047,17,plain,,False,1,0,364500004401,1231411656,True,False,False,0,0,0
tune,dataflow_vs_b3,incidents,only_b3_side,privileged,10047,18,plain,,False,1,0,378000004423,225057463,True,False,False,0,0,0
tune,dataflow_vs_b3,incidents,only_b3_side,privileged,10047,19,plain,,True,1,0,394500004412,6652373975,True,False,False,0,0,0
tune,dataflow_vs_b3,incidents,only_b3_side,privileged,10047,2,plain,,False,1,0,72000004412,1444933213,True,False,False,0,0,0
tune,dataflow_vs_b3,incidents,only_b3_side,privileged,10047,20,plain,,False,1,1,427500004423,306656893,True,False,False,0,0,0
tune,dataflow_vs_b3,incidents,only_b3_side,privileged,10047,22,plain,,False,1,0,512000004423,410832457,True,False,False,0,0,0
tune,dataflow_vs_b3,incidents,only_b3_side,privileged,10047,23,plain,,False,1,0,529500008858,6422519096,True,False,False,0,0,0
tune,dataflow_vs_b3,incidents,only_b3_side,privileged,10047,24,plain,,False,2,0,525000004412,395184323,True,False,False,0,0,0
tune,dataflow_vs_b3,incidents,only_b3_side,privileged,10047,3,plain,,False,1,0,92000004401,216315327,True,False,False,0,0,0
tune,dataflow_vs_b3,incidents,only_b3_side,privileged,10047,4,plain,,True,1,0,134000004369,379697603,True,False,False,0,0,0
tune,dataflow_vs_b3,incidents,only_b3_side,privileged,10047,6,plain,,False,1,1,165500008804,308126668,True,False,False,0,0,0
tune,dataflow_vs_b3,incidents,only_b3_side,privileged,10047,7,plain,,False,1,0,172500004412,1409692284,True,False,False,0,0,0
tune,dataflow_vs_b3,incidents,only_b3_side,privileged,10047,8,plain,,False,1,0,183500004412,4896063865,True,False,False,0,0,0
tune,dataflow_vs_b3,incidents,only_b3_side,privileged,10047,9,plain,,True,1,1,204000004412,314721555,True,False,False,0,0,0
tune,dataflow_vs_b3,incidents,only_b3_side,privileged,10048,0,plain,,True,1,0,24500003598,63211026,True,False,False,0,0,0
tune,dataflow_vs_b3,incidents,only_b3_side,privileged,10048,1,plain,,False,1,1,40000007229,271087262,True,False,False,0,0,0
tune,dataflow_vs_b3,incidents,only_b3_side,privileged,10048,10,plain,,False,1,0,211000007305,4324632699,True,False,False,0,0,0
tune,dataflow_vs_b3,incidents,only_b3_side,privileged,10048,11,plain,,False,1,1,266500007293,2673605822,True,False,False,0,0,0
tune,dataflow_vs_b3,incidents,only_b3_side,privileged,10048,12,plain,,True,1,0,314500003609,934712557,True,False,False,0,0,0
tune,dataflow_vs_b3,incidents,only_b3_side,privileged,10048,14,plain,,True,1,0,360500003652,3937368579,True,False,False,0,0,0
tune,dataflow_vs_b3,incidents,only_b3_side,privileged,10048,15,hard,slow_leak,False,1,1,389000000000,24293277404,True,False,False,1,1,1
tune,dataflow_vs_b3,incidents,only_b3_side,privileged,10048,16,plain,,False,1,0,373500003630,366671064,True,False,False,0,0,0
tune,dataflow_vs_b3,incidents,only_b3_side,privileged,10048,17,plain,,False,1,0,384000003620,263432563,True,False,False,0,0,0
tune,dataflow_vs_b3,incidents,only_b3_side,privileged,10048,18,plain,,False,1,0,408500003641,3574429338,True,False,False,0,0,0
tune,dataflow_vs_b3,incidents,only_b3_side,privileged,10048,19,plain,,False,1,0,468000003630,3943116705,True,False,False,0,0,0
tune,dataflow_vs_b3,incidents,only_b3_side,privileged,10048,2,decoy,,False,1,0,76500003641,10393043775,False,False,False,0,0,0
tune,dataflow_vs_b3,incidents,only_b3_side,privileged,10048,20,plain,,False,1,0,477000003630,1110967809,True,False,False,0,0,0
tune,dataflow_vs_b3,incidents,only_b3_side,privileged,10048,21,plain,,True,1,0,494000003630,165327737,True,False,False,0,0,0
tune,dataflow_vs_b3,incidents,only_b3_side,privileged,10048,23,hard,slow_leak,False,1,1,561000000000,25552315921,True,False,False,1,1,1
tune,dataflow_vs_b3,incidents,only_b3_side,privileged,10048,3,plain,,False,1,0,81500003630,277396757,True,False,False,0,0,0
tune,dataflow_vs_b3,incidents,only_b3_side,privileged,10048,4,plain,,True,1,0,90000003641,2939046600,True,False,False,0,0,0
tune,dataflow_vs_b3,incidents,only_b3_side,privileged,10048,6,hard,slow_leak,False,1,1,171000000000,24819774296,True,False,False,1,1,1
tune,dataflow_vs_b3,incidents,only_b3_side,privileged,10048,7,plain,,False,1,0,185500003620,286968801,True,False,False,0,0,0
tune,dataflow_vs_b3,incidents,only_b3_side,privileged,10048,8,plain,,False,2,0,190000003630,375732296,True,False,False,0,0,0
tune,dataflow_vs_b3,incidents,only_b3_side,privileged,10048,9,plain,,True,1,0,206500003630,2716749867,True,False,False,0,0,0
tune,dataflow_vs_b3,incidents,only_b3_side,privileged,10049,0,plain,,False,1,1,18000007776,207020257,True,False,False,0,0,0
tune,dataflow_vs_b3,incidents,only_b3_side,privileged,10049,1,plain,,False,2,0,55000003975,2701800147,True,False,False,0,0,0
tune,dataflow_vs_b3,incidents,only_b3_side,privileged,10049,10,plain,,False,1,0,152000003909,1935442034,True,False,False,0,0,0
tune,dataflow_vs_b3,incidents,only_b3_side,privileged,10049,11,plain,,False,1,0,159500003909,5840616382,True,False,False,0,0,0
tune,dataflow_vs_b3,incidents,only_b3_side,privileged,10049,12,plain,,False,1,0,170500003909,5445023652,True,False,False,0,0,0
tune,dataflow_vs_b3,incidents,only_b3_side,privileged,10049,13,plain,,False,1,0,191500007840,7913439858,True,False,False,0,0,0
tune,dataflow_vs_b3,incidents,only_b3_side,privileged,10049,16,plain,,False,1,0,260500003909,3907676204,True,False,False,0,0,0
tune,dataflow_vs_b3,incidents,only_b3_side,privileged,10049,18,hard,cascade,False,1,1,341500000000,18815649710,True,False,False,1,1,1
tune,dataflow_vs_b3,incidents,only_b3_side,privileged,10049,21,plain,,False,1,0,425000003887,3151824894,True,False,False,0,0,0
tune,dataflow_vs_b3,incidents,only_b3_side,privileged,10049,22,hard,cascade,True,1,1,468000000000,19021092876,True,False,False,1,1,1
tune,dataflow_vs_b3,incidents,only_b3_side,privileged,10049,23,plain,,False,1,1,461500003877,1364830755,True,False,False,0,0,0
tune,dataflow_vs_b3,incidents,only_b3_side,privileged,10049,24,plain,,False,1,0,470500003909,5367903834,True,False,False,0,0,0
tune,dataflow_vs_b3,incidents,only_b3_side,privileged,10049,25,hard,split_brain,True,1,1,487500000000,21217282249,True,False,False,1,1,1
tune,dataflow_vs_b3,incidents,only_b3_side,privileged,10049,26,hard,slow_leak,False,1,1,512000000000,25363043620,True,False,False,1,1,1
tune,dataflow_vs_b3,incidents,only_b3_side,privileged,10049,27,plain,,False,1,0,520500003898,2392621067,True,False,False,0,0,0
tune,dataflow_vs_b3,incidents,only_b3_side,privileged,10049,3,hard,cascade,False,1,3,77500000000,18915754692,True,False,False,1,1,1
tune,dataflow_vs_b3,incidents,only_b3_side,privileged,10049,6,hard,slow_leak,False,1,1,120500000000,25058712032,True,False,False,1,1,1
tune,dataflow_vs_b3,incidents,only_b3_side,privileged,10049,7,plain,,False,1,1,98000003898,44595539,True,False,False,0,0,0
tune,dataflow_vs_b3,incidents,only_b3_side,privileged,10049,8,plain,,False,1,1,106000003909,1359458313,True,False,False,0,0,0
tune,dataflow_vs_b3,incidents,only_b3_side,privileged,10049,9,plain,,False,1,0,137000003909,3719128122,True,False,False,0,0,0
tune,dataflow_vs_b3,incidents,only_b3_side,privileged,10050,0,plain,,True,1,0,22000004134,317846998,True,False,False,0,0,0
tune,dataflow_vs_b3,incidents,only_b3_side,privileged,10050,1,plain,,False,1,0,29500004178,235759277,True,False,False,0,0,0
tune,dataflow_vs_b3,incidents,only_b3_side,privileged,10050,10,plain,,False,1,0,179500004155,5492645257,True,False,False,0,0,0
tune,dataflow_vs_b3,incidents,only_b3_side,privileged,10050,11,plain,,False,1,0,189500004134,2872426128,True,False,False,0,0,0
tune,dataflow_vs_b3,incidents,only_b3_side,privileged,10050,13,plain,,True,1,1,247000008246,456835827,True,False,False,0,0,0
tune,dataflow_vs_b3,incidents,only_b3_side,privileged,10050,14,plain,,True,1,0,252000004232,520168212,True,False,False,0,0,0
tune,dataflow_vs_b3,incidents,only_b3_side,privileged,10050,16,plain,,True,1,0,308500004144,2862363348,True,False,False,0,0,0
tune,dataflow_vs_b3,incidents,only_b3_side,privileged,10050,17,plain,,True,1,1,338500004221,364527853,True,False,False,0,0,0
tune,dataflow_vs_b3,incidents,only_b3_side,privileged,10050,20,plain,,True,1,0,441000004166,155443202,True,False,False,0,0,0
tune,dataflow_vs_b3,incidents,only_b3_side,privileged,10050,21,plain,,True,2,0,454000004253,230410601,True,False,False,0,0,0
tune,dataflow_vs_b3,incidents,only_b3_side,privileged,10050,22,plain,,True,1,0,480500004134,1112245216,True,False,False,0,0,0
tune,dataflow_vs_b3,incidents,only_b3_side,privileged,10050,23,plain,,False,1,0,494500008343,3129321857,True,False,False,0,0,0
tune,dataflow_vs_b3,incidents,only_b3_side,privileged,10050,24,plain,,True,1,0,494500008343,460696325,True,False,False,0,0,0
tune,dataflow_vs_b3,incidents,only_b3_side,privileged,10050,26,plain,,True,1,0,538000004210,16506124223,False,True,True,0,0,0
tune,dataflow_vs_b3,incidents,only_b3_side,privileged,10050,5,plain,,True,1,0,125000004123,94246624,True,False,False,0,0,0
tune,dataflow_vs_b3,incidents,only_b3_side,privileged,10050,6,plain,,False,1,0,138000004134,3518283670,True,False,False,0,0,0
tune,dataflow_vs_b3,incidents,only_b3_side,privileged,10050,7,plain,,True,1,0,165000004144,2508147390,True,False,False,0,0,0
tune,dataflow_vs_b3,incidents,only_b3_side,privileged,10050,8,plain,,True,1,0,169500004134,403979781,True,False,False,0,0,0
tune,dataflow_vs_b3,incidents,only_b3_side,privileged,10050,9,plain,,False,1,0,171500004166,472281053,True,False,False,0,0,0
tune,dataflow_vs_b3,incidents,only_b3_side,privileged,10051,13,plain,,False,1,0,297000004401,971794449,True,False,False,0,0,0
tune,dataflow_vs_b3,incidents,only_b3_side,privileged,10051,15,plain,,False,1,0,337500004401,297885356,True,False,False,0,0,0
tune,dataflow_vs_b3,incidents,only_b3_side,privileged,10051,17,plain,,False,1,0,395000004401,636233841,True,False,False,0,0,0
tune,dataflow_vs_b3,incidents,only_b3_side,privileged,10051,19,hard,slow_leak,False,1,1,462000000000,24155642563,True,False,False,1,1,1
tune,dataflow_vs_b3,incidents,only_b3_side,privileged,10051,2,hard,split_brain,True,1,2,137000000000,19009181922,True,False,False,1,1,1
tune,dataflow_vs_b3,incidents,only_b3_side,privileged,10051,20,hard,split_brain,True,1,1,464500000000,18527606231,True,False,False,1,1,1
tune,dataflow_vs_b3,incidents,only_b3_side,privileged,10051,21,plain,,False,1,1,459000004380,479935465,True,False,False,0,0,0
tune,dataflow_vs_b3,incidents,only_b3_side,privileged,10051,22,plain,,True,1,0,465500004401,4076296718,True,False,False,0,0,0
tune,dataflow_vs_b3,incidents,only_b3_side,privileged,10051,24,plain,,True,1,0,510000004423,5133692624,True,False,False,0,0,0
tune,dataflow_vs_b3,incidents,only_b3_side,privileged,10051,25,plain,,False,1,0,530500004412,3616167815,True,False,False,0,0,0
tune,dataflow_vs_b3,incidents,only_b3_side,privileged,10051,3,hard,cascade,False,1,1,201500000000,18519962380,True,False,False,1,1,1
tune,dataflow_vs_b3,incidents,only_b3_side,privileged,10051,5,plain,,False,1,1,189500004423,130996691,True,False,False,0,0,0
tune,dataflow_vs_b3,incidents,only_b3_side,privileged,10051,6,plain,,False,1,0,198500004391,18062032,True,False,False,0,0,0
tune,dataflow_vs_b3,incidents,only_b3_side,privileged,10051,8,plain,,False,1,0,246500004391,422545526,True,False,False,0,0,0
tune,dataflow_vs_b3,incidents,only_b3_side,privileged,10051,9,plain,,False,1,0,264000004435,1345021219,True,False,False,0,0,0
tune,dataflow_vs_b3,incidents,only_b3_side,privileged,10052,0,plain,,False,1,0,14000004166,77528183,True,False,False,0,0,0
tune,dataflow_vs_b3,incidents,only_b3_side,privileged,10052,1,plain,,False,1,0,49500004134,459938987,True,False,False,0,0,0
tune,dataflow_vs_b3,incidents,only_b3_side,privileged,10052,10,plain,,False,1,0,182000004155,5171103822,True,False,False,0,0,0
tune,dataflow_vs_b3,incidents,only_b3_side,privileged,10052,11,plain,,False,1,0,188500004155,2437498449,True,False,False,0,0,0
tune,dataflow_vs_b3,incidents,only_b3_side,privileged,10052,13,plain,,False,1,0,225000004144,1310496925,True,False,False,0,0,0
tune,dataflow_vs_b3,incidents,only_b3_side,privileged,10052,14,plain,,False,1,0,227500004134,320069359,True,False,False,0,0,0
tune,dataflow_vs_b3,incidents,only_b3_side,privileged,10052,15,plain,,False,1,0,228000004123,333551715,True,False,False,0,0,0
tune,dataflow_vs_b3,incidents,only_b3_side,privileged,10052,16,plain,,False,1,0,232500004155,757521145,True,False,False,0,0,0
tune,dataflow_vs_b3,incidents,only_b3_side,privileged,10052,18,plain,,True,1,0,262000004144,2738183119,True,False,False,0,0,0
tune,dataflow_vs_b3,incidents,only_b3_side,privileged,10052,19,plain,,False,1,0,275000004199,934547775,True,False,False,0,0,0
tune,dataflow_vs_b3,incidents,only_b3_side,privileged,10052,2,plain,,False,1,0,63000004144,419947106,True,False,False,0,0,0
tune,dataflow_vs_b3,incidents,only_b3_side,privileged,10052,22,plain,,False,1,3,299000016611,159731864,True,False,False,0,0,0
tune,dataflow_vs_b3,incidents,only_b3_side,privileged,10052,23,plain,,False,1,0,314000004155,2647482822,True,False,False,0,0,0
tune,dataflow_vs_b3,incidents,only_b3_side,privileged,10052,24,plain,,False,1,0,329500004166,4949312517,True,False,False,0,0,0
tune,dataflow_vs_b3,incidents,only_b3_side,privileged,10052,27,plain,,False,1,0,388000004178,2369328495,True,False,False,0,0,0
tune,dataflow_vs_b3,incidents,only_b3_side,privileged,10052,28,plain,,False,1,0,393000004210,3844576044,True,False,False,0,0,0
tune,dataflow_vs_b3,incidents,only_b3_side,privileged,10052,30,plain,,False,1,1,515500004134,5597102201,True,False,False,0,0,0
tune,dataflow_vs_b3,incidents,only_b3_side,privileged,10052,4,plain,,False,1,0,94000004144,233162471,True,False,False,0,0,0
tune,dataflow_vs_b3,incidents,only_b3_side,privileged,10052,5,plain,,False,1,0,117500004144,381984753,True,False,False,0,0,0
tune,dataflow_vs_b3,incidents,only_b3_side,privileged,10052,6,plain,,False,1,0,137000004123,1441680795,True,False,False,0,0,0
tune,dataflow_vs_b3,incidents,only_b3_side,privileged,10052,7,plain,,False,1,0,146000004178,199943085,True,False,False,0,0,0
tune,dataflow_vs_b3,incidents,only_b3_side,privileged,10052,8,plain,,False,1,0,165500004155,6864175056,True,False,False,0,0,0
tune,dataflow_vs_b3,incidents,only_b3_side,privileged,10052,9,plain,,False,1,0,176000004155,419428085,True,False,False,0,0,0
tune,dataflow_vs_b3,incidents,only_b3_side,privileged,10053,0,plain,,True,1,0,5000003363,2363258255,True,False,False,0,0,0
tune,dataflow_vs_b3,incidents,only_b3_side,privileged,10053,1,plain,,False,2,0,32500003373,3777711515,True,False,False,0,0,0
tune,dataflow_vs_b3,incidents,only_b3_side,privileged,10053,10,plain,,True,1,0,155500003384,3911362478,True,False,False,0,0,0
tune,dataflow_vs_b3,incidents,only_b3_side,privileged,10053,11,hard,compound,False,1,2,181000000000,22630160693,True,False,False,1,1,1
tune,dataflow_vs_b3,incidents,only_b3_side,privileged,10053,12,plain,,False,1,0,162500006790,3602913202,True,False,False,0,0,0
tune,dataflow_vs_b3,incidents,only_b3_side,privileged,10053,13,plain,,True,1,0,169500003384,3569742589,True,False,False,0,0,0
tune,dataflow_vs_b3,incidents,only_b3_side,privileged,10053,14,plain,,False,1,0,195000003450,12979685631,True,False,False,0,0,0
tune,dataflow_vs_b3,incidents,only_b3_side,privileged,10053,15,plain,,True,1,0,217000003407,6139236826,True,False,False,0,0,0
tune,dataflow_vs_b3,incidents,only_b3_side,privileged,10053,16,plain,,True,1,0,247000003525,22020983915,False,True,True,0,0,0
tune,dataflow_vs_b3,incidents,only_b3_side,privileged,10053,18,plain,,False,1,0,281000003504,19678583786,True,False,False,0,0,0
tune,dataflow_vs_b3,incidents,only_b3_side,privileged,10053,19,plain,,True,1,0,268000003384,373510389,True,False,False,0,0,0
tune,dataflow_vs_b3,incidents,only_b3_side,privileged,10053,2,plain,,False,1,0,44500003373,508285553,True,False,False,0,0,0
tune,dataflow_vs_b3,incidents,only_b3_side,privileged,10053,20,plain,,True,1,0,297000003407,7122882901,True,False,False,0,0,0
tune,dataflow_vs_b3,incidents,only_b3_side,privileged,10053,21,plain,,False,1,0,298500003407,6053527221,True,False,False,0,0,0
tune,dataflow_vs_b3,incidents,only_b3_side,privileged,10053,22,hard,cascade,True,1,1,326500000000,21716474184,True,False,False,1,1,1
tune,dataflow_vs_b3,incidents,only_b3_side,privileged,10053,23,hard,compound,False,1,1,361500000000,21091249998,True,False,False,1,1,1
tune,dataflow_vs_b3,incidents,only_b3_side,privileged,10053,24,plain,,False,1,0,349500003417,8443415724,True,False,False,0,0,0
tune,dataflow_vs_b3,incidents,only_b3_side,privileged,10053,25,plain,,True,1,0,377500003525,20918478652,True,False,False,0,0,0
tune,dataflow_vs_b3,incidents,only_b3_side,privileged,10053,26,plain,,False,1,0,454000003504,18160256599,True,False,False,0,0,0
tune,dataflow_vs_b3,incidents,only_b3_side,privileged,10053,27,plain,,True,1,0,469000003395,3968700184,True,False,False,0,0,0
tune,dataflow_vs_b3,incidents,only_b3_side,privileged,10053,28,plain,,True,1,0,466000003407,446125115,True,False,False,0,0,0
tune,dataflow_vs_b3,incidents,only_b3_side,privileged,10053,29,plain,,True,1,0,485500003407,5720107542,True,False,False,0,0,0
tune,dataflow_vs_b3,incidents,only_b3_side,privileged,10053,3,plain,,False,1,0,45000003363,45512846,True,False,False,0,0,0
tune,dataflow_vs_b3,incidents,only_b3_side,privileged,10053,31,plain,,True,1,0,510500006834,6398879918,True,False,False,0,0,0
tune,dataflow_vs_b3,incidents,only_b3_side,privileged,10053,32,plain,,False,1,0,518500003407,3935399002,True,False,False,0,0,0
tune,dataflow_vs_b3,incidents,only_b3_side,privileged,10053,4,plain,,False,1,0,54000003363,100754393,True,False,False,0,0,0
tune,dataflow_vs_b3,incidents,only_b3_side,privileged,10053,6,plain,,False,1,0,80000003384,421980148,True,False,False,0,0,0
tune,dataflow_vs_b3,incidents,only_b3_side,privileged,10053,7,plain,,True,1,0,95500003395,6909184226,True,False,False,0,0,0
tune,dataflow_vs_b3,incidents,only_b3_side,privileged,10053,8,plain,,False,1,0,134500003428,5034550988,True,False,False,0,0,0
tune,dataflow_vs_b3,incidents,only_b3_side,privileged,10053,9,plain,,False,1,0,149500003384,3009956689,True,False,False,0,0,0
tune,dataflow_vs_b3,incidents,only_b3_side,privileged,10054,0,plain,,True,1,0,9000004391,482055683,True,False,False,0,0,0
tune,dataflow_vs_b3,incidents,only_b3_side,privileged,10054,1,plain,,True,1,0,12000008771,1551476464,True,False,False,0,0,0
tune,dataflow_vs_b3,incidents,only_b3_side,privileged,10054,10,plain,,True,1,0,214500004401,2430493665,True,False,False,0,0,0
tune,dataflow_vs_b3,incidents,only_b3_side,privileged,10054,11,plain,,False,1,2,257500008824,944769304,True,False,False,0,0,0
tune,dataflow_vs_b3,incidents,only_b3_side,privileged,10054,13,plain,,False,1,0,280500004412,4069600672,True,False,False,0,0,0
tune,dataflow_vs_b3,incidents,only_b3_side,privileged,10054,14,plain,,False,1,0,292500004435,242000792,True,False,False,0,0,0
tune,dataflow_vs_b3,incidents,only_b3_side,privileged,10054,15,plain,,True,1,0,302500004401,2346420154,True,False,False,0,0,0
tune,dataflow_vs_b3,incidents,only_b3_side,privileged,10054,16,hard,compound,True,1,1,331000000000,19164988760,True,False,False,1,1,1
tune,dataflow_vs_b3,incidents,only_b3_side,privileged,10054,17,plain,,True,1,1,312500008771,205140953,True,False,False,0,0,0
tune,dataflow_vs_b3,incidents,only_b3_side,privileged,10054,18,plain,,False,1,0,325500004412,3446746533,True,False,False,0,0,0
tune,dataflow_vs_b3,incidents,only_b3_side,privileged,10054,19,plain,,False,1,0,331500004401,1208420794,True,False,False,0,0,0
tune,dataflow_vs_b3,incidents,only_b3_side,privileged,10054,2,plain,,False,1,0,12000008771,209795075,True,False,False,0,0,0
tune,dataflow_vs_b3,incidents,only_b3_side,privileged,10054,20,plain,,False,1,0,342000004499,476585698,True,False,False,0,0,0
tune,dataflow_vs_b3,incidents,only_b3_side,privileged,10054,21,plain,,False,1,0,361000004423,8290706523,True,False,False,0,0,0
tune,dataflow_vs_b3,incidents,only_b3_side,privileged,10054,22,plain,,True,1,0,363500004412,1042768859,True,False,False,0,0,0
tune,dataflow_vs_b3,incidents,only_b3_side,privileged,10054,23,hard,split_brain,False,1,1,416500000000,22731504999,True,False,False,1,1,1
tune,dataflow_vs_b3,incidents,only_b3_side,privileged,10054,24,plain,,False,1,0,394500004435,136786283,True,False,False,0,0,0
tune,dataflow_vs_b3,incidents,only_b3_side,privileged,10054,25,plain,,False,1,0,402000004412,4055125392,True,False,False,0,0,0
tune,dataflow_vs_b3,incidents,only_b3_side,privileged,10054,26,plain,,False,1,0,408000004391,2692303193,True,False,False,0,0,0
tune,dataflow_vs_b3,incidents,only_b3_side,privileged,10054,28,plain,,True,1,0,488000004412,5190627536,True,False,False,0,0,0
tune,dataflow_vs_b3,incidents,only_b3_side,privileged,10054,29,plain,,True,1,0,490500004423,4222680270,True,False,False,0,0,0
tune,dataflow_vs_b3,incidents,only_b3_side,privileged,10054,3,plain,,True,1,0,74000004391,2041846394,True,False,False,0,0,0
tune,dataflow_vs_b3,incidents,only_b3_side,privileged,10054,30,plain,,False,1,0,519500004423,1599109864,True,False,False,0,0,0
tune,dataflow_vs_b3,incidents,only_b3_side,privileged,10054,31,plain,,False,1,0,522000004423,3428388022,True,False,False,0,0,0
tune,dataflow_vs_b3,incidents,only_b3_side,privileged,10054,4,plain,,True,1,0,80000004401,2478905604,True,False,False,0,0,0
tune,dataflow_vs_b3,incidents,only_b3_side,privileged,10054,7,plain,,False,1,0,107000004380,151305129,True,False,False,0,0,0
tune,dataflow_vs_b3,incidents,only_b3_side,privileged,10054,8,hard,split_brain,True,1,2,162000000000,18912552892,True,False,False,1,1,1
tune,dataflow_vs_b3,incidents,only_b3_side,privileged,10054,9,plain,,False,1,3,184500008966,453976612,True,False,False,0,0,0
tune,dataflow_vs_b3,incidents,only_b3_side,privileged,10055,0,plain,,True,1,0,1000003652,218994845,True,False,False,0,0,0
tune,dataflow_vs_b3,incidents,only_b3_side,privileged,10055,10,plain,,False,2,0,239000003652,385119112,True,False,False,0,0,0
tune,dataflow_vs_b3,incidents,only_b3_side,privileged,10055,12,plain,,False,1,0,261500007271,406606643,True,False,False,0,0,0
tune,dataflow_vs_b3,incidents,only_b3_side,privileged,10055,13,decoy,,False,1,0,281500003641,10214656253,False,False,False,0,0,0
tune,dataflow_vs_b3,incidents,only_b3_side,privileged,10055,14,plain,,False,1,0,277500003652,4789265546,True,False,False,0,0,0
tune,dataflow_vs_b3,incidents,only_b3_side,privileged,10055,15,plain,,False,1,0,305000003652,5659318618,True,False,False,0,0,0
tune,dataflow_vs_b3,incidents,only_b3_side,privileged,10055,16,plain,,False,1,0,309000003652,2655293910,True,False,False,0,0,0
tune,dataflow_vs_b3,incidents,only_b3_side,privileged,10055,17,plain,,True,1,0,334500003664,6727864678,True,False,False,0,0,0
tune,dataflow_vs_b3,incidents,only_b3_side,privileged,10055,19,plain,,False,1,0,361500003685,384749569,True,False,False,0,0,0
tune,dataflow_vs_b3,incidents,only_b3_side,privileged,10055,2,plain,,False,1,0,51500003620,247215179,True,False,False,0,0,0
tune,dataflow_vs_b3,incidents,only_b3_side,privileged,10055,21,plain,,False,1,0,389500003652,3578232770,True,False,False,0,0,0
tune,dataflow_vs_b3,incidents,only_b3_side,privileged,10055,22,plain,,True,1,0,421000003652,5678755135,True,False,False,0,0,0
tune,dataflow_vs_b3,incidents,only_b3_side,privileged,10055,23,plain,,False,1,0,431500003641,3201073535,True,False,False,0,0,0
tune,dataflow_vs_b3,incidents,only_b3_side,privileged,10055,24,plain,,True,1,0,452500003641,1429841847,True,False,False,0,0,0
tune,dataflow_vs_b3,incidents,only_b3_side,privileged,10055,25,plain,,False,1,0,469500003685,10296014456,True,False,False,0,0,0
tune,dataflow_vs_b3,incidents,only_b3_side,privileged,10055,26,plain,,False,1,0,476500003652,5216101155,True,False,False,0,0,0
tune,dataflow_vs_b3,incidents,only_b3_side,privileged,10055,27,plain,,False,1,0,515000003652,4888644832,True,False,False,0,0,0
tune,dataflow_vs_b3,incidents,only_b3_side,privileged,10055,3,plain,,False,1,0,85500003685,176970165,True,False,False,0,0,0
tune,dataflow_vs_b3,incidents,only_b3_side,privileged,10055,4,plain,,False,1,0,117500003630,1628656924,True,False,False,0,0,0
tune,dataflow_vs_b3,incidents,only_b3_side,privileged,10055,6,plain,,False,1,0,136000003630,2705603034,True,False,False,0,0,0
tune,dataflow_vs_b3,incidents,only_b3_side,privileged,10055,7,plain,,False,1,0,139500003620,199790719,True,False,False,0,0,0
tune,dataflow_vs_b3,incidents,only_b3_side,privileged,10055,8,plain,,False,1,0,172500003641,6306525793,True,False,False,0,0,0
tune,dataflow_vs_b3,incidents,only_b3_side,privileged,10055,9,plain,,False,1,2,233000003641,3566116361,True,False,False,0,0,0
tune,dataflow_vs_b3,incidents,only_b3_side,privileged,10056,0,plain,,False,1,1,4500003352,1219231304,True,False,False,0,0,0
tune,dataflow_vs_b3,incidents,only_b3_side,privileged,10056,1,plain,,False,1,0,36000003384,406085995,True,False,False,0,0,0
tune,dataflow_vs_b3,incidents,only_b3_side,privileged,10056,10,plain,,False,1,0,169000003363,224454003,True,False,False,0,0,0
tune,dataflow_vs_b3,incidents,only_b3_side,privileged,10056,11,plain,,False,1,0,183500003407,5951692941,True,False,False,0,0,0
tune,dataflow_vs_b3,incidents,only_b3_side,privileged,10056,12,plain,,False,1,0,261000003363,362027905,True,False,False,0,0,0
tune,dataflow_vs_b3,incidents,only_b3_side,privileged,10056,15,plain,,False,1,0,335500003395,6522157332,True,False,False,0,0,0
tune,dataflow_vs_b3,incidents,only_b3_side,privileged,10056,16,plain,,False,1,0,352000003450,11694917909,True,False,False,0,0,0
tune,dataflow_vs_b3,incidents,only_b3_side,privileged,10056,17,plain,,False,1,0,392500003395,7006705188,True,False,False,0,0,0
tune,dataflow_vs_b3,incidents,only_b3_side,privileged,10056,18,plain,,False,1,0,401500003395,3730837307,True,False,False,0,0,0
tune,dataflow_vs_b3,incidents,only_b3_side,privileged,10056,19,plain,,False,1,0,406500003395,3456291290,True,False,False,0,0,0
tune,dataflow_vs_b3,incidents,only_b3_side,privileged,10056,2,plain,,False,1,0,76500003384,3428590598,True,False,False,0,0,0
tune,dataflow_vs_b3,incidents,only_b3_side,privileged,10056,20,plain,,False,1,0,424000003384,2085114200,True,False,False,0,0,0
tune,dataflow_vs_b3,incidents,only_b3_side,privileged,10056,21,plain,,False,1,0,483000003407,4138404199,True,False,False,0,0,0
tune,dataflow_vs_b3,incidents,only_b3_side,privileged,10056,22,plain,,False,1,0,514500003395,2760396402,True,False,False,0,0,0
tune,dataflow_vs_b3,incidents,only_b3_side,privileged,10056,24,plain,,False,1,0,543000003384,3597911167,True,False,False,0,0,0
tune,dataflow_vs_b3,incidents,only_b3_side,privileged,10056,3,plain,,False,1,1,99000003384,5357528104,True,False,False,0,0,0
tune,dataflow_vs_b3,incidents,only_b3_side,privileged,10056,4,plain,,False,1,0,102500003384,6345470136,True,False,False,0,0,0
tune,dataflow_vs_b3,incidents,only_b3_side,privileged,10056,5,plain,,False,1,0,121500003384,3884284246,True,False,False,0,0,0
tune,dataflow_vs_b3,incidents,only_b3_side,privileged,10056,6,plain,,False,1,0,139500003373,331494090,True,False,False,0,0,0
tune,dataflow_vs_b3,incidents,only_b3_side,privileged,10056,7,plain,,False,1,0,147500003407,5058812756,True,False,False,0,0,0
tune,dataflow_vs_b3,incidents,only_b3_side,privileged,10056,8,plain,,False,1,0,159000003395,5685155555,True,False,False,0,0,0
tune,dataflow_vs_b3,incidents,only_b3_side,privileged,10056,9,plain,,False,1,0,161500003395,373554480,True,False,False,0,0,0
tune,dataflow_vs_b3,incidents,only_b3_side,privileged,10057,0,plain,,False,1,0,16000003620,3819527294,True,False,False,0,0,0
tune,dataflow_vs_b3,incidents,only_b3_side,privileged,10057,12,plain,,False,1,0,296500003620,34436690,True,False,False,0,0,0
tune,dataflow_vs_b3,incidents,only_b3_side,privileged,10057,13,plain,,False,1,0,299500003620,272659568,True,False,False,0,0,0
tune,dataflow_vs_b3,incidents,only_b3_side,privileged,10057,14,plain,,False,1,0,319000003620,888381333,True,False,False,0,0,0
tune,dataflow_vs_b3,incidents,only_b3_side,privileged,10057,16,plain,,False,1,0,357500003630,2588836792,True,False,False,0,0,0
tune,dataflow_vs_b3,incidents,only_b3_side,privileged,10057,19,plain,,False,1,0,468000003652,5106574431,True,False,False,0,0,0
tune,dataflow_vs_b3,incidents,only_b3_side,privileged,10057,20,plain,,False,1,0,494500003641,6718608040,True,False,False,0,0,0
tune,dataflow_vs_b3,incidents,only_b3_side,privileged,10057,21,plain,,False,1,0,531000003630,3379231050,True,False,False,0,0,0
tune,dataflow_vs_b3,incidents,only_b3_side,privileged,10057,22,plain,,False,1,0,533000003620,302812825,True,False,False,0,0,0
tune,dataflow_vs_b3,incidents,only_b3_side,privileged,10057,4,plain,,False,1,0,121000003641,7108979776,True,False,False,0,0,0
tune,dataflow_vs_b3,incidents,only_b3_side,privileged,10057,6,plain,,False,1,0,248000003630,1257265638,True,False,False,0,0,0
tune,dataflow_vs_b3,incidents,only_b3_side,privileged,10057,7,plain,,False,1,0,249500003630,2363134204,True,False,False,0,0,0
tune,dataflow_vs_b3,incidents,only_b3_side,privileged,10057,9,plain,,False,1,0,290000007207,355102815,True,False,False,0,0,0
tune,dataflow_vs_b3,incidents,only_b3_side,privileged,10058,0,decoy,,False,1,0,35500003887,8386745623,False,False,False,0,0,0
tune,dataflow_vs_b3,incidents,only_b3_side,privileged,10058,1,plain,,False,1,0,32000007808,202375366,True,False,False,0,0,0
tune,dataflow_vs_b3,incidents,only_b3_side,privileged,10058,10,plain,,False,1,0,214000003931,446274755,True,False,False,0,0,0
tune,dataflow_vs_b3,incidents,only_b3_side,privileged,10058,12,plain,,True,1,0,227500003877,1428398052,True,False,False,0,0,0
tune,dataflow_vs_b3,incidents,only_b3_side,privileged,10058,14,plain,,False,1,0,230000003866,41816524,True,False,False,0,0,0
tune,dataflow_vs_b3,incidents,only_b3_side,privileged,10058,15,plain,,True,1,0,236000003887,511271366,True,False,False,0,0,0
tune,dataflow_vs_b3,incidents,only_b3_side,privileged,10058,16,decoy,,False,1,0,251500003898,10142765679,False,False,False,0,0,0
tune,dataflow_vs_b3,incidents,only_b3_side,privileged,10058,17,plain,,False,1,0,264000003898,5004424373,True,False,False,0,0,0
tune,dataflow_vs_b3,incidents,only_b3_side,privileged,10058,18,plain,,False,2,0,287000003887,2129645517,True,False,False,0,0,0
tune,dataflow_vs_b3,incidents,only_b3_side,privileged,10058,19,plain,,False,1,0,291000003877,280554377,True,False,False,0,0,0
tune,dataflow_vs_b3,incidents,only_b3_side,privileged,10058,20,hard,split_brain,False,1,1,326500000000,20952051037,True,False,False,1,1,1
tune,dataflow_vs_b3,incidents,only_b3_side,privileged,10058,21,plain,,False,1,0,308000007785,1878627967,True,False,False,0,0,0
tune,dataflow_vs_b3,incidents,only_b3_side,privileged,10058,22,plain,,False,1,0,364500003942,52215178932,False,True,False,0,0,0
tune,dataflow_vs_b3,incidents,only_b3_side,privileged,10058,24,decoy,,False,1,0,352500003887,9895654882,False,False,False,0,0,0
tune,dataflow_vs_b3,incidents,only_b3_side,privileged,10058,25,decoy,,False,1,0,391000003909,10905294070,False,False,False,0,0,0
tune,dataflow_vs_b3,incidents,only_b3_side,privileged,10058,28,plain,,False,1,1,426000011803,59359703,True,False,False,0,0,0
tune,dataflow_vs_b3,incidents,only_b3_side,privileged,10058,29,decoy,,False,1,0,436500003898,8912275281,False,False,False,0,0,0
tune,dataflow_vs_b3,incidents,only_b3_side,privileged,10058,3,plain,,False,1,0,92500003877,166490529,True,False,False,0,0,0
tune,dataflow_vs_b3,incidents,only_b3_side,privileged,10058,30,plain,,False,1,0,448500003887,729116423,True,False,False,0,0,0
tune,dataflow_vs_b3,incidents,only_b3_side,privileged,10058,4,plain,,False,1,0,94000007808,344333433,True,False,False,0,0,0
tune,dataflow_vs_b3,incidents,only_b3_side,privileged,10058,5,plain,,True,1,0,102000003887,1466998141,True,False,False,0,0,0
tune,dataflow_vs_b3,incidents,only_b3_side,privileged,10058,6,plain,,False,1,0,129500003887,2237122922,True,False,False,0,0,0
tune,dataflow_vs_b3,incidents,only_b3_side,privileged,10058,7,decoy,,False,1,0,174500003898,9918332393,False,False,False,0,0,0
tune,dataflow_vs_b3,incidents,only_b3_side,privileged,10058,8,plain,,False,1,0,195500003898,3659292436,True,False,False,0,0,0
tune,dataflow_vs_b3,incidents,only_b3_side,privileged,10058,9,plain,,False,1,0,210500003887,1053771904,True,False,False,0,0,0
tune,dataflow_vs_b3,incidents,only_b3_side,privileged,10059,0,plain,,False,1,2,16500010902,1729122839,True,False,False,0,0,0
tune,dataflow_vs_b3,incidents,only_b3_side,privileged,10059,1,plain,,False,1,0,30000003630,2093786710,True,False,False,0,0,0
tune,dataflow_vs_b3,incidents,only_b3_side,privileged,10059,10,plain,,True,1,0,238500003630,1682596103,True,False,False,0,0,0
tune,dataflow_vs_b3,incidents,only_b3_side,privileged,10059,12,plain,,False,1,0,281000003652,4960421006,True,False,False,0,0,0
tune,dataflow_vs_b3,incidents,only_b3_side,privileged,10059,14,plain,,False,1,0,316500003652,167412533,True,False,False,0,0,0
tune,dataflow_vs_b3,incidents,only_b3_side,privileged,10059,16,plain,,False,1,0,387000003652,6960009560,True,False,False,0,0,0
tune,dataflow_vs_b3,incidents,only_b3_side,privileged,10059,17,plain,,True,1,0,400000003620,85126231,True,False,False,0,0,0
tune,dataflow_vs_b3,incidents,only_b3_side,privileged,10059,18,plain,,False,1,0,509000003641,2203532092,True,False,False,0,0,0
tune,dataflow_vs_b3,incidents,only_b3_side,privileged,10059,2,plain,,False,1,0,35500003664,301074725,True,False,False,0,0,0
tune,dataflow_vs_b3,incidents,only_b3_side,privileged,10059,3,plain,,False,1,0,113000003652,5837462755,True,False,False,0,0,0
tune,dataflow_vs_b3,incidents,only_b3_side,privileged,10059,4,plain,,False,1,0,109000007250,341178661,True,False,False,0,0,0
tune,dataflow_vs_b3,incidents,only_b3_side,privileged,10059,5,plain,,False,1,0,119500003630,2850358226,True,False,False,0,0,0
tune,dataflow_vs_b3,incidents,only_b3_side,privileged,10059,6,plain,,True,1,1,124000003630,1648107498,True,False,False,0,0,0
tune,dataflow_vs_b3,incidents,only_b3_side,privileged,10059,7,plain,,False,1,0,153000003630,4693063810,True,False,False,0,0,0
tune,dataflow_vs_b3,incidents,only_b3_side,privileged,10059,8,plain,,False,1,0,189000003674,324094264,True,False,False,0,0,0
tune,dataflow_vs_b3,incidents,only_b3_side,privileged,10059,9,plain,,False,1,1,228500007229,389068340,True,False,False,0,0,0
tune,dataflow_vs_b3,incidents,only_b3_side,privileged,10060,0,plain,,False,1,0,21500003985,119604807,True,False,False,0,0,0
tune,dataflow_vs_b3,incidents,only_b3_side,privileged,10060,1,plain,,True,1,0,24500003909,395469271,True,False,False,0,0,0
tune,dataflow_vs_b3,incidents,only_b3_side,privileged,10060,10,plain,,False,1,0,120500003909,3084823332,True,False,False,0,0,0
tune,dataflow_vs_b3,incidents,only_b3_side,privileged,10060,11,plain,,False,1,0,118000003921,465303353,True,False,False,0,0,0
tune,dataflow_vs_b3,incidents,only_b3_side,privileged,10060,12,plain,,False,1,0,136000003909,4886348176,True,False,False,0,0,0
tune,dataflow_vs_b3,incidents,only_b3_side,privileged,10060,13,plain,,False,1,0,150000003898,1687120218,True,False,False,0,0,0
tune,dataflow_vs_b3,incidents,only_b3_side,privileged,10060,14,plain,,False,1,1,183000007818,237160800,True,False,False,0,0,0
tune,dataflow_vs_b3,incidents,only_b3_side,privileged,10060,15,plain,,False,1,0,188000003909,2043228581,True,False,False,0,0,0
tune,dataflow_vs_b3,incidents,only_b3_side,privileged,10060,19,plain,,True,1,0,266500003898,3162432053,True,False,False,0,0,0
tune,dataflow_vs_b3,incidents,only_b3_side,privileged,10060,20,hard,split_brain,True,1,1,300000000000,25175739156,True,False,False,1,1,1
tune,dataflow_vs_b3,incidents,only_b3_side,privileged,10060,21,hard,compound,False,1,1,336500000000,19138521136,True,False,False,1,1,1
tune,dataflow_vs_b3,incidents,only_b3_side,privileged,10060,22,plain,,False,1,0,321000003921,269743334,True,False,False,0,0,0
tune,dataflow_vs_b3,incidents,only_b3_side,privileged,10060,23,plain,,False,2,0,335000003931,6243125186,True,False,False,0,0,0
tune,dataflow_vs_b3,incidents,only_b3_side,privileged,10060,24,plain,,False,1,0,366500003942,9683734431,True,False,False,0,0,0
tune,dataflow_vs_b3,incidents,only_b3_side,privileged,10060,25,plain,,False,1,0,363500007807,6015575544,True,False,False,0,0,0
tune,dataflow_vs_b3,incidents,only_b3_side,privileged,10060,26,plain,,False,1,1,371000003877,390250446,True,False,False,0,0,0
tune,dataflow_vs_b3,incidents,only_b3_side,privileged,10060,28,plain,,False,1,0,393500003866,65184028,True,False,False,0,0,0
tune,dataflow_vs_b3,incidents,only_b3_side,privileged,10060,29,plain,,False,1,0,465000003909,3923837956,True,False,False,0,0,0
tune,dataflow_vs_b3,incidents,only_b3_side,privileged,10060,3,plain,,False,1,0,35000007753,281760013,True,False,False,0,0,0
tune,dataflow_vs_b3,incidents,only_b3_side,privileged,10060,30,plain,,False,1,1,496000003909,4491628884,True,False,False,0,0,0
tune,dataflow_vs_b3,incidents,only_b3_side,privileged,10060,31,plain,,False,1,0,516500003887,3924353001,True,False,False,0,0,0
tune,dataflow_vs_b3,incidents,only_b3_side,privileged,10060,32,plain,,False,1,0,537000003898,69514679,True,False,False,0,0,0
tune,dataflow_vs_b3,incidents,only_b3_side,privileged,10060,5,plain,,False,1,0,48500003898,5996927040,True,False,False,0,0,0
tune,dataflow_vs_b3,incidents,only_b3_side,privileged,10060,6,plain,,True,1,0,62500003898,2400958818,True,False,False,0,0,0
tune,dataflow_vs_b3,incidents,only_b3_side,privileged,10060,9,plain,,False,1,2,95500003975,211971691,True,False,False,0,0,0
tune,dataflow_vs_b3,incidents,only_b3_side,privileged,10061,0,plain,,False,1,0,11500004242,493601225,True,False,False,0,0,0
tune,dataflow_vs_b3,incidents,only_b3_side,privileged,10061,10,plain,,False,1,0,229500004144,288358395,True,False,False,0,0,0
tune,dataflow_vs_b3,incidents,only_b3_side,privileged,10061,11,plain,,False,1,0,234000004155,47755042,True,False,False,0,0,0
tune,dataflow_vs_b3,incidents,only_b3_side,privileged,10061,12,plain,,True,1,0,240500004134,4775108935,True,False,False,0,0,0
tune,dataflow_vs_b3,incidents,only_b3_side,privileged,10061,13,plain,,False,2,0,242500004155,3962487761,True,False,False,0,0,0
tune,dataflow_vs_b3,incidents,only_b3_side,privileged,10061,14,plain,,True,2,0,250000004134,3405049811,True,False,False,0,0,0
tune,dataflow_vs_b3,incidents,only_b3_side,privileged,10061,16,plain,,True,1,0,286500004155,7035117692,True,False,False,0,0,0
tune,dataflow_vs_b3,incidents,only_b3_side,privileged,10061,17,hard,cascade,False,1,1,302500000000,19968666121,True,False,False,1,1,1
tune,dataflow_vs_b3,incidents,only_b3_side,privileged,10061,18,plain,,False,1,0,291500004155,1041042144,True,False,False,0,0,0
tune,dataflow_vs_b3,incidents,only_b3_side,privileged,10061,19,plain,,False,1,0,341000004144,3379799950,True,False,False,0,0,0
tune,dataflow_vs_b3,incidents,only_b3_side,privileged,10061,20,plain,,False,1,1,343000004155,3856773775,True,False,False,0,0,0
tune,dataflow_vs_b3,incidents,only_b3_side,privileged,10061,24,plain,,False,1,0,406000004134,1322310917,True,False,False,0,0,0
tune,dataflow_vs_b3,incidents,only_b3_side,privileged,10061,27,plain,,False,1,0,440500004155,2546439979,True,False,False,0,0,0
tune,dataflow_vs_b3,incidents,only_b3_side,privileged,10061,28,plain,,False,1,0,443500004155,5428550477,True,False,False,0,0,0
tune,dataflow_vs_b3,incidents,only_b3_side,privileged,10061,3,plain,,False,1,0,61000008322,4949461685,True,False,False,0,0,0
tune,dataflow_vs_b3,incidents,only_b3_side,privileged,10061,30,plain,,False,2,0,464500004178,8267238123,True,False,False,0,0,0
tune,dataflow_vs_b3,incidents,only_b3_side,privileged,10061,31,plain,,True,1,0,469500004188,4614771569,True,False,False,0,0,0
tune,dataflow_vs_b3,incidents,only_b3_side,privileged,10061,33,plain,,False,1,0,480000008420,367874592,True,False,False,0,0,0
tune,dataflow_vs_b3,incidents,only_b3_side,privileged,10061,4,decoy,,False,1,0,81000004144,9009089270,False,False,False,0,0,0
tune,dataflow_vs_b3,incidents,only_b3_side,privileged,10061,6,plain,,False,1,0,132000004178,127167469,True,False,False,0,0,0
tune,dataflow_vs_b3,incidents,only_b3_side,privileged,10061,7,plain,,False,1,0,187000004144,1781813292,True,False,False,0,0,0
tune,dataflow_vs_b3,incidents,only_b3_side,privileged,10061,8,plain,,False,1,0,227500004166,1747709736,True,False,False,0,0,0
tune,dataflow_vs_b3,incidents,only_b3_side,privileged,10062,0,plain,,False,1,0,32500003620,204258541,True,False,False,0,0,0
tune,dataflow_vs_b3,incidents,only_b3_side,privileged,10062,11,hard,slow_leak,False,1,1,268000000000,25929296182,True,False,False,1,1,1
tune,dataflow_vs_b3,incidents,only_b3_side,privileged,10062,12,plain,,True,1,0,246500003641,1873766876,True,False,False,0,0,0
tune,dataflow_vs_b3,incidents,only_b3_side,privileged,10062,13,plain,,False,1,0,257000003652,5845165005,True,False,False,0,0,0
tune,dataflow_vs_b3,incidents,only_b3_side,privileged,10062,14,plain,,False,1,0,267000010924,2563356581,True,False,False,0,0,0
tune,dataflow_vs_b3,incidents,only_b3_side,privileged,10062,15,plain,,False,1,1,267000010924,102085817,True,False,False,0,0,0
tune,dataflow_vs_b3,incidents,only_b3_side,privileged,10062,16,plain,,False,1,0,299500003652,4418311444,True,False,False,0,0,0
tune,dataflow_vs_b3,incidents,only_b3_side,privileged,10062,17,plain,,False,1,0,303500003641,4854240965,True,False,False,0,0,0
tune,dataflow_vs_b3,incidents,only_b3_side,privileged,10062,19,plain,,True,1,0,346000003641,1358402025,True,False,False,0,0,0
tune,dataflow_vs_b3,incidents,only_b3_side,privileged,10062,2,plain,,False,1,0,113500003652,5586832309,True,False,False,0,0,0
tune,dataflow_vs_b3,incidents,only_b3_side,privileged,10062,20,plain,,False,1,0,359000003652,3852622521,True,False,False,0,0,0
tune,dataflow_vs_b3,incidents,only_b3_side,privileged,10062,21,decoy,,False,1,0,370500003641,10690147683,False,False,False,0,0,0
tune,dataflow_vs_b3,incidents,only_b3_side,privileged,10062,22,hard,compound,False,1,1,382500000000,19065691264,True,False,False,1,1,1
tune,dataflow_vs_b3,incidents,only_b3_side,privileged,10062,23,plain,,False,1,0,410500003739,20098152938,True,False,False,0,0,0
tune,dataflow_vs_b3,incidents,only_b3_side,privileged,10062,25,plain,,False,1,0,428500003674,5554936583,True,False,False,0,0,0
tune,dataflow_vs_b3,incidents,only_b3_side,privileged,10062,26,plain,,False,1,0,430500003685,139263983,True,False,False,0,0,0
tune,dataflow_vs_b3,incidents,only_b3_side,privileged,10062,27,plain,,False,1,0,434000003652,1291683779,True,False,False,0,0,0
tune,dataflow_vs_b3,incidents,only_b3_side,privileged,10062,28,plain,,True,1,0,512000003652,4017631964,True,False,False,0,0,0
tune,dataflow_vs_b3,incidents,only_b3_side,privileged,10062,4,plain,,False,1,0,159500003609,218233497,True,False,False,0,0,0
tune,dataflow_vs_b3,incidents,only_b3_side,privileged,10062,5,plain,,False,1,0,168500003641,284669760,True,False,False,0,0,0
tune,dataflow_vs_b3,incidents,only_b3_side,privileged,10062,7,plain,,False,2,0,184500003630,1522864135,True,False,False,0,0,0
tune,dataflow_vs_b3,incidents,only_b3_side,privileged,10062,8,plain,,False,1,0,189500003664,830057941,True,False,False,0,0,0
tune,dataflow_vs_b3,incidents,only_b3_side,privileged,10063,0,plain,,False,1,0,2500003384,437568412,True,False,False,0,0,0
tune,dataflow_vs_b3,incidents,only_b3_side,privileged,10063,1,plain,,False,1,0,52000003352,257140613,True,False,False,0,0,0
tune,dataflow_vs_b3,incidents,only_b3_side,privileged,10063,10,plain,,False,1,0,171000003384,2457177173,True,False,False,0,0,0
tune,dataflow_vs_b3,incidents,only_b3_side,privileged,10063,11,plain,,False,1,0,215000003417,10109099144,True,False,False,0,0,0
tune,dataflow_vs_b3,incidents,only_b3_side,privileged,10063,12,plain,,False,1,0,237500003384,3492624335,True,False,False,0,0,0
tune,dataflow_vs_b3,incidents,only_b3_side,privileged,10063,13,plain,,False,1,0,322000003439,123950429,True,False,False,0,0,0
tune,dataflow_vs_b3,incidents,only_b3_side,privileged,10063,14,plain,,False,1,0,344000003407,5557357624,True,False,False,0,0,0
tune,dataflow_vs_b3,incidents,only_b3_side,privileged,10063,15,plain,,False,1,0,348000003352,81175185,True,False,False,0,0,0
tune,dataflow_vs_b3,incidents,only_b3_side,privileged,10063,16,plain,,False,1,0,359500003417,7074601904,True,False,False,0,0,0
tune,dataflow_vs_b3,incidents,only_b3_side,privileged,10063,17,hard,split_brain,False,1,1,395000000000,20295894159,True,False,False,1,1,1
tune,dataflow_vs_b3,incidents,only_b3_side,privileged,10063,18,plain,,False,1,0,379000003395,3076523503,True,False,False,0,0,0
tune,dataflow_vs_b3,incidents,only_b3_side,privileged,10063,19,plain,,False,1,0,382000003395,4787832339,True,False,False,0,0,0
tune,dataflow_vs_b3,incidents,only_b3_side,privileged,10063,20,plain,,False,1,0,421000003395,491149527,True,False,False,0,0,0
tune,dataflow_vs_b3,incidents,only_b3_side,privileged,10063,21,hard,split_brain,False,1,1,507500000000,19971405070,True,False,False,1,1,1
tune,dataflow_vs_b3,incidents,only_b3_side,privileged,10063,3,plain,,False,1,0,87500003384,2738079447,True,False,False,0,0,0
tune,dataflow_vs_b3,incidents,only_b3_side,privileged,10063,4,plain,,False,1,0,113000003384,2714574241,True,False,False,0,0,0
tune,dataflow_vs_b3,incidents,only_b3_side,privileged,10063,5,plain,,False,1,0,117500006768,3688500602,True,False,False,0,0,0
tune,dataflow_vs_b3,incidents,only_b3_side,privileged,10063,6,plain,,False,1,0,117500006768,2637275976,True,False,False,0,0,0
tune,dataflow_vs_b3,incidents,only_b3_side,privileged,10063,7,plain,,False,1,0,128000003417,5657533671,True,False,False,0,0,0
tune,dataflow_vs_b3,incidents,only_b3_side,privileged,10063,8,plain,,False,1,0,135500003384,3289317543,True,False,False,0,0,0
tune,dataflow_vs_b3,incidents,only_b3_side,privileged,10063,9,plain,,False,1,0,154500003395,4572434149,True,False,False,0,0,0
tune,dataflow_vs_b3,incidents,only_b3_side,privileged,10064,0,plain,,False,1,0,13000003887,2477402273,True,False,False,0,0,0
tune,dataflow_vs_b3,incidents,only_b3_side,privileged,10064,1,plain,,False,1,0,61500003877,3913743493,True,False,False,0,0,0
tune,dataflow_vs_b3,incidents,only_b3_side,privileged,10064,10,plain,,True,1,0,191000003877,3355539644,True,False,False,0,0,0
tune,dataflow_vs_b3,incidents,only_b3_side,privileged,10064,11,plain,,False,1,0,201500007785,5614457259,True,False,False,0,0,0
tune,dataflow_vs_b3,incidents,only_b3_side,privileged,10064,12,plain,,False,1,0,201500007785,1414194216,True,False,False,0,0,0
tune,dataflow_vs_b3,incidents,only_b3_side,privileged,10064,13,hard,slow_leak,False,1,1,231500000000,23409983192,True,False,False,1,1,1
tune,dataflow_vs_b3,incidents,only_b3_side,privileged,10064,14,plain,,False,1,0,237500003921,4188641533,True,False,False,0,0,0
tune,dataflow_vs_b3,incidents,only_b3_side,privileged,10064,15,plain,,True,1,0,258000003909,2600067393,True,False,False,0,0,0
tune,dataflow_vs_b3,incidents,only_b3_side,privileged,10064,16,hard,slow_leak,True,1,1,302000000000,24865595785,True,False,False,1,1,1
tune,dataflow_vs_b3,incidents,only_b3_side,privileged,10064,17,plain,,False,1,0,349500003921,110017799,True,False,False,0,0,0
tune,dataflow_vs_b3,incidents,only_b3_side,privileged,10064,18,plain,,False,1,0,365500003898,2522327612,True,False,False,0,0,0
tune,dataflow_vs_b3,incidents,only_b3_side,privileged,10064,19,plain,,False,1,0,418000003909,7555884196,True,False,False,0,0,0
tune,dataflow_vs_b3,incidents,only_b3_side,privileged,10064,2,plain,,False,1,0,87500003887,2602980878,True,False,False,0,0,0
tune,dataflow_vs_b3,incidents,only_b3_side,privileged,10064,21,plain,,True,1,0,444500003898,2545417568,True,False,False,0,0,0
tune,dataflow_vs_b3,incidents,only_b3_side,privileged,10064,22,plain,,False,1,0,452500003898,1681518700,True,False,False,0,0,0
tune,dataflow_vs_b3,incidents,only_b3_side,privileged,10064,23,plain,,True,1,1,470500003898,271692471,True,False,False,0,0,0
tune,dataflow_vs_b3,incidents,only_b3_side,privileged,10064,24,plain,,False,1,0,497500003921,288951100,True,False,False,0,0,0
tune,dataflow_vs_b3,incidents,only_b3_side,privileged,10064,27,plain,,False,1,0,539000003887,1467396040,True,False,False,0,0,0
tune,dataflow_vs_b3,incidents,only_b3_side,privileged,10064,3,plain,,False,1,0,113000007775,2706901281,True,False,False,0,0,0
tune,dataflow_vs_b3,incidents,only_b3_side,privileged,10064,4,hard,split_brain,False,1,2,131000000000,18528719743,True,False,False,1,1,1
tune,dataflow_vs_b3,incidents,only_b3_side,privileged,10064,5,plain,,True,1,0,130500003898,4957677073,True,False,False,0,0,0
tune,dataflow_vs_b3,incidents,only_b3_side,privileged,10064,6,plain,,True,1,0,129000003887,381602954,True,False,False,0,0,0
tune,dataflow_vs_b3,incidents,only_b3_side,privileged,10064,7,plain,,False,1,0,146500003898,5003932905,True,False,False,0,0,0
tune,dataflow_vs_b3,incidents,only_b3_side,privileged,10064,9,plain,,False,1,0,166000003898,3183533106,True,False,False,0,0,0
tune,dataflow_vs_b3,incidents,only_b3_side,privileged,10065,1,plain,,False,1,1,27000004232,344601687,True,False,False,0,0,0
tune,dataflow_vs_b3,incidents,only_b3_side,privileged,10065,10,plain,,False,1,0,162500004155,3061243201,True,False,False,0,0,0
tune,dataflow_vs_b3,incidents,only_b3_side,privileged,10065,11,plain,,False,1,0,182500004188,4622960491,True,False,False,0,0,0
tune,dataflow_vs_b3,incidents,only_b3_side,privileged,10065,12,plain,,True,1,0,196500004134,504284826,True,False,False,0,0,0
tune,dataflow_vs_b3,incidents,only_b3_side,privileged,10065,14,plain,,False,1,0,223000004155,1497299017,True,False,False,0,0,0
tune,dataflow_vs_b3,incidents,only_b3_side,privileged,10065,15,plain,,False,1,0,288500004155,6656443427,True,False,False,0,0,0
tune,dataflow_vs_b3,incidents,only_b3_side,privileged,10065,16,plain,,False,1,1,326500008354,172468724,True,False,False,0,0,0
tune,dataflow_vs_b3,incidents,only_b3_side,privileged,10065,18,plain,,False,1,0,327500004144,178742538,True,False,False,0,0,0
tune,dataflow_vs_b3,incidents,only_b3_side,privileged,10065,19,plain,,True,1,0,335000004144,3040699331,True,False,False,0,0,0
tune,dataflow_vs_b3,incidents,only_b3_side,privileged,10065,20,plain,,False,1,0,351500004144,4443947788,True,False,False,0,0,0
tune,dataflow_vs_b3,incidents,only_b3_side,privileged,10065,21,plain,,False,1,0,387500004155,2166257307,True,False,False,0,0,0
tune,dataflow_vs_b3,incidents,only_b3_side,privileged,10065,23,plain,,True,1,0,408500004155,10406233799,True,False,False,0,0,0
tune,dataflow_vs_b3,incidents,only_b3_side,privileged,10065,24,plain,,False,1,1,414000008366,336348583,True,False,False,0,0,0
tune,dataflow_vs_b3,incidents,only_b3_side,privileged,10065,25,plain,,False,1,0,425000004144,1269616950,True,False,False,0,0,0
tune,dataflow_vs_b3,incidents,only_b3_side,privileged,10065,26,plain,,False,1,0,454000004166,7555572851,True,False,False,0,0,0
tune,dataflow_vs_b3,incidents,only_b3_side,privileged,10065,27,plain,,False,1,0,485000008354,1216695641,True,False,False,0,0,0
tune,dataflow_vs_b3,incidents,only_b3_side,privileged,10065,28,plain,,False,1,0,485000008354,110141034,True,False,False,0,0,0
tune,dataflow_vs_b3,incidents,only_b3_side,privileged,10065,3,plain,,False,1,0,38000004123,42897355,True,False,False,0,0,0
tune,dataflow_vs_b3,incidents,only_b3_side,privileged,10065,30,plain,,False,1,0,516000004155,1627746590,True,False,False,0,0,0
tune,dataflow_vs_b3,incidents,only_b3_side,privileged,10065,31,plain,,False,1,0,518500004155,3664414174,True,False,False,0,0,0
tune,dataflow_vs_b3,incidents,only_b3_side,privileged,10065,32,plain,,False,1,0,523000004155,3529091312,True,False,False,0,0,0
tune,dataflow_vs_b3,incidents,only_b3_side,privileged,10065,33,plain,,False,1,0,527500004155,75501950,True,False,False,0,0,0
tune,dataflow_vs_b3,incidents,only_b3_side,privileged,10065,35,plain,,False,1,0,541500004155,6046488481,True,False,False,0,0,0
tune,dataflow_vs_b3,incidents,only_b3_side,privileged,10065,4,plain,,False,1,0,121500004134,1601591107,True,False,False,0,0,0
tune,dataflow_vs_b3,incidents,only_b3_side,privileged,10065,5,plain,,False,1,0,120500004134,330020605,True,False,False,0,0,0
tune,dataflow_vs_b3,incidents,only_b3_side,privileged,10065,6,plain,,False,1,1,124500008289,379453153,True,False,False,0,0,0
tune,dataflow_vs_b3,incidents,only_b3_side,privileged,10065,7,plain,,False,1,1,147500004232,318115725,True,False,False,0,0,0
tune,dataflow_vs_b3,incidents,only_b3_side,privileged,10065,8,plain,,False,1,0,154000004144,22247917,True,False,False,0,0,0
tune,dataflow_vs_b3,incidents,only_b3_side,privileged,10065,9,hard,slow_leak,False,1,1,181500000000,25955847282,True,False,False,1,1,1
tune,dataflow_vs_b3,incidents,only_b3_side,privileged,10066,0,plain,,False,1,1,11500006704,221172737,True,False,False,0,0,0
tune,dataflow_vs_b3,incidents,only_b3_side,privileged,10066,1,plain,,True,1,0,19500003363,1417069980,True,False,False,0,0,0
tune,dataflow_vs_b3,incidents,only_b3_side,privileged,10066,10,hard,slow_leak,True,1,1,216500000000,24423930914,False,True,True,1,1,1
tune,dataflow_vs_b3,incidents,only_b3_side,privileged,10066,11,plain,,False,1,0,210000003395,6419081834,True,False,False,0,0,0
tune,dataflow_vs_b3,incidents,only_b3_side,privileged,10066,12,plain,,False,1,0,222500003373,66115653,True,False,False,0,0,0
tune,dataflow_vs_b3,incidents,only_b3_side,privileged,10066,13,plain,,False,2,2,243500003428,215015025,True,False,False,0,0,0
tune,dataflow_vs_b3,incidents,only_b3_side,privileged,10066,15,hard,compound,False,1,1,287500000000,20875743326,True,False,False,1,1,1
tune,dataflow_vs_b3,incidents,only_b3_side,privileged,10066,16,hard,compound,False,1,1,292500000000,18952297763,True,False,False,1,1,1
tune,dataflow_vs_b3,incidents,only_b3_side,privileged,10066,17,plain,,False,1,0,329500003363,978552618,True,False,False,0,0,0
tune,dataflow_vs_b3,incidents,only_b3_side,privileged,10066,18,plain,,False,1,0,336500003352,255198996,True,False,False,0,0,0
tune,dataflow_vs_b3,incidents,only_b3_side,privileged,10066,19,plain,,False,1,0,375500003395,4264988644,True,False,False,0,0,0
tune,dataflow_vs_b3,incidents,only_b3_side,privileged,10066,20,hard,compound,False,1,1,397000000000,21988075855,True,False,False,1,1,1
tune,dataflow_vs_b3,incidents,only_b3_side,privileged,10066,22,plain,,False,1,0,386000003384,2788074326,True,False,False,0,0,0
tune,dataflow_vs_b3,incidents,only_b3_side,privileged,10066,24,plain,,False,1,0,446500003395,2332964996,True,False,False,0,0,0
tune,dataflow_vs_b3,incidents,only_b3_side,privileged,10066,26,plain,,True,1,0,486500003384,1689756687,True,False,False,0,0,0
tune,dataflow_vs_b3,incidents,only_b3_side,privileged,10066,28,hard,compound,False,1,1,530000000000,21262154824,True,False,False,1,1,1
tune,dataflow_vs_b3,incidents,only_b3_side,privileged,10066,29,plain,,True,1,0,511500010132,460897054,True,False,False,0,0,0
tune,dataflow_vs_b3,incidents,only_b3_side,privileged,10066,3,plain,,False,1,0,48000003384,520633671,True,False,False,0,0,0
tune,dataflow_vs_b3,incidents,only_b3_side,privileged,10066,30,plain,,False,1,0,530500003373,2839763354,True,False,False,0,0,0
tune,dataflow_vs_b3,incidents,only_b3_side,privileged,10066,4,plain,,False,1,3,48500010099,408763024,True,False,False,0,0,0
tune,dataflow_vs_b3,incidents,only_b3_side,privileged,10066,6,plain,,False,1,0,69000003395,5823687749,True,False,False,0,0,0
tune,dataflow_vs_b3,incidents,only_b3_side,privileged,10066,9,plain,,False,1,0,160500003395,492810978,True,False,False,0,0,0
tune,dataflow_vs_b3,incidents,only_b3_side,privileged,10067,0,plain,,False,1,2,6000007229,169115490,True,False,False,0,0,0
tune,dataflow_vs_b3,incidents,only_b3_side,privileged,10067,1,plain,,False,2,0,43000003630,734454142,True,False,False,0,0,0
tune,dataflow_vs_b3,incidents,only_b3_side,privileged,10067,10,plain,,False,1,0,353500003674,7174029815,True,False,False,0,0,0
tune,dataflow_vs_b3,incidents,only_b3_side,privileged,10067,11,plain,,False,1,0,403500003652,3027800085,True,False,False,0,0,0
tune,dataflow_vs_b3,incidents,only_b3_side,privileged,10067,12,plain,,False,1,0,404000003652,3271839082,True,False,False,0,0,0
tune,dataflow_vs_b3,incidents,only_b3_side,privileged,10067,13,plain,,False,1,0,437500003652,6317490111,True,False,False,0,0,0
tune,dataflow_vs_b3,incidents,only_b3_side,privileged,10067,14,plain,,False,1,0,463000003652,259965022,True,False,False,0,0,0
tune,dataflow_vs_b3,incidents,only_b3_side,privileged,10067,15,plain,,False,1,0,470000003630,2088230638,True,False,False,0,0,0
tune,dataflow_vs_b3,incidents,only_b3_side,privileged,10067,16,plain,,True,1,0,490000003641,2521786669,True,False,False,0,0,0
tune,dataflow_vs_b3,incidents,only_b3_side,privileged,10067,17,plain,,False,1,2,520500003674,229127000,True,False,False,0,0,0
tune,dataflow_vs_b3,incidents,only_b3_side,privileged,10067,2,plain,,False,2,1,93500003652,367771828,True,False,False,0,0,0
tune,dataflow_vs_b3,incidents,only_b3_side,privileged,10067,3,plain,,False,1,0,138500003630,404184222,True,False,False,0,0,0
tune,dataflow_vs_b3,incidents,only_b3_side,privileged,10067,5,plain,,False,1,0,176500003609,85988886,True,False,False,0,0,0
tune,dataflow_vs_b3,incidents,only_b3_side,privileged,10067,6,plain,,False,1,0,210000003641,841332988,True,False,False,0,0,0
tune,dataflow_vs_b3,incidents,only_b3_side,privileged,10067,7,plain,,False,1,2,217000010870,507844692,True,False,False,0,0,0
tune,dataflow_vs_b3,incidents,only_b3_side,privileged,10067,8,decoy,,False,1,1,228500003630,7658384390,False,False,False,0,0,0
tune,dataflow_vs_b3,incidents,only_b3_side,privileged,10067,9,plain,,False,1,2,272000007250,1090001718,True,False,False,0,0,0
tune,dataflow_vs_b3,incidents,only_b3_side,privileged,10068,0,plain,,True,1,0,8500004423,36960360,True,False,False,0,0,0
tune,dataflow_vs_b3,incidents,only_b3_side,privileged,10068,1,plain,,False,1,1,14000004499,308446105,True,False,False,0,0,0
tune,dataflow_vs_b3,incidents,only_b3_side,privileged,10068,10,plain,,False,1,0,152500004499,212989122,True,False,False,0,0,0
tune,dataflow_vs_b3,incidents,only_b3_side,privileged,10068,12,plain,,False,1,0,187000008824,967904424,True,False,False,0,0,0
tune,dataflow_vs_b3,incidents,only_b3_side,privileged,10068,13,plain,,False,1,1,187000008824,162967446,True,False,False,0,0,0
tune,dataflow_vs_b3,incidents,only_b3_side,privileged,10068,14,plain,,False,1,0,199500004467,37316698,True,False,False,0,0,0
tune,dataflow_vs_b3,incidents,only_b3_side,privileged,10068,15,plain,,False,1,0,232500004423,764748599,True,False,False,0,0,0
tune,dataflow_vs_b3,incidents,only_b3_side,privileged,10068,16,plain,,False,1,1,244500008803,473012196,True,False,False,0,0,0
tune,dataflow_vs_b3,incidents,only_b3_side,privileged,10068,17,plain,,False,1,0,267500004423,7161483690,True,False,False,0,0,0
tune,dataflow_vs_b3,incidents,only_b3_side,privileged,10068,2,plain,,False,1,1,27000008815,433506205,True,False,False,0,0,0
tune,dataflow_vs_b3,incidents,only_b3_side,privileged,10068,20,plain,,False,1,0,339000004435,1004083519,True,False,False,0,0,0
tune,dataflow_vs_b3,incidents,only_b3_side,privileged,10068,21,plain,,False,1,1,348000004412,1525305686,True,False,False,0,0,0
tune,dataflow_vs_b3,incidents,only_b3_side,privileged,10068,22,plain,,False,1,0,360500004489,757442979,True,False,False,0,0,0
tune,dataflow_vs_b3,incidents,only_b3_side,privileged,10068,24,plain,,False,1,1,409000004435,413482577,True,False,False,0,0,0
tune,dataflow_vs_b3,incidents,only_b3_side,privileged,10068,25,plain,,False,1,0,431000004391,503690413,True,False,False,0,0,0
tune,dataflow_vs_b3,incidents,only_b3_side,privileged,10068,26,plain,,False,1,0,436000004423,5309542526,True,False,False,0,0,0
tune,dataflow_vs_b3,incidents,only_b3_side,privileged,10068,28,plain,,False,1,0,522500004423,953990870,True,False,False,0,0,0
tune,dataflow_vs_b3,incidents,only_b3_side,privileged,10068,29,plain,,False,1,0,523500008792,1252643864,True,False,False,0,0,0
tune,dataflow_vs_b3,incidents,only_b3_side,privileged,10068,3,plain,,False,1,1,40500004467,443424533,True,False,False,0,0,0
tune,dataflow_vs_b3,incidents,only_b3_side,privileged,10068,30,plain,,False,1,1,527000004412,4143754567,True,False,False,0,0,0
tune,dataflow_vs_b3,incidents,only_b3_side,privileged,10068,6,hard,compound,True,1,1,147500000000,18922841628,True,False,False,1,1,1
tune,dataflow_vs_b3,incidents,only_b3_side,privileged,10068,7,plain,,False,1,1,133500008870,166547905,True,False,False,0,0,0
tune,dataflow_vs_b3,incidents,only_b3_side,privileged,10068,8,plain,,False,1,0,136500004401,1129992833,True,False,False,0,0,0
tune,dataflow_vs_b3,incidents,only_b3_side,privileged,10069,0,plain,,False,1,1,2000006704,427574740,True,False,False,0,0,0
tune,dataflow_vs_b3,incidents,only_b3_side,privileged,10069,1,plain,,False,1,0,65000003373,1523133405,True,False,False,0,0,0
tune,dataflow_vs_b3,incidents,only_b3_side,privileged,10069,10,plain,,False,2,0,231500003373,1663547130,True,False,False,0,0,0
tune,dataflow_vs_b3,incidents,only_b3_side,privileged,10069,11,plain,,False,1,0,243000003373,495232193,True,False,False,0,0,0
tune,dataflow_vs_b3,incidents,only_b3_side,privileged,10069,12,plain,,False,1,0,299500003395,4356117168,True,False,False,0,0,0
tune,dataflow_vs_b3,incidents,only_b3_side,privileged,10069,13,plain,,True,1,1,296500003395,1178871597,True,False,False,0,0,0
tune,dataflow_vs_b3,incidents,only_b3_side,privileged,10069,14,plain,,False,1,0,318000003395,396627321,True,False,False,0,0,0
tune,dataflow_vs_b3,incidents,only_b3_side,privileged,10069,16,plain,,False,1,0,367000003395,6129677486,True,False,False,0,0,0
tune,dataflow_vs_b3,incidents,only_b3_side,privileged,10069,18,plain,,False,1,0,394500003395,4138220161,True,False,False,0,0,0
tune,dataflow_vs_b3,incidents,only_b3_side,privileged,10069,19,plain,,False,1,0,401500003395,5247089773,True,False,False,0,0,0
tune,dataflow_vs_b3,incidents,only_b3_side,privileged,10069,2,plain,,False,1,0,69500003363,910364975,True,False,False,0,0,0
tune,dataflow_vs_b3,incidents,only_b3_side,privileged,10069,20,plain,,False,1,0,412000003407,4699752674,True,False,False,0,0,0
tune,dataflow_vs_b3,incidents,only_b3_side,privileged,10069,22,plain,,False,1,0,448500003407,6339327288,True,False,False,0,0,0
tune,dataflow_vs_b3,incidents,only_b3_side,privileged,10069,23,plain,,False,1,0,450500003395,6875266441,True,False,False,0,0,0
tune,dataflow_vs_b3,incidents,only_b3_side,privileged,10069,24,plain,,False,1,1,470000003363,284417373,True,False,False,0,0,0
tune,dataflow_vs_b3,incidents,only_b3_side,privileged,10069,25,decoy,,False,1,0,496000003384,10173884638,False,False,False,0,0,0
tune,dataflow_vs_b3,incidents,only_b3_side,privileged,10069,27,hard,compound,False,1,1,534000000000,22616488091,True,False,False,1,1,1
tune,dataflow_vs_b3,incidents,only_b3_side,privileged,10069,28,plain,,False,1,0,538000003395,1120529578,True,False,False,0,0,0
tune,dataflow_vs_b3,incidents,only_b3_side,privileged,10069,3,hard,compound,False,1,1,91500000000,21815208765,True,False,False,1,1,1
tune,dataflow_vs_b3,incidents,only_b3_side,privileged,10069,4,plain,,False,1,0,129000003384,3903517368,True,False,False,0,0,0
tune,dataflow_vs_b3,incidents,only_b3_side,privileged,10069,6,plain,,False,1,0,143500006791,1181543234,True,False,False,0,0,0
tune,dataflow_vs_b3,incidents,only_b3_side,privileged,10069,7,plain,,False,1,1,163500003384,2248093887,True,False,False,0,0,0
tune,dataflow_vs_b3,incidents,only_b3_side,privileged,10069,8,plain,,False,1,0,201000003395,1979908899,True,False,False,0,0,0
tune,dataflow_vs_b3,incidents,only_b3_side,privileged,10069,9,plain,,False,1,0,207500003407,3371074751,True,False,False,0,0,0
tune,dataflow_vs_b3,incidents,only_b3_side,privileged,10070,1,plain,,True,1,0,38500003921,90786744,True,False,False,0,0,0
tune,dataflow_vs_b3,incidents,only_b3_side,privileged,10070,10,plain,,False,1,2,216500003898,4328011899,True,False,False,0,0,0
tune,dataflow_vs_b3,incidents,only_b3_side,privileged,10070,11,plain,,False,1,0,311000003909,4208507556,True,False,False,0,0,0
tune,dataflow_vs_b3,incidents,only_b3_side,privileged,10070,12,plain,,True,1,0,349000003909,302989840,True,False,False,0,0,0
tune,dataflow_vs_b3,incidents,only_b3_side,privileged,10070,14,decoy,,False,1,0,371500003909,10578918660,False,False,False,0,0,0
tune,dataflow_vs_b3,incidents,only_b3_side,privileged,10070,15,plain,,False,1,1,420000003898,2611124831,True,False,False,0,0,0
tune,dataflow_vs_b3,incidents,only_b3_side,privileged,10070,16,plain,,False,1,0,445000007840,12038504403,True,False,False,0,0,0
tune,dataflow_vs_b3,incidents,only_b3_side,privileged,10070,17,plain,,False,1,0,441000003898,3603047555,True,False,False,0,0,0
tune,dataflow_vs_b3,incidents,only_b3_side,privileged,10070,18,plain,,False,1,0,448000003921,8796516189,True,False,False,0,0,0
tune,dataflow_vs_b3,incidents,only_b3_side,privileged,10070,20,plain,,False,1,1,451000003877,307114142,True,False,False,0,0,0
tune,dataflow_vs_b3,incidents,only_b3_side,privileged,10070,21,plain,,False,1,0,482000003887,1345843119,True,False,False,0,0,0
tune,dataflow_vs_b3,incidents,only_b3_side,privileged,10070,22,plain,,False,2,0,498500003898,3280057628,True,False,False,0,0,0
tune,dataflow_vs_b3,incidents,only_b3_side,privileged,10070,23,plain,,False,1,0,506000003909,4796911772,True,False,False,0,0,0
tune,dataflow_vs_b3,incidents,only_b3_side,privileged,10070,24,plain,,False,1,0,527000003942,6861529333,True,False,False,0,0,0
tune,dataflow_vs_b3,incidents,only_b3_side,privileged,10070,25,plain,,False,1,0,522000003898,951651322,True,False,False,0,0,0
tune,dataflow_vs_b3,incidents,only_b3_side,privileged,10070,26,plain,,False,1,0,524000007785,26150421,True,False,False,0,0,0
tune,dataflow_vs_b3,incidents,only_b3_side,privileged,10070,27,plain,,False,1,0,530000003887,168962295,True,False,False,0,0,0
tune,dataflow_vs_b3,incidents,only_b3_side,privileged,10070,3,plain,,False,1,1,46500003931,25111130,True,False,False,0,0,0
tune,dataflow_vs_b3,incidents,only_b3_side,privileged,10070,4,plain,,False,1,0,58000003887,2288596463,True,False,False,0,0,0
tune,dataflow_vs_b3,incidents,only_b3_side,privileged,10070,5,plain,,False,1,0,92000003909,4723756583,True,False,False,0,0,0
tune,dataflow_vs_b3,incidents,only_b3_side,privileged,10070,6,plain,,True,1,0,123500003887,8183486,True,False,False,0,0,0
tune,dataflow_vs_b3,incidents,only_b3_side,privileged,10070,7,plain,,False,1,0,135500003887,2813809258,True,False,False,0,0,0
tune,dataflow_vs_b3,incidents,only_b3_side,privileged,10070,9,plain,,False,1,0,212500003909,3824317215,True,False,False,0,0,0
tune,dataflow_vs_b3,incidents,only_b3_side,privileged,10071,1,plain,,False,1,0,40000004412,184444511,True,False,False,0,0,0
tune,dataflow_vs_b3,incidents,only_b3_side,privileged,10071,10,plain,,False,1,0,152000004412,130587710,True,False,False,0,0,0
tune,dataflow_vs_b3,incidents,only_b3_side,privileged,10071,12,plain,,False,1,0,168500004412,5051063797,True,False,False,0,0,0
tune,dataflow_vs_b3,incidents,only_b3_side,privileged,10071,13,plain,,False,1,0,226500004391,1206169343,True,False,False,0,0,0
tune,dataflow_vs_b3,incidents,only_b3_side,privileged,10071,14,plain,,False,1,0,233000004401,5197974996,True,False,False,0,0,0
tune,dataflow_vs_b3,incidents,only_b3_side,privileged,10071,15,plain,,False,1,0,332500004401,995655245,True,False,False,0,0,0
tune,dataflow_vs_b3,incidents,only_b3_side,privileged,10071,16,plain,,False,1,0,340500004380,427783650,True,False,False,0,0,0
tune,dataflow_vs_b3,incidents,only_b3_side,privileged,10071,17,plain,,False,1,0,363000004489,148394575,True,False,False,0,0,0
tune,dataflow_vs_b3,incidents,only_b3_side,privileged,10071,19,plain,,True,1,0,403000004412,2078583545,True,False,False,0,0,0
tune,dataflow_vs_b3,incidents,only_b3_side,privileged,10071,2,plain,,False,1,0,50500004380,185832760,True,False,False,0,0,0
tune,dataflow_vs_b3,incidents,only_b3_side,privileged,10071,20,plain,,False,1,0,425500004401,4094209630,True,False,False,0,0,0
tune,dataflow_vs_b3,incidents,only_b3_side,privileged,10071,21,decoy,,False,1,0,436000004445,11913975379,False,False,False,0,0,0
tune,dataflow_vs_b3,incidents,only_b3_side,privileged,10071,22,plain,,False,1,0,427500004412,57208563,True,False,False,0,0,0
tune,dataflow_vs_b3,incidents,only_b3_side,privileged,10071,23,plain,,True,1,0,477500004423,3025570066,True,False,False,0,0,0
tune,dataflow_vs_b3,incidents,only_b3_side,privileged,10071,24,decoy,,False,1,0,515500004401,8821439094,False,False,False,0,0,0
tune,dataflow_vs_b3,incidents,only_b3_side,privileged,10071,25,decoy,,False,1,0,535000004423,10632476374,False,False,False,0,0,0
tune,dataflow_vs_b3,incidents,only_b3_side,privileged,10071,4,decoy,,False,1,0,85000004412,10101936493,False,False,False,0,0,0
tune,dataflow_vs_b3,incidents,only_b3_side,privileged,10071,5,plain,,False,1,0,103500004391,122039120,True,False,False,0,0,0
tune,dataflow_vs_b3,incidents,only_b3_side,privileged,10071,6,plain,,True,1,0,106000004391,655083880,True,False,False,0,0,0
tune,dataflow_vs_b3,incidents,only_b3_side,privileged,10071,7,plain,,False,1,0,109500004412,477939506,True,False,False,0,0,0
tune,dataflow_vs_b3,incidents,only_b3_side,privileged,10071,8,plain,,False,1,0,130500004401,2567158046,True,False,False,0,0,0
tune,dataflow_vs_b3,incidents,only_b3_side,privileged,10072,0,plain,,False,1,0,12500003674,126993200,True,False,False,0,0,0
tune,dataflow_vs_b3,incidents,only_b3_side,privileged,10072,1,decoy,,False,1,0,63000003641,10384046936,False,False,False,0,0,0
tune,dataflow_vs_b3,incidents,only_b3_side,privileged,10072,10,plain,,False,1,0,227000007271,185342752,True,False,False,0,0,0
tune,dataflow_vs_b3,incidents,only_b3_side,privileged,10072,11,plain,,False,1,1,249500003718,357409411,True,False,False,0,0,0
tune,dataflow_vs_b3,incidents,only_b3_side,privileged,10072,12,plain,,True,1,0,310500003641,2602771342,True,False,False,0,0,0
tune,dataflow_vs_b3,incidents,only_b3_side,privileged,10072,13,plain,,False,1,0,435500003685,494254159,True,False,False,0,0,0
tune,dataflow_vs_b3,incidents,only_b3_side,privileged,10072,15,plain,,False,1,0,459000007403,469841332,True,False,False,0,0,0
tune,dataflow_vs_b3,incidents,only_b3_side,privileged,10072,16,plain,,False,1,0,488500003641,507131227,True,False,False,0,0,0
tune,dataflow_vs_b3,incidents,only_b3_side,privileged,10072,17,plain,,False,1,0,516500003641,2338542774,True,False,False,0,0,0
tune,dataflow_vs_b3,incidents,only_b3_side,privileged,10072,19,hard,slow_leak,False,1,1,547500000000,25020177983,True,False,False,1,1,1
tune,dataflow_vs_b3,incidents,only_b3_side,privileged,10072,2,plain,,False,1,0,64500003641,1015691032,True,False,False,0,0,0
tune,dataflow_vs_b3,incidents,only_b3_side,privileged,10072,3,plain,,True,1,0,76500003620,150696712,True,False,False,0,0,0
tune,dataflow_vs_b3,incidents,only_b3_side,privileged,10072,4,plain,,False,1,0,89000003630,3634568520,True,False,False,0,0,0
tune,dataflow_vs_b3,incidents,only_b3_side,privileged,10072,5,plain,,False,1,0,107500003641,4297253791,True,False,False,0,0,0
tune,dataflow_vs_b3,incidents,only_b3_side,privileged,10072,6,plain,,True,1,0,110000003641,167225066,True,False,False,0,0,0
tune,dataflow_vs_b3,incidents,only_b3_side,privileged,10072,7,plain,,False,1,0,182500003641,808936623,True,False,False,0,0,0
tune,dataflow_vs_b3,incidents,only_b3_side,privileged,10072,8,hard,cascade,True,1,1,217500000000,20137809353,True,False,False,1,1,1
tune,dataflow_vs_b3,incidents,only_b3_side,privileged,10072,9,plain,,True,1,0,228000003664,2303197449,True,False,False,0,0,0
tune,dataflow_vs_b3,incidents,only_b3_side,privileged,10073,0,plain,,False,1,0,78500004134,402005615,True,False,False,0,0,0
tune,dataflow_vs_b3,incidents,only_b3_side,privileged,10073,1,plain,,False,1,0,84500004134,33325697,True,False,False,0,0,0
tune,dataflow_vs_b3,incidents,only_b3_side,privileged,10073,11,plain,,False,1,0,310500004155,5689197456,True,False,False,0,0,0
tune,dataflow_vs_b3,incidents,only_b3_side,privileged,10073,12,plain,,False,1,0,317000004188,9500399139,True,False,False,0,0,0
tune,dataflow_vs_b3,incidents,only_b3_side,privileged,10073,13,plain,,True,1,0,326500004155,3246209641,True,False,False,0,0,0
tune,dataflow_vs_b3,incidents,only_b3_side,privileged,10073,14,plain,,False,1,0,373500004144,7814343762,True,False,False,0,0,0
tune,dataflow_vs_b3,incidents,only_b3_side,privileged,10073,15,plain,,False,1,0,386000004144,4158011139,True,False,False,0,0,0
tune,dataflow_vs_b3,incidents,only_b3_side,privileged,10073,16,plain,,False,1,0,406500004188,5885035219,True,False,False,0,0,0
tune,dataflow_vs_b3,incidents,only_b3_side,privileged,10073,17,plain,,False,1,0,453500004144,2674361782,True,False,False,0,0,0
tune,dataflow_vs_b3,incidents,only_b3_side,privileged,10073,18,plain,,False,1,1,454000004329,343118605,True,False,False,0,0,0
tune,dataflow_vs_b3,incidents,only_b3_side,privileged,10073,19,hard,slow_leak,False,1,1,479000000000,23985858204,True,False,False,1,1,1
tune,dataflow_vs_b3,incidents,only_b3_side,privileged,10073,2,plain,,False,1,0,121500004178,5836621457,True,False,False,0,0,0
tune,dataflow_vs_b3,incidents,only_b3_side,privileged,10073,20,plain,,False,1,0,492000004155,36501084831,True,False,False,0,0,0
tune,dataflow_vs_b3,incidents,only_b3_side,privileged,10073,21,plain,,True,1,0,469000004144,2237214105,True,False,False,0,0,0
tune,dataflow_vs_b3,incidents,only_b3_side,privileged,10073,22,plain,,False,1,0,496500004178,8947385612,True,False,False,0,0,0
tune,dataflow_vs_b3,incidents,only_b3_side,privileged,10073,23,plain,,False,2,0,494500004155,3353246665,True,False,False,0,0,0
tune,dataflow_vs_b3,incidents,only_b3_side,privileged,10073,24,plain,,False,1,0,520000004144,1272614291,True,False,False,0,0,0
tune,dataflow_vs_b3,incidents,only_b3_side,privileged,10073,25,plain,,False,1,0,524500004144,3839072155,True,False,False,0,0,0
tune,dataflow_vs_b3,incidents,only_b3_side,privileged,10073,26,plain,,True,1,0,523500004144,2726194362,True,False,False,0,0,0
tune,dataflow_vs_b3,incidents,only_b3_side,privileged,10073,27,plain,,False,1,1,525500004134,3903894825,True,False,False,0,0,0
tune,dataflow_vs_b3,incidents,only_b3_side,privileged,10073,3,plain,,False,2,0,161500004144,1281212361,True,False,False,0,0,0
tune,dataflow_vs_b3,incidents,only_b3_side,privileged,10073,4,plain,,False,1,0,174500004144,920892524,True,False,False,0,0,0
tune,dataflow_vs_b3,incidents,only_b3_side,privileged,10073,5,plain,,False,1,0,183500004144,913556071,True,False,False,0,0,0
tune,dataflow_vs_b3,incidents,only_b3_side,privileged,10073,6,hard,compound,False,1,1,202500000000,18846198580,True,False,False,1,1,1
tune,dataflow_vs_b3,incidents,only_b3_side,privileged,10073,7,plain,,False,1,0,226500004134,2535994547,True,False,False,0,0,0
tune,dataflow_vs_b3,incidents,only_b3_side,privileged,10073,8,plain,,True,1,0,296500004134,1212854525,True,False,False,0,0,0
tune,dataflow_vs_b3,incidents,only_b3_side,privileged,10073,9,plain,,False,1,1,304000008267,379292276,True,False,False,0,0,0
tune,dataflow_vs_b3,incidents,only_b3_side,privileged,10074,0,plain,,False,2,0,7500003620,515272623,True,False,False,0,0,0
tune,dataflow_vs_b3,incidents,only_b3_side,privileged,10074,1,plain,,True,1,0,20500003630,1302931857,True,False,False,0,0,0
tune,dataflow_vs_b3,incidents,only_b3_side,privileged,10074,10,plain,,False,1,0,115000003652,2473901619,True,False,False,0,0,0
tune,dataflow_vs_b3,incidents,only_b3_side,privileged,10074,11,plain,,False,1,0,154500003652,4124743154,True,False,False,0,0,0
tune,dataflow_vs_b3,incidents,only_b3_side,privileged,10074,12,plain,,False,1,0,171500003664,4011368031,True,False,False,0,0,0
tune,dataflow_vs_b3,incidents,only_b3_side,privileged,10074,13,plain,,False,1,0,188000003652,3723040517,True,False,False,0,0,0
tune,dataflow_vs_b3,incidents,only_b3_side,privileged,10074,15,plain,,False,1,0,237500003641,6175824550,True,False,False,0,0,0
tune,dataflow_vs_b3,incidents,only_b3_side,privileged,10074,16,plain,,True,1,0,243500003630,411365062,True,False,False,0,0,0
tune,dataflow_vs_b3,incidents,only_b3_side,privileged,10074,17,plain,,False,2,0,296500003652,3114256965,True,False,False,0,0,0
tune,dataflow_vs_b3,incidents,only_b3_side,privileged,10074,2,plain,,True,1,0,22500003630,355467308,True,False,False,0,0,0
tune,dataflow_vs_b3,incidents,only_b3_side,privileged,10074,20,plain,,False,1,0,326500003652,3017364546,True,False,False,0,0,0
tune,dataflow_vs_b3,incidents,only_b3_side,privileged,10074,21,plain,,False,1,0,336000003652,201778159,True,False,False,0,0,0
tune,dataflow_vs_b3,incidents,only_b3_side,privileged,10074,22,plain,,True,1,0,370000003685,4805353546,True,False,False,0,0,0
tune,dataflow_vs_b3,incidents,only_b3_side,privileged,10074,23,plain,,False,1,0,368000003652,343209223,True,False,False,0,0,0
tune,dataflow_vs_b3,incidents,only_b3_side,privileged,10074,24,plain,,False,1,1,374000003674,5856285418,True,False,False,0,0,0
tune,dataflow_vs_b3,incidents,only_b3_side,privileged,10074,27,plain,,False,1,0,422000003652,448046194,True,False,False,0,0,0
tune,dataflow_vs_b3,incidents,only_b3_side,privileged,10074,28,plain,,False,1,2,451500003641,7061581534,True,False,False,0,0,0
tune,dataflow_vs_b3,incidents,only_b3_side,privileged,10074,3,plain,,False,1,0,26500003630,494923697,True,False,False,0,0,0
tune,dataflow_vs_b3,incidents,only_b3_side,privileged,10074,31,plain,,False,1,0,476000003652,4016137530,True,False,False,0,0,0
tune,dataflow_vs_b3,incidents,only_b3_side,privileged,10074,32,plain,,True,1,0,484000003664,5399376642,True,False,False,0,0,0
tune,dataflow_vs_b3,incidents,only_b3_side,privileged,10074,33,plain,,False,1,0,517000003641,1762559942,True,False,False,0,0,0
tune,dataflow_vs_b3,incidents,only_b3_side,privileged,10074,4,plain,,False,1,0,55500003620,173580640,True,False,False,0,0,0
tune,dataflow_vs_b3,incidents,only_b3_side,privileged,10074,6,plain,,False,1,0,90500003652,406529192,True,False,False,0,0,0
tune,dataflow_vs_b3,incidents,only_b3_side,privileged,10074,7,plain,,False,1,0,95500003630,339716432,True,False,False,0,0,0
tune,dataflow_vs_b3,incidents,only_b3_side,privileged,10075,0,hard,cascade,False,1,1,39500000000,18934327118,True,False,False,1,1,1
tune,dataflow_vs_b3,incidents,only_b3_side,privileged,10075,1,hard,split_brain,False,2,3,64500000000,18746562944,True,False,False,2,2,2
tune,dataflow_vs_b3,incidents,only_b3_side,privileged,10075,11,plain,,False,1,1,351000007808,1110152713,True,False,False,0,0,0
tune,dataflow_vs_b3,incidents,only_b3_side,privileged,10075,12,plain,,False,2,0,367500003931,365010767,True,False,False,0,0,0
tune,dataflow_vs_b3,incidents,only_b3_side,privileged,10075,13,plain,,False,1,0,378000003887,1118457899,True,False,False,0,0,0
tune,dataflow_vs_b3,incidents,only_b3_side,privileged,10075,15,hard,slow_leak,False,1,1,456000000000,25108246834,True,False,False,1,1,1
tune,dataflow_vs_b3,incidents,only_b3_side,privileged,10075,16,hard,slow_leak,False,1,1,476500003887,26176632676,True,False,False,1,1,1
tune,dataflow_vs_b3,incidents,only_b3_side,privileged,10075,17,plain,,False,1,0,464000003909,4257497232,True,False,False,0,0,0
tune,dataflow_vs_b3,incidents,only_b3_side,privileged,10075,18,plain,,False,1,0,469000003898,715622795,True,False,False,0,0,0
tune,dataflow_vs_b3,incidents,only_b3_side,privileged,10075,19,plain,,False,1,0,473500003898,4516016776,True,False,False,0,0,0
tune,dataflow_vs_b3,incidents,only_b3_side,privileged,10075,2,plain,,False,1,0,110500003887,2803239865,True,False,False,0,0,0
tune,dataflow_vs_b3,incidents,only_b3_side,privileged,10075,20,plain,,False,1,0,478000003898,3073722426,True,False,False,0,0,0
tune,dataflow_vs_b3,incidents,only_b3_side,privileged,10075,21,plain,,False,1,0,487000003921,7202591871,True,False,False,0,0,0
tune,dataflow_vs_b3,incidents,only_b3_side,privileged,10075,3,plain,,False,1,0,111500003953,73431928,True,False,False,0,0,0
tune,dataflow_vs_b3,incidents,only_b3_side,privileged,10075,4,plain,,False,1,0,140500003887,697012414,True,False,False,0,0,0
tune,dataflow_vs_b3,incidents,only_b3_side,privileged,10075,5,plain,,False,1,0,211000004007,366041364,True,False,False,0,0,0
tune,dataflow_vs_b3,incidents,only_b3_side,privileged,10075,7,plain,,False,1,0,234500003887,1142089954,True,False,False,0,0,0
tune,dataflow_vs_b3,incidents,only_b3_side,privileged,10075,8,plain,,False,1,0,261500003887,2582727510,True,False,False,0,0,0
tune,dataflow_vs_b3,incidents,only_b3_side,privileged,10075,9,plain,,False,1,0,270000003909,5711629735,True,False,False,0,0,0
tune,dataflow_vs_b3,incidents,only_b3_side,privileged,10076,0,plain,,False,1,0,19500004155,1368544069,True,False,False,0,0,0
tune,dataflow_vs_b3,incidents,only_b3_side,privileged,10076,1,plain,,False,1,0,36000004134,211917819,True,False,False,0,0,0
tune,dataflow_vs_b3,incidents,only_b3_side,privileged,10076,10,plain,,False,1,0,216000004155,3825249358,True,False,False,0,0,0
tune,dataflow_vs_b3,incidents,only_b3_side,privileged,10076,12,plain,,False,1,0,240000004166,4011982358,True,False,False,0,0,0
tune,dataflow_vs_b3,incidents,only_b3_side,privileged,10076,13,plain,,False,1,0,255000004155,3312084380,True,False,False,0,0,0
tune,dataflow_vs_b3,incidents,only_b3_side,privileged,10076,14,plain,,True,1,0,264000004155,235873379,True,False,False,0,0,0
tune,dataflow_vs_b3,incidents,only_b3_side,privileged,10076,17,plain,,False,1,0,356000004210,767489466,True,False,False,0,0,0
tune,dataflow_vs_b3,incidents,only_b3_side,privileged,10076,19,plain,,False,1,0,382000004166,4533838828,True,False,False,0,0,0
tune,dataflow_vs_b3,incidents,only_b3_side,privileged,10076,20,plain,,False,1,0,396000004155,4172465483,True,False,False,0,0,0
tune,dataflow_vs_b3,incidents,only_b3_side,privileged,10076,21,hard,compound,True,1,1,413000000000,18918954770,True,False,False,1,1,1
tune,dataflow_vs_b3,incidents,only_b3_side,privileged,10076,22,plain,,False,1,0,397500004155,328654503,True,False,False,0,0,0
tune,dataflow_vs_b3,incidents,only_b3_side,privileged,10076,23,plain,,True,1,1,493500004144,5142792744,True,False,False,0,0,0
tune,dataflow_vs_b3,incidents,only_b3_side,privileged,10076,25,hard,compound,True,1,1,535000000000,19727451518,True,False,False,1,1,1
tune,dataflow_vs_b3,incidents,only_b3_side,privileged,10076,27,plain,,False,1,0,536500004155,2546110092,True,False,False,0,0,0
tune,dataflow_vs_b3,incidents,only_b3_side,privileged,10076,4,plain,,False,1,0,103000004144,2580054523,True,False,False,0,0,0
tune,dataflow_vs_b3,incidents,only_b3_side,privileged,10076,7,hard,compound,False,1,1,192000000000,18652630274,True,False,False,1,1,1
tune,dataflow_vs_b3,incidents,only_b3_side,privileged,10076,8,plain,,True,1,0,188500004178,167620165,True,False,False,0,0,0
tune,dataflow_vs_b3,incidents,only_b3_side,privileged,10076,9,plain,,False,1,0,208500004155,4322802552,True,False,False,0,0,0
tune,dataflow_vs_b3,incidents,only_b3_side,privileged,10077,0,plain,,False,1,0,2000003363,485724944,True,False,False,0,0,0
tune,dataflow_vs_b3,incidents,only_b3_side,privileged,10077,1,plain,,False,1,1,10000003384,1780837604,True,False,False,0,0,0
tune,dataflow_vs_b3,incidents,only_b3_side,privileged,10077,10,plain,,False,1,0,143000003407,4010005255,True,False,False,0,0,0
tune,dataflow_vs_b3,incidents,only_b3_side,privileged,10077,11,plain,,True,1,0,147500003407,5902404024,True,False,False,0,0,0
tune,dataflow_vs_b3,incidents,only_b3_side,privileged,10077,12,plain,,False,1,0,151500003395,571677235,True,False,False,0,0,0
tune,dataflow_vs_b3,incidents,only_b3_side,privileged,10077,13,plain,,False,1,0,163000003407,7236887336,True,False,False,0,0,0
tune,dataflow_vs_b3,incidents,only_b3_side,privileged,10077,14,plain,,False,1,0,211000003395,4066890423,True,False,False,0,0,0
tune,dataflow_vs_b3,incidents,only_b3_side,privileged,10077,15,plain,,False,1,0,232500003395,2180209415,True,False,False,0,0,0
tune,dataflow_vs_b3,incidents,only_b3_side,privileged,10077,17,plain,,False,1,0,244500003407,6939851772,True,False,False,0,0,0
tune,dataflow_vs_b3,incidents,only_b3_side,privileged,10077,18,plain,,False,1,0,259500003395,6676757267,True,False,False,0,0,0
tune,dataflow_vs_b3,incidents,only_b3_side,privileged,10077,19,plain,,False,1,0,260500003407,7106362190,True,False,False,0,0,0
tune,dataflow_vs_b3,incidents,only_b3_side,privileged,10077,20,plain,,False,1,0,270500003482,15557507144,True,False,False,0,0,0
tune,dataflow_vs_b3,incidents,only_b3_side,privileged,10077,21,plain,,False,1,0,291500003428,9225997370,True,False,False,0,0,0
tune,dataflow_vs_b3,incidents,only_b3_side,privileged,10077,22,plain,,False,1,0,353500003612,36017885559,True,False,False,0,0,0
tune,dataflow_vs_b3,incidents,only_b3_side,privileged,10077,24,plain,,False,1,1,384000003384,6069095524,True,False,False,0,0,0
tune,dataflow_vs_b3,incidents,only_b3_side,privileged,10077,25,plain,,False,1,0,421500003395,2906775369,True,False,False,0,0,0
tune,dataflow_vs_b3,incidents,only_b3_side,privileged,10077,29,plain,,False,1,0,474500003407,5813613052,True,False,False,0,0,0
tune,dataflow_vs_b3,incidents,only_b3_side,privileged,10077,3,hard,cascade,False,1,1,36500000000,18680635431,True,False,False,1,1,1
tune,dataflow_vs_b3,incidents,only_b3_side,privileged,10077,31,plain,,False,1,0,495000003395,4962302679,True,False,False,0,0,0
tune,dataflow_vs_b3,incidents,only_b3_side,privileged,10077,33,plain,,False,1,0,532000003407,3653883691,True,False,False,0,0,0
tune,dataflow_vs_b3,incidents,only_b3_side,privileged,10077,34,plain,,True,1,0,539000003407,6884778608,True,False,False,0,0,0
tune,dataflow_vs_b3,incidents,only_b3_side,privileged,10077,4,plain,,False,1,0,70000003395,1694433594,True,False,False,0,0,0
tune,dataflow_vs_b3,incidents,only_b3_side,privileged,10077,5,plain,,False,1,0,78500003363,24849942,True,False,False,0,0,0
tune,dataflow_vs_b3,incidents,only_b3_side,privileged,10077,7,plain,,False,1,0,104500003373,2421877614,True,False,False,0,0,0
tune,dataflow_vs_b3,incidents,only_b3_side,privileged,10077,8,hard,cascade,False,1,1,129500000000,18920840014,True,False,False,1,1,1
tune,dataflow_vs_b3,incidents,only_b3_side,privileged,10078,0,plain,,False,1,0,42000004134,1214554524,True,False,False,0,0,0
tune,dataflow_vs_b3,incidents,only_b3_side,privileged,10078,11,plain,,False,1,0,378000004144,3465916730,True,False,False,0,0,0
tune,dataflow_vs_b3,incidents,only_b3_side,privileged,10078,12,plain,,True,1,0,379500004144,2709994090,True,False,False,0,0,0
tune,dataflow_vs_b3,incidents,only_b3_side,privileged,10078,13,plain,,True,1,1,388500004134,233428284,True,False,False,0,0,0
tune,dataflow_vs_b3,incidents,only_b3_side,privileged,10078,15,plain,,False,1,0,418000008312,440775180,True,False,False,0,0,0
tune,dataflow_vs_b3,incidents,only_b3_side,privileged,10078,16,plain,,False,1,0,462000004144,3249426244,True,False,False,0,0,0
tune,dataflow_vs_b3,incidents,only_b3_side,privileged,10078,19,plain,,False,1,0,519000004296,139774938,True,False,False,0,0,0
tune,dataflow_vs_b3,incidents,only_b3_side,privileged,10078,2,plain,,False,1,0,45500012467,34864258,True,False,False,0,0,0
tune,dataflow_vs_b3,incidents,only_b3_side,privileged,10078,3,plain,,False,1,0,135000004144,1065924216,True,False,False,0,0,0
tune,dataflow_vs_b3,incidents,only_b3_side,privileged,10078,4,plain,,False,1,0,169000008267,193684981,True,False,False,0,0,0
tune,dataflow_vs_b3,incidents,only_b3_side,privileged,10078,5,plain,,False,1,0,187000004210,415992844,True,False,False,0,0,0
tune,dataflow_vs_b3,incidents,only_b3_side,privileged,10078,6,plain,,False,1,3,258000012445,254826813,True,False,False,0,0,0
tune,dataflow_vs_b3,incidents,only_b3_side,privileged,10078,8,plain,,False,1,0,351000004134,3094467115,True,False,False,0,0,0
tune,dataflow_vs_b3,incidents,only_b3_side,privileged,10078,9,hard,slow_leak,False,1,1,379000000000,25272453784,True,False,False,1,1,1
tune,dataflow_vs_b3,incidents,only_b3_side,privileged,10079,0,hard,split_brain,False,1,2,37000000000,18918808124,True,False,False,1,1,1
tune,dataflow_vs_b3,incidents,only_b3_side,privileged,10079,1,plain,,True,1,0,23500004144,178932750,True,False,False,0,0,0
tune,dataflow_vs_b3,incidents,only_b3_side,privileged,10079,10,plain,,False,1,0,163000004264,475911425,True,False,False,0,0,0
tune,dataflow_vs_b3,incidents,only_b3_side,privileged,10079,11,plain,,False,1,0,192500004144,313256116,True,False,False,0,0,0
tune,dataflow_vs_b3,incidents,only_b3_side,privileged,10079,12,plain,,False,1,0,221500004166,94225588,True,False,False,0,0,0
tune,dataflow_vs_b3,incidents,only_b3_side,privileged,10079,13,plain,,False,1,0,232000004155,286801701,True,False,False,0,0,0
tune,dataflow_vs_b3,incidents,only_b3_side,privileged,10079,14,plain,,False,1,1,257000008278,210030785,True,False,False,0,0,0
tune,dataflow_vs_b3,incidents,only_b3_side,privileged,10079,15,plain,,False,1,0,299000004134,457381818,True,False,False,0,0,0
tune,dataflow_vs_b3,incidents,only_b3_side,privileged,10079,16,plain,,False,1,0,301000004144,2128698858,True,False,False,0,0,0
tune,dataflow_vs_b3,incidents,only_b3_side,privileged,10079,17,plain,,False,1,0,305500004188,1627614795,True,False,False,0,0,0
tune,dataflow_vs_b3,incidents,only_b3_side,privileged,10079,18,plain,,True,1,1,324500008333,243795886,True,False,False,0,0,0
tune,dataflow_vs_b3,incidents,only_b3_side,privileged,10079,19,plain,,False,2,0,379000004221,14021700716,True,False,False,0,0,0
tune,dataflow_vs_b3,incidents,only_b3_side,privileged,10079,2,plain,,False,1,0,57500004210,433517025,True,False,False,0,0,0
tune,dataflow_vs_b3,incidents,only_b3_side,privileged,10079,21,decoy,,False,1,1,439000004144,30152314323,False,False,False,0,0,0
tune,dataflow_vs_b3,incidents,only_b3_side,privileged,10079,22,plain,,False,1,0,438000004155,3933894214,True,False,False,0,0,0
tune,dataflow_vs_b3,incidents,only_b3_side,privileged,10079,23,plain,,False,1,0,457000004232,288824062,True,False,False,0,0,0
tune,dataflow_vs_b3,incidents,only_b3_side,privileged,10079,24,plain,,False,1,0,475500004134,177855662,True,False,False,0,0,0
tune,dataflow_vs_b3,incidents,only_b3_side,privileged,10079,25,plain,,False,1,3,486000008333,164973080,True,False,False,0,0,0
tune,dataflow_vs_b3,incidents,only_b3_side,privileged,10079,28,plain,,False,1,0,507500004144,1742072073,True,False,False,0,0,0
tune,dataflow_vs_b3,incidents,only_b3_side,privileged,10079,3,plain,,True,1,0,60500004144,410344775,True,False,False,0,0,0
tune,dataflow_vs_b3,incidents,only_b3_side,privileged,10079,5,plain,,False,1,0,70500004166,3112358140,True,False,False,0,0,0
tune,dataflow_vs_b3,incidents,only_b3_side,privileged,10079,6,plain,,False,2,0,87500004178,5607912899,True,False,False,0,0,0
tune,dataflow_vs_b3,incidents,only_b3_side,privileged,10079,7,plain,,False,1,0,138000004188,237057225,True,False,False,0,0,0
tune,dataflow_vs_b3,incidents,only_b3_side,privileged,10080,0,plain,,False,2,0,25500004144,3306841581,True,False,False,0,0,0
tune,dataflow_vs_b3,incidents,only_b3_side,privileged,10080,1,plain,,False,1,0,54500004134,1423524355,True,False,False,0,0,0
tune,dataflow_vs_b3,incidents,only_b3_side,privileged,10080,10,plain,,False,1,1,155000004166,200845680,True,False,False,0,0,0
tune,dataflow_vs_b3,incidents,only_b3_side,privileged,10080,11,plain,,False,1,0,160500004144,1887818326,True,False,False,0,0,0
tune,dataflow_vs_b3,incidents,only_b3_side,privileged,10080,12,plain,,False,1,0,194500004166,6024761796,True,False,False,0,0,0
tune,dataflow_vs_b3,incidents,only_b3_side,privileged,10080,13,decoy,,False,1,0,206000004155,9388679041,False,False,False,0,0,0
tune,dataflow_vs_b3,incidents,only_b3_side,privileged,10080,15,plain,,False,1,0,245500004178,4377874245,True,False,False,0,0,0
tune,dataflow_vs_b3,incidents,only_b3_side,privileged,10080,16,plain,,False,2,0,286500004166,4546821785,True,False,False,0,0,0
tune,dataflow_vs_b3,incidents,only_b3_side,privileged,10080,17,plain,,False,1,0,327500004178,356747721,True,False,False,0,0,0
tune,dataflow_vs_b3,incidents,only_b3_side,privileged,10080,18,plain,,False,1,0,390000004178,4680815106,True,False,False,0,0,0
tune,dataflow_vs_b3,incidents,only_b3_side,privileged,10080,2,plain,,False,2,0,79500004134,199750823,True,False,False,0,0,0
tune,dataflow_vs_b3,incidents,only_b3_side,privileged,10080,20,plain,,False,1,0,449000004123,76607937,True,False,False,0,0,0
tune,dataflow_vs_b3,incidents,only_b3_side,privileged,10080,23,plain,,False,1,1,517500008299,930249555,True,False,False,0,0,0
tune,dataflow_vs_b3,incidents,only_b3_side,privileged,10080,3,hard,slow_leak,True,1,1,120000000000,24945539092,True,False,False,1,1,1
tune,dataflow_vs_b3,incidents,only_b3_side,privileged,10080,4,plain,,False,1,0,110500004178,91299634,True,False,False,0,0,0
tune,dataflow_vs_b3,incidents,only_b3_side,privileged,10080,6,plain,,False,2,0,128500004155,3025842549,True,False,False,0,0,0
tune,dataflow_vs_b3,incidents,only_b3_side,privileged,10080,7,plain,,False,1,1,130000004123,340095586,True,False,False,0,0,0
tune,dataflow_vs_b3,incidents,only_b3_side,privileged,10080,8,plain,,False,1,0,134000004155,3203613948,True,False,False,0,0,0
tune,dataflow_vs_b3,incidents,only_b3_side,privileged,10080,9,plain,,True,1,0,142000004155,2816963482,True,False,False,0,0,0
tune,dataflow_vs_b3,incidents,only_b3_side,privileged,10081,0,plain,,False,1,0,15000006747,439854830,True,False,False,0,0,0
tune,dataflow_vs_b3,incidents,only_b3_side,privileged,10081,1,plain,,False,1,0,15000006747,329685058,True,False,False,0,0,0
tune,dataflow_vs_b3,incidents,only_b3_side,privileged,10081,10,plain,,False,1,0,153000003407,5893678663,True,False,False,0,0,0
tune,dataflow_vs_b3,incidents,only_b3_side,privileged,10081,11,plain,,False,1,0,151500003395,3503902648,True,False,False,0,0,0
tune,dataflow_vs_b3,incidents,only_b3_side,privileged,10081,12,plain,,False,1,0,154500003363,1292412725,True,False,False,0,0,0
tune,dataflow_vs_b3,incidents,only_b3_side,privileged,10081,13,plain,,False,1,0,169000006791,6235023309,True,False,False,0,0,0
tune,dataflow_vs_b3,incidents,only_b3_side,privileged,10081,15,plain,,False,1,0,245500003384,5085020994,True,False,False,0,0,0
tune,dataflow_vs_b3,incidents,only_b3_side,privileged,10081,16,plain,,False,1,0,293500003439,8443533632,True,False,False,0,0,0
tune,dataflow_vs_b3,incidents,only_b3_side,privileged,10081,17,plain,,False,1,0,325000006758,372608245,True,False,False,0,0,0
tune,dataflow_vs_b3,incidents,only_b3_side,privileged,10081,18,plain,,True,1,0,359500003407,6535092679,True,False,False,0,0,0
tune,dataflow_vs_b3,incidents,only_b3_side,privileged,10081,19,plain,,False,1,0,378000003395,5224666647,True,False,False,0,0,0
tune,dataflow_vs_b3,incidents,only_b3_side,privileged,10081,2,plain,,False,1,1,16000006780,279414903,True,False,False,0,0,0
tune,dataflow_vs_b3,incidents,only_b3_side,privileged,10081,20,hard,compound,False,1,1,407000000000,18983372047,True,False,False,1,1,1
tune,dataflow_vs_b3,incidents,only_b3_side,privileged,10081,22,plain,,False,1,0,402500006802,116061532,True,False,False,0,0,0
tune,dataflow_vs_b3,incidents,only_b3_side,privileged,10081,23,plain,,False,1,0,454500003395,7771640467,True,False,False,0,0,0
tune,dataflow_vs_b3,incidents,only_b3_side,privileged,10081,24,plain,,False,1,0,479000003461,9919668115,True,False,False,0,0,0
tune,dataflow_vs_b3,incidents,only_b3_side,privileged,10081,25,plain,,False,1,0,494500003395,5208384399,True,False,False,0,0,0
tune,dataflow_vs_b3,incidents,only_b3_side,privileged,10081,3,plain,,False,1,0,36500003428,5381093093,True,False,False,0,0,0
tune,dataflow_vs_b3,incidents,only_b3_side,privileged,10081,4,plain,,False,1,0,58500003373,116591510,True,False,False,0,0,0
tune,dataflow_vs_b3,incidents,only_b3_side,privileged,10081,5,plain,,False,1,1,84000003395,217898556,True,False,False,0,0,0
tune,dataflow_vs_b3,incidents,only_b3_side,privileged,10081,7,plain,,False,1,0,100500003417,9217051515,True,False,False,0,0,0
tune,dataflow_vs_b3,incidents,only_b3_side,privileged,10081,8,plain,,False,2,0,114000003407,7795977799,True,False,False,0,0,0
tune,dataflow_vs_b3,incidents,only_b3_side,privileged,10081,9,hard,slow_leak,True,1,1,133500000000,24902689314,True,False,False,1,1,1
tune,dataflow_vs_b3,incidents,only_b3_side,privileged,10082,0,hard,compound,False,1,1,89500000000,18545272875,True,False,False,1,1,1
tune,dataflow_vs_b3,incidents,only_b3_side,privileged,10082,1,plain,,False,1,0,77000003887,4016418994,True,False,False,0,0,0
tune,dataflow_vs_b3,incidents,only_b3_side,privileged,10082,13,plain,,True,1,1,391000007774,434772949,True,False,False,0,0,0
tune,dataflow_vs_b3,incidents,only_b3_side,privileged,10082,14,plain,,False,1,0,445000003877,87194810,True,False,False,0,0,0
tune,dataflow_vs_b3,incidents,only_b3_side,privileged,10082,15,plain,,False,1,0,495000003877,1292988951,True,False,False,0,0,0
tune,dataflow_vs_b3,incidents,only_b3_side,privileged,10082,2,plain,,False,2,0,88500003942,95959327,True,False,False,0,0,0
tune,dataflow_vs_b3,incidents,only_b3_side,privileged,10082,3,hard,cascade,False,1,2,131500000000,21594217630,True,False,False,1,1,1
tune,dataflow_vs_b3,incidents,only_b3_side,privileged,10082,4,plain,,False,1,0,179500003898,4642666138,True,False,False,0,0,0
tune,dataflow_vs_b3,incidents,only_b3_side,privileged,10082,6,plain,,False,1,0,248000003898,3872621068,True,False,False,0,0,0
tune,dataflow_vs_b3,incidents,only_b3_side,privileged,10082,7,plain,,False,1,0,259000003898,5546562405,True,False,False,0,0,0
tune,dataflow_vs_b3,incidents,only_b3_side,privileged,10082,8,hard,compound,True,1,1,297000000000,24304205697,True,False,False,1,1,1
tune,dataflow_vs_b3,incidents,only_b3_side,privileged,10082,9,plain,,False,1,0,282500003898,6028894520,True,False,False,0,0,0
tune,dataflow_vs_b3,incidents,only_b3_side,privileged,10083,1,plain,,False,1,0,23500006736,2222061789,True,False,False,0,0,0
tune,dataflow_vs_b3,incidents,only_b3_side,privileged,10083,10,plain,,False,1,0,185000003395,5279651781,True,False,False,0,0,0
tune,dataflow_vs_b3,incidents,only_b3_side,privileged,10083,11,plain,,False,1,0,192500003384,2855991882,True,False,False,0,0,0
tune,dataflow_vs_b3,incidents,only_b3_side,privileged,10083,12,plain,,False,1,0,197000003373,2261830553,True,False,False,0,0,0
tune,dataflow_vs_b3,incidents,only_b3_side,privileged,10083,13,plain,,True,1,0,231500003514,19557535420,False,True,True,0,0,0
tune,dataflow_vs_b3,incidents,only_b3_side,privileged,10083,14,plain,,True,1,0,244500003439,13421982372,True,False,False,0,0,0
tune,dataflow_vs_b3,incidents,only_b3_side,privileged,10083,15,plain,,False,1,0,259000003407,6053582112,True,False,False,0,0,0
tune,dataflow_vs_b3,incidents,only_b3_side,privileged,10083,17,plain,,False,1,0,361500003395,7911826851,True,False,False,0,0,0
tune,dataflow_vs_b3,incidents,only_b3_side,privileged,10083,18,plain,,True,1,0,365000003417,7255051141,True,False,False,0,0,0
tune,dataflow_vs_b3,incidents,only_b3_side,privileged,10083,19,plain,,False,1,0,380500003407,5768930567,True,False,False,0,0,0
tune,dataflow_vs_b3,incidents,only_b3_side,privileged,10083,21,hard,split_brain,True,1,1,403000000000,22255069402,True,False,False,1,1,1
tune,dataflow_vs_b3,incidents,only_b3_side,privileged,10083,23,plain,,False,1,0,451500006768,2599036938,True,False,False,0,0,0
tune,dataflow_vs_b3,incidents,only_b3_side,privileged,10083,25,plain,,False,1,0,470500003395,4491578283,True,False,False,0,0,0
tune,dataflow_vs_b3,incidents,only_b3_side,privileged,10083,26,hard,slow_leak,True,1,1,505500000000,24944065260,True,False,False,1,1,1
tune,dataflow_vs_b3,incidents,only_b3_side,privileged,10083,27,plain,,False,1,0,488500003395,4873573335,True,False,False,0,0,0
tune,dataflow_vs_b3,incidents,only_b3_side,privileged,10083,29,hard,slow_leak,False,1,1,514000000000,25703012458,True,False,False,1,1,1
tune,dataflow_vs_b3,incidents,only_b3_side,privileged,10083,3,plain,,False,1,0,65000003384,4846353313,True,False,False,0,0,0
tune,dataflow_vs_b3,incidents,only_b3_side,privileged,10083,4,plain,,False,1,0,66500003384,3452323119,True,False,False,0,0,0
tune,dataflow_vs_b3,incidents,only_b3_side,privileged,10083,5,plain,,False,2,0,77000003395,5050775878,True,False,False,0,0,0
tune,dataflow_vs_b3,incidents,only_b3_side,privileged,10083,6,hard,slow_leak,False,1,1,116000000000,24841528048,True,False,False,1,1,1
tune,dataflow_vs_b3,incidents,only_b3_side,privileged,10083,7,hard,slow_leak,False,1,1,138000000000,24594540389,True,False,False,1,1,1
tune,dataflow_vs_b3,incidents,only_b3_side,privileged,10083,8,plain,,False,1,0,148000003373,4572699582,True,False,False,0,0,0
tune,dataflow_vs_b3,incidents,only_b3_side,privileged,10083,9,plain,,False,1,0,174500003384,4195277328,True,False,False,0,0,0
tune,dataflow_vs_b3,incidents,only_b3_side,privileged,10084,0,plain,,False,1,0,27500007228,169896372,True,False,False,0,0,0
tune,dataflow_vs_b3,incidents,only_b3_side,privileged,10084,1,decoy,,False,1,0,78000003630,8554104134,False,False,False,0,0,0
tune,dataflow_vs_b3,incidents,only_b3_side,privileged,10084,11,plain,,False,2,0,223500003630,1252763976,True,False,False,0,0,0
tune,dataflow_vs_b3,incidents,only_b3_side,privileged,10084,12,plain,,False,1,0,259500003641,3684656178,True,False,False,0,0,0
tune,dataflow_vs_b3,incidents,only_b3_side,privileged,10084,13,plain,,True,1,0,343500003620,237352815,True,False,False,0,0,0
tune,dataflow_vs_b3,incidents,only_b3_side,privileged,10084,14,plain,,False,1,0,349000003641,2055421145,True,False,False,0,0,0
tune,dataflow_vs_b3,incidents,only_b3_side,privileged,10084,16,hard,cascade,False,1,1,430000000000,21059660053,True,False,False,1,1,1
tune,dataflow_vs_b3,incidents,only_b3_side,privileged,10084,17,plain,,False,1,0,430500003620,74191341,True,False,False,0,0,0
tune,dataflow_vs_b3,incidents,only_b3_side,privileged,10084,19,plain,,False,1,0,503000003652,60377849,True,False,False,0,0,0
tune,dataflow_vs_b3,incidents,only_b3_side,privileged,10084,2,plain,,False,1,0,89500003620,366550471,True,False,False,0,0,0
tune,dataflow_vs_b3,incidents,only_b3_side,privileged,10084,3,plain,,False,1,0,95000003630,3739296720,True,False,False,0,0,0
tune,dataflow_vs_b3,incidents,only_b3_side,privileged,10084,5,plain,,False,1,0,131000003641,3843080819,True,False,False,0,0,0
tune,dataflow_vs_b3,incidents,only_b3_side,privileged,10084,6,hard,compound,False,1,1,194500000000,18564743714,True,False,False,1,1,1
tune,dataflow_vs_b3,incidents,only_b3_side,privileged,10084,7,plain,,False,1,0,182500003630,3006692854,True,False,False,0,0,0
tune,dataflow_vs_b3,incidents,only_b3_side,privileged,10084,8,plain,,False,1,0,185500003620,4883168785,True,False,False,0,0,0
tune,dataflow_vs_b3,incidents,only_b3_side,privileged,10085,0,plain,,False,1,0,35500004412,74371696,True,False,False,0,0,0
tune,dataflow_vs_b3,incidents,only_b3_side,privileged,10085,10,plain,,False,1,0,271000004401,1356680700,True,False,False,0,0,0
tune,dataflow_vs_b3,incidents,only_b3_side,privileged,10085,11,plain,,False,1,1,309500004412,493574014,True,False,False,0,0,0
tune,dataflow_vs_b3,incidents,only_b3_side,privileged,10085,12,plain,,False,1,0,325500004401,1719972243,True,False,False,0,0,0
tune,dataflow_vs_b3,incidents,only_b3_side,privileged,10085,13,plain,,False,1,0,372500004380,136526213,True,False,False,0,0,0
tune,dataflow_vs_b3,incidents,only_b3_side,privileged,10085,14,plain,,False,1,0,468500004423,498042808,True,False,False,0,0,0
tune,dataflow_vs_b3,incidents,only_b3_side,privileged,10085,15,plain,,False,1,0,487500004423,108449333,True,False,False,0,0,0
tune,dataflow_vs_b3,incidents,only_b3_side,privileged,10085,16,plain,,False,1,0,497500004401,3229461078,True,False,False,0,0,0
tune,dataflow_vs_b3,incidents,only_b3_side,privileged,10085,2,plain,,False,1,0,79500004423,153997771,True,False,False,0,0,0
tune,dataflow_vs_b3,incidents,only_b3_side,privileged,10085,4,plain,,False,2,1,156000008760,492927126,True,False,False,0,0,0
tune,dataflow_vs_b3,incidents,only_b3_side,privileged,10085,5,plain,,False,1,0,200500004445,21381006141,True,False,False,0,0,0
tune,dataflow_vs_b3,incidents,only_b3_side,privileged,10085,6,plain,,False,1,0,183500004412,3532536780,True,False,False,0,0,0
tune,dataflow_vs_b3,incidents,only_b3_side,privileged,10085,7,plain,,True,1,0,209000004423,3217012941,True,False,False,0,0,0
tune,dataflow_vs_b3,incidents,only_b3_side,privileged,10085,8,plain,,False,1,0,236500004401,256270405,True,False,False,0,0,0
tune,dataflow_vs_b3,incidents,only_b3_side,privileged,10085,9,plain,,False,1,0,253000004391,179533632,True,False,False,0,0,0
tune,dataflow_vs_b3,incidents,only_b3_side,privileged,10086,0,plain,,False,1,0,17500003609,1457509985,True,False,False,0,0,0
tune,dataflow_vs_b3,incidents,only_b3_side,privileged,10086,1,plain,,True,1,0,31500007229,1745796638,True,False,False,0,0,0
tune,dataflow_vs_b3,incidents,only_b3_side,privileged,10086,10,plain,,False,1,0,198000007326,3060095167,True,False,False,0,0,0
tune,dataflow_vs_b3,incidents,only_b3_side,privileged,10086,11,plain,,False,1,0,215500003641,156729983,True,False,False,0,0,0
tune,dataflow_vs_b3,incidents,only_b3_side,privileged,10086,12,plain,,False,1,0,224500003674,6300958176,True,False,False,0,0,0
tune,dataflow_vs_b3,incidents,only_b3_side,privileged,10086,13,plain,,False,1,0,225500003641,1123980507,True,False,False,0,0,0
tune,dataflow_vs_b3,incidents,only_b3_side,privileged,10086,14,plain,,False,1,0,258000003652,3904799590,True,False,False,0,0,0
tune,dataflow_vs_b3,incidents,only_b3_side,privileged,10086,15,plain,,False,1,0,262500003664,69769032,True,False,False,0,0,0
tune,dataflow_vs_b3,incidents,only_b3_side,privileged,10086,16,plain,,False,1,0,275000003664,769521520,True,False,False,0,0,0
tune,dataflow_vs_b3,incidents,only_b3_side,privileged,10086,17,plain,,False,1,0,330000003652,3506907353,True,False,False,0,0,0
tune,dataflow_vs_b3,incidents,only_b3_side,privileged,10086,18,hard,compound,False,1,1,355000000000,26336180156,True,False,False,1,1,1
tune,dataflow_vs_b3,incidents,only_b3_side,privileged,10086,2,plain,,False,1,1,31000003620,447442449,True,False,False,0,0,0
tune,dataflow_vs_b3,incidents,only_b3_side,privileged,10086,20,plain,,False,1,0,380500003652,267286922,True,False,False,0,0,0
tune,dataflow_vs_b3,incidents,only_b3_side,privileged,10086,22,plain,,False,1,0,384000003641,351322698,True,False,False,0,0,0
tune,dataflow_vs_b3,incidents,only_b3_side,privileged,10086,23,plain,,True,1,0,393500003630,2449224847,True,False,False,0,0,0
tune,dataflow_vs_b3,incidents,only_b3_side,privileged,10086,24,plain,,False,1,0,403000007316,1894963450,True,False,False,0,0,0
tune,dataflow_vs_b3,incidents,only_b3_side,privileged,10086,25,plain,,False,1,0,403000007316,493453803,True,False,False,0,0,0
tune,dataflow_vs_b3,incidents,only_b3_side,privileged,10086,26,plain,,False,1,0,408000003652,4989272955,True,False,False,0,0,0
tune,dataflow_vs_b3,incidents,only_b3_side,privileged,10086,27,plain,,False,1,0,427000003664,6189319850,True,False,False,0,0,0
tune,dataflow_vs_b3,incidents,only_b3_side,privileged,10086,3,plain,,False,1,0,61000003641,3193880918,True,False,False,0,0,0
tune,dataflow_vs_b3,incidents,only_b3_side,privileged,10086,4,plain,,False,1,0,74500003620,1248653749,True,False,False,0,0,0
tune,dataflow_vs_b3,incidents,only_b3_side,privileged,10086,6,plain,,False,1,0,147000003620,1229230253,True,False,False,0,0,0
tune,dataflow_vs_b3,incidents,only_b3_side,privileged,10086,7,plain,,False,1,0,177500003630,1465400297,True,False,False,0,0,0
tune,dataflow_vs_b3,incidents,only_b3_side,privileged,10086,8,plain,,True,1,1,183000003620,498614438,True,False,False,0,0,0
tune,dataflow_vs_b3,incidents,only_b3_side,privileged,10087,0,plain,,True,1,0,9000003877,13217622,True,False,False,0,0,0
tune,dataflow_vs_b3,incidents,only_b3_side,privileged,10087,1,plain,,False,1,0,27500003887,1886141427,True,False,False,0,0,0
tune,dataflow_vs_b3,incidents,only_b3_side,privileged,10087,10,plain,,True,1,0,157500003921,305762958,True,False,False,0,0,0
tune,dataflow_vs_b3,incidents,only_b3_side,privileged,10087,11,plain,,False,1,0,182000003909,663641161,True,False,False,0,0,0
tune,dataflow_vs_b3,incidents,only_b3_side,privileged,10087,13,plain,,False,1,0,304500003887,2514401945,True,False,False,0,0,0
tune,dataflow_vs_b3,incidents,only_b3_side,privileged,10087,14,plain,,False,1,0,308000004105,289841084,True,False,False,0,0,0
tune,dataflow_vs_b3,incidents,only_b3_side,privileged,10087,15,plain,,False,1,0,326500003898,7500244948,True,False,False,0,0,0
tune,dataflow_vs_b3,incidents,only_b3_side,privileged,10087,16,plain,,True,1,0,364000003887,462217506,True,False,False,0,0,0
tune,dataflow_vs_b3,incidents,only_b3_side,privileged,10087,17,plain,,False,1,0,365500003877,372522327,True,False,False,0,0,0
tune,dataflow_vs_b3,incidents,only_b3_side,privileged,10087,18,plain,,True,1,0,378000003898,2242429313,True,False,False,0,0,0
tune,dataflow_vs_b3,incidents,only_b3_side,privileged,10087,19,plain,,False,1,0,380500003898,4010520598,True,False,False,0,0,0
tune,dataflow_vs_b3,incidents,only_b3_side,privileged,10087,2,plain,,False,1,0,30000003931,463531006,True,False,False,0,0,0
tune,dataflow_vs_b3,incidents,only_b3_side,privileged,10087,20,plain,,False,1,0,386500003898,3364368266,True,False,False,0,0,0
tune,dataflow_vs_b3,incidents,only_b3_side,privileged,10087,21,hard,compound,True,1,1,427500000000,18755713713,True,False,False,1,1,1
tune,dataflow_vs_b3,incidents,only_b3_side,privileged,10087,23,plain,,False,1,0,425500007873,170790426,True,False,False,0,0,0
tune,dataflow_vs_b3,incidents,only_b3_side,privileged,10087,24,plain,,False,1,0,459000003921,5709785033,True,False,False,0,0,0
tune,dataflow_vs_b3,incidents,only_b3_side,privileged,10087,26,plain,,False,1,0,533000003898,2547951034,True,False,False,0,0,0
tune,dataflow_vs_b3,incidents,only_b3_side,privileged,10087,4,plain,,False,1,0,60500003877,1847247914,True,False,False,0,0,0
tune,dataflow_vs_b3,incidents,only_b3_side,privileged,10087,5,plain,,False,1,0,67500003887,1031235062,True,False,False,0,0,0
tune,dataflow_vs_b3,incidents,only_b3_side,privileged,10087,6,plain,,False,1,0,92500003931,6372693471,True,False,False,0,0,0
tune,dataflow_vs_b3,incidents,only_b3_side,privileged,10087,7,plain,,False,1,0,139000003931,5678757360,True,False,False,0,0,0
tune,dataflow_vs_b3,incidents,only_b3_side,privileged,10087,8,plain,,False,1,0,138000007807,148373312,True,False,False,0,0,0
tune,dataflow_vs_b3,incidents,only_b3_side,privileged,10087,9,plain,,False,1,0,155000003887,262644797,True,False,False,0,0,0
tune,dataflow_vs_b3,incidents,only_b3_side,privileged,10088,0,plain,,False,1,1,19500008933,246467123,True,False,False,0,0,0
tune,dataflow_vs_b3,incidents,only_b3_side,privileged,10088,1,plain,,True,1,0,29000004380,305058299,True,False,False,0,0,0
tune,dataflow_vs_b3,incidents,only_b3_side,privileged,10088,10,plain,,True,1,0,229500004412,2237195667,True,False,False,0,0,0
tune,dataflow_vs_b3,incidents,only_b3_side,privileged,10088,11,plain,,True,1,0,265000004380,73499959,True,False,False,0,0,0
tune,dataflow_vs_b3,incidents,only_b3_side,privileged,10088,12,plain,,False,1,1,284000004401,632600294,True,False,False,0,0,0
tune,dataflow_vs_b3,incidents,only_b3_side,privileged,10088,13,plain,,True,1,0,317000004423,3584689277,True,False,False,0,0,0
tune,dataflow_vs_b3,incidents,only_b3_side,privileged,10088,14,plain,,False,1,0,334500004401,4241859274,True,False,False,0,0,0
tune,dataflow_vs_b3,incidents,only_b3_side,privileged,10088,15,plain,,False,1,0,338000004412,297002233,True,False,False,0,0,0
tune,dataflow_vs_b3,incidents,only_b3_side,privileged,10088,16,plain,,False,1,1,347500008836,1307867106,True,False,False,0,0,0
tune,dataflow_vs_b3,incidents,only_b3_side,privileged,10088,17,plain,,False,1,0,364000004412,1977972951,True,False,False,0,0,0
tune,dataflow_vs_b3,incidents,only_b3_side,privileged,10088,18,hard,compound,False,1,1,388000000000,20716597881,True,False,False,1,1,1
tune,dataflow_vs_b3,incidents,only_b3_side,privileged,10088,19,plain,,False,1,0,379000004456,463417423,True,False,False,0,0,0
tune,dataflow_vs_b3,incidents,only_b3_side,privileged,10088,2,plain,,False,1,0,42000004401,270564038,True,False,False,0,0,0
tune,dataflow_vs_b3,incidents,only_b3_side,privileged,10088,20,plain,,False,1,1,419500004435,3955105956,True,False,False,0,0,0
tune,dataflow_vs_b3,incidents,only_b3_side,privileged,10088,21,plain,,False,1,0,429000004423,3335518770,True,False,False,0,0,0
tune,dataflow_vs_b3,incidents,only_b3_side,privileged,10088,22,plain,,False,1,0,448000004412,6110960244,True,False,False,0,0,0
tune,dataflow_vs_b3,incidents,only_b3_side,privileged,10088,23,plain,,True,1,0,455500004445,7778738449,True,False,False,0,0,0
tune,dataflow_vs_b3,incidents,only_b3_side,privileged,10088,24,plain,,False,1,0,467000004412,3864962930,True,False,False,0,0,0
tune,dataflow_vs_b3,incidents,only_b3_side,privileged,10088,25,plain,,False,1,0,484000004435,3993827213,True,False,False,0,0,0
tune,dataflow_vs_b3,incidents,only_b3_side,privileged,10088,26,plain,,False,1,0,490500004391,111313503,True,False,False,0,0,0
tune,dataflow_vs_b3,incidents,only_b3_side,privileged,10088,27,plain,,True,1,0,500500004412,4004767719,True,False,False,0,0,0
tune,dataflow_vs_b3,incidents,only_b3_side,privileged,10088,28,plain,,False,1,1,504000004401,2320385208,True,False,False,0,0,0
tune,dataflow_vs_b3,incidents,only_b3_side,privileged,10088,29,plain,,False,1,1,506000004401,2803107926,True,False,False,0,0,0
tune,dataflow_vs_b3,incidents,only_b3_side,privileged,10088,3,hard,compound,False,1,1,73000000000,19168131255,True,False,False,1,1,1
tune,dataflow_vs_b3,incidents,only_b3_side,privileged,10088,4,plain,,False,1,1,71500004401,1334634278,True,False,False,0,0,0
tune,dataflow_vs_b3,incidents,only_b3_side,privileged,10088,5,plain,,False,1,3,95000013172,230014556,True,False,False,0,0,0
tune,dataflow_vs_b3,incidents,only_b3_side,privileged,10088,6,plain,,True,1,0,139000004401,998735389,True,False,False,0,0,0
tune,dataflow_vs_b3,incidents,only_b3_side,privileged,10088,7,hard,compound,True,1,1,194500000000,18582842257,True,False,False,1,1,1
tune,dataflow_vs_b3,incidents,only_b3_side,privileged,10088,8,plain,,False,1,0,217000004412,242209636,True,False,False,0,0,0
tune,dataflow_vs_b3,incidents,only_b3_side,privileged,10089,13,plain,,True,1,0,277000003898,2372592872,True,False,False,0,0,0
tune,dataflow_vs_b3,incidents,only_b3_side,privileged,10089,14,plain,,False,1,0,296000003909,4341133382,True,False,False,0,0,0
tune,dataflow_vs_b3,incidents,only_b3_side,privileged,10089,15,plain,,False,1,0,312500003909,3604563008,True,False,False,0,0,0
tune,dataflow_vs_b3,incidents,only_b3_side,privileged,10089,16,plain,,False,1,0,338500003909,6802009504,True,False,False,0,0,0
tune,dataflow_vs_b3,incidents,only_b3_side,privileged,10089,19,plain,,True,1,0,407500003942,102867895,True,False,False,0,0,0
tune,dataflow_vs_b3,incidents,only_b3_side,privileged,10089,2,plain,,False,1,1,21500003887,277252037,True,False,False,0,0,0
tune,dataflow_vs_b3,incidents,only_b3_side,privileged,10089,20,plain,,False,1,0,448000003898,5330608605,True,False,False,0,0,0
tune,dataflow_vs_b3,incidents,only_b3_side,privileged,10089,21,hard,compound,False,1,1,475000000000,22703350119,True,False,False,1,1,1
tune,dataflow_vs_b3,incidents,only_b3_side,privileged,10089,22,decoy,,False,1,0,466500007796,12049188710,False,False,False,0,0,0
tune,dataflow_vs_b3,incidents,only_b3_side,privileged,10089,25,plain,,False,1,0,482000007818,1523740373,True,False,False,0,0,0
tune,dataflow_vs_b3,incidents,only_b3_side,privileged,10089,26,hard,compound,False,1,1,530500000000,21517185042,True,False,False,1,1,1
tune,dataflow_vs_b3,incidents,only_b3_side,privileged,10089,27,hard,compound,True,1,1,533000000000,18983740880,True,False,False,1,1,1
tune,dataflow_vs_b3,incidents,only_b3_side,privileged,10089,3,hard,cascade,False,1,2,78500000000,18849842092,True,False,False,1,1,1
tune,dataflow_vs_b3,incidents,only_b3_side,privileged,10089,4,plain,,False,1,1,114500007775,400186772,True,False,False,0,0,0
tune,dataflow_vs_b3,incidents,only_b3_side,privileged,10089,6,hard,compound,False,1,1,172000000000,18919330283,True,False,False,1,1,1
tune,dataflow_vs_b3,incidents,only_b3_side,privileged,10089,7,plain,,False,1,0,200500003898,5652712274,True,False,False,0,0,0
tune,dataflow_vs_b3,incidents,only_b3_side,privileged,10089,8,hard,compound,False,1,1,252500000000,22294908179,True,False,False,1,1,1
tune,dataflow_vs_b3,incidents,only_b3_side,privileged,10090,0,decoy,,False,1,0,27000003384,9714223522,False,False,False,0,0,0
tune,dataflow_vs_b3,incidents,only_b3_side,privileged,10090,1,plain,,False,1,1,64000003363,208030914,True,False,False,0,0,0
tune,dataflow_vs_b3,incidents,only_b3_side,privileged,10090,10,plain,,False,1,0,279500003417,1613955229,True,False,False,0,0,0
tune,dataflow_vs_b3,incidents,only_b3_side,privileged,10090,11,plain,,False,1,0,307000003384,2459756175,True,False,False,0,0,0
tune,dataflow_vs_b3,incidents,only_b3_side,privileged,10090,12,plain,,False,1,0,317000003384,4441109442,True,False,False,0,0,0
tune,dataflow_vs_b3,incidents,only_b3_side,privileged,10090,13,plain,,False,1,0,327000003384,475194473,True,False,False,0,0,0
tune,dataflow_vs_b3,incidents,only_b3_side,privileged,10090,14,plain,,True,1,0,330500003384,3020861471,True,False,False,0,0,0
tune,dataflow_vs_b3,incidents,only_b3_side,privileged,10090,15,plain,,False,1,0,340500003384,3026845189,True,False,False,0,0,0
tune,dataflow_vs_b3,incidents,only_b3_side,privileged,10090,16,plain,,False,1,0,364000003407,4284981204,True,False,False,0,0,0
tune,dataflow_vs_b3,incidents,only_b3_side,privileged,10090,18,plain,,True,1,0,388000003395,4864616136,True,False,False,0,0,0
tune,dataflow_vs_b3,incidents,only_b3_side,privileged,10090,19,plain,,False,1,0,403000003384,2552433898,True,False,False,0,0,0
tune,dataflow_vs_b3,incidents,only_b3_side,privileged,10090,2,hard,cascade,True,1,1,178500000000,18886196887,True,False,False,1,1,1
tune,dataflow_vs_b3,incidents,only_b3_side,privileged,10090,20,plain,,False,1,0,423000003395,562684157,True,False,False,0,0,0
tune,dataflow_vs_b3,incidents,only_b3_side,privileged,10090,21,hard,slow_leak,False,1,1,450000000000,24394077812,True,False,False,1,1,1
tune,dataflow_vs_b3,incidents,only_b3_side,privileged,10090,22,plain,,False,1,0,440500003395,3651343122,True,False,False,0,0,0
tune,dataflow_vs_b3,incidents,only_b3_side,privileged,10090,23,plain,,True,1,0,457000003417,6309199602,True,False,False,0,0,0
tune,dataflow_vs_b3,incidents,only_b3_side,privileged,10090,24,hard,cascade,False,2,2,485500000000,19197697332,True,False,False,2,2,2
tune,dataflow_vs_b3,incidents,only_b3_side,privileged,10090,25,plain,,False,1,0,477000003363,166539999,True,False,False,0,0,0
tune,dataflow_vs_b3,incidents,only_b3_side,privileged,10090,26,plain,,False,1,0,499500003395,4811207319,True,False,False,0,0,0
tune,dataflow_vs_b3,incidents,only_b3_side,privileged,10090,27,plain,,False,1,0,509500003395,3507273328,True,False,False,0,0,0
tune,dataflow_vs_b3,incidents,only_b3_side,privileged,10090,28,plain,,True,1,0,523500003384,2751644489,True,False,False,0,0,0
tune,dataflow_vs_b3,incidents,only_b3_side,privileged,10090,3,plain,,False,2,0,197500003384,123757376,True,False,False,0,0,0
tune,dataflow_vs_b3,incidents,only_b3_side,privileged,10090,4,plain,,True,1,0,199000003352,215117177,True,False,False,0,0,0
tune,dataflow_vs_b3,incidents,only_b3_side,privileged,10090,5,plain,,True,1,0,204500003373,1646101291,True,False,False,0,0,0
tune,dataflow_vs_b3,incidents,only_b3_side,privileged,10090,9,plain,,True,1,0,263000003384,2816486259,True,False,False,0,0,0
tune,dataflow_vs_b3,incidents,only_b3_side,privileged,10091,0,hard,cascade,False,1,2,45000000000,18672834875,True,False,False,2,1,1
tune,dataflow_vs_b3,incidents,only_b3_side,privileged,10091,1,plain,,True,1,0,28000003384,182475655,True,False,False,0,0,0
tune,dataflow_vs_b3,incidents,only_b3_side,privileged,10091,10,plain,,False,1,0,179500003384,1816697727,True,False,False,0,0,0
tune,dataflow_vs_b3,incidents,only_b3_side,privileged,10091,11,plain,,False,1,0,204000003395,4606747489,True,False,False,0,0,0
tune,dataflow_vs_b3,incidents,only_b3_side,privileged,10091,12,plain,,False,1,0,222500003395,3629551699,True,False,False,0,0,0
tune,dataflow_vs_b3,incidents,only_b3_side,privileged,10091,13,plain,,False,1,0,260500003580,31370451344,True,False,False,0,0,0
tune,dataflow_vs_b3,incidents,only_b3_side,privileged,10091,14,plain,,False,1,0,284500003395,2397348481,True,False,False,0,0,0
tune,dataflow_vs_b3,incidents,only_b3_side,privileged,10091,15,plain,,True,1,0,368000003373,352410483,True,False,False,0,0,0
tune,dataflow_vs_b3,incidents,only_b3_side,privileged,10091,16,plain,,True,1,0,380500003395,2833782519,True,False,False,0,0,0
tune,dataflow_vs_b3,incidents,only_b3_side,privileged,10091,17,plain,,False,1,0,401500003395,5644343557,True,False,False,0,0,0
tune,dataflow_vs_b3,incidents,only_b3_side,privileged,10091,18,plain,,False,1,0,401000003384,4539718277,True,False,False,0,0,0
tune,dataflow_vs_b3,incidents,only_b3_side,privileged,10091,19,plain,,False,1,1,434500003407,118109257,True,False,False,0,0,0
tune,dataflow_vs_b3,incidents,only_b3_side,privileged,10091,2,plain,,False,1,0,36500003373,3627205427,True,False,False,0,0,0
tune,dataflow_vs_b3,incidents,only_b3_side,privileged,10091,20,plain,,False,1,0,478500003395,3586550354,True,False,False,0,0,0
tune,dataflow_vs_b3,incidents,only_b3_side,privileged,10091,21,hard,compound,False,1,1,506000000000,18731233825,True,False,False,1,1,1
tune,dataflow_vs_b3,incidents,only_b3_side,privileged,10091,3,plain,,True,1,0,90000003363,441709569,True,False,False,0,0,0
tune,dataflow_vs_b3,incidents,only_b3_side,privileged,10091,4,plain,,False,1,0,91500003352,404682423,True,False,False,0,0,0
tune,dataflow_vs_b3,incidents,only_b3_side,privileged,10091,5,hard,split_brain,False,1,2,111500000000,18624629987,True,False,False,1,1,1
tune,dataflow_vs_b3,incidents,only_b3_side,privileged,10091,6,plain,,False,1,0,103000003384,4079622141,True,False,False,0,0,0
tune,dataflow_vs_b3,incidents,only_b3_side,privileged,10091,7,plain,,False,1,0,122000003395,3005785790,True,False,False,0,0,0
tune,dataflow_vs_b3,incidents,only_b3_side,privileged,10091,8,plain,,False,1,0,131500003363,100639137,True,False,False,0,0,0
tune,dataflow_vs_b3,incidents,only_b3_side,privileged,10091,9,plain,,False,1,0,161000003407,513578316,True,False,False,0,0,0
tune,dataflow_vs_b3,incidents,only_b3_side,privileged,10092,0,plain,,False,1,0,9500007228,188006145,True,False,False,0,0,0
tune,dataflow_vs_b3,incidents,only_b3_side,privileged,10092,1,plain,,False,1,0,35500003620,606872650,True,False,False,0,0,0
tune,dataflow_vs_b3,incidents,only_b3_side,privileged,10092,10,plain,,False,1,0,190500003641,2138763600,True,False,False,0,0,0
tune,dataflow_vs_b3,incidents,only_b3_side,privileged,10092,11,hard,split_brain,True,1,2,232000000000,20938964972,True,False,False,1,1,1
tune,dataflow_vs_b3,incidents,only_b3_side,privileged,10092,12,plain,,False,1,2,234500007337,482556108,True,False,False,0,0,0
tune,dataflow_vs_b3,incidents,only_b3_side,privileged,10092,13,plain,,False,1,0,310500003652,3872675639,True,False,False,0,0,0
tune,dataflow_vs_b3,incidents,only_b3_side,privileged,10092,14,plain,,False,1,0,313500003641,3505598360,True,False,False,0,0,0
tune,dataflow_vs_b3,incidents,only_b3_side,privileged,10092,15,plain,,False,1,0,322000003685,463383368,True,False,False,0,0,0
tune,dataflow_vs_b3,incidents,only_b3_side,privileged,10092,16,plain,,True,1,0,344000003664,5340767685,True,False,False,0,0,0
tune,dataflow_vs_b3,incidents,only_b3_side,privileged,10092,17,plain,,False,1,0,350500003664,566185678,True,False,False,0,0,0
tune,dataflow_vs_b3,incidents,only_b3_side,privileged,10092,18,plain,,False,1,0,377500003641,2225372566,True,False,False,0,0,0
tune,dataflow_vs_b3,incidents,only_b3_side,privileged,10092,19,plain,,False,1,0,385500003652,5589239649,True,False,False,0,0,0
tune,dataflow_vs_b3,incidents,only_b3_side,privileged,10092,2,plain,,False,1,0,51500003641,338289529,True,False,False,0,0,0
tune,dataflow_vs_b3,incidents,only_b3_side,privileged,10092,20,plain,,True,1,0,412500003674,12974984683,True,False,False,0,0,0
tune,dataflow_vs_b3,incidents,only_b3_side,privileged,10092,21,plain,,False,1,0,420500003652,2662925608,True,False,False,0,0,0
tune,dataflow_vs_b3,incidents,only_b3_side,privileged,10092,22,plain,,False,1,0,445000003674,1364713804,True,False,False,0,0,0
tune,dataflow_vs_b3,incidents,only_b3_side,privileged,10092,23,plain,,False,1,0,444000007359,251126658,True,False,False,0,0,0
tune,dataflow_vs_b3,incidents,only_b3_side,privileged,10092,26,plain,,False,1,0,511000003641,2482188904,True,False,False,0,0,0
tune,dataflow_vs_b3,incidents,only_b3_side,privileged,10092,27,plain,,False,1,1,531000003664,3926480191,True,False,False,0,0,0
tune,dataflow_vs_b3,incidents,only_b3_side,privileged,10092,4,plain,,True,1,0,95000003630,4646454178,True,False,False,0,0,0
tune,dataflow_vs_b3,incidents,only_b3_side,privileged,10092,5,decoy,,False,1,0,119000003641,9363560764,False,False,False,0,0,0
tune,dataflow_vs_b3,incidents,only_b3_side,privileged,10092,7,plain,,True,1,3,160500010958,234023033,True,False,False,0,0,0
tune,dataflow_vs_b3,incidents,only_b3_side,privileged,10092,8,plain,,False,1,0,181000003630,1876436372,True,False,False,0,0,0
tune,dataflow_vs_b3,incidents,only_b3_side,privileged,10092,9,plain,,True,1,0,185000003641,2577124057,True,False,False,0,0,0
tune,dataflow_vs_b3,incidents,only_b3_side,privileged,10093,0,plain,,False,1,0,2000003620,311428602,True,False,False,0,0,0
tune,dataflow_vs_b3,incidents,only_b3_side,privileged,10093,10,plain,,False,1,0,215000003609,105153100,True,False,False,0,0,0
tune,dataflow_vs_b3,incidents,only_b3_side,privileged,10093,11,plain,,False,1,1,228500007326,520588099,True,False,False,0,0,0
tune,dataflow_vs_b3,incidents,only_b3_side,privileged,10093,12,plain,,False,1,0,240500003685,5841862733,True,False,False,0,0,0
tune,dataflow_vs_b3,incidents,only_b3_side,privileged,10093,13,plain,,False,1,0,288000003652,5151041741,True,False,False,0,0,0
tune,dataflow_vs_b3,incidents,only_b3_side,privileged,10093,14,plain,,False,1,0,298000003685,3186430797,True,False,False,0,0,0
tune,dataflow_vs_b3,incidents,only_b3_side,privileged,10093,15,plain,,False,1,0,302500003674,5080885291,True,False,False,0,0,0
tune,dataflow_vs_b3,incidents,only_b3_side,privileged,10093,16,plain,,False,1,0,318500003664,4258011023,True,False,False,0,0,0
tune,dataflow_vs_b3,incidents,only_b3_side,privileged,10093,18,plain,,False,1,0,346000003652,7270370735,True,False,False,0,0,0
tune,dataflow_vs_b3,incidents,only_b3_side,privileged,10093,19,plain,,True,1,0,355500003696,8306284945,True,False,False,0,0,0
tune,dataflow_vs_b3,incidents,only_b3_side,privileged,10093,2,decoy,,False,1,0,38500003630,9034192605,False,False,False,0,0,0
tune,dataflow_vs_b3,incidents,only_b3_side,privileged,10093,20,plain,,False,1,0,398500003641,2542008832,True,False,False,0,0,0
tune,dataflow_vs_b3,incidents,only_b3_side,privileged,10093,21,plain,,False,1,0,415500003664,2644729354,True,False,False,0,0,0
tune,dataflow_vs_b3,incidents,only_b3_side,privileged,10093,23,plain,,False,1,0,437500003641,2432394773,True,False,False,0,0,0
tune,dataflow_vs_b3,incidents,only_b3_side,privileged,10093,25,plain,,False,1,0,452000003652,2237728271,True,False,False,0,0,0
tune,dataflow_vs_b3,incidents,only_b3_side,privileged,10093,26,plain,,False,1,0,451000007261,956664816,True,False,False,0,0,0
tune,dataflow_vs_b3,incidents,only_b3_side,privileged,10093,28,plain,,False,1,0,484500003652,2365006309,True,False,False,0,0,0
tune,dataflow_vs_b3,incidents,only_b3_side,privileged,10093,29,plain,,True,1,0,495500003685,10164433761,True,False,False,0,0,0
tune,dataflow_vs_b3,incidents,only_b3_side,privileged,10093,3,plain,,False,1,0,52000003630,2768948695,True,False,False,0,0,0
tune,dataflow_vs_b3,incidents,only_b3_side,privileged,10093,30,hard,compound,False,1,1,532500003674,24361177613,True,False,False,1,1,1
tune,dataflow_vs_b3,incidents,only_b3_side,privileged,10093,31,plain,,False,1,1,517000003620,987788299,True,False,False,0,0,0
tune,dataflow_vs_b3,incidents,only_b3_side,privileged,10093,32,plain,,False,1,0,528000003641,3657527452,True,False,False,0,0,0
tune,dataflow_vs_b3,incidents,only_b3_side,privileged,10093,33,plain,,False,1,0,540000003674,3837031139,True,False,False,0,0,0
tune,dataflow_vs_b3,incidents,only_b3_side,privileged,10093,5,plain,,False,1,0,94000003641,74307451,True,False,False,0,0,0
tune,dataflow_vs_b3,incidents,only_b3_side,privileged,10093,6,plain,,False,1,0,108500003641,2697315684,True,False,False,0,0,0
tune,dataflow_vs_b3,incidents,only_b3_side,privileged,10093,7,plain,,False,1,0,171500003630,1180587821,True,False,False,0,0,0
tune,dataflow_vs_b3,incidents,only_b3_side,privileged,10093,8,plain,,False,1,0,180500003641,1089936546,True,False,False,0,0,0
tune,dataflow_vs_b3,incidents,only_b3_side,privileged,10093,9,plain,,False,1,0,184000003641,1995708356,True,False,False,0,0,0
tune,dataflow_vs_b3,incidents,only_b3_side,privileged,10094,0,hard,split_brain,False,1,2,21500000000,18859510275,True,False,False,1,1,1
tune,dataflow_vs_b3,incidents,only_b3_side,privileged,10094,1,plain,,False,1,1,65500007261,172537748,True,False,False,0,0,0
tune,dataflow_vs_b3,incidents,only_b3_side,privileged,10094,10,plain,,False,1,0,211500007413,5232004919,True,False,False,0,0,0
tune,dataflow_vs_b3,incidents,only_b3_side,privileged,10094,13,plain,,False,1,0,250000007337,1986852607,True,False,False,0,0,0
tune,dataflow_vs_b3,incidents,only_b3_side,privileged,10094,14,plain,,False,2,0,250000007337,238764274,True,False,False,0,0,0
tune,dataflow_vs_b3,incidents,only_b3_side,privileged,10094,16,plain,,True,1,0,283500003652,5014179884,True,False,False,0,0,0
tune,dataflow_vs_b3,incidents,only_b3_side,privileged,10094,17,plain,,False,1,0,304500003641,3299733150,True,False,False,0,0,0
tune,dataflow_vs_b3,incidents,only_b3_side,privileged,10094,21,plain,,False,1,0,403000007316,4571435165,True,False,False,0,0,0
tune,dataflow_vs_b3,incidents,only_b3_side,privileged,10094,22,hard,slow_leak,False,1,1,432000000000,25619287938,True,False,False,1,1,1
tune,dataflow_vs_b3,incidents,only_b3_side,privileged,10094,23,plain,,False,1,0,422500003652,2864262872,True,False,False,0,0,0
tune,dataflow_vs_b3,incidents,only_b3_side,privileged,10094,24,plain,,True,1,0,427000003652,3247610749,True,False,False,0,0,0
tune,dataflow_vs_b3,incidents,only_b3_side,privileged,10094,4,plain,,True,1,0,116500003641,4953857650,True,False,False,0,0,0
tune,dataflow_vs_b3,incidents,only_b3_side,privileged,10094,5,plain,,False,1,0,157500003728,502884334,True,False,False,0,0,0
tune,dataflow_vs_b3,incidents,only_b3_side,privileged,10094,6,plain,,False,1,0,164500003620,102856971,True,False,False,0,0,0
tune,dataflow_vs_b3,incidents,only_b3_side,privileged,10094,7,plain,,False,1,0,172500003652,6385696377,True,False,False,0,0,0
tune,dataflow_vs_b3,incidents,only_b3_side,privileged,10094,8,plain,,True,1,0,185000003630,4973869527,True,False,False,0,0,0
tune,dataflow_vs_b3,incidents,only_b3_side,privileged,10094,9,plain,,False,1,0,212000003771,24172253322,True,False,False,0,0,0
tune,dataflow_vs_b3,incidents,only_b3_side,privileged,10095,1,plain,,False,1,0,15500003363,293528874,True,False,False,0,0,0
tune,dataflow_vs_b3,incidents,only_b3_side,privileged,10095,11,plain,,False,1,0,261000003407,83807369,True,False,False,0,0,0
tune,dataflow_vs_b3,incidents,only_b3_side,privileged,10095,13,plain,,False,1,0,328000003352,159656144,True,False,False,0,0,0
tune,dataflow_vs_b3,incidents,only_b3_side,privileged,10095,14,plain,,False,1,0,337500003363,380965401,True,False,False,0,0,0
tune,dataflow_vs_b3,incidents,only_b3_side,privileged,10095,15,plain,,False,1,0,344000003373,2561292184,True,False,False,0,0,0
tune,dataflow_vs_b3,incidents,only_b3_side,privileged,10095,16,hard,split_brain,False,1,1,394500000000,25103105068,True,False,False,1,1,1
tune,dataflow_vs_b3,incidents,only_b3_side,privileged,10095,2,plain,,False,1,0,50000003395,388496253,True,False,False,0,0,0
tune,dataflow_vs_b3,incidents,only_b3_side,privileged,10095,3,plain,,False,1,0,65500003384,4676583741,True,False,False,0,0,0
tune,dataflow_vs_b3,incidents,only_b3_side,privileged,10095,4,hard,split_brain,False,1,1,97000000000,20726467862,True,False,False,1,1,1
tune,dataflow_vs_b3,incidents,only_b3_side,privileged,10095,5,plain,,True,1,1,101500003407,114314920,True,False,False,0,0,0
tune,dataflow_vs_b3,incidents,only_b3_side,privileged,10095,6,plain,,False,1,0,153000003373,2792894804,True,False,False,0,0,0
tune,dataflow_vs_b3,incidents,only_b3_side,privileged,10095,7,plain,,False,1,0,173000003363,115829631,True,False,False,0,0,0
tune,dataflow_vs_b3,incidents,only_b3_side,privileged,10095,9,plain,,True,1,0,237000003395,7512043664,True,False,False,0,0,0
tune,dataflow_vs_b3,incidents,only_b3_side,privileged,10096,0,plain,,False,1,0,11500004134,119522487,True,False,False,0,0,0
tune,dataflow_vs_b3,incidents,only_b3_side,privileged,10096,10,plain,,False,1,0,148000004188,7916095887,True,False,False,0,0,0
tune,dataflow_vs_b3,incidents,only_b3_side,privileged,10096,11,plain,,False,1,0,157500004155,6608417393,True,False,False,0,0,0
tune,dataflow_vs_b3,incidents,only_b3_side,privileged,10096,13,plain,,False,1,0,252000004155,3237012499,True,False,False,0,0,0
tune,dataflow_vs_b3,incidents,only_b3_side,privileged,10096,15,plain,,False,1,0,306500004144,953028860,True,False,False,0,0,0
tune,dataflow_vs_b3,incidents,only_b3_side,privileged,10096,16,plain,,False,1,0,323000004155,5381805576,True,False,False,0,0,0
tune,dataflow_vs_b3,incidents,only_b3_side,privileged,10096,18,plain,,False,1,0,338000004155,1096570366,True,False,False,0,0,0
tune,dataflow_vs_b3,incidents,only_b3_side,privileged,10096,19,plain,,False,1,0,356000004155,1356064148,True,False,False,0,0,0
tune,dataflow_vs_b3,incidents,only_b3_side,privileged,10096,2,plain,,False,1,0,35500004123,71453214,True,False,False,0,0,0
tune,dataflow_vs_b3,incidents,only_b3_side,privileged,10096,21,plain,,False,1,0,384000004155,2977444040,True,False,False,0,0,0
tune,dataflow_vs_b3,incidents,only_b3_side,privileged,10096,22,plain,,False,1,0,428500004144,4293827071,True,False,False,0,0,0
tune,dataflow_vs_b3,incidents,only_b3_side,privileged,10096,24,plain,,False,1,0,465500004155,3602312424,True,False,False,0,0,0
tune,dataflow_vs_b3,incidents,only_b3_side,privileged,10096,26,plain,,True,1,0,534000004155,1212097471,True,False,False,0,0,0
tune,dataflow_vs_b3,incidents,only_b3_side,privileged,10096,3,plain,,False,1,0,45500004144,12574016,True,False,False,0,0,0
tune,dataflow_vs_b3,incidents,only_b3_side,privileged,10096,5,plain,,False,1,0,92500004144,2606760552,True,False,False,0,0,0
tune,dataflow_vs_b3,incidents,only_b3_side,privileged,10096,7,plain,,True,1,0,105500004155,418318211,True,False,False,0,0,0
tune,dataflow_vs_b3,incidents,only_b3_side,privileged,10096,8,plain,,True,1,0,106500004134,362225171,True,False,False,0,0,0
tune,dataflow_vs_b3,incidents,only_b3_side,privileged,10096,9,plain,,False,1,0,124500004166,356627248,True,False,False,0,0,0
tune,dataflow_vs_b3,incidents,only_b3_side,privileged,10097,0,plain,,False,1,0,24000003898,249831452,True,False,False,0,0,0
tune,dataflow_vs_b3,incidents,only_b3_side,privileged,10097,1,plain,,True,1,0,88500003887,252152737,True,False,False,0,0,0
tune,dataflow_vs_b3,incidents,only_b3_side,privileged,10097,10,plain,,True,1,0,310500003898,3667400945,True,False,False,0,0,0
tune,dataflow_vs_b3,incidents,only_b3_side,privileged,10097,11,plain,,False,1,0,314500003898,3340187190,True,False,False,0,0,0
tune,dataflow_vs_b3,incidents,only_b3_side,privileged,10097,13,plain,,False,1,2,364500003887,4368442456,True,False,False,0,0,0
tune,dataflow_vs_b3,incidents,only_b3_side,privileged,10097,14,plain,,True,1,2,379500007830,434824795,True,False,False,0,0,0
tune,dataflow_vs_b3,incidents,only_b3_side,privileged,10097,15,plain,,False,1,0,413000003931,201770861,True,False,False,0,0,0
tune,dataflow_vs_b3,incidents,only_b3_side,privileged,10097,16,plain,,True,1,0,440500003931,12174709168,True,False,False,0,0,0
tune,dataflow_vs_b3,incidents,only_b3_side,privileged,10097,17,hard,slow_leak,False,1,1,525500000000,24012666033,True,False,False,1,1,1
tune,dataflow_vs_b3,incidents,only_b3_side,privileged,10097,18,plain,,False,1,0,511000003887,1437513270,True,False,False,0,0,0
tune,dataflow_vs_b3,incidents,only_b3_side,privileged,10097,19,plain,,True,1,0,530000003942,13095112271,True,False,False,0,0,0
tune,dataflow_vs_b3,incidents,only_b3_side,privileged,10097,2,plain,,False,1,0,91000007764,154545933,True,False,False,0,0,0
tune,dataflow_vs_b3,incidents,only_b3_side,privileged,10097,3,plain,,False,1,0,98000003887,4672198724,True,False,False,0,0,0
tune,dataflow_vs_b3,incidents,only_b3_side,privileged,10097,4,plain,,False,1,0,116500003898,184489238,True,False,False,0,0,0
tune,dataflow_vs_b3,incidents,only_b3_side,privileged,10097,5,plain,,True,1,0,199000003877,1384610070,True,False,False,0,0,0
tune,dataflow_vs_b3,incidents,only_b3_side,privileged,10097,6,plain,,False,1,2,224000003887,1760392802,True,False,False,0,0,0
tune,dataflow_vs_b3,incidents,only_b3_side,privileged,10097,7,plain,,True,1,0,265000003887,3892437707,True,False,False,0,0,0
tune,dataflow_vs_b3,incidents,only_b3_side,privileged,10097,8,plain,,False,1,0,275000003898,1529374833,True,False,False,0,0,0
tune,dataflow_vs_b3,incidents,only_b3_side,privileged,10097,9,plain,,False,1,0,294500003877,2493373049,True,False,False,0,0,0
tune,dataflow_vs_b3,incidents,only_b3_side,privileged,10098,0,plain,,False,1,0,3500004144,192995154,True,False,False,0,0,0
tune,dataflow_vs_b3,incidents,only_b3_side,privileged,10098,1,plain,,True,1,0,29000004123,1304227679,True,False,False,0,0,0
tune,dataflow_vs_b3,incidents,only_b3_side,privileged,10098,10,plain,,False,1,0,274500004134,321211704,True,False,False,0,0,0
tune,dataflow_vs_b3,incidents,only_b3_side,privileged,10098,11,plain,,False,1,0,306000004155,51876305,True,False,False,0,0,0
tune,dataflow_vs_b3,incidents,only_b3_side,privileged,10098,12,plain,,True,1,0,309000004155,2469824160,True,False,False,0,0,0
tune,dataflow_vs_b3,incidents,only_b3_side,privileged,10098,13,plain,,True,1,0,369000004188,6027559196,True,False,False,0,0,0
tune,dataflow_vs_b3,incidents,only_b3_side,privileged,10098,14,plain,,False,1,0,365000004155,934634184,True,False,False,0,0,0
tune,dataflow_vs_b3,incidents,only_b3_side,privileged,10098,15,plain,,True,1,0,365500004144,1348078220,True,False,False,0,0,0
tune,dataflow_vs_b3,incidents,only_b3_side,privileged,10098,16,hard,compound,False,1,1,394500000000,21144718783,True,False,False,1,1,1
tune,dataflow_vs_b3,incidents,only_b3_side,privileged,10098,17,plain,,False,1,0,412000004144,3849918406,True,False,False,0,0,0
tune,dataflow_vs_b3,incidents,only_b3_side,privileged,10098,18,plain,,False,1,0,415000004144,2527190021,True,False,False,0,0,0
tune,dataflow_vs_b3,incidents,only_b3_side,privileged,10098,19,plain,,False,1,0,468500004166,4709129704,True,False,False,0,0,0
tune,dataflow_vs_b3,incidents,only_b3_side,privileged,10098,2,plain,,True,1,0,67000004178,274676736,True,False,False,0,0,0
tune,dataflow_vs_b3,incidents,only_b3_side,privileged,10098,20,plain,,False,1,0,486000004155,7047614447,True,False,False,0,0,0
tune,dataflow_vs_b3,incidents,only_b3_side,privileged,10098,21,plain,,False,1,0,506000004144,3323272558,True,False,False,0,0,0
tune,dataflow_vs_b3,incidents,only_b3_side,privileged,10098,22,plain,,False,1,0,505500004134,2160923390,True,False,False,0,0,0
tune,dataflow_vs_b3,incidents,only_b3_side,privileged,10098,23,plain,,True,1,0,526000004155,3747484826,True,False,False,0,0,0
tune,dataflow_vs_b3,incidents,only_b3_side,privileged,10098,3,plain,,False,1,0,88500004144,1614291904,True,False,False,0,0,0
tune,dataflow_vs_b3,incidents,only_b3_side,privileged,10098,4,plain,,False,2,0,101500008343,3479461649,True,False,False,0,0,0
tune,dataflow_vs_b3,incidents,only_b3_side,privileged,10098,5,plain,,False,1,0,141000004144,5309557102,True,False,False,0,0,0
tune,dataflow_vs_b3,incidents,only_b3_side,privileged,10098,6,plain,,True,1,0,190500004144,449644139,True,False,False,0,0,0
tune,dataflow_vs_b3,incidents,only_b3_side,privileged,10098,7,plain,,False,1,0,199000004123,1714920968,True,False,False,0,0,0
tune,dataflow_vs_b3,incidents,only_b3_side,privileged,10098,8,hard,compound,False,1,1,217000000000,18615765856,True,False,False,1,1,1
tune,dataflow_vs_b3,incidents,only_b3_side,privileged,10098,9,plain,,False,1,0,263500004155,1179428973,True,False,False,0,0,0
tune,dataflow_vs_b3,incidents,only_b3_side,privileged,10099,0,plain,,False,1,1,3000007764,465335545,True,False,False,0,0,0
tune,dataflow_vs_b3,incidents,only_b3_side,privileged,10099,1,plain,,False,1,1,25500003909,300105612,True,False,False,0,0,0
tune,dataflow_vs_b3,incidents,only_b3_side,privileged,10099,10,plain,,False,1,0,246000003898,4612935110,True,False,False,0,0,0
tune,dataflow_vs_b3,incidents,only_b3_side,privileged,10099,11,plain,,False,1,0,333500003898,214944419,True,False,False,0,0,0
tune,dataflow_vs_b3,incidents,only_b3_side,privileged,10099,12,plain,,False,1,0,347000003898,67689011,True,False,False,0,0,0
tune,dataflow_vs_b3,incidents,only_b3_side,privileged,10099,13,decoy,,False,1,0,384000003898,10392784548,False,False,False,0,0,0
tune,dataflow_vs_b3,incidents,only_b3_side,privileged,10099,14,plain,,False,1,0,394000003898,3167811779,True,False,False,0,0,0
tune,dataflow_vs_b3,incidents,only_b3_side,privileged,10099,15,plain,,False,1,0,403500003909,425693566,True,False,False,0,0,0
tune,dataflow_vs_b3,incidents,only_b3_side,privileged,10099,16,plain,,False,1,0,423000003898,3552866706,True,False,False,0,0,0
tune,dataflow_vs_b3,incidents,only_b3_side,privileged,10099,17,plain,,False,1,0,425500003898,462920752,True,False,False,0,0,0
tune,dataflow_vs_b3,incidents,only_b3_side,privileged,10099,18,plain,,False,2,0,450000003909,82012550,True,False,False,0,0,0
tune,dataflow_vs_b3,incidents,only_b3_side,privileged,10099,19,plain,,False,1,0,468000007796,4538105080,True,False,False,0,0,0
tune,dataflow_vs_b3,incidents,only_b3_side,privileged,10099,2,plain,,False,1,0,73000003887,2058392452,True,False,False,0,0,0
tune,dataflow_vs_b3,incidents,only_b3_side,privileged,10099,20,plain,,False,1,0,484500003898,1776123481,True,False,False,0,0,0
tune,dataflow_vs_b3,incidents,only_b3_side,privileged,10099,3,plain,,True,1,0,112500003877,403581615,True,False,False,0,0,0
tune,dataflow_vs_b3,incidents,only_b3_side,privileged,10099,4,plain,,True,1,0,115000003921,454664033,True,False,False,0,0,0
tune,dataflow_vs_b3,incidents,only_b3_side,privileged,10099,6,plain,,False,1,0,140000003909,473748243,True,False,False,0,0,0
tune,dataflow_vs_b3,incidents,only_b3_side,privileged,10099,7,plain,,False,1,0,154500003898,925424439,True,False,False,0,0,0
tune,dataflow_vs_b3,incidents,only_b3_side,privileged,10099,8,plain,,False,1,0,175000003898,4858047188,True,False,False,0,0,0
tune,dataflow_vs_b3,incidents,only_b3_side,privileged,10099,9,plain,,False,1,0,209000003898,3409724803,True,False,False,0,0,0
