stage,arm,tick_ms,anchor_ok,leak_noticed,background,strict_prec,per_incident,ref_anchor_ok,ref_leak_noticed,ref_strict_prec,z1,z2,z3,score,fallback_score,bg_ok,sp_ok,feasible
tune-a,m2_t100,100,0.9798994974874372,1.0,5.58,0.4986748216106014,1.64472190692395,0.949748743718593,0.4545454545454545,0.6714864083285136,1.0050251256281415,2.7272727272727275,-6.710839279646619,1.0050251256281415,-6.710839279646619,True,False,False
tune-a,m2_t2000,2000,0.8693467336683417,1.0,4.26,0.1669984868997372,4.589860007567158,0.949748743718593,0.4545454545454545,0.6714864083285136,-2.6800670016750425,2.7272727272727275,-17.766717103342092,-2.6800670016750425,-17.766717103342092,True,False,False
tune-a,m2_t500,500,0.9547738693467336,1.0,4.87,0.5482221705786661,1.4438138479001137,0.949748743718593,0.4545454545454545,0.6714864083285136,0.16750418760468716,2.7272727272727275,-5.05926098071113,0.16750418760468716,-5.05926098071113,True,False,False
tune-a,sub50_e0_t100,100,0.9798994974874372,1.0,5.54,0.4990825688073395,1.6462353386303443,0.949748743718593,0.4545454545454545,0.6714864083285136,1.0050251256281415,2.7272727272727275,-6.697247706422016,1.0050251256281415,-6.697247706422016,True,False,False
tune-a,sub50_e0_t2000,2000,0.8994974874371859,1.0,3.71,0.1716994661779937,4.608399545970488,0.949748743718593,0.4545454545454545,0.6714864083285136,-1.675041876046901,2.7272727272727275,-17.610017794066877,-1.675041876046901,-17.610017794066877,True,False,False
tune-a,sub50_e0_t500,500,0.964824120603015,1.0,4.46,0.5554264466651173,1.4593265228906545,0.949748743718593,0.4545454545454545,0.6714864083285136,0.5025125628140689,2.7272727272727275,-4.819118444496088,0.5025125628140689,-4.819118444496088,True,False,False
tune-a,sub50_e1_t100,100,0.9798994974874372,1.0,5.57,0.4828537642885298,1.7090427544457056,0.949748743718593,0.4545454545454545,0.6714864083285136,1.0050251256281415,2.7272727272727275,-7.238207857049006,1.0050251256281415,-7.238207857049006,True,False,False
tune-a,sub50_e1_t2000,2000,0.9045226130653268,1.0,3.72,0.1684735301099944,4.640559969731366,0.949748743718593,0.4545454545454545,0.6714864083285136,-1.5075376884422065,2.7272727272727275,-17.71754899633352,-1.5075376884422065,-17.71754899633352,True,False,False
tune-a,sub50_e1_t500,500,0.9748743718592964,1.0,4.7,0.5376200044652825,1.516836927733636,0.949748743718593,0.4545454545454545,0.6714864083285136,0.8375209380234468,2.7272727272727275,-5.412666517823917,0.8375209380234468,-5.412666517823917,True,False,False
tune-a,subw_e0_t100,100,0.984924623115578,1.0,5.5,0.4996941896024465,1.6477487703367386,0.949748743718593,0.4545454545454545,0.6714864083285136,1.172529313232836,2.7272727272727275,-6.676860346585116,1.172529313232836,-6.676860346585116,True,False,False
tune-a,subw_e0_t2000,2000,0.8994974874371859,1.0,3.7,0.1717791411042944,4.608777903897087,0.949748743718593,0.4545454545454545,0.6714864083285136,-1.675041876046901,2.7272727272727275,-17.607361963190186,-1.675041876046901,-17.607361963190186,True,False,False
tune-a,subw_e0_t500,500,0.9698492462311558,1.0,4.41,0.5558912386706949,1.461218312523647,0.949748743718593,0.4545454545454545,0.6714864083285136,0.6700167504187597,2.7272727272727275,-4.8036253776435025,0.6700167504187597,-4.8036253776435025,True,False,False
tune-a,subw_e1_lb1_m100_r10_t100,100,0.949748743718593,1.0,5.09,0.7382920110192838,1.0435111615588346,0.949748743718593,0.4545454545454545,0.6714864083285136,0.0,2.7272727272727275,1.2764003673094604,0.0,0.0,True,True,True
tune-a,subw_e1_lb1_m100_r10_t2000,2000,0.9045226130653268,1.0,3.65,0.1762709057791025,4.43170639424896,0.949748743718593,0.4545454545454545,0.6714864083285136,-1.5075376884422065,2.7272727272727275,-17.457636474029915,-1.5075376884422065,-17.457636474029915,True,False,False
tune-a,subw_e1_lb1_m100_r10_t500,500,0.9396984924623116,1.0,4.21,0.762843295638126,1.0117290957245555,0.949748743718593,0.4545454545454545,0.6714864083285136,-0.335008375209378,2.7272727272727275,2.094776521270869,-0.335008375209378,-0.335008375209378,True,True,True
tune-a,subw_e1_lb1_m100_r1_t100,100,0.9748743718592964,1.0,5.46,0.6952970994086173,1.1369655694286795,0.949748743718593,0.4545454545454545,0.6714864083285136,0.8375209380234468,2.7272727272727275,-0.15676335304608918,0.8375209380234468,-0.15676335304608918,True,False,False
tune-a,subw_e1_lb1_m100_r1_t2000,2000,0.9045226130653268,1.0,3.65,0.176650670196922,4.434733257661748,0.949748743718593,0.4545454545454545,0.6714864083285136,-1.5075376884422065,2.7272727272727275,-17.4449776601026,-1.5075376884422065,-17.4449776601026,True,False,False
tune-a,subw_e1_lb1_m100_r1_t500,500,0.964824120603015,1.0,4.56,0.7166220636336604,1.0998864926220204,0.949748743718593,0.4545454545454545,0.6714864083285136,0.5025125628140689,2.7272727272727275,0.5540687877886826,0.5025125628140689,0.5025125628140689,True,True,True
tune-a,subw_e1_lb1_m100_r30_t100,100,0.9346733668341708,0.9772727272727272,4.16,0.7852004110996916,0.9470298902762012,0.949748743718593,0.4545454545454545,0.6714864083285136,-0.5025125628140725,2.6136363636363633,2.840013703323056,-0.5025125628140725,-0.5025125628140725,True,True,True
tune-a,subw_e1_lb1_m100_r30_t2000,2000,0.8944723618090452,1.0,1.81,0.3474660483603842,2.216042376087779,0.949748743718593,0.4545454545454545,0.6714864083285136,-1.842546063651592,2.7272727272727275,-11.751131721320526,-1.842546063651592,-11.751131721320526,True,False,False
tune-a,subw_e1_lb1_m100_r30_t500,500,0.9296482412060302,0.9772727272727272,3.56,0.8062566654816922,0.9296254256526674,0.949748743718593,0.4545454545454545,0.6714864083285136,-0.6700167504187597,2.6136363636363633,3.5418888493897405,-0.6700167504187597,-0.6700167504187597,True,True,True
tune-a,subw_e1_lb1_m200_r10_t100,100,0.9447236180904522,1.0,5.08,0.7439900093662192,1.0196746121831253,0.949748743718593,0.4545454545454545,0.6714864083285136,-0.16750418760469085,2.7272727272727275,1.4663336455406406,-0.16750418760469085,-0.16750418760469085,True,True,True
tune-a,subw_e1_lb1_m200_r10_t2000,2000,0.9045226130653268,1.0,3.65,0.1758114053291276,4.419977298524404,0.949748743718593,0.4545454545454545,0.6714864083285136,-1.5075376884422065,2.7272727272727275,-17.47295315569575,-1.5075376884422065,-17.47295315569575,True,False,False
tune-a,subw_e1_lb1_m200_r10_t500,500,0.9346733668341708,1.0,4.21,0.7677100494233937,0.9890276201286416,0.949748743718593,0.4545454545454545,0.6714864083285136,-0.5025125628140725,2.7272727272727275,2.257001647446459,-0.5025125628140725,-0.5025125628140725,True,True,True
tune-a,subw_e1_lb1_m200_r1_t100,100,0.9698492462311558,1.0,5.45,0.7000574052812859,1.1119939462731745,0.949748743718593,0.4545454545454545,0.6714864083285136,0.6700167504187597,2.7272727272727275,0.0019135093761983117,0.6700167504187597,0.0019135093761983117,True,True,True
tune-a,subw_e1_lb1_m200_r1_t2000,2000,0.9045226130653268,1.0,3.65,0.1761924512650352,4.423004161937192,0.949748743718593,0.4545454545454545,0.6714864083285136,-1.5075376884422065,2.7272727272727275,-17.460251624498824,-1.5075376884422065,-17.460251624498824,True,False,False
tune-a,subw_e1_lb1_m200_r1_t500,500,0.9597989949748744,1.0,4.57,0.7201695941853422,1.0764283011729097,0.949748743718593,0.4545454545454545,0.6714864083285136,0.3350083752093817,2.7272727272727275,0.6723198061780752,0.3350083752093817,0.3350083752093817,True,True,True
tune-a,subw_e1_lb1_m200_r30_t100,100,0.9296482412060302,0.9772727272727272,4.15,0.7923802866130724,0.9254634884600832,0.949748743718593,0.4545454545454545,0.6714864083285136,-0.6700167504187597,2.6136363636363633,3.0793428871024138,-0.6700167504187597,-0.6700167504187597,True,True,True
tune-a,subw_e1_lb1_m200_r30_t2000,2000,0.8944723618090452,1.0,1.81,0.3475366178428761,2.2046916382898223,0.949748743718593,0.4545454545454545,0.6714864083285136,-1.842546063651592,2.7272727272727275,-11.748779405237462,-1.842546063651592,-11.748779405237462,True,False,False
tune-a,subw_e1_lb1_m200_r30_t500,500,0.9246231155778896,0.9772727272727272,3.56,0.8124773304316286,0.908437381763148,0.949748743718593,0.4545454545454545,0.6714864083285136,-0.8375209380234468,2.6136363636363633,3.7492443477209556,-0.8375209380234468,-0.8375209380234468,True,True,True
tune-a,subw_e1_lb1_m50_r10_t100,100,0.949748743718593,1.0,5.11,0.7235172617291237,1.088914112750662,0.949748743718593,0.4545454545454545,0.6714864083285136,0.0,2.7272727272727275,0.783908724304124,0.0,0.0,True,True,True
tune-a,subw_e1_lb1_m50_r10_t2000,2000,0.9045226130653268,1.0,3.67,0.1760482007263123,4.445327279606508,0.949748743718593,0.4545454545454545,0.6714864083285136,-1.5075376884422065,2.7272727272727275,-17.46505997578959,-1.5075376884422065,-17.46505997578959,True,False,False
tune-a,subw_e1_lb1_m50_r10_t500,500,0.9396984924623116,1.0,4.26,0.7474113586444933,1.0446462353386303,0.949748743718593,0.4545454545454545,0.6714864083285136,-0.335008375209378,2.7272727272727275,1.5803786214831104,-0.335008375209378,-0.335008375209378,True,True,True
tune-a,subw_e1_lb1_m50_r1_t100,100,0.9748743718592964,1.0,5.48,0.6825957100190062,1.1861520998864927,0.949748743718593,0.4545454545454545,0.6714864083285136,0.8375209380234468,2.7272727272727275,-0.5801429993664583,0.8375209380234468,-0.5801429993664583,True,False,False
tune-a,subw_e1_lb1_m50_r1_t2000,2000,0.9045226130653268,1.0,3.67,0.1764802902853373,4.449110858872493,0.949748743718593,0.4545454545454545,0.6714864083285136,-1.5075376884422065,2.7272727272727275,-17.450656990488756,-1.5075376884422065,-17.450656990488756,True,False,False
tune-a,subw_e1_lb1_m50_r1_t500,500,0.964824120603015,1.0,4.62,0.7030618139803582,1.135073779795687,0.949748743718593,0.4545454545454545,0.6714864083285136,0.5025125628140689,2.7272727272727275,0.10206046601194027,0.5025125628140689,0.10206046601194027,True,True,True
tune-a,subw_e1_lb1_m50_r30_t100,100,0.9346733668341708,0.9772727272727272,4.16,0.7679102013865963,0.9886492622020432,0.949748743718593,0.4545454545454545,0.6714864083285136,-0.5025125628140725,2.6136363636363633,2.2636733795532105,-0.5025125628140725,-0.5025125628140725,True,True,True
tune-a,subw_e1_lb1_m50_r30_t2000,2000,0.8944723618090452,1.0,1.83,0.3460589106467007,2.2300416193719257,0.949748743718593,0.4545454545454545,0.6714864083285136,-1.842546063651592,2.7272727272727275,-11.798036311776643,-1.842546063651592,-11.798036311776643,True,False,False
tune-a,subw_e1_lb1_m50_r30_t500,500,0.9296482412060302,0.9772727272727272,3.59,0.7888198757763976,0.9606507756337496,0.949748743718593,0.4545454545454545,0.6714864083285136,-0.6700167504187597,2.6136363636363633,2.96066252587992,-0.6700167504187597,-0.6700167504187597,True,True,True
tune-a,subw_e1_lb1_r10_t100,100,0.9597989949748744,1.0,5.22,0.5118971061093247,1.5675368898978437,0.949748743718593,0.4545454545454545,0.6714864083285136,0.3350083752093817,2.7272727272727275,-6.270096463022509,0.3350083752093817,-6.270096463022509,True,False,False
tune-a,subw_e1_lb1_r10_t2000,2000,0.9045226130653268,1.0,3.68,0.1685838952796509,4.629965947786606,0.949748743718593,0.4545454545454545,0.6714864083285136,-1.5075376884422065,2.7272727272727275,-17.71387015734497,-1.5075376884422065,-17.71387015734497,True,False,False
tune-a,subw_e1_lb1_r10_t500,500,0.9547738693467336,1.0,4.25,0.5692530819434373,1.4044646235338631,0.949748743718593,0.4545454545454545,0.6714864083285136,0.16750418760468716,2.7272727272727275,-4.358230601885423,0.16750418760468716,-4.358230601885423,True,False,False
tune-a,subw_e1_lb1_r30_t100,100,0.9447236180904522,0.9772727272727272,4.25,0.5496592015579357,1.3934922436625048,0.949748743718593,0.4545454545454545,0.6714864083285136,-0.16750418760469085,2.6136363636363633,-5.011359948068809,-0.16750418760469085,-5.011359948068809,True,False,False
tune-a,subw_e1_lb1_r30_t2000,2000,0.8944723618090452,1.0,1.84,0.3206247129076711,2.4014377601210746,0.949748743718593,0.4545454545454545,0.6714864083285136,-1.842546063651592,2.7272727272727275,-12.645842903077629,-1.842546063651592,-12.645842903077629,True,False,False
tune-a,subw_e1_lb1_r30_t500,500,0.9447236180904522,0.9772727272727272,3.57,0.6095186587344511,1.2640938327657965,0.949748743718593,0.4545454545454545,0.6714864083285136,-0.16750418760469085,2.6136363636363633,-3.0160447088516285,-0.16750418760469085,-3.0160447088516285,True,False,False
tune-a,subw_e1_lb1_t100,100,0.984924623115578,1.0,5.6,0.4837374334713187,1.7075293227393114,0.949748743718593,0.4545454545454545,0.6714864083285136,1.172529313232836,2.7272727272727275,-7.208752217622709,1.172529313232836,-7.208752217622709,True,False,False
tune-a,subw_e1_lb1_t2000,2000,0.9045226130653268,1.0,3.68,0.1686584883260783,4.641316685584563,0.949748743718593,0.4545454545454545,0.6714864083285136,-1.5075376884422065,2.7272727272727275,-17.711383722464056,-1.5075376884422065,-17.711383722464056,True,False,False
tune-a,subw_e1_lb1_t500,500,0.9798994974874372,1.0,4.62,0.5385130609511052,1.5198637911464246,0.949748743718593,0.4545454545454545,0.6714864083285136,1.0050251256281415,2.7272727272727275,-5.382897968296493,1.0050251256281415,-5.382897968296493,True,False,False
tune-a,subw_e1_t100,100,0.984924623115578,1.0,5.52,0.4836420969649192,1.7109345440786985,0.949748743718593,0.4545454545454545,0.6714864083285136,1.172529313232836,2.7272727272727275,-7.211930101169358,1.172529313232836,-7.211930101169358,True,False,False
tune-a,subw_e1_t2000,2000,0.9045226130653268,1.0,3.68,0.1687900609321832,4.64207340143776,0.949748743718593,0.4545454545454545,0.6714864083285136,-1.5075376884422065,2.7272727272727275,-17.706997968927226,-1.5075376884422065,-17.706997968927226,True,False,False
tune-a,subw_e1_t500,500,0.9798994974874372,1.0,4.64,0.5385130609511052,1.5191070752932274,0.949748743718593,0.4545454545454545,0.6714864083285136,1.0050251256281415,2.7272727272727275,-5.382897968296493,1.0050251256281415,-5.382897968296493,True,False,False
tune-b,all100L_m0_r0_t100,100,0.9698492462311558,1.0,3.38,0.669103176834411,1.2179341657207718,0.949748743718593,0.4545454545454545,0.6714864083285136,0.6700167504187597,2.7272727272727275,-1.0298941055196318,0.6700167504187597,-1.0298941055196318,True,False,False
tune-b,all100L_m0_r0_t2000,2000,0.9798994974874372,1.0,7.38,0.1930758017492711,4.911842603102535,0.949748743718593,0.4545454545454545,0.6714864083285136,1.0050251256281415,2.7272727272727275,-16.897473275024296,1.0050251256281415,-16.897473275024296,False,False,False
tune-b,all100L_m0_r0_t500,500,0.9798994974874372,1.0,3.8,0.6157194060419867,1.3340900491865304,0.949748743718593,0.4545454545454545,0.6714864083285136,1.0050251256281415,2.7272727272727275,-2.809353131933775,1.0050251256281415,-2.809353131933775,True,False,False
tune-b,all100L_m0_r30_t100,100,0.9698492462311558,0.9772727272727272,3.36,0.7249466950959488,1.1150208096859628,0.949748743718593,0.4545454545454545,0.6714864083285136,0.6700167504187597,2.6136363636363633,0.8315565031982941,0.6700167504187597,0.6700167504187597,True,True,True
tune-b,all100L_m0_r30_t2000,2000,0.9798994974874372,1.0,5.56,0.3425314159865267,2.7101778282255014,0.949748743718593,0.4545454545454545,0.6714864083285136,1.0050251256281415,2.7272727272727275,-11.915619467115775,1.0050251256281415,-11.915619467115775,True,False,False
tune-b,all100L_m0_r30_t500,500,0.9798994974874372,0.9772727272727272,3.78,0.6612592796260655,1.2330684827847145,0.949748743718593,0.4545454545454545,0.6714864083285136,1.0050251256281415,2.6136363636363633,-1.2913573457978167,1.0050251256281415,-1.2913573457978167,True,False,False
tune-b,all100L_m0_s0_t2000,2000,0.964824120603015,0.9772727272727272,5.09,0.2793418647166362,2.911842603102535,0.949748743718593,0.4545454545454545,0.6714864083285136,0.5025125628140689,2.6136363636363633,-14.021937842778792,0.5025125628140689,-14.021937842778792,True,False,False
tune-b,all100L_m0_s30_t2000,2000,0.964824120603015,0.9772727272727272,4.59,0.3650262780697563,2.2020431328036323,0.949748743718593,0.4545454545454545,0.6714864083285136,0.5025125628140689,2.6136363636363633,-11.165790731008123,0.5025125628140689,-11.165790731008123,True,False,False
tune-b,all100L_m100_r0_t100,100,0.9597989949748744,1.0,3.48,0.7310536044362292,1.0964812712826333,0.949748743718593,0.4545454545454545,0.6714864083285136,0.3350083752093817,2.7272727272727275,1.0351201478743097,0.3350083752093817,0.3350083752093817,True,True,True
tune-b,all100L_m100_r0_t2000,2000,0.964824120603015,1.0,7.61,0.2003194159251654,4.687097994702989,0.949748743718593,0.4545454545454545,0.6714864083285136,0.5025125628140689,2.7272727272727275,-16.65601946916115,0.5025125628140689,-16.65601946916115,False,False,False
tune-b,all100L_m100_r0_t500,500,0.9597989949748744,1.0,3.95,0.7252946509519492,1.1025349981082104,0.949748743718593,0.4545454545454545,0.6714864083285136,0.3350083752093817,2.7272727272727275,0.8431550317316424,0.3350083752093817,0.3350083752093817,True,True,True
tune-b,all100L_m100_r30_t100,100,0.9597989949748744,0.9772727272727272,3.46,0.7984522207267833,0.9935679152478244,0.949748743718593,0.4545454545454545,0.6714864083285136,0.3350083752093817,2.6136363636363633,3.28174069089278,0.3350083752093817,0.3350083752093817,True,True,True
tune-b,all100L_m100_r30_t2000,2000,0.964824120603015,1.0,5.79,0.368052638947221,2.4835414301929624,0.949748743718593,0.4545454545454545,0.6714864083285136,0.5025125628140689,2.7272727272727275,-11.064912035092632,0.5025125628140689,-11.064912035092632,False,False,False
tune-b,all100L_m100_r30_t500,500,0.9597989949748744,0.9772727272727272,3.93,0.7894736842105263,1.0015134317063945,0.949748743718593,0.4545454545454545,0.6714864083285136,0.3350083752093817,2.6136363636363633,2.9824561403508794,0.3350083752093817,0.3350083752093817,True,True,True
tune-b,all100L_m100_s0_t2000,2000,0.9396984924623116,0.9772727272727272,5.32,0.2976908947782734,2.682557699583806,0.949748743718593,0.4545454545454545,0.6714864083285136,-0.335008375209378,2.6136363636363633,-13.410303507390887,-0.335008375209378,-13.410303507390887,True,False,False
tune-b,all100L_m100_s30_t2000,2000,0.9346733668341708,0.9772727272727272,4.82,0.3983497191011236,1.9727582292849035,0.949748743718593,0.4545454545454545,0.6714864083285136,-0.5025125628140725,2.6136363636363633,-10.055009363295879,-0.5025125628140725,-10.055009363295879,True,False,False
tune-b,all100L_m50_r0_t100,100,0.9597989949748744,1.0,3.44,0.7226941747572816,1.1169125993189557,0.949748743718593,0.4545454545454545,0.6714864083285136,0.3350083752093817,2.7272727272727275,0.7564724919093879,0.3350083752093817,0.3350083752093817,True,True,True
tune-b,all100L_m50_r0_t500,500,0.9597989949748744,1.0,3.93,0.7146240378922439,1.1293984108967083,0.949748743718593,0.4545454545454545,0.6714864083285136,0.3350083752093817,2.7272727272727275,0.487467929741466,0.3350083752093817,0.3350083752093817,True,True,True
tune-b,all100L_m50_r30_t100,100,0.9597989949748744,0.9772727272727272,3.42,0.7882197220383852,1.0139992432841467,0.949748743718593,0.4545454545454545,0.6714864083285136,0.3350083752093817,2.6136363636363633,2.940657401279508,0.3350083752093817,0.3350083752093817,True,True,True
tune-b,all100L_m50_r30_t500,500,0.9597989949748744,0.9772727272727272,3.91,0.7764554519137986,1.0283768444948922,0.949748743718593,0.4545454545454545,0.6714864083285136,0.3350083752093817,2.6136363636363633,2.5485150637932885,0.3350083752093817,0.3350083752093817,True,True,True
tune-b,all100_m0_r0_t100,100,0.9045226130653268,1.0,5.47,0.5696626319855782,1.2622020431328036,0.949748743718593,0.4545454545454545,0.6714864083285136,-1.5075376884422065,2.7272727272727275,-4.344578933814058,-1.5075376884422065,-4.344578933814058,True,False,False
tune-b,all100_m0_r0_t2000,2000,0.9547738693467336,1.0,9.73,0.1800014173339947,4.97086643965191,0.949748743718593,0.4545454545454545,0.6714864083285136,0.16750418760468716,2.7272727272727275,-17.333286088866842,0.16750418760468716,-17.333286088866842,False,False,False
tune-b,all100_m0_r0_t500,500,0.9296482412060302,1.0,6.19,0.5223152022315202,1.3934922436625048,0.949748743718593,0.4545454545454545,0.6714864083285136,-0.6700167504187597,2.7272727272727275,-5.92282659228266,-0.6700167504187597,-5.92282659228266,False,False,False
tune-b,all100_m0_r30_t100,100,0.9045226130653268,0.9772727272727272,5.45,0.6129121640343586,1.1592886870979946,0.949748743718593,0.4545454545454545,0.6714864083285136,-1.5075376884422065,2.6136363636363633,-2.9029278655213804,-1.5075376884422065,-2.9029278655213804,True,False,False
tune-b,all100_m0_r30_t2000,2000,0.949748743718593,1.0,7.91,0.3118927561185586,2.7771471812334467,0.949748743718593,0.4545454545454545,0.6714864083285136,0.0,2.7272727272727275,-12.93690812938138,0.0,-12.93690812938138,False,False,False
tune-b,all100_m0_r30_t500,500,0.9296482412060302,0.9772727272727272,6.17,0.5571534837589883,1.2924706772606886,0.949748743718593,0.4545454545454545,0.6714864083285136,-0.6700167504187597,2.6136363636363633,-4.761550541367055,-0.6700167504187597,-4.761550541367055,False,False,False
tune-b,all100_m0_s0_t2000,2000,0.9246231155778896,0.9772727272727272,7.43,0.2515144454799627,2.9667045024593266,0.949748743718593,0.4545454545454545,0.6714864083285136,-0.8375209380234468,2.6136363636363633,-14.949518484001242,-0.8375209380234468,-14.949518484001242,False,False,False
tune-b,all100_m0_s30_t2000,2000,0.9195979899497488,0.9772727272727272,6.93,0.3240768537976584,2.258418463866818,0.949748743718593,0.4545454545454545,0.6714864083285136,-1.0050251256281377,2.6136363636363633,-12.530771540078053,-1.0050251256281377,-12.530771540078053,False,False,False
tune-b,all100_m100_r0_t100,100,0.8492462311557789,1.0,6.24,0.564267712125455,1.1150208096859628,0.949748743718593,0.4545454545454545,0.6714864083285136,-3.350083752093802,2.7272727272727275,-4.524409595818165,-3.350083752093802,-4.524409595818165,False,False,False
tune-b,all100_m100_r0_t2000,2000,0.8894472361809045,1.0,10.66,0.172332423862547,4.727582292849035,0.949748743718593,0.4545454545454545,0.6714864083285136,-2.010050251256283,2.7272727272727275,-17.588919204581767,-2.010050251256283,-17.588919204581767,False,False,False
tune-b,all100_m100_r0_t500,500,0.8341708542713567,1.0,7.08,0.5457964007520817,1.1407491486946653,0.949748743718593,0.4545454545454545,0.6714864083285136,-3.8525963149078746,2.7272727272727275,-5.1401199749306095,-3.8525963149078746,-5.1401199749306095,False,False,False
tune-b,all100_m100_r30_t100,100,0.8492462311557789,0.9772727272727272,6.22,0.6107911488329797,1.0128641695043512,0.949748743718593,0.4545454545454545,0.6714864083285136,-3.350083752093802,2.6136363636363633,-2.973628372234009,-3.350083752093802,-3.350083752093802,False,False,False
tune-b,all100_m100_r30_t2000,2000,0.8844221105527639,1.0,8.84,0.3076517150395778,2.533484676503973,0.949748743718593,0.4545454545454545,0.6714864083285136,-2.17755443886097,2.7272727272727275,-13.078276165347406,-2.17755443886097,-13.078276165347406,False,False,False
tune-b,all100_m100_r30_t500,500,0.8341708542713567,0.9772727272727272,7.06,0.5881331403762663,1.0401059402194477,0.949748743718593,0.4545454545454545,0.6714864083285136,-3.8525963149078746,2.6136363636363633,-3.728895320791122,-3.8525963149078746,-3.8525963149078746,False,False,False
tune-b,all100_m100_s0_t2000,2000,0.8140703517587939,0.9772727272727272,8.36,0.2393590385578367,2.706015891032917,0.949748743718593,0.4545454545454545,0.6714864083285136,-4.5226130653266345,2.6136363636363633,-15.354698714738776,-4.5226130653266345,-15.354698714738776,False,False,False
tune-b,all100_m100_s30_t2000,2000,0.8090452261306532,0.9772727272727272,7.86,0.31499176276771,1.9992432841468029,0.949748743718593,0.4545454545454545,0.6714864083285136,-4.6901172529313255,2.6136363636363633,-12.833607907742998,-4.6901172529313255,-12.833607907742998,False,False,False
tune-b,all100_m50_r0_t100,100,0.8592964824120602,1.0,5.8,0.5815051374618162,1.1430192962542565,0.949748743718593,0.4545454545454545,0.6714864083285136,-3.015075376884424,2.7272727272727275,-3.949828751272792,-3.015075376884424,-3.949828751272792,False,False,False
tune-b,all100_m50_r0_t500,500,0.8492462311557789,1.0,6.62,0.5638778220451527,1.1740446462353389,0.949748743718593,0.4545454545454545,0.6714864083285136,-3.350083752093802,2.7272727272727275,-4.537405931828243,-3.350083752093802,-4.537405931828243,False,False,False
tune-b,all100_m50_r30_t100,100,0.8592964824120602,0.9772727272727272,5.78,0.629017723039952,1.0408626560726448,0.949748743718593,0.4545454545454545,0.6714864083285136,-3.015075376884424,2.6136363636363633,-2.366075898668267,-3.015075376884424,-3.015075376884424,False,False,False
tune-b,all100_m50_r30_t500,500,0.8492462311557789,0.9772727272727272,6.6,0.607091792965399,1.073401437760121,0.949748743718593,0.4545454545454545,0.6714864083285136,-3.350083752093802,2.6136363636363633,-3.0969402344867003,-3.350083752093802,-3.350083752093802,False,False,False
tune-b,all200L_m0_r0_t100,100,0.9698492462311558,1.0,5.44,0.6162420382165605,1.2198259553537647,0.949748743718593,0.4545454545454545,0.6714864083285136,0.6700167504187597,2.7272727272727275,-2.791932059447981,0.6700167504187597,-2.791932059447981,True,False,False
tune-b,all200L_m0_r0_t2000,2000,0.984924623115578,1.0,9.81,0.1857265692175408,4.909194097616345,0.949748743718593,0.4545454545454545,0.6714864083285136,1.172529313232836,2.7272727272727275,-17.14244769274864,1.172529313232836,-17.14244769274864,False,False,False
tune-b,all200L_m0_r0_t500,500,0.9798994974874372,1.0,6.33,0.5625906234896085,1.3261445327279606,0.949748743718593,0.4545454545454545,0.6714864083285136,1.0050251256281415,2.7272727272727275,-4.580312550346381,1.0050251256281415,-4.580312550346381,False,False,False
tune-b,all200L_m0_r30_t100,100,0.9698492462311558,0.9772727272727272,5.42,0.6645678305666858,1.1169125993189557,0.949748743718593,0.4545454545454545,0.6714864083285136,0.6700167504187597,2.6136363636363633,-1.181072314443806,0.6700167504187597,-1.181072314443806,True,False,False
tune-b,all200L_m0_r30_t2000,2000,0.9798994974874372,1.0,8.03,0.3250408342756627,2.707529322739312,0.949748743718593,0.4545454545454545,0.6714864083285136,1.0050251256281415,2.7272727272727275,-12.498638857477909,1.0050251256281415,-12.498638857477909,False,False,False
tune-b,all200L_m0_r30_t500,500,0.9798994974874372,0.9772727272727272,6.31,0.6017058671491341,1.2251229663261445,0.949748743718593,0.4545454545454545,0.6714864083285136,1.0050251256281415,2.6136363636363633,-3.276471095028862,1.0050251256281415,-3.276471095028862,False,False,False
tune-b,all200L_m0_s0_t2000,2000,0.9597989949748744,0.9772727272727272,7.57,0.263432570276361,2.9035187287173665,0.949748743718593,0.4545454545454545,0.6714864083285136,0.3350083752093817,2.6136363636363633,-14.552247657454632,0.3350083752093817,-14.552247657454632,False,False,False
tune-b,all200L_m0_s30_t2000,2000,0.9597989949748744,0.9772727272727272,7.07,0.3414296694850115,2.193719258418464,0.949748743718593,0.4545454545454545,0.6714864083285136,0.3350083752093817,2.6136363636363633,-11.952344350499615,0.3350083752093817,-11.952344350499615,False,False,False
tune-b,all200L_m100_r0_t100,100,0.9597989949748744,1.0,5.53,0.6704347826086956,1.0961029133560347,0.949748743718593,0.4545454545454545,0.6714864083285136,0.3350083752093817,2.7272727272727275,-0.9855072463768119,0.3350083752093817,-0.9855072463768119,True,False,False
tune-b,all200L_m100_r0_t2000,2000,0.9597989949748744,1.0,10.04,0.1920697622419318,4.696556942867953,0.949748743718593,0.4545454545454545,0.6714864083285136,0.3350083752093817,2.7272727272727275,-16.931007925268936,0.3350083752093817,-16.931007925268936,False,False,False
tune-b,all200L_m100_r0_t500,500,0.9597989949748744,1.0,6.43,0.6532394366197183,1.0998864926220204,0.949748743718593,0.4545454545454545,0.6714864083285136,0.3350083752093817,2.7272727272727275,-1.558685446009389,0.3350083752093817,-1.558685446009389,False,False,False
tune-b,all200L_m100_r30_t100,100,0.9597989949748744,0.9772727272727272,5.51,0.7282745591939547,0.9931895573212258,0.949748743718593,0.4545454545454545,0.6714864083285136,0.3350083752093817,2.6136363636363633,0.9424853064651573,0.3350083752093817,0.3350083752093817,True,True,True
tune-b,all200L_m100_r30_t2000,2000,0.9547738693467336,1.0,8.26,0.3468644639244774,2.493000378357926,0.949748743718593,0.4545454545454545,0.6714864083285136,0.16750418760468716,2.7272727272727275,-11.771184535850752,0.16750418760468716,-11.771184535850752,False,False,False
tune-b,all200L_m100_r30_t500,500,0.9597989949748744,0.9772727272727272,6.41,0.7067967083206339,0.9988649262202044,0.949748743718593,0.4545454545454545,0.6714864083285136,0.3350083752093817,2.6136363636363633,0.22655694402113163,0.3350083752093817,0.22655694402113163,False,True,False
tune-b,all200L_m100_s0_t2000,2000,0.9296482412060302,0.9772727272727272,7.81,0.2785886533824089,2.685584562996594,0.949748743718593,0.4545454545454545,0.6714864083285136,-0.6700167504187597,2.6136363636363633,-14.047044887253035,-0.6700167504187597,-14.047044887253035,False,False,False
tune-b,all200L_m100_s30_t2000,2000,0.9246231155778896,0.9772727272727272,7.31,0.3687216529480934,1.975785092697692,0.949748743718593,0.4545454545454545,0.6714864083285136,-0.8375209380234468,2.6136363636363633,-11.042611568396886,-0.8375209380234468,-11.042611568396886,False,False,False
tune-b,all200L_m50_r0_t100,100,0.9597989949748744,1.0,5.48,0.6648524778000573,1.1135073779795688,0.949748743718593,0.4545454545454545,0.6714864083285136,0.3350083752093817,2.7272727272727275,-1.171584073331422,0.3350083752093817,-1.171584073331422,True,False,False
tune-b,all200L_m50_r0_t500,500,0.9597989949748744,1.0,6.41,0.6475159589231196,1.1206961785849414,0.949748743718593,0.4545454545454545,0.6714864083285136,0.3350083752093817,2.7272727272727275,-1.7494680358960106,0.3350083752093817,-1.7494680358960106,False,False,False
tune-b,all200L_m50_r30_t100,100,0.9597989949748744,0.9772727272727272,5.46,0.7214796394156046,1.0105940219447598,0.949748743718593,0.4545454545454545,0.6714864083285136,0.3350083752093817,2.6136363636363633,0.7159879805201534,0.3350083752093817,0.3350083752093817,True,True,True
tune-b,all200L_m50_r30_t500,500,0.9597989949748744,0.9772727272727272,6.39,0.6997600479904019,1.0196746121831253,0.949748743718593,0.4545454545454545,0.6714864083285136,0.3350083752093817,2.6136363636363633,-0.007998400319934412,0.3350083752093817,-0.007998400319934412,False,False,False
tune-b,all200_m0_r0_t100,100,0.8542713567839196,1.0,8.94,0.4624971151627048,1.3011729095724556,0.949748743718593,0.4545454545454545,0.6714864083285136,-3.1825795644891115,2.7272727272727275,-7.916762827909839,-3.1825795644891115,-7.916762827909839,False,False,False
tune-b,all200_m0_r0_t2000,2000,0.9296482412060302,1.0,13.37,0.1639265652829154,5.017404464623534,0.949748743718593,0.4545454545454545,0.6714864083285136,-0.6700167504187597,2.7272727272727275,-17.869114490569487,-0.6700167504187597,-17.869114490569487,False,False,False
tune-b,all200_m0_r0_t500,500,0.8994974874371859,1.0,10.08,0.4249689954526663,1.4491108588724937,0.949748743718593,0.4545454545454545,0.6714864083285136,-1.675041876046901,2.7272727272727275,-9.167700151577789,-1.675041876046901,-9.167700151577789,False,False,False
tune-b,all200_m0_r30_t100,100,0.8542713567839196,0.9772727272727272,8.92,0.4935960591133005,1.1986379114642451,0.949748743718593,0.4545454545454545,0.6714864083285136,-3.1825795644891115,2.6136363636363633,-6.880131362889982,-3.1825795644891115,-6.880131362889982,False,False,False
tune-b,all200_m0_r30_t2000,2000,0.9246231155778896,1.0,11.58,0.2763447079236553,2.8327657964434354,0.949748743718593,0.4545454545454545,0.6714864083285136,-0.8375209380234468,2.7272727272727275,-14.12184306921149,-0.8375209380234468,-14.12184306921149,False,False,False
tune-b,all200_m0_r30_t500,500,0.8994974874371859,0.9772727272727272,10.06,0.4497921680157515,1.3488460083238745,0.949748743718593,0.4545454545454545,0.6714864083285136,-1.675041876046901,2.6136363636363633,-8.340261066141615,-1.675041876046901,-8.340261066141615,False,False,False
tune-b,all200_m0_s0_t2000,2000,0.8894472361809045,0.9772727272727272,11.1,0.2188017212843429,3.0090805902383657,0.949748743718593,0.4545454545454545,0.6714864083285136,-2.010050251256283,2.6136363636363633,-16.039942623855236,-2.010050251256283,-16.039942623855236,False,False,False
tune-b,all200_m0_s30_t2000,2000,0.8844221105527639,0.9772727272727272,10.6,0.2775367389783065,2.302307983352251,0.949748743718593,0.4545454545454545,0.6714864083285136,-2.17755443886097,2.6136363636363633,-14.082108700723117,-2.17755443886097,-14.082108700723117,False,False,False
tune-b,all200_m100_r0_t100,100,0.7738693467336684,1.0,9.71,0.4479062811565304,1.1505864547862277,0.949748743718593,0.4545454545454545,0.6714864083285136,-5.862646566164154,2.7272727272727275,-8.403123961448985,-5.862646566164154,-8.403123961448985,False,False,False
tune-b,all200_m100_r0_t2000,2000,0.8442211055276382,1.0,14.36,0.1554068484373887,4.771471812334468,0.949748743718593,0.4545454545454545,0.6714864083285136,-3.517587939698493,2.7272727272727275,-18.153105052087042,-3.517587939698493,-18.153105052087042,False,False,False
tune-b,all200_m100_r0_t500,500,0.7788944723618091,1.0,10.95,0.430722183015761,1.1940976163450625,0.949748743718593,0.4545454545454545,0.6714864083285136,-5.695142378559463,2.7272727272727275,-8.975927232807965,-5.695142378559463,-8.975927232807965,False,False,False
tune-b,all200_m100_r30_t100,100,0.7738693467336684,0.9772727272727272,9.69,0.4803528468323977,1.0488081725312146,0.949748743718593,0.4545454545454545,0.6714864083285136,-5.862646566164154,2.6136363636363633,-7.321571772253408,-5.862646566164154,-7.321571772253408,False,False,False
tune-b,all200_m100_r30_t2000,2000,0.8341708542713567,1.0,12.57,0.2691547207118141,2.586076428301173,0.949748743718593,0.4545454545454545,0.6714864083285136,-3.8525963149078746,2.7272727272727275,-14.361509309606195,-3.8525963149078746,-14.361509309606195,False,False,False
tune-b,all200_m100_r30_t500,500,0.7788944723618091,0.9772727272727272,10.93,0.4594730238393977,1.094211123723042,0.949748743718593,0.4545454545454545,0.6714864083285136,-5.695142378559463,2.6136363636363633,-8.017565872020075,-5.695142378559463,-8.017565872020075,False,False,False
tune-b,all200_m100_s0_t2000,2000,0.7487437185929648,0.9772727272727272,12.1,0.2044166273027869,2.7461218312523648,0.949748743718593,0.4545454545454545,0.6714864083285136,-6.700167504187604,2.6136363636363633,-16.51944575657377,-6.700167504187604,-16.51944575657377,False,False,False
tune-b,all200_m100_s30_t2000,2000,0.7437185929648241,0.9772727272727272,11.6,0.2640732265446224,2.0412410139992434,0.949748743718593,0.4545454545454545,0.6714864083285136,-6.867671691792295,2.6136363636363633,-14.530892448512585,-6.867671691792295,-14.530892448512585,False,False,False
tune-b,all200_m50_r0_t100,100,0.8040201005025126,1.0,9.28,0.4652590228332924,1.1899356791524782,0.949748743718593,0.4545454545454545,0.6714864083285136,-4.857621440536012,2.7272727272727275,-7.824699238890252,-4.857621440536012,-7.824699238890252,False,False,False
tune-b,all200_m50_r0_t500,500,0.8140703517587939,1.0,10.47,0.4499421965317919,1.2402572833900871,0.949748743718593,0.4545454545454545,0.6714864083285136,-4.5226130653266345,2.7272727272727275,-8.335260115606935,-4.5226130653266345,-8.335260115606935,False,False,False
tune-b,all200_m50_r30_t100,100,0.8040201005025126,0.9772727272727272,9.26,0.4984218832193582,1.088157396897465,0.949748743718593,0.4545454545454545,0.6714864083285136,-4.857621440536012,2.6136363636363633,-6.719270559354725,-4.857621440536012,-6.719270559354725,False,False,False
tune-b,all200_m50_r30_t500,500,0.8140703517587939,0.9772727272727272,10.45,0.4794284306479428,1.140370790768067,0.949748743718593,0.4545454545454545,0.6714864083285136,-4.5226130653266345,2.6136363636363633,-7.352385645068571,-4.5226130653266345,-7.352385645068571,False,False,False
tune-b,all50L_m0_r0_t100,100,0.9748743718592964,1.0,1.96,0.6853325753268903,1.2569050321604238,0.949748743718593,0.4545454545454545,0.6714864083285136,0.8375209380234468,2.7272727272727275,-0.48891415577032216,0.8375209380234468,-0.48891415577032216,True,False,False
tune-b,all50L_m0_r0_t2000,2000,0.9798994974874372,1.0,5.92,0.1957045803199649,4.9553537646613695,0.949748743718593,0.4545454545454545,0.6714864083285136,1.0050251256281415,2.7272727272727275,-16.80984732266784,1.0050251256281415,-16.80984732266784,False,False,False
tune-b,all50L_m0_r0_t500,500,0.9798994974874372,1.0,2.41,0.6218918226095873,1.384790011350738,0.949748743718593,0.4545454545454545,0.6714864083285136,1.0050251256281415,2.7272727272727275,-2.603605913013755,1.0050251256281415,-2.603605913013755,True,False,False
tune-b,all50L_m0_r30_t100,100,0.9748743718592964,0.9772727272727272,1.94,0.7432182490752158,1.1539916761256148,0.949748743718593,0.4545454545454545,0.6714864083285136,0.8375209380234468,2.6136363636363633,1.4406083025071958,0.8375209380234468,0.8375209380234468,True,True,True
tune-b,all50L_m0_r30_t2000,2000,0.9798994974874372,1.0,4.09,0.3478147762747138,2.7540673477109348,0.949748743718593,0.4545454545454545,0.6714864083285136,1.0050251256281415,2.7272727272727275,-11.73950745750954,1.0050251256281415,-11.73950745750954,True,False,False
tune-b,all50L_m0_r30_t500,500,0.9798994974874372,0.9772727272727272,2.39,0.6679515418502202,1.2837684449489215,0.949748743718593,0.4545454545454545,0.6714864083285136,1.0050251256281415,2.6136363636363633,-1.0682819383259916,1.0050251256281415,-1.0682819383259916,True,False,False
tune-b,all50L_m0_s0_t2000,2000,0.964824120603015,0.9772727272727272,3.62,0.2835455435847208,2.953461975028377,0.949748743718593,0.4545454545454545,0.6714864083285136,0.5025125628140689,2.6136363636363633,-13.88181521384264,0.5025125628140689,-13.88181521384264,True,False,False
tune-b,all50L_m0_s30_t2000,2000,0.964824120603015,0.9772727272727272,3.12,0.3709754925516578,2.244040862656073,0.949748743718593,0.4545454545454545,0.6714864083285136,0.5025125628140689,2.6136363636363633,-10.967483581611406,0.5025125628140689,-10.967483581611406,True,False,False
tune-b,all50L_m100_r0_t100,100,0.9597989949748744,1.0,2.04,0.7749434937035841,1.0945894816496406,0.949748743718593,0.4545454545454545,0.6714864083285136,0.3350083752093817,2.7272727272727275,2.498116456786137,0.3350083752093817,0.3350083752093817,True,True,True
tune-b,all50L_m100_r0_t2000,2000,0.9698492462311558,1.0,6.09,0.204536686984029,4.67347710934544,0.949748743718593,0.4545454545454545,0.6714864083285136,0.6700167504187597,2.7272727272727275,-16.515443767199034,0.6700167504187597,-16.515443767199034,False,False,False
tune-b,all50L_m100_r0_t500,500,0.9698492462311558,1.0,2.51,0.7651155428933206,1.100264850548619,0.949748743718593,0.4545454545454545,0.6714864083285136,0.6700167504187597,2.7272727272727275,2.1705180964440225,0.6700167504187597,0.6700167504187597,True,True,True
tune-b,all50L_m100_r30_t100,100,0.9597989949748744,0.9772727272727272,2.02,0.8501594048884166,0.9916761256148316,0.949748743718593,0.4545454545454545,0.6714864083285136,0.3350083752093817,2.6136363636363633,5.005313496280554,0.3350083752093817,0.3350083752093817,True,True,True
tune-b,all50L_m100_r30_t2000,2000,0.9698492462311558,1.0,4.27,0.3805004314063848,2.469542186908816,0.949748743718593,0.4545454545454545,0.6714864083285136,0.6700167504187597,2.7272727272727275,-10.649985619787172,0.6700167504187597,-10.649985619787172,True,False,False
tune-b,all50L_m100_r30_t500,500,0.9698492462311558,0.9772727272727272,2.49,0.8363321799307959,0.9992432841468027,0.949748743718593,0.4545454545454545,0.6714864083285136,0.6700167504187597,2.6136363636363633,4.5444059976931985,0.6700167504187597,0.6700167504187597,True,True,True
tune-b,all50L_m100_s0_t2000,2000,0.949748743718593,0.9772727272727272,3.8,0.3085706609349812,2.672720393492244,0.949748743718593,0.4545454545454545,0.6714864083285136,0.0,2.6136363636363633,-13.047644635500626,0.0,-13.047644635500626,True,False,False
tune-b,all50L_m100_s30_t2000,2000,0.949748743718593,0.9772727272727272,3.3,0.4162740123233055,1.9629209231933409,0.949748743718593,0.4545454545454545,0.6714864083285136,0.0,2.6136363636363633,-9.457532922556481,0.0,-9.457532922556481,True,False,False
tune-b,all50L_m50_r0_t100,100,0.9597989949748744,1.0,2.02,0.7635327635327636,1.1188043889519486,0.949748743718593,0.4545454545454545,0.6714864083285136,0.3350083752093817,2.7272727272727275,2.1177587844254537,0.3350083752093817,0.3350083752093817,True,True,True
tune-b,all50L_m50_r0_t500,500,0.9698492462311558,1.0,2.5,0.7510027769207035,1.1316685584562998,0.949748743718593,0.4545454545454545,0.6714864083285136,0.6700167504187597,2.7272727272727275,1.7000925640234514,0.6700167504187597,0.6700167504187597,True,True,True
tune-b,all50L_m50_r30_t100,100,0.9597989949748744,0.9772727272727272,2.0,0.836048526863085,1.0158910329171396,0.949748743718593,0.4545454545454545,0.6714864083285136,0.3350083752093817,2.6136363636363633,4.534950895436166,0.3350083752093817,0.3350083752093817,True,True,True
tune-b,all50L_m50_r30_t500,500,0.9698492462311558,0.9772727272727272,2.48,0.8189771197846568,1.0306469920544836,0.949748743718593,0.4545454545454545,0.6714864083285136,0.6700167504187597,2.6136363636363633,3.9659039928218953,0.6700167504187597,0.6700167504187597,True,True,True
tune-b,all50_m0_r0_t100,100,0.9396984924623116,1.0,3.37,0.637874659400545,1.261066969353008,0.949748743718593,0.4545454545454545,0.6714864083285136,-0.335008375209378,2.7272727272727275,-2.0708446866484986,-0.335008375209378,-2.0708446866484986,True,False,False
tune-b,all50_m0_r0_t2000,2000,0.9748743718592964,1.0,7.39,0.1912232504337767,4.953840332954975,0.949748743718593,0.4545454545454545,0.6714864083285136,0.8375209380234468,2.7272727272727275,-16.959224985540775,0.8375209380234468,-16.959224985540775,False,False,False
tune-b,all50_m0_r0_t500,500,0.964824120603015,1.0,3.83,0.586875466070097,1.3772228528187669,0.949748743718593,0.4545454545454545,0.6714864083285136,0.5025125628140689,2.7272727272727275,-3.7708177976634323,0.5025125628140689,-3.7708177976634323,True,False,False
tune-b,all50_m0_r30_t100,100,0.9396984924623116,0.9772727272727272,3.35,0.6893404004711425,1.158153613318199,0.949748743718593,0.4545454545454545,0.6714864083285136,-0.335008375209378,2.6136363636363633,-0.3553199842952474,-0.335008375209378,-0.3553199842952474,True,False,False
tune-b,all50_m0_r30_t2000,2000,0.9748743718592964,1.0,5.56,0.3369052175022324,2.7555807794173286,0.949748743718593,0.4545454545454545,0.6714864083285136,0.8375209380234468,2.7272727272727275,-12.103159416592252,0.8375209380234468,-12.103159416592252,True,False,False
tune-b,all50_m0_r30_t500,500,0.964824120603015,0.9772727272727272,3.81,0.6289291422482686,1.2762012864169503,0.949748743718593,0.4545454545454545,0.6714864083285136,0.5025125628140689,2.6136363636363633,-2.36902859172438,0.5025125628140689,-2.36902859172438,True,False,False
tune-b,all50_m0_s0_t2000,2000,0.9597989949748744,0.9772727272727272,5.09,0.273023143683703,2.946273174423004,0.949748743718593,0.4545454545454545,0.6714864083285136,0.3350083752093817,2.6136363636363633,-14.232561877209898,0.3350083752093817,-14.232561877209898,True,False,False
tune-b,all50_m0_s30_t2000,2000,0.9547738693467336,0.9772727272727272,4.59,0.3554056174486113,2.237608777903897,0.949748743718593,0.4545454545454545,0.6714864083285136,0.16750418760468716,2.6136363636363633,-11.486479418379622,0.16750418760468716,-11.486479418379622,True,False,False
tune-b,all50_m100_r0_t100,100,0.9045226130653268,1.0,3.78,0.6678809957498482,1.1032917139614076,0.949748743718593,0.4545454545454545,0.6714864083285136,-1.5075376884422065,2.7272727272727275,-1.07063347500506,-1.5075376884422065,-1.5075376884422065,True,False,False
tune-b,all50_m100_r0_t2000,2000,0.9346733668341708,1.0,8.01,0.1874857965305658,4.691638289822172,0.949748743718593,0.4545454545454545,0.6714864083285136,-0.5025125628140725,2.7272727272727275,-17.083806782314472,-0.5025125628140725,-17.083806782314472,False,False,False
tune-b,all50_m100_r0_t500,500,0.8994974874371859,1.0,4.35,0.6528146183318597,1.1191827468785471,0.949748743718593,0.4545454545454545,0.6714864083285136,-1.675041876046901,2.7272727272727275,-1.5728460556046746,-1.675041876046901,-1.675041876046901,True,False,False
tune-b,all50_m100_r30_t100,100,0.9045226130653268,0.9772727272727272,3.76,0.727994705493051,1.0011350737797955,0.949748743718593,0.4545454545454545,0.6714864083285136,-1.5075376884422065,2.6136363636363633,0.9331568497683684,-1.5075376884422065,-1.5075376884422065,True,True,True
tune-b,all50_m100_r30_t2000,2000,0.9346733668341708,1.0,6.19,0.3427223532676564,2.492622020431328,0.949748743718593,0.4545454545454545,0.6714864083285136,-0.5025125628140725,2.7272727272727275,-11.90925489107812,-0.5025125628140725,-11.90925489107812,False,False,False
tune-b,all50_m100_r30_t500,500,0.8994974874371859,0.9772727272727272,4.33,0.7088,1.0185395384033296,0.949748743718593,0.4545454545454545,0.6714864083285136,-1.675041876046901,2.6136363636363633,0.29333333333333433,-1.675041876046901,-1.675041876046901,True,True,True
tune-b,all50_m100_s0_t2000,2000,0.8844221105527639,0.9772727272727272,5.72,0.272097280334728,2.6772606886114265,0.949748743718593,0.4545454545454545,0.6714864083285136,-2.17755443886097,2.6136363636363633,-14.263423988842398,-2.17755443886097,-14.263423988842398,False,False,False
tune-b,all50_m100_s30_t2000,2000,0.8793969849246231,0.9772727272727272,5.22,0.3631762652705061,1.970488081725312,0.949748743718593,0.4545454545454545,0.6714864083285136,-2.345058626465661,2.6136363636363633,-11.227457824316462,-2.345058626465661,-11.227457824316462,True,False,False
tune-b,all50_m50_r0_t100,100,0.8994974874371859,1.0,3.76,0.6581709145427287,1.1195611048051457,0.949748743718593,0.4545454545454545,0.6714864083285136,-1.675041876046901,2.7272727272727275,-1.394302848575709,-1.675041876046901,-1.675041876046901,True,False,False
tune-b,all50_m50_r0_t500,500,0.8944723618090452,1.0,4.32,0.6435413642960813,1.139992432841468,0.949748743718593,0.4545454545454545,0.6714864083285136,-1.842546063651592,2.7272727272727275,-1.8819545234639543,-1.842546063651592,-1.8819545234639543,True,False,False
tune-b,all50_m50_r30_t100,100,0.8994974874371859,0.9772727272727272,3.74,0.7166176950701926,1.0174044646235338,0.949748743718593,0.4545454545454545,0.6714864083285136,-1.675041876046901,2.6136363636363633,0.5539231690064206,-1.675041876046901,-1.675041876046901,True,True,True
tune-b,all50_m50_r30_t500,500,0.8944723618090452,0.9772727272727272,4.3,0.6978281397544853,1.0393492243662503,0.949748743718593,0.4545454545454545,0.6714864083285136,-1.842546063651592,2.6136363636363633,-0.07239534151715447,-1.842546063651592,-1.842546063651592,True,False,False
tune-b,dep100L_m0_r0_t100,100,0.9597989949748744,1.0,1.26,0.6868861929520509,1.2622020431328036,0.949748743718593,0.4545454545454545,0.6714864083285136,0.3350083752093817,2.7272727272727275,-0.43712690159830225,0.3350083752093817,-0.43712690159830225,True,False,False
tune-b,dep100L_m0_r0_t2000,2000,0.9798994974874372,1.0,4.94,0.1951798294401186,4.915247824441922,0.949748743718593,0.4545454545454545,0.6714864083285136,1.0050251256281415,2.7272727272727275,-16.827339018662713,1.0050251256281415,-16.827339018662713,True,False,False
tune-b,dep100L_m0_r0_t500,500,0.9798994974874372,1.0,1.51,0.6411214953271028,1.3598183881952326,0.949748743718593,0.4545454545454545,0.6714864083285136,1.0050251256281415,2.7272727272727275,-1.9626168224299043,1.0050251256281415,-1.9626168224299043,True,False,False
tune-b,dep100L_m0_r30_t100,100,0.9597989949748744,0.9772727272727272,1.24,0.7459222082810539,1.1592886870979946,0.949748743718593,0.4545454545454545,0.6714864083285136,0.3350083752093817,2.6136363636363633,1.5307402760351327,0.3350083752093817,0.3350083752093817,True,True,True
tune-b,dep100L_m0_r30_t2000,2000,0.9798994974874372,1.0,3.11,0.3511562625317471,2.712826333711692,0.949748743718593,0.4545454545454545,0.6714864083285136,1.0050251256281415,2.7272727272727275,-11.628124582275095,1.0050251256281415,-11.628124582275095,True,False,False
tune-b,dep100L_m0_r30_t500,500,0.9798994974874372,0.9772727272727272,1.49,0.6907364787111623,1.258796821793417,0.949748743718593,0.4545454545454545,0.6714864083285136,1.0050251256281415,2.6136363636363633,-0.3087840429612558,1.0050251256281415,-0.3087840429612558,True,False,False
tune-b,dep100L_m0_s0_t2000,2000,0.964824120603015,0.9772727272727272,2.63,0.286215978928885,2.917139614074915,0.949748743718593,0.4545454545454545,0.6714864083285136,0.5025125628140689,2.6136363636363633,-13.7928007023705,0.5025125628140689,-13.7928007023705,True,False,False
tune-b,dep100L_m0_s30_t2000,2000,0.964824120603015,0.9772727272727272,2.13,0.3773772118405821,2.2073401437760123,0.949748743718593,0.4545454545454545,0.6714864083285136,0.5025125628140689,2.6136363636363633,-10.754092938647263,0.5025125628140689,-10.754092938647263,True,False,False
tune-b,dep100L_m100_r0_t100,100,0.9547738693467336,1.0,1.33,0.7997984548202889,1.076049943246311,0.949748743718593,0.4545454545454545,0.6714864083285136,0.16750418760468716,2.7272727272727275,3.326615160676298,0.16750418760468716,0.16750418760468716,True,True,True
tune-b,dep100L_m100_r0_t2000,2000,0.9748743718592964,1.0,4.99,0.205744247926123,4.645856980703746,0.949748743718593,0.4545454545454545,0.6714864083285136,0.8375209380234468,2.7272727272727275,-16.4751917357959,0.8375209380234468,-16.4751917357959,True,False,False
tune-b,dep100L_m100_r0_t500,500,0.964824120603015,1.0,1.58,0.792989417989418,1.0843738176314794,0.949748743718593,0.4545454545454545,0.6714864083285136,0.5025125628140689,2.7272727272727275,3.099647266313936,0.5025125628140689,0.5025125628140689,True,True,True
tune-b,dep100L_m100_r30_t100,100,0.9547738693467336,0.9772727272727272,1.31,0.8808731039585646,0.973136587211502,0.949748743718593,0.4545454545454545,0.6714864083285136,0.16750418760468716,2.6136363636363633,6.029103465285487,0.16750418760468716,0.16750418760468716,True,True,True
tune-b,dep100L_m100_r30_t2000,2000,0.9748743718592964,1.0,3.16,0.3875923190546528,2.441922058267121,0.949748743718593,0.4545454545454545,0.6714864083285136,0.8375209380234468,2.7272727272727275,-10.413589364844906,0.8375209380234468,-10.413589364844906,True,False,False
tune-b,dep100L_m100_r30_t500,500,0.964824120603015,0.9772727272727272,1.56,0.8704174228675136,0.9833522512296632,0.949748743718593,0.4545454545454545,0.6714864083285136,0.5025125628140689,2.6136363636363633,5.680580762250454,0.5025125628140689,0.5025125628140689,True,True,True
tune-b,dep100L_m100_s0_t2000,2000,0.9547738693467336,0.9772727272727272,2.68,0.3134986225895317,2.645478622777147,0.949748743718593,0.4545454545454545,0.6714864083285136,0.16750418760468716,2.6136363636363633,-12.88337924701561,0.16750418760468716,-12.88337924701561,True,False,False
tune-b,dep100L_m100_s30_t2000,2000,0.949748743718593,0.9772727272727272,2.18,0.4266966629171353,1.9356791524782444,0.949748743718593,0.4545454545454545,0.6714864083285136,0.0,2.6136363636363633,-9.110111236095488,0.0,-9.110111236095488,True,False,False
tune-b,dep100L_m50_r0_t100,100,0.9547738693467336,1.0,1.27,0.7905897945659377,1.0938327657964435,0.949748743718593,0.4545454545454545,0.6714864083285136,0.16750418760468716,2.7272727272727275,3.0196598188645916,0.16750418760468716,0.16750418760468716,True,True,True
tune-b,dep100L_m50_r0_t500,500,0.964824120603015,1.0,1.56,0.781747320558623,1.1059402194475974,0.949748743718593,0.4545454545454545,0.6714864083285136,0.5025125628140689,2.7272727272727275,2.7249106852874334,0.5025125628140689,0.5025125628140689,True,True,True
tune-b,dep100L_m50_r30_t100,100,0.9547738693467336,0.9772727272727272,1.25,0.869533527696793,0.9909194097616344,0.949748743718593,0.4545454545454545,0.6714864083285136,0.16750418760468716,2.6136363636363633,5.651117589893103,0.16750418760468716,0.16750418760468716,True,True,True
tune-b,dep100L_m50_r30_t500,500,0.964824120603015,0.9772727272727272,1.54,0.8565836298932384,1.0049186530457812,0.949748743718593,0.4545454545454545,0.6714864083285136,0.5025125628140689,2.6136363636363633,5.219454329774616,0.5025125628140689,0.5025125628140689,True,True,True
tune-b,dep100_m0_r0_t100,100,0.9346733668341708,1.0,1.97,0.6153031506486629,1.3545213772228528,0.949748743718593,0.4545454545454545,0.6714864083285136,-0.5025125628140725,2.7272727272727275,-2.8232283117112345,-0.5025125628140725,-2.8232283117112345,True,False,False
tune-b,dep100_m0_r0_t2000,2000,0.9698492462311558,1.0,5.76,0.1877981784010409,5.016269390843738,0.949748743718593,0.4545454545454545,0.6714864083285136,0.6700167504187597,2.7272727272727275,-17.073394053298635,0.6700167504187597,-17.073394053298635,False,False,False
tune-b,dep100_m0_r0_t500,500,0.9597989949748744,1.0,2.29,0.5752385612919011,1.459704880817253,0.949748743718593,0.4545454545454545,0.6714864083285136,0.3350083752093817,2.7272727272727275,-4.158714623603296,0.3350083752093817,-4.158714623603296,True,False,False
tune-b,dep100_m0_r30_t100,100,0.9346733668341708,0.9772727272727272,1.95,0.6634313445618042,1.2516080211880438,0.949748743718593,0.4545454545454545,0.6714864083285136,-0.5025125628140725,2.6136363636363633,-1.2189551812731922,-0.5025125628140725,-1.2189551812731922,True,False,False
tune-b,dep100_m0_r30_t2000,2000,0.964824120603015,1.0,3.93,0.3308664029603164,2.8164964055996973,0.949748743718593,0.4545454545454545,0.6714864083285136,0.5025125628140689,2.7272727272727275,-12.304453234656119,0.5025125628140689,-12.304453234656119,True,False,False
tune-b,dep100_m0_r30_t500,500,0.9597989949748744,0.9772727272727272,2.27,0.6157674174960712,1.358683314415437,0.949748743718593,0.4545454545454545,0.6714864083285136,0.3350083752093817,2.6136363636363633,-2.807752750130958,0.3350083752093817,-2.807752750130958,True,False,False
tune-b,dep100_m0_s0_t2000,2000,0.949748743718593,0.9772727272727272,3.45,0.2688146188987737,3.0166477487703367,0.949748743718593,0.4545454545454545,0.6714864083285136,0.0,2.6136363636363633,-14.372846036707541,0.0,-14.372846036707541,True,False,False
tune-b,dep100_m0_s30_t2000,2000,0.9447236180904522,0.9772727272727272,2.95,0.3497028464185173,2.307604994324631,0.949748743718593,0.4545454545454545,0.6714864083285136,-0.16750418760469085,2.6136363636363633,-11.676571786049422,-0.16750418760469085,-11.676571786049422,True,False,False
tune-b,dep100_m100_r0_t100,100,0.9095477386934674,1.0,2.17,0.7339508144362823,1.1025349981082104,0.949748743718593,0.4545454545454545,0.6714864083285136,-1.3400335008375195,2.7272727272727275,1.1316938145427446,-1.3400335008375195,-1.3400335008375195,True,True,True
tune-b,dep100_m100_r0_t2000,2000,0.9396984924623116,1.0,5.98,0.1978675732055937,4.670828603859251,0.949748743718593,0.4545454545454545,0.6714864083285136,-0.335008375209378,2.7272727272727275,-16.737747559813542,-0.335008375209378,-16.737747559813542,False,False,False
tune-b,dep100_m100_r0_t500,500,0.9195979899497488,1.0,2.54,0.7267022278004392,1.109723798713583,0.949748743718593,0.4545454545454545,0.6714864083285136,-1.0050251256281377,2.7272727272727275,0.8900742600146432,-1.0050251256281377,-1.0050251256281377,True,True,True
tune-b,dep100_m100_r30_t100,100,0.9095477386934674,0.9772727272727272,2.15,0.8043402170108506,0.9996216420734014,0.949748743718593,0.4545454545454545,0.6714864083285136,-1.3400335008375195,2.6136363636363633,3.4780072336950205,-1.3400335008375195,-1.3400335008375195,True,True,True
tune-b,dep100_m100_r30_t2000,2000,0.9346733668341708,1.0,4.15,0.3682315668202765,2.470298902762013,0.949748743718593,0.4545454545454545,0.6714864083285136,-0.5025125628140725,2.7272727272727275,-11.058947772657449,-0.5025125628140725,-11.058947772657449,True,False,False
tune-b,dep100_m100_r30_t500,500,0.9195979899497488,0.9772727272727272,2.52,0.7936943111720356,1.008702232311767,0.949748743718593,0.4545454545454545,0.6714864083285136,-1.0050251256281377,2.6136363636363633,3.1231437057345213,-1.0050251256281377,-1.0050251256281377,True,True,True
tune-b,dep100_m100_s0_t2000,2000,0.9095477386934674,0.9772727272727272,3.67,0.2960366675653815,2.6678017404464622,0.949748743718593,0.4545454545454545,0.6714864083285136,-1.3400335008375195,2.6136363636363633,-13.465444414487283,-1.3400335008375195,-13.465444414487283,True,False,False
tune-b,dep100_m100_s30_t2000,2000,0.9045226130653268,0.9772727272727272,3.17,0.3994906312534109,1.9598940597805523,0.949748743718593,0.4545454545454545,0.6714864083285136,-1.5075376884422065,2.6136363636363633,-10.016978958219635,-1.5075376884422065,-10.016978958219635,True,False,False
tune-b,dep100_m50_r0_t100,100,0.9296482412060302,1.0,2.03,0.7359088030398987,1.1180476730987514,0.949748743718593,0.4545454545454545,0.6714864083285136,-0.6700167504187597,2.7272727272727275,1.196960101329958,-0.6700167504187597,-0.6700167504187597,True,True,True
tune-b,dep100_m50_r0_t500,500,0.9396984924623116,1.0,2.38,0.7286556969885128,1.1286416950435112,0.949748743718593,0.4545454545454545,0.6714864083285136,-0.335008375209378,2.7272727272727275,0.9551898996170964,-0.335008375209378,-0.335008375209378,True,True,True
tune-b,dep100_m50_r30_t100,100,0.9296482412060302,0.9772727272727272,2.01,0.8058252427184466,1.0151343170639424,0.949748743718593,0.4545454545454545,0.6714864083285136,-0.6700167504187597,2.6136363636363633,3.5275080906148877,-0.6700167504187597,-0.6700167504187597,True,True,True
tune-b,dep100_m50_r30_t500,500,0.9396984924623116,0.9772727272727272,2.36,0.7950542005420054,1.027620128641695,0.949748743718593,0.4545454545454545,0.6714864083285136,-0.335008375209378,2.6136363636363633,3.1684733514001806,-0.335008375209378,-0.335008375209378,True,True,True
tune-b,dep200L_m0_r0_t100,100,0.9547738693467336,1.0,2.07,0.6635407786302927,1.253121452894438,0.949748743718593,0.4545454545454545,0.6714864083285136,0.16750418760468716,2.7272727272727275,-1.2153073789902418,0.16750418760468716,-1.2153073789902418,True,False,False
tune-b,dep200L_m0_r0_t2000,2000,0.9748743718592964,1.0,5.87,0.1912036012102428,4.905032160423761,0.949748743718593,0.4545454545454545,0.6714864083285136,0.8375209380234468,2.7272727272727275,-16.959879959658572,0.8375209380234468,-16.959879959658572,False,False,False
tune-b,dep200L_m0_r0_t500,500,0.9748743718592964,1.0,2.5,0.6184486373165619,1.349224366250473,0.949748743718593,0.4545454545454545,0.6714864083285136,0.8375209380234468,2.7272727272727275,-2.7183787561146033,0.8375209380234468,-2.7183787561146033,True,False,False
tune-b,dep200L_m0_r30_t100,100,0.9547738693467336,0.9772727272727272,2.05,0.7195685670261941,1.150208096859629,0.949748743718593,0.4545454545454545,0.6714864083285136,0.16750418760468716,2.6136363636363633,0.6522855675398047,0.16750418760468716,0.16750418760468716,True,True,True
tune-b,dep200L_m0_r30_t2000,2000,0.9698492462311558,1.0,4.06,0.3425619287322824,2.70261066969353,0.949748743718593,0.4545454545454545,0.6714864083285136,0.6700167504187597,2.7272727272727275,-11.914602375590585,0.6700167504187597,-11.914602375590585,True,False,False
tune-b,dep200L_m0_r30_t500,500,0.9748743718592964,0.9772727272727272,2.48,0.6653510008457851,1.248202799848657,0.949748743718593,0.4545454545454545,0.6714864083285136,0.8375209380234468,2.6136363636363633,-1.1549666384738275,0.8375209380234468,-1.1549666384738275,True,False,False
tune-b,dep200L_m0_s0_t2000,2000,0.949748743718593,0.9772727272727272,3.59,0.2780129482071713,2.903140370790768,0.949748743718593,0.4545454545454545,0.6714864083285136,0.0,2.6136363636363633,-14.066235059760956,0.0,-14.066235059760956,True,False,False
tune-b,dep200L_m0_s30_t2000,2000,0.949748743718593,0.9772727272727272,3.09,0.3657058630854897,2.193340900491865,0.949748743718593,0.4545454545454545,0.6714864083285136,0.0,2.6136363636363633,-11.143137897150343,0.0,-11.143137897150343,True,False,False
tune-b,dep200L_m100_r0_t100,100,0.949748743718593,1.0,2.13,0.768521567336187,1.0684827847143397,0.949748743718593,0.4545454545454545,0.6714864083285136,0.0,2.7272727272727275,2.2840522445395695,0.0,0.0,True,True,True
tune-b,dep200L_m100_r0_t2000,2000,0.9698492462311558,1.0,5.95,0.2011673151750972,4.63677639046538,0.949748743718593,0.4545454545454545,0.6714864083285136,0.6700167504187597,2.7272727272727275,-16.627756160830092,0.6700167504187597,-16.627756160830092,False,False,False
tune-b,dep200L_m100_r0_t500,500,0.9597989949748744,1.0,2.53,0.762799740764744,1.0718880060537268,0.949748743718593,0.4545454545454545,0.6714864083285136,0.3350083752093817,2.7272727272727275,2.0933246921581348,0.3350083752093817,0.3350083752093817,True,True,True
tune-b,dep200L_m100_r30_t100,100,0.949748743718593,0.9772727272727272,2.11,0.8447339847991314,0.9655694286795308,0.949748743718593,0.4545454545454545,0.6714864083285136,0.0,2.6136363636363633,4.824466159971049,0.0,0.0,True,True,True
tune-b,dep200L_m100_r30_t2000,2000,0.964824120603015,1.0,4.14,0.3769725306838106,2.432841468028755,0.949748743718593,0.4545454545454545,0.6714864083285136,0.5025125628140689,2.7272727272727275,-10.767582310539646,0.5025125628140689,-10.767582310539646,True,False,False
tune-b,dep200L_m100_r30_t500,500,0.9597989949748744,0.9772727272727272,2.51,0.8356407525736599,0.9708664396519108,0.949748743718593,0.4545454545454545,0.6714864083285136,0.3350083752093817,2.6136363636363633,4.521358419121998,0.3350083752093817,0.3350083752093817,True,True,True
tune-b,dep200L_m100_s0_t2000,2000,0.9396984924623116,0.9772727272727272,3.67,0.3034275570121535,2.631857737419599,0.949748743718593,0.4545454545454545,0.6714864083285136,-0.335008375209378,2.6136363636363633,-13.219081432928215,-0.335008375209378,-13.219081432928215,True,False,False
tune-b,dep200L_m100_s30_t2000,2000,0.9346733668341708,0.9772727272727272,3.17,0.411710209375579,1.9220582671206965,0.949748743718593,0.4545454545454545,0.6714864083285136,-0.5025125628140725,2.6136363636363633,-9.609659687480699,-0.5025125628140725,-9.609659687480699,True,False,False
tune-b,dep200L_m50_r0_t100,100,0.949748743718593,1.0,2.07,0.7613008130081301,1.0851305334846766,0.949748743718593,0.4545454545454545,0.6714864083285136,0.0,2.7272727272727275,2.0433604336043394,0.0,0.0,True,True,True
tune-b,dep200L_m50_r0_t500,500,0.9597989949748744,1.0,2.52,0.7532632919452403,1.0930760499432464,0.949748743718593,0.4545454545454545,0.6714864083285136,0.3350083752093817,2.7272727272727275,1.775443064841346,0.3350083752093817,0.3350083752093817,True,True,True
tune-b,dep200L_m50_r30_t100,100,0.949748743718593,0.9772727272727272,2.05,0.8357729382363441,0.9822171774498676,0.949748743718593,0.4545454545454545,0.6714864083285136,0.0,2.6136363636363633,4.5257646078781395,0.0,0.0,True,True,True
tune-b,dep200L_m50_r30_t500,500,0.9597989949748744,0.9772727272727272,2.5,0.8238161559888579,0.9920544835414302,0.949748743718593,0.4545454545454545,0.6714864083285136,0.3350083752093817,2.6136363636363633,4.1272051996286,0.3350083752093817,0.3350083752093817,True,True,True
tune-b,dep200_m0_r0_t100,100,0.9246231155778896,1.0,3.16,0.5692347069362682,1.358683314415437,0.949748743718593,0.4545454545454545,0.6714864083285136,-0.8375209380234468,2.7272727272727275,-4.358843102124392,-0.8375209380234468,-4.358843102124392,True,False,False
tune-b,dep200_m0_r0_t2000,2000,0.9597989949748744,1.0,7.09,0.1800829282241921,5.024214907302308,0.949748743718593,0.4545454545454545,0.6714864083285136,0.3350083752093817,2.7272727272727275,-17.330569059193593,0.3350083752093817,-17.330569059193593,False,False,False
tune-b,dep200_m0_r0_t500,500,0.949748743718593,1.0,3.64,0.5315294117647059,1.4702989027620128,0.949748743718593,0.4545454545454545,0.6714864083285136,0.0,2.7272727272727275,-5.615686274509802,0.0,-5.615686274509802,True,False,False
tune-b,dep200_m0_r30_t100,100,0.9246231155778896,0.9772727272727272,3.14,0.6121662537847509,1.255769958380628,0.949748743718593,0.4545454545454545,0.6714864083285136,-0.8375209380234468,2.6136363636363633,-2.927791540508303,-0.8375209380234468,-2.927791540508303,True,False,False
tune-b,dep200_m0_r30_t2000,2000,0.9547738693467336,1.0,5.27,0.3139752716373173,2.8301172909572454,0.949748743718593,0.4545454545454545,0.6714864083285136,0.16750418760468716,2.7272727272727275,-12.867490945422755,0.16750418760468716,-12.867490945422755,True,False,False
tune-b,dep200_m0_r30_t500,500,0.949748743718593,0.9772727272727272,3.62,0.5674453654860587,1.3692773363601969,0.949748743718593,0.4545454545454545,0.6714864083285136,0.0,2.6136363636363633,-4.418487817131375,0.0,-4.418487817131375,True,False,False
tune-b,dep200_m0_s0_t2000,2000,0.9346733668341708,0.9772727272727272,4.8,0.2530390652661395,3.024214907302308,0.949748743718593,0.4545454545454545,0.6714864083285136,-0.5025125628140725,2.6136363636363633,-14.898697824462015,-0.5025125628140725,-14.898697824462015,True,False,False
tune-b,dep200_m0_s30_t2000,2000,0.9296482412060302,0.9772727272727272,4.3,0.327278278125477,2.3159288687098,0.949748743718593,0.4545454545454545,0.6714864083285136,-0.6700167504187597,2.6136363636363633,-12.424057395817432,-0.6700167504187597,-12.424057395817432,True,False,False
tune-b,dep200_m100_r0_t100,100,0.8994974874371859,1.0,3.36,0.6709362610551998,1.1135073779795688,0.949748743718593,0.4545454545454545,0.6714864083285136,-1.675041876046901,2.7272727272727275,-0.9687912981600063,-1.675041876046901,-1.675041876046901,True,False,False
tune-b,dep200_m100_r0_t2000,2000,0.9296482412060302,1.0,7.33,0.1893252001524971,4.6848278471433975,0.949748743718593,0.4545454545454545,0.6714864083285136,-0.6700167504187597,2.7272727272727275,-17.022493328250096,-0.6700167504187597,-17.022493328250096,False,False,False
tune-b,dep200_m100_r0_t500,500,0.9095477386934674,1.0,3.89,0.6605286605286605,1.1267499054105183,0.949748743718593,0.4545454545454545,0.6714864083285136,-1.3400335008375195,2.7272727272727275,-1.3157113157113136,-1.3400335008375195,-1.3400335008375195,True,False,False
tune-b,dep200_m100_r30_t100,100,0.8994974874371859,0.9772727272727272,3.34,0.7321131447587355,1.0105940219447598,0.949748743718593,0.4545454545454545,0.6714864083285136,-1.675041876046901,2.6136363636363633,1.0704381586245169,-1.675041876046901,-1.675041876046901,True,True,True
tune-b,dep200_m100_r30_t2000,2000,0.9246231155778896,1.0,5.51,0.3476370775487309,2.4895951570185395,0.949748743718593,0.4545454545454545,0.6714864083285136,-0.8375209380234468,2.7272727272727275,-11.745430748375636,-0.8375209380234468,-11.745430748375636,True,False,False
tune-b,dep200_m100_r30_t500,500,0.9095477386934674,0.9772727272727272,3.87,0.7178825048418335,1.0257283390087022,0.949748743718593,0.4545454545454545,0.6714864083285136,-1.3400335008375195,2.6136363636363633,0.5960834947277838,-1.3400335008375195,-1.3400335008375195,True,True,True
tune-b,dep200_m100_s0_t2000,2000,0.8944723618090452,0.9772727272727272,5.04,0.2772433785742522,2.6806659099508137,0.949748743718593,0.4545454545454545,0.6714864083285136,-1.842546063651592,2.6136363636363633,-14.09188738085826,-1.842546063651592,-14.09188738085826,True,False,False
tune-b,dep200_m100_s30_t2000,2000,0.8894472361809045,0.9772727272727272,4.54,0.3710758377425044,1.9735149451381009,0.949748743718593,0.4545454545454545,0.6714864083285136,-2.010050251256283,2.6136363636363633,-10.964138741916518,-2.010050251256283,-10.964138741916518,True,False,False
tune-b,dep200_m50_r0_t100,100,0.9195979899497488,1.0,3.22,0.6733152009670595,1.1301551267499057,0.949748743718593,0.4545454545454545,0.6714864083285136,-1.0050251256281377,2.7272727272727275,-0.8894933010980137,-1.0050251256281377,-1.0050251256281377,True,False,False
tune-b,dep200_m50_r0_t500,500,0.9296482412060302,1.0,3.72,0.6630466686234223,1.1483163072266365,0.949748743718593,0.4545454545454545,0.6714864083285136,-0.6700167504187597,2.7272727272727275,-1.231777712552588,-0.6700167504187597,-1.231777712552588,True,False,False
tune-b,dep200_m50_r30_t100,100,0.9195979899497488,0.9772727272727272,3.2,0.7341021416803953,1.0272417707150965,0.949748743718593,0.4545454545454545,0.6714864083285136,-1.0050251256281377,2.6136363636363633,1.1367380560131795,-1.0050251256281377,-1.0050251256281377,True,True,True
tune-b,dep200_m50_r30_t500,500,0.9296482412060302,0.9772727272727272,3.7,0.719885277246654,1.0472947408248203,0.949748743718593,0.4545454545454545,0.6714864083285136,-0.6700167504187597,2.6136363636363633,0.662842574888467,-0.6700167504187597,-0.6700167504187597,True,True,True
tune-b,dep50L_m0_r0_t100,100,0.964824120603015,1.0,0.67,0.6924643584521385,1.2750662126371548,0.949748743718593,0.4545454545454545,0.6714864083285136,0.5025125628140689,2.7272727272727275,-0.25118805159538204,0.5025125628140689,-0.25118805159538204,True,False,False
tune-b,dep50L_m0_r0_t2000,2000,0.9798994974874372,1.0,4.27,0.1965094689936873,4.933030646992054,0.949748743718593,0.4545454545454545,0.6714864083285136,1.0050251256281415,2.7272727272727275,-16.783017700210422,1.0050251256281415,-16.783017700210422,True,False,False
tune-b,dep50L_m0_r0_t500,500,0.9798994974874372,1.0,0.85,0.644927536231884,1.377601210745365,0.949748743718593,0.4545454545454545,0.6714864083285136,1.0050251256281415,2.7272727272727275,-1.8357487922705307,1.0050251256281415,-1.8357487922705307,True,False,False
tune-b,dep50L_m0_r30_t100,100,0.964824120603015,0.9772727272727272,0.65,0.7524502055011065,1.1721528566023458,0.949748743718593,0.4545454545454545,0.6714864083285136,0.5025125628140689,2.6136363636363633,1.7483401833702192,0.5025125628140689,0.5025125628140689,True,True,True
tune-b,dep50L_m0_r30_t2000,2000,0.9798994974874372,1.0,2.44,0.3539739981235759,2.730609156261824,0.949748743718593,0.4545454545454545,0.6714864083285136,1.0050251256281415,2.7272727272727275,-11.53420006254747,1.0050251256281415,-11.53420006254747,True,False,False
tune-b,dep50L_m0_r30_t500,500,0.9798994974874372,0.9772727272727272,0.83,0.695111368238357,1.276579644343549,0.949748743718593,0.4545454545454545,0.6714864083285136,1.0050251256281415,2.6136363636363633,-0.16295439205476678,1.0050251256281415,-0.16295439205476678,True,False,False
tune-b,dep50L_m0_s0_t2000,2000,0.964824120603015,0.9772727272727272,1.96,0.2877109040543943,2.930760499432463,0.949748743718593,0.4545454545454545,0.6714864083285136,0.5025125628140689,2.6136363636363633,-13.742969864853523,0.5025125628140689,-13.742969864853523,True,False,False
tune-b,dep50L_m0_s30_t2000,2000,0.964824120603015,0.9772727272727272,1.46,0.3797573541632043,2.221339387060159,0.949748743718593,0.4545454545454545,0.6714864083285136,0.5025125628140689,2.6136363636363633,-10.674754861226523,0.5025125628140689,-10.674754861226523,True,False,False
tune-b,dep50L_m100_r0_t100,100,0.9547738693467336,1.0,0.71,0.8184625943719973,1.0756715853197123,0.949748743718593,0.4545454545454545,0.6714864083285136,0.16750418760468716,2.7272727272727275,3.9487531457332454,0.16750418760468716,0.16750418760468716,True,True,True
tune-b,dep50L_m100_r0_t2000,2000,0.9748743718592964,1.0,4.37,0.207276736493936,4.639046538024972,0.949748743718593,0.4545454545454545,0.6714864083285136,0.8375209380234468,2.7272727272727275,-16.424108783535466,0.8375209380234468,-16.424108783535466,True,False,False
tune-b,dep50L_m100_r0_t500,500,0.9698492462311558,1.0,0.92,0.8134732566012187,1.0828603859250852,0.949748743718593,0.4545454545454545,0.6714864083285136,0.6700167504187597,2.7272727272727275,3.7824418867072924,0.6700167504187597,0.6700167504187597,True,True,True
tune-b,dep50L_m100_r30_t100,100,0.9547738693467336,0.9772727272727272,0.69,0.9034090909090908,0.9727582292849036,0.949748743718593,0.4545454545454545,0.6714864083285136,0.16750418760468716,2.6136363636363633,6.780303030303029,0.16750418760468716,0.16750418760468716,True,True,True
tune-b,dep50L_m100_r30_t2000,2000,0.9748743718592964,1.0,2.54,0.3926756352765321,2.4351116155883465,0.949748743718593,0.4545454545454545,0.6714864083285136,0.8375209380234468,2.7272727272727275,-10.244145490782262,0.8375209380234468,-10.244145490782262,True,False,False
tune-b,dep50L_m100_r30_t500,500,0.9698492462311558,0.9772727272727272,0.9,0.8949720670391061,0.981838819523269,0.949748743718593,0.4545454545454545,0.6714864083285136,0.6700167504187597,2.6136363636363633,6.49906890130354,0.6700167504187597,0.6700167504187597,True,True,True
tune-b,dep50L_m100_s0_t2000,2000,0.9547738693467336,0.9772727272727272,2.06,0.3175995544416597,2.6394248959515703,0.949748743718593,0.4545454545454545,0.6714864083285136,0.16750418760468716,2.6136363636363633,-12.746681518611341,0.16750418760468716,-12.746681518611341,True,False,False
tune-b,dep50L_m100_s30_t2000,2000,0.9547738693467336,0.9772727272727272,1.56,0.4339802130898021,1.9296254256526677,0.949748743718593,0.4545454545454545,0.6714864083285136,0.16750418760468716,2.6136363636363633,-8.867326230339929,0.16750418760468716,-8.867326230339929,True,False,False
tune-b,dep50L_m50_r0_t100,100,0.9547738693467336,1.0,0.69,0.8055274688237277,1.0964812712826333,0.949748743718593,0.4545454545454545,0.6714864083285136,0.16750418760468716,2.7272727272727275,3.517582294124259,0.16750418760468716,0.16750418760468716,True,True,True
tune-b,dep50L_m50_r0_t500,500,0.9698492462311558,1.0,0.9,0.7989400463729712,1.1082103670071888,0.949748743718593,0.4545454545454545,0.6714864083285136,0.6700167504187597,2.7272727272727275,3.2980015457657093,0.6700167504187597,0.6700167504187597,True,True,True
tune-b,dep50L_m50_r30_t100,100,0.9547738693467336,0.9772727272727272,0.67,0.8874860750092833,0.9935679152478244,0.949748743718593,0.4545454545454545,0.6714864083285136,0.16750418760468716,2.6136363636363633,6.2495358336427795,0.16750418760468716,0.16750418760468716,True,True,True
tune-b,dep50L_m50_r30_t500,500,0.9698492462311558,0.9772727272727272,0.88,0.8770909090909091,1.0071888006053726,0.949748743718593,0.4545454545454545,0.6714864083285136,0.6700167504187597,2.6136363636363633,5.903030303030307,0.6700167504187597,0.6700167504187597,True,True,True
tune-b,dep50_m0_r0_t100,100,0.949748743718593,1.0,1.1,0.6386165577342048,1.3477109345440788,0.949748743718593,0.4545454545454545,0.6714864083285136,0.0,2.7272727272727275,-2.0461147421931725,0.0,-2.0461147421931725,True,False,False
tune-b,dep50_m0_r0_t2000,2000,0.9748743718592964,1.0,4.75,0.1912580268534734,5.00529701097238,0.949748743718593,0.4545454545454545,0.6714864083285136,0.8375209380234468,2.7272727272727275,-16.95806577155089,0.8375209380234468,-16.95806577155089,True,False,False
tune-b,dep50_m0_r0_t500,500,0.9748743718592964,1.0,1.29,0.5988372093023255,1.4479757850926978,0.949748743718593,0.4545454545454545,0.6714864083285136,0.8375209380234468,2.7272727272727275,-3.372093023255814,0.8375209380234468,-3.372093023255814,True,False,False
tune-b,dep50_m0_r30_t100,100,0.949748743718593,0.9772727272727272,1.08,0.6901118304885226,1.2447975785092698,0.949748743718593,0.4545454545454545,0.6714864083285136,0.0,2.6136363636363633,-0.32960565038257694,0.0,-0.32960565038257694,True,False,False
tune-b,dep50_m0_r30_t2000,2000,0.9748743718592964,1.0,2.92,0.3395638629283489,2.8043889519485434,0.949748743718593,0.4545454545454545,0.6714864083285136,0.8375209380234468,2.7272727272727275,-12.01453790238837,0.8375209380234468,-12.01453790238837,True,False,False
tune-b,dep50_m0_r30_t500,500,0.9748743718592964,0.9772727272727272,1.27,0.6425278003797125,1.3469542186908816,0.949748743718593,0.4545454545454545,0.6714864083285136,0.8375209380234468,2.6136363636363633,-1.9157399873429164,0.8375209380234468,-1.9157399873429164,True,False,False
tune-b,dep50_m0_s0_t2000,2000,0.9597989949748744,0.9772727272727272,2.44,0.2754615478664873,3.0022701475595914,0.949748743718593,0.4545454545454545,0.6714864083285136,0.3350083752093817,2.6136363636363633,-14.151281737783755,0.3350083752093817,-14.151281737783755,True,False,False
tune-b,dep50_m0_s30_t2000,2000,0.9597989949748744,0.9772727272727272,1.94,0.3601342710997442,2.2936057510404844,0.949748743718593,0.4545454545454545,0.6714864083285136,0.3350083752093817,2.6136363636363633,-11.328857630008525,0.3350083752093817,-11.328857630008525,True,False,False
tune-b,dep50_m100_r0_t100,100,0.9396984924623116,1.0,1.2,0.781,1.0896708286038592,0.949748743718593,0.4545454545454545,0.6714864083285136,-0.335008375209378,2.7272727272727275,2.7000000000000024,-0.335008375209378,-0.335008375209378,True,True,True
tune-b,dep50_m100_r0_t2000,2000,0.964824120603015,1.0,4.92,0.2028169014084507,4.649262202043133,0.949748743718593,0.4545454545454545,0.6714864083285136,0.5025125628140689,2.7272727272727275,-16.57276995305164,0.5025125628140689,-16.57276995305164,True,False,False
tune-b,dep50_m100_r0_t500,500,0.949748743718593,1.0,1.44,0.7771183646554567,1.0930760499432464,0.949748743718593,0.4545454545454545,0.6714864083285136,0.0,2.7272727272727275,2.5706121551818915,0.0,0.0,True,True,True
tune-b,dep50_m100_r30_t100,100,0.9396984924623116,0.9772727272727272,1.18,0.859501100513573,0.9867574725690504,0.949748743718593,0.4545454545454545,0.6714864083285136,-0.335008375209378,2.6136363636363633,5.316703350452435,-0.335008375209378,-0.335008375209378,True,True,True
tune-b,dep50_m100_r30_t2000,2000,0.964824120603015,1.0,3.09,0.3819362455726092,2.446840711312902,0.949748743718593,0.4545454545454545,0.6714864083285136,0.5025125628140689,2.7272727272727275,-10.602125147579693,0.5025125628140689,-10.602125147579693,True,False,False
tune-b,dep50_m100_r30_t500,500,0.949748743718593,0.9772727272727272,1.42,0.8527496382054993,0.9920544835414302,0.949748743718593,0.4545454545454545,0.6714864083285136,0.0,2.6136363636363633,5.091654606849979,0.0,0.0,True,True,True
tune-b,dep50_m100_s0_t2000,2000,0.9396984924623116,0.9772727272727272,2.61,0.3080738495453293,2.64737041241014,0.949748743718593,0.4545454545454545,0.6714864083285136,-0.335008375209378,2.6136363636363633,-13.06420501515569,-0.335008375209378,-13.06420501515569,True,False,False
tune-b,dep50_m100_s30_t2000,2000,0.9346733668341708,0.9772727272727272,2.11,0.4189619636499906,1.93946273174423,0.949748743718593,0.4545454545454545,0.6714864083285136,-0.5025125628140725,2.6136363636363633,-9.367934545000312,-0.5025125628140725,-9.367934545000312,True,False,False
tune-b,dep50_m50_r0_t100,100,0.9396984924623116,1.0,1.19,0.7702169625246549,1.1059402194475974,0.949748743718593,0.4545454545454545,0.6714864083285136,-0.335008375209378,2.7272727272727275,2.340565417488498,-0.335008375209378,-0.335008375209378,True,True,True
tune-b,dep50_m50_r0_t500,500,0.949748743718593,1.0,1.42,0.7661159701976028,1.1142640938327657,0.949748743718593,0.4545454545454545,0.6714864083285136,0.0,2.7272727272727275,2.2038656732534285,0.0,0.0,True,True,True
tune-b,dep50_m50_r30_t100,100,0.9396984924623116,0.9772727272727272,1.17,0.8464595375722543,1.0030268634127886,0.949748743718593,0.4545454545454545,0.6714864083285136,-0.335008375209378,2.6136363636363633,4.881984585741813,-0.335008375209378,-0.335008375209378,True,True,True
tune-b,dep50_m50_r30_t500,500,0.949748743718593,0.9772727272727272,1.4,0.8392476933995742,1.0132425274309498,0.949748743718593,0.4545454545454545,0.6714864083285136,0.0,2.6136363636363633,4.641589779985807,0.0,0.0,True,True,True
tune-b,k3_m0_r0_t2000,2000,0.9045226130653268,1.0,3.68,0.1686584883260783,4.641316685584563,0.949748743718593,0.4545454545454545,0.6714864083285136,-1.5075376884422065,2.7272727272727275,-17.711383722464056,-1.5075376884422065,-17.711383722464056,True,False,False
tune-b,k3_m0_r30_t2000,2000,0.8944723618090452,1.0,1.85,0.320766098627658,2.4388951948543323,0.949748743718593,0.4545454545454545,0.6714864083285136,-1.842546063651592,2.7272727272727275,-12.641130045744733,-1.842546063651592,-12.641130045744733,True,False,False
tune-b,k3_m0_s0_t2000,2000,0.8592964824120602,0.9772727272727272,1.36,0.2420544835414302,2.615209988649262,0.949748743718593,0.4545454545454545,0.6714864083285136,-3.015075376884424,2.6136363636363633,-15.264850548618991,-3.015075376884424,-15.264850548618991,True,False,False
tune-b,k3_m0_s30_t2000,2000,0.8592964824120602,0.9772727272727272,0.86,0.3330730183522061,1.9054105183503596,0.949748743718593,0.4545454545454545,0.6714864083285136,-3.015075376884424,2.6136363636363633,-12.230899388259795,-3.015075376884424,-12.230899388259795,True,False,False
tune-b,k3_m100_r0_t2000,2000,0.9045226130653268,1.0,3.65,0.176650670196922,4.434733257661748,0.949748743718593,0.4545454545454545,0.6714864083285136,-1.5075376884422065,2.7272727272727275,-17.4449776601026,-1.5075376884422065,-17.4449776601026,True,False,False
tune-b,k3_m100_r30_t2000,2000,0.8944723618090452,1.0,1.82,0.3506087528792366,2.230798335225123,0.949748743718593,0.4545454545454545,0.6714864083285136,-1.842546063651592,2.7272727272727275,-11.646374904025446,-1.842546063651592,-11.646374904025446,True,False,False
tune-b,k3_m100_s0_t2000,2000,0.8592964824120602,0.9772727272727272,1.33,0.2632065301093485,2.406356413166856,0.949748743718593,0.4545454545454545,0.6714864083285136,-3.015075376884424,2.6136363636363633,-14.559782329688382,-3.015075376884424,-14.559782329688382,True,False,False
tune-b,k3_m100_s30_t2000,2000,0.8592964824120602,0.9772727272727272,0.83,0.3742062623166192,1.696556942867953,0.949748743718593,0.4545454545454545,0.6714864083285136,-3.015075376884424,2.6136363636363633,-10.859791256112693,-3.015075376884424,-10.859791256112693,True,False,False
tune-b,latch_m0_r0_t100,100,0.984924623115578,1.0,5.6,0.4837374334713187,1.7075293227393114,0.949748743718593,0.4545454545454545,0.6714864083285136,1.172529313232836,2.7272727272727275,-7.208752217622709,1.172529313232836,-7.208752217622709,True,False,False
tune-b,latch_m0_r0_t500,500,0.9798994974874372,1.0,4.62,0.5385130609511052,1.5198637911464246,0.949748743718593,0.4545454545454545,0.6714864083285136,1.0050251256281415,2.7272727272727275,-5.382897968296493,1.0050251256281415,-5.382897968296493,True,False,False
tune-b,latch_m0_r30_t100,100,0.984924623115578,0.9772727272727272,5.58,0.5113565326109606,1.6046159667045024,0.949748743718593,0.4545454545454545,0.6714864083285136,1.172529313232836,2.6136363636363633,-6.2881155796346455,1.172529313232836,-6.2881155796346455,True,False,False
tune-b,latch_m0_r30_t500,500,0.9798994974874372,0.9772727272727272,4.6,0.5729216152019002,1.4188422247446084,0.949748743718593,0.4545454545454545,0.6714864083285136,1.0050251256281415,2.6136363636363633,-4.235946159936658,1.0050251256281415,-4.235946159936658,True,False,False
tune-b,latch_m100_r0_t100,100,0.9748743718592964,1.0,5.46,0.6952970994086173,1.1369655694286795,0.949748743718593,0.4545454545454545,0.6714864083285136,0.8375209380234468,2.7272727272727275,-0.15676335304608918,0.8375209380234468,-0.15676335304608918,True,False,False
tune-b,latch_m100_r0_t500,500,0.964824120603015,1.0,4.56,0.7166220636336604,1.0998864926220204,0.949748743718593,0.4545454545454545,0.6714864083285136,0.5025125628140689,2.7272727272727275,0.5540687877886826,0.5025125628140689,0.5025125628140689,True,True,True
tune-b,latch_m100_r30_t100,100,0.9748743718592964,0.9772727272727272,5.44,0.7534330180042722,1.0340522133938703,0.949748743718593,0.4545454545454545,0.6714864083285136,0.8375209380234468,2.6136363636363633,1.7811006001424083,0.8375209380234468,0.8375209380234468,True,True,True
tune-b,latch_m100_r30_t500,500,0.964824120603015,0.9772727272727272,4.54,0.7789269553975436,0.9988649262202044,0.949748743718593,0.4545454545454545,0.6714864083285136,0.5025125628140689,2.6136363636363633,2.630898513251456,0.5025125628140689,0.5025125628140689,True,True,True
tune-b,latch_m50_r0_t100,100,0.9748743718592964,1.0,5.48,0.6825957100190062,1.1861520998864927,0.949748743718593,0.4545454545454545,0.6714864083285136,0.8375209380234468,2.7272727272727275,-0.5801429993664583,0.8375209380234468,-0.5801429993664583,True,False,False
tune-b,latch_m50_r0_t500,500,0.964824120603015,1.0,4.62,0.7030618139803582,1.135073779795687,0.949748743718593,0.4545454545454545,0.6714864083285136,0.5025125628140689,2.7272727272727275,0.10206046601194027,0.5025125628140689,0.10206046601194027,True,True,True
tune-b,latch_m50_r30_t100,100,0.9748743718592964,0.9772727272727272,5.46,0.7374596655910824,1.0832387438516835,0.949748743718593,0.4545454545454545,0.6714864083285136,0.8375209380234468,2.6136363636363633,1.2486555197027498,0.8375209380234468,0.8375209380234468,True,True,True
tune-b,latch_m50_r30_t500,500,0.964824120603015,0.9772727272727272,4.6,0.7622925148762919,1.0340522133938703,0.949748743718593,0.4545454545454545,0.6714864083285136,0.5025125628140689,2.6136363636363633,2.076417162543065,0.5025125628140689,0.5025125628140689,True,True,True
tune-c,all100L_m0_i0_r0_h15_t100,100,0.9698492462311558,1.0,3.38,0.669103176834411,1.2179341657207718,0.949748743718593,0.4545454545454545,0.6714864083285136,0.6700167504187597,2.7272727272727275,-1.0298941055196318,0.6700167504187597,-1.0298941055196318,True,False,False
tune-c,all100L_m0_i0_r0_h15_t2000,2000,0.9798994974874372,1.0,7.38,0.1930758017492711,4.911842603102535,0.949748743718593,0.4545454545454545,0.6714864083285136,1.0050251256281415,2.7272727272727275,-16.897473275024296,1.0050251256281415,-16.897473275024296,False,False,False
tune-c,all100L_m0_i0_r0_h15_t500,500,0.9798994974874372,1.0,3.8,0.6157194060419867,1.3340900491865304,0.949748743718593,0.4545454545454545,0.6714864083285136,1.0050251256281415,2.7272727272727275,-2.809353131933775,1.0050251256281415,-2.809353131933775,True,False,False
tune-c,all100L_m0_i0_r0_h6_t100,100,0.9698492462311558,1.0,3.38,0.669103176834411,1.2179341657207718,0.949748743718593,0.4545454545454545,0.6714864083285136,0.6700167504187597,2.7272727272727275,-1.0298941055196318,0.6700167504187597,-1.0298941055196318,True,False,False
tune-c,all100L_m0_i0_r0_h6_t2000,2000,0.9798994974874372,1.0,7.38,0.1930758017492711,4.911842603102535,0.949748743718593,0.4545454545454545,0.6714864083285136,1.0050251256281415,2.7272727272727275,-16.897473275024296,1.0050251256281415,-16.897473275024296,False,False,False
tune-c,all100L_m0_i0_r0_h6_t500,500,0.9798994974874372,1.0,3.8,0.6157194060419867,1.3340900491865304,0.949748743718593,0.4545454545454545,0.6714864083285136,1.0050251256281415,2.7272727272727275,-2.809353131933775,1.0050251256281415,-2.809353131933775,True,False,False
tune-c,all100L_m0_i0_r30_h15_t100,100,0.9698492462311558,0.9772727272727272,3.36,0.7249466950959488,1.1150208096859628,0.949748743718593,0.4545454545454545,0.6714864083285136,0.6700167504187597,2.6136363636363633,0.8315565031982941,0.6700167504187597,0.6700167504187597,True,True,True
tune-c,all100L_m0_i0_r30_h15_t2000,2000,0.9798994974874372,1.0,5.56,0.3425314159865267,2.7101778282255014,0.949748743718593,0.4545454545454545,0.6714864083285136,1.0050251256281415,2.7272727272727275,-11.915619467115775,1.0050251256281415,-11.915619467115775,True,False,False
tune-c,all100L_m0_i0_r30_h15_t500,500,0.9798994974874372,0.9772727272727272,3.78,0.6612592796260655,1.2330684827847145,0.949748743718593,0.4545454545454545,0.6714864083285136,1.0050251256281415,2.6136363636363633,-1.2913573457978167,1.0050251256281415,-1.2913573457978167,True,False,False
tune-c,all100L_m0_i0_r30_h6_t100,100,0.9698492462311558,0.9772727272727272,3.36,0.7249466950959488,1.1150208096859628,0.949748743718593,0.4545454545454545,0.6714864083285136,0.6700167504187597,2.6136363636363633,0.8315565031982941,0.6700167504187597,0.6700167504187597,True,True,True
tune-c,all100L_m0_i0_r30_h6_t2000,2000,0.9798994974874372,1.0,5.56,0.3425314159865267,2.7101778282255014,0.949748743718593,0.4545454545454545,0.6714864083285136,1.0050251256281415,2.7272727272727275,-11.915619467115775,1.0050251256281415,-11.915619467115775,True,False,False
tune-c,all100L_m0_i0_r30_h6_t500,500,0.9798994974874372,0.9772727272727272,3.78,0.6612592796260655,1.2330684827847145,0.949748743718593,0.4545454545454545,0.6714864083285136,1.0050251256281415,2.6136363636363633,-1.2913573457978167,1.0050251256281415,-1.2913573457978167,True,False,False
tune-c,all100L_m0_i1_r0_h15_t100,100,0.9698492462311558,0.8181818181818182,3.34,0.7350480322280756,1.0945894816496406,0.949748743718593,0.4545454545454545,0.6714864083285136,0.6700167504187597,1.8181818181818188,1.1682677409358542,0.6700167504187597,0.6700167504187597,True,True,True
tune-c,all100L_m0_i1_r0_h15_t2000,2000,0.9748743718592964,0.8181818181818182,3.89,0.6306741874832125,1.2614453272796065,0.949748743718593,0.4545454545454545,0.6714864083285136,0.8375209380234468,1.8181818181818188,-2.31086041722625,0.8375209380234468,-2.31086041722625,True,False,False
tune-c,all100L_m0_i1_r0_h15_t500,500,0.9798994974874372,0.8409090909090909,3.76,0.6698324022346369,1.2122587968217935,0.949748743718593,0.4545454545454545,0.6714864083285136,1.0050251256281415,1.9318181818181823,-1.0055865921787681,1.0050251256281415,-1.0055865921787681,True,False,False
tune-c,all100L_m0_i1_r0_h6_t100,100,0.9698492462311558,0.9545454545454546,3.36,0.7299785210187174,1.1059402194475974,0.949748743718593,0.4545454545454545,0.6714864083285136,0.6700167504187597,2.5000000000000004,0.9992840339572484,0.6700167504187597,0.6700167504187597,True,True,True
tune-c,all100L_m0_i1_r0_h6_t2000,2000,0.9748743718592964,0.9090909090909092,4.01,0.5525328330206379,1.461596670450246,0.949748743718593,0.4545454545454545,0.6714864083285136,0.8375209380234468,2.2727272727272734,-4.915572232645401,0.8375209380234468,-4.915572232645401,True,False,False
tune-c,all100L_m0_i1_r0_h6_t500,500,0.9798994974874372,0.9090909090909092,3.78,0.6666666666666666,1.221339387060159,0.949748743718593,0.4545454545454545,0.6714864083285136,1.0050251256281415,2.2727272727272734,-1.111111111111111,1.0050251256281415,-1.111111111111111,True,False,False
tune-c,all100L_m0_i1_r30_h15_t100,100,0.9698492462311558,0.8181818181818182,3.34,0.7350480322280756,1.0945894816496406,0.949748743718593,0.4545454545454545,0.6714864083285136,0.6700167504187597,1.8181818181818188,1.1682677409358542,0.6700167504187597,0.6700167504187597,True,True,True
tune-c,all100L_m0_i1_r30_h15_t2000,2000,0.9748743718592964,0.8181818181818182,3.89,0.6306741874832125,1.2614453272796065,0.949748743718593,0.4545454545454545,0.6714864083285136,0.8375209380234468,1.8181818181818188,-2.31086041722625,0.8375209380234468,-2.31086041722625,True,False,False
tune-c,all100L_m0_i1_r30_h15_t500,500,0.9798994974874372,0.8409090909090909,3.76,0.6698324022346369,1.2122587968217935,0.949748743718593,0.4545454545454545,0.6714864083285136,1.0050251256281415,1.9318181818181823,-1.0055865921787681,1.0050251256281415,-1.0055865921787681,True,False,False
tune-c,all100L_m0_i1_r30_h6_t100,100,0.9698492462311558,0.9545454545454546,3.36,0.7331278890600924,1.1006432084752176,0.949748743718593,0.4545454545454545,0.6714864083285136,0.6700167504187597,2.5000000000000004,1.1042629686697485,0.6700167504187597,0.6700167504187597,True,True,True
tune-c,all100L_m0_i1_r30_h6_t2000,2000,0.9748743718592964,0.9090909090909092,4.01,0.5544834078606731,1.4559213015512675,0.949748743718593,0.4545454545454545,0.6714864083285136,0.8375209380234468,2.2727272727272734,-4.850553071310896,0.8375209380234468,-4.850553071310896,True,False,False
tune-c,all100L_m0_i1_r30_h6_t500,500,0.9798994974874372,0.9090909090909092,3.78,0.6681489716509171,1.2183125236473704,0.949748743718593,0.4545454545454545,0.6714864083285136,1.0050251256281415,2.2727272727272734,-1.0617009449694275,1.0050251256281415,-1.0617009449694275,True,False,False
tune-c,all100L_m100_i0_r0_h15_t2000,2000,0.964824120603015,1.0,7.61,0.2003194159251654,4.687097994702989,0.949748743718593,0.4545454545454545,0.6714864083285136,0.5025125628140689,2.7272727272727275,-16.65601946916115,0.5025125628140689,-16.65601946916115,False,False,False
tune-c,all100L_m100_i0_r0_h6_t2000,2000,0.964824120603015,1.0,7.61,0.2003194159251654,4.687097994702989,0.949748743718593,0.4545454545454545,0.6714864083285136,0.5025125628140689,2.7272727272727275,-16.65601946916115,0.5025125628140689,-16.65601946916115,False,False,False
tune-c,all100L_m100_i0_r30_h15_t2000,2000,0.964824120603015,1.0,5.79,0.368052638947221,2.4835414301929624,0.949748743718593,0.4545454545454545,0.6714864083285136,0.5025125628140689,2.7272727272727275,-11.064912035092632,0.5025125628140689,-11.064912035092632,False,False,False
tune-c,all100L_m100_i0_r30_h6_t2000,2000,0.964824120603015,1.0,5.79,0.368052638947221,2.4835414301929624,0.949748743718593,0.4545454545454545,0.6714864083285136,0.5025125628140689,2.7272727272727275,-11.064912035092632,0.5025125628140689,-11.064912035092632,False,False,False
tune-c,all100L_m100_i1_r0_h15_t2000,2000,0.9447236180904522,0.8181818181818182,4.12,0.7410003185727939,1.0317820658342791,0.949748743718593,0.4545454545454545,0.6714864083285136,-0.16750418760469085,1.8181818181818188,1.3666772857597986,-0.16750418760469085,-0.16750418760469085,True,True,True
tune-c,all100L_m100_i1_r0_h6_t2000,2000,0.9447236180904522,0.9090909090909092,4.24,0.6349292709466812,1.2304199772985245,0.949748743718593,0.4545454545454545,0.6714864083285136,-0.16750418760469085,2.2727272727272734,-2.169024301777293,-0.16750418760469085,-2.169024301777293,True,False,False
tune-c,all100L_m100_i1_r30_h15_t2000,2000,0.9447236180904522,0.8181818181818182,4.12,0.7410003185727939,1.0317820658342791,0.949748743718593,0.4545454545454545,0.6714864083285136,-0.16750418760469085,1.8181818181818188,1.3666772857597986,-0.16750418760469085,-0.16750418760469085,True,True,True
tune-c,all100L_m100_i1_r30_h6_t2000,2000,0.9447236180904522,0.9090909090909092,4.24,0.637530729308932,1.224744608399546,0.949748743718593,0.4545454545454545,0.6714864083285136,-0.16750418760469085,2.2727272727272734,-2.0823090230356,-0.16750418760469085,-2.0823090230356,True,False,False
tune-c,all100L_m20_i0_r0_h15_t100,100,0.964824120603015,1.0,3.4,0.703016241299304,1.1759364358683315,0.949748743718593,0.4545454545454545,0.6714864083285136,0.5025125628140689,2.7272727272727275,0.10054137664346671,0.5025125628140689,0.10054137664346671,True,True,True
tune-c,all100L_m20_i0_r0_h15_t500,500,0.964824120603015,1.0,3.91,0.67619825708061,1.2413923571698826,0.949748743718593,0.4545454545454545,0.6714864083285136,0.5025125628140689,2.7272727272727275,-0.7933914306463323,0.5025125628140689,-0.7933914306463323,True,False,False
tune-c,all100L_m20_i0_r0_h6_t100,100,0.964824120603015,1.0,3.4,0.703016241299304,1.1759364358683315,0.949748743718593,0.4545454545454545,0.6714864083285136,0.5025125628140689,2.7272727272727275,0.10054137664346671,0.5025125628140689,0.10054137664346671,True,True,True
tune-c,all100L_m20_i0_r0_h6_t500,500,0.964824120603015,1.0,3.91,0.67619825708061,1.2413923571698826,0.949748743718593,0.4545454545454545,0.6714864083285136,0.5025125628140689,2.7272727272727275,-0.7933914306463323,0.5025125628140689,-0.7933914306463323,True,False,False
tune-c,all100L_m20_i0_r30_h15_t100,100,0.964824120603015,0.9772727272727272,3.38,0.7637051039697542,1.0730230798335223,0.949748743718593,0.4545454545454545,0.6714864083285136,0.5025125628140689,2.6136363636363633,2.1235034656584757,0.5025125628140689,0.5025125628140689,True,True,True
tune-c,all100L_m20_i0_r30_h15_t500,500,0.964824120603015,0.9772727272727272,3.89,0.7296503085512783,1.140370790768067,0.949748743718593,0.4545454545454545,0.6714864083285136,0.5025125628140689,2.6136363636363633,0.9883436183759458,0.5025125628140689,0.5025125628140689,True,True,True
tune-c,all100L_m20_i0_r30_h6_t100,100,0.964824120603015,0.9772727272727272,3.38,0.7637051039697542,1.0730230798335223,0.949748743718593,0.4545454545454545,0.6714864083285136,0.5025125628140689,2.6136363636363633,2.1235034656584757,0.5025125628140689,0.5025125628140689,True,True,True
tune-c,all100L_m20_i0_r30_h6_t500,500,0.964824120603015,0.9772727272727272,3.89,0.7296503085512783,1.140370790768067,0.949748743718593,0.4545454545454545,0.6714864083285136,0.5025125628140689,2.6136363636363633,0.9883436183759458,0.5025125628140689,0.5025125628140689,True,True,True
tune-c,all100L_m20_i1_r0_h15_t100,100,0.964824120603015,0.8181818181818182,3.36,0.7748556767158435,1.0525917517972,0.949748743718593,0.4545454545454545,0.6714864083285136,0.5025125628140689,1.8181818181818188,2.4951892238614533,0.5025125628140689,0.5025125628140689,True,True,True
tune-c,all100L_m20_i1_r0_h15_t500,500,0.964824120603015,0.8409090909090909,3.87,0.739988045427376,1.1195611048051457,0.949748743718593,0.4545454545454545,0.6714864083285136,0.5025125628140689,1.9318181818181823,1.3329348475792,0.5025125628140689,0.5025125628140689,True,True,True
tune-c,all100L_m20_i1_r0_h6_t100,100,0.964824120603015,0.9545454545454546,3.38,0.7692063492063492,1.063942489595157,0.949748743718593,0.4545454545454545,0.6714864083285136,0.5025125628140689,2.5000000000000004,2.306878306878309,0.5025125628140689,0.5025125628140689,True,True,True
tune-c,all100L_m20_i1_r0_h6_t500,500,0.964824120603015,0.9090909090909092,3.89,0.736061684460261,1.1286416950435112,0.949748743718593,0.4545454545454545,0.6714864083285136,0.5025125628140689,2.2727272727272734,1.2020561486753678,0.5025125628140689,0.5025125628140689,True,True,True
tune-c,all100L_m20_i1_r30_h15_t100,100,0.964824120603015,0.8181818181818182,3.36,0.7748556767158435,1.0525917517972,0.949748743718593,0.4545454545454545,0.6714864083285136,0.5025125628140689,1.8181818181818188,2.4951892238614533,0.5025125628140689,0.5025125628140689,True,True,True
tune-c,all100L_m20_i1_r30_h15_t500,500,0.964824120603015,0.8409090909090909,3.87,0.739988045427376,1.1195611048051457,0.949748743718593,0.4545454545454545,0.6714864083285136,0.5025125628140689,1.9318181818181823,1.3329348475792,0.5025125628140689,0.5025125628140689,True,True,True
tune-c,all100L_m20_i1_r30_h6_t100,100,0.964824120603015,0.9545454545454546,3.38,0.7726403061224489,1.0586454786227772,0.949748743718593,0.4545454545454545,0.6714864083285136,0.5025125628140689,2.5000000000000004,2.421343537414966,0.5025125628140689,0.5025125628140689,True,True,True
tune-c,all100L_m20_i1_r30_h6_t500,500,0.964824120603015,0.9090909090909092,3.89,0.7378121284185494,1.1256148316307226,0.949748743718593,0.4545454545454545,0.6714864083285136,0.5025125628140689,2.2727272727272734,1.260404280618314,0.5025125628140689,0.5025125628140689,True,True,True
tune-c,all100L_m50_i0_r0_h15_t100,100,0.9597989949748744,1.0,3.44,0.7226941747572816,1.1169125993189557,0.949748743718593,0.4545454545454545,0.6714864083285136,0.3350083752093817,2.7272727272727275,0.7564724919093879,0.3350083752093817,0.3350083752093817,True,True,True
tune-c,all100L_m50_i0_r0_h15_t2000,2000,0.964824120603015,1.0,7.59,0.2003025718608169,4.714718123344684,0.949748743718593,0.4545454545454545,0.6714864083285136,0.5025125628140689,2.7272727272727275,-16.65658093797277,0.5025125628140689,-16.65658093797277,False,False,False
tune-c,all100L_m50_i0_r0_h15_t500,500,0.9597989949748744,1.0,3.93,0.7146240378922439,1.1293984108967083,0.949748743718593,0.4545454545454545,0.6714864083285136,0.3350083752093817,2.7272727272727275,0.487467929741466,0.3350083752093817,0.3350083752093817,True,True,True
tune-c,all100L_m50_i0_r0_h6_t100,100,0.9597989949748744,1.0,3.44,0.7226941747572816,1.1169125993189557,0.949748743718593,0.4545454545454545,0.6714864083285136,0.3350083752093817,2.7272727272727275,0.7564724919093879,0.3350083752093817,0.3350083752093817,True,True,True
tune-c,all100L_m50_i0_r0_h6_t2000,2000,0.964824120603015,1.0,7.59,0.2003025718608169,4.714718123344684,0.949748743718593,0.4545454545454545,0.6714864083285136,0.5025125628140689,2.7272727272727275,-16.65658093797277,0.5025125628140689,-16.65658093797277,False,False,False
tune-c,all100L_m50_i0_r0_h6_t500,500,0.9597989949748744,1.0,3.93,0.7146240378922439,1.1293984108967083,0.949748743718593,0.4545454545454545,0.6714864083285136,0.3350083752093817,2.7272727272727275,0.487467929741466,0.3350083752093817,0.3350083752093817,True,True,True
tune-c,all100L_m50_i0_r30_h15_t100,100,0.9597989949748744,0.9772727272727272,3.42,0.7882197220383852,1.0139992432841467,0.949748743718593,0.4545454545454545,0.6714864083285136,0.3350083752093817,2.6136363636363633,2.940657401279508,0.3350083752093817,0.3350083752093817,True,True,True
tune-c,all100L_m50_i0_r30_h15_t2000,2000,0.964824120603015,1.0,5.77,0.3663201663201663,2.511539916761256,0.949748743718593,0.4545454545454545,0.6714864083285136,0.5025125628140689,2.7272727272727275,-11.122661122661123,0.5025125628140689,-11.122661122661123,False,False,False
tune-c,all100L_m50_i0_r30_h15_t500,500,0.9597989949748744,0.9772727272727272,3.91,0.7764554519137986,1.0283768444948922,0.949748743718593,0.4545454545454545,0.6714864083285136,0.3350083752093817,2.6136363636363633,2.5485150637932885,0.3350083752093817,0.3350083752093817,True,True,True
tune-c,all100L_m50_i0_r30_h6_t100,100,0.9597989949748744,0.9772727272727272,3.42,0.7882197220383852,1.0139992432841467,0.949748743718593,0.4545454545454545,0.6714864083285136,0.3350083752093817,2.6136363636363633,2.940657401279508,0.3350083752093817,0.3350083752093817,True,True,True
tune-c,all100L_m50_i0_r30_h6_t2000,2000,0.964824120603015,1.0,5.77,0.3663201663201663,2.511539916761256,0.949748743718593,0.4545454545454545,0.6714864083285136,0.5025125628140689,2.7272727272727275,-11.122661122661123,0.5025125628140689,-11.122661122661123,False,False,False
tune-c,all100L_m50_i0_r30_h6_t500,500,0.9597989949748744,0.9772727272727272,3.91,0.7764554519137986,1.0283768444948922,0.949748743718593,0.4545454545454545,0.6714864083285136,0.3350083752093817,2.6136363636363633,2.5485150637932885,0.3350083752093817,0.3350083752093817,True,True,True
tune-c,all100L_m50_i1_r0_h15_t100,100,0.9597989949748744,0.8181818181818182,3.4,0.8004045853000674,0.9935679152478244,0.949748743718593,0.4545454545454545,0.6714864083285136,0.3350083752093817,1.8181818181818188,3.346819510002249,0.3350083752093817,0.3350083752093817,True,True,True
tune-c,all100L_m50_i1_r0_h15_t2000,2000,0.9447236180904522,0.8181818181818182,4.1,0.7286025521319639,1.06053726825577,0.949748743718593,0.4545454545454545,0.6714864083285136,-0.16750418760469085,1.8181818181818188,0.9534184043987981,-0.16750418760469085,-0.16750418760469085,True,True,True
tune-c,all100L_m50_i1_r0_h15_t500,500,0.9597989949748744,0.8409090909090909,3.89,0.7886631716906947,1.0075671585319712,0.949748743718593,0.4545454545454545,0.6714864083285136,0.3350083752093817,1.9318181818181823,2.9554390563564903,0.3350083752093817,0.3350083752093817,True,True,True
tune-c,all100L_m50_i1_r0_h6_t100,100,0.9597989949748744,0.9545454545454546,3.42,0.7941961307538359,1.0049186530457812,0.949748743718593,0.4545454545454545,0.6714864083285136,0.3350083752093817,2.5000000000000004,3.1398710251278645,0.3350083752093817,0.3350083752093817,True,True,True
tune-c,all100L_m50_i1_r0_h6_t2000,2000,0.9447236180904522,0.9090909090909092,4.22,0.6264,1.259175179720015,0.949748743718593,0.4545454545454545,0.6714864083285136,-0.16750418760469085,2.2727272727272734,-2.4533333333333336,-0.16750418760469085,-2.4533333333333336,True,False,False
tune-c,all100L_m50_i1_r0_h6_t500,500,0.9597989949748744,0.9090909090909092,3.91,0.7839506172839507,1.0166477487703367,0.949748743718593,0.4545454545454545,0.6714864083285136,0.3350083752093817,2.2727272727272734,2.7983539094650234,0.3350083752093817,0.3350083752093817,True,True,True
tune-c,all100L_m50_i1_r30_h15_t100,100,0.9597989949748744,0.8181818181818182,3.4,0.8004045853000674,0.9935679152478244,0.949748743718593,0.4545454545454545,0.6714864083285136,0.3350083752093817,1.8181818181818188,3.346819510002249,0.3350083752093817,0.3350083752093817,True,True,True
tune-c,all100L_m50_i1_r30_h15_t2000,2000,0.9447236180904522,0.8181818181818182,4.1,0.7286025521319639,1.06053726825577,0.949748743718593,0.4545454545454545,0.6714864083285136,-0.16750418760469085,1.8181818181818188,0.9534184043987981,-0.16750418760469085,-0.16750418760469085,True,True,True
tune-c,all100L_m50_i1_r30_h15_t500,500,0.9597989949748744,0.8409090909090909,3.89,0.7886631716906947,1.0075671585319712,0.949748743718593,0.4545454545454545,0.6714864083285136,0.3350083752093817,1.9318181818181823,2.9554390563564903,0.3350083752093817,0.3350083752093817,True,True,True
tune-c,all100L_m50_i1_r30_h6_t100,100,0.9597989949748744,0.9545454545454546,3.42,0.7979222520107239,0.9996216420734014,0.949748743718593,0.4545454545454545,0.6714864083285136,0.3350083752093817,2.5000000000000004,3.2640750670241303,0.3350083752093817,0.3350083752093817,True,True,True
tune-c,all100L_m50_i1_r30_h6_t2000,2000,0.9447236180904522,0.9090909090909092,4.22,0.6289156626506024,1.253499810821037,0.949748743718593,0.4545454545454545,0.6714864083285136,-0.16750418760469085,2.2727272727272734,-2.3694779116465856,-0.16750418760469085,-2.3694779116465856,True,False,False
tune-c,all100L_m50_i1_r30_h6_t500,500,0.9597989949748744,0.9090909090909092,3.91,0.7859934853420195,1.0136208853575484,0.949748743718593,0.4545454545454545,0.6714864083285136,0.3350083752093817,2.2727272727272734,2.8664495114006523,0.3350083752093817,0.3350083752093817,True,True,True
tune-c,all50L_m0_i0_r0_h15_t100,100,0.9748743718592964,1.0,1.96,0.6853325753268903,1.2569050321604238,0.949748743718593,0.4545454545454545,0.6714864083285136,0.8375209380234468,2.7272727272727275,-0.48891415577032216,0.8375209380234468,-0.48891415577032216,True,False,False
tune-c,all50L_m0_i0_r0_h15_t2000,2000,0.9798994974874372,1.0,5.92,0.1957045803199649,4.9553537646613695,0.949748743718593,0.4545454545454545,0.6714864083285136,1.0050251256281415,2.7272727272727275,-16.80984732266784,1.0050251256281415,-16.80984732266784,False,False,False
tune-c,all50L_m0_i0_r0_h15_t500,500,0.9798994974874372,1.0,2.41,0.6218918226095873,1.384790011350738,0.949748743718593,0.4545454545454545,0.6714864083285136,1.0050251256281415,2.7272727272727275,-2.603605913013755,1.0050251256281415,-2.603605913013755,True,False,False
tune-c,all50L_m0_i0_r0_h6_t100,100,0.9748743718592964,1.0,1.96,0.6853325753268903,1.2569050321604238,0.949748743718593,0.4545454545454545,0.6714864083285136,0.8375209380234468,2.7272727272727275,-0.48891415577032216,0.8375209380234468,-0.48891415577032216,True,False,False
tune-c,all50L_m0_i0_r0_h6_t2000,2000,0.9798994974874372,1.0,5.92,0.1957045803199649,4.9553537646613695,0.949748743718593,0.4545454545454545,0.6714864083285136,1.0050251256281415,2.7272727272727275,-16.80984732266784,1.0050251256281415,-16.80984732266784,False,False,False
tune-c,all50L_m0_i0_r0_h6_t500,500,0.9798994974874372,1.0,2.41,0.6218918226095873,1.384790011350738,0.949748743718593,0.4545454545454545,0.6714864083285136,1.0050251256281415,2.7272727272727275,-2.603605913013755,1.0050251256281415,-2.603605913013755,True,False,False
tune-c,all50L_m0_i0_r30_h15_t100,100,0.9748743718592964,0.9772727272727272,1.94,0.7432182490752158,1.1539916761256148,0.949748743718593,0.4545454545454545,0.6714864083285136,0.8375209380234468,2.6136363636363633,1.4406083025071958,0.8375209380234468,0.8375209380234468,True,True,True
tune-c,all50L_m0_i0_r30_h15_t2000,2000,0.9798994974874372,1.0,4.09,0.3478147762747138,2.7540673477109348,0.949748743718593,0.4545454545454545,0.6714864083285136,1.0050251256281415,2.7272727272727275,-11.73950745750954,1.0050251256281415,-11.73950745750954,True,False,False
tune-c,all50L_m0_i0_r30_h15_t500,500,0.9798994974874372,0.9772727272727272,2.39,0.6679515418502202,1.2837684449489215,0.949748743718593,0.4545454545454545,0.6714864083285136,1.0050251256281415,2.6136363636363633,-1.0682819383259916,1.0050251256281415,-1.0682819383259916,True,False,False
tune-c,all50L_m0_i0_r30_h6_t100,100,0.9748743718592964,0.9772727272727272,1.94,0.7432182490752158,1.1539916761256148,0.949748743718593,0.4545454545454545,0.6714864083285136,0.8375209380234468,2.6136363636363633,1.4406083025071958,0.8375209380234468,0.8375209380234468,True,True,True
tune-c,all50L_m0_i0_r30_h6_t2000,2000,0.9798994974874372,1.0,4.09,0.3478147762747138,2.7540673477109348,0.949748743718593,0.4545454545454545,0.6714864083285136,1.0050251256281415,2.7272727272727275,-11.73950745750954,1.0050251256281415,-11.73950745750954,True,False,False
tune-c,all50L_m0_i0_r30_h6_t500,500,0.9798994974874372,0.9772727272727272,2.39,0.6679515418502202,1.2837684449489215,0.949748743718593,0.4545454545454545,0.6714864083285136,1.0050251256281415,2.6136363636363633,-1.0682819383259916,1.0050251256281415,-1.0682819383259916,True,False,False
tune-c,all50L_m0_i1_r0_h15_t100,100,0.9748743718592964,0.8181818181818182,1.92,0.753527751646284,1.133938706015891,0.949748743718593,0.4545454545454545,0.6714864083285136,0.8375209380234468,1.8181818181818188,1.7842583882094698,0.8375209380234468,0.8375209380234468,True,True,True
tune-c,all50L_m0_i1_r0_h15_t2000,2000,0.9748743718592964,0.8409090909090909,2.43,0.6453456722917801,1.298146046159667,0.949748743718593,0.4545454545454545,0.6714864083285136,0.8375209380234468,1.9318181818181823,-1.8218109236073292,0.8375209380234468,-1.8218109236073292,True,False,False
tune-c,all50L_m0_i1_r0_h15_t500,500,0.9798994974874372,0.7954545454545454,2.37,0.676552881925014,1.2625804010594022,0.949748743718593,0.4545454545454545,0.6714864083285136,1.0050251256281415,1.7045454545454546,-0.7815706024995336,1.0050251256281415,-0.7815706024995336,True,False,False
tune-c,all50L_m0_i1_r0_h6_t100,100,0.9748743718592964,0.9545454545454546,1.95,0.7482929857231533,1.145289443813848,0.949748743718593,0.4545454545454545,0.6714864083285136,0.8375209380234468,2.5000000000000004,1.6097661907717775,0.8375209380234468,0.8375209380234468,True,True,True
tune-c,all50L_m0_i1_r0_h6_t2000,2000,0.9748743718592964,0.9318181818181818,2.54,0.5642789373814042,1.4990541051835036,0.949748743718593,0.4545454545454545,0.6714864083285136,0.8375209380234468,2.3863636363636362,-4.524035420619858,0.8375209380234468,-4.524035420619858,True,False,False
tune-c,all50L_m0_i1_r0_h6_t500,500,0.9798994974874372,0.8863636363636364,2.4,0.6732370905052748,1.2720393492243662,0.949748743718593,0.4545454545454545,0.6714864083285136,1.0050251256281415,2.159090909090909,-0.8920969831575051,1.0050251256281415,-0.8920969831575051,True,False,False
tune-c,all50L_m0_i1_r30_h15_t100,100,0.9748743718592964,0.8181818181818182,1.92,0.753527751646284,1.133938706015891,0.949748743718593,0.4545454545454545,0.6714864083285136,0.8375209380234468,1.8181818181818188,1.7842583882094698,0.8375209380234468,0.8375209380234468,True,True,True
tune-c,all50L_m0_i1_r30_h15_t2000,2000,0.9748743718592964,0.8409090909090909,2.43,0.6453456722917801,1.298146046159667,0.949748743718593,0.4545454545454545,0.6714864083285136,0.8375209380234468,1.9318181818181823,-1.8218109236073292,0.8375209380234468,-1.8218109236073292,True,False,False
tune-c,all50L_m0_i1_r30_h15_t500,500,0.9798994974874372,0.7954545454545454,2.37,0.676552881925014,1.2625804010594022,0.949748743718593,0.4545454545454545,0.6714864083285136,1.0050251256281415,1.7045454545454546,-0.7815706024995336,1.0050251256281415,-0.7815706024995336,True,False,False
tune-c,all50L_m0_i1_r30_h6_t100,100,0.9748743718592964,0.9545454545454546,1.94,0.7520274485339987,1.1396140749148695,0.949748743718593,0.4545454545454545,0.6714864083285136,0.8375209380234468,2.5000000000000004,1.7342482844666256,0.8375209380234468,0.8375209380234468,True,True,True
tune-c,all50L_m0_i1_r30_h6_t2000,2000,0.9748743718592964,0.9318181818181818,2.54,0.5662937395858129,1.4933787362845252,0.949748743718593,0.4545454545454545,0.6714864083285136,0.8375209380234468,2.3863636363636362,-4.45687534713957,0.8375209380234468,-4.45687534713957,True,False,False
tune-c,all50L_m0_i1_r30_h6_t500,500,0.9798994974874372,0.8863636363636364,2.39,0.6749234622877818,1.2690124858115777,0.949748743718593,0.4545454545454545,0.6714864083285136,1.0050251256281415,2.159090909090909,-0.8358845904072728,1.0050251256281415,-0.8358845904072728,True,False,False
tune-c,all50L_m100_i0_r0_h15_t2000,2000,0.9698492462311558,1.0,6.09,0.204536686984029,4.67347710934544,0.949748743718593,0.4545454545454545,0.6714864083285136,0.6700167504187597,2.7272727272727275,-16.515443767199034,0.6700167504187597,-16.515443767199034,False,False,False
tune-c,all50L_m100_i0_r0_h6_t2000,2000,0.9698492462311558,1.0,6.09,0.204536686984029,4.67347710934544,0.949748743718593,0.4545454545454545,0.6714864083285136,0.6700167504187597,2.7272727272727275,-16.515443767199034,0.6700167504187597,-16.515443767199034,False,False,False
tune-c,all50L_m100_i0_r30_h15_t2000,2000,0.9698492462311558,1.0,4.27,0.3805004314063848,2.469542186908816,0.949748743718593,0.4545454545454545,0.6714864083285136,0.6700167504187597,2.7272727272727275,-10.649985619787172,0.6700167504187597,-10.649985619787172,True,False,False
tune-c,all50L_m100_i0_r30_h6_t2000,2000,0.9698492462311558,1.0,4.27,0.3805004314063848,2.469542186908816,0.949748743718593,0.4545454545454545,0.6714864083285136,0.6700167504187597,2.7272727272727275,-10.649985619787172,0.6700167504187597,-10.649985619787172,True,False,False
tune-c,all50L_m100_i1_r0_h15_t2000,2000,0.9597989949748744,0.8409090909090909,2.61,0.7981682496607869,1.0166477487703367,0.949748743718593,0.4545454545454545,0.6714864083285136,0.3350083752093817,1.9318181818181823,3.272274988692899,0.3350083752093817,0.3350083752093817,True,True,True
tune-c,all50L_m100_i1_r0_h6_t2000,2000,0.9597989949748744,0.9318181818181818,2.72,0.6772805507745266,1.216042376087779,0.949748743718593,0.4545454545454545,0.6714864083285136,0.3350083752093817,2.3863636363636362,-0.7573149741824436,0.3350083752093817,-0.7573149741824436,True,False,False
tune-c,all50L_m100_i1_r30_h15_t2000,2000,0.9597989949748744,0.8409090909090909,2.61,0.7981682496607869,1.0166477487703367,0.949748743718593,0.4545454545454545,0.6714864083285136,0.3350083752093817,1.9318181818181823,3.272274988692899,0.3350083752093817,0.3350083752093817,True,True,True
tune-c,all50L_m100_i1_r30_h6_t2000,2000,0.9597989949748744,0.9318181818181818,2.72,0.6802074330164217,1.2103670071888006,0.949748743718593,0.4545454545454545,0.6714864083285136,0.3350083752093817,2.3863636363636362,-0.6597522327859411,0.3350083752093817,-0.6597522327859411,True,False,False
tune-c,all50L_m20_i0_r0_h15_t100,100,0.964824120603015,1.0,2.02,0.737000300571085,1.182368520620507,0.949748743718593,0.4545454545454545,0.6714864083285136,0.5025125628140689,2.7272727272727275,1.2333433523695019,0.5025125628140689,0.5025125628140689,True,True,True
tune-c,all50L_m20_i0_r0_h15_t500,500,0.9748743718592964,1.0,2.52,0.7069793727041537,1.243662504729474,0.949748743718593,0.4545454545454545,0.6714864083285136,0.8375209380234468,2.7272727272727275,0.23264575680512398,0.8375209380234468,0.23264575680512398,True,True,True
tune-c,all50L_m20_i0_r0_h6_t100,100,0.964824120603015,1.0,2.02,0.737000300571085,1.182368520620507,0.949748743718593,0.4545454545454545,0.6714864083285136,0.5025125628140689,2.7272727272727275,1.2333433523695019,0.5025125628140689,0.5025125628140689,True,True,True
tune-c,all50L_m20_i0_r0_h6_t500,500,0.9748743718592964,1.0,2.52,0.7069793727041537,1.243662504729474,0.949748743718593,0.4545454545454545,0.6714864083285136,0.8375209380234468,2.7272727272727275,0.23264575680512398,0.8375209380234468,0.23264575680512398,True,True,True
tune-c,all50L_m20_i0_r30_h15_t100,100,0.964824120603015,0.9772727272727272,2.0,0.803144448083852,1.079455164585698,0.949748743718593,0.4545454545454545,0.6714864083285136,0.5025125628140689,2.6136363636363633,3.4381482694617347,0.5025125628140689,0.5025125628140689,True,True,True
tune-c,all50L_m20_i0_r30_h15_t500,500,0.9748743718592964,0.9772727272727272,2.5,0.7651376146788991,1.142640938327658,0.949748743718593,0.4545454545454545,0.6714864083285136,0.8375209380234468,2.6136363636363633,2.1712538226299705,0.8375209380234468,0.8375209380234468,True,True,True
tune-c,all50L_m20_i0_r30_h6_t100,100,0.964824120603015,0.9772727272727272,2.0,0.803144448083852,1.079455164585698,0.949748743718593,0.4545454545454545,0.6714864083285136,0.5025125628140689,2.6136363636363633,3.4381482694617347,0.5025125628140689,0.5025125628140689,True,True,True
tune-c,all50L_m20_i0_r30_h6_t500,500,0.9748743718592964,0.9772727272727272,2.5,0.7651376146788991,1.142640938327658,0.949748743718593,0.4545454545454545,0.6714864083285136,0.8375209380234468,2.6136363636363633,2.1712538226299705,0.8375209380234468,0.8375209380234468,True,True,True
tune-c,all50L_m20_i1_r0_h15_t100,100,0.964824120603015,0.8181818181818182,1.98,0.8152101400933957,1.0594021944759742,0.949748743718593,0.4545454545454545,0.6714864083285136,0.5025125628140689,1.8181818181818188,3.84033800311319,0.5025125628140689,0.5025125628140689,True,True,True
tune-c,all50L_m20_i1_r0_h15_t500,500,0.9748743718592964,0.7954545454545454,2.48,0.7764632627646326,1.1214528944381386,0.949748743718593,0.4545454545454545,0.6714864083285136,0.8375209380234468,1.7045454545454546,2.5487754254877557,0.8375209380234468,0.8375209380234468,True,True,True
tune-c,all50L_m20_i1_r0_h6_t100,100,0.964824120603015,0.9545454545454546,2.01,0.8089739359947212,1.070752932273931,0.949748743718593,0.4545454545454545,0.6714864083285136,0.5025125628140689,2.5000000000000004,3.6324645331573757,0.5025125628140689,0.5025125628140689,True,True,True
tune-c,all50L_m20_i1_r0_h6_t500,500,0.9748743718592964,0.8863636363636364,2.51,0.7719135802469136,1.1309118426031026,0.949748743718593,0.4545454545454545,0.6714864083285136,0.8375209380234468,2.159090909090909,2.397119341563788,0.8375209380234468,0.8375209380234468,True,True,True
tune-c,all50L_m20_i1_r30_h15_t100,100,0.964824120603015,0.8181818181818182,1.98,0.8152101400933957,1.0594021944759742,0.949748743718593,0.4545454545454545,0.6714864083285136,0.5025125628140689,1.8181818181818188,3.84033800311319,0.5025125628140689,0.5025125628140689,True,True,True
tune-c,all50L_m20_i1_r30_h15_t500,500,0.9748743718592964,0.7954545454545454,2.48,0.7764632627646326,1.1214528944381386,0.949748743718593,0.4545454545454545,0.6714864083285136,0.8375209380234468,1.7045454545454546,2.5487754254877557,0.8375209380234468,0.8375209380234468,True,True,True
tune-c,all50L_m20_i1_r30_h6_t100,100,0.964824120603015,0.9545454545454546,2.0,0.8132669983416252,1.0650775633749527,0.949748743718593,0.4545454545454545,0.6714864083285136,0.5025125628140689,2.5000000000000004,3.775566611387508,0.5025125628140689,0.5025125628140689,True,True,True
tune-c,all50L_m20_i1_r30_h6_t500,500,0.9748743718592964,0.8863636363636364,2.5,0.7740637573506655,1.127884979190314,0.949748743718593,0.4545454545454545,0.6714864083285136,0.8375209380234468,2.159090909090909,2.46879191168885,0.8375209380234468,0.8375209380234468,True,True,True
tune-c,all50L_m50_i0_r0_h15_t100,100,0.9597989949748744,1.0,2.02,0.7635327635327636,1.1188043889519486,0.949748743718593,0.4545454545454545,0.6714864083285136,0.3350083752093817,2.7272727272727275,2.1177587844254537,0.3350083752093817,0.3350083752093817,True,True,True
tune-c,all50L_m50_i0_r0_h15_t2000,2000,0.9698492462311558,1.0,6.07,0.2049218031278749,4.705637533106319,0.949748743718593,0.4545454545454545,0.6714864083285136,0.6700167504187597,2.7272727272727275,-16.502606562404168,0.6700167504187597,-16.502606562404168,False,False,False
tune-c,all50L_m50_i0_r0_h15_t500,500,0.9698492462311558,1.0,2.5,0.7510027769207035,1.1316685584562998,0.949748743718593,0.4545454545454545,0.6714864083285136,0.6700167504187597,2.7272727272727275,1.7000925640234514,0.6700167504187597,0.6700167504187597,True,True,True
tune-c,all50L_m50_i0_r0_h6_t100,100,0.9597989949748744,1.0,2.02,0.7635327635327636,1.1188043889519486,0.949748743718593,0.4545454545454545,0.6714864083285136,0.3350083752093817,2.7272727272727275,2.1177587844254537,0.3350083752093817,0.3350083752093817,True,True,True
tune-c,all50L_m50_i0_r0_h6_t2000,2000,0.9698492462311558,1.0,6.07,0.2049218031278749,4.705637533106319,0.949748743718593,0.4545454545454545,0.6714864083285136,0.6700167504187597,2.7272727272727275,-16.502606562404168,0.6700167504187597,-16.502606562404168,False,False,False
tune-c,all50L_m50_i0_r0_h6_t500,500,0.9698492462311558,1.0,2.5,0.7510027769207035,1.1316685584562998,0.949748743718593,0.4545454545454545,0.6714864083285136,0.6700167504187597,2.7272727272727275,1.7000925640234514,0.6700167504187597,0.6700167504187597,True,True,True
tune-c,all50L_m50_i0_r30_h15_t100,100,0.9597989949748744,0.9772727272727272,2.0,0.836048526863085,1.0158910329171396,0.949748743718593,0.4545454545454545,0.6714864083285136,0.3350083752093817,2.6136363636363633,4.534950895436166,0.3350083752093817,0.3350083752093817,True,True,True
tune-c,all50L_m50_i0_r30_h15_t2000,2000,0.9698492462311558,1.0,4.25,0.3791388375728293,2.5017026106696933,0.949748743718593,0.4545454545454545,0.6714864083285136,0.6700167504187597,2.7272727272727275,-10.69537208090569,0.6700167504187597,-10.69537208090569,True,False,False
tune-c,all50L_m50_i0_r30_h15_t500,500,0.9698492462311558,0.9772727272727272,2.48,0.8189771197846568,1.0306469920544836,0.949748743718593,0.4545454545454545,0.6714864083285136,0.6700167504187597,2.6136363636363633,3.9659039928218953,0.6700167504187597,0.6700167504187597,True,True,True
tune-c,all50L_m50_i0_r30_h6_t100,100,0.9597989949748744,0.9772727272727272,2.0,0.836048526863085,1.0158910329171396,0.949748743718593,0.4545454545454545,0.6714864083285136,0.3350083752093817,2.6136363636363633,4.534950895436166,0.3350083752093817,0.3350083752093817,True,True,True
tune-c,all50L_m50_i0_r30_h6_t2000,2000,0.9698492462311558,1.0,4.25,0.3791388375728293,2.5017026106696933,0.949748743718593,0.4545454545454545,0.6714864083285136,0.6700167504187597,2.7272727272727275,-10.69537208090569,0.6700167504187597,-10.69537208090569,True,False,False
tune-c,all50L_m50_i0_r30_h6_t500,500,0.9698492462311558,0.9772727272727272,2.48,0.8189771197846568,1.0306469920544836,0.949748743718593,0.4545454545454545,0.6714864083285136,0.6700167504187597,2.6136363636363633,3.9659039928218953,0.6700167504187597,0.6700167504187597,True,True,True
tune-c,all50L_m50_i1_r0_h15_t100,100,0.9597989949748744,0.8181818181818182,1.98,0.8494699646643109,0.9958380628074158,0.949748743718593,0.4545454545454545,0.6714864083285136,0.3350083752093817,1.8181818181818188,4.982332155477032,0.3350083752093817,0.3350083752093817,True,True,True
tune-c,all50L_m50_i1_r0_h15_t2000,2000,0.9597989949748744,0.8409090909090909,2.59,0.7835697789508413,1.0488081725312146,0.949748743718593,0.4545454545454545,0.6714864083285136,0.3350083752093817,1.9318181818181823,2.78565929836138,0.3350083752093817,0.3350083752093817,True,True,True
tune-c,all50L_m50_i1_r0_h15_t500,500,0.9698492462311558,0.7954545454545454,2.46,0.8325326012354153,1.009458948164964,0.949748743718593,0.4545454545454545,0.6714864083285136,0.6700167504187597,1.7045454545454546,4.417753374513844,0.6700167504187597,0.6700167504187597,True,True,True
tune-c,all50L_m50_i1_r0_h6_t100,100,0.9597989949748744,0.9545454545454546,2.01,0.8424729304924904,1.0071888006053726,0.949748743718593,0.4545454545454545,0.6714864083285136,0.3350083752093817,2.5000000000000004,4.749097683083015,0.3350083752093817,0.3350083752093817,True,True,True
tune-c,all50L_m50_i1_r0_h6_t2000,2000,0.9597989949748744,0.9318181818181818,2.7,0.6676940319417204,1.248202799848657,0.949748743718593,0.4545454545454545,0.6714864083285136,0.3350083752093817,2.3863636363636362,-1.0768656019426524,0.3350083752093817,-1.0768656019426524,True,False,False
tune-c,all50L_m50_i1_r0_h6_t500,500,0.9698492462311558,0.8863636363636364,2.49,0.8269884432358939,1.018917896329928,0.949748743718593,0.4545454545454545,0.6714864083285136,0.6700167504187597,2.159090909090909,4.232948107863133,0.6700167504187597,0.6700167504187597,True,True,True
tune-c,all50L_m50_i1_r30_h15_t100,100,0.9597989949748744,0.8181818181818182,1.98,0.8494699646643109,0.9958380628074158,0.949748743718593,0.4545454545454545,0.6714864083285136,0.3350083752093817,1.8181818181818188,4.982332155477032,0.3350083752093817,0.3350083752093817,True,True,True
tune-c,all50L_m50_i1_r30_h15_t2000,2000,0.9597989949748744,0.8409090909090909,2.59,0.7835697789508413,1.0488081725312146,0.949748743718593,0.4545454545454545,0.6714864083285136,0.3350083752093817,1.9318181818181823,2.78565929836138,0.3350083752093817,0.3350083752093817,True,True,True
tune-c,all50L_m50_i1_r30_h15_t500,500,0.9698492462311558,0.7954545454545454,2.46,0.8325326012354153,1.009458948164964,0.949748743718593,0.4545454545454545,0.6714864083285136,0.6700167504187597,1.7045454545454546,4.417753374513844,0.6700167504187597,0.6700167504187597,True,True,True
tune-c,all50L_m50_i1_r30_h6_t100,100,0.9597989949748744,0.9545454545454546,2.0,0.8472075869336143,1.0015134317063945,0.949748743718593,0.4545454545454545,0.6714864083285136,0.3350083752093817,2.5000000000000004,4.906919564453812,0.3350083752093817,0.3350083752093817,True,True,True
tune-c,all50L_m50_i1_r30_h6_t2000,2000,0.9597989949748744,0.9318181818181818,2.7,0.6705120990433314,1.2425274309496783,0.949748743718593,0.4545454545454545,0.6714864083285136,0.3350083752093817,2.3863636363636362,-0.9829300318889511,0.3350083752093817,-0.9829300318889511,True,False,False
tune-c,all50L_m50_i1_r30_h6_t500,500,0.9698492462311558,0.8863636363636364,2.48,0.8295260825093761,1.0158910329171396,0.949748743718593,0.4545454545454545,0.6714864083285136,0.6700167504187597,2.159090909090909,4.317536083645871,0.6700167504187597,0.6700167504187597,True,True,True
tune-c,dep100L_m0_i0_r0_h15_t2000,2000,0.9798994974874372,1.0,4.94,0.1951798294401186,4.915247824441922,0.949748743718593,0.4545454545454545,0.6714864083285136,1.0050251256281415,2.7272727272727275,-16.827339018662713,1.0050251256281415,-16.827339018662713,True,False,False
tune-c,dep100L_m0_i0_r0_h15_t500,500,0.9798994974874372,1.0,1.51,0.6411214953271028,1.3598183881952326,0.949748743718593,0.4545454545454545,0.6714864083285136,1.0050251256281415,2.7272727272727275,-1.9626168224299043,1.0050251256281415,-1.9626168224299043,True,False,False
tune-c,dep100L_m0_i0_r0_h6_t2000,2000,0.9798994974874372,1.0,4.94,0.1951798294401186,4.915247824441922,0.949748743718593,0.4545454545454545,0.6714864083285136,1.0050251256281415,2.7272727272727275,-16.827339018662713,1.0050251256281415,-16.827339018662713,True,False,False
tune-c,dep100L_m0_i0_r0_h6_t500,500,0.9798994974874372,1.0,1.51,0.6411214953271028,1.3598183881952326,0.949748743718593,0.4545454545454545,0.6714864083285136,1.0050251256281415,2.7272727272727275,-1.9626168224299043,1.0050251256281415,-1.9626168224299043,True,False,False
tune-c,dep100L_m0_i0_r30_h15_t2000,2000,0.9798994974874372,1.0,3.11,0.3511562625317471,2.712826333711692,0.949748743718593,0.4545454545454545,0.6714864083285136,1.0050251256281415,2.7272727272727275,-11.628124582275095,1.0050251256281415,-11.628124582275095,True,False,False
tune-c,dep100L_m0_i0_r30_h15_t500,500,0.9798994974874372,0.9772727272727272,1.49,0.6907364787111623,1.258796821793417,0.949748743718593,0.4545454545454545,0.6714864083285136,1.0050251256281415,2.6136363636363633,-0.3087840429612558,1.0050251256281415,-0.3087840429612558,True,False,False
tune-c,dep100L_m0_i0_r30_h6_t2000,2000,0.9798994974874372,1.0,3.11,0.3511562625317471,2.712826333711692,0.949748743718593,0.4545454545454545,0.6714864083285136,1.0050251256281415,2.7272727272727275,-11.628124582275095,1.0050251256281415,-11.628124582275095,True,False,False
tune-c,dep100L_m0_i0_r30_h6_t500,500,0.9798994974874372,0.9772727272727272,1.49,0.6907364787111623,1.258796821793417,0.949748743718593,0.4545454545454545,0.6714864083285136,1.0050251256281415,2.6136363636363633,-0.3087840429612558,1.0050251256281415,-0.3087840429612558,True,False,False
tune-c,dep100L_m0_i1_r0_h15_t2000,2000,0.9748743718592964,0.7954545454545454,1.47,0.6668568168853394,1.2709042754445703,0.949748743718593,0.4545454545454545,0.6714864083285136,0.8375209380234468,1.7045454545454546,-1.104772770488686,0.8375209380234468,-1.104772770488686,True,False,False
tune-c,dep100L_m0_i1_r0_h15_t500,500,0.9798994974874372,0.8181818181818182,1.47,0.7001170275014629,1.2376087779038971,0.949748743718593,0.4545454545454545,0.6714864083285136,1.0050251256281415,1.8181818181818188,0.0039009167154306175,1.0050251256281415,0.0039009167154306175,True,True,True
tune-c,dep100L_m0_i1_r0_h6_t2000,2000,0.9748743718592964,0.9318181818181818,1.6,0.5771597341865616,1.4767309875141883,0.949748743718593,0.4545454545454545,0.6714864083285136,0.8375209380234468,2.3863636363636362,-4.094675527114611,0.8375209380234468,-4.094675527114611,True,False,False
tune-c,dep100L_m0_i1_r0_h6_t500,500,0.9798994974874372,0.9318181818181818,1.5,0.6964596633778294,1.2470677260688612,0.949748743718593,0.4545454545454545,0.6714864083285136,1.0050251256281415,2.3863636363636362,-0.11801122073901901,1.0050251256281415,-0.11801122073901901,True,False,False
tune-c,dep100L_m0_i1_r30_h15_t2000,2000,0.9748743718592964,0.7954545454545454,1.47,0.6668568168853394,1.2709042754445703,0.949748743718593,0.4545454545454545,0.6714864083285136,0.8375209380234468,1.7045454545454546,-1.104772770488686,0.8375209380234468,-1.104772770488686,True,False,False
tune-c,dep100L_m0_i1_r30_h15_t500,500,0.9798994974874372,0.8181818181818182,1.47,0.7001170275014629,1.2376087779038971,0.949748743718593,0.4545454545454545,0.6714864083285136,1.0050251256281415,1.8181818181818188,0.0039009167154306175,1.0050251256281415,0.0039009167154306175,True,True,True
tune-c,dep100L_m0_i1_r30_h6_t2000,2000,0.9748743718592964,0.9318181818181818,1.6,0.5797280593325093,1.4699205448354142,0.949748743718593,0.4545454545454545,0.6714864083285136,0.8375209380234468,2.3863636363636362,-4.009064688916356,0.8375209380234468,-4.009064688916356,True,False,False
tune-c,dep100L_m0_i1_r30_h6_t500,500,0.9798994974874372,0.9318181818181818,1.49,0.6982833866744254,1.2440408626560726,0.949748743718593,0.4545454545454545,0.6714864083285136,1.0050251256281415,2.3863636363636362,-0.05722044418582003,1.0050251256281415,-0.05722044418582003,True,False,False
tune-c,dep100L_m100_i0_r0_h15_t2000,2000,0.9748743718592964,1.0,4.99,0.205744247926123,4.645856980703746,0.949748743718593,0.4545454545454545,0.6714864083285136,0.8375209380234468,2.7272727272727275,-16.4751917357959,0.8375209380234468,-16.4751917357959,True,False,False
tune-c,dep100L_m100_i0_r0_h6_t2000,2000,0.9748743718592964,1.0,4.99,0.205744247926123,4.645856980703746,0.949748743718593,0.4545454545454545,0.6714864083285136,0.8375209380234468,2.7272727272727275,-16.4751917357959,0.8375209380234468,-16.4751917357959,True,False,False
tune-c,dep100L_m100_i0_r30_h15_t2000,2000,0.9748743718592964,1.0,3.16,0.3875923190546528,2.441922058267121,0.949748743718593,0.4545454545454545,0.6714864083285136,0.8375209380234468,2.7272727272727275,-10.413589364844906,0.8375209380234468,-10.413589364844906,True,False,False
tune-c,dep100L_m100_i0_r30_h6_t2000,2000,0.9748743718592964,1.0,3.16,0.3875923190546528,2.441922058267121,0.949748743718593,0.4545454545454545,0.6714864083285136,0.8375209380234468,2.7272727272727275,-10.413589364844906,0.8375209380234468,-10.413589364844906,True,False,False
tune-c,dep100L_m100_i1_r0_h15_t2000,2000,0.9597989949748744,0.7954545454545454,1.52,0.8353025420694593,0.9992432841468027,0.949748743718593,0.4545454545454545,0.6714864083285136,0.3350083752093817,1.7045454545454546,4.510084735648645,0.3350083752093817,0.3350083752093817,True,True,True
tune-c,dep100L_m100_i1_r0_h6_t2000,2000,0.9597989949748744,0.9318181818181818,1.65,0.6993424985056784,1.2035565645100266,0.949748743718593,0.4545454545454545,0.6714864083285136,0.3350083752093817,2.3863636363636362,-0.021916716477384433,0.3350083752093817,-0.021916716477384433,True,False,False
tune-c,dep100L_m100_i1_r30_h15_t2000,2000,0.9597989949748744,0.7954545454545454,1.52,0.8353025420694593,0.9992432841468027,0.949748743718593,0.4545454545454545,0.6714864083285136,0.3350083752093817,1.7045454545454546,4.510084735648645,0.3350083752093817,0.3350083752093817,True,True,True
tune-c,dep100L_m100_i1_r30_h6_t2000,2000,0.9597989949748744,0.9318181818181818,1.65,0.703125,1.1967461218312525,0.949748743718593,0.4545454545454545,0.6714864083285136,0.3350083752093817,2.3863636363636362,0.10416666666666816,0.3350083752093817,0.10416666666666816,True,True,True
tune-c,dep100L_m20_i0_r0_h15_t500,500,0.9698492462311558,1.0,1.54,0.7385253183298786,1.219447597427166,0.949748743718593,0.4545454545454545,0.6714864083285136,0.6700167504187597,2.7272727272727275,1.2841772776626201,0.6700167504187597,0.6700167504187597,True,True,True
tune-c,dep100L_m20_i0_r0_h6_t500,500,0.9698492462311558,1.0,1.54,0.7385253183298786,1.219447597427166,0.949748743718593,0.4545454545454545,0.6714864083285136,0.6700167504187597,2.7272727272727275,1.2841772776626201,0.6700167504187597,0.6700167504187597,True,True,True
tune-c,dep100L_m20_i0_r30_h15_t500,500,0.9698492462311558,0.9772727272727272,1.52,0.8024453024453024,1.11842603102535,0.949748743718593,0.4545454545454545,0.6714864083285136,0.6700167504187597,2.6136363636363633,3.414843414843416,0.6700167504187597,0.6700167504187597,True,True,True
tune-c,dep100L_m20_i0_r30_h6_t500,500,0.9698492462311558,0.9772727272727272,1.52,0.8024453024453024,1.11842603102535,0.949748743718593,0.4545454545454545,0.6714864083285136,0.6700167504187597,2.6136363636363633,3.414843414843416,0.6700167504187597,0.6700167504187597,True,True,True
tune-c,dep100L_m20_i1_r0_h15_t500,500,0.9698492462311558,0.8181818181818182,1.5,0.8150819672131148,1.0972379871358304,0.949748743718593,0.4545454545454545,0.6714864083285136,0.6700167504187597,1.8181818181818188,3.836065573770494,0.6700167504187597,0.6700167504187597,True,True,True
tune-c,dep100L_m20_i1_r0_h6_t500,500,0.9698492462311558,0.9318181818181818,1.53,0.8099415204678363,1.1066969353007945,0.949748743718593,0.4545454545454545,0.6714864083285136,0.6700167504187597,2.3863636363636362,3.664717348927878,0.6700167504187597,0.6700167504187597,True,True,True
tune-c,dep100L_m20_i1_r30_h15_t500,500,0.9698492462311558,0.8181818181818182,1.5,0.8150819672131148,1.0972379871358304,0.949748743718593,0.4545454545454545,0.6714864083285136,0.6700167504187597,1.8181818181818188,3.836065573770494,0.6700167504187597,0.6700167504187597,True,True,True
tune-c,dep100L_m20_i1_r30_h6_t500,500,0.9698492462311558,0.9318181818181818,1.52,0.8123167155425219,1.103670071888006,0.949748743718593,0.4545454545454545,0.6714864083285136,0.6700167504187597,2.3863636363636362,3.7438905180840663,0.6700167504187597,0.6700167504187597,True,True,True
tune-c,dep100L_m50_i0_r0_h15_t2000,2000,0.9748743718592964,1.0,4.98,0.2056256817827645,4.667423382519864,0.949748743718593,0.4545454545454545,0.6714864083285136,0.8375209380234468,2.7272727272727275,-16.479143940574517,0.8375209380234468,-16.479143940574517,True,False,False
tune-c,dep100L_m50_i0_r0_h15_t500,500,0.964824120603015,1.0,1.56,0.781747320558623,1.1059402194475974,0.949748743718593,0.4545454545454545,0.6714864083285136,0.5025125628140689,2.7272727272727275,2.7249106852874334,0.5025125628140689,0.5025125628140689,True,True,True
tune-c,dep100L_m50_i0_r0_h6_t2000,2000,0.9748743718592964,1.0,4.98,0.2056256817827645,4.667423382519864,0.949748743718593,0.4545454545454545,0.6714864083285136,0.8375209380234468,2.7272727272727275,-16.479143940574517,0.8375209380234468,-16.479143940574517,True,False,False
tune-c,dep100L_m50_i0_r0_h6_t500,500,0.964824120603015,1.0,1.56,0.781747320558623,1.1059402194475974,0.949748743718593,0.4545454545454545,0.6714864083285136,0.5025125628140689,2.7272727272727275,2.7249106852874334,0.5025125628140689,0.5025125628140689,True,True,True
tune-c,dep100L_m50_i0_r30_h15_t2000,2000,0.9748743718592964,1.0,3.15,0.3858775271022561,2.463488460083239,0.949748743718593,0.4545454545454545,0.6714864083285136,0.8375209380234468,2.7272727272727275,-10.470749096591463,0.8375209380234468,-10.470749096591463,True,False,False
tune-c,dep100L_m50_i0_r30_h15_t500,500,0.964824120603015,0.9772727272727272,1.54,0.8565836298932384,1.0049186530457812,0.949748743718593,0.4545454545454545,0.6714864083285136,0.5025125628140689,2.6136363636363633,5.219454329774616,0.5025125628140689,0.5025125628140689,True,True,True
tune-c,dep100L_m50_i0_r30_h6_t2000,2000,0.9748743718592964,1.0,3.15,0.3858775271022561,2.463488460083239,0.949748743718593,0.4545454545454545,0.6714864083285136,0.8375209380234468,2.7272727272727275,-10.470749096591463,0.8375209380234468,-10.470749096591463,True,False,False
tune-c,dep100L_m50_i0_r30_h6_t500,500,0.964824120603015,0.9772727272727272,1.54,0.8565836298932384,1.0049186530457812,0.949748743718593,0.4545454545454545,0.6714864083285136,0.5025125628140689,2.6136363636363633,5.219454329774616,0.5025125628140689,0.5025125628140689,True,True,True
tune-c,dep100L_m50_i1_r0_h15_t2000,2000,0.9597989949748744,0.7954545454545454,1.51,0.8224561403508772,1.0211880438895196,0.949748743718593,0.4545454545454545,0.6714864083285136,0.3350083752093817,1.7045454545454546,4.081871345029242,0.3350083752093817,0.3350083752093817,True,True,True
tune-c,dep100L_m50_i1_r0_h15_t500,500,0.964824120603015,0.8181818181818182,1.52,0.8717296511627907,0.983730609156262,0.949748743718593,0.4545454545454545,0.6714864083285136,0.5025125628140689,1.8181818181818188,5.724321705426357,0.5025125628140689,0.5025125628140689,True,True,True
tune-c,dep100L_m50_i1_r0_h6_t2000,2000,0.9597989949748744,0.9318181818181818,1.64,0.6908610049955921,1.225501324252743,0.949748743718593,0.4545454545454545,0.6714864083285136,0.3350083752093817,2.3863636363636362,-0.30463316681359487,0.3350083752093817,-0.30463316681359487,True,False,False
tune-c,dep100L_m50_i1_r0_h6_t500,500,0.964824120603015,0.9318181818181818,1.55,0.8654676258992806,0.9931895573212258,0.949748743718593,0.4545454545454545,0.6714864083285136,0.5025125628140689,2.3863636363636362,5.515587529976022,0.5025125628140689,0.5025125628140689,True,True,True
tune-c,dep100L_m50_i1_r30_h15_t2000,2000,0.9597989949748744,0.7954545454545454,1.51,0.8224561403508772,1.0211880438895196,0.949748743718593,0.4545454545454545,0.6714864083285136,0.3350083752093817,1.7045454545454546,4.081871345029242,0.3350083752093817,0.3350083752093817,True,True,True
tune-c,dep100L_m50_i1_r30_h15_t500,500,0.964824120603015,0.8181818181818182,1.52,0.8717296511627907,0.983730609156262,0.949748743718593,0.4545454545454545,0.6714864083285136,0.5025125628140689,1.8181818181818188,5.724321705426357,0.5025125628140689,0.5025125628140689,True,True,True
tune-c,dep100L_m50_i1_r30_h6_t2000,2000,0.9597989949748744,0.9318181818181818,1.64,0.6945347119645495,1.218690881573969,0.949748743718593,0.4545454545454545,0.6714864083285136,0.3350083752093817,2.3863636363636362,-0.18217626784834778,0.3350083752093817,-0.18217626784834778,True,False,False
tune-c,dep100L_m50_i1_r30_h6_t500,500,0.964824120603015,0.9318181818181818,1.54,0.8682785997834717,0.9901626939084374,0.949748743718593,0.4545454545454545,0.6714864083285136,0.5025125628140689,2.3863636363636362,5.609286659449057,0.5025125628140689,0.5025125628140689,True,True,True
tune-c,dep50L_m0_i0_r0_h15_t100,100,0.964824120603015,1.0,0.67,0.6924643584521385,1.2750662126371548,0.949748743718593,0.4545454545454545,0.6714864083285136,0.5025125628140689,2.7272727272727275,-0.25118805159538204,0.5025125628140689,-0.25118805159538204,True,False,False
tune-c,dep50L_m0_i0_r0_h15_t2000,2000,0.9798994974874372,1.0,4.27,0.1965094689936873,4.933030646992054,0.949748743718593,0.4545454545454545,0.6714864083285136,1.0050251256281415,2.7272727272727275,-16.783017700210422,1.0050251256281415,-16.783017700210422,True,False,False
tune-c,dep50L_m0_i0_r0_h15_t500,500,0.9798994974874372,1.0,0.85,0.644927536231884,1.377601210745365,0.949748743718593,0.4545454545454545,0.6714864083285136,1.0050251256281415,2.7272727272727275,-1.8357487922705307,1.0050251256281415,-1.8357487922705307,True,False,False
tune-c,dep50L_m0_i0_r0_h6_t100,100,0.964824120603015,1.0,0.67,0.6924643584521385,1.2750662126371548,0.949748743718593,0.4545454545454545,0.6714864083285136,0.5025125628140689,2.7272727272727275,-0.25118805159538204,0.5025125628140689,-0.25118805159538204,True,False,False
tune-c,dep50L_m0_i0_r0_h6_t2000,2000,0.9798994974874372,1.0,4.27,0.1965094689936873,4.933030646992054,0.949748743718593,0.4545454545454545,0.6714864083285136,1.0050251256281415,2.7272727272727275,-16.783017700210422,1.0050251256281415,-16.783017700210422,True,False,False
tune-c,dep50L_m0_i0_r0_h6_t500,500,0.9798994974874372,1.0,0.85,0.644927536231884,1.377601210745365,0.949748743718593,0.4545454545454545,0.6714864083285136,1.0050251256281415,2.7272727272727275,-1.8357487922705307,1.0050251256281415,-1.8357487922705307,True,False,False
tune-c,dep50L_m0_i0_r30_h15_t100,100,0.964824120603015,0.9772727272727272,0.65,0.7524502055011065,1.1721528566023458,0.949748743718593,0.4545454545454545,0.6714864083285136,0.5025125628140689,2.6136363636363633,1.7483401833702192,0.5025125628140689,0.5025125628140689,True,True,True
tune-c,dep50L_m0_i0_r30_h15_t2000,2000,0.9798994974874372,1.0,2.44,0.3539739981235759,2.730609156261824,0.949748743718593,0.4545454545454545,0.6714864083285136,1.0050251256281415,2.7272727272727275,-11.53420006254747,1.0050251256281415,-11.53420006254747,True,False,False
tune-c,dep50L_m0_i0_r30_h15_t500,500,0.9798994974874372,0.9772727272727272,0.83,0.695111368238357,1.276579644343549,0.949748743718593,0.4545454545454545,0.6714864083285136,1.0050251256281415,2.6136363636363633,-0.16295439205476678,1.0050251256281415,-0.16295439205476678,True,False,False
tune-c,dep50L_m0_i0_r30_h6_t100,100,0.964824120603015,0.9772727272727272,0.65,0.7524502055011065,1.1721528566023458,0.949748743718593,0.4545454545454545,0.6714864083285136,0.5025125628140689,2.6136363636363633,1.7483401833702192,0.5025125628140689,0.5025125628140689,True,True,True
tune-c,dep50L_m0_i0_r30_h6_t2000,2000,0.9798994974874372,1.0,2.44,0.3539739981235759,2.730609156261824,0.949748743718593,0.4545454545454545,0.6714864083285136,1.0050251256281415,2.7272727272727275,-11.53420006254747,1.0050251256281415,-11.53420006254747,True,False,False
tune-c,dep50L_m0_i0_r30_h6_t500,500,0.9798994974874372,0.9772727272727272,0.83,0.695111368238357,1.276579644343549,0.949748743718593,0.4545454545454545,0.6714864083285136,1.0050251256281415,2.6136363636363633,-0.16295439205476678,1.0050251256281415,-0.16295439205476678,True,False,False
tune-c,dep50L_m0_i1_r0_h15_t100,100,0.964824120603015,0.8409090909090909,0.63,0.7632679318108717,1.1524782444192203,0.949748743718593,0.4545454545454545,0.6714864083285136,0.5025125628140689,1.9318181818181823,2.108931060362392,0.5025125628140689,0.5025125628140689,True,True,True
tune-c,dep50L_m0_i1_r0_h15_t2000,2000,0.9748743718592964,0.7954545454545454,0.8,0.6741508347725964,1.2841468028755203,0.949748743718593,0.4545454545454545,0.6714864083285136,0.8375209380234468,1.7045454545454546,-0.8616388409134517,0.8375209380234468,-0.8616388409134517,True,False,False
tune-c,dep50L_m0_i1_r0_h15_t500,500,0.9798994974874372,0.7954545454545454,0.81,0.7048263684520306,1.255013242527431,0.949748743718593,0.4545454545454545,0.6714864083285136,1.0050251256281415,1.7045454545454546,0.16087894840102201,1.0050251256281415,0.16087894840102201,True,True,True
tune-c,dep50L_m0_i1_r0_h6_t100,100,0.964824120603015,0.9545454545454546,0.66,0.7579617834394905,1.1630722663639803,0.949748743718593,0.4545454545454545,0.6714864083285136,0.5025125628140689,2.5000000000000004,1.9320594479830182,0.5025125628140689,0.5025125628140689,True,True,True
tune-c,dep50L_m0_i1_r0_h6_t2000,2000,0.9748743718592964,0.9545454545454546,0.92,0.5828373015873016,1.4907302307983352,0.949748743718593,0.4545454545454545,0.6714864083285136,0.8375209380234468,2.5000000000000004,-3.905423280423278,0.8375209380234468,-3.905423280423278,True,False,False
tune-c,dep50L_m0_i1_r0_h6_t500,500,0.9798994974874372,0.9318181818181818,0.84,0.7009045812664138,1.2648505486189936,0.949748743718593,0.4545454545454545,0.6714864083285136,1.0050251256281415,2.3863636363636362,0.030152708880459844,1.0050251256281415,0.030152708880459844,True,True,True
tune-c,dep50L_m0_i1_r30_h15_t100,100,0.964824120603015,0.8409090909090909,0.63,0.7632679318108717,1.1524782444192203,0.949748743718593,0.4545454545454545,0.6714864083285136,0.5025125628140689,1.9318181818181823,2.108931060362392,0.5025125628140689,0.5025125628140689,True,True,True
tune-c,dep50L_m0_i1_r30_h15_t2000,2000,0.9748743718592964,0.7954545454545454,0.8,0.6741508347725964,1.2841468028755203,0.949748743718593,0.4545454545454545,0.6714864083285136,0.8375209380234468,1.7045454545454546,-0.8616388409134517,0.8375209380234468,-0.8616388409134517,True,False,False
tune-c,dep50L_m0_i1_r30_h15_t500,500,0.9798994974874372,0.7954545454545454,0.81,0.7048263684520306,1.255013242527431,0.949748743718593,0.4545454545454545,0.6714864083285136,1.0050251256281415,1.7045454545454546,0.16087894840102201,1.0050251256281415,0.16087894840102201,True,True,True
tune-c,dep50L_m0_i1_r30_h6_t100,100,0.964824120603015,0.9545454545454546,0.65,0.7618437900128041,1.157396897465002,0.949748743718593,0.4545454545454545,0.6714864083285136,0.5025125628140689,2.5000000000000004,2.061459667093472,0.5025125628140689,0.5025125628140689,True,True,True
tune-c,dep50L_m0_i1_r30_h6_t2000,2000,0.9748743718592964,0.9545454545454546,0.92,0.5853051058530511,1.4842981460461595,0.949748743718593,0.4545454545454545,0.6714864083285136,0.8375209380234468,2.5000000000000004,-3.82316313823163,0.8375209380234468,-3.82316313823163,True,False,False
tune-c,dep50L_m0_i1_r30_h6_t500,500,0.9798994974874372,0.9318181818181818,0.83,0.7027501462843768,1.261823685206205,0.949748743718593,0.4545454545454545,0.6714864083285136,1.0050251256281415,2.3863636363636362,0.09167154281256215,1.0050251256281415,0.09167154281256215,True,True,True
tune-c,dep50L_m100_i0_r0_h15_t2000,2000,0.9748743718592964,1.0,4.37,0.207276736493936,4.639046538024972,0.949748743718593,0.4545454545454545,0.6714864083285136,0.8375209380234468,2.7272727272727275,-16.424108783535466,0.8375209380234468,-16.424108783535466,True,False,False
tune-c,dep50L_m100_i0_r0_h6_t2000,2000,0.9748743718592964,1.0,4.37,0.207276736493936,4.639046538024972,0.949748743718593,0.4545454545454545,0.6714864083285136,0.8375209380234468,2.7272727272727275,-16.424108783535466,0.8375209380234468,-16.424108783535466,True,False,False
tune-c,dep50L_m100_i0_r30_h15_t2000,2000,0.9748743718592964,1.0,2.54,0.3926756352765321,2.4351116155883465,0.949748743718593,0.4545454545454545,0.6714864083285136,0.8375209380234468,2.7272727272727275,-10.244145490782262,0.8375209380234468,-10.244145490782262,True,False,False
tune-c,dep50L_m100_i0_r30_h6_t2000,2000,0.9748743718592964,1.0,2.54,0.3926756352765321,2.4351116155883465,0.949748743718593,0.4545454545454545,0.6714864083285136,0.8375209380234468,2.7272727272727275,-10.244145490782262,0.8375209380234468,-10.244145490782262,True,False,False
tune-c,dep50L_m100_i1_r0_h15_t2000,2000,0.964824120603015,0.7954545454545454,0.9,0.8621452266863251,0.9924328414680288,0.949748743718593,0.4545454545454545,0.6714864083285136,0.5025125628140689,1.7045454545454546,5.404840889544172,0.5025125628140689,0.5025125628140689,True,True,True
tune-c,dep50L_m100_i1_r0_h6_t2000,2000,0.964824120603015,0.9545454545454546,1.02,0.7183960820324456,1.1975028376844494,0.949748743718593,0.4545454545454545,0.6714864083285136,0.5025125628140689,2.5000000000000004,0.6132027344148565,0.5025125628140689,0.5025125628140689,True,True,True
tune-c,dep50L_m100_i1_r30_h15_t2000,2000,0.964824120603015,0.7954545454545454,0.9,0.8621452266863251,0.9924328414680288,0.949748743718593,0.4545454545454545,0.6714864083285136,0.5025125628140689,1.7045454545454546,5.404840889544172,0.5025125628140689,0.5025125628140689,True,True,True
tune-c,dep50L_m100_i1_r30_h6_t2000,2000,0.964824120603015,0.9545454545454546,1.02,0.7221538461538461,1.191070752932274,0.949748743718593,0.4545454545454545,0.6714864083285136,0.5025125628140689,2.5000000000000004,0.7384615384615397,0.5025125628140689,0.5025125628140689,True,True,True
tune-c,dep50L_m20_i0_r0_h15_t100,100,0.9547738693467336,1.0,0.68,0.7783783783783784,1.164207340143776,0.949748743718593,0.4545454545454545,0.6714864083285136,0.16750418760468716,2.7272727272727275,2.6126126126126157,0.16750418760468716,0.16750418760468716,True,True,True
tune-c,dep50L_m20_i0_r0_h15_t500,500,0.9748743718592964,1.0,0.9,0.7525556223692123,1.2243662504729471,0.949748743718593,0.4545454545454545,0.6714864083285136,0.8375209380234468,2.7272727272727275,1.7518540789737433,0.8375209380234468,0.8375209380234468,True,True,True
tune-c,dep50L_m20_i0_r0_h6_t100,100,0.9547738693467336,1.0,0.68,0.7783783783783784,1.164207340143776,0.949748743718593,0.4545454545454545,0.6714864083285136,0.16750418760468716,2.7272727272727275,2.6126126126126157,0.16750418760468716,0.16750418760468716,True,True,True
tune-c,dep50L_m20_i0_r0_h6_t500,500,0.9748743718592964,1.0,0.9,0.7525556223692123,1.2243662504729471,0.949748743718593,0.4545454545454545,0.6714864083285136,0.8375209380234468,2.7272727272727275,1.7518540789737433,0.8375209380234468,0.8375209380234468,True,True,True
tune-c,dep50L_m20_i0_r30_h15_t100,100,0.9547738693467336,0.9772727272727272,0.66,0.8526645768025078,1.061293984108967,0.949748743718593,0.4545454545454545,0.6714864083285136,0.16750418760468716,2.6136363636363633,5.088819226750263,0.16750418760468716,0.16750418760468716,True,True,True
tune-c,dep50L_m20_i0_r30_h15_t500,500,0.9748743718592964,0.9772727272727272,0.88,0.8187765783447825,1.1233446840711312,0.949748743718593,0.4545454545454545,0.6714864083285136,0.8375209380234468,2.6136363636363633,3.959219278159417,0.8375209380234468,0.8375209380234468,True,True,True
tune-c,dep50L_m20_i0_r30_h6_t100,100,0.9547738693467336,0.9772727272727272,0.66,0.8526645768025078,1.061293984108967,0.949748743718593,0.4545454545454545,0.6714864083285136,0.16750418760468716,2.6136363636363633,5.088819226750263,0.16750418760468716,0.16750418760468716,True,True,True
tune-c,dep50L_m20_i0_r30_h6_t500,500,0.9748743718592964,0.9772727272727272,0.88,0.8187765783447825,1.1233446840711312,0.949748743718593,0.4545454545454545,0.6714864083285136,0.8375209380234468,2.6136363636363633,3.959219278159417,0.8375209380234468,0.8375209380234468,True,True,True
tune-c,dep50L_m20_i1_r0_h15_t100,100,0.9547738693467336,0.8409090909090909,0.64,0.8665246716364927,1.0416193719258418,0.949748743718593,0.4545454545454545,0.6714864083285136,0.16750418760468716,1.9318181818181823,5.550822387883092,0.16750418760468716,0.16750418760468716,True,True,True
tune-c,dep50L_m20_i1_r0_h15_t500,500,0.9748743718592964,0.7954545454545454,0.86,0.8322214809873248,1.1017782822550133,0.949748743718593,0.4545454545454545,0.6714864083285136,0.8375209380234468,1.7045454545454546,4.4073826995774965,0.8375209380234468,0.8375209380234468,True,True,True
tune-c,dep50L_m20_i1_r0_h6_t100,100,0.9547738693467336,0.9545454545454546,0.67,0.8595505617977528,1.0522133938706015,0.949748743718593,0.4545454545454545,0.6714864083285136,0.16750418760468716,2.5000000000000004,5.318352059925095,0.16750418760468716,0.16750418760468716,True,True,True
tune-c,dep50L_m20_i1_r0_h6_t500,500,0.9748743718592964,0.9318181818181818,0.89,0.8265609514370664,1.111615588346576,0.949748743718593,0.4545454545454545,0.6714864083285136,0.8375209380234468,2.3863636363636362,4.21869838123555,0.8375209380234468,0.8375209380234468,True,True,True
tune-c,dep50L_m20_i1_r30_h15_t100,100,0.9547738693467336,0.8409090909090909,0.64,0.8665246716364927,1.0416193719258418,0.949748743718593,0.4545454545454545,0.6714864083285136,0.16750418760468716,1.9318181818181823,5.550822387883092,0.16750418760468716,0.16750418760468716,True,True,True
tune-c,dep50L_m20_i1_r30_h15_t500,500,0.9748743718592964,0.7954545454545454,0.86,0.8322214809873248,1.1017782822550133,0.949748743718593,0.4545454545454545,0.6714864083285136,0.8375209380234468,1.7045454545454546,4.4073826995774965,0.8375209380234468,0.8375209380234468,True,True,True
tune-c,dep50L_m20_i1_r30_h6_t100,100,0.9547738693467336,0.9545454545454546,0.66,0.864406779661017,1.0465380249716232,0.949748743718593,0.4545454545454545,0.6714864083285136,0.16750418760468716,2.5000000000000004,5.4802259887005675,0.16750418760468716,0.16750418760468716,True,True,True
tune-c,dep50L_m20_i1_r30_h6_t500,500,0.9748743718592964,0.9318181818181818,0.88,0.8290258449304175,1.1085887249337874,0.949748743718593,0.4545454545454545,0.6714864083285136,0.8375209380234468,2.3863636363636362,4.300861497680586,0.8375209380234468,0.8375209380234468,True,True,True
tune-c,dep50L_m50_i0_r0_h15_t100,100,0.9547738693467336,1.0,0.69,0.8055274688237277,1.0964812712826333,0.949748743718593,0.4545454545454545,0.6714864083285136,0.16750418760468716,2.7272727272727275,3.517582294124259,0.16750418760468716,0.16750418760468716,True,True,True
tune-c,dep50L_m50_i0_r0_h15_t2000,2000,0.9748743718592964,1.0,4.34,0.2071450955813224,4.665153234960273,0.949748743718593,0.4545454545454545,0.6714864083285136,0.8375209380234468,2.7272727272727275,-16.428496813955917,0.8375209380234468,-16.428496813955917,True,False,False
tune-c,dep50L_m50_i0_r0_h15_t500,500,0.9698492462311558,1.0,0.9,0.7989400463729712,1.1082103670071888,0.949748743718593,0.4545454545454545,0.6714864083285136,0.6700167504187597,2.7272727272727275,3.2980015457657093,0.6700167504187597,0.6700167504187597,True,True,True
tune-c,dep50L_m50_i0_r0_h6_t100,100,0.9547738693467336,1.0,0.69,0.8055274688237277,1.0964812712826333,0.949748743718593,0.4545454545454545,0.6714864083285136,0.16750418760468716,2.7272727272727275,3.517582294124259,0.16750418760468716,0.16750418760468716,True,True,True
tune-c,dep50L_m50_i0_r0_h6_t2000,2000,0.9748743718592964,1.0,4.34,0.2071450955813224,4.665153234960273,0.949748743718593,0.4545454545454545,0.6714864083285136,0.8375209380234468,2.7272727272727275,-16.428496813955917,0.8375209380234468,-16.428496813955917,True,False,False
tune-c,dep50L_m50_i0_r0_h6_t500,500,0.9698492462311558,1.0,0.9,0.7989400463729712,1.1082103670071888,0.949748743718593,0.4545454545454545,0.6714864083285136,0.6700167504187597,2.7272727272727275,3.2980015457657093,0.6700167504187597,0.6700167504187597,True,True,True
tune-c,dep50L_m50_i0_r30_h15_t100,100,0.9547738693467336,0.9772727272727272,0.67,0.8874860750092833,0.9935679152478244,0.949748743718593,0.4545454545454545,0.6714864083285136,0.16750418760468716,2.6136363636363633,6.2495358336427795,0.16750418760468716,0.16750418760468716,True,True,True
tune-c,dep50L_m50_i0_r30_h15_t2000,2000,0.9748743718592964,1.0,2.51,0.3906157489638839,2.4612183125236475,0.949748743718593,0.4545454545454545,0.6714864083285136,0.8375209380234468,2.7272727272727275,-10.312808367870536,0.8375209380234468,-10.312808367870536,True,False,False
tune-c,dep50L_m50_i0_r30_h15_t500,500,0.9698492462311558,0.9772727272727272,0.88,0.8770909090909091,1.0071888006053726,0.949748743718593,0.4545454545454545,0.6714864083285136,0.6700167504187597,2.6136363636363633,5.903030303030307,0.6700167504187597,0.6700167504187597,True,True,True
tune-c,dep50L_m50_i0_r30_h6_t100,100,0.9547738693467336,0.9772727272727272,0.67,0.8874860750092833,0.9935679152478244,0.949748743718593,0.4545454545454545,0.6714864083285136,0.16750418760468716,2.6136363636363633,6.2495358336427795,0.16750418760468716,0.16750418760468716,True,True,True
tune-c,dep50L_m50_i0_r30_h6_t2000,2000,0.9748743718592964,1.0,2.51,0.3906157489638839,2.4612183125236475,0.949748743718593,0.4545454545454545,0.6714864083285136,0.8375209380234468,2.7272727272727275,-10.312808367870536,0.8375209380234468,-10.312808367870536,True,False,False
tune-c,dep50L_m50_i0_r30_h6_t500,500,0.9698492462311558,0.9772727272727272,0.88,0.8770909090909091,1.0071888006053726,0.949748743718593,0.4545454545454545,0.6714864083285136,0.6700167504187597,2.6136363636363633,5.903030303030307,0.6700167504187597,0.6700167504187597,True,True,True
tune-c,dep50L_m50_i1_r0_h15_t100,100,0.9547738693467336,0.8409090909090909,0.65,0.902993558165972,0.9738933030646992,0.949748743718593,0.4545454545454545,0.6714864083285136,0.16750418760468716,1.9318181818181823,6.766451938865736,0.16750418760468716,0.16750418760468716,True,True,True
tune-c,dep50L_m50_i1_r0_h15_t2000,2000,0.964824120603015,0.7954545454545454,0.87,0.8459877653832314,1.0185395384033296,0.949748743718593,0.4545454545454545,0.6714864083285136,0.5025125628140689,1.7045454545454546,4.866258846107715,0.5025125628140689,0.5025125628140689,True,True,True
tune-c,dep50L_m50_i1_r0_h15_t500,500,0.9698492462311558,0.7954545454545454,0.86,0.8933481976960238,0.9856223987892546,0.949748743718593,0.4545454545454545,0.6714864083285136,0.6700167504187597,1.7045454545454546,6.444939923200796,0.6700167504187597,0.6700167504187597,True,True,True
tune-c,dep50L_m50_i1_r0_h6_t100,100,0.9547738693467336,0.9545454545454546,0.68,0.8951310861423221,0.9844873250094588,0.949748743718593,0.4545454545454545,0.6714864083285136,0.16750418760468716,2.5000000000000004,6.504369538077404,0.16750418760468716,0.16750418760468716,True,True,True
tune-c,dep50L_m50_i1_r0_h6_t2000,2000,0.964824120603015,0.9545454545454546,0.99,0.7077707770777077,1.2236095346197502,0.949748743718593,0.4545454545454545,0.6714864083285136,0.5025125628140689,2.5000000000000004,0.2590259025902597,0.5025125628140689,0.2590259025902597,True,True,True
tune-c,dep50L_m50_i1_r0_h6_t500,500,0.9698492462311558,0.9318181818181818,0.89,0.8863970588235294,0.9954597048808173,0.949748743718593,0.4545454545454545,0.6714864083285136,0.6700167504187597,2.3863636363636362,6.213235294117648,0.6700167504187597,0.6700167504187597,True,True,True
tune-c,dep50L_m50_i1_r30_h15_t100,100,0.9547738693467336,0.8409090909090909,0.65,0.902993558165972,0.9738933030646992,0.949748743718593,0.4545454545454545,0.6714864083285136,0.16750418760468716,1.9318181818181823,6.766451938865736,0.16750418760468716,0.16750418760468716,True,True,True
tune-c,dep50L_m50_i1_r30_h15_t2000,2000,0.964824120603015,0.7954545454545454,0.87,0.8459877653832314,1.0185395384033296,0.949748743718593,0.4545454545454545,0.6714864083285136,0.5025125628140689,1.7045454545454546,4.866258846107715,0.5025125628140689,0.5025125628140689,True,True,True
tune-c,dep50L_m50_i1_r30_h15_t500,500,0.9698492462311558,0.7954545454545454,0.86,0.8933481976960238,0.9856223987892546,0.949748743718593,0.4545454545454545,0.6714864083285136,0.6700167504187597,1.7045454545454546,6.444939923200796,0.6700167504187597,0.6700167504187597,True,True,True
tune-c,dep50L_m50_i1_r30_h6_t100,100,0.9547738693467336,0.9545454545454546,0.67,0.9005275056518462,0.9788119561104806,0.949748743718593,0.4545454545454545,0.6714864083285136,0.16750418760468716,2.5000000000000004,6.684250188394877,0.16750418760468716,0.16750418760468716,True,True,True
tune-c,dep50L_m50_i1_r30_h6_t2000,2000,0.964824120603015,0.9545454545454546,0.99,0.7113992762364294,1.2171774498675747,0.949748743718593,0.4545454545454545,0.6714864083285136,0.5025125628140689,2.5000000000000004,0.3799758745476482,0.5025125628140689,0.3799758745476482,True,True,True
tune-c,dep50L_m50_i1_r30_h6_t500,500,0.9698492462311558,0.9318181818181818,0.88,0.8893397270379934,0.9924328414680288,0.949748743718593,0.4545454545454545,0.6714864083285136,0.6700167504187597,2.3863636363636362,6.31132423459978,0.6700167504187597,0.6700167504187597,True,True,True
tune-c,latch_m0_i0_r0_h15_t100,100,0.984924623115578,1.0,5.6,0.4837374334713187,1.7075293227393114,0.949748743718593,0.4545454545454545,0.6714864083285136,1.172529313232836,2.7272727272727275,-7.208752217622709,1.172529313232836,-7.208752217622709,True,False,False
tune-c,latch_m0_i0_r0_h6_t100,100,0.984924623115578,1.0,5.6,0.4837374334713187,1.7075293227393114,0.949748743718593,0.4545454545454545,0.6714864083285136,1.172529313232836,2.7272727272727275,-7.208752217622709,1.172529313232836,-7.208752217622709,True,False,False
tune-c,latch_m0_i0_r30_h15_t100,100,0.984924623115578,0.9772727272727272,5.58,0.5113565326109606,1.6046159667045024,0.949748743718593,0.4545454545454545,0.6714864083285136,1.172529313232836,2.6136363636363633,-6.2881155796346455,1.172529313232836,-6.2881155796346455,True,False,False
tune-c,latch_m0_i0_r30_h6_t100,100,0.984924623115578,0.9772727272727272,5.58,0.5113565326109606,1.6046159667045024,0.949748743718593,0.4545454545454545,0.6714864083285136,1.172529313232836,2.6136363636363633,-6.2881155796346455,1.172529313232836,-6.2881155796346455,True,False,False
tune-c,latch_m0_i1_r0_h15_t100,100,0.984924623115578,0.7954545454545454,5.56,0.5154138513513513,1.5815361331819902,0.949748743718593,0.4545454545454545,0.6714864083285136,1.172529313232836,1.7045454545454546,-6.152871621621622,1.172529313232836,-6.152871621621622,True,False,False
tune-c,latch_m0_i1_r0_h6_t100,100,0.984924623115578,0.9318181818181818,5.58,0.5135135135135135,1.59477866061294,0.949748743718593,0.4545454545454545,0.6714864083285136,1.172529313232836,2.3863636363636362,-6.216216216216216,1.172529313232836,-6.216216216216216,True,False,False
tune-c,latch_m0_i1_r30_h15_t100,100,0.984924623115578,0.7954545454545454,5.56,0.5154138513513513,1.5815361331819902,0.949748743718593,0.4545454545454545,0.6714864083285136,1.172529313232836,1.7045454545454546,-6.152871621621622,1.172529313232836,-6.152871621621622,True,False,False
tune-c,latch_m0_i1_r30_h6_t100,100,0.984924623115578,0.9318181818181818,5.58,0.5150241647404917,1.58948164964056,0.949748743718593,0.4545454545454545,0.6714864083285136,1.172529313232836,2.3863636363636362,-6.165861175316941,1.172529313232836,-6.165861175316941,True,False,False
tune-c,latch_m20_i0_r0_h15_t100,100,0.9798994974874372,1.0,5.52,0.6237185461323392,1.4150586454786227,0.949748743718593,0.4545454545454545,0.6714864083285136,1.0050251256281415,2.7272727272727275,-2.542715128922024,1.0050251256281415,-2.542715128922024,True,False,False
tune-c,latch_m20_i0_r0_h6_t100,100,0.9798994974874372,1.0,5.52,0.6237185461323392,1.4150586454786227,0.949748743718593,0.4545454545454545,0.6714864083285136,1.0050251256281415,2.7272727272727275,-2.542715128922024,1.0050251256281415,-2.542715128922024,True,False,False
tune-c,latch_m20_i0_r30_h15_t100,100,0.9798994974874372,0.9772727272727272,5.5,0.6662518666002987,1.312145289443814,0.949748743718593,0.4545454545454545,0.6714864083285136,1.0050251256281415,2.6136363636363633,-1.1249377799900429,1.0050251256281415,-1.1249377799900429,True,False,False
tune-c,latch_m20_i0_r30_h6_t100,100,0.9798994974874372,0.9772727272727272,5.5,0.6662518666002987,1.312145289443814,0.949748743718593,0.4545454545454545,0.6714864083285136,1.0050251256281415,2.6136363636363633,-1.1249377799900429,1.0050251256281415,-1.1249377799900429,True,False,False
tune-c,latch_m20_i1_r0_h15_t100,100,0.9798994974874372,0.7954545454545454,5.48,0.6735777496839443,1.2890654559213015,0.949748743718593,0.4545454545454545,0.6714864083285136,1.0050251256281415,1.7045454545454546,-0.8807416772018536,1.0050251256281415,-0.8807416772018536,True,False,False
tune-c,latch_m20_i1_r0_h6_t100,100,0.9798994974874372,0.9318181818181818,5.5,0.6698396793587175,1.3023079833522513,0.949748743718593,0.4545454545454545,0.6714864083285136,1.0050251256281415,2.3863636363636362,-1.0053440213760831,1.0050251256281415,-1.0053440213760831,True,False,False
tune-c,latch_m20_i1_r30_h15_t100,100,0.9798994974874372,0.7954545454545454,5.48,0.6735777496839443,1.2890654559213015,0.949748743718593,0.4545454545454545,0.6714864083285136,1.0050251256281415,1.7045454545454546,-0.8807416772018536,1.0050251256281415,-0.8807416772018536,True,False,False
tune-c,latch_m20_i1_r30_h6_t100,100,0.9798994974874372,0.9318181818181818,5.5,0.6721970839617899,1.2970109723798713,0.949748743718593,0.4545454545454545,0.6714864083285136,1.0050251256281415,2.3863636363636362,-0.9267638679403353,1.0050251256281415,-0.9267638679403353,True,False,False
tune-c,latch_m50_i0_r0_h15_t100,100,0.9748743718592964,1.0,5.48,0.6825957100190062,1.1861520998864927,0.949748743718593,0.4545454545454545,0.6714864083285136,0.8375209380234468,2.7272727272727275,-0.5801429993664583,0.8375209380234468,-0.5801429993664583,True,False,False
tune-c,latch_m50_i0_r0_h6_t100,100,0.9748743718592964,1.0,5.48,0.6825957100190062,1.1861520998864927,0.949748743718593,0.4545454545454545,0.6714864083285136,0.8375209380234468,2.7272727272727275,-0.5801429993664583,0.8375209380234468,-0.5801429993664583,True,False,False
tune-c,latch_m50_i0_r30_h15_t100,100,0.9748743718592964,0.9772727272727272,5.46,0.7374596655910824,1.0832387438516835,0.949748743718593,0.4545454545454545,0.6714864083285136,0.8375209380234468,2.6136363636363633,1.2486555197027498,0.8375209380234468,0.8375209380234468,True,True,True
tune-c,latch_m50_i0_r30_h6_t100,100,0.9748743718592964,0.9772727272727272,5.46,0.7374596655910824,1.0832387438516835,0.949748743718593,0.4545454545454545,0.6714864083285136,0.8375209380234468,2.6136363636363633,1.2486555197027498,0.8375209380234468,0.8375209380234468,True,True,True
tune-c,latch_m50_i1_r0_h15_t100,100,0.9748743718592964,0.7954545454545454,5.44,0.747459653317394,1.060158910329171,0.949748743718593,0.4545454545454545,0.6714864083285136,0.8375209380234468,1.7045454545454546,1.581988443913133,0.8375209380234468,0.8375209380234468,True,True,True
tune-c,latch_m50_i1_r0_h6_t100,100,0.9748743718592964,0.9318181818181818,5.46,0.7422406148389004,1.073401437760121,0.949748743718593,0.4545454545454545,0.6714864083285136,0.8375209380234468,2.3863636363636362,1.4080204946300134,0.8375209380234468,0.8375209380234468,True,True,True
tune-c,latch_m50_i1_r30_h15_t100,100,0.9748743718592964,0.7954545454545454,5.44,0.747459653317394,1.060158910329171,0.949748743718593,0.4545454545454545,0.6714864083285136,0.8375209380234468,1.7045454545454546,1.581988443913133,0.8375209380234468,0.8375209380234468,True,True,True
tune-c,latch_m50_i1_r30_h6_t100,100,0.9748743718592964,0.9318181818181818,5.46,0.7453250222617988,1.068104426787741,0.949748743718593,0.4545454545454545,0.6714864083285136,0.8375209380234468,2.3863636363636362,1.5108340753932934,0.8375209380234468,0.8375209380234468,True,True,True
tune-d,all50L_m10_i0_t100,100,0.9748743718592964,0.9772727272727272,1.95,0.7832480818414322,1.109723798713583,0.949748743718593,0.4545454545454545,0.6714864083285136,0.8375209380234468,2.6136363636363633,2.7749360613810765,0.8375209380234468,0.8375209380234468,True,True,True
tune-d,all50L_m10_i0_t2000,2000,0.9748743718592964,1.0,4.21,0.3668409060447661,2.663639803253878,0.949748743718593,0.4545454545454545,0.6714864083285136,0.8375209380234468,2.7272727272727275,-11.10530313184113,0.8375209380234468,-11.10530313184113,True,False,False
tune-d,all50L_m10_i0_t500,500,0.9798994974874372,0.9772727272727272,2.42,0.7335884604062408,1.193719258418464,0.949748743718593,0.4545454545454545,0.6714864083285136,1.0050251256281415,2.6136363636363633,1.1196153468746954,1.0050251256281415,1.0050251256281415,True,True,True
tune-d,all50L_m10_i1_t100,100,0.9748743718592964,0.9545454545454546,1.95,0.7928802588996764,1.0953461975028378,0.949748743718593,0.4545454545454545,0.6714864083285136,0.8375209380234468,2.5000000000000004,3.096008629989215,0.8375209380234468,0.8375209380234468,True,True,True
tune-d,all50L_m10_i1_t2000,2000,0.9698492462311558,0.9318181818181818,2.66,0.6147644242882339,1.401059402194476,0.949748743718593,0.4545454545454545,0.6714864083285136,0.6700167504187597,2.3863636363636362,-2.84118585705887,0.6700167504187597,-2.84118585705887,True,False,False
tune-d,all50L_m10_i1_t500,500,0.9798994974874372,0.8863636363636364,2.42,0.7418106015485408,1.17896329928112,0.949748743718593,0.4545454545454545,0.6714864083285136,1.0050251256281415,2.159090909090909,1.3936867182846961,1.0050251256281415,1.0050251256281415,True,True,True
tune-d,all50L_m20_i0_t100,100,0.964824120603015,0.9772727272727272,2.0,0.803144448083852,1.079455164585698,0.949748743718593,0.4545454545454545,0.6714864083285136,0.5025125628140689,2.6136363636363633,3.4381482694617347,0.5025125628140689,0.5025125628140689,True,True,True
tune-d,all50L_m20_i0_t2000,2000,0.9698492462311558,1.0,4.27,0.3733788395904437,2.609912977676882,0.949748743718593,0.4545454545454545,0.6714864083285136,0.6700167504187597,2.7272727272727275,-10.887372013651875,0.6700167504187597,-10.887372013651875,True,False,False
tune-d,all50L_m20_i0_t500,500,0.9748743718592964,0.9772727272727272,2.5,0.7651376146788991,1.142640938327658,0.949748743718593,0.4545454545454545,0.6714864083285136,0.8375209380234468,2.6136363636363633,2.1712538226299705,0.8375209380234468,0.8375209380234468,True,True,True
tune-d,all50L_m20_i1_t100,100,0.964824120603015,0.9545454545454546,2.0,0.8132669983416252,1.0650775633749527,0.949748743718593,0.4545454545454545,0.6714864083285136,0.5025125628140689,2.5000000000000004,3.775566611387508,0.5025125628140689,0.5025125628140689,True,True,True
tune-d,all50L_m20_i1_t2000,2000,0.964824120603015,0.9318181818181818,2.72,0.6377113133940182,1.3518728717366628,0.949748743718593,0.4545454545454545,0.6714864083285136,0.5025125628140689,2.3863636363636362,-2.076289553532725,0.5025125628140689,-2.076289553532725,True,False,False
tune-d,all50L_m20_i1_t500,500,0.9748743718592964,0.8863636363636364,2.5,0.7740637573506655,1.127884979190314,0.949748743718593,0.4545454545454545,0.6714864083285136,0.8375209380234468,2.159090909090909,2.46879191168885,0.8375209380234468,0.8375209380234468,True,True,True
tune-d,all50L_m30_i0_t100,100,0.9597989949748744,0.9772727272727272,2.0,0.8133333333333334,1.0594021944759742,0.949748743718593,0.4545454545454545,0.6714864083285136,0.3350083752093817,2.6136363636363633,3.77777777777778,0.3350083752093817,0.3350083752093817,True,True,True
tune-d,all50L_m30_i0_t2000,2000,0.9698492462311558,1.0,4.26,0.3761429758935993,2.569807037457435,0.949748743718593,0.4545454545454545,0.6714864083285136,0.6700167504187597,2.7272727272727275,-10.795234136880023,0.6700167504187597,-10.795234136880023,True,False,False
tune-d,all50L_m30_i0_t500,500,0.9698492462311558,0.9772727272727272,2.48,0.7858950031625553,1.1025349981082104,0.949748743718593,0.4545454545454545,0.6714864083285136,0.6700167504187597,2.6136363636363633,2.8631667720851794,0.6700167504187597,0.6700167504187597,True,True,True
tune-d,all50L_m30_i1_t100,100,0.9597989949748744,0.9545454545454546,2.0,0.8237677245104659,1.045024593265229,0.949748743718593,0.4545454545454545,0.6714864083285136,0.3350083752093817,2.5000000000000004,4.125590817015531,0.3350083752093817,0.3350083752093817,True,True,True
tune-d,all50L_m30_i1_t2000,2000,0.9597989949748744,0.9318181818181818,2.71,0.650695931477516,1.3110102156640182,0.949748743718593,0.4545454545454545,0.6714864083285136,0.3350083752093817,2.3863636363636362,-1.6434689507494642,0.3350083752093817,-1.6434689507494642,True,False,False
tune-d,all50L_m30_i1_t500,500,0.9698492462311558,0.8863636363636364,2.48,0.7953890489913544,1.0877790389708664,0.949748743718593,0.4545454545454545,0.6714864083285136,0.6700167504187597,2.159090909090909,3.1796349663784826,0.6700167504187597,0.6700167504187597,True,True,True
tune-d,dep100L_m10_i0_t2000,2000,0.9748743718592964,1.0,3.12,0.3742908537429085,2.616345062429058,0.949748743718593,0.4545454545454545,0.6714864083285136,0.8375209380234468,2.7272727272727275,-10.856971541903048,0.8375209380234468,-10.856971541903048,True,False,False
tune-d,dep100L_m10_i0_t500,500,0.9748743718592964,0.9772727272727272,1.48,0.7696124031007752,1.164207340143776,0.949748743718593,0.4545454545454545,0.6714864083285136,0.8375209380234468,2.6136363636363633,2.3204134366925073,0.8375209380234468,0.8375209380234468,True,True,True
tune-d,dep100L_m10_i1_t2000,2000,0.9698492462311558,0.9318181818181818,1.61,0.6396729095225534,1.373439273552781,0.949748743718593,0.4545454545454545,0.6714864083285136,0.6700167504187597,2.3863636363636362,-2.0109030159148853,0.6700167504187597,-2.0109030159148853,True,False,False
tune-d,dep100L_m10_i1_t500,500,0.9748743718592964,0.9318181818181818,1.48,0.7787193973634652,1.1494513810064322,0.949748743718593,0.4545454545454545,0.6714864083285136,0.8375209380234468,2.3863636363636362,2.623979912115508,0.8375209380234468,0.8375209380234468,True,True,True
tune-d,dep100L_m20_i0_t2000,2000,0.9748743718592964,1.0,3.15,0.3823777403035413,2.5732122587968216,0.949748743718593,0.4545454545454545,0.6714864083285136,0.8375209380234468,2.7272727272727275,-10.587408656548622,0.8375209380234468,-10.587408656548622,True,False,False
tune-d,dep100L_m20_i0_t500,500,0.9698492462311558,0.9772727272727272,1.52,0.8024453024453024,1.11842603102535,0.949748743718593,0.4545454545454545,0.6714864083285136,0.6700167504187597,2.6136363636363633,3.414843414843416,0.6700167504187597,0.6700167504187597,True,True,True
tune-d,dep100L_m20_i1_t2000,2000,0.964824120603015,0.9318181818181818,1.64,0.6634040239260468,1.3295497540673478,0.949748743718593,0.4545454545454545,0.6714864083285136,0.5025125628140689,2.3863636363636362,-1.2198658691317719,0.5025125628140689,-1.2198658691317719,True,False,False
tune-d,dep100L_m20_i1_t500,500,0.9698492462311558,0.9318181818181818,1.52,0.8123167155425219,1.103670071888006,0.949748743718593,0.4545454545454545,0.6714864083285136,0.6700167504187597,2.3863636363636362,3.7438905180840663,0.6700167504187597,0.6700167504187597,True,True,True
tune-d,dep100L_m30_i0_t2000,2000,0.9748743718592964,1.0,3.15,0.382747786346758,2.5300794551645858,0.949748743718593,0.4545454545454545,0.6714864083285136,0.8375209380234468,2.7272727272727275,-10.575073788441399,0.8375209380234468,-10.575073788441399,True,False,False
tune-d,dep100L_m30_i0_t500,500,0.964824120603015,0.9772727272727272,1.54,0.8204272363150867,1.075293227393114,0.949748743718593,0.4545454545454545,0.6714864083285136,0.5025125628140689,2.6136363636363633,4.014241210502893,0.5025125628140689,0.5025125628140689,True,True,True
tune-d,dep100L_m30_i1_t2000,2000,0.9597989949748744,0.9318181818181818,1.64,0.6730283468986809,1.2860385925085132,0.949748743718593,0.4545454545454545,0.6714864083285136,0.3350083752093817,2.3863636363636362,-0.8990551033773035,0.3350083752093817,-0.8990551033773035,True,False,False
tune-d,dep100L_m30_i1_t500,500,0.964824120603015,0.9318181818181818,1.54,0.830909705782888,1.06053726825577,0.949748743718593,0.4545454545454545,0.6714864083285136,0.5025125628140689,2.3863636363636362,4.363656859429603,0.5025125628140689,0.5025125628140689,True,True,True
tune-d,dep50L_m10_i0_t100,100,0.964824120603015,0.9772727272727272,0.63,0.8262483130904184,1.097616345062429,0.949748743718593,0.4545454545454545,0.6714864083285136,0.5025125628140689,2.6136363636363633,4.2082771030139465,0.5025125628140689,0.5025125628140689,True,True,True
tune-d,dep50L_m10_i0_t2000,2000,0.9798994974874372,1.0,2.44,0.3794158553546592,2.628074158153613,0.949748743718593,0.4545454545454545,0.6714864083285136,1.0050251256281415,2.7272727272727275,-10.686138154844691,1.0050251256281415,-10.686138154844691,True,False,False
tune-d,dep50L_m10_i0_t500,500,0.9798994974874372,0.9772727272727272,0.81,0.7818581293157565,1.1748013620885358,0.949748743718593,0.4545454545454545,0.6714864083285136,1.0050251256281415,2.6136363636363633,2.728604310525218,1.0050251256281415,1.0050251256281415,True,True,True
tune-d,dep50L_m10_i1_t100,100,0.964824120603015,0.9545454545454546,0.63,0.8372649572649573,1.0828603859250852,0.949748743718593,0.4545454545454545,0.6714864083285136,0.5025125628140689,2.5000000000000004,4.575498575498579,0.5025125628140689,0.5025125628140689,True,True,True
tune-d,dep50L_m10_i1_t2000,2000,0.9748743718592964,0.9545454545454546,0.92,0.6510820197702378,1.3813847900113507,0.949748743718593,0.4545454545454545,0.6714864083285136,0.8375209380234468,2.5000000000000004,-1.630599340992071,0.8375209380234468,-1.630599340992071,True,False,False
tune-d,dep50L_m10_i1_t500,500,0.9798994974874372,0.9318181818181818,0.81,0.7912297426120114,1.1600454029511915,0.949748743718593,0.4545454545454545,0.6714864083285136,1.0050251256281415,2.3863636363636362,3.0409914204003816,1.0050251256281415,1.0050251256281415,True,True,True
tune-d,dep50L_m20_i0_t100,100,0.9547738693467336,0.9772727272727272,0.66,0.8526645768025078,1.061293984108967,0.949748743718593,0.4545454545454545,0.6714864083285136,0.16750418760468716,2.6136363636363633,5.088819226750263,0.16750418760468716,0.16750418760468716,True,True,True
tune-d,dep50L_m20_i0_t2000,2000,0.9748743718592964,1.0,2.51,0.3867082329601813,2.5751040484298144,0.949748743718593,0.4545454545454545,0.6714864083285136,0.8375209380234468,2.7272727272727275,-10.443058901327289,0.8375209380234468,-10.443058901327289,True,False,False
tune-d,dep50L_m20_i0_t500,500,0.9748743718592964,0.9772727272727272,0.88,0.8187765783447825,1.1233446840711312,0.949748743718593,0.4545454545454545,0.6714864083285136,0.8375209380234468,2.6136363636363633,3.959219278159417,0.8375209380234468,0.8375209380234468,True,True,True
tune-d,dep50L_m20_i1_t100,100,0.9547738693467336,0.9545454545454546,0.66,0.864406779661017,1.0465380249716232,0.949748743718593,0.4545454545454545,0.6714864083285136,0.16750418760468716,2.5000000000000004,5.4802259887005675,0.16750418760468716,0.16750418760468716,True,True,True
tune-d,dep50L_m20_i1_t2000,2000,0.9698492462311558,0.9545454545454546,0.99,0.6770718232044199,1.3321982595535375,0.949748743718593,0.4545454545454545,0.6714864083285136,0.6700167504187597,2.5000000000000004,-0.7642725598526672,0.6700167504187597,-0.7642725598526672,True,False,False
tune-d,dep50L_m20_i1_t500,500,0.9748743718592964,0.9318181818181818,0.88,0.8290258449304175,1.1085887249337874,0.949748743718593,0.4545454545454545,0.6714864083285136,0.8375209380234468,2.3863636363636362,4.300861497680586,0.8375209380234468,0.8375209380234468,True,True,True
tune-d,dep50L_m30_i0_t100,100,0.9547738693467336,0.9772727272727272,0.66,0.8621794871794872,1.0374574347332577,0.949748743718593,0.4545454545454545,0.6714864083285136,0.16750418760468716,2.6136363636363633,5.405982905982909,0.16750418760468716,0.16750418760468716,True,True,True
tune-d,dep50L_m30_i0_t2000,2000,0.9748743718592964,1.0,2.51,0.3872640829851606,2.531214528944381,0.949748743718593,0.4545454545454545,0.6714864083285136,0.8375209380234468,2.7272727272727275,-10.424530567161312,0.8375209380234468,-10.424530567161312,True,False,False
tune-d,dep50L_m30_i0_t500,500,0.9698492462311558,0.9772727272727272,0.88,0.8379204892966361,1.0802118804388952,0.949748743718593,0.4545454545454545,0.6714864083285136,0.6700167504187597,2.6136363636363633,4.597349643221205,0.6700167504187597,0.6700167504187597,True,True,True
tune-d,dep50L_m30_i1_t100,100,0.9547738693467336,0.9545454545454546,0.66,0.8743228602383532,1.0227014755959138,0.949748743718593,0.4545454545454545,0.6714864083285136,0.16750418760468716,2.5000000000000004,5.810762007945106,0.16750418760468716,0.16750418760468716,True,True,True
tune-d,dep50L_m30_i1_t2000,2000,0.964824120603015,0.9545454545454546,0.99,0.6876962603482729,1.2879303821415058,0.949748743718593,0.4545454545454545,0.6714864083285136,0.5025125628140689,2.5000000000000004,-0.41012465505756807,0.5025125628140689,-0.41012465505756807,True,False,False
tune-d,dep50L_m30_i1_t500,500,0.9698492462311558,0.9318181818181818,0.88,0.8488292011019284,1.065455921301551,0.949748743718593,0.4545454545454545,0.6714864083285136,0.6700167504187597,2.3863636363636362,4.9609733700642815,0.6700167504187597,0.6700167504187597,True,True,True
tune-d,latch_m10_i0_t100,100,0.984924623115578,0.9772727272727272,5.51,0.6283018867924528,1.395762391222096,0.949748743718593,0.4545454545454545,0.6714864083285136,1.172529313232836,2.6136363636363633,-2.3899371069182385,1.172529313232836,-2.3899371069182385,True,False,False
tune-d,latch_m10_i1_t100,100,0.984924623115578,0.9318181818181818,5.51,0.6335714285714286,1.3806280741581536,0.949748743718593,0.4545454545454545,0.6714864083285136,1.172529313232836,2.3863636363636362,-2.214285714285713,1.172529313232836,-2.214285714285713,True,False,False
tune-d,latch_m20_i0_t100,100,0.9798994974874372,0.9772727272727272,5.5,0.6662518666002987,1.312145289443814,0.949748743718593,0.4545454545454545,0.6714864083285136,1.0050251256281415,2.6136363636363633,-1.1249377799900429,1.0050251256281415,-1.1249377799900429,True,False,False
tune-d,latch_m20_i1_t100,100,0.9798994974874372,0.9318181818181818,5.5,0.6721970839617899,1.2970109723798713,0.949748743718593,0.4545454545454545,0.6714864083285136,1.0050251256281415,2.3863636363636362,-0.9267638679403353,1.0050251256281415,-0.9267638679403353,True,False,False
tune-d,latch_m30_i0_t100,100,0.9748743718592964,0.9772727272727272,5.48,0.6916600894501447,1.230798335225123,0.949748743718593,0.4545454545454545,0.6714864083285136,0.8375209380234468,2.6136363636363633,-0.2779970183285093,0.8375209380234468,-0.2779970183285093,True,False,False
tune-d,latch_m30_i1_t100,100,0.9748743718592964,0.9318181818181818,5.48,0.6982185588939112,1.2156640181611804,0.949748743718593,0.4545454545454545,0.6714864083285136,0.8375209380234468,2.3863636363636362,-0.05938137020295997,0.8375209380234468,-0.05938137020295997,True,False,False
