stage,arm,tick_ms,merge_ms,confirm,inhibit,ramp_refractory_s,hold_s,anchor_ok,strict_prec,leak_noticed,background,ac_lo,ln_lo,leak_anchor_ok,per_incident,cost_s,calls,conjunction,graded,within_background,frontier
tune-a,m1_ce_ia_r0_t100,100,10,event all 50 ms,any,1.0,15.0,0.9748743718592964,0.7946631955743573,0.8181818181818182,1.93,-0.0134529147982063,-0.2708333333333333,0.5227272727272727,1.0896708286038592,0.96663996143,3.49,False,-8.027777777777777,True,True
tune-a,m1_ce_ia_r30_t100,100,10,event all 50 ms,any,30.0,15.0,0.9748743718592964,0.7946631955743573,0.8181818181818182,1.93,-0.0134529147982063,-0.2708333333333333,0.5227272727272727,1.0896708286038592,0.96663996143,3.49,False,-8.027777777777777,True,True
tune-a,m1_ce_in_r30_t100,100,10,event all 50 ms,not_ramp_noticed,30.0,15.0,0.9748743718592964,0.7865421764327108,0.8409090909090909,1.93,-0.0134529147982063,-0.25,0.5227272727272727,1.102156640181612,1.06119331031,3.79,False,-7.333333333333334,True,True
tune-a,m1_ce_i0_r30_t100,100,10,event all 50 ms,off,30.0,15.0,0.9748743718592964,0.7832480818414322,0.9772727272727272,1.95,-0.0134529147982063,-0.06,0.5681818181818182,1.109723798713583,1.10134624609,3.92,False,-1.0,True,True
tune-a,m0_ce_ia_r0_t100,100,0,event all 50 ms,any,1.0,15.0,0.9748743718592964,0.753527751646284,0.8181818181818182,1.92,-0.0134529147982063,-0.2708333333333333,0.5227272727272727,1.133938706015891,0.96898776077,3.56,False,-8.027777777777777,True,False
tune-a,m0_ce_ia_r30_t100,100,0,event all 50 ms,any,30.0,15.0,0.9748743718592964,0.753527751646284,0.8181818181818182,1.92,-0.0134529147982063,-0.2708333333333333,0.5227272727272727,1.133938706015891,0.96898776077,3.56,False,-8.027777777777777,True,False
tune-b,h15_ia_r10_t100,100,0,event all 50 ms,any,10.0,15.0,0.9748743718592964,0.753527751646284,0.8181818181818182,1.92,-0.0134529147982063,-0.2708333333333333,0.5227272727272727,1.133938706015891,0.96898776077,3.56,False,-8.027777777777777,True,False
tune-b,h15_ia_r15_t100,100,0,event all 50 ms,any,15.0,15.0,0.9748743718592964,0.753527751646284,0.8181818181818182,1.92,-0.0134529147982063,-0.2708333333333333,0.5227272727272727,1.133938706015891,0.96898776077,3.56,False,-8.027777777777777,True,False
tune-b,h15_ia_r1_t100,100,0,event all 50 ms,any,1.0,15.0,0.9748743718592964,0.753527751646284,0.8181818181818182,1.92,-0.0134529147982063,-0.2708333333333333,0.5227272727272727,1.133938706015891,0.96898776077,3.56,False,-8.027777777777777,True,False
tune-b,h15_ia_r20_t100,100,0,event all 50 ms,any,20.0,15.0,0.9748743718592964,0.753527751646284,0.8181818181818182,1.92,-0.0134529147982063,-0.2708333333333333,0.5227272727272727,1.133938706015891,0.96898776077,3.56,False,-8.027777777777777,True,False
tune-b,h15_ia_r30_t100,100,0,event all 50 ms,any,30.0,15.0,0.9748743718592964,0.753527751646284,0.8181818181818182,1.92,-0.0134529147982063,-0.2708333333333333,0.5227272727272727,1.133938706015891,0.96898776077,3.56,False,-8.027777777777777,True,False
tune-b,h15_ia_r5_t100,100,0,event all 50 ms,any,5.0,15.0,0.9748743718592964,0.753527751646284,0.8181818181818182,1.92,-0.0134529147982063,-0.2708333333333333,0.5227272727272727,1.133938706015891,0.96898776077,3.56,False,-8.027777777777777,True,False
tune-b,h6_ia_r30_t100,100,0,event all 50 ms,any,30.0,6.0,0.9748743718592964,0.7520274485339987,0.9545454545454546,1.94,-0.0134529147982063,-0.0925925925925925,0.5681818181818182,1.1396140749148695,0.7994349013600001,2.7,False,-2.086419753086417,True,False
tune-b,h6_ia_r20_t100,100,0,event all 50 ms,any,20.0,6.0,0.9748743718592964,0.7517929529154973,0.9545454545454546,1.94,-0.0134529147982063,-0.0925925925925925,0.5681818181818182,1.139992432841468,0.7994354249700001,2.7,False,-2.086419753086417,True,False
tune-b,h6_ia_r15_t100,100,0,event all 50 ms,any,15.0,6.0,0.9748743718592964,0.7508564310183743,0.9545454545454546,1.95,-0.0134529147982063,-0.0925925925925925,0.5681818181818182,1.1411275066212636,0.7994362876100001,2.7,False,-2.086419753086417,True,False
tune-b,h6_ia_r10_t100,100,0,event all 50 ms,any,10.0,6.0,0.9748743718592964,0.7489903696800249,0.9545454545454546,1.95,-0.0134529147982063,-0.0925925925925925,0.5681818181818182,1.1441543700340522,0.7994379863400001,2.7,False,-2.086419753086417,True,False
tune-b,h6_ia_r1_t100,100,0,event all 50 ms,any,1.0,6.0,0.9748743718592964,0.7482929857231533,0.9545454545454546,1.95,-0.0134529147982063,-0.0925925925925925,0.5681818181818182,1.145289443813848,0.79943865216,2.7,False,-2.086419753086417,True,False
tune-b,h6_ia_r5_t100,100,0,event all 50 ms,any,5.0,6.0,0.9748743718592964,0.7482929857231533,0.9545454545454546,1.95,-0.0134529147982063,-0.0925925925925925,0.5681818181818182,1.145289443813848,0.79943865216,2.7,False,-2.086419753086417,True,False
tune-a,m0_ce_in_r30_t100,100,0,event all 50 ms,not_ramp_noticed,30.0,15.0,0.9748743718592964,0.7461204220980757,0.8409090909090909,1.92,-0.0134529147982063,-0.25,0.5227272727272727,1.1464245175936436,1.0635410118400002,3.86,False,-7.333333333333334,True,False
tune-b,h15_in_r30_t100,100,0,event all 50 ms,not_ramp_noticed,30.0,15.0,0.9748743718592964,0.7461204220980757,0.8409090909090909,1.92,-0.0134529147982063,-0.25,0.5227272727272727,1.1464245175936436,1.0635410118400002,3.86,False,-7.333333333333334,True,False
tune-b,h6_in_r30_t100,100,0,event all 50 ms,not_ramp_noticed,30.0,6.0,0.9748743718592964,0.7434474252235584,0.9772727272727272,1.94,-0.0134529147982063,-0.06,0.5681818181818182,1.1536133181990162,0.90353820353,3.03,False,-1.0,True,False
tune-a,m0_ce_i0_r30_t100,100,0,event all 50 ms,off,30.0,15.0,0.9748743718592964,0.7432182490752158,0.9772727272727272,1.94,-0.0134529147982063,-0.06,0.5681818181818182,1.1539916761256148,1.1036941255,3.99,False,-1.0,True,False
tune-b,h15_i0_r30_t100,100,0,event all 50 ms,off,30.0,15.0,0.9748743718592964,0.7432182490752158,0.9772727272727272,1.94,-0.0134529147982063,-0.06,0.5681818181818182,1.1539916761256148,1.1036941255,3.99,False,-1.0,True,False
tune-b,h6_i0_r30_t100,100,0,event all 50 ms,off,30.0,6.0,0.9748743718592964,0.7432182490752158,0.9772727272727272,1.94,-0.0134529147982063,-0.06,0.5681818181818182,1.1539916761256148,0.90353828774,3.03,False,-1.0,True,False
tune-b,h15_in_r20_t100,100,0,event all 50 ms,not_ramp_noticed,20.0,15.0,0.9748743718592964,0.7415175817396669,0.8409090909090909,1.93,-0.0134529147982063,-0.25,0.5227272727272727,1.1536133181990162,1.11734291721,4.04,False,-7.333333333333334,True,False
tune-b,h6_in_r20_t100,100,0,event all 50 ms,not_ramp_noticed,20.0,6.0,0.9748743718592964,0.7382118799755052,0.9772727272727272,1.95,-0.0134529147982063,-0.06,0.5681818181818182,1.1619371925841846,0.95474072491,3.2,False,-1.0,True,False
tune-b,h15_i0_r20_t100,100,0,event all 50 ms,off,20.0,15.0,0.9748743718592964,0.7379859198041017,0.9772727272727272,1.95,-0.0134529147982063,-0.06,0.5681818181818182,1.1623155505107832,1.1654962721500002,4.2,False,-1.0,True,False
tune-b,h6_i0_r20_t100,100,0,event all 50 ms,off,20.0,6.0,0.9748743718592964,0.7379859198041017,0.9772727272727272,1.95,-0.0134529147982063,-0.06,0.5681818181818182,1.1623155505107832,0.95474080912,3.2,False,-1.0,True,False
tune-b,h15_in_r15_t100,100,0,event all 50 ms,not_ramp_noticed,15.0,15.0,0.9748743718592964,0.736068585425597,0.8409090909090909,1.93,-0.0134529147982063,-0.25,0.5227272727272727,1.1626939084373815,1.17744551284,4.23,False,-7.333333333333334,True,False
tune-b,h6_in_r15_t100,100,0,event all 50 ms,not_ramp_noticed,15.0,6.0,0.9748743718592964,0.7319368548876746,1.0,1.95,-0.0134529147982063,0.0,0.5681818181818182,1.1725312145289444,1.01459346469,3.39,True,0.3958123953098802,True,True
tune-b,h15_i0_r15_t100,100,0,event all 50 ms,off,15.0,15.0,0.9748743718592964,0.7317147192716237,1.0,1.95,-0.0134529147982063,0.0,0.5681818181818182,1.172909572455543,1.23204918942,4.41,True,0.3958123953098802,True,False
tune-b,h6_i0_r15_t100,100,0,event all 50 ms,off,15.0,6.0,0.9748743718592964,0.7317147192716237,1.0,1.95,-0.0134529147982063,0.0,0.5681818181818182,1.172909572455543,1.0145935489,3.39,True,0.3958123953098802,True,False
tune-a,m1_ce_in_r0_t100,100,10,event all 50 ms,not_ramp_noticed,1.0,15.0,0.9748743718592964,0.731437125748503,0.8409090909090909,1.95,-0.0134529147982063,-0.25,0.5227272727272727,1.1899356791524782,1.5816653609500002,5.51,False,-7.333333333333334,True,False
tune-b,h15_in_r10_t100,100,0,event all 50 ms,not_ramp_noticed,10.0,15.0,0.9748743718592964,0.7258454106280193,0.8409090909090909,1.94,-0.0134529147982063,-0.25,0.5227272727272727,1.179720015134317,1.26505054775,4.52,False,-7.333333333333334,True,False
tune-a,m1_ce_i0_r0_t100,100,10,event all 50 ms,off,1.0,15.0,0.9748743718592964,0.720164609053498,1.0,1.97,-0.0134529147982063,0.0,0.5681818181818182,1.212637154748392,1.70632211484,5.93,True,0.3958123953098802,True,False
tune-b,h6_in_r10_t100,100,0,event all 50 ms,not_ramp_noticed,10.0,6.0,0.9748743718592964,0.720131421744325,1.0,1.96,-0.0134529147982063,0.0,0.5681818181818182,1.1925841846386682,1.11379873857,3.72,True,0.3958123953098802,True,False
tune-b,h15_i0_r10_t100,100,0,event all 50 ms,off,10.0,15.0,0.9748743718592964,0.7199163929531204,1.0,1.96,-0.0134529147982063,0.0,0.5681818181818182,1.1929625425652668,1.3409548518800003,4.77,True,0.3958123953098802,True,False
tune-b,h6_i0_r10_t100,100,0,event all 50 ms,off,10.0,6.0,0.9748743718592964,0.7199163929531204,1.0,1.96,-0.0134529147982063,0.0,0.5681818181818182,1.1929625425652668,1.11379882278,3.72,True,0.3958123953098802,True,False
tune-b,h15_in_r5_t100,100,0,event all 50 ms,not_ramp_noticed,5.0,15.0,0.9748743718592964,0.7014881820834549,0.8409090909090909,1.94,-0.0134529147982063,-0.25,0.5227272727272727,1.2232311766931516,1.5206108032,5.36,False,-7.333333333333334,True,False
tune-a,m0_ce_in_r0_t100,100,0,event all 50 ms,not_ramp_noticed,1.0,15.0,0.9748743718592964,0.6956018518518519,0.8409090909090909,1.94,-0.0134529147982063,-0.25,0.5227272727272727,1.23420355656451,1.58401306253,5.58,False,-7.333333333333334,True,False
tune-b,h15_in_r1_t100,100,0,event all 50 ms,not_ramp_noticed,1.0,15.0,0.9748743718592964,0.6956018518518519,0.8409090909090909,1.94,-0.0134529147982063,-0.25,0.5227272727272727,1.23420355656451,1.58401306253,5.58,False,-7.333333333333334,True,False
tune-b,h6_in_r5_t100,100,0,event all 50 ms,not_ramp_noticed,5.0,6.0,0.9748743718592964,0.6924181504882252,1.0,1.96,-0.0134529147982063,0.0,0.5681818181818182,1.2432841468028757,1.38941053807,4.62,False,-0.0193949837258252,True,False
tune-b,h15_i0_r5_t100,100,0,event all 50 ms,off,5.0,15.0,0.9748743718592964,0.6920206659012629,1.0,1.96,-0.0134529147982063,0.0,0.5681818181818182,1.2440408626560726,1.6363671098,5.75,False,-0.0326444699579024,True,False
tune-b,h6_i0_r5_t100,100,0,event all 50 ms,off,5.0,6.0,0.9748743718592964,0.6920206659012629,1.0,1.96,-0.0134529147982063,0.0,0.5681818181818182,1.2440408626560726,1.38941070619,4.62,False,-0.0326444699579024,True,False
tune-b,h6_in_r1_t100,100,0,event all 50 ms,not_ramp_noticed,1.0,6.0,0.9748743718592964,0.6857224118316269,1.0,1.96,-0.0134529147982063,0.0,0.5681818181818182,1.256148316307227,1.45016341704,4.83,False,-0.2425862722791031,True,False
tune-a,m0_ce_i0_r0_t100,100,0,event all 50 ms,off,1.0,15.0,0.9748743718592964,0.6853325753268903,1.0,1.96,-0.0134529147982063,0.0,0.5681818181818182,1.2569050321604238,1.70866999432,6.0,False,-0.2555808224369886,True,False
tune-b,h15_i0_r1_t100,100,0,event all 50 ms,off,1.0,15.0,0.9748743718592964,0.6853325753268903,1.0,1.96,-0.0134529147982063,0.0,0.5681818181818182,1.2569050321604238,1.70866999432,6.0,False,-0.2555808224369886,True,False
tune-b,h6_i0_r1_t100,100,0,event all 50 ms,off,1.0,6.0,0.9748743718592964,0.6853325753268903,1.0,1.96,-0.0134529147982063,0.0,0.5681818181818182,1.2569050321604238,1.45016358516,4.83,False,-0.2555808224369886,True,False
tune-a,m1_cl_ia_r0_t100,100,10,latch all,any,1.0,15.0,0.984924623115578,0.6346660282499401,0.7954545454545454,5.49,0.0,-0.2972972972972972,0.5,1.3726825576995838,1.14313669724,4.27,False,-8.909909909909908,True,True
tune-a,m1_cl_ia_r30_t100,100,10,latch all,any,30.0,15.0,0.984924623115578,0.6346660282499401,0.7954545454545454,5.49,0.0,-0.2972972972972972,0.5,1.3726825576995838,1.14313669724,4.27,False,-8.909909909909908,True,True
tune-a,m1_cl_in_r30_t100,100,10,latch all,not_ramp_noticed,30.0,15.0,0.984924623115578,0.6300784034212402,0.8181818181818182,5.49,0.0,-0.276595744680851,0.5,1.384790011350738,1.23524023662,4.56,False,-8.219858156028367,True,True
tune-a,m1_cl_i0_r30_t100,100,10,latch all,off,30.0,15.0,0.984924623115578,0.6283018867924528,0.9772727272727272,5.51,0.0,-0.06,0.5681818181818182,1.395762391222096,1.28074520758,4.71,False,-2.156603773584905,True,True
tune-a,m1_cl_in_r0_t100,100,10,latch all,not_ramp_noticed,1.0,15.0,0.984924623115578,0.5986455981941309,0.8181818181818182,5.51,0.0,-0.276595744680851,0.5,1.467650397275823,1.74016081435,6.22,False,-8.219858156028367,True,False
tune-a,m1_cl_i0_r0_t100,100,10,latch all,off,1.0,15.0,0.984924623115578,0.5901639344262295,1.0,5.53,0.0,0.0,0.5681818181818182,1.498675747256905,1.88572107749,6.72,False,-3.427868852459015,True,True
tune-a,m0_cl_ia_r0_t100,100,0,latch all,any,1.0,15.0,0.984924623115578,0.5154138513513513,0.7954545454545454,5.56,0.0,-0.2972972972972972,0.5,1.5815361331819902,1.2481605111400005,4.87,False,-8.909909909909908,True,False
tune-a,m0_cl_ia_r30_t100,100,0,latch all,any,30.0,15.0,0.984924623115578,0.5154138513513513,0.7954545454545454,5.56,0.0,-0.2972972972972972,0.5,1.5815361331819902,1.2481605111400005,4.87,False,-8.909909909909908,True,False
tune-a,m0_cl_in_r30_t100,100,0,latch all,not_ramp_noticed,30.0,15.0,0.984924623115578,0.5121644295302014,0.8181818181818182,5.56,0.0,-0.276595744680851,0.5,1.5936435868331442,1.3402638372100002,5.16,False,-8.219858156028367,True,False
tune-a,m0_cl_i0_r30_t100,100,0,latch all,off,30.0,15.0,0.984924623115578,0.5113565326109606,0.9772727272727272,5.58,0.0,-0.06,0.5681818181818182,1.6046159667045024,1.3861191398,5.31,False,-6.054782246301312,True,False
tune-a,m0_cl_in_r0_t100,100,0,latch all,not_ramp_noticed,1.0,15.0,0.984924623115578,0.4894768490679494,0.8181818181818182,5.58,0.0,-0.276595744680851,0.5,1.6765039727582294,1.84518442044,6.82,False,-8.219858156028367,True,False
tune-a,m0_cl_i0_r0_t100,100,0,latch all,off,1.0,15.0,0.984924623115578,0.4837374334713187,1.0,5.6,0.0,0.0,0.5681818181818182,1.7075293227393114,1.99109501029,7.32,False,-6.975418884289375,True,False
tune-c,dep50L_m50_ia_r15_h15_t500,500,50,event dependents 50 ms,any,15.0,15.0,0.9698492462311558,0.8933481976960238,0.7954545454545454,0.86,-0.02,-0.2926829268292683,0.5,0.9856223987892546,0.90866603547,3.31,False,-8.756097560975611,True,True
tune-c,dep50L_m50_ia_r1_h15_t500,500,50,event dependents 50 ms,any,1.0,15.0,0.9698492462311558,0.8933481976960238,0.7954545454545454,0.86,-0.02,-0.2926829268292683,0.5,0.9856223987892546,0.90866603547,3.31,False,-8.756097560975611,True,True
tune-c,dep50L_m50_ia_r30_h15_t500,500,50,event dependents 50 ms,any,30.0,15.0,0.9698492462311558,0.8933481976960238,0.7954545454545454,0.86,-0.02,-0.2926829268292683,0.5,0.9856223987892546,0.90866603547,3.31,False,-8.756097560975611,True,True
tune-b,dep50L_m50_ia_r20_t500,500,50,event dependents 50 ms,any,20.0,6.0,0.9698492462311558,0.8893397270379934,0.9318181818181818,0.88,-0.02,-0.131578947368421,0.5227272727272727,0.9924328414680288,0.76441687755,2.56,False,-3.3859649122807,True,True
tune-b,dep50L_m50_ia_r30_t500,500,50,event dependents 50 ms,any,30.0,6.0,0.9698492462311558,0.8893397270379934,0.9318181818181818,0.88,-0.02,-0.131578947368421,0.5227272727272727,0.9924328414680288,0.76441687755,2.56,False,-3.3859649122807,True,True
tune-b,dep50L_m50_ia_r15_t500,500,50,event dependents 50 ms,any,15.0,6.0,0.9698492462311558,0.8883566691230655,0.9318181818181818,0.89,-0.02,-0.131578947368421,0.5227272727272727,0.9931895573212258,0.7644178903400001,2.56,False,-3.3859649122807,True,False
tune-b,dep50L_m50_ia_r10_t500,500,50,event dependents 50 ms,any,10.0,6.0,0.9698492462311558,0.8863970588235294,0.9318181818181818,0.89,-0.02,-0.131578947368421,0.5227272727272727,0.9954597048808173,0.7644192260700001,2.56,False,-3.3859649122807,True,False
tune-b,dep50L_m50_ia_r1_t500,500,50,event dependents 50 ms,any,1.0,6.0,0.9698492462311558,0.8863970588235294,0.9318181818181818,0.89,-0.02,-0.131578947368421,0.5227272727272727,0.9954597048808173,0.7644192260700001,2.56,False,-3.3859649122807,True,False
tune-b,dep50L_m50_ia_r5_t500,500,50,event dependents 50 ms,any,5.0,6.0,0.9698492462311558,0.8863970588235294,0.9318181818181818,0.89,-0.02,-0.131578947368421,0.5227272727272727,0.9954597048808173,0.7644192260700001,2.56,False,-3.3859649122807,True,False
tune-c,dep50L_m50_in_r30_h15_t500,500,50,event dependents 50 ms,not_ramp_noticed,30.0,15.0,0.9698492462311558,0.8835415135929464,0.8409090909090909,0.86,-0.02,-0.25,0.5,0.99735149451381,0.99911939025,3.6,False,-7.333333333333334,True,False
tune-b,dep50L_m50_in_r30_t500,500,50,event dependents 50 ms,not_ramp_noticed,30.0,6.0,0.9698492462311558,0.8773653566229985,0.9772727272727272,0.88,-0.02,-0.0697674418604651,0.5227272727272727,1.0064320847521755,0.86731979652,2.89,False,-1.325581395348837,True,True
tune-b,dep50L_m50_i0_r30_t500,500,50,event dependents 50 ms,off,30.0,6.0,0.9698492462311558,0.8770909090909091,0.9772727272727272,0.88,-0.02,-0.0697674418604651,0.5227272727272727,1.0071888006053726,0.8673207175100001,2.89,False,-1.325581395348837,True,False
tune-c,dep50L_m50_i0_r30_h15_t500,500,50,event dependents 50 ms,off,30.0,15.0,0.9698492462311558,0.8770909090909091,0.9772727272727272,0.88,-0.02,-0.0697674418604651,0.5227272727272727,1.0071888006053726,1.04272362872,3.74,False,-1.325581395348837,True,False
tune-c,dep50L_m50_in_r15_h15_t500,500,50,event dependents 50 ms,not_ramp_noticed,15.0,15.0,0.9698492462311558,0.8723249909321726,0.8409090909090909,0.88,-0.02,-0.25,0.5,1.0098373060915626,1.0911729798900005,3.9,False,-7.333333333333334,True,False
tune-c,dep100L_m50_ia_r15_h15_t500,500,50,event dependents 100 ms,any,15.0,15.0,0.964824120603015,0.8717296511627907,0.8181818181818182,1.52,-0.0235294117647059,-0.2653061224489795,0.5,0.983730609156262,0.91067192371,3.32,False,-7.843537414965984,True,False
tune-c,dep100L_m50_ia_r1_h15_t500,500,50,event dependents 100 ms,any,1.0,15.0,0.964824120603015,0.8717296511627907,0.8181818181818182,1.52,-0.0235294117647059,-0.2653061224489795,0.5,0.983730609156262,0.91067192371,3.32,False,-7.843537414965984,True,False
tune-c,dep100L_m50_ia_r30_h15_t500,500,50,event dependents 100 ms,any,30.0,15.0,0.964824120603015,0.8717296511627907,0.8181818181818182,1.52,-0.0235294117647059,-0.2653061224489795,0.5,0.983730609156262,0.91067192371,3.32,False,-7.843537414965984,True,False
tune-b,dep50L_m50_in_r20_t500,500,50,event dependents 50 ms,not_ramp_noticed,20.0,6.0,0.9698492462311558,0.8697691197691197,0.9772727272727272,0.88,-0.02,-0.0697674418604651,0.5227272727272727,1.015512674990541,0.93272181306,3.1,False,-1.325581395348837,True,False
tune-b,dep50L_m50_i0_r20_t500,500,50,event dependents 50 ms,off,20.0,6.0,0.9698492462311558,0.8691891891891892,0.9772727272727272,0.88,-0.02,-0.0697674418604651,0.5227272727272727,1.0166477487703367,0.93272325766,3.1,False,-1.325581395348837,True,False
tune-b,dep100L_m50_ia_r20_t500,500,50,event dependents 100 ms,any,20.0,6.0,0.964824120603015,0.8682785997834717,0.9318181818181818,1.54,-0.0235294117647059,-0.131578947368421,0.5227272727272727,0.9901626939084374,0.76657294622,2.57,False,-3.3859649122807,True,False
tune-b,dep100L_m50_ia_r30_t500,500,50,event dependents 100 ms,any,30.0,6.0,0.964824120603015,0.8682785997834717,0.9318181818181818,1.54,-0.0235294117647059,-0.131578947368421,0.5227272727272727,0.9901626939084374,0.76657294622,2.57,False,-3.3859649122807,True,False
tune-b,dep100L_m50_ia_r15_t500,500,50,event dependents 100 ms,any,15.0,6.0,0.964824120603015,0.8673395818312906,0.9318181818181818,1.55,-0.0235294117647059,-0.131578947368421,0.5227272727272727,0.9909194097616344,0.766573959,2.57,False,-3.3859649122807,True,False
tune-b,dep100L_m50_ia_r10_t500,500,50,event dependents 100 ms,any,10.0,6.0,0.964824120603015,0.8654676258992806,0.9318181818181818,1.55,-0.0235294117647059,-0.131578947368421,0.5227272727272727,0.9931895573212258,0.7665752947200001,2.57,False,-3.3859649122807,True,False
tune-b,dep100L_m50_ia_r1_t500,500,50,event dependents 100 ms,any,1.0,6.0,0.964824120603015,0.8654676258992806,0.9318181818181818,1.55,-0.0235294117647059,-0.131578947368421,0.5227272727272727,0.9931895573212258,0.7665752947200001,2.57,False,-3.3859649122807,True,False
tune-b,dep100L_m50_ia_r5_t500,500,50,event dependents 100 ms,any,5.0,6.0,0.964824120603015,0.8654676258992806,0.9318181818181818,1.55,-0.0235294117647059,-0.131578947368421,0.5227272727272727,0.9931895573212258,0.7665752947200001,2.57,False,-3.3859649122807,True,False
tune-b,dep50L_m50_in_r15_t500,500,50,event dependents 50 ms,not_ramp_noticed,15.0,6.0,0.9698492462311558,0.8638480831243281,1.0,0.9,-0.02,0.0,0.5227272727272727,1.0219447597427167,0.97172430717,3.23,True,0.228308207705193,True,True
tune-b,dep50L_m50_i0_r15_t500,500,50,event dependents 50 ms,off,15.0,6.0,0.9698492462311558,0.8635875402792696,1.0,0.9,-0.02,0.0,0.5227272727272727,1.0227014755959138,0.97172522816,3.23,True,0.228308207705193,True,False
tune-c,dep50L_m50_i0_r15_h15_t500,500,50,event dependents 50 ms,off,15.0,15.0,0.9698492462311558,0.8635875402792696,1.0,0.9,-0.02,0.0,0.5227272727272727,1.0227014755959138,1.1554280542000002,4.11,True,0.228308207705193,True,False
tune-c,dep100L_m50_in_r30_h15_t500,500,50,event dependents 100 ms,not_ramp_noticed,30.0,15.0,0.964824120603015,0.8617594254937163,0.8636363636363636,1.52,-0.0235294117647059,-0.2222222222222222,0.5,0.9962164207340144,1.00827544319,3.63,False,-6.407407407407407,True,False
tune-b,dep100L_m50_in_r30_t500,500,50,event dependents 100 ms,not_ramp_noticed,30.0,6.0,0.964824120603015,0.8568376068376068,0.9772727272727272,1.54,-0.0235294117647059,-0.0697674418604651,0.5227272727272727,1.0041619371925845,0.8694758654900001,2.9,False,-1.325581395348837,True,False
tune-b,dep100L_m50_i0_r30_t500,500,50,event dependents 100 ms,off,30.0,6.0,0.964824120603015,0.8565836298932384,0.9772727272727272,1.54,-0.0235294117647059,-0.0697674418604651,0.5227272727272727,1.0049186530457812,0.86947678647,2.9,False,-1.325581395348837,True,False
tune-c,dep100L_m50_i0_r30_h15_t500,500,50,event dependents 100 ms,off,30.0,15.0,0.964824120603015,0.8565836298932384,0.9772727272727272,1.54,-0.0235294117647059,-0.0697674418604651,0.5227272727272727,1.0049186530457812,1.04132943617,3.74,False,-1.325581395348837,True,False
tune-c,dep50L_m30_ia_r15_h15_t500,500,30,event dependents 50 ms,any,15.0,15.0,0.9698492462311558,0.8522884882108183,0.7954545454545454,0.86,-0.02,-0.2926829268292683,0.5,1.0586454786227772,0.95679647656,3.51,False,-8.756097560975611,True,False
tune-c,dep50L_m30_ia_r1_h15_t500,500,30,event dependents 50 ms,any,1.0,15.0,0.9698492462311558,0.8522884882108183,0.7954545454545454,0.86,-0.02,-0.2926829268292683,0.5,1.0586454786227772,0.95679647656,3.51,False,-8.756097560975611,True,False
tune-c,dep50L_m30_ia_r30_h15_t500,500,30,event dependents 50 ms,any,30.0,15.0,0.9698492462311558,0.8522884882108183,0.7954545454545454,0.86,-0.02,-0.2926829268292683,0.5,1.0586454786227772,0.95679647656,3.51,False,-8.756097560975611,True,False
tune-c,dep100L_m50_in_r15_h15_t500,500,50,event dependents 100 ms,not_ramp_noticed,15.0,15.0,0.964824120603015,0.851063829787234,0.8636363636363636,1.54,-0.0235294117647059,-0.2222222222222222,0.5,1.008702232311767,1.10032903285,3.93,False,-6.407407407407407,True,False
tune-b,dep100L_m50_in_r20_t500,500,50,event dependents 100 ms,not_ramp_noticed,20.0,6.0,0.964824120603015,0.8495762711864406,0.9772727272727272,1.54,-0.0235294117647059,-0.0697674418604651,0.5227272727272727,1.0132425274309498,0.93487788202,3.11,False,-1.325581395348837,True,False
tune-b,dep100L_m50_i0_r20_t500,500,50,event dependents 100 ms,off,20.0,6.0,0.964824120603015,0.8490299823633157,0.9772727272727272,1.54,-0.0235294117647059,-0.0697674418604651,0.5227272727272727,1.0143776012107453,0.93487932661,3.11,False,-1.325581395348837,True,False
tune-b,dep50L_m30_ia_r20_t500,500,30,event dependents 50 ms,any,20.0,6.0,0.9698492462311558,0.8488292011019284,0.9318181818181818,0.88,-0.02,-0.131578947368421,0.5227272727272727,1.065455921301551,0.76894726172,2.58,False,-3.3859649122807,True,False
tune-b,dep50L_m30_ia_r30_t500,500,30,event dependents 50 ms,any,30.0,6.0,0.9698492462311558,0.8488292011019284,0.9318181818181818,0.88,-0.02,-0.131578947368421,0.5227272727272727,1.065455921301551,0.76894726172,2.58,False,-3.3859649122807,True,False
tune-b,dep50L_m30_ia_r15_t500,500,30,event dependents 50 ms,any,15.0,6.0,0.9698492462311558,0.847953216374269,0.9318181818181818,0.89,-0.02,-0.131578947368421,0.5227272727272727,1.0662126371547485,0.76894827451,2.58,False,-3.3859649122807,True,False
tune-b,dep50L_m50_in_r10_t500,500,50,event dependents 50 ms,not_ramp_noticed,10.0,6.0,0.9698492462311558,0.8465589887640449,1.0,0.9,-0.02,0.0,0.5227272727272727,1.0435111615588346,1.08397985631,3.59,True,0.228308207705193,True,False
tune-b,dep50L_m30_ia_r10_t500,500,30,event dependents 50 ms,any,10.0,6.0,0.9698492462311558,0.8462066598008926,0.9318181818181818,0.89,-0.02,-0.131578947368421,0.5227272727272727,1.0684827847143397,0.7689496102200001,2.58,False,-3.3859649122807,True,False
tune-b,dep50L_m30_ia_r1_t500,500,30,event dependents 50 ms,any,1.0,6.0,0.9698492462311558,0.8462066598008926,0.9318181818181818,0.89,-0.02,-0.131578947368421,0.5227272727272727,1.0684827847143397,0.7689496102200001,2.58,False,-3.3859649122807,True,False
tune-b,dep50L_m30_ia_r5_t500,500,30,event dependents 50 ms,any,5.0,6.0,0.9698492462311558,0.8462066598008926,0.9318181818181818,0.89,-0.02,-0.131578947368421,0.5227272727272727,1.0684827847143397,0.7689496102200001,2.58,False,-3.3859649122807,True,False
tune-b,dep50L_m50_i0_r10_t500,500,50,event dependents 50 ms,off,10.0,6.0,0.9698492462311558,0.8460189407225535,1.0,0.9,-0.02,0.0,0.5227272727272727,1.0446462353386303,1.08398086118,3.59,True,0.228308207705193,True,False
tune-b,dep100L_m50_in_r15_t500,500,50,event dependents 100 ms,not_ramp_noticed,15.0,6.0,0.964824120603015,0.8439144159943879,1.0,1.56,-0.0235294117647059,0.0,0.5227272727272727,1.0196746121831253,0.97388037611,3.24,True,0.0608040201005022,True,False
tune-b,dep100L_m50_i0_r15_t500,500,50,event dependents 100 ms,off,15.0,6.0,0.964824120603015,0.8436733263231686,1.0,1.56,-0.0235294117647059,0.0,0.5227272727272727,1.0204313280363224,0.97388129709,3.24,True,0.0608040201005022,True,False
tune-c,dep100L_m50_i0_r15_h15_t500,500,50,event dependents 100 ms,off,15.0,15.0,0.964824120603015,0.8436733263231686,1.0,1.56,-0.0235294117647059,0.0,0.5227272727272727,1.0204313280363224,1.15403386166,4.11,True,0.0608040201005022,True,False
tune-c,dep50L_m30_in_r30_h15_t500,500,30,event dependents 50 ms,not_ramp_noticed,30.0,15.0,0.9698492462311558,0.8435677530017153,0.8409090909090909,0.86,-0.02,-0.25,0.5,1.0703745743473323,1.0472498865000002,3.8,False,-7.333333333333334,True,False
tune-b,dep50L_m30_in_r30_t500,500,30,event dependents 50 ms,not_ramp_noticed,30.0,6.0,0.9698492462311558,0.838150289017341,0.9772727272727272,0.88,-0.02,-0.0697674418604651,0.5227272727272727,1.079455164585698,0.87185018106,2.91,False,-1.325581395348837,True,False
tune-b,dep50L_m30_i0_r30_t500,500,30,event dependents 50 ms,off,30.0,6.0,0.9698492462311558,0.8379204892966361,0.9772727272727272,0.88,-0.02,-0.0697674418604651,0.5227272727272727,1.0802118804388952,0.87185110206,2.91,False,-1.325581395348837,True,False
tune-c,dep50L_m30_i0_r30_h15_t500,500,30,event dependents 50 ms,off,30.0,15.0,0.9698492462311558,0.8379204892966361,0.9772727272727272,0.88,-0.02,-0.0697674418604651,0.5227272727272727,1.0802118804388952,1.090854125,3.94,False,-1.325581395348837,True,False
tune-c,dep100L_m30_ia_r15_h15_t500,500,30,event dependents 100 ms,any,15.0,15.0,0.964824120603015,0.8339006126616746,0.8181818181818182,1.52,-0.0235294117647059,-0.2653061224489795,0.5,1.0541051835035944,0.96029995393,3.52,False,-7.843537414965984,True,False
tune-c,dep100L_m30_ia_r1_h15_t500,500,30,event dependents 100 ms,any,1.0,15.0,0.964824120603015,0.8339006126616746,0.8181818181818182,1.52,-0.0235294117647059,-0.2653061224489795,0.5,1.0541051835035944,0.96029995393,3.52,False,-7.843537414965984,True,False
tune-c,dep100L_m30_ia_r30_h15_t500,500,30,event dependents 100 ms,any,30.0,15.0,0.964824120603015,0.8339006126616746,0.8181818181818182,1.52,-0.0235294117647059,-0.2653061224489795,0.5,1.0541051835035944,0.96029995393,3.52,False,-7.843537414965984,True,False
tune-c,dep50L_m30_in_r15_h15_t500,500,30,event dependents 50 ms,not_ramp_noticed,15.0,15.0,0.9698492462311558,0.8335593220338983,0.8409090909090909,0.88,-0.02,-0.25,0.5,1.0828603859250852,1.13930347617,4.1,False,-7.333333333333334,True,False
tune-c,all50L_m50_ia_r15_h15_t500,500,50,event all 50 ms,any,15.0,15.0,0.9698492462311558,0.8325326012354153,0.7954545454545454,2.46,-0.02,-0.2941176470588235,0.5227272727272727,1.009458948164964,0.95219772984,3.49,False,-8.803921568627448,True,False
tune-c,all50L_m50_ia_r1_h15_t500,500,50,event all 50 ms,any,1.0,15.0,0.9698492462311558,0.8325326012354153,0.7954545454545454,2.46,-0.02,-0.2941176470588235,0.5227272727272727,1.009458948164964,0.95219772984,3.49,False,-8.803921568627448,True,False
tune-c,all50L_m50_ia_r30_h15_t500,500,50,event all 50 ms,any,30.0,15.0,0.9698492462311558,0.8325326012354153,0.7954545454545454,2.46,-0.02,-0.2941176470588235,0.5227272727272727,1.009458948164964,0.95219772984,3.49,False,-8.803921568627448,True,False
tune-c,dep50L_m20_ia_r15_h15_t500,500,20,event dependents 50 ms,any,15.0,15.0,0.9748743718592964,0.8322214809873248,0.7954545454545454,0.86,-0.0132450331125827,-0.2926829268292683,0.5,1.1017782822550133,0.98621776839,3.63,False,-8.756097560975611,True,True
tune-c,dep50L_m20_ia_r1_h15_t500,500,20,event dependents 50 ms,any,1.0,15.0,0.9748743718592964,0.8322214809873248,0.7954545454545454,0.86,-0.0132450331125827,-0.2926829268292683,0.5,1.1017782822550133,0.98621776839,3.63,False,-8.756097560975611,True,True
tune-c,dep50L_m20_ia_r30_h15_t500,500,20,event dependents 50 ms,any,30.0,15.0,0.9748743718592964,0.8322214809873248,0.7954545454545454,0.86,-0.0132450331125827,-0.2926829268292683,0.5,1.1017782822550133,0.98621776839,3.63,False,-8.756097560975611,True,True
tune-b,dep50L_m30_in_r20_t500,500,30,event dependents 50 ms,not_ramp_noticed,20.0,6.0,0.9698492462311558,0.8313659359190556,0.9772727272727272,0.88,-0.02,-0.0697674418604651,0.5227272727272727,1.0885357548240635,0.9372521976,3.12,False,-1.325581395348837,True,False
tune-b,dep100L_m30_ia_r20_t500,500,30,event dependents 100 ms,any,20.0,6.0,0.964824120603015,0.830909705782888,0.9318181818181818,1.54,-0.0235294117647059,-0.131578947368421,0.5227272727272727,1.06053726825577,0.77140089404,2.59,False,-3.3859649122807,True,False
tune-b,dep100L_m30_ia_r30_t500,500,30,event dependents 100 ms,any,30.0,6.0,0.964824120603015,0.830909705782888,0.9318181818181818,1.54,-0.0235294117647059,-0.131578947368421,0.5227272727272727,1.06053726825577,0.77140089404,2.59,False,-3.3859649122807,True,False
tune-b,dep50L_m30_i0_r20_t500,500,30,event dependents 50 ms,off,20.0,6.0,0.9698492462311558,0.8308625336927223,0.9772727272727272,0.88,-0.02,-0.0697674418604651,0.5227272727272727,1.0896708286038592,0.93725364221,3.12,False,-1.325581395348837,True,False
tune-b,dep100L_m30_ia_r15_t500,500,30,event dependents 100 ms,any,15.0,6.0,0.964824120603015,0.8300675675675676,0.9318181818181818,1.55,-0.0235294117647059,-0.131578947368421,0.5227272727272727,1.061293984108967,0.7714019068300001,2.59,False,-3.3859649122807,True,False
tune-b,all50L_m50_ia_r20_t500,500,50,event all 50 ms,any,20.0,6.0,0.9698492462311558,0.8295260825093761,0.8863636363636364,2.48,-0.02,-0.1904761904761904,0.5227272727272727,1.0158910329171396,0.7797971717500001,2.63,False,-5.349206349206347,True,False
tune-b,all50L_m50_ia_r30_t500,500,50,event all 50 ms,any,30.0,6.0,0.9698492462311558,0.8295260825093761,0.8863636363636364,2.48,-0.02,-0.1904761904761904,0.5227272727272727,1.0158910329171396,0.7797971717500001,2.63,False,-5.349206349206347,True,False
tune-b,dep50L_m20_ia_r20_t500,500,20,event dependents 50 ms,any,20.0,6.0,0.9748743718592964,0.8290258449304175,0.9318181818181818,0.88,-0.0132450331125827,-0.131578947368421,0.5227272727272727,1.1085887249337874,0.7933180296200001,2.66,False,-3.3859649122807,True,True
tune-b,dep50L_m20_ia_r30_t500,500,20,event dependents 50 ms,any,30.0,6.0,0.9748743718592964,0.8290258449304175,0.9318181818181818,0.88,-0.0132450331125827,-0.131578947368421,0.5227272727272727,1.1085887249337874,0.7933180296200001,2.66,False,-3.3859649122807,True,True
tune-b,all50L_m50_ia_r15_t500,500,50,event all 50 ms,any,15.0,6.0,0.9698492462311558,0.8286784741144414,0.8863636363636364,2.49,-0.02,-0.1904761904761904,0.5227272727272727,1.0166477487703367,0.77979818454,2.63,False,-5.349206349206347,True,False
tune-b,dep100L_m30_ia_r10_t500,500,30,event dependents 100 ms,any,10.0,6.0,0.964824120603015,0.8283884018880647,0.9318181818181818,1.55,-0.0235294117647059,-0.131578947368421,0.5227272727272727,1.0635641316685585,0.77140324256,2.59,False,-3.3859649122807,True,False
tune-b,dep100L_m30_ia_r1_t500,500,30,event dependents 100 ms,any,1.0,6.0,0.964824120603015,0.8283884018880647,0.9318181818181818,1.55,-0.0235294117647059,-0.131578947368421,0.5227272727272727,1.0635641316685585,0.77140324256,2.59,False,-3.3859649122807,True,False
tune-b,dep100L_m30_ia_r5_t500,500,30,event dependents 100 ms,any,5.0,6.0,0.964824120603015,0.8283884018880647,0.9318181818181818,1.55,-0.0235294117647059,-0.131578947368421,0.5227272727272727,1.0635641316685585,0.77140324256,2.59,False,-3.3859649122807,True,False
tune-b,dep50L_m20_ia_r15_t500,500,20,event dependents 50 ms,any,15.0,6.0,0.9748743718592964,0.8282025819265144,0.9318181818181818,0.89,-0.0132450331125827,-0.131578947368421,0.5227272727272727,1.1093454407869845,0.7933190424100001,2.66,False,-3.3859649122807,True,False
tune-b,dep100L_m50_in_r10_t500,500,50,event dependents 100 ms,not_ramp_noticed,10.0,6.0,0.964824120603015,0.827372764786795,1.0,1.56,-0.0235294117647059,0.0,0.5227272727272727,1.0412410139992432,1.08613592253,3.6,True,0.0608040201005022,True,False
tune-b,all50L_m50_ia_r10_t500,500,50,event all 50 ms,any,10.0,6.0,0.9698492462311558,0.8269884432358939,0.8863636363636364,2.49,-0.02,-0.1904761904761904,0.5227272727272727,1.018917896329928,0.77979952026,2.63,False,-5.349206349206347,True,False
tune-b,all50L_m50_ia_r1_t500,500,50,event all 50 ms,any,1.0,6.0,0.9698492462311558,0.8269884432358939,0.8863636363636364,2.49,-0.02,-0.1904761904761904,0.5227272727272727,1.018917896329928,0.77979952026,2.63,False,-5.349206349206347,True,False
tune-b,all50L_m50_ia_r5_t500,500,50,event all 50 ms,any,5.0,6.0,0.9698492462311558,0.8269884432358939,0.8863636363636364,2.49,-0.02,-0.1904761904761904,0.5227272727272727,1.018917896329928,0.77979952026,2.63,False,-5.349206349206347,True,False
tune-b,dep100L_m50_i0_r10_t500,500,50,event dependents 100 ms,off,10.0,6.0,0.964824120603015,0.8268636207488835,1.0,1.56,-0.0235294117647059,0.0,0.5227272727272727,1.042376087779039,1.08613692738,3.6,True,0.0608040201005022,True,False
tune-b,dep50L_m20_ia_r10_t500,500,20,event dependents 50 ms,any,10.0,6.0,0.9748743718592964,0.8265609514370664,0.9318181818181818,0.89,-0.0132450331125827,-0.131578947368421,0.5227272727272727,1.111615588346576,0.79332037815,2.66,False,-3.3859649122807,True,False
tune-b,dep50L_m20_ia_r1_t500,500,20,event dependents 50 ms,any,1.0,6.0,0.9748743718592964,0.8265609514370664,0.9318181818181818,0.89,-0.0132450331125827,-0.131578947368421,0.5227272727272727,1.111615588346576,0.79332037815,2.66,False,-3.3859649122807,True,False
tune-b,dep50L_m20_ia_r5_t500,500,20,event dependents 50 ms,any,5.0,6.0,0.9748743718592964,0.8265609514370664,0.9318181818181818,0.89,-0.0132450331125827,-0.131578947368421,0.5227272727272727,1.111615588346576,0.79332037815,2.66,False,-3.3859649122807,True,False
tune-b,dep50L_m30_in_r15_t500,500,30,event dependents 50 ms,not_ramp_noticed,15.0,6.0,0.9698492462311558,0.8260723860589813,1.0,0.9,-0.02,0.0,0.5227272727272727,1.0949678395762392,0.97625469173,3.25,True,0.228308207705193,True,False
tune-b,dep50L_m30_i0_r15_t500,500,30,event dependents 50 ms,off,15.0,6.0,0.9698492462311558,0.825853985264568,1.0,0.9,-0.02,0.0,0.5227272727272727,1.095724555429436,0.97625561272,3.25,True,0.228308207705193,True,False
tune-c,dep50L_m30_i0_r15_h15_t500,500,30,event dependents 50 ms,off,15.0,15.0,0.9698492462311558,0.825853985264568,1.0,0.9,-0.02,0.0,0.5227272727272727,1.095724555429436,1.2035585505000002,4.31,True,0.228308207705193,True,False
tune-c,dep100L_m30_in_r30_h15_t500,500,30,event dependents 100 ms,not_ramp_noticed,30.0,15.0,0.964824120603015,0.8249747559744194,0.8636363636363636,1.52,-0.0235294117647059,-0.2222222222222222,0.5,1.066590995081347,1.05790352892,3.83,False,-6.407407407407407,True,False
tune-c,dep50L_m20_in_r30_h15_t500,500,20,event dependents 50 ms,not_ramp_noticed,30.0,15.0,0.9748743718592964,0.8240343347639485,0.8409090909090909,0.86,-0.0132450331125827,-0.25,0.5,1.1135073779795688,1.07667112318,3.92,False,-7.333333333333334,True,False
tune-c,all50L_m50_in_r30_h15_t500,500,50,event all 50 ms,not_ramp_noticed,30.0,15.0,0.9698492462311558,0.8238289205702648,0.8409090909090909,2.46,-0.02,-0.25,0.5227272727272727,1.021566401816118,1.0455011763700002,3.79,False,-7.333333333333334,True,False
tune-b,dep100L_m30_in_r30_t500,500,30,event dependents 100 ms,not_ramp_noticed,30.0,6.0,0.964824120603015,0.8206412825651302,0.9772727272727272,1.54,-0.0235294117647059,-0.0697674418604651,0.5227272727272727,1.0745365115399168,0.87430381367,2.92,False,-1.325581395348837,True,False
tune-b,dep100L_m30_i0_r30_t500,500,30,event dependents 100 ms,off,30.0,6.0,0.964824120603015,0.8204272363150867,0.9772727272727272,1.54,-0.0235294117647059,-0.0697674418604651,0.5227272727272727,1.075293227393114,0.87430473466,2.92,False,-1.325581395348837,True,False
tune-c,dep100L_m30_i0_r30_h15_t500,500,30,event dependents 100 ms,off,30.0,15.0,0.964824120603015,0.8204272363150867,0.9772727272727272,1.54,-0.0235294117647059,-0.0697674418604651,0.5227272727272727,1.075293227393114,1.0909575218800005,3.94,False,-1.325581395348837,True,False
tune-b,all50L_m50_in_r30_t500,500,50,event all 50 ms,not_ramp_noticed,30.0,6.0,0.9698492462311558,0.819743935309973,0.9318181818181818,2.48,-0.02,-0.1363636363636363,0.5227272727272727,1.0291335603480891,0.8768499355,2.94,False,-3.545454545454544,True,False
tune-b,dep50L_m20_in_r30_t500,500,20,event dependents 50 ms,not_ramp_noticed,30.0,6.0,0.9748743718592964,0.8189852700490998,0.9772727272727272,0.88,-0.0132450331125827,-0.0697674418604651,0.5227272727272727,1.1225879682179345,0.89622094899,2.99,False,-1.325581395348837,True,True
tune-b,all50L_m50_i0_r30_t500,500,50,event all 50 ms,off,30.0,6.0,0.9698492462311558,0.8189771197846568,0.9772727272727272,2.48,-0.02,-0.0697674418604651,0.5227272727272727,1.0306469920544836,0.8895007689500001,2.98,False,-1.325581395348837,True,False
tune-c,all50L_m50_i0_r30_h15_t500,500,50,event all 50 ms,off,30.0,15.0,0.9698492462311558,0.8189771197846568,0.9772727272727272,2.48,-0.02,-0.0697674418604651,0.5227272727272727,1.0306469920544836,1.08700498208,3.92,False,-1.325581395348837,True,False
tune-b,dep50L_m20_i0_r30_t500,500,20,event dependents 50 ms,off,30.0,6.0,0.9748743718592964,0.8187765783447825,0.9772727272727272,0.88,-0.0132450331125827,-0.0697674418604651,0.5227272727272727,1.1233446840711312,0.8962218699700001,2.99,False,-1.325581395348837,True,False
tune-c,dep50L_m20_i0_r30_h15_t500,500,20,event dependents 50 ms,off,30.0,15.0,0.9748743718592964,0.8187765783447825,0.9772727272727272,0.88,-0.0132450331125827,-0.0697674418604651,0.5227272727272727,1.1233446840711312,1.12027536167,4.06,False,-1.325581395348837,True,False
tune-c,dep50L_m50_in_r1_h15_t500,500,50,event dependents 50 ms,not_ramp_noticed,1.0,15.0,0.9698492462311558,0.8166383701188455,0.8409090909090909,0.88,-0.02,-0.25,0.5,1.0809685962920923,1.53029028849,5.34,False,-7.333333333333334,True,False
tune-c,dep100L_m30_in_r15_h15_t500,500,30,event dependents 100 ms,not_ramp_noticed,15.0,15.0,0.964824120603015,0.8153692614770459,0.8636363636363636,1.54,-0.0235294117647059,-0.2222222222222222,0.5,1.0790768066590994,1.14995711858,4.13,False,-6.407407407407407,True,False
tune-c,dep100L_m20_ia_r15_h15_t500,500,20,event dependents 100 ms,any,15.0,15.0,0.9698492462311558,0.8150819672131148,0.8181818181818182,1.5,-0.0162162162162162,-0.2653061224489795,0.5,1.0972379871358304,0.98532324214,3.63,False,-7.843537414965984,True,False
tune-c,dep100L_m20_ia_r1_h15_t500,500,20,event dependents 100 ms,any,1.0,15.0,0.9698492462311558,0.8150819672131148,0.8181818181818182,1.5,-0.0162162162162162,-0.2653061224489795,0.5,1.0972379871358304,0.98532324214,3.63,False,-7.843537414965984,True,False
tune-c,dep100L_m20_ia_r30_h15_t500,500,20,event dependents 100 ms,any,30.0,15.0,0.9698492462311558,0.8150819672131148,0.8181818181818182,1.5,-0.0162162162162162,-0.2653061224489795,0.5,1.0972379871358304,0.98532324214,3.63,False,-7.843537414965984,True,False
tune-c,dep50L_m20_in_r15_h15_t500,500,20,event dependents 50 ms,not_ramp_noticed,15.0,15.0,0.9748743718592964,0.814621409921671,0.8409090909090909,0.88,-0.0132450331125827,-0.25,0.5,1.1259931895573212,1.16872471283,4.22,False,-7.333333333333334,True,False
tune-b,dep100L_m30_in_r20_t500,500,30,event dependents 100 ms,not_ramp_noticed,20.0,6.0,0.964824120603015,0.8141153081510935,0.9772727272727272,1.54,-0.0235294117647059,-0.0697674418604651,0.5227272727272727,1.0836171017782823,0.93970583019,3.13,False,-1.325581395348837,True,False
tune-c,all50L_m50_in_r15_h15_t500,500,50,event all 50 ms,not_ramp_noticed,15.0,15.0,0.9698492462311558,0.8138832997987927,0.8409090909090909,2.48,-0.02,-0.25,0.5227272727272727,1.0344305713204691,1.1415548614800002,4.1,False,-7.333333333333334,True,False
tune-b,dep100L_m30_i0_r20_t500,500,30,event dependents 100 ms,off,20.0,6.0,0.964824120603015,0.8136378682555445,0.9772727272727272,1.54,-0.0235294117647059,-0.0697674418604651,0.5227272727272727,1.084752175558078,0.93970727479,3.13,False,-1.325581395348837,True,False
tune-b,all50L_m50_in_r20_t500,500,50,event all 50 ms,not_ramp_noticed,20.0,6.0,0.9698492462311558,0.8134403209628887,0.9318181818181818,2.48,-0.02,-0.1363636363636363,0.5227272727272727,1.0378357926598565,0.94225187824,3.15,False,-3.545454545454544,True,False
tune-b,dep50L_m20_in_r20_t500,500,20,event dependents 50 ms,not_ramp_noticed,20.0,6.0,0.9748743718592964,0.8126014939915557,0.9772727272727272,0.88,-0.0132450331125827,-0.0697674418604651,0.5227272727272727,1.1316685584562998,0.9616229655,3.2,False,-1.325581395348837,True,False
tune-b,dep100L_m20_ia_r20_t500,500,20,event dependents 100 ms,any,20.0,6.0,0.9698492462311558,0.8123167155425219,0.9318181818181818,1.52,-0.0162162162162162,-0.131578947368421,0.5227272727272727,1.103670071888006,0.7913738744000001,2.66,False,-3.3859649122807,True,False
tune-b,dep100L_m20_ia_r30_t500,500,20,event dependents 100 ms,any,30.0,6.0,0.9698492462311558,0.8123167155425219,0.9318181818181818,1.52,-0.0162162162162162,-0.131578947368421,0.5227272727272727,1.103670071888006,0.7913738744000001,2.66,False,-3.3859649122807,True,False
tune-b,all50L_m50_i0_r20_t500,500,50,event all 50 ms,off,20.0,6.0,0.9698492462311558,0.8121454788121455,0.9772727272727272,2.48,-0.02,-0.0697674418604651,0.5227272727272727,1.0401059402194477,0.95490330906,3.19,False,-1.325581395348837,True,False
tune-b,dep50L_m20_i0_r20_t500,500,20,event dependents 50 ms,off,20.0,6.0,0.9748743718592964,0.8121349772874756,0.9772727272727272,0.88,-0.0132450331125827,-0.0697674418604651,0.5227272727272727,1.1328036322360953,0.9616244101,3.2,False,-1.325581395348837,True,False
tune-b,dep100L_m20_ia_r15_t500,500,20,event dependents 100 ms,any,15.0,6.0,0.9698492462311558,0.8115234375,0.9318181818181818,1.53,-0.0162162162162162,-0.131578947368421,0.5227272727272727,1.1044267877412033,0.79137488717,2.66,False,-3.3859649122807,True,False
tune-b,dep50L_m50_in_r5_t500,500,50,event dependents 50 ms,not_ramp_noticed,5.0,6.0,0.9698492462311558,0.8115112756647593,1.0,0.9,-0.02,0.0,0.5227272727272727,1.0900491865304578,1.35229088304,4.46,True,0.228308207705193,True,False
tune-b,dep50L_m30_in_r10_t500,500,30,event dependents 50 ms,not_ramp_noticed,10.0,6.0,0.9698492462311558,0.8105886221637619,1.0,0.9,-0.02,0.0,0.5227272727272727,1.1165342413923571,1.0885102408,3.61,True,0.228308207705193,True,False
tune-b,dep50L_m50_i0_r5_t500,500,50,event dependents 50 ms,off,5.0,6.0,0.9698492462311558,0.8104838709677419,1.0,0.9,-0.02,0.0,0.5227272727272727,1.0919409761634506,1.35229204403,4.46,True,0.228308207705193,True,False
tune-b,dep50L_m30_i0_r10_t500,500,30,event dependents 50 ms,off,10.0,6.0,0.9698492462311558,0.8101182654402103,1.0,0.9,-0.02,0.0,0.5227272727272727,1.1176693151721528,1.08851124565,3.61,True,0.228308207705193,True,False
tune-b,dep100L_m20_ia_r10_t500,500,20,event dependents 100 ms,any,10.0,6.0,0.9698492462311558,0.8099415204678363,0.9318181818181818,1.53,-0.0162162162162162,-0.131578947368421,0.5227272727272727,1.1066969353007945,0.79137622292,2.66,False,-3.3859649122807,True,False
tune-b,dep100L_m20_ia_r1_t500,500,20,event dependents 100 ms,any,1.0,6.0,0.9698492462311558,0.8099415204678363,0.9318181818181818,1.53,-0.0162162162162162,-0.131578947368421,0.5227272727272727,1.1066969353007945,0.79137622292,2.66,False,-3.3859649122807,True,False
tune-b,dep100L_m20_ia_r5_t500,500,20,event dependents 100 ms,any,5.0,6.0,0.9698492462311558,0.8099415204678363,0.9318181818181818,1.53,-0.0162162162162162,-0.131578947368421,0.5227272727272727,1.1066969353007945,0.79137622292,2.66,False,-3.3859649122807,True,False
tune-b,dep100L_m30_in_r15_t500,500,30,event dependents 100 ms,not_ramp_noticed,15.0,6.0,0.964824120603015,0.8090220612446494,1.0,1.56,-0.0235294117647059,0.0,0.5227272727272727,1.0900491865304578,0.97870832433,3.26,True,0.0608040201005022,True,False
tune-b,dep100L_m30_i0_r15_t500,500,30,event dependents 100 ms,off,15.0,6.0,0.964824120603015,0.8088186903586706,1.0,1.56,-0.0235294117647059,0.0,0.5227272727272727,1.090805902383655,0.97870924532,3.26,True,0.0608040201005022,True,False
tune-c,dep100L_m30_i0_r15_h15_t500,500,30,event dependents 100 ms,off,15.0,15.0,0.964824120603015,0.8088186903586706,1.0,1.56,-0.0235294117647059,0.0,0.5227272727272727,1.090805902383655,1.2036619474,4.31,True,0.0608040201005022,True,False
tune-b,all50L_m50_in_r15_t500,500,50,event all 50 ms,not_ramp_noticed,15.0,6.0,0.9698492462311558,0.8085742771684945,0.9545454545454546,2.5,-0.02,-0.0999999999999999,0.5227272727272727,1.0438895194854332,0.97830429222,3.27,False,-2.33333333333333,True,False
tune-b,dep50L_m20_in_r15_t500,500,20,event dependents 50 ms,not_ramp_noticed,15.0,6.0,0.9748743718592964,0.8076178179470627,1.0,0.9,-0.0132450331125827,0.0,0.5227272727272727,1.1381006432084753,1.0006254596100002,3.33,True,0.3958123953098802,True,True
tune-b,dep50L_m20_i0_r15_t500,500,20,event dependents 50 ms,off,15.0,6.0,0.9748743718592964,0.8074193548387096,1.0,0.9,-0.0132450331125827,0.0,0.5227272727272727,1.1388573590616724,1.00062638061,3.33,True,0.3958123953098802,True,False
tune-c,dep50L_m20_i0_r15_h15_t500,500,20,event dependents 50 ms,off,15.0,15.0,0.9748743718592964,0.8074193548387096,1.0,0.9,-0.0132450331125827,0.0,0.5227272727272727,1.1388573590616724,1.23297978713,4.43,True,0.3958123953098802,True,False
tune-b,all50L_m50_i0_r15_t500,500,50,event all 50 ms,off,15.0,6.0,0.9698492462311558,0.8072968490878939,1.0,2.5,-0.02,0.0,0.5227272727272727,1.0461596670450246,0.99390527962,3.32,True,0.228308207705193,True,False
tune-c,all50L_m50_i0_r15_h15_t500,500,50,event all 50 ms,off,15.0,15.0,0.9698492462311558,0.8072968490878939,1.0,2.5,-0.02,0.0,0.5227272727272727,1.0461596670450246,1.19970940753,4.29,True,0.228308207705193,True,False
tune-c,dep100L_m20_in_r30_h15_t500,500,20,event dependents 100 ms,not_ramp_noticed,30.0,15.0,0.9698492462311558,0.8066818034382095,0.8636363636363636,1.5,-0.0162162162162162,-0.2222222222222222,0.5,1.109723798713583,1.08292676199,3.94,False,-6.407407407407407,True,False
tune-b,dep100L_m20_in_r30_t500,500,20,event dependents 100 ms,not_ramp_noticed,30.0,6.0,0.9698492462311558,0.8026400515132003,0.9772727272727272,1.52,-0.0162162162162162,-0.0697674418604651,0.5227272727272727,1.1176693151721528,0.8942767940700002,2.99,False,-1.325581395348837,True,False
tune-b,dep100L_m20_i0_r30_t500,500,20,event dependents 100 ms,off,30.0,6.0,0.9698492462311558,0.8024453024453024,0.9772727272727272,1.52,-0.0162162162162162,-0.0697674418604651,0.5227272727272727,1.11842603102535,0.89427771506,2.99,False,-1.325581395348837,True,False
tune-c,dep100L_m20_i0_r30_h15_t500,500,20,event dependents 100 ms,off,30.0,15.0,0.9698492462311558,0.8024453024453024,0.9772727272727272,1.52,-0.0162162162162162,-0.0697674418604651,0.5227272727272727,1.11842603102535,1.11598075496,4.05,False,-1.325581395348837,True,False
tune-b,dep50L_m50_in_r1_t500,500,50,event dependents 50 ms,not_ramp_noticed,1.0,6.0,0.9698492462311558,0.800464807436919,1.0,0.9,-0.02,0.0,0.5227272727272727,1.1055618615209988,1.43049462185,4.73,True,0.228308207705193,True,False
tune-b,dep50L_m50_i0_r1_t500,500,50,event dependents 50 ms,off,1.0,6.0,0.9698492462311558,0.7989400463729712,1.0,0.9,-0.02,0.0,0.5227272727272727,1.1082103670071888,1.43049594855,4.73,True,0.228308207705193,True,False
tune-c,dep50L_m50_i0_r1_h15_t500,500,50,event dependents 50 ms,off,1.0,15.0,0.9698492462311558,0.7989400463729712,1.0,0.9,-0.02,0.0,0.5227272727272727,1.1082103670071888,1.66514861158,5.79,True,0.228308207705193,True,False
tune-c,all50L_m30_ia_r15_h15_t500,500,30,event all 50 ms,any,15.0,15.0,0.9698492462311558,0.7980025773195877,0.7954545454545454,2.46,-0.02,-0.2941176470588235,0.5227272727272727,1.0813469542186909,0.99297897085,3.68,False,-8.803921568627448,True,False
tune-c,all50L_m30_ia_r1_h15_t500,500,30,event all 50 ms,any,1.0,15.0,0.9698492462311558,0.7980025773195877,0.7954545454545454,2.46,-0.02,-0.2941176470588235,0.5227272727272727,1.0813469542186909,0.99297897085,3.68,False,-8.803921568627448,True,False
tune-c,all50L_m30_ia_r30_h15_t500,500,30,event all 50 ms,any,30.0,15.0,0.9698492462311558,0.7980025773195877,0.7954545454545454,2.46,-0.02,-0.2941176470588235,0.5227272727272727,1.0813469542186909,0.99297897085,3.68,False,-8.803921568627448,True,False
tune-c,dep100L_m20_in_r15_h15_t500,500,20,event dependents 100 ms,not_ramp_noticed,15.0,15.0,0.9698492462311558,0.7976266837716485,0.8636363636363636,1.52,-0.0162162162162162,-0.2222222222222222,0.5,1.1222096102913357,1.17498035164,4.24,False,-6.407407407407407,True,False
tune-b,dep100L_m20_in_r20_t500,500,20,event dependents 100 ms,not_ramp_noticed,20.0,6.0,0.9698492462311558,0.7964856230031949,0.9772727272727272,1.52,-0.0162162162162162,-0.0697674418604651,0.5227272727272727,1.1267499054105183,0.9596788106,3.2,False,-1.325581395348837,True,False
tune-c,dep100L_m50_in_r1_h15_t500,500,50,event dependents 100 ms,not_ramp_noticed,1.0,15.0,0.964824120603015,0.79628400796284,0.8636363636363636,1.54,-0.0235294117647059,-0.2222222222222222,0.5,1.082103670071888,1.55904683005,5.43,False,-6.407407407407407,True,False
tune-b,dep100L_m20_i0_r20_t500,500,20,event dependents 100 ms,off,20.0,6.0,0.9698492462311558,0.7960421321417172,0.9772727272727272,1.52,-0.0162162162162162,-0.0697674418604651,0.5227272727272727,1.127884979190314,0.95968025519,3.2,False,-1.325581395348837,True,False
tune-b,all50L_m30_ia_r20_t500,500,30,event all 50 ms,any,20.0,6.0,0.9698492462311558,0.7953890489913544,0.8863636363636364,2.48,-0.02,-0.1904761904761904,0.5227272727272727,1.0877790389708664,0.7827782550900001,2.65,False,-5.349206349206347,True,False
tune-b,all50L_m30_ia_r30_t500,500,30,event all 50 ms,any,30.0,6.0,0.9698492462311558,0.7953890489913544,0.8863636363636364,2.48,-0.02,-0.1904761904761904,0.5227272727272727,1.0877790389708664,0.7827782550900001,2.65,False,-5.349206349206347,True,False
tune-b,all50L_m30_ia_r15_t500,500,30,event all 50 ms,any,15.0,6.0,0.9698492462311558,0.7946257197696737,0.8863636363636364,2.49,-0.02,-0.1904761904761904,0.5227272727272727,1.0885357548240635,0.7827792678700001,2.65,False,-5.349206349206347,True,False
tune-b,dep100L_m30_in_r10_t500,500,30,event dependents 100 ms,not_ramp_noticed,10.0,6.0,0.964824120603015,0.7941176470588235,1.0,1.56,-0.0235294117647059,0.0,0.5227272727272727,1.111615588346576,1.09096387076,3.62,True,0.0608040201005022,True,False
tune-c,dep50L_m10_ia_r15_h15_t500,500,10,event dependents 50 ms,any,15.0,15.0,0.9798994974874372,0.7940518068436201,0.7954545454545454,0.79,-0.0054054054054053,-0.2926829268292683,0.5,1.1532349602724177,1.0279529417300002,3.79,False,-8.756097560975611,True,True
tune-c,dep50L_m10_ia_r1_h15_t500,500,10,event dependents 50 ms,any,1.0,15.0,0.9798994974874372,0.7940518068436201,0.7954545454545454,0.79,-0.0054054054054053,-0.2926829268292683,0.5,1.1532349602724177,1.0279529417300002,3.79,False,-8.756097560975611,True,True
tune-c,dep50L_m10_ia_r30_h15_t500,500,10,event dependents 50 ms,any,30.0,15.0,0.9798994974874372,0.7940518068436201,0.7954545454545454,0.79,-0.0054054054054053,-0.2926829268292683,0.5,1.1532349602724177,1.0279529417300002,3.79,False,-8.756097560975611,True,True
tune-b,all50L_m50_in_r10_t500,500,50,event all 50 ms,not_ramp_noticed,10.0,6.0,0.9698492462311558,0.7938009787928222,0.9545454545454546,2.5,-0.02,-0.0999999999999999,0.5227272727272727,1.0650775633749527,1.08765978226,3.62,False,-2.33333333333333,True,False
tune-b,dep100L_m50_in_r5_t500,500,50,event dependents 100 ms,not_ramp_noticed,5.0,6.0,0.964824120603015,0.7937974265918839,1.0,1.56,-0.0235294117647059,0.0,0.5227272727272727,1.0877790389708664,1.35444694929,4.47,True,0.0608040201005022,True,False
tune-b,dep100L_m30_i0_r10_t500,500,30,event dependents 100 ms,off,10.0,6.0,0.964824120603015,0.7936712948014207,1.0,1.56,-0.0235294117647059,0.0,0.5227272727272727,1.1127506621263716,1.09096487563,3.62,True,0.0608040201005022,True,False
tune-b,all50L_m30_ia_r10_t500,500,30,event all 50 ms,any,10.0,6.0,0.9698492462311558,0.7931034482758621,0.8863636363636364,2.49,-0.02,-0.1904761904761904,0.5227272727272727,1.090805902383655,0.78278060361,2.65,False,-5.349206349206347,True,False
tune-b,all50L_m30_ia_r1_t500,500,30,event all 50 ms,any,1.0,6.0,0.9698492462311558,0.7931034482758621,0.8863636363636364,2.49,-0.02,-0.1904761904761904,0.5227272727272727,1.090805902383655,0.78278060361,2.65,False,-5.349206349206347,True,False
tune-b,all50L_m30_ia_r5_t500,500,30,event all 50 ms,any,5.0,6.0,0.9698492462311558,0.7931034482758621,0.8863636363636364,2.49,-0.02,-0.1904761904761904,0.5227272727272727,1.090805902383655,0.78278060361,2.65,False,-5.349206349206347,True,False
tune-b,dep50L_m20_in_r10_t500,500,20,event dependents 50 ms,not_ramp_noticed,10.0,6.0,0.9748743718592964,0.793026941362916,1.0,0.9,-0.0132450331125827,0.0,0.5227272727272727,1.1596670450245932,1.11288100879,3.69,True,0.3958123953098802,True,False
tune-b,dep100L_m50_i0_r5_t500,500,50,event dependents 100 ms,off,5.0,6.0,0.964824120603015,0.7928194993412385,1.0,1.56,-0.0235294117647059,0.0,0.5227272727272727,1.0896708286038592,1.35444811027,4.47,True,0.0608040201005022,True,False
tune-b,dep50L_m20_i0_r10_t500,500,20,event dependents 50 ms,off,10.0,6.0,0.9748743718592964,0.792590246991767,1.0,0.9,-0.0132450331125827,0.0,0.5227272727272727,1.1608021188043889,1.1128820136500002,3.69,True,0.3958123953098802,True,False
tune-b,all50L_m50_i0_r10_t500,500,50,event all 50 ms,off,10.0,6.0,0.9698492462311558,0.7920598763423364,1.0,2.5,-0.02,0.0,0.5227272727272727,1.068104426787741,1.1061609172200002,3.68,True,0.228308207705193,True,False
tune-b,dep100L_m20_in_r15_t500,500,20,event dependents 100 ms,not_ramp_noticed,15.0,6.0,0.9698492462311558,0.7916798983804383,1.0,1.54,-0.0162162162162162,0.0,0.5227272727272727,1.1331819901626938,0.99868130471,3.33,True,0.228308207705193,True,False
tune-b,dep100L_m20_i0_r15_t500,500,20,event dependents 100 ms,off,15.0,6.0,0.9698492462311558,0.7914947635671216,1.0,1.54,-0.0162162162162162,0.0,0.5227272727272727,1.133938706015891,0.99868222569,3.33,True,0.228308207705193,True,False
tune-c,dep100L_m20_i0_r15_h15_t500,500,20,event dependents 100 ms,off,15.0,15.0,0.9698492462311558,0.7914947635671216,1.0,1.54,-0.0162162162162162,0.0,0.5227272727272727,1.133938706015891,1.22868518044,4.42,True,0.228308207705193,True,False
tune-a,m1_ce_ia_r30_t500,500,10,event dependents 50 ms,any,30.0,6.0,0.9798994974874372,0.7912297426120114,0.9318181818181818,0.81,-0.0054054054054053,-0.131578947368421,0.5227272727272727,1.1600454029511915,0.8119036638,2.74,False,-3.3859649122807,True,True
tune-b,dep50L_m10_ia_r20_t500,500,10,event dependents 50 ms,any,20.0,6.0,0.9798994974874372,0.7912297426120114,0.9318181818181818,0.81,-0.0054054054054053,-0.131578947368421,0.5227272727272727,1.1600454029511915,0.8119036638,2.74,False,-3.3859649122807,True,True
tune-b,dep50L_m10_ia_r30_t500,500,10,event dependents 50 ms,any,30.0,6.0,0.9798994974874372,0.7912297426120114,0.9318181818181818,0.81,-0.0054054054054053,-0.131578947368421,0.5227272727272727,1.1600454029511915,0.8119036638,2.74,False,-3.3859649122807,True,True
tune-b,dep50L_m10_ia_r15_t500,500,10,event dependents 50 ms,any,15.0,6.0,0.9798994974874372,0.7904761904761904,0.9318181818181818,0.82,-0.0054054054054053,-0.131578947368421,0.5227272727272727,1.1608021188043889,0.8119046765900001,2.74,False,-3.3859649122807,True,False
tune-c,all50L_m30_in_r30_h15_t500,500,30,event all 50 ms,not_ramp_noticed,30.0,15.0,0.9698492462311558,0.7901785714285714,0.8409090909090909,2.46,-0.02,-0.25,0.5227272727272727,1.093454407869845,1.08628247252,3.98,False,-7.333333333333334,True,False
tune-a,m1_ce_ia_r0_t500,500,10,event dependents 50 ms,any,1.0,6.0,0.9798994974874372,0.7889733840304183,0.9318181818181818,0.82,-0.0054054054054053,-0.131578947368421,0.5227272727272727,1.1630722663639803,0.8119060123200001,2.74,False,-3.3859649122807,True,False
tune-b,dep50L_m10_ia_r10_t500,500,10,event dependents 50 ms,any,10.0,6.0,0.9798994974874372,0.7889733840304183,0.9318181818181818,0.82,-0.0054054054054053,-0.131578947368421,0.5227272727272727,1.1630722663639803,0.8119060123200001,2.74,False,-3.3859649122807,True,False
tune-b,dep50L_m10_ia_r1_t500,500,10,event dependents 50 ms,any,1.0,6.0,0.9798994974874372,0.7889733840304183,0.9318181818181818,0.82,-0.0054054054054053,-0.131578947368421,0.5227272727272727,1.1630722663639803,0.8119060123200001,2.74,False,-3.3859649122807,True,False
tune-b,dep50L_m10_ia_r5_t500,500,10,event dependents 50 ms,any,5.0,6.0,0.9798994974874372,0.7889733840304183,0.9318181818181818,0.82,-0.0054054054054053,-0.131578947368421,0.5227272727272727,1.1630722663639803,0.8119060123200001,2.74,False,-3.3859649122807,True,False
tune-b,all50L_m30_in_r30_t500,500,30,event all 50 ms,not_ramp_noticed,30.0,6.0,0.9698492462311558,0.7865737808739709,0.9318181818181818,2.48,-0.02,-0.1363636363636363,0.5227272727272727,1.101021566401816,0.8798310192100001,2.96,False,-3.545454545454544,True,False
tune-c,dep50L_m10_in_r30_h15_t500,500,10,event dependents 50 ms,not_ramp_noticed,30.0,15.0,0.9798994974874372,0.7865737808739709,0.8409090909090909,0.79,-0.0054054054054053,-0.25,0.5,1.1649640559969732,1.11840629652,4.08,False,-7.333333333333334,True,False
tune-c,all100L_m50_ia_r20_h6_t500,500,50,event all 100 ms,any,20.0,6.0,0.9597989949748744,0.7859934853420195,0.9090909090909092,3.91,-0.0297619047619047,-0.1578947368421053,0.5227272727272727,1.0136208853575484,0.78846271177,2.67,False,-4.263157894736844,True,False
tune-c,all100L_m50_ia_r30_h6_t500,500,50,event all 100 ms,any,30.0,6.0,0.9597989949748744,0.7859934853420195,0.9090909090909092,3.91,-0.0297619047619047,-0.1578947368421053,0.5227272727272727,1.0136208853575484,0.78846271177,2.67,False,-4.263157894736844,True,False
tune-b,all50L_m30_i0_r30_t500,500,30,event all 50 ms,off,30.0,6.0,0.9698492462311558,0.7858950031625553,0.9772727272727272,2.48,-0.02,-0.0697674418604651,0.5227272727272727,1.1025349981082104,0.89248185266,3.0,False,-1.325581395348837,True,False
tune-c,all50L_m30_i0_r30_h15_t500,500,30,event all 50 ms,off,30.0,15.0,0.9698492462311558,0.7858950031625553,0.9772727272727272,2.48,-0.02,-0.0697674418604651,0.5227272727272727,1.1025349981082104,1.12778627824,4.11,False,-1.325581395348837,True,False
tune-c,all100L_m50_ia_r15_h6_t500,500,50,event all 100 ms,any,15.0,6.0,0.9597989949748744,0.7854817708333334,0.9090909090909092,3.91,-0.0297619047619047,-0.1578947368421053,0.5227272727272727,1.0143776012107453,0.7884633998200001,2.67,False,-4.263157894736844,True,False
tune-c,all100L_m50_ia_r10_h6_t500,500,50,event all 100 ms,any,10.0,6.0,0.9597989949748744,0.7839506172839507,0.9090909090909092,3.91,-0.0297619047619047,-0.1578947368421053,0.5227272727272727,1.0166477487703367,0.78846473554,2.67,False,-4.263157894736844,True,False
tune-c,all100L_m50_ia_r1_h6_t500,500,50,event all 100 ms,any,1.0,6.0,0.9597989949748744,0.7839506172839507,0.9090909090909092,3.91,-0.0297619047619047,-0.1578947368421053,0.5227272727272727,1.0166477487703367,0.78846473554,2.67,False,-4.263157894736844,True,False
tune-c,all100L_m50_ia_r5_h6_t500,500,50,event all 100 ms,any,5.0,6.0,0.9597989949748744,0.7839506172839507,0.9090909090909092,3.91,-0.0297619047619047,-0.1578947368421053,0.5227272727272727,1.0166477487703367,0.78846473554,2.67,False,-4.263157894736844,True,False
tune-c,dep50L_m30_in_r1_h15_t500,500,30,event dependents 50 ms,not_ramp_noticed,1.0,15.0,0.9698492462311558,0.7836201402166986,0.8409090909090909,0.88,-0.02,-0.25,0.5,1.1539916761256148,1.57842078476,5.54,False,-7.333333333333334,True,False
tune-b,dep100L_m50_in_r1_t500,500,50,event dependents 100 ms,not_ramp_noticed,1.0,6.0,0.964824120603015,0.783203125,1.0,1.56,-0.0235294117647059,0.0,0.5227272727272727,1.1032917139614076,1.43265068812,4.74,True,0.0608040201005022,True,False
tune-a,m1_ce_in_r30_t500,500,10,event dependents 50 ms,not_ramp_noticed,30.0,6.0,0.9798994974874372,0.782035175879397,0.9772727272727272,0.81,-0.0054054054054053,-0.0697674418604651,0.5227272727272727,1.1740446462353389,0.91480658266,3.07,False,-1.325581395348837,True,True
tune-b,dep50L_m10_in_r30_t500,500,10,event dependents 50 ms,not_ramp_noticed,30.0,6.0,0.9798994974874372,0.782035175879397,0.9772727272727272,0.81,-0.0054054054054053,-0.0697674418604651,0.5227272727272727,1.1740446462353389,0.91480658266,3.07,False,-1.325581395348837,True,True
tune-a,m1_ce_i0_r30_t500,500,10,event dependents 50 ms,off,30.0,6.0,0.9798994974874372,0.7818581293157565,0.9772727272727272,0.81,-0.0054054054054053,-0.0697674418604651,0.5227272727272727,1.1748013620885358,0.91480750365,3.07,False,-1.325581395348837,True,False
tune-b,dep50L_m10_i0_r30_t500,500,10,event dependents 50 ms,off,30.0,6.0,0.9798994974874372,0.7818581293157565,0.9772727272727272,0.81,-0.0054054054054053,-0.0697674418604651,0.5227272727272727,1.1748013620885358,0.91480750365,3.07,False,-1.325581395348837,True,False
tune-c,dep50L_m10_i0_r30_h15_t500,500,10,event dependents 50 ms,off,30.0,15.0,0.9798994974874372,0.7818581293157565,0.9772727272727272,0.81,-0.0054054054054053,-0.0697674418604651,0.5227272727272727,1.1748013620885358,1.16201053501,4.22,False,-1.325581395348837,True,False
tune-b,dep100L_m50_i0_r1_t500,500,50,event dependents 100 ms,off,1.0,6.0,0.964824120603015,0.781747320558623,1.0,1.56,-0.0235294117647059,0.0,0.5227272727272727,1.1059402194475974,1.43265201481,4.74,True,0.0608040201005022,True,False
tune-c,dep100L_m50_i0_r1_h15_t500,500,50,event dependents 100 ms,off,1.0,15.0,0.964824120603015,0.781747320558623,1.0,1.56,-0.0235294117647059,0.0,0.5227272727272727,1.1059402194475974,1.66375441903,5.79,True,0.0608040201005022,True,False
tune-c,all50L_m30_in_r15_h15_t500,500,30,event all 50 ms,not_ramp_noticed,15.0,15.0,0.9698492462311558,0.7812105926860026,0.8409090909090909,2.48,-0.02,-0.25,0.5227272727272727,1.106318577374196,1.1823361576900002,4.29,False,-7.333333333333334,True,False
tune-c,dep100L_m10_ia_r15_h15_t500,500,10,event dependents 100 ms,any,15.0,15.0,0.9748743718592964,0.7811809283233344,0.8181818181818182,1.46,-0.0132450331125827,-0.2653061224489795,0.5,1.1430192962542565,1.02644582188,3.78,False,-7.843537414965984,True,False
tune-c,dep100L_m10_ia_r1_h15_t500,500,10,event dependents 100 ms,any,1.0,15.0,0.9748743718592964,0.7811809283233344,0.8181818181818182,1.46,-0.0132450331125827,-0.2653061224489795,0.5,1.1430192962542565,1.02644582188,3.78,False,-7.843537414965984,True,False
tune-c,dep100L_m10_ia_r30_h15_t500,500,10,event dependents 100 ms,any,30.0,15.0,0.9748743718592964,0.7811809283233344,0.8181818181818182,1.46,-0.0132450331125827,-0.2653061224489795,0.5,1.1430192962542565,1.02644582188,3.78,False,-7.843537414965984,True,False
tune-b,all50L_m30_in_r20_t500,500,30,event all 50 ms,not_ramp_noticed,20.0,6.0,0.9698492462311558,0.780886513674945,0.9318181818181818,2.48,-0.02,-0.1363636363636363,0.5227272727272727,1.109723798713583,0.94523296199,3.17,False,-3.545454545454544,True,False
tune-b,all50L_m30_i0_r20_t500,500,30,event all 50 ms,off,20.0,6.0,0.9698492462311558,0.7797301537496077,0.9772727272727272,2.48,-0.02,-0.0697674418604651,0.5227272727272727,1.1119939462731745,0.95788439281,3.21,False,-1.325581395348837,True,False
tune-b,dep50L_m30_in_r5_t500,500,30,event dependents 50 ms,not_ramp_noticed,5.0,6.0,0.9698492462311558,0.7790771175726928,1.0,0.9,-0.02,0.0,0.5227272727272727,1.1630722663639803,1.35682126752,4.48,True,0.228308207705193,True,False
tune-b,dep100L_m10_ia_r20_t500,500,10,event dependents 100 ms,any,20.0,6.0,0.9748743718592964,0.7787193973634652,0.9318181818181818,1.48,-0.0132450331125827,-0.131578947368421,0.5227272727272727,1.1494513810064322,0.81164658688,2.74,False,-3.3859649122807,True,False
tune-b,dep100L_m10_ia_r30_t500,500,10,event dependents 100 ms,any,30.0,6.0,0.9748743718592964,0.7787193973634652,0.9318181818181818,1.48,-0.0132450331125827,-0.131578947368421,0.5227272727272727,1.1494513810064322,0.81164658688,2.74,False,-3.3859649122807,True,False
tune-b,dep50L_m30_i0_r5_t500,500,30,event dependents 50 ms,off,5.0,6.0,0.9698492462311558,0.77816345850426,1.0,0.9,-0.02,0.0,0.5227272727272727,1.1649640559969732,1.35682242851,4.48,True,0.228308207705193,True,False
tune-b,dep100L_m10_ia_r15_t500,500,10,event dependents 100 ms,any,15.0,6.0,0.9748743718592964,0.7779868297271872,0.9318181818181818,1.49,-0.0132450331125827,-0.131578947368421,0.5227272727272727,1.150208096859629,0.81164759967,2.74,False,-3.3859649122807,True,False
tune-c,dep50L_m10_in_r15_h15_t500,500,10,event dependents 50 ms,not_ramp_noticed,15.0,15.0,0.9798994974874372,0.777951769495772,0.8409090909090909,0.81,-0.0054054054054053,-0.25,0.5,1.1774498675747256,1.2104598861700002,4.38,False,-7.333333333333334,True,False
tune-b,dep100L_m20_in_r10_t500,500,20,event dependents 100 ms,not_ramp_noticed,10.0,6.0,0.9698492462311558,0.7776044915782907,1.0,1.54,-0.0162162162162162,0.0,0.5227272727272727,1.154748391978812,1.1109368511500002,3.69,True,0.228308207705193,True,False
tune-b,dep100L_m20_i0_r10_t500,500,20,event dependents 100 ms,off,10.0,6.0,0.9698492462311558,0.7771891555001558,1.0,1.54,-0.0162162162162162,0.0,0.5227272727272727,1.1558834657586077,1.110937856,3.69,True,0.228308207705193,True,False
tune-c,all100L_m50_in_r30_h6_t500,500,50,event all 100 ms,not_ramp_noticed,30.0,6.0,0.9597989949748744,0.7768834513844173,0.9545454545454546,3.91,-0.0297619047619047,-0.1025641025641025,0.5227272727272727,1.0272417707150965,0.8886655507400001,2.99,False,-2.418803418803417,True,False
tune-b,dep100L_m10_ia_r10_t500,500,10,event dependents 100 ms,any,10.0,6.0,0.9748743718592964,0.7765258215962442,0.9318181818181818,1.49,-0.0132450331125827,-0.131578947368421,0.5227272727272727,1.1524782444192203,0.81164893539,2.74,False,-3.3859649122807,True,False
tune-b,dep100L_m10_ia_r1_t500,500,10,event dependents 100 ms,any,1.0,6.0,0.9748743718592964,0.7765258215962442,0.9318181818181818,1.49,-0.0132450331125827,-0.131578947368421,0.5227272727272727,1.1524782444192203,0.81164893539,2.74,False,-3.3859649122807,True,False
tune-b,dep100L_m10_ia_r5_t500,500,10,event dependents 100 ms,any,5.0,6.0,0.9748743718592964,0.7765258215962442,0.9318181818181818,1.49,-0.0132450331125827,-0.131578947368421,0.5227272727272727,1.1524782444192203,0.81164893539,2.74,False,-3.3859649122807,True,False
tune-b,all50L_m30_in_r15_t500,500,30,event all 50 ms,not_ramp_noticed,15.0,6.0,0.9698492462311558,0.7764926539543607,0.9545454545454546,2.5,-0.02,-0.0999999999999999,0.5227272727272727,1.11577752553916,0.98128537591,3.29,False,-2.33333333333333,True,False
tune-c,all50L_m20_ia_r15_h15_t500,500,20,event all 50 ms,any,15.0,15.0,0.9748743718592964,0.7764632627646326,0.7954545454545454,2.48,-0.0132450331125827,-0.2941176470588235,0.5227272727272727,1.1214528944381386,1.01460085962,3.78,False,-8.803921568627448,True,False
tune-c,all50L_m20_ia_r1_h15_t500,500,20,event all 50 ms,any,1.0,15.0,0.9748743718592964,0.7764632627646326,0.7954545454545454,2.48,-0.0132450331125827,-0.2941176470588235,0.5227272727272727,1.1214528944381386,1.01460085962,3.78,False,-8.803921568627448,True,False
tune-c,all50L_m20_ia_r30_h15_t500,500,20,event all 50 ms,any,30.0,15.0,0.9748743718592964,0.7764632627646326,0.7954545454545454,2.48,-0.0132450331125827,-0.2941176470588235,0.5227272727272727,1.1214528944381386,1.01460085962,3.78,False,-8.803921568627448,True,False
tune-c,all100L_m50_i0_r30_h6_t500,500,50,event all 100 ms,off,30.0,6.0,0.9597989949748744,0.7764554519137986,0.9772727272727272,3.91,-0.0297619047619047,-0.0697674418604651,0.5227272727272727,1.0283768444948922,0.89451653886,3.01,False,-1.325581395348837,True,False
tune-b,dep50L_m10_in_r20_t500,500,10,event dependents 50 ms,not_ramp_noticed,20.0,6.0,0.9798994974874372,0.7761845386533666,0.9772727272727272,0.81,-0.0054054054054053,-0.0697674418604651,0.5227272727272727,1.1831252364737042,0.98020859916,3.28,False,-1.325581395348837,True,False
tune-b,dep50L_m10_i0_r20_t500,500,10,event dependents 50 ms,off,20.0,6.0,0.9798994974874372,0.7757707879165369,0.9772727272727272,0.81,-0.0054054054054053,-0.0697674418604651,0.5227272727272727,1.1842603102535,0.98021004376,3.28,False,-1.325581395348837,True,False
tune-b,all50L_m30_i0_r15_t500,500,30,event all 50 ms,off,15.0,6.0,0.9698492462311558,0.7753510140405616,1.0,2.5,-0.02,0.0,0.5227272727272727,1.1180476730987514,0.99688636333,3.34,True,0.228308207705193,True,False
tune-c,all50L_m30_i0_r15_h15_t500,500,30,event all 50 ms,off,15.0,15.0,0.9698492462311558,0.7753510140405616,1.0,2.5,-0.02,0.0,0.5227272727272727,1.1180476730987514,1.24049070371,4.48,True,0.228308207705193,True,False
tune-b,all50L_m20_ia_r20_t500,500,20,event all 50 ms,any,20.0,6.0,0.9748743718592964,0.7740637573506655,0.8863636363636364,2.5,-0.0132450331125827,-0.1904761904761904,0.5227272727272727,1.127884979190314,0.7971996153500001,2.7,False,-5.349206349206347,True,False
tune-b,all50L_m20_ia_r30_t500,500,20,event all 50 ms,any,30.0,6.0,0.9748743718592964,0.7740637573506655,0.8863636363636364,2.5,-0.0132450331125827,-0.1904761904761904,0.5227272727272727,1.127884979190314,0.7971996153500001,2.7,False,-5.349206349206347,True,False
tune-c,dep100L_m10_in_r30_h15_t500,500,10,event dependents 100 ms,not_ramp_noticed,30.0,15.0,0.9748743718592964,0.7734375,0.8636363636363636,1.46,-0.0132450331125827,-0.2222222222222222,0.5,1.155505107832009,1.1240493417300002,4.09,False,-6.407407407407407,True,False
tune-b,all50L_m20_ia_r15_t500,500,20,event all 50 ms,any,15.0,6.0,0.9748743718592964,0.7733457019171305,0.8863636363636364,2.51,-0.0132450331125827,-0.1904761904761904,0.5227272727272727,1.1286416950435112,0.79720062813,2.7,False,-5.349206349206347,True,False
tune-b,all50L_m20_ia_r10_t500,500,20,event all 50 ms,any,10.0,6.0,0.9748743718592964,0.7719135802469136,0.8863636363636364,2.51,-0.0132450331125827,-0.1904761904761904,0.5227272727272727,1.1309118426031026,0.7972019638800001,2.7,False,-5.349206349206347,True,False
tune-b,all50L_m20_ia_r1_t500,500,20,event all 50 ms,any,1.0,6.0,0.9748743718592964,0.7719135802469136,0.8863636363636364,2.51,-0.0132450331125827,-0.1904761904761904,0.5227272727272727,1.1309118426031026,0.7972019638800001,2.7,False,-5.349206349206347,True,False
tune-b,all50L_m20_ia_r5_t500,500,20,event all 50 ms,any,5.0,6.0,0.9748743718592964,0.7719135802469136,0.8863636363636364,2.51,-0.0132450331125827,-0.1904761904761904,0.5227272727272727,1.1309118426031026,0.7972019638800001,2.7,False,-5.349206349206347,True,False
tune-b,dep50L_m10_in_r15_t500,500,10,event dependents 50 ms,not_ramp_noticed,15.0,6.0,0.9798994974874372,0.7716145026340254,1.0,0.83,-0.0054054054054053,0.0,0.5227272727272727,1.1895573212258796,1.01921109329,3.41,True,0.5633165829145748,True,True
tune-b,dep50L_m10_i0_r15_t500,500,10,event dependents 50 ms,off,15.0,6.0,0.9798994974874372,0.7714462681944875,1.0,0.83,-0.0054054054054053,0.0,0.5227272727272727,1.1903140370790768,1.01921201425,3.41,True,0.5633165829145748,True,False
tune-c,dep50L_m10_i0_r15_h15_t500,500,10,event dependents 50 ms,off,15.0,15.0,0.9798994974874372,0.7714462681944875,1.0,0.83,-0.0054054054054053,0.0,0.5227272727272727,1.1903140370790768,1.27471496049,4.59,True,0.5633165829145748,True,False
tune-c,all100L_m50_in_r20_h6_t500,500,50,event all 100 ms,not_ramp_noticed,20.0,6.0,0.9597989949748744,0.770926517571885,0.9545454545454546,3.91,-0.0297619047619047,-0.1025641025641025,0.5227272727272727,1.036322360953462,0.95406756728,3.2,False,-2.418803418803417,True,False
tune-c,all100L_m50_i0_r20_h6_t500,500,50,event all 100 ms,off,20.0,6.0,0.9597989949748744,0.7702616464582004,0.9772727272727272,3.91,-0.0297619047619047,-0.0697674418604651,0.5227272727272727,1.0378357926598565,0.95991907901,3.22,False,-1.325581395348837,True,False
tune-b,dep100L_m10_in_r30_t500,500,10,event dependents 100 ms,not_ramp_noticed,30.0,6.0,0.9748743718592964,0.7697797083462612,0.9772727272727272,1.48,-0.0132450331125827,-0.0697674418604651,0.5227272727272727,1.1634506242905789,0.91454950605,3.07,False,-1.325581395348837,True,False
tune-b,dep100L_m10_i0_r30_t500,500,10,event dependents 100 ms,off,30.0,6.0,0.9748743718592964,0.7696124031007752,0.9772727272727272,1.48,-0.0132450331125827,-0.0697674418604651,0.5227272727272727,1.164207340143776,0.91455042703,3.07,False,-1.325581395348837,True,False
tune-c,dep100L_m10_i0_r30_h15_t500,500,10,event dependents 100 ms,off,30.0,15.0,0.9748743718592964,0.7696124031007752,0.9772727272727272,1.48,-0.0132450331125827,-0.0697674418604651,0.5227272727272727,1.164207340143776,1.1571033346900002,4.2,False,-1.325581395348837,True,False
tune-c,all50L_m20_in_r30_h15_t500,500,20,event all 50 ms,not_ramp_noticed,30.0,15.0,0.9748743718592964,0.7691122071516646,0.8409090909090909,2.48,-0.0132450331125827,-0.25,0.5227272727272727,1.1335603480892924,1.10790430646,4.08,False,-7.333333333333334,True,False
tune-b,dep50L_m30_in_r1_t500,500,30,event dependents 50 ms,not_ramp_noticed,1.0,6.0,0.9698492462311558,0.7691107644305772,1.0,0.9,-0.02,0.0,0.5227272727272727,1.1785849413545213,1.43502500633,4.75,True,0.228308207705193,True,False
tune-b,dep50L_m30_i0_r1_t500,500,30,event dependents 50 ms,off,1.0,6.0,0.9698492462311558,0.7677459526774595,1.0,0.9,-0.02,0.0,0.5227272727272727,1.1812334468407113,1.4350263330300002,4.75,True,0.228308207705193,True,False
tune-c,dep50L_m30_i0_r1_h15_t500,500,30,event dependents 50 ms,off,1.0,15.0,0.9698492462311558,0.7677459526774595,1.0,0.9,-0.02,0.0,0.5227272727272727,1.1812334468407113,1.71327910784,5.99,True,0.228308207705193,True,False
tune-c,dep50L_m20_in_r1_h15_t500,500,20,event dependents 50 ms,not_ramp_noticed,1.0,15.0,0.9748743718592964,0.7675276752767528,0.8409090909090909,0.88,-0.0132450331125827,-0.25,0.5,1.1971244797578509,1.6078420214400002,5.66,False,-7.333333333333334,True,False
tune-c,all100L_m50_in_r15_h6_t500,500,50,event all 100 ms,not_ramp_noticed,15.0,6.0,0.9597989949748744,0.7667619955513187,0.9772727272727272,3.92,-0.0297619047619047,-0.0625,0.5227272727272727,1.042376087779039,0.99306965645,3.33,False,-1.0833333333333337,True,False
tune-c,dep100L_m30_in_r1_h15_t500,500,30,event dependents 100 ms,not_ramp_noticed,1.0,15.0,0.964824120603015,0.7659375,0.8636363636363636,1.54,-0.0235294117647059,-0.2222222222222222,0.5,1.1524782444192203,1.60867491579,5.63,False,-6.407407407407407,True,False
tune-c,all100L_m50_i0_r15_h6_t500,500,50,event all 100 ms,off,15.0,6.0,0.9597989949748744,0.7658629441624365,1.0,3.93,-0.0297619047619047,0.0,0.5227272727272727,1.0438895194854332,0.99892104951,3.35,False,-0.1067001675041849,True,False
tune-b,all50L_m20_in_r30_t500,500,20,event all 50 ms,not_ramp_noticed,30.0,6.0,0.9748743718592964,0.76576852418861,0.9318181818181818,2.5,-0.0132450331125827,-0.1363636363636363,0.5227272727272727,1.1411275066212636,0.8942523794700001,3.01,False,-3.545454545454544,True,False
tune-b,all50L_m20_i0_r30_t500,500,20,event all 50 ms,off,30.0,6.0,0.9748743718592964,0.7651376146788991,0.9772727272727272,2.5,-0.0132450331125827,-0.0697674418604651,0.5227272727272727,1.142640938327658,0.90690321291,3.05,False,-1.325581395348837,True,False
tune-c,all50L_m20_i0_r30_h15_t500,500,20,event all 50 ms,off,30.0,15.0,0.9748743718592964,0.7651376146788991,0.9772727272727272,2.5,-0.0132450331125827,-0.0697674418604651,0.5227272727272727,1.142640938327658,1.1494081121700002,4.21,False,-1.325581395348837,True,False
tune-c,all50L_m50_in_r1_h15_t500,500,50,event all 50 ms,not_ramp_noticed,1.0,15.0,0.9698492462311558,0.7651324085750315,0.8409090909090909,2.48,-0.02,-0.25,0.5227272727272727,1.106318577374196,1.5824224183800002,5.55,False,-7.333333333333334,True,False
tune-c,dep100L_m10_in_r15_h15_t500,500,10,event dependents 100 ms,not_ramp_noticed,15.0,15.0,0.9748743718592964,0.7650695517774343,0.8636363636363636,1.48,-0.0132450331125827,-0.2222222222222222,0.5,1.1679909194097615,1.21610293137,4.39,False,-6.407407407407407,True,False
tune-b,dep100L_m10_in_r20_t500,500,10,event dependents 100 ms,not_ramp_noticed,20.0,6.0,0.9748743718592964,0.7640899291653834,0.9772727272727272,1.48,-0.0132450331125827,-0.0697674418604651,0.5227272727272727,1.1725312145289444,0.97995152255,3.28,False,-1.325581395348837,True,False
tune-b,all50L_m50_in_r5_t500,500,50,event all 50 ms,not_ramp_noticed,5.0,6.0,0.9698492462311558,0.7638932496075354,0.9545454545454546,2.5,-0.02,-0.0999999999999999,0.5227272727272727,1.1104805145667802,1.3470205824,4.46,False,-2.33333333333333,True,False
tune-b,dep100L_m30_in_r5_t500,500,30,event dependents 100 ms,not_ramp_noticed,5.0,6.0,0.964824120603015,0.7637550512900217,1.0,1.56,-0.0235294117647059,0.0,0.5227272727272727,1.158153613318199,1.35927489752,4.49,True,0.0608040201005022,True,False
tune-b,dep100L_m10_i0_r20_t500,500,10,event dependents 100 ms,off,20.0,6.0,0.9748743718592964,0.7636923076923077,0.9772727272727272,1.48,-0.0132450331125827,-0.0697674418604651,0.5227272727272727,1.17366628830874,0.97995296716,3.28,False,-1.325581395348837,True,False
tune-b,dep50L_m20_in_r5_t500,500,20,event dependents 50 ms,not_ramp_noticed,5.0,6.0,0.9748743718592964,0.7632702867602197,1.0,0.9,-0.0132450331125827,0.0,0.5227272727272727,1.2062050699962164,1.3811920354300002,4.56,True,0.3958123953098802,True,False
tune-b,all50L_m30_in_r10_t500,500,30,event all 50 ms,not_ramp_noticed,10.0,6.0,0.9698492462311558,0.7631336405529954,0.9545454545454546,2.5,-0.02,-0.0999999999999999,0.5227272727272727,1.1369655694286795,1.09064086598,3.64,False,-2.33333333333333,True,False
tune-b,dep100L_m30_i0_r5_t500,500,30,event dependents 100 ms,off,5.0,6.0,0.964824120603015,0.7628801986343886,1.0,1.56,-0.0235294117647059,0.0,0.5227272727272727,1.1600454029511915,1.35927605851,4.49,True,0.0608040201005022,True,False
tune-b,dep50L_m20_i0_r5_t500,500,20,event dependents 50 ms,off,5.0,6.0,0.9748743718592964,0.7624124276576302,1.0,0.9,-0.0132450331125827,0.0,0.5227272727272727,1.2080968596292092,1.3811931964300002,4.56,True,0.3958123953098802,True,False
tune-b,all50L_m30_i0_r10_t500,500,30,event all 50 ms,off,10.0,6.0,0.9698492462311558,0.761569108182654,1.0,2.5,-0.02,0.0,0.5227272727272727,1.139992432841468,1.10914200093,3.7,True,0.228308207705193,True,False
tune-b,all50L_m50_i0_r5_t500,500,50,event all 50 ms,off,5.0,6.0,0.9698492462311558,0.7611006879299562,1.0,2.5,-0.02,0.0,0.5227272727272727,1.1153991676125614,1.37447209531,4.55,True,0.228308207705193,True,False
tune-c,all50L_m20_in_r15_h15_t500,500,20,event all 50 ms,not_ramp_noticed,15.0,15.0,0.9748743718592964,0.760670731707317,0.8409090909090909,2.5,-0.0132450331125827,-0.25,0.5227272727272727,1.1464245175936436,1.2039579916500005,4.39,False,-7.333333333333334,True,False
tune-b,all50L_m20_in_r20_t500,500,20,event all 50 ms,not_ramp_noticed,20.0,6.0,0.9748743718592964,0.7604134995439343,0.9318181818181818,2.5,-0.0132450331125827,-0.1363636363636363,0.5227272727272727,1.1498297389330308,0.95965432223,3.22,False,-3.545454545454544,True,False
tune-b,dep100L_m10_in_r15_t500,500,10,event dependents 100 ms,not_ramp_noticed,15.0,6.0,0.9748743718592964,0.7596448254745867,1.0,1.5,-0.0132450331125827,0.0,0.5227272727272727,1.17896329928112,1.01895401668,3.41,True,0.3958123953098802,True,False
tune-b,dep100L_m10_i0_r15_t500,500,10,event dependents 100 ms,off,15.0,6.0,0.9748743718592964,0.7594859241126071,1.0,1.5,-0.0132450331125827,0.0,0.5227272727272727,1.179720015134317,1.01895493766,3.41,True,0.3958123953098802,True,False
tune-c,dep100L_m10_i0_r15_h15_t500,500,10,event dependents 100 ms,off,15.0,15.0,0.9748743718592964,0.7594859241126071,1.0,1.5,-0.0132450331125827,0.0,0.5227272727272727,1.179720015134317,1.2698077601500002,4.57,True,0.3958123953098802,True,False
tune-b,all50L_m20_i0_r20_t500,500,20,event all 50 ms,off,20.0,6.0,0.9748743718592964,0.7593323216995448,0.9772727272727272,2.5,-0.0132450331125827,-0.0697674418604651,0.5227272727272727,1.152099886492622,0.97230575304,3.26,False,-1.325581395348837,True,False
tune-b,dep50L_m10_in_r10_t500,500,10,event dependents 50 ms,not_ramp_noticed,10.0,6.0,0.9798994974874372,0.7582216808769793,1.0,0.83,-0.0054054054054053,0.0,0.5227272727272727,1.2111237230419978,1.1314666424400002,3.77,True,0.5633165829145748,True,False
tune-b,dep50L_m10_i0_r10_t500,500,10,event dependents 50 ms,off,10.0,6.0,0.9798994974874372,0.7578338910860968,1.0,0.83,-0.0054054054054053,0.0,0.5227272727272727,1.2122587968217935,1.13146764728,3.77,True,0.5633165829145748,True,False
tune-b,all50L_m20_in_r15_t500,500,20,event all 50 ms,not_ramp_noticed,15.0,6.0,0.9748743718592964,0.7562745690958572,0.9545454545454546,2.52,-0.0132450331125827,-0.0999999999999999,0.5227272727272727,1.1558834657586077,0.99570673616,3.34,False,-2.33333333333333,True,False
tune-c,all100L_m30_ia_r20_h6_t500,500,30,event all 100 ms,any,20.0,6.0,0.9597989949748744,0.7556783302639656,0.9090909090909092,3.9,-0.0297619047619047,-0.1578947368421053,0.5227272727272727,1.0851305334846766,0.79649162646,2.7,False,-4.263157894736844,True,False
tune-c,all100L_m30_ia_r30_h6_t500,500,30,event all 100 ms,any,30.0,6.0,0.9597989949748744,0.7556783302639656,0.9090909090909092,3.9,-0.0297619047619047,-0.1578947368421053,0.5227272727272727,1.0851305334846766,0.79649162646,2.7,False,-4.263157894736844,True,False
tune-c,all100L_m30_ia_r15_h6_t500,500,30,event all 100 ms,any,15.0,6.0,0.9597989949748744,0.7552147239263803,0.9090909090909092,3.9,-0.0297619047619047,-0.1578947368421053,0.5227272727272727,1.0858872493378735,0.79649231452,2.7,False,-4.263157894736844,True,False
tune-b,all50L_m20_i0_r15_t500,500,20,event all 50 ms,off,15.0,6.0,0.9748743718592964,0.7552067612435859,1.0,2.52,-0.0132450331125827,0.0,0.5227272727272727,1.158153613318199,1.01130772357,3.39,True,0.3958123953098802,True,False
tune-c,all50L_m20_i0_r15_h15_t500,500,20,event all 50 ms,off,15.0,15.0,0.9748743718592964,0.7552067612435859,1.0,2.52,-0.0132450331125827,0.0,0.5227272727272727,1.158153613318199,1.2621125376700002,4.58,True,0.3958123953098802,True,False
tune-b,dep100L_m30_in_r1_t500,500,30,event dependents 100 ms,not_ramp_noticed,1.0,6.0,0.964824120603015,0.7541436464088398,1.0,1.56,-0.0235294117647059,0.0,0.5227272727272727,1.17366628830874,1.43747863635,4.76,True,0.0608040201005022,True,False
tune-b,dep50L_m20_in_r1_t500,500,20,event dependents 50 ms,not_ramp_noticed,1.0,6.0,0.9748743718592964,0.7538415185296776,1.0,0.9,-0.0132450331125827,0.0,0.5227272727272727,1.2217177449867576,1.45939577428,4.83,True,0.3958123953098802,True,False
tune-c,all100L_m30_ia_r10_h6_t500,500,30,event all 100 ms,any,10.0,6.0,0.9597989949748744,0.7538273116962645,0.9090909090909092,3.9,-0.0297619047619047,-0.1578947368421053,0.5227272727272727,1.088157396897465,0.7964936502500001,2.7,False,-4.263157894736844,True,False
tune-c,all100L_m30_ia_r1_h6_t500,500,30,event all 100 ms,any,1.0,6.0,0.9597989949748744,0.7538273116962645,0.9090909090909092,3.9,-0.0297619047619047,-0.1578947368421053,0.5227272727272727,1.088157396897465,0.7964936502500001,2.7,False,-4.263157894736844,True,False
tune-c,all100L_m30_ia_r5_h6_t500,500,30,event all 100 ms,any,5.0,6.0,0.9597989949748744,0.7538273116962645,0.9090909090909092,3.9,-0.0297619047619047,-0.1578947368421053,0.5227272727272727,1.088157396897465,0.7964936502500001,2.7,False,-4.263157894736844,True,False
tune-b,all50L_m50_in_r1_t500,500,50,event all 50 ms,not_ramp_noticed,1.0,6.0,0.9698492462311558,0.7537174721189591,0.9545454545454546,2.5,-0.02,-0.0999999999999999,0.5227272727272727,1.1267499054105183,1.4252244862,4.73,False,-2.33333333333333,True,False
tune-c,all100L_m50_in_r10_h6_t500,500,50,event all 100 ms,not_ramp_noticed,10.0,6.0,0.9597989949748744,0.7528861154446178,0.9772727272727272,3.92,-0.0297619047619047,-0.0625,0.5227272727272727,1.0643208475217556,1.1053252913900002,3.69,False,-1.0833333333333337,True,False
tune-b,dep100L_m30_i0_r1_t500,500,30,event dependents 100 ms,off,1.0,6.0,0.964824120603015,0.752833078101072,1.0,1.56,-0.0235294117647059,0.0,0.5227272727272727,1.17631479379493,1.43747996305,4.76,True,0.0608040201005022,True,False
tune-c,dep100L_m30_i0_r1_h15_t500,500,30,event dependents 100 ms,off,1.0,15.0,0.964824120603015,0.752833078101072,1.0,1.56,-0.0235294117647059,0.0,0.5227272727272727,1.17631479379493,1.7133825047600002,5.99,True,0.0608040201005022,True,False
tune-b,dep50L_m20_i0_r1_t500,500,20,event dependents 50 ms,off,1.0,6.0,0.9748743718592964,0.7525556223692123,1.0,0.9,-0.0132450331125827,0.0,0.5227272727272727,1.2243662504729471,1.4593971009700002,4.83,True,0.3958123953098802,True,False
tune-c,dep50L_m20_i0_r1_h15_t500,500,20,event dependents 50 ms,off,1.0,15.0,0.9748743718592964,0.7525556223692123,1.0,0.9,-0.0132450331125827,0.0,0.5227272727272727,1.2243662504729471,1.74270034451,6.11,True,0.3958123953098802,True,False
tune-c,all100L_m50_i0_r10_h6_t500,500,50,event all 100 ms,off,10.0,6.0,0.9597989949748744,0.75202492211838,1.0,3.93,-0.0297619047619047,0.0,0.5227272727272727,1.06583427922815,1.1111766844300002,3.71,False,-0.1067001675041849,True,False
tune-b,all50L_m50_i0_r1_t500,500,50,event all 50 ms,off,1.0,6.0,0.9698492462311558,0.7510027769207035,1.0,2.5,-0.02,0.0,0.5227272727272727,1.1316685584562998,1.4526760046700002,4.82,True,0.228308207705193,True,False
tune-c,all50L_m50_i0_r1_h15_t500,500,50,event all 50 ms,off,1.0,15.0,0.9698492462311558,0.7510027769207035,1.0,2.5,-0.02,0.0,0.5227272727272727,1.1316685584562998,1.7094299697100002,5.97,True,0.228308207705193,True,False
tune-c,dep100L_m20_in_r1_h15_t500,500,20,event dependents 100 ms,not_ramp_noticed,1.0,15.0,0.9698492462311558,0.7509057971014492,0.8636363636363636,1.52,-0.0162162162162162,-0.2222222222222222,0.5,1.1956110480514566,1.63369814886,5.74,False,-6.407407407407407,True,False
tune-b,dep100L_m20_in_r5_t500,500,20,event dependents 100 ms,not_ramp_noticed,5.0,6.0,0.9698492462311558,0.7488735355962751,1.0,1.54,-0.0162162162162162,0.0,0.5227272727272727,1.2012864169504351,1.37924787786,4.56,True,0.228308207705193,True,False
tune-b,dep100L_m20_i0_r5_t500,500,20,event dependents 100 ms,off,5.0,6.0,0.9698492462311558,0.7480503899220156,1.0,1.54,-0.0162162162162162,0.0,0.5227272727272727,1.203178206583428,1.37924903884,4.56,True,0.228308207705193,True,False
tune-c,all100L_m30_in_r30_h6_t500,500,30,event all 100 ms,not_ramp_noticed,30.0,6.0,0.9597989949748744,0.7474195506982392,0.9545454545454546,3.9,-0.0297619047619047,-0.1025641025641025,0.5227272727272727,1.0987514188422247,0.89669446579,3.02,False,-2.418803418803417,True,False
tune-c,all100L_m30_i0_r30_h6_t500,500,30,event all 100 ms,off,30.0,6.0,0.9597989949748744,0.7470427661510464,0.9772727272727272,3.9,-0.0297619047619047,-0.0697674418604651,0.5227272727272727,1.0998864926220204,0.9025454539,3.04,False,-1.325581395348837,True,False
tune-b,dep100L_m10_in_r10_t500,500,10,event dependents 100 ms,not_ramp_noticed,10.0,6.0,0.9748743718592964,0.7466145049653927,1.0,1.5,-0.0132450331125827,0.0,0.5227272727272727,1.200529701097238,1.13120956314,3.77,True,0.3958123953098802,True,False
tune-b,dep100L_m10_i0_r10_t500,500,10,event dependents 100 ms,off,10.0,6.0,0.9748743718592964,0.746241731809982,1.0,1.5,-0.0132450331125827,0.0,0.5227272727272727,1.2016647748770335,1.13121056799,3.77,True,0.3958123953098802,True,False
tune-c,all50L_m10_ia_r15_h15_t500,500,10,event all 50 ms,any,15.0,15.0,0.9798994974874372,0.7439353099730458,0.7954545454545454,2.4,-0.0054054054054053,-0.2941176470588235,0.5227272727272727,1.1725312145289444,1.05663836393,3.95,False,-8.803921568627448,True,False
tune-c,all50L_m10_ia_r1_h15_t500,500,10,event all 50 ms,any,1.0,15.0,0.9798994974874372,0.7439353099730458,0.7954545454545454,2.4,-0.0054054054054053,-0.2941176470588235,0.5227272727272727,1.1725312145289444,1.05663836393,3.95,False,-8.803921568627448,True,False
tune-c,all50L_m10_ia_r30_h15_t500,500,10,event all 50 ms,any,30.0,15.0,0.9798994974874372,0.7439353099730458,0.7954545454545454,2.4,-0.0054054054054053,-0.2941176470588235,0.5227272727272727,1.1725312145289444,1.05663836393,3.95,False,-8.803921568627448,True,False
tune-b,all50L_m20_in_r10_t500,500,20,event all 50 ms,not_ramp_noticed,10.0,6.0,0.9748743718592964,0.743681236990782,0.9545454545454546,2.52,-0.0132450331125827,-0.0999999999999999,0.5227272727272727,1.1770715096481272,1.10506222627,3.69,False,-2.33333333333333,True,False
tune-b,all50L_m20_i0_r10_t500,500,20,event all 50 ms,off,10.0,6.0,0.9748743718592964,0.7422129931770988,1.0,2.52,-0.0132450331125827,0.0,0.5227272727272727,1.1800983730609156,1.12356336121,3.75,True,0.3958123953098802,True,False
tune-c,all100L_m30_in_r20_h6_t500,500,30,event all 100 ms,not_ramp_noticed,20.0,6.0,0.9597989949748744,0.7420132610006027,0.9545454545454546,3.9,-0.0297619047619047,-0.1025641025641025,0.5227272727272727,1.1078320090805902,0.96209648233,3.23,False,-2.418803418803417,True,False
tune-b,all50L_m10_ia_r20_t500,500,10,event all 50 ms,any,20.0,6.0,0.9798994974874372,0.7418106015485408,0.8863636363636364,2.42,-0.0054054054054053,-0.1904761904761904,0.5227272727272727,1.17896329928112,0.81853831539,2.79,False,-5.349206349206347,True,False
tune-b,all50L_m10_ia_r30_t500,500,10,event all 50 ms,any,30.0,6.0,0.9798994974874372,0.7418106015485408,0.8863636363636364,2.42,-0.0054054054054053,-0.1904761904761904,0.5227272727272727,1.17896329928112,0.81853831539,2.79,False,-5.349206349206347,True,False
tune-c,all100L_m30_i0_r20_h6_t500,500,30,event all 100 ms,off,20.0,6.0,0.9597989949748744,0.7414208308248044,0.9772727272727272,3.9,-0.0297619047619047,-0.0697674418604651,0.5227272727272727,1.1093454407869845,0.96794799407,3.25,False,-1.325581395348837,True,False
tune-b,all50L_m10_ia_r15_t500,500,10,event all 50 ms,any,15.0,6.0,0.9798994974874372,0.7411484677179411,0.8863636363636364,2.43,-0.0054054054054053,-0.1904761904761904,0.5227272727272727,1.179720015134317,0.81853932817,2.79,False,-5.349206349206347,True,False
tune-b,all50L_m10_ia_r10_t500,500,10,event all 50 ms,any,10.0,6.0,0.9798994974874372,0.7398277398277399,0.8863636363636364,2.43,-0.0054054054054053,-0.1904761904761904,0.5227272727272727,1.1819901626939084,0.8185406639,2.79,False,-5.349206349206347,True,False
tune-b,all50L_m10_ia_r1_t500,500,10,event all 50 ms,any,1.0,6.0,0.9798994974874372,0.7398277398277399,0.8863636363636364,2.43,-0.0054054054054053,-0.1904761904761904,0.5227272727272727,1.1819901626939084,0.8185406639,2.79,False,-5.349206349206347,True,False
tune-b,all50L_m10_ia_r5_t500,500,10,event all 50 ms,any,5.0,6.0,0.9798994974874372,0.7398277398277399,0.8863636363636364,2.43,-0.0054054054054053,-0.1904761904761904,0.5227272727272727,1.1819901626939084,0.8185406639,2.79,False,-5.349206349206347,True,False
tune-b,dep100L_m20_in_r1_t500,500,20,event dependents 100 ms,not_ramp_noticed,1.0,6.0,0.9698492462311558,0.7397626112759644,1.0,1.54,-0.0162162162162162,0.0,0.5227272727272727,1.216799091940976,1.4574516166700002,4.83,True,0.228308207705193,True,False
tune-b,dep100L_m20_i0_r1_t500,500,20,event dependents 100 ms,off,1.0,6.0,0.9698492462311558,0.7385253183298786,1.0,1.54,-0.0162162162162162,0.0,0.5227272727272727,1.219447597427166,1.45745294337,4.83,True,0.228308207705193,True,False
tune-c,dep100L_m20_i0_r1_h15_t500,500,20,event dependents 100 ms,off,1.0,15.0,0.9698492462311558,0.7385253183298786,1.0,1.54,-0.0162162162162162,0.0,0.5227272727272727,1.219447597427166,1.7384057378,6.1,True,0.228308207705193,True,False
tune-c,all100L_m30_in_r15_h6_t500,500,30,event all 100 ms,not_ramp_noticed,15.0,6.0,0.9597989949748744,0.7382308845577211,0.9772727272727272,3.91,-0.0297619047619047,-0.0625,0.5227272727272727,1.1138857359061671,1.00109857151,3.36,False,-1.0833333333333337,True,False
tune-c,all100L_m20_ia_r20_h6_t500,500,20,event all 100 ms,any,20.0,6.0,0.964824120603015,0.7378121284185494,0.9090909090909092,3.89,-0.0231481481481481,-0.1578947368421053,0.5227272727272727,1.1256148316307226,0.8127671560599999,2.76,False,-4.263157894736844,True,False
tune-c,all100L_m20_ia_r30_h6_t500,500,20,event all 100 ms,any,30.0,6.0,0.964824120603015,0.7378121284185494,0.9090909090909092,3.89,-0.0231481481481481,-0.1578947368421053,0.5227272727272727,1.1256148316307226,0.8127671560599999,2.76,False,-4.263157894736844,True,False
tune-c,all100L_m30_i0_r15_h6_t500,500,30,event all 100 ms,off,15.0,6.0,0.9597989949748744,0.7374251497005988,1.0,3.92,-0.0297619047619047,0.0,0.5227272727272727,1.1153991676125614,1.0069499645900002,3.38,False,-0.1067001675041849,True,False
tune-c,all100L_m20_ia_r15_h6_t500,500,20,event all 100 ms,any,15.0,6.0,0.964824120603015,0.7373737373737373,0.9090909090909092,3.89,-0.0231481481481481,-0.1578947368421053,0.5227272727272727,1.1263715474839198,0.81276784412,2.76,False,-4.263157894736844,True,False
tune-c,all50L_m10_in_r30_h15_t500,500,10,event all 50 ms,not_ramp_noticed,30.0,15.0,0.9798994974874372,0.7371699792346484,0.8409090909090909,2.4,-0.0054054054054053,-0.25,0.5227272727272727,1.1846386681800984,1.14994181078,4.25,False,-7.333333333333334,True,False
tune-c,all50L_m30_in_r1_h15_t500,500,30,event all 50 ms,not_ramp_noticed,1.0,15.0,0.9698492462311558,0.737061273051755,0.8409090909090909,2.48,-0.02,-0.25,0.5227272727272727,1.1782065834279227,1.62320371455,5.74,False,-7.333333333333334,True,False
tune-c,all100L_m20_ia_r10_h6_t500,500,20,event all 100 ms,any,10.0,6.0,0.964824120603015,0.736061684460261,0.9090909090909092,3.89,-0.0231481481481481,-0.1578947368421053,0.5227272727272727,1.1286416950435112,0.8127691798400001,2.76,False,-4.263157894736844,True,False
tune-c,all100L_m20_ia_r1_h6_t500,500,20,event all 100 ms,any,1.0,6.0,0.964824120603015,0.736061684460261,0.9090909090909092,3.89,-0.0231481481481481,-0.1578947368421053,0.5227272727272727,1.1286416950435112,0.8127691798400001,2.76,False,-4.263157894736844,True,False
tune-c,all100L_m20_ia_r5_h6_t500,500,20,event all 100 ms,any,5.0,6.0,0.964824120603015,0.736061684460261,0.9090909090909092,3.89,-0.0231481481481481,-0.1578947368421053,0.5227272727272727,1.1286416950435112,0.8127691798400001,2.76,False,-4.263157894736844,True,False
tune-b,all50L_m30_in_r5_t500,500,30,event all 50 ms,not_ramp_noticed,5.0,6.0,0.9698492462311558,0.736,0.9545454545454546,2.5,-0.02,-0.0999999999999999,0.5227272727272727,1.182368520620507,1.35000166611,4.48,False,-2.33333333333333,True,False
tune-c,dep50L_m10_in_r1_h15_t500,500,10,event dependents 50 ms,not_ramp_noticed,1.0,15.0,0.9798994974874372,0.7346938775510204,0.8409090909090909,0.81,-0.0054054054054053,-0.25,0.5,1.2485811577752557,1.64957719479,5.82,False,-7.333333333333334,True,False
tune-b,all50L_m10_in_r30_t500,500,10,event all 50 ms,not_ramp_noticed,30.0,6.0,0.9798994974874372,0.7341585617447687,0.9318181818181818,2.42,-0.0054054054054053,-0.1363636363636363,0.5227272727272727,1.1922058267120696,0.91559107928,3.1,False,-3.545454545454544,True,False
tune-b,all50L_m10_i0_r30_t500,500,10,event all 50 ms,off,30.0,6.0,0.9798994974874372,0.7335884604062408,0.9772727272727272,2.42,-0.0054054054054053,-0.0697674418604651,0.5227272727272727,1.193719258418464,0.92824191272,3.14,False,-1.325581395348837,True,False
tune-c,all50L_m10_i0_r30_h15_t500,500,10,event all 50 ms,off,30.0,15.0,0.9798994974874372,0.7335884604062408,0.9772727272727272,2.42,-0.0054054054054053,-0.0697674418604651,0.5227272727272727,1.193719258418464,1.19144561648,4.38,False,-1.325581395348837,True,False
tune-b,all50L_m30_i0_r5_t500,500,30,event all 50 ms,off,5.0,6.0,0.9698492462311558,0.7334710743801653,1.0,2.5,-0.02,0.0,0.5227272727272727,1.1872871736662882,1.37745317902,4.57,True,0.228308207705193,True,False
tune-b,dep50L_m10_in_r5_t500,500,10,event dependents 50 ms,not_ramp_noticed,5.0,6.0,0.9798994974874372,0.7308482535955386,1.0,0.83,-0.0054054054054053,0.0,0.5227272727272727,1.257661748013621,1.39977766918,4.64,True,0.5633165829145748,True,False
tune-b,dep50L_m10_i0_r5_t500,500,10,event dependents 50 ms,off,5.0,6.0,0.9798994974874372,0.7300703399765534,1.0,0.83,-0.0054054054054053,0.0,0.5227272727272727,1.2595535376466136,1.3997788301600005,4.64,True,0.5633165829145748,True,False
tune-c,all100L_m20_in_r30_h6_t500,500,20,event all 100 ms,not_ramp_noticed,30.0,6.0,0.964824120603015,0.73,0.9545454545454546,3.89,-0.0231481481481481,-0.1025641025641025,0.5227272727272727,1.139235716988271,0.91296999541,3.08,False,-2.418803418803417,True,False
tune-c,all100L_m20_i0_r30_h6_t500,500,20,event all 100 ms,off,30.0,6.0,0.964824120603015,0.7296503085512783,0.9772727272727272,3.89,-0.0231481481481481,-0.0697674418604651,0.5227272727272727,1.140370790768067,0.91882098353,3.1,False,-1.325581395348837,True,False
tune-c,all50L_m10_in_r15_h15_t500,500,10,event all 50 ms,not_ramp_noticed,15.0,15.0,0.9798994974874372,0.7293806868212503,0.8409090909090909,2.42,-0.0054054054054053,-0.25,0.5227272727272727,1.1975028376844494,1.24599549592,4.56,False,-7.333333333333334,True,False
tune-b,all50L_m10_in_r20_t500,500,10,event all 50 ms,not_ramp_noticed,20.0,6.0,0.9798994974874372,0.7292154566744731,0.9318181818181818,2.42,-0.0054054054054053,-0.1363636363636363,0.5227272727272727,1.2009080590238366,0.98099302204,3.31,False,-3.545454545454544,True,False
tune-b,all50L_m10_i0_r20_t500,500,10,event all 50 ms,off,20.0,6.0,0.9798994974874372,0.72822910578609,0.9772727272727272,2.42,-0.0054054054054053,-0.0697674418604651,0.5227272727272727,1.203178206583428,0.99364445286,3.35,False,-1.325581395348837,True,False
tune-b,all50L_m30_in_r1_t500,500,30,event all 50 ms,not_ramp_noticed,1.0,6.0,0.9698492462311558,0.7267407840842598,0.9545454545454546,2.5,-0.02,-0.0999999999999999,0.5227272727272727,1.1986379114642451,1.42820556987,4.75,False,-2.33333333333333,True,False
tune-c,all100L_m30_in_r10_h6_t500,500,30,event all 100 ms,not_ramp_noticed,10.0,6.0,0.9597989949748744,0.72561155319776,0.9772727272727272,3.91,-0.0297619047619047,-0.0625,0.5227272727272727,1.1358304956488838,1.1133542064600002,3.72,False,-1.0833333333333337,True,False
tune-b,all50L_m10_in_r15_t500,500,10,event all 50 ms,not_ramp_noticed,15.0,6.0,0.9798994974874372,0.725393127548049,0.9545454545454546,2.44,-0.0054054054054053,-0.0999999999999999,0.5227272727272727,1.2069617858494135,1.01704543596,3.43,False,-2.33333333333333,True,False
tune-c,all100L_m50_in_r5_h6_t500,500,50,event all 100 ms,not_ramp_noticed,5.0,6.0,0.9597989949748744,0.7250600961538461,0.9772727272727272,3.92,-0.0297619047619047,-0.0625,0.5227272727272727,1.1108588724933788,1.3736363134200005,4.56,False,-1.0833333333333337,True,False
tune-c,all100L_m20_in_r20_h6_t500,500,20,event all 100 ms,not_ramp_noticed,20.0,6.0,0.964824120603015,0.7248831775700935,0.9545454545454546,3.89,-0.0231481481481481,-0.1025641025641025,0.5227272727272727,1.1483163072266365,0.97837201195,3.29,False,-2.418803418803417,True,False
tune-c,all100L_m30_i0_r10_h6_t500,500,30,event all 100 ms,off,10.0,6.0,0.9597989949748744,0.7248381400824014,1.0,3.92,-0.0297619047619047,0.0,0.5227272727272727,1.137343927355278,1.11920559951,3.74,False,-0.1067001675041849,True,False
tune-b,all50L_m10_i0_r15_t500,500,10,event all 50 ms,off,15.0,6.0,0.9798994974874372,0.7244186046511628,1.0,2.44,-0.0054054054054053,0.0,0.5227272727272727,1.209231933409005,1.03264642337,3.48,True,0.5633165829145748,True,False
tune-c,all50L_m10_i0_r15_h15_t500,500,10,event all 50 ms,off,15.0,15.0,0.9798994974874372,0.7244186046511628,1.0,2.44,-0.0054054054054053,0.0,0.5227272727272727,1.209231933409005,1.30415004199,4.75,True,0.5633165829145748,True,False
tune-c,all100L_m20_i0_r20_h6_t500,500,20,event all 100 ms,off,20.0,6.0,0.964824120603015,0.7243290548424738,0.9772727272727272,3.89,-0.0231481481481481,-0.0697674418604651,0.5227272727272727,1.1498297389330308,0.98422352369,3.31,False,-1.325581395348837,True,False
tune-b,all50L_m30_i0_r1_t500,500,30,event all 50 ms,off,1.0,6.0,0.9698492462311558,0.7242786359661906,1.0,2.5,-0.02,0.0,0.5227272727272727,1.2035565645100266,1.45565708835,4.84,True,0.228308207705193,True,False
tune-c,all50L_m30_i0_r1_h15_t500,500,30,event all 50 ms,off,1.0,15.0,0.9698492462311558,0.7242786359661906,1.0,2.5,-0.02,0.0,0.5227272727272727,1.2035565645100266,1.75021126585,6.16,True,0.228308207705193,True,False
tune-c,all100L_m50_i0_r5_h6_t500,500,50,event all 100 ms,off,5.0,6.0,0.9597989949748744,0.7238380809595203,1.0,3.93,-0.0297619047619047,0.0,0.5227272727272727,1.1131290200529702,1.37948786256,4.58,False,-0.1067001675041849,True,False
tune-a,m1_ce_in_r0_t500,500,10,event dependents 50 ms,not_ramp_noticed,1.0,6.0,0.9798994974874372,0.7221577726218097,1.0,0.83,-0.0054054054054053,0.0,0.5227272727272727,1.273174423004162,1.47798140799,4.91,True,0.5633165829145748,True,False
tune-b,dep50L_m10_in_r1_t500,500,10,event dependents 50 ms,not_ramp_noticed,1.0,6.0,0.9798994974874372,0.7221577726218097,1.0,0.83,-0.0054054054054053,0.0,0.5227272727272727,1.273174423004162,1.47798140799,4.91,True,0.5633165829145748,True,False
tune-c,dep100L_m10_in_r1_h15_t500,500,10,event dependents 100 ms,not_ramp_noticed,1.0,15.0,0.9748743718592964,0.7217847769028871,0.8636363636363636,1.48,-0.0132450331125827,-0.2222222222222222,0.5,1.2413923571698826,1.67482072856,5.89,False,-6.407407407407407,True,False
tune-c,all100L_m20_in_r15_h6_t500,500,20,event all 100 ms,not_ramp_noticed,15.0,6.0,0.964824120603015,0.7213019471083987,0.9772727272727272,3.9,-0.0231481481481481,-0.0625,0.5227272727272727,1.1543700340522134,1.0173741011400002,3.42,False,-1.0833333333333337,True,False
tune-a,m1_ce_i0_r0_t500,500,10,event dependents 50 ms,off,1.0,6.0,0.9798994974874372,0.7209840810419682,1.0,0.83,-0.0054054054054053,0.0,0.5227272727272727,1.275822928490352,1.47798273469,4.91,True,0.5633165829145748,True,False
tune-b,dep50L_m10_i0_r1_t500,500,10,event dependents 50 ms,off,1.0,6.0,0.9798994974874372,0.7209840810419682,1.0,0.83,-0.0054054054054053,0.0,0.5227272727272727,1.275822928490352,1.47798273469,4.91,True,0.5633165829145748,True,False
tune-c,dep50L_m10_i0_r1_h15_t500,500,10,event dependents 50 ms,off,1.0,15.0,0.9798994974874372,0.7209840810419682,1.0,0.83,-0.0054054054054053,0.0,0.5227272727272727,1.275822928490352,1.7844355178800002,6.27,True,0.5633165829145748,True,False
tune-c,all100L_m20_i0_r15_h6_t500,500,20,event all 100 ms,off,15.0,6.0,0.964824120603015,0.720545560069646,1.0,3.91,-0.0231481481481481,0.0,0.5227272727272727,1.1558834657586077,1.02322549421,3.44,True,0.0608040201005022,True,False
tune-b,dep100L_m10_in_r5_t500,500,10,event dependents 100 ms,not_ramp_noticed,5.0,6.0,0.9748743718592964,0.7199651770168312,1.0,1.5,-0.0132450331125827,0.0,0.5227272727272727,1.2470677260688612,1.39952058987,4.64,True,0.3958123953098802,True,False
tune-b,dep100L_m10_i0_r5_t500,500,10,event dependents 100 ms,off,5.0,6.0,0.9748743718592964,0.7192118226600985,1.0,1.5,-0.0132450331125827,0.0,0.5227272727272727,1.248959515701854,1.39952175087,4.64,True,0.3958123953098802,True,False
tune-c,all50L_m20_in_r1_h15_t500,500,20,event all 50 ms,not_ramp_noticed,1.0,15.0,0.9748743718592964,0.7190201729106628,0.8409090909090909,2.5,-0.0132450331125827,-0.25,0.5227272727272727,1.2183125236473704,1.64482554853,5.84,False,-7.333333333333334,True,False
tune-b,all50L_m20_in_r5_t500,500,20,event all 50 ms,not_ramp_noticed,5.0,6.0,0.9748743718592964,0.7180591444157336,0.9545454545454546,2.52,-0.0132450331125827,-0.0999999999999999,0.5227272727272727,1.2224744608399547,1.36442302644,4.53,False,-2.33333333333333,True,False
tune-c,all100L_m50_in_r1_h6_t500,500,50,event all 100 ms,not_ramp_noticed,1.0,6.0,0.9597989949748744,0.7158113319489766,0.9772727272727272,3.92,-0.0297619047619047,-0.0625,0.5227272727272727,1.127128263337117,1.4518402171700002,4.83,False,-1.0833333333333337,True,False
tune-b,all50L_m20_i0_r5_t500,500,20,event all 50 ms,off,5.0,6.0,0.9748743718592964,0.715675057208238,1.0,2.52,-0.0132450331125827,0.0,0.5227272727272727,1.227393113885736,1.39187453936,4.62,True,0.3958123953098802,True,False
tune-c,all100L_m50_i0_r1_h6_t500,500,50,event all 100 ms,off,1.0,6.0,0.9597989949748744,0.7146240378922439,1.0,3.93,-0.0297619047619047,0.0,0.5227272727272727,1.1293984108967083,1.4576917718800002,4.85,False,-0.1067001675041849,True,False
tune-b,all50L_m10_in_r10_t500,500,10,event all 50 ms,not_ramp_noticed,10.0,6.0,0.9798994974874372,0.7137535816618911,0.9545454545454546,2.44,-0.0054054054054053,-0.0999999999999999,0.5227272727272727,1.228149829738933,1.12640092606,3.78,False,-2.33333333333333,True,False
tune-b,all50L_m10_i0_r10_t500,500,10,event all 50 ms,off,10.0,6.0,0.9798994974874372,0.7124070897655803,1.0,2.44,-0.0054054054054053,0.0,0.5227272727272727,1.2311766931517216,1.14490206098,3.84,True,0.5633165829145748,True,False
tune-c,all100L_m10_ia_r20_h6_t500,500,10,event all 100 ms,any,20.0,6.0,0.9698492462311558,0.7115942028985507,0.9090909090909092,3.83,-0.0197044334975369,-0.1578947368421053,0.5227272727272727,1.1604237608777903,0.8297863415200001,2.83,False,-4.263157894736844,True,False
tune-c,all100L_m10_ia_r30_h6_t500,500,10,event all 100 ms,any,30.0,6.0,0.9698492462311558,0.7115942028985507,0.9090909090909092,3.83,-0.0197044334975369,-0.1578947368421053,0.5227272727272727,1.1604237608777903,0.8297863415200001,2.83,False,-4.263157894736844,True,False
tune-b,dep100L_m10_in_r1_t500,500,10,event dependents 100 ms,not_ramp_noticed,1.0,6.0,0.9748743718592964,0.7114998566102667,1.0,1.5,-0.0132450331125827,0.0,0.5227272727272727,1.2625804010594022,1.47772432874,4.91,True,0.3958123953098802,True,False
tune-c,all100L_m10_ia_r15_h6_t500,500,10,event all 100 ms,any,15.0,6.0,0.9698492462311558,0.7111819235225956,0.9090909090909092,3.83,-0.0197044334975369,-0.1578947368421053,0.5227272727272727,1.1611804767309877,0.8297870295900001,2.83,False,-4.263157894736844,True,False
tune-b,dep100L_m10_i0_r1_t500,500,10,event dependents 100 ms,off,1.0,6.0,0.9748743718592964,0.7103606182026331,1.0,1.5,-0.0132450331125827,0.0,0.5227272727272727,1.2652289065455922,1.4777256554300002,4.91,True,0.3958123953098802,True,False
tune-c,dep100L_m10_i0_r1_h15_t500,500,10,event dependents 100 ms,off,1.0,15.0,0.9748743718592964,0.7103606182026331,1.0,1.5,-0.0132450331125827,0.0,0.5227272727272727,1.2652289065455922,1.77952831751,6.25,True,0.3958123953098802,True,False
tune-c,all100L_m10_ia_r10_h6_t500,500,10,event all 100 ms,any,10.0,6.0,0.9698492462311558,0.709947946790052,0.9090909090909092,3.83,-0.0197044334975369,-0.1578947368421053,0.5227272727272727,1.1634506242905789,0.82978836529,2.83,False,-4.263157894736844,True,False
tune-c,all100L_m10_ia_r1_h6_t500,500,10,event all 100 ms,any,1.0,6.0,0.9698492462311558,0.709947946790052,0.9090909090909092,3.83,-0.0197044334975369,-0.1578947368421053,0.5227272727272727,1.1634506242905789,0.82978836529,2.83,False,-4.263157894736844,True,False
tune-c,all100L_m10_ia_r5_h6_t500,500,10,event all 100 ms,any,5.0,6.0,0.9698492462311558,0.709947946790052,0.9090909090909092,3.83,-0.0197044334975369,-0.1578947368421053,0.5227272727272727,1.1634506242905789,0.82978836529,2.83,False,-4.263157894736844,True,False
tune-c,all100L_m20_in_r10_h6_t500,500,20,event all 100 ms,not_ramp_noticed,10.0,6.0,0.964824120603015,0.7093455272935124,0.9772727272727272,3.9,-0.0231481481481481,-0.0625,0.5227272727272727,1.17631479379493,1.12962973612,3.78,False,-1.0833333333333337,True,False
tune-b,all50L_m20_in_r1_t500,500,20,event all 50 ms,not_ramp_noticed,1.0,6.0,0.9748743718592964,0.7093023255813954,0.9545454545454546,2.52,-0.0132450331125827,-0.0999999999999999,0.5227272727272727,1.2387438516836928,1.44262693021,4.8,False,-2.33333333333333,True,False
tune-c,all100L_m20_i0_r10_h6_t500,500,20,event all 100 ms,off,10.0,6.0,0.964824120603015,0.7086187214611872,1.0,3.91,-0.0231481481481481,0.0,0.5227272727272727,1.1778282255013242,1.1354811291700002,3.8,True,0.0608040201005022,True,False
tune-b,all50L_m20_i0_r1_t500,500,20,event all 50 ms,off,1.0,6.0,0.9748743718592964,0.7069793727041537,1.0,2.52,-0.0132450331125827,0.0,0.5227272727272727,1.243662504729474,1.4700784486700005,4.89,True,0.3958123953098802,True,False
tune-c,all50L_m20_i0_r1_h15_t500,500,20,event all 50 ms,off,1.0,15.0,0.9748743718592964,0.7069793727041537,1.0,2.52,-0.0132450331125827,0.0,0.5227272727272727,1.243662504729474,1.77183309983,6.26,True,0.3958123953098802,True,False
tune-c,dep50L_m0_ia_r15_h15_t500,500,0,event dependents 50 ms,any,15.0,15.0,0.9798994974874372,0.7048263684520306,0.7954545454545454,0.81,-0.0054054054054053,-0.2926829268292683,0.5,1.255013242527431,1.0477565645800002,3.93,False,-8.756097560975611,True,False
tune-c,dep50L_m0_ia_r1_h15_t500,500,0,event dependents 50 ms,any,1.0,15.0,0.9798994974874372,0.7048263684520306,0.7954545454545454,0.81,-0.0054054054054053,-0.2926829268292683,0.5,1.255013242527431,1.0477565645800002,3.93,False,-8.756097560975611,True,False
tune-c,dep50L_m0_ia_r30_h15_t500,500,0,event dependents 50 ms,any,30.0,15.0,0.9798994974874372,0.7048263684520306,0.7954545454545454,0.81,-0.0054054054054053,-0.2926829268292683,0.5,1.255013242527431,1.0477565645800002,3.93,False,-8.756097560975611,True,False
tune-c,all100L_m10_in_r30_h6_t500,500,10,event all 100 ms,not_ramp_noticed,30.0,6.0,0.9698492462311558,0.704245553643144,0.9545454545454546,3.83,-0.0197044334975369,-0.1025641025641025,0.5227272727272727,1.1740446462353389,0.92998918088,3.15,False,-2.418803418803417,True,False
tune-c,all100L_m10_i0_r30_h6_t500,500,10,event all 100 ms,off,30.0,6.0,0.9698492462311558,0.703926626540556,0.9772727272727272,3.83,-0.0197044334975369,-0.0697674418604651,0.5227272727272727,1.1751797200151344,0.93584016899,3.17,False,-1.325581395348837,True,False
tune-a,m0_ce_ia_r30_t500,500,0,event dependents 50 ms,any,30.0,6.0,0.9798994974874372,0.7027501462843768,0.9318181818181818,0.83,-0.0054054054054053,-0.131578947368421,0.5227272727272727,1.261823685206205,0.8498044909500001,2.9,False,-3.3859649122807,True,False
tune-b,dep50L_m0_ia_r20_t500,500,0,event dependents 50 ms,any,20.0,6.0,0.9798994974874372,0.7027501462843768,0.9318181818181818,0.83,-0.0054054054054053,-0.131578947368421,0.5227272727272727,1.261823685206205,0.8498044909500001,2.9,False,-3.3859649122807,True,False
tune-b,dep50L_m0_ia_r30_t500,500,0,event dependents 50 ms,any,30.0,6.0,0.9798994974874372,0.7027501462843768,0.9318181818181818,0.83,-0.0054054054054053,-0.131578947368421,0.5227272727272727,1.261823685206205,0.8498044909500001,2.9,False,-3.3859649122807,True,False
tune-b,dep50L_m0_ia_r15_t500,500,0,event dependents 50 ms,any,15.0,6.0,0.9798994974874372,0.7021338789827536,0.9318181818181818,0.84,-0.0054054054054053,-0.131578947368421,0.5227272727272727,1.2625804010594022,0.8498055037400001,2.9,False,-3.3859649122807,True,False
tune-a,m0_ce_ia_r0_t500,500,0,event dependents 50 ms,any,1.0,6.0,0.9798994974874372,0.7009045812664138,0.9318181818181818,0.84,-0.0054054054054053,-0.131578947368421,0.5227272727272727,1.2648505486189936,0.8498068394600001,2.9,False,-3.3859649122807,True,False
tune-b,dep50L_m0_ia_r10_t500,500,0,event dependents 50 ms,any,10.0,6.0,0.9798994974874372,0.7009045812664138,0.9318181818181818,0.84,-0.0054054054054053,-0.131578947368421,0.5227272727272727,1.2648505486189936,0.8498068394600001,2.9,False,-3.3859649122807,True,False
tune-b,dep50L_m0_ia_r1_t500,500,0,event dependents 50 ms,any,1.0,6.0,0.9798994974874372,0.7009045812664138,0.9318181818181818,0.84,-0.0054054054054053,-0.131578947368421,0.5227272727272727,1.2648505486189936,0.8498068394600001,2.9,False,-3.3859649122807,True,False
tune-b,dep50L_m0_ia_r5_t500,500,0,event dependents 50 ms,any,5.0,6.0,0.9798994974874372,0.7009045812664138,0.9318181818181818,0.84,-0.0054054054054053,-0.131578947368421,0.5227272727272727,1.2648505486189936,0.8498068394600001,2.9,False,-3.3859649122807,True,False
tune-c,all100L_m30_in_r5_h6_t500,500,30,event all 100 ms,not_ramp_noticed,5.0,6.0,0.9597989949748744,0.7002275312855518,0.9772727272727272,3.91,-0.0297619047619047,-0.0625,0.5227272727272727,1.182368520620507,1.3816652285000002,4.59,False,-1.0833333333333337,True,False
tune-c,dep100L_m0_ia_r15_h15_t500,500,0,event dependents 100 ms,any,15.0,15.0,0.9798994974874372,0.7001170275014629,0.8181818181818182,1.47,-0.0054054054054053,-0.2653061224489795,0.5,1.2376087779038971,1.05004301897,3.93,False,-7.843537414965984,True,False
tune-c,dep100L_m0_ia_r1_h15_t500,500,0,event dependents 100 ms,any,1.0,15.0,0.9798994974874372,0.7001170275014629,0.8181818181818182,1.47,-0.0054054054054053,-0.2653061224489795,0.5,1.2376087779038971,1.05004301897,3.93,False,-7.843537414965984,True,False
tune-c,dep100L_m0_ia_r30_h15_t500,500,0,event dependents 100 ms,any,30.0,15.0,0.9798994974874372,0.7001170275014629,0.8181818181818182,1.47,-0.0054054054054053,-0.2653061224489795,0.5,1.2376087779038971,1.05004301897,3.93,False,-7.843537414965984,True,False
tune-c,all100L_m10_in_r20_h6_t500,500,10,event all 100 ms,not_ramp_noticed,20.0,6.0,0.9698492462311558,0.6994301994301995,0.9545454545454546,3.83,-0.0197044334975369,-0.1025641025641025,0.5227272727272727,1.1831252364737042,0.99539119737,3.36,False,-2.418803418803417,True,False
tune-c,all100L_m30_i0_r5_h6_t500,500,30,event all 100 ms,off,5.0,6.0,0.9597989949748744,0.6991200681237582,1.0,3.92,-0.0297619047619047,0.0,0.5227272727272727,1.1846386681800984,1.38751677766,4.61,False,-0.1067001675041849,True,False
tune-c,all100L_m10_i0_r20_h6_t500,500,10,event all 100 ms,off,20.0,6.0,0.9698492462311558,0.6989186112692088,0.9772727272727272,3.83,-0.0197044334975369,-0.0697674418604651,0.5227272727272727,1.1846386681800984,1.00124270911,3.38,False,-1.325581395348837,True,False
tune-c,dep50L_m0_in_r30_h15_t500,500,0,event dependents 50 ms,not_ramp_noticed,30.0,15.0,0.9798994974874372,0.6987459900845727,0.8409090909090909,0.81,-0.0054054054054053,-0.25,0.5,1.2667423382519865,1.1382100483900002,4.22,False,-7.333333333333334,True,False
tune-b,dep100L_m0_ia_r20_t500,500,0,event dependents 100 ms,any,20.0,6.0,0.9798994974874372,0.6982833866744254,0.9318181818181818,1.49,-0.0054054054054053,-0.131578947368421,0.5227272727272727,1.2440408626560726,0.8505905290800001,2.9,False,-3.3859649122807,True,False
tune-b,dep100L_m0_ia_r30_t500,500,0,event dependents 100 ms,any,30.0,6.0,0.9798994974874372,0.6982833866744254,0.9318181818181818,1.49,-0.0054054054054053,-0.131578947368421,0.5227272727272727,1.2440408626560726,0.8505905290800001,2.9,False,-3.3859649122807,True,False
tune-b,dep100L_m0_ia_r15_t500,500,0,event dependents 100 ms,any,15.0,6.0,0.9798994974874372,0.6976744186046512,0.9318181818181818,1.5,-0.0054054054054053,-0.131578947368421,0.5227272727272727,1.2447975785092698,0.8505915418700001,2.9,False,-3.3859649122807,True,False
tune-b,dep100L_m0_ia_r10_t500,500,0,event dependents 100 ms,any,10.0,6.0,0.9798994974874372,0.6964596633778294,0.9318181818181818,1.5,-0.0054054054054053,-0.131578947368421,0.5227272727272727,1.2470677260688612,0.8505928775900001,2.9,False,-3.3859649122807,True,False
tune-b,dep100L_m0_ia_r1_t500,500,0,event dependents 100 ms,any,1.0,6.0,0.9798994974874372,0.6964596633778294,0.9318181818181818,1.5,-0.0054054054054053,-0.131578947368421,0.5227272727272727,1.2470677260688612,0.8505928775900001,2.9,False,-3.3859649122807,True,False
tune-b,dep100L_m0_ia_r5_t500,500,0,event dependents 100 ms,any,5.0,6.0,0.9798994974874372,0.6964596633778294,0.9318181818181818,1.5,-0.0054054054054053,-0.131578947368421,0.5227272727272727,1.2470677260688612,0.8505928775900001,2.9,False,-3.3859649122807,True,False
tune-c,all100L_m10_in_r15_h6_t500,500,10,event all 100 ms,not_ramp_noticed,15.0,6.0,0.9698492462311558,0.6960589736319819,0.9772727272727272,3.84,-0.0197044334975369,-0.0625,0.5227272727272727,1.189178963299281,1.03439328661,3.49,False,-1.0833333333333337,True,False
tune-c,all100L_m10_i0_r15_h6_t500,500,10,event all 100 ms,off,15.0,6.0,0.9698492462311558,0.695356738391846,1.0,3.85,-0.0197044334975369,0.0,0.5227272727272727,1.1906923950056754,1.04024467967,3.51,True,0.0785579463948675,True,False
tune-a,m0_ce_in_r30_t500,500,0,event dependents 50 ms,not_ramp_noticed,30.0,6.0,0.9798994974874372,0.6952243125904486,0.9772727272727272,0.83,-0.0054054054054053,-0.0697674418604651,0.5227272727272727,1.275822928490352,0.95270786021,3.23,False,-1.325581395348837,True,False
tune-b,dep50L_m0_in_r30_t500,500,0,event dependents 50 ms,not_ramp_noticed,30.0,6.0,0.9798994974874372,0.6952243125904486,0.9772727272727272,0.83,-0.0054054054054053,-0.0697674418604651,0.5227272727272727,1.275822928490352,0.95270786021,3.23,False,-1.325581395348837,True,False
tune-a,m0_ce_i0_r30_t500,500,0,event dependents 50 ms,off,30.0,6.0,0.9798994974874372,0.695111368238357,0.9772727272727272,0.83,-0.0054054054054053,-0.0697674418604651,0.5227272727272727,1.276579644343549,0.95270877853,3.23,False,-1.325581395348837,True,False
tune-b,dep50L_m0_i0_r30_t500,500,0,event dependents 50 ms,off,30.0,6.0,0.9798994974874372,0.695111368238357,0.9772727272727272,0.83,-0.0054054054054053,-0.0697674418604651,0.5227272727272727,1.276579644343549,0.95270877853,3.23,False,-1.325581395348837,True,False
tune-c,dep50L_m0_i0_r30_h15_t500,500,0,event dependents 50 ms,off,30.0,15.0,0.9798994974874372,0.695111368238357,0.9772727272727272,0.83,-0.0054054054054053,-0.0697674418604651,0.5227272727272727,1.276579644343549,1.18181437753,4.36,False,-1.325581395348837,True,False
tune-c,dep100L_m0_in_r30_h15_t500,500,0,event dependents 100 ms,not_ramp_noticed,30.0,15.0,0.9798994974874372,0.6937119675456389,0.8636363636363636,1.47,-0.0054054054054053,-0.2222222222222222,0.5,1.2500945894816495,1.14764666757,4.24,False,-6.407407407407407,True,False
tune-c,all100L_m30_in_r1_h6_t500,500,30,event all 100 ms,not_ramp_noticed,1.0,6.0,0.9597989949748744,0.69176735037932,0.9772727272727272,3.91,-0.0297619047619047,-0.0625,0.5227272727272727,1.1986379114642451,1.45986913227,4.86,False,-1.0833333333333337,True,False
tune-c,dep50L_m0_in_r15_h15_t500,500,0,event dependents 50 ms,not_ramp_noticed,15.0,15.0,0.9798994974874372,0.6916859122401847,0.8409090909090909,0.83,-0.0054054054054053,-0.25,0.5,1.2792281498297389,1.23026363889,4.52,False,-7.333333333333334,True,False
tune-c,all50L_m10_in_r1_h15_t500,500,10,event all 50 ms,not_ramp_noticed,1.0,15.0,0.9798994974874372,0.6908534890186266,0.8409090909090909,2.42,-0.0054054054054053,-0.25,0.5227272727272727,1.2693908437381762,1.68686305283,6.01,False,-7.333333333333334,True,False
tune-b,dep100L_m0_in_r30_t500,500,0,event dependents 100 ms,not_ramp_noticed,30.0,6.0,0.9798994974874372,0.690846286701209,0.9772727272727272,1.49,-0.0054054054054053,-0.0697674418604651,0.5227272727272727,1.2580401059402195,0.95349390259,3.23,False,-1.325581395348837,True,False
tune-b,dep100L_m0_i0_r30_t500,500,0,event dependents 100 ms,off,30.0,6.0,0.9798994974874372,0.6907364787111623,0.9772727272727272,1.49,-0.0054054054054053,-0.0697674418604651,0.5227272727272727,1.258796821793417,0.9534948209400002,3.23,False,-1.325581395348837,True,False
tune-c,dep100L_m0_i0_r30_h15_t500,500,0,event dependents 100 ms,off,30.0,15.0,0.9798994974874372,0.6907364787111623,0.9772727272727272,1.49,-0.0054054054054053,-0.0697674418604651,0.5227272727272727,1.258796821793417,1.1807007501300002,4.35,False,-1.325581395348837,True,False
tune-c,all100L_m30_i0_r1_h6_t500,500,30,event all 100 ms,off,1.0,6.0,0.9597989949748744,0.6906898485698262,1.0,3.92,-0.0297619047619047,0.0,0.5227272727272727,1.2009080590238366,1.46572068698,4.88,False,-0.1067001675041849,True,False
tune-b,dep50L_m0_in_r20_t500,500,0,event dependents 50 ms,not_ramp_noticed,20.0,6.0,0.9798994974874372,0.6904282839896522,0.9772727272727272,0.83,-0.0054054054054053,-0.0697674418604651,0.5227272727272727,1.2849035187287174,1.01810987754,3.44,False,-1.325581395348837,True,False
tune-b,dep50L_m0_i0_r20_t500,500,0,event dependents 50 ms,off,20.0,6.0,0.9798994974874372,0.6901206203331419,0.9772727272727272,0.83,-0.0054054054054053,-0.0697674418604651,0.5227272727272727,1.2860385925085132,1.01811131949,3.44,False,-1.325581395348837,True,False
tune-b,all50L_m10_in_r5_t500,500,10,event all 50 ms,not_ramp_noticed,5.0,6.0,0.9798994974874372,0.6900277008310249,0.9545454545454546,2.44,-0.0054054054054053,-0.0999999999999999,0.5227272727272727,1.2735527809307603,1.3857617262100002,4.62,False,-2.33333333333333,True,False
tune-b,all50L_m10_i0_r5_t500,500,10,event all 50 ms,off,5.0,6.0,0.9798994974874372,0.6878277670438863,1.0,2.44,-0.0054054054054053,0.0,0.5227272727272727,1.2784714339765415,1.41321323912,4.71,False,-0.1724077652037896,True,False
tune-c,dep100L_m0_in_r15_h15_t500,500,0,event dependents 100 ms,not_ramp_noticed,15.0,15.0,0.9798994974874372,0.6867469879518072,0.8636363636363636,1.49,-0.0054054054054053,-0.2222222222222222,0.5,1.2625804010594022,1.23970025803,4.54,False,-6.407407407407407,True,False
tune-b,dep50L_m0_in_r15_t500,500,0,event dependents 50 ms,not_ramp_noticed,15.0,6.0,0.9798994974874372,0.6866781017724414,1.0,0.85,-0.0054054054054053,0.0,0.5227272727272727,1.291335603480893,1.05711237165,3.57,False,-0.2107299409186191,True,False
tune-b,dep50L_m0_i0_r15_t500,500,0,event dependents 50 ms,off,15.0,6.0,0.9798994974874372,0.6865714285714286,1.0,0.85,-0.0054054054054053,0.0,0.5227272727272727,1.29209231933409,1.05711329,3.57,False,-0.2142857142857113,True,False
tune-c,dep50L_m0_i0_r15_h15_t500,500,0,event dependents 50 ms,off,15.0,15.0,0.9798994974874372,0.6865714285714286,1.0,0.85,-0.0054054054054053,0.0,0.5227272727272727,1.29209231933409,1.29451880385,4.73,False,-0.2142857142857113,True,False
tune-b,dep100L_m0_in_r20_t500,500,0,event dependents 100 ms,not_ramp_noticed,20.0,6.0,0.9798994974874372,0.6861063464837049,0.9772727272727272,1.49,-0.0054054054054053,-0.0697674418604651,0.5227272727272727,1.267120696178585,1.01889591452,3.44,False,-1.325581395348837,True,False
tune-b,dep100L_m0_i0_r20_t500,500,0,event dependents 100 ms,off,20.0,6.0,0.9798994974874372,0.6858040559840046,0.9772727272727272,1.49,-0.0054054054054053,-0.0697674418604651,0.5227272727272727,1.2682557699583803,1.01889735649,3.44,False,-1.325581395348837,True,False
tune-c,all100L_m20_in_r5_h6_t500,500,20,event all 100 ms,not_ramp_noticed,5.0,6.0,0.964824120603015,0.6852567642186638,0.9772727272727272,3.9,-0.0231481481481481,-0.0625,0.5227272727272727,1.222852818766553,1.39794075811,4.65,False,-1.0833333333333337,True,False
tune-c,all100L_m10_in_r10_h6_t500,500,10,event all 100 ms,not_ramp_noticed,10.0,6.0,0.9698492462311558,0.6847977684797768,0.9772727272727272,3.84,-0.0197044334975369,-0.0625,0.5227272727272727,1.2111237230419978,1.14664892151,3.85,False,-1.0833333333333337,True,False
tune-c,all100L_m20_i0_r5_h6_t500,500,20,event all 100 ms,off,5.0,6.0,0.964824120603015,0.6842105263157895,1.0,3.91,-0.0231481481481481,0.0,0.5227272727272727,1.2251229663261445,1.40379230726,4.67,False,-0.2929824561403486,True,False
tune-c,all100L_m10_i0_r10_h6_t500,500,10,event all 100 ms,off,10.0,6.0,0.9698492462311558,0.6841225626740947,1.0,3.85,-0.0197044334975369,0.0,0.5227272727272727,1.212637154748392,1.15250031458,3.87,False,-0.2959145775301763,True,False
tune-b,dep100L_m0_in_r15_t500,500,0,event dependents 100 ms,not_ramp_noticed,15.0,6.0,0.9798994974874372,0.6823997725334091,1.0,1.51,-0.0054054054054053,0.0,0.5227272727272727,1.2735527809307603,1.05789840866,3.57,False,-0.353340915553028,True,False
tune-b,dep100L_m0_i0_r15_t500,500,0,event dependents 100 ms,off,15.0,6.0,0.9798994974874372,0.6822961068485365,1.0,1.51,-0.0054054054054053,0.0,0.5227272727272727,1.2743094967839577,1.057899327,3.57,False,-0.3567964383821158,True,False
tune-c,dep100L_m0_i0_r15_h15_t500,500,0,event dependents 100 ms,off,15.0,15.0,0.9798994974874372,0.6822961068485365,1.0,1.51,-0.0054054054054053,0.0,0.5227272727272727,1.2743094967839577,1.29340517639,4.72,False,-0.3567964383821158,True,False
tune-b,all50L_m10_in_r1_t500,500,10,event all 50 ms,not_ramp_noticed,1.0,6.0,0.9798994974874372,0.6819052833287709,0.9545454545454546,2.44,-0.0054054054054053,-0.0999999999999999,0.5227272727272727,1.2898221717744986,1.46396563,4.89,False,-2.33333333333333,True,False
tune-b,all50L_m10_i0_r1_t500,500,10,event all 50 ms,off,1.0,6.0,0.9798994974874372,0.6797599563557011,1.0,2.44,-0.0054054054054053,0.0,0.5227272727272727,1.29474082482028,1.49141714846,4.98,False,-0.4413347881432957,True,False
tune-c,all50L_m10_i0_r1_h15_t500,500,10,event all 50 ms,off,1.0,15.0,0.9798994974874372,0.6797599563557011,1.0,2.44,-0.0054054054054053,0.0,0.5227272727272727,1.29474082482028,1.81387060417,6.43,False,-0.4413347881432957,True,False
tune-c,all100L_m20_in_r1_h6_t500,500,20,event all 100 ms,not_ramp_noticed,1.0,6.0,0.964824120603015,0.6772169167803547,0.9772727272727272,3.9,-0.0231481481481481,-0.0625,0.5227272727272727,1.2391222096102914,1.4761446618800005,4.92,False,-1.0833333333333337,True,False
tune-c,all50L_m0_ia_r15_h15_t500,500,0,event all 50 ms,any,15.0,15.0,0.9798994974874372,0.676552881925014,0.7954545454545454,2.37,-0.0054054054054053,-0.2941176470588235,0.5227272727272727,1.2625804010594022,1.0656344672000002,4.01,False,-8.803921568627448,True,False
tune-c,all50L_m0_ia_r1_h15_t500,500,0,event all 50 ms,any,1.0,15.0,0.9798994974874372,0.676552881925014,0.7954545454545454,2.37,-0.0054054054054053,-0.2941176470588235,0.5227272727272727,1.2625804010594022,1.0656344672000002,4.01,False,-8.803921568627448,True,False
tune-c,all50L_m0_ia_r30_h15_t500,500,0,event all 50 ms,any,30.0,15.0,0.9798994974874372,0.676552881925014,0.7954545454545454,2.37,-0.0054054054054053,-0.2941176470588235,0.5227272727272727,1.2625804010594022,1.0656344672000002,4.01,False,-8.803921568627448,True,False
tune-c,all100L_m20_i0_r1_h6_t500,500,20,event all 100 ms,off,1.0,6.0,0.964824120603015,0.67619825708061,1.0,3.91,-0.0231481481481481,0.0,0.5227272727272727,1.2413923571698826,1.48199621661,4.94,False,-0.5600580973129987,True,False
tune-b,dep50L_m0_in_r10_t500,500,0,event dependents 50 ms,not_ramp_noticed,10.0,6.0,0.9798994974874372,0.6756680731364275,1.0,0.85,-0.0054054054054053,0.0,0.5227272727272727,1.312902005297011,1.1693678064500002,3.93,False,-0.5777308954524145,True,False
tune-b,dep50L_m0_i0_r10_t500,500,0,event dependents 50 ms,off,10.0,6.0,0.9798994974874372,0.6753794266441822,1.0,0.85,-0.0054054054054053,0.0,0.5227272727272727,1.3140370790768066,1.1693688086600005,3.93,False,-0.5873524451939265,True,False
tune-b,all50L_m0_ia_r20_t500,500,0,event all 50 ms,any,20.0,6.0,0.9798994974874372,0.6749234622877818,0.8863636363636364,2.39,-0.0054054054054053,-0.1904761904761904,0.5227272727272727,1.2690124858115777,0.84058307014,2.88,False,-5.349206349206347,True,False
tune-b,all50L_m0_ia_r30_t500,500,0,event all 50 ms,any,30.0,6.0,0.9798994974874372,0.6749234622877818,0.8863636363636364,2.39,-0.0054054054054053,-0.1904761904761904,0.5227272727272727,1.2690124858115777,0.84058307014,2.88,False,-5.349206349206347,True,False
tune-b,all50L_m0_ia_r15_t500,500,0,event all 50 ms,any,15.0,6.0,0.9798994974874372,0.6743604004449388,0.8863636363636364,2.4,-0.0054054054054053,-0.1904761904761904,0.5227272727272727,1.2697692016647748,0.84058408292,2.88,False,-5.349206349206347,True,False
tune-b,all50L_m0_ia_r10_t500,500,0,event all 50 ms,any,10.0,6.0,0.9798994974874372,0.6732370905052748,0.8863636363636364,2.4,-0.0054054054054053,-0.1904761904761904,0.5227272727272727,1.2720393492243662,0.84058541866,2.88,False,-5.349206349206347,True,False
tune-b,all50L_m0_ia_r1_t500,500,0,event all 50 ms,any,1.0,6.0,0.9798994974874372,0.6732370905052748,0.8863636363636364,2.4,-0.0054054054054053,-0.1904761904761904,0.5227272727272727,1.2720393492243662,0.84058541866,2.88,False,-5.349206349206347,True,False
tune-b,all50L_m0_ia_r5_t500,500,0,event all 50 ms,any,5.0,6.0,0.9798994974874372,0.6732370905052748,0.8863636363636364,2.4,-0.0054054054054053,-0.1904761904761904,0.5227272727272727,1.2720393492243662,0.84058541866,2.88,False,-5.349206349206347,True,False
tune-b,dep100L_m0_in_r10_t500,500,0,event dependents 100 ms,not_ramp_noticed,10.0,6.0,0.9798994974874372,0.6715165081141579,1.0,1.51,-0.0054054054054053,0.0,0.5227272727272727,1.2951191827468786,1.17015384511,3.93,False,-0.7161163961947363,True,False
tune-b,dep100L_m0_i0_r10_t500,500,0,event dependents 100 ms,off,10.0,6.0,0.9798994974874372,0.6712328767123288,1.0,1.51,-0.0054054054054053,0.0,0.5227272727272727,1.296254256526674,1.17015484732,3.93,False,-0.7255707762557055,True,False
tune-c,all50L_m0_in_r30_h15_t500,500,0,event all 50 ms,not_ramp_noticed,30.0,15.0,0.9798994974874372,0.6708264004437049,0.8409090909090909,2.37,-0.0054054054054053,-0.25,0.5227272727272727,1.2746878547105562,1.1589378393900005,4.31,False,-7.333333333333334,True,False
tune-b,all50L_m0_in_r30_t500,500,0,event all 50 ms,not_ramp_noticed,30.0,6.0,0.9798994974874372,0.668412348401323,0.9318181818181818,2.39,-0.0054054054054053,-0.1363636363636363,0.5227272727272727,1.2822550132425274,0.93763606086,3.19,False,-3.545454545454544,True,False
tune-c,all100L_m0_ia_r20_h6_t500,500,0,event all 100 ms,any,20.0,6.0,0.9798994974874372,0.6681489716509171,0.9090909090909092,3.78,-0.0099009900990099,-0.1578947368421053,0.5227272727272727,1.2183125236473704,0.8492094731600001,2.91,False,-4.263157894736844,True,False
tune-c,all100L_m0_ia_r30_h6_t500,500,0,event all 100 ms,any,30.0,6.0,0.9798994974874372,0.6681489716509171,0.9090909090909092,3.78,-0.0099009900990099,-0.1578947368421053,0.5227272727272727,1.2183125236473704,0.8492094731600001,2.91,False,-4.263157894736844,True,False
tune-b,all50L_m0_i0_r30_t500,500,0,event all 50 ms,off,30.0,6.0,0.9798994974874372,0.6679515418502202,0.9772727272727272,2.39,-0.0054054054054053,-0.0697674418604651,0.5227272727272727,1.2837684449489215,0.95028689406,3.23,False,-1.325581395348837,True,False
tune-c,all50L_m0_i0_r30_h15_t500,500,0,event all 50 ms,off,30.0,15.0,0.9798994974874372,0.6679515418502202,0.9772727272727272,2.39,-0.0054054054054053,-0.0697674418604651,0.5227272727272727,1.2837684449489215,1.2004416429000002,4.44,False,-1.325581395348837,True,False
tune-c,all100L_m0_ia_r15_h6_t500,500,0,event all 100 ms,any,15.0,6.0,0.9798994974874372,0.6677777777777778,0.9090909090909092,3.78,-0.0099009900990099,-0.1578947368421053,0.5227272727272727,1.2190692395005676,0.84921016122,2.91,False,-4.263157894736844,True,False
tune-c,all100L_m0_ia_r10_h6_t500,500,0,event all 100 ms,any,10.0,6.0,0.9798994974874372,0.6666666666666666,0.9090909090909092,3.78,-0.0099009900990099,-0.1578947368421053,0.5227272727272727,1.221339387060159,0.8492114969600001,2.91,False,-4.263157894736844,True,False
tune-c,all100L_m0_ia_r1_h6_t500,500,0,event all 100 ms,any,1.0,6.0,0.9798994974874372,0.6666666666666666,0.9090909090909092,3.78,-0.0099009900990099,-0.1578947368421053,0.5227272727272727,1.221339387060159,0.8492114969600001,2.91,False,-4.263157894736844,True,False
tune-c,all100L_m0_ia_r5_h6_t500,500,0,event all 100 ms,any,5.0,6.0,0.9798994974874372,0.6666666666666666,0.9090909090909092,3.78,-0.0099009900990099,-0.1578947368421053,0.5227272727272727,1.221339387060159,0.8492114969600001,2.91,False,-4.263157894736844,True,False
tune-a,m1_cl_ia_r30_t500,500,10,latch dependents,any,30.0,6.0,0.9798994974874372,0.664388961892247,0.9090909090909092,4.57,-0.0054054054054053,-0.1666666666666666,0.5,1.2667423382519865,0.829641837,2.8,False,-4.555555555555554,True,False
tune-b,all50L_m0_in_r20_t500,500,0,event all 50 ms,not_ramp_noticed,20.0,6.0,0.9798994974874372,0.6642015886058614,0.9318181818181818,2.39,-0.0054054054054053,-0.1363636363636363,0.5227272727272727,1.2909572455542944,1.00303800442,3.4,False,-3.545454545454544,True,False
tune-c,all50L_m0_in_r15_h15_t500,500,0,event all 50 ms,not_ramp_noticed,15.0,15.0,0.9798994974874372,0.6641954969796815,0.8409090909090909,2.39,-0.0054054054054053,-0.25,0.5227272727272727,1.2875520242149072,1.25499152539,4.62,False,-7.333333333333334,True,False
tune-b,all50L_m0_i0_r20_t500,500,0,event all 50 ms,off,20.0,6.0,0.9798994974874372,0.6633852884878315,0.9772727272727272,2.39,-0.0054054054054053,-0.0697674418604651,0.5227272727272727,1.2932273931138858,1.015689435,3.44,False,-1.325581395348837,True,False
tune-a,m1_cl_ia_r0_t500,500,10,latch dependents,any,1.0,6.0,0.9798994974874372,0.6628211851074987,0.9090909090909092,4.58,-0.0054054054054053,-0.1666666666666666,0.5,1.2697692016647748,0.8296441844,2.8,False,-4.555555555555554,True,False
tune-c,all100L_m10_in_r5_h6_t500,500,10,event all 100 ms,not_ramp_noticed,5.0,6.0,0.9698492462311558,0.6620819848975189,0.9772727272727272,3.84,-0.0197044334975369,-0.0625,0.5227272727272727,1.257661748013621,1.41495994354,4.72,False,-1.0833333333333337,True,False
tune-c,all100L_m0_in_r30_h6_t500,500,0,event all 100 ms,not_ramp_noticed,30.0,6.0,0.9798994974874372,0.6615299944964227,0.9545454545454546,3.78,-0.0099009900990099,-0.1025641025641025,0.5227272727272727,1.2319334090049183,0.94941276295,3.23,False,-2.418803418803417,True,False
tune-c,all100L_m0_i0_r30_h6_t500,500,0,event all 100 ms,off,30.0,6.0,0.9798994974874372,0.6612592796260655,0.9772727272727272,3.78,-0.0099009900990099,-0.0697674418604651,0.5227272727272727,1.2330684827847145,0.95526375084,3.25,False,-1.325581395348837,True,False
tune-c,all100L_m10_i0_r5_h6_t500,500,10,event all 100 ms,off,5.0,6.0,0.9698492462311558,0.6611036339165545,1.0,3.85,-0.0197044334975369,0.0,0.5227272727272727,1.2599318955732122,1.4208114927000002,4.74,False,-1.063212202781516,True,False
tune-b,all50L_m0_in_r15_t500,500,0,event all 50 ms,not_ramp_noticed,15.0,6.0,0.9798994974874372,0.6609430362496593,0.9545454545454546,2.41,-0.0054054054054053,-0.0999999999999999,0.5227272727272727,1.2970109723798713,1.03909041834,3.52,False,-2.33333333333333,True,False
tune-b,all50L_m0_i0_r15_t500,500,0,event all 50 ms,off,15.0,6.0,0.9798994974874372,0.6601360544217687,1.0,2.41,-0.0054054054054053,0.0,0.5227272727272727,1.2992811199394627,1.05469140552,3.57,False,-1.0954648526077082,True,False
tune-c,all50L_m0_i0_r15_h15_t500,500,0,event all 50 ms,off,15.0,15.0,0.9798994974874372,0.6601360544217687,1.0,2.41,-0.0054054054054053,0.0,0.5227272727272727,1.2992811199394627,1.31314606924,4.81,False,-1.0954648526077082,True,False
tune-a,m1_cl_in_r30_t500,500,10,latch dependents,not_ramp_noticed,30.0,6.0,0.9798994974874372,0.658161936995574,0.9545454545454546,4.57,-0.0054054054054053,-0.108695652173913,0.5,1.2803632236095346,0.92954444991,3.12,False,-2.6231884057971,True,False
tune-a,m1_cl_i0_r30_t500,500,10,latch dependents,off,30.0,6.0,0.9798994974874372,0.6580863234529382,0.9772727272727272,4.57,-0.0054054054054053,-0.0697674418604651,0.5227272727272727,1.2822550132425274,0.93554561516,3.14,False,-1.325581395348837,True,False
tune-c,all100L_m0_in_r20_h6_t500,500,0,event all 100 ms,not_ramp_noticed,20.0,6.0,0.9798994974874372,0.6571897211591033,0.9545454545454546,3.78,-0.0099009900990099,-0.1025641025641025,0.5227272727272727,1.241013999243284,1.01481477992,3.44,False,-2.418803418803417,True,False
tune-c,all100L_m0_i0_r20_h6_t500,500,0,event all 100 ms,off,20.0,6.0,0.9798994974874372,0.6567449481157838,0.9772727272727272,3.78,-0.0099009900990099,-0.0697674418604651,0.5227272727272727,1.2425274309496783,1.02066629142,3.46,False,-1.325581395348837,True,False
tune-c,dep50L_m0_in_r1_h15_t500,500,0,event dependents 50 ms,not_ramp_noticed,1.0,15.0,0.9798994974874372,0.656078860898138,0.8409090909090909,0.83,-0.0054054054054053,-0.25,0.5,1.3503594400302683,1.67203094675,5.97,False,-7.333333333333334,True,False
tune-c,all100L_m10_in_r1_h6_t500,500,10,event all 100 ms,not_ramp_noticed,1.0,6.0,0.9698492462311558,0.6544921354305518,0.9772727272727272,3.84,-0.0197044334975369,-0.0625,0.5227272727272727,1.273931138857359,1.49316384735,4.99,False,-1.28359548564827,True,False
tune-c,all100L_m0_in_r15_h6_t500,500,0,event all 100 ms,not_ramp_noticed,15.0,6.0,0.9798994974874372,0.6541496598639456,0.9772727272727272,3.79,-0.0099009900990099,-0.0625,0.5227272727272727,1.2470677260688612,1.0538168679700002,3.57,False,-1.295011337868479,True,False
tune-c,all100L_m10_i0_r1_h6_t500,500,10,event all 100 ms,off,1.0,6.0,0.9698492462311558,0.6535391165513571,1.0,3.85,-0.0197044334975369,0.0,0.5227272727272727,1.2762012864169503,1.49901540204,5.01,False,-1.3153627816214284,True,False
tune-c,all100L_m0_i0_r15_h6_t500,500,0,event all 100 ms,off,15.0,6.0,0.9798994974874372,0.6535326086956522,1.0,3.8,-0.0099009900990099,0.0,0.5227272727272727,1.2485811577752557,1.05966826079,3.59,False,-1.3155797101449245,True,False
tune-b,dep50L_m0_in_r5_t500,500,0,event dependents 50 ms,not_ramp_noticed,5.0,6.0,0.9798994974874372,0.6530723219140837,1.0,0.85,-0.0054054054054053,0.0,0.5227272727272727,1.359440030268634,1.43767883772,4.8,False,-1.3309226028638748,True,False
tune-b,dep50L_m0_i0_r5_t500,500,0,event dependents 50 ms,off,5.0,6.0,0.9798994974874372,0.6524572359489547,1.0,0.85,-0.0054054054054053,0.0,0.5227272727272727,1.3613318199016269,1.43767999607,4.8,False,-1.3514254683681763,True,False
tune-b,all50L_m0_in_r10_t500,500,0,event all 50 ms,not_ramp_noticed,10.0,6.0,0.9798994974874372,0.6510067114093959,0.9545454545454546,2.41,-0.0054054054054053,-0.0999999999999999,0.5227272727272727,1.3181990162693908,1.14844579611,3.87,False,-2.33333333333333,True,False
tune-c,dep100L_m0_in_r1_h15_t500,500,0,event dependents 100 ms,not_ramp_noticed,1.0,15.0,0.9798994974874372,0.6505434782608696,0.8636363636363636,1.49,-0.0054054054054053,-0.2222222222222222,0.5,1.3359818388195233,1.70106805453,6.05,False,-6.407407407407407,True,False
tune-b,all50L_m0_i0_r10_t500,500,0,event all 50 ms,off,10.0,6.0,0.9798994974874372,0.649879453522636,1.0,2.41,-0.0054054054054053,0.0,0.5227272727272727,1.3212258796821794,1.1669469308,3.93,False,-1.4373515492454656,True,False
tune-b,dep100L_m0_in_r5_t500,500,0,event dependents 100 ms,not_ramp_noticed,5.0,6.0,0.9798994974874372,0.6491750067622396,1.0,1.51,-0.0054054054054053,0.0,0.5227272727272727,1.3416572077185016,1.43846488179,4.8,False,-1.460833107925345,True,False
tune-b,dep100L_m0_i0_r5_t500,500,0,event dependents 100 ms,off,5.0,6.0,0.9798994974874372,0.6485683414370611,1.0,1.51,-0.0054054054054053,0.0,0.5227272727272727,1.3435489973514945,1.4384660401400002,4.8,False,-1.481055285431295,True,False
tune-a,m0_ce_in_r0_t500,500,0,event dependents 50 ms,not_ramp_noticed,1.0,6.0,0.9798994974874372,0.6458725463834364,1.0,0.85,-0.0054054054054053,0.0,0.5227272727272727,1.3749527052591752,1.51588257656,5.07,False,-1.5709151205521188,True,False
tune-b,dep50L_m0_in_r1_t500,500,0,event dependents 50 ms,not_ramp_noticed,1.0,6.0,0.9798994974874372,0.6458725463834364,1.0,0.85,-0.0054054054054053,0.0,0.5227272727272727,1.3749527052591752,1.51588257656,5.07,False,-1.5709151205521188,True,False
tune-a,m0_ce_i0_r0_t500,500,0,event dependents 50 ms,off,1.0,6.0,0.9798994974874372,0.644927536231884,1.0,0.85,-0.0054054054054053,0.0,0.5227272727272727,1.377601210745365,1.51588390061,5.07,False,-1.6024154589371973,True,False
tune-b,dep50L_m0_i0_r1_t500,500,0,event dependents 50 ms,off,1.0,6.0,0.9798994974874372,0.644927536231884,1.0,0.85,-0.0054054054054053,0.0,0.5227272727272727,1.377601210745365,1.51588390061,5.07,False,-1.6024154589371973,True,False
tune-c,dep50L_m0_i0_r1_h15_t500,500,0,event dependents 50 ms,off,1.0,15.0,0.9798994974874372,0.644927536231884,1.0,0.85,-0.0054054054054053,0.0,0.5227272727272727,1.377601210745365,1.8042393549,6.41,False,-1.6024154589371973,True,False
tune-c,all100L_m0_in_r10_h6_t500,500,0,event all 100 ms,not_ramp_noticed,10.0,6.0,0.9798994974874372,0.6439860701848379,0.9772727272727272,3.79,-0.0099009900990099,-0.0625,0.5227272727272727,1.2690124858115777,1.1660723944600002,3.93,False,-1.633797660505402,True,False
tune-c,all100L_m0_i0_r10_h6_t500,500,0,event all 100 ms,off,10.0,6.0,0.9798994974874372,0.6433921883360085,1.0,3.8,-0.0099009900990099,0.0,0.5227272727272727,1.270525917517972,1.17192378727,3.95,False,-1.6535937221330477,True,False
tune-b,dep100L_m0_in_r1_t500,500,0,event dependents 100 ms,not_ramp_noticed,1.0,6.0,0.9798994974874372,0.6420545746388443,1.0,1.51,-0.0054054054054053,0.0,0.5227272727272727,1.3571698827090428,1.5166686206,5.07,False,-1.698180845371855,True,False
tune-b,dep100L_m0_i0_r1_t500,500,0,event dependents 100 ms,off,1.0,6.0,0.9798994974874372,0.6411214953271028,1.0,1.51,-0.0054054054054053,0.0,0.5227272727272727,1.3598183881952326,1.5166699446600005,5.07,False,-1.7292834890965707,True,False
tune-c,dep100L_m0_i0_r1_h15_t500,500,0,event dependents 100 ms,off,1.0,15.0,0.9798994974874372,0.6411214953271028,1.0,1.51,-0.0054054054054053,0.0,0.5227272727272727,1.3598183881952326,1.80312572753,6.4,False,-1.7292834890965707,True,False
tune-c,all50L_m0_in_r1_h15_t500,500,0,event all 50 ms,not_ramp_noticed,1.0,15.0,0.9798994974874372,0.6312630480167014,0.8409090909090909,2.39,-0.0054054054054053,-0.25,0.5227272727272727,1.359440030268634,1.69850908157,6.08,False,-7.333333333333334,True,False
tune-b,all50L_m0_in_r5_t500,500,0,event all 50 ms,not_ramp_noticed,5.0,6.0,0.9798994974874372,0.6306892067620286,0.9545454545454546,2.41,-0.0054054054054053,-0.0999999999999999,0.5227272727272727,1.3636019674612183,1.40780660073,4.71,False,-2.33333333333333,True,False
tune-b,all50L_m0_i0_r5_t500,500,0,event all 50 ms,off,5.0,6.0,0.9798994974874372,0.6288232244686366,1.0,2.41,-0.0054054054054053,0.0,0.5227272727272727,1.3685206205069995,1.4352581134100002,4.8,False,-2.1392258510454454,True,False
tune-b,all50L_m0_in_r1_t500,500,0,event all 50 ms,not_ramp_noticed,1.0,6.0,0.9798994974874372,0.6237139917695473,0.9545454545454546,2.41,-0.0054054054054053,-0.0999999999999999,0.5227272727272727,1.3798713583049564,1.48601050454,4.98,False,-2.33333333333333,True,False
tune-c,all100L_m0_in_r5_h6_t500,500,0,event all 100 ms,not_ramp_noticed,5.0,6.0,0.9798994974874372,0.6234439834024896,0.9772727272727272,3.79,-0.0099009900990099,-0.0625,0.5227272727272727,1.3155505107832008,1.4343834209200002,4.8,False,-2.318533886583677,True,False
tune-c,all100L_m0_i0_r5_h6_t500,500,0,event all 100 ms,off,5.0,6.0,0.9798994974874372,0.6225731296919492,1.0,3.8,-0.0099009900990099,0.0,0.5227272727272727,1.3178206583427925,1.44023496984,4.82,False,-2.347562343601691,True,False
tune-b,all50L_m0_i0_r1_t500,500,0,event all 50 ms,off,1.0,6.0,0.9798994974874372,0.6218918226095873,1.0,2.41,-0.0054054054054053,0.0,0.5227272727272727,1.384790011350738,1.51346202277,5.07,False,-2.3702725796804214,True,False
tune-c,all50L_m0_i0_r1_h15_t500,500,0,event all 50 ms,off,1.0,15.0,0.9798994974874372,0.6218918226095873,1.0,2.41,-0.0054054054054053,0.0,0.5227272727272727,1.384790011350738,1.8228666251600003,6.49,False,-2.3702725796804214,True,False
tune-a,m1_cl_in_r0_t500,500,10,latch dependents,not_ramp_noticed,1.0,6.0,0.9798994974874372,0.6171875,0.9772727272727272,4.59,-0.0054054054054053,-0.0697674418604651,0.5,1.376087779038971,1.47151820158,4.89,False,-2.527083333333332,True,False
tune-c,all100L_m0_in_r1_h6_t500,500,0,event all 100 ms,not_ramp_noticed,1.0,6.0,0.9798994974874372,0.6165683508591947,0.9772727272727272,3.79,-0.0099009900990099,-0.0625,0.5227272727272727,1.331819901626939,1.51258732474,5.07,False,-2.5477216380268417,True,False
tune-c,all100L_m0_i0_r1_h6_t500,500,0,event all 100 ms,off,1.0,6.0,0.9798994974874372,0.6157194060419867,1.0,3.8,-0.0099009900990099,0.0,0.5227272727272727,1.3340900491865304,1.5184388792,5.09,False,-2.5760197986004414,True,False
tune-a,m1_cl_i0_r0_t500,500,10,latch dependents,off,1.0,6.0,0.9798994974874372,0.6150668286755772,1.0,4.59,-0.0054054054054053,0.0,0.5227272727272727,1.3832765796443436,1.49872074418,4.98,False,-2.59777237748076,True,False
tune-a,m0_cl_ia_r30_t500,500,0,latch dependents,any,30.0,6.0,0.9798994974874372,0.5778364116094987,0.9090909090909092,4.6,-0.0054054054054053,-0.1666666666666666,0.5,1.4033295497540674,0.8921052466900001,3.05,False,-4.555555555555554,True,False
tune-a,m0_cl_ia_r0_t500,500,0,latch dependents,any,1.0,6.0,0.9798994974874372,0.5765916706558162,0.9090909090909092,4.61,-0.0054054054054053,-0.1666666666666666,0.5,1.4063564131668558,0.8921075940900001,3.05,False,-4.555555555555554,True,False
tune-a,m0_cl_i0_r30_t500,500,0,latch dependents,off,30.0,6.0,0.9798994974874372,0.5729216152019002,0.9772727272727272,4.6,-0.0054054054054053,-0.0697674418604651,0.5227272727272727,1.4188422247446084,0.99955937716,3.39,False,-4.0026128266033245,True,False
tune-a,m0_cl_in_r30_t500,500,0,latch dependents,not_ramp_noticed,30.0,6.0,0.9798994974874372,0.5728894173602854,0.9545454545454546,4.6,-0.0054054054054053,-0.108695652173913,0.5,1.4169504351116156,0.99200863224,3.37,False,-4.003686087990484,True,False
tune-a,m0_cl_in_r0_t500,500,0,latch dependents,not_ramp_noticed,1.0,6.0,0.9798994974874372,0.5401345291479821,0.9772727272727272,4.62,-0.0054054054054053,-0.0697674418604651,0.5,1.512674990541052,1.53398237875,5.14,False,-5.095515695067262,True,False
tune-a,m0_cl_i0_r0_t500,500,0,latch dependents,off,1.0,6.0,0.9798994974874372,0.5385130609511052,1.0,4.62,-0.0054054054054053,0.0,0.5227272727272727,1.5198637911464246,1.562734501,5.23,False,-5.149564634963159,True,False
tune-a,m1_ce_ia_r0_t2000,2000,50,event dependents 50 ms,any,1.0,15.0,0.964824120603015,0.8459877653832314,0.7954545454545454,0.87,-0.0271739130434782,-0.303030303030303,0.1818181818181818,1.0185395384033296,0.93595453404,3.31,False,-9.1010101010101,True,True
tune-a,m1_ce_ia_r30_t2000,2000,50,event dependents 50 ms,any,30.0,15.0,0.964824120603015,0.8459877653832314,0.7954545454545454,0.87,-0.0271739130434782,-0.303030303030303,0.1818181818181818,1.0185395384033296,0.93595453404,3.31,False,-9.1010101010101,True,True
tune-b,h15_ia_r10_t2000,2000,50,event dependents 50 ms,any,10.0,15.0,0.964824120603015,0.8459877653832314,0.7954545454545454,0.87,-0.0271739130434782,-0.303030303030303,0.1818181818181818,1.0185395384033296,0.93595453404,3.31,False,-9.1010101010101,True,True
tune-b,h15_ia_r15_t2000,2000,50,event dependents 50 ms,any,15.0,15.0,0.964824120603015,0.8459877653832314,0.7954545454545454,0.87,-0.0271739130434782,-0.303030303030303,0.1818181818181818,1.0185395384033296,0.93595453404,3.31,False,-9.1010101010101,True,True
tune-b,h15_ia_r1_t2000,2000,50,event dependents 50 ms,any,1.0,15.0,0.964824120603015,0.8459877653832314,0.7954545454545454,0.87,-0.0271739130434782,-0.303030303030303,0.1818181818181818,1.0185395384033296,0.93595453404,3.31,False,-9.1010101010101,True,True
tune-b,h15_ia_r20_t2000,2000,50,event dependents 50 ms,any,20.0,15.0,0.964824120603015,0.8459877653832314,0.7954545454545454,0.87,-0.0271739130434782,-0.303030303030303,0.1818181818181818,1.0185395384033296,0.93595453404,3.31,False,-9.1010101010101,True,True
tune-b,h15_ia_r30_t2000,2000,50,event dependents 50 ms,any,30.0,15.0,0.964824120603015,0.8459877653832314,0.7954545454545454,0.87,-0.0271739130434782,-0.303030303030303,0.1818181818181818,1.0185395384033296,0.93595453404,3.31,False,-9.1010101010101,True,True
tune-b,h15_ia_r5_t2000,2000,50,event dependents 50 ms,any,5.0,15.0,0.964824120603015,0.8459877653832314,0.7954545454545454,0.87,-0.0271739130434782,-0.303030303030303,0.1818181818181818,1.0185395384033296,0.93595453404,3.31,False,-9.1010101010101,True,True
tune-a,m1_ce_in_r30_t2000,2000,50,event dependents 50 ms,not_ramp_noticed,30.0,15.0,0.964824120603015,0.7763893456099967,0.8409090909090909,0.97,-0.0271739130434782,-0.25,0.1818181818181818,1.1138857359061671,1.11821049204,3.86,False,-7.333333333333334,True,True
tune-b,h15_in_r30_t2000,2000,50,event dependents 50 ms,not_ramp_noticed,30.0,15.0,0.964824120603015,0.7763893456099967,0.8409090909090909,0.97,-0.0271739130434782,-0.25,0.1818181818181818,1.1138857359061671,1.11821049204,3.86,False,-7.333333333333334,True,True
tune-b,h15_in_r15_t2000,2000,50,event dependents 50 ms,not_ramp_noticed,15.0,15.0,0.964824120603015,0.7375820056232427,0.8409090909090909,1.04,-0.0271739130434782,-0.25,0.1818181818181818,1.1717744986757472,1.23677269786,4.21,False,-7.333333333333334,True,False
tune-b,h15_in_r20_t2000,2000,50,event dependents 50 ms,not_ramp_noticed,20.0,15.0,0.964824120603015,0.7375820056232427,0.8409090909090909,1.04,-0.0271739130434782,-0.25,0.1818181818181818,1.1717744986757472,1.23677269786,4.21,False,-7.333333333333334,True,False
tune-b,h6_ia_r30_t2000,2000,50,event dependents 50 ms,any,30.0,6.0,0.964824120603015,0.7113992762364294,0.9545454545454546,0.99,-0.0271739130434782,-0.1081081081081081,0.2045454545454545,1.2171774498675747,0.87291738103,2.88,False,-2.603603603603604,True,True
tune-b,h6_ia_r15_t2000,2000,50,event dependents 50 ms,any,15.0,6.0,0.964824120603015,0.7099006921456515,0.9545454545454546,0.99,-0.0271739130434782,-0.1081081081081081,0.2045454545454545,1.2198259553537647,0.8729188181800001,2.88,False,-2.603603603603604,True,False
tune-b,h6_ia_r20_t2000,2000,50,event dependents 50 ms,any,20.0,6.0,0.964824120603015,0.7099006921456515,0.9545454545454546,0.99,-0.0271739130434782,-0.1081081081081081,0.2045454545454545,1.2198259553537647,0.8729188181800001,2.88,False,-2.603603603603604,True,False
tune-b,h6_ia_r10_t2000,2000,50,event dependents 50 ms,any,10.0,6.0,0.964824120603015,0.7077707770777077,0.9545454545454546,0.99,-0.0271739130434782,-0.1081081081081081,0.2045454545454545,1.2236095346197502,0.8729207950800001,2.88,False,-2.603603603603604,True,False
tune-b,h6_ia_r1_t2000,2000,50,event dependents 50 ms,any,1.0,6.0,0.964824120603015,0.7077707770777077,0.9545454545454546,0.99,-0.0271739130434782,-0.1081081081081081,0.2045454545454545,1.2236095346197502,0.8729207950800001,2.88,False,-2.603603603603604,True,False
tune-b,h6_ia_r5_t2000,2000,50,event dependents 50 ms,any,5.0,6.0,0.964824120603015,0.7077707770777077,0.9545454545454546,0.99,-0.0271739130434782,-0.1081081081081081,0.2045454545454545,1.2236095346197502,0.8729207950800001,2.88,False,-2.603603603603604,True,False
tune-b,h6_in_r30_t2000,2000,50,event dependents 50 ms,not_ramp_noticed,30.0,6.0,0.964824120603015,0.6770952927669346,0.9772727272727272,1.08,-0.0271739130434782,-0.0681818181818182,0.2045454545454545,1.277336360196746,0.97483074655,3.18,False,-1.2727272727272736,True,True
tune-a,m0_ce_ia_r0_t2000,2000,0,event dependents 50 ms,any,1.0,15.0,0.9748743718592964,0.6741508347725964,0.7954545454545454,0.8,-0.0147783251231526,-0.303030303030303,0.1818181818181818,1.2841468028755203,1.10918207336,4.12,False,-9.1010101010101,True,True
tune-a,m0_ce_ia_r30_t2000,2000,0,event dependents 50 ms,any,30.0,15.0,0.9748743718592964,0.6741508347725964,0.7954545454545454,0.8,-0.0147783251231526,-0.303030303030303,0.1818181818181818,1.2841468028755203,1.10918207336,4.12,False,-9.1010101010101,True,True
tune-b,h6_in_r15_t2000,2000,50,event dependents 50 ms,not_ramp_noticed,15.0,6.0,0.964824120603015,0.6463180947166712,0.9772727272727272,1.13,-0.0271739130434782,-0.0681818181818182,0.2045454545454545,1.3393870601589104,1.07029269236,3.45,False,-1.5560635094442907,True,False
tune-b,h6_in_r20_t2000,2000,50,event dependents 50 ms,not_ramp_noticed,20.0,6.0,0.964824120603015,0.6463180947166712,0.9772727272727272,1.13,-0.0271739130434782,-0.0681818181818182,0.2045454545454545,1.3393870601589104,1.07029269236,3.45,False,-1.5560635094442907,True,False
tune-a,m1_ce_in_r0_t2000,2000,50,event dependents 50 ms,not_ramp_noticed,1.0,15.0,0.964824120603015,0.6365840517241379,0.8409090909090909,1.18,-0.0271739130434782,-0.25,0.1818181818181818,1.3598183881952326,1.59571431362,5.3,False,-7.333333333333334,True,False
tune-b,h15_in_r10_t2000,2000,50,event dependents 50 ms,not_ramp_noticed,10.0,15.0,0.964824120603015,0.6365840517241379,0.8409090909090909,1.18,-0.0271739130434782,-0.25,0.1818181818181818,1.3598183881952326,1.59571431362,5.3,False,-7.333333333333334,True,False
tune-b,h15_in_r1_t2000,2000,50,event dependents 50 ms,not_ramp_noticed,1.0,15.0,0.964824120603015,0.6365840517241379,0.8409090909090909,1.18,-0.0271739130434782,-0.25,0.1818181818181818,1.3598183881952326,1.59571431362,5.3,False,-7.333333333333334,True,False
tune-b,h15_in_r5_t2000,2000,50,event dependents 50 ms,not_ramp_noticed,5.0,15.0,0.964824120603015,0.6365840517241379,0.8409090909090909,1.18,-0.0271739130434782,-0.25,0.1818181818181818,1.3598183881952326,1.59571431362,5.3,False,-7.333333333333334,True,False
tune-a,m0_ce_in_r30_t2000,2000,0,event dependents 50 ms,not_ramp_noticed,30.0,15.0,0.9748743718592964,0.629718875502008,0.8409090909090909,0.9,-0.0147783251231526,-0.25,0.1818181818181818,1.3791146424517593,1.2914378594500002,4.67,False,-7.333333333333334,True,True
tune-a,m1_cl_ia_r0_t2000,2000,50,latch dependents,any,1.0,15.0,0.9447236180904522,0.6008549292011756,0.75,8.45,-0.0483091787439613,-0.35,0.1590909090909091,1.0964812712826333,1.02980316971,3.56,False,-10.666666666666666,False,False
tune-a,m1_cl_ia_r30_t2000,2000,50,latch dependents,any,30.0,15.0,0.9447236180904522,0.6008549292011756,0.75,8.45,-0.0483091787439613,-0.35,0.1590909090909091,1.0964812712826333,1.02980316971,3.56,False,-10.666666666666666,False,False
tune-b,h6_in_r10_t2000,2000,50,event dependents 50 ms,not_ramp_noticed,10.0,6.0,0.964824120603015,0.5653735632183908,0.9772727272727272,1.3,-0.0271739130434782,-0.0681818181818182,0.2045454545454545,1.530836171017783,1.36492149735,4.32,False,-4.254214559386971,True,False
tune-b,h6_in_r1_t2000,2000,50,event dependents 50 ms,not_ramp_noticed,1.0,6.0,0.964824120603015,0.5653735632183908,0.9772727272727272,1.3,-0.0271739130434782,-0.0681818181818182,0.2045454545454545,1.530836171017783,1.36492149735,4.32,False,-4.254214559386971,True,False
tune-b,h6_in_r5_t2000,2000,50,event dependents 50 ms,not_ramp_noticed,5.0,6.0,0.964824120603015,0.5653735632183908,0.9772727272727272,1.3,-0.0271739130434782,-0.0681818181818182,0.2045454545454545,1.530836171017783,1.36492149735,4.32,False,-4.254214559386971,True,False
tune-a,m1_cl_in_r30_t2000,2000,50,latch dependents,not_ramp_noticed,30.0,15.0,0.9447236180904522,0.5504385964912281,0.7954545454545454,8.59,-0.0483091787439613,-0.3018867924528302,0.1590909090909091,1.2277714718123345,1.20955054853,4.11,False,-9.062893081761008,False,False
tune-a,m0_ce_in_r0_t2000,2000,0,event dependents 50 ms,not_ramp_noticed,1.0,15.0,0.9748743718592964,0.5337868480725624,0.8409090909090909,1.1,-0.0147783251231526,-0.25,0.1818181818181818,1.6269390843738176,1.76894424672,6.11,False,-7.333333333333334,True,False
tune-a,m0_cl_ia_r0_t2000,2000,0,latch dependents,any,1.0,15.0,0.9597989949748744,0.5041751297675469,0.75,8.44,-0.0324324324324324,-0.35,0.1590909090909091,1.3571698827090428,1.19358983617,4.3,False,-10.666666666666666,False,False
tune-a,m0_cl_ia_r30_t2000,2000,0,latch dependents,any,30.0,15.0,0.9597989949748744,0.5041751297675469,0.75,8.44,-0.0324324324324324,-0.35,0.1590909090909091,1.3571698827090428,1.19358983617,4.3,False,-10.666666666666666,False,False
tune-a,m0_cl_in_r30_t2000,2000,0,latch dependents,not_ramp_noticed,30.0,15.0,0.9597989949748744,0.4683782091421415,0.7954545454545454,8.58,-0.0324324324324324,-0.3018867924528302,0.1590909090909091,1.4880817253121452,1.37333730985,4.85,False,-9.062893081761008,False,False
tune-a,m1_cl_in_r0_t2000,2000,50,latch dependents,not_ramp_noticed,1.0,15.0,0.9447236180904522,0.4485425342058298,0.7954545454545454,8.85,-0.0483091787439613,-0.3018867924528302,0.1590909090909091,1.5732122587968218,1.6837692212000002,5.55,False,-9.062893081761008,False,False
tune-a,m0_cl_in_r0_t2000,2000,0,latch dependents,not_ramp_noticed,1.0,15.0,0.9597989949748744,0.3915998605785988,0.7954545454545454,8.83,-0.0324324324324324,-0.3018867924528302,0.1590909090909091,1.83692773363602,1.84755981504,6.29,False,-10.046671314046703,False,False
tune-a,m1_ce_i0_r30_t2000,2000,50,event dependents 50 ms,off,30.0,15.0,0.9748743718592964,0.3906157489638839,1.0,2.51,-0.0164835164835165,0.0,0.2272727272727272,2.4612183125236475,2.31082904535,7.36,False,-10.079475034537202,True,True
tune-b,h15_i0_r30_t2000,2000,50,event dependents 50 ms,off,30.0,15.0,0.9748743718592964,0.3906157489638839,1.0,2.51,-0.0164835164835165,0.0,0.2272727272727272,2.4612183125236475,2.31082904535,7.36,False,-10.079475034537202,True,True
tune-b,h6_i0_r30_t2000,2000,50,event dependents 50 ms,off,30.0,6.0,0.9748743718592964,0.3906157489638839,1.0,2.51,-0.0164835164835165,0.0,0.2272727272727272,2.4612183125236475,1.94065284988,5.89,False,-10.079475034537202,True,True
tune-a,m0_ce_i0_r30_t2000,2000,0,event dependents 50 ms,off,30.0,15.0,0.9798994974874372,0.3539739981235759,1.0,2.44,-0.0104166666666666,0.0,0.2272727272727272,2.730609156261824,2.4840600489000004,8.17,False,-11.300866729214135,True,True
tune-a,m1_cl_i0_r30_t2000,2000,50,latch dependents,off,30.0,15.0,0.9597989949748744,0.3323318092749837,1.0,10.02,-0.0346534653465346,0.0,0.2272727272727272,2.517215285660235,2.40130052922,7.6,False,-12.022273024167209,False,False
tune-b,h15_i0_r15_t2000,2000,50,event dependents 50 ms,off,15.0,15.0,0.9748743718592964,0.3223997073527618,1.0,3.02,-0.0164835164835165,0.0,0.2272727272727272,2.988649262202044,2.89743131146,9.15,False,-12.353343088241273,True,False
tune-b,h15_i0_r20_t2000,2000,50,event dependents 50 ms,off,20.0,15.0,0.9748743718592964,0.3223997073527618,1.0,3.02,-0.0164835164835165,0.0,0.2272727272727272,2.988649262202044,2.89743131146,9.15,False,-12.353343088241273,True,False
tune-b,h6_i0_r15_t2000,2000,50,event dependents 50 ms,off,15.0,6.0,0.9748743718592964,0.3223997073527618,1.0,3.02,-0.0164835164835165,0.0,0.2272727272727272,2.988649262202044,2.41680384383,7.3,False,-12.353343088241273,True,False
tune-b,h6_i0_r20_t2000,2000,50,event dependents 50 ms,off,20.0,6.0,0.9748743718592964,0.3223997073527618,1.0,3.02,-0.0164835164835165,0.0,0.2272727272727272,2.988649262202044,2.41680384383,7.3,False,-12.353343088241273,True,False
tune-a,m0_cl_i0_r30_t2000,2000,0,latch dependents,off,30.0,15.0,0.964824120603015,0.3030339369228924,1.0,9.99,-0.0290697674418604,0.0,0.2272727272727272,2.7771471812334467,2.56948333502,8.34,False,-12.99886876923692,False,False
tune-a,m1_ce_i0_r0_t2000,2000,50,event dependents 50 ms,off,1.0,15.0,0.9748743718592964,0.2071450955813224,1.0,4.34,-0.0164835164835165,0.0,0.2272727272727272,4.665153234960273,4.62740992254,14.46,False,-16.195163480622586,True,False
tune-b,h15_i0_r10_t2000,2000,50,event dependents 50 ms,off,10.0,15.0,0.9748743718592964,0.2071450955813224,1.0,4.34,-0.0164835164835165,0.0,0.2272727272727272,4.665153234960273,4.62740992254,14.46,False,-16.195163480622586,True,False
tune-b,h15_i0_r1_t2000,2000,50,event dependents 50 ms,off,1.0,15.0,0.9748743718592964,0.2071450955813224,1.0,4.34,-0.0164835164835165,0.0,0.2272727272727272,4.665153234960273,4.62740992254,14.46,False,-16.195163480622586,True,False
tune-b,h15_i0_r5_t2000,2000,50,event dependents 50 ms,off,5.0,15.0,0.9748743718592964,0.2071450955813224,1.0,4.34,-0.0164835164835165,0.0,0.2272727272727272,4.665153234960273,4.62740992254,14.46,False,-16.195163480622586,True,False
tune-b,h6_i0_r10_t2000,2000,50,event dependents 50 ms,off,10.0,6.0,0.9748743718592964,0.2071450955813224,1.0,4.34,-0.0164835164835165,0.0,0.2272727272727272,4.665153234960273,3.832934180530001,11.53,False,-16.195163480622586,True,False
tune-b,h6_i0_r1_t2000,2000,50,event dependents 50 ms,off,1.0,6.0,0.9748743718592964,0.2071450955813224,1.0,4.34,-0.0164835164835165,0.0,0.2272727272727272,4.665153234960273,3.832934180530001,11.53,False,-16.195163480622586,True,False
tune-b,h6_i0_r5_t2000,2000,50,event dependents 50 ms,off,5.0,6.0,0.9748743718592964,0.2071450955813224,1.0,4.34,-0.0164835164835165,0.0,0.2272727272727272,4.665153234960273,3.832934180530001,11.53,False,-16.195163480622586,True,False
tune-a,m0_ce_i0_r0_t2000,2000,0,event dependents 50 ms,off,1.0,15.0,0.9798994974874372,0.1965094689936873,1.0,4.27,-0.0104166666666666,0.0,0.2272727272727272,4.933030646992054,4.80059181119,15.27,False,-16.54968436687709,True,False
tune-a,m1_cl_i0_r0_t2000,2000,50,latch dependents,off,1.0,15.0,0.9597989949748744,0.1866940211019929,1.0,11.82,-0.0346534653465346,0.0,0.2272727272727272,4.716609912977677,4.71784619725,14.7,False,-16.876865963266905,False,False
tune-a,m0_cl_i0_r0_t2000,2000,0,latch dependents,off,1.0,15.0,0.964824120603015,0.1766347965664038,1.0,11.79,-0.0290697674418604,0.0,0.2272727272727272,4.975406734771093,4.885985550010001,15.44,False,-17.21217344778654,False,False
