stage,arm,tick_ms,noticed,anchor_ok,leak_noticed,leak_anchor_ok,background,strict_prec,per_incident,decoy,plain_noticed,quality,calls,cost_s,substrate_s,ac_diff,ac_lo,ac_hi,ln_diff,ln_lo,ln_hi,ref_anchor_ok,ref_leak_noticed,ref_strict_prec,ref_background,anchoring_point,anchoring_lower_bound,leak_point,leak_lower_bound,precision_point,background_point,conjunction,graded
tune-a,m0_ce_i0_r0_t100,100,0.9899497487437184,0.9748743718592964,1.0,0.5681818181818182,1.96,0.6853325753268903,1.2569050321604238,4.12,0.9227488151658768,0.6733668341708543,6.0,1.70866999432,0.00046999432,0.0100502512562814,-0.0134529147982063,0.0329670329670329,0.0,0.0,0.0,0.964824120603015,1.0,0.683920704845815,6.08,True,True,True,True,False,True,False,-0.2555808224369886
tune-a,m0_ce_i0_r0_t2000,2000,1.0,0.9798994974874372,1.0,0.2272727272727272,4.27,0.1965094689936873,4.933030646992054,7.08,1.0,0.7437185929648241,15.27,4.80059181119,0.00429181119,0.0150753768844221,-0.0104166666666666,0.0384615384615384,0.0,0.0,0.0,0.964824120603015,1.0,0.683920704845815,6.08,True,True,True,True,False,True,False,-16.54968436687709
tune-a,m0_ce_i0_r0_t500,500,0.9899497487437184,0.9798994974874372,1.0,0.5227272727272727,0.85,0.644927536231884,1.377601210745365,4.25,0.924170616113744,0.5829145728643216,5.07,1.51588390061,0.00053390061,0.0150753768844221,-0.0054054054054053,0.0366492146596858,0.0,0.0,0.0,0.964824120603015,1.0,0.683920704845815,6.08,True,True,True,True,False,True,False,-1.6024154589371973
tune-a,m0_ce_i0_r30_t100,100,0.9899497487437184,0.9748743718592964,0.9772727272727272,0.5681818181818182,1.94,0.7432182490752158,1.1539916761256148,3.47,0.9227488151658768,0.6733668341708543,3.99,1.1036941255,0.0004441255,0.0100502512562814,-0.0134529147982063,0.0329670329670329,-0.0227272727272727,-0.06,0.0,0.964824120603015,1.0,0.683920704845815,6.08,True,True,True,False,True,True,False,-1.0
tune-a,m0_ce_i0_r30_t2000,2000,1.0,0.9798994974874372,1.0,0.2272727272727272,2.44,0.3539739981235759,2.730609156261824,5.52,0.9981042654028436,0.7437185929648241,8.17,2.4840600489000004,0.0023100489,0.0150753768844221,-0.0104166666666666,0.0384615384615384,0.0,0.0,0.0,0.964824120603015,1.0,0.683920704845815,6.08,True,True,True,True,False,True,False,-11.300866729214135
tune-a,m0_ce_i0_r30_t500,500,0.9899497487437184,0.9798994974874372,0.9772727272727272,0.5227272727272727,0.83,0.695111368238357,1.276579644343549,3.68,0.924170616113744,0.5829145728643216,3.23,0.95270877853,0.00050877853,0.0150753768844221,-0.0054054054054053,0.0366492146596858,-0.0227272727272727,-0.0697674418604651,0.0,0.964824120603015,1.0,0.683920704845815,6.08,True,True,True,False,True,True,False,-1.325581395348837
tune-a,m0_ce_ia_r0_t100,100,0.9899497487437184,0.9748743718592964,0.8181818181818182,0.5227272727272727,1.92,0.753527751646284,1.133938706015891,3.37,0.9227488151658768,0.6733668341708543,3.56,0.96898776077,0.00043776077,0.0100502512562814,-0.0134529147982063,0.0329670329670329,-0.1818181818181817,-0.2708333333333333,-0.0967741935483871,0.964824120603015,1.0,0.683920704845815,6.08,True,True,False,False,True,True,False,-8.027777777777777
tune-a,m0_ce_ia_r0_t2000,2000,0.9899497487437184,0.9748743718592964,0.7954545454545454,0.1818181818181818,0.8,0.6741508347725964,1.2841468028755203,3.63,0.9582938388625593,0.6884422110552764,4.12,1.10918207336,0.00053207336,0.0100502512562814,-0.0147783251231526,0.0321100917431191,-0.2045454545454545,-0.303030303030303,-0.1162790697674418,0.964824120603015,1.0,0.683920704845815,6.08,True,True,False,False,False,True,False,-9.101010101010099
tune-a,m0_ce_ia_r0_t500,500,0.9899497487437184,0.9798994974874372,0.9318181818181818,0.5227272727272727,0.84,0.7009045812664138,1.2648505486189936,3.74,0.924170616113744,0.5829145728643216,2.9,0.8498068394600001,0.00050683946,0.0150753768844221,-0.0054054054054053,0.0366492146596858,-0.0681818181818182,-0.131578947368421,-0.0175438596491228,0.964824120603015,1.0,0.683920704845815,6.08,True,True,False,False,True,True,False,-3.3859649122807
tune-a,m0_ce_ia_r30_t100,100,0.9899497487437184,0.9748743718592964,0.8181818181818182,0.5227272727272727,1.92,0.753527751646284,1.133938706015891,3.37,0.9227488151658768,0.6733668341708543,3.56,0.96898776077,0.00043776077,0.0100502512562814,-0.0134529147982063,0.0329670329670329,-0.1818181818181817,-0.2708333333333333,-0.0967741935483871,0.964824120603015,1.0,0.683920704845815,6.08,True,True,False,False,True,True,False,-8.027777777777777
tune-a,m0_ce_ia_r30_t2000,2000,0.9899497487437184,0.9748743718592964,0.7954545454545454,0.1818181818181818,0.8,0.6741508347725964,1.2841468028755203,3.63,0.9582938388625593,0.6884422110552764,4.12,1.10918207336,0.00053207336,0.0100502512562814,-0.0147783251231526,0.0321100917431191,-0.2045454545454545,-0.303030303030303,-0.1162790697674418,0.964824120603015,1.0,0.683920704845815,6.08,True,True,False,False,False,True,False,-9.101010101010099
tune-a,m0_ce_ia_r30_t500,500,0.9899497487437184,0.9798994974874372,0.9318181818181818,0.5227272727272727,0.83,0.7027501462843768,1.261823685206205,3.66,0.924170616113744,0.5829145728643216,2.9,0.8498044909500001,0.00050449095,0.0150753768844221,-0.0054054054054053,0.0366492146596858,-0.0681818181818182,-0.131578947368421,-0.0175438596491228,0.964824120603015,1.0,0.683920704845815,6.08,True,True,False,False,True,True,False,-3.3859649122807
tune-a,m0_ce_in_r0_t100,100,0.9899497487437184,0.9748743718592964,0.8409090909090909,0.5227272727272727,1.94,0.6956018518518519,1.23420355656451,3.94,0.9227488151658768,0.6733668341708543,5.58,1.58401306253,0.00046306253,0.0100502512562814,-0.0134529147982063,0.0329670329670329,-0.159090909090909,-0.25,-0.0754716981132075,0.964824120603015,1.0,0.683920704845815,6.08,True,True,False,False,True,True,False,-7.333333333333334
tune-a,m0_ce_in_r0_t2000,2000,0.9949748743718592,0.9748743718592964,0.8409090909090909,0.1818181818181818,1.1,0.5337868480725624,1.6269390843738176,4.16,0.970616113744076,0.6934673366834171,6.11,1.76894424672,0.00089424672,0.0100502512562814,-0.0147783251231526,0.0321100917431191,-0.159090909090909,-0.25,-0.0754716981132075,0.964824120603015,1.0,0.683920704845815,6.08,True,True,False,False,False,True,False,-7.333333333333334
tune-a,m0_ce_in_r0_t500,500,0.9899497487437184,0.9798994974874372,1.0,0.5227272727272727,0.85,0.6458725463834364,1.3749527052591752,4.18,0.924170616113744,0.5829145728643216,5.07,1.51588257656,0.00053257656,0.0150753768844221,-0.0054054054054053,0.0366492146596858,0.0,0.0,0.0,0.964824120603015,1.0,0.683920704845815,6.08,True,True,True,True,False,True,False,-1.5709151205521188
tune-a,m0_ce_in_r30_t100,100,0.9899497487437184,0.9748743718592964,0.8409090909090909,0.5227272727272727,1.92,0.7461204220980757,1.1464245175936436,3.4,0.9227488151658768,0.6733668341708543,3.86,1.0635410118400002,0.00044101184,0.0100502512562814,-0.0134529147982063,0.0329670329670329,-0.159090909090909,-0.25,-0.0754716981132075,0.964824120603015,1.0,0.683920704845815,6.08,True,True,False,False,True,True,False,-7.333333333333334
tune-a,m0_ce_in_r30_t2000,2000,0.9949748743718592,0.9748743718592964,0.8409090909090909,0.1818181818181818,0.9,0.629718875502008,1.3791146424517593,3.76,0.9691943127962084,0.6934673366834171,4.67,1.2914378594500002,0.00063785945,0.0100502512562814,-0.0147783251231526,0.0321100917431191,-0.159090909090909,-0.25,-0.0754716981132075,0.964824120603015,1.0,0.683920704845815,6.08,True,True,False,False,False,True,False,-7.333333333333334
tune-a,m0_ce_in_r30_t500,500,0.9899497487437184,0.9798994974874372,0.9772727272727272,0.5227272727272727,0.83,0.6952243125904486,1.275822928490352,3.66,0.924170616113744,0.5829145728643216,3.23,0.95270786021,0.00050786021,0.0150753768844221,-0.0054054054054053,0.0366492146596858,-0.0227272727272727,-0.0697674418604651,0.0,0.964824120603015,1.0,0.683920704845815,6.08,True,True,True,False,True,True,False,-1.325581395348837
tune-a,m0_cl_i0_r0_t100,100,1.0,0.984924623115578,1.0,0.5681818181818182,5.6,0.4837374334713187,1.7075293227393114,5.03,0.9464454976303316,0.6834170854271356,7.32,1.99109501029,0.00084501029,0.0201005025125629,0.0,0.0432432432432432,0.0,0.0,0.0,0.964824120603015,1.0,0.683920704845815,6.08,True,True,True,True,False,True,False,-6.975418884289375
tune-a,m0_cl_i0_r0_t2000,2000,1.0,0.964824120603015,1.0,0.2272727272727272,11.79,0.1766347965664038,4.975406734771093,7.05,1.0,0.7135678391959799,15.44,4.885985550010001,0.00438555001,0.0,-0.0290697674418604,0.0277777777777777,0.0,0.0,0.0,0.964824120603015,1.0,0.683920704845815,6.08,True,True,True,True,False,False,False,-17.21217344778654
tune-a,m0_cl_i0_r0_t500,500,0.9899497487437184,0.9798994974874372,1.0,0.5227272727272727,4.62,0.5385130609511052,1.5198637911464246,4.54,0.928436018957346,0.5879396984924623,5.23,1.562734501,0.000684501,0.0150753768844221,-0.0054054054054053,0.0366492146596858,0.0,0.0,0.0,0.964824120603015,1.0,0.683920704845815,6.08,True,True,True,True,False,True,False,-5.149564634963159
tune-a,m0_cl_i0_r30_t100,100,1.0,0.984924623115578,0.9772727272727272,0.5681818181818182,5.58,0.5113565326109606,1.6046159667045024,4.38,0.9464454976303316,0.6834170854271356,5.31,1.3861191398,0.0008191398,0.0201005025125629,0.0,0.0432432432432432,-0.0227272727272727,-0.06,0.0,0.964824120603015,1.0,0.683920704845815,6.08,True,True,True,False,False,True,False,-6.054782246301312
tune-a,m0_cl_i0_r30_t2000,2000,1.0,0.964824120603015,1.0,0.2272727272727272,9.99,0.3030339369228924,2.7771471812334467,5.49,0.9976303317535544,0.7135678391959799,8.34,2.56948333502,0.00243333502,0.0,-0.0290697674418604,0.0277777777777777,0.0,0.0,0.0,0.964824120603015,1.0,0.683920704845815,6.08,True,True,True,True,False,False,False,-12.99886876923692
tune-a,m0_cl_i0_r30_t500,500,0.9899497487437184,0.9798994974874372,0.9772727272727272,0.5227272727272727,4.6,0.5729216152019002,1.4188422247446084,3.97,0.928436018957346,0.5879396984924623,3.39,0.99955937716,0.00065937716,0.0150753768844221,-0.0054054054054053,0.0366492146596858,-0.0227272727272727,-0.0697674418604651,0.0,0.964824120603015,1.0,0.683920704845815,6.08,True,True,True,False,False,True,False,-4.0026128266033245
tune-a,m0_cl_ia_r0_t100,100,1.0,0.984924623115578,0.7954545454545454,0.5,5.56,0.5154138513513513,1.5815361331819902,4.22,0.9459715639810428,0.6834170854271356,4.87,1.2481605111400005,0.00081051114,0.0201005025125629,0.0,0.0432432432432432,-0.2045454545454545,-0.2972972972972972,-0.1176470588235294,0.964824120603015,1.0,0.683920704845815,6.08,True,True,False,False,False,True,False,-8.909909909909908
tune-a,m0_cl_ia_r0_t2000,2000,0.9899497487437184,0.9597989949748744,0.75,0.1590909090909091,8.44,0.5041751297675469,1.3571698827090428,3.61,0.9393364928909952,0.6582914572864321,4.3,1.19358983617,0.00068983617,-0.0050251256281406,-0.0324324324324324,0.021505376344086,-0.25,-0.35,-0.159090909090909,0.964824120603015,1.0,0.683920704845815,6.08,False,False,False,False,False,False,False,-10.666666666666666
tune-a,m0_cl_ia_r0_t500,500,0.9899497487437184,0.9798994974874372,0.9090909090909092,0.5,4.61,0.5765916706558162,1.4063564131668558,4.02,0.928436018957346,0.5829145728643216,3.05,0.8921075940900001,0.00065759409,0.0150753768844221,-0.0054054054054053,0.0366492146596858,-0.0909090909090909,-0.1666666666666666,-0.0256410256410256,0.964824120603015,1.0,0.683920704845815,6.08,True,True,False,False,False,True,False,-4.555555555555554
tune-a,m0_cl_ia_r30_t100,100,1.0,0.984924623115578,0.7954545454545454,0.5,5.56,0.5154138513513513,1.5815361331819902,4.22,0.9459715639810428,0.6834170854271356,4.87,1.2481605111400005,0.00081051114,0.0201005025125629,0.0,0.0432432432432432,-0.2045454545454545,-0.2972972972972972,-0.1176470588235294,0.964824120603015,1.0,0.683920704845815,6.08,True,True,False,False,False,True,False,-8.909909909909908
tune-a,m0_cl_ia_r30_t2000,2000,0.9899497487437184,0.9597989949748744,0.75,0.1590909090909091,8.44,0.5041751297675469,1.3571698827090428,3.61,0.9393364928909952,0.6582914572864321,4.3,1.19358983617,0.00068983617,-0.0050251256281406,-0.0324324324324324,0.021505376344086,-0.25,-0.35,-0.159090909090909,0.964824120603015,1.0,0.683920704845815,6.08,False,False,False,False,False,False,False,-10.666666666666666
tune-a,m0_cl_ia_r30_t500,500,0.9899497487437184,0.9798994974874372,0.9090909090909092,0.5,4.6,0.5778364116094987,1.4033295497540674,3.94,0.928436018957346,0.5829145728643216,3.05,0.8921052466900001,0.00065524669,0.0150753768844221,-0.0054054054054053,0.0366492146596858,-0.0909090909090909,-0.1666666666666666,-0.0256410256410256,0.964824120603015,1.0,0.683920704845815,6.08,True,True,False,False,False,True,False,-4.555555555555554
tune-a,m0_cl_in_r0_t100,100,1.0,0.984924623115578,0.8181818181818182,0.5,5.58,0.4894768490679494,1.6765039727582294,4.72,0.9459715639810428,0.6834170854271356,6.82,1.84518442044,0.00083442044,0.0201005025125629,0.0,0.0432432432432432,-0.1818181818181817,-0.276595744680851,-0.09375,0.964824120603015,1.0,0.683920704845815,6.08,True,True,False,False,False,True,False,-8.219858156028367
tune-a,m0_cl_in_r0_t2000,2000,0.9949748743718592,0.9597989949748744,0.7954545454545454,0.1590909090909091,8.83,0.3915998605785988,1.83692773363602,4.19,0.9530805687203792,0.6633165829145728,6.29,1.84755981504,0.00120981504,-0.0050251256281406,-0.0324324324324324,0.021505376344086,-0.2045454545454545,-0.3018867924528302,-0.1162790697674418,0.964824120603015,1.0,0.683920704845815,6.08,False,False,False,False,False,False,False,-10.046671314046705
tune-a,m0_cl_in_r0_t500,500,0.9899497487437184,0.9798994974874372,0.9772727272727272,0.5,4.62,0.5401345291479821,1.512674990541052,4.44,0.928436018957346,0.5829145728643216,5.14,1.53398237875,0.00068237875,0.0150753768844221,-0.0054054054054053,0.0366492146596858,-0.0227272727272727,-0.0697674418604651,0.0,0.964824120603015,1.0,0.683920704845815,6.08,True,True,True,False,False,True,False,-5.095515695067262
tune-a,m0_cl_in_r30_t100,100,1.0,0.984924623115578,0.8181818181818182,0.5,5.56,0.5121644295302014,1.5936435868331442,4.25,0.9459715639810428,0.6834170854271356,5.16,1.3402638372100002,0.00081383721,0.0201005025125629,0.0,0.0432432432432432,-0.1818181818181817,-0.276595744680851,-0.09375,0.964824120603015,1.0,0.683920704845815,6.08,True,True,False,False,False,True,False,-8.219858156028367
tune-a,m0_cl_in_r30_t2000,2000,0.9949748743718592,0.9597989949748744,0.7954545454545454,0.1590909090909091,8.58,0.4683782091421415,1.4880817253121452,3.74,0.9511848341232229,0.6633165829145728,4.85,1.37333730985,0.00083730985,-0.0050251256281406,-0.0324324324324324,0.021505376344086,-0.2045454545454545,-0.3018867924528302,-0.1162790697674418,0.964824120603015,1.0,0.683920704845815,6.08,False,False,False,False,False,False,False,-9.062893081761008
tune-a,m0_cl_in_r30_t500,500,0.9899497487437184,0.9798994974874372,0.9545454545454546,0.5,4.6,0.5728894173602854,1.4169504351116156,3.94,0.928436018957346,0.5829145728643216,3.37,0.99200863224,0.00065863224,0.0150753768844221,-0.0054054054054053,0.0366492146596858,-0.0454545454545454,-0.108695652173913,0.0,0.964824120603015,1.0,0.683920704845815,6.08,True,True,False,False,False,True,False,-4.003686087990484
tune-a,m1_ce_i0_r0_t100,100,0.9899497487437184,0.9748743718592964,1.0,0.5681818181818182,1.97,0.720164609053498,1.212637154748392,4.06,0.9208530805687204,0.6683417085427136,5.93,1.70632211484,0.00042211484,0.0100502512562814,-0.0134529147982063,0.0329670329670329,0.0,0.0,0.0,0.964824120603015,1.0,0.683920704845815,6.08,True,True,True,True,True,True,True,0.3958123953098802
tune-a,m1_ce_i0_r0_t2000,2000,1.0,0.9748743718592964,1.0,0.2272727272727272,4.34,0.2071450955813224,4.665153234960273,6.54,1.0,0.7487437185929648,14.46,4.62740992254,0.00415992254,0.0100502512562814,-0.0164835164835165,0.0350877192982456,0.0,0.0,0.0,0.964824120603015,1.0,0.683920704845815,6.08,True,True,True,True,False,True,False,-16.195163480622586
tune-a,m1_ce_i0_r0_t500,500,0.9899497487437184,0.9798994974874372,1.0,0.5227272727272727,0.83,0.7209840810419682,1.275822928490352,4.04,0.923222748815166,0.5778894472361809,4.91,1.47798273469,0.00043273469,0.0150753768844221,-0.0054054054054053,0.0366492146596858,0.0,0.0,0.0,0.964824120603015,1.0,0.683920704845815,6.08,True,True,True,True,True,True,True,0.5633165829145748
tune-a,m1_ce_i0_r30_t100,100,0.9899497487437184,0.9748743718592964,0.9772727272727272,0.5681818181818182,1.95,0.7832480818414322,1.109723798713583,3.41,0.9208530805687204,0.6683417085427136,3.92,1.10134624609,0.00039624609,0.0100502512562814,-0.0134529147982063,0.0329670329670329,-0.0227272727272727,-0.06,0.0,0.964824120603015,1.0,0.683920704845815,6.08,True,True,True,False,True,True,False,-1.0
tune-a,m1_ce_i0_r30_t2000,2000,1.0,0.9748743718592964,1.0,0.2272727272727272,2.51,0.3906157489638839,2.4612183125236475,4.98,0.9981042654028436,0.7487437185929648,7.36,2.31082904535,0.00212904535,0.0100502512562814,-0.0164835164835165,0.0350877192982456,0.0,0.0,0.0,0.964824120603015,1.0,0.683920704845815,6.08,True,True,True,True,False,True,False,-10.079475034537202
tune-a,m1_ce_i0_r30_t500,500,0.9899497487437184,0.9798994974874372,0.9772727272727272,0.5227272727272727,0.81,0.7818581293157565,1.1748013620885358,3.47,0.923222748815166,0.5778894472361809,3.07,0.91480750365,0.00040750365,0.0150753768844221,-0.0054054054054053,0.0366492146596858,-0.0227272727272727,-0.0697674418604651,0.0,0.964824120603015,1.0,0.683920704845815,6.08,True,True,True,False,True,True,False,-1.325581395348837
tune-a,m1_ce_ia_r0_t100,100,0.9899497487437184,0.9748743718592964,0.8181818181818182,0.5227272727272727,1.93,0.7946631955743573,1.0896708286038592,3.31,0.9208530805687204,0.6683417085427136,3.49,0.96663996143,0.00038996143,0.0100502512562814,-0.0134529147982063,0.0329670329670329,-0.1818181818181817,-0.2708333333333333,-0.0967741935483871,0.964824120603015,1.0,0.683920704845815,6.08,True,True,False,False,True,True,False,-8.027777777777777
tune-a,m1_ce_ia_r0_t2000,2000,0.984924623115578,0.964824120603015,0.7954545454545454,0.1818181818181818,0.87,0.8459877653832314,1.0185395384033296,3.09,0.9545023696682464,0.6884422110552764,3.31,0.93595453404,0.00035453404,0.0,-0.0271739130434782,0.0256410256410255,-0.2045454545454545,-0.303030303030303,-0.1162790697674418,0.964824120603015,1.0,0.683920704845815,6.08,True,True,False,False,True,True,False,-9.101010101010099
tune-a,m1_ce_ia_r0_t500,500,0.9899497487437184,0.9798994974874372,0.9318181818181818,0.5227272727272727,0.82,0.7889733840304183,1.1630722663639803,3.53,0.923222748815166,0.5778894472361809,2.74,0.8119060123200001,0.00040601232,0.0150753768844221,-0.0054054054054053,0.0366492146596858,-0.0681818181818182,-0.131578947368421,-0.0175438596491228,0.964824120603015,1.0,0.683920704845815,6.08,True,True,False,False,True,True,False,-3.3859649122807
tune-a,m1_ce_ia_r30_t100,100,0.9899497487437184,0.9748743718592964,0.8181818181818182,0.5227272727272727,1.93,0.7946631955743573,1.0896708286038592,3.31,0.9208530805687204,0.6683417085427136,3.49,0.96663996143,0.00038996143,0.0100502512562814,-0.0134529147982063,0.0329670329670329,-0.1818181818181817,-0.2708333333333333,-0.0967741935483871,0.964824120603015,1.0,0.683920704845815,6.08,True,True,False,False,True,True,False,-8.027777777777777
tune-a,m1_ce_ia_r30_t2000,2000,0.984924623115578,0.964824120603015,0.7954545454545454,0.1818181818181818,0.87,0.8459877653832314,1.0185395384033296,3.09,0.9545023696682464,0.6884422110552764,3.31,0.93595453404,0.00035453404,0.0,-0.0271739130434782,0.0256410256410255,-0.2045454545454545,-0.303030303030303,-0.1162790697674418,0.964824120603015,1.0,0.683920704845815,6.08,True,True,False,False,True,True,False,-9.101010101010099
tune-a,m1_ce_ia_r30_t500,500,0.9899497487437184,0.9798994974874372,0.9318181818181818,0.5227272727272727,0.81,0.7912297426120114,1.1600454029511915,3.45,0.923222748815166,0.5778894472361809,2.74,0.8119036638,0.0004036638,0.0150753768844221,-0.0054054054054053,0.0366492146596858,-0.0681818181818182,-0.131578947368421,-0.0175438596491228,0.964824120603015,1.0,0.683920704845815,6.08,True,True,False,False,True,True,False,-3.3859649122807
tune-a,m1_ce_in_r0_t100,100,0.9899497487437184,0.9748743718592964,0.8409090909090909,0.5227272727272727,1.95,0.731437125748503,1.1899356791524782,3.88,0.9208530805687204,0.6683417085427136,5.51,1.5816653609500002,0.00041536095,0.0100502512562814,-0.0134529147982063,0.0329670329670329,-0.159090909090909,-0.25,-0.0754716981132075,0.964824120603015,1.0,0.683920704845815,6.08,True,True,False,False,True,True,False,-7.333333333333334
tune-a,m1_ce_in_r0_t2000,2000,0.9899497487437184,0.964824120603015,0.8409090909090909,0.1818181818181818,1.18,0.6365840517241379,1.3598183881952326,3.62,0.966824644549763,0.6934673366834171,5.3,1.59571431362,0.00071431362,0.0,-0.0271739130434782,0.0256410256410255,-0.159090909090909,-0.25,-0.0754716981132075,0.964824120603015,1.0,0.683920704845815,6.08,True,True,False,False,False,True,False,-7.333333333333334
tune-a,m1_ce_in_r0_t500,500,0.9899497487437184,0.9798994974874372,1.0,0.5227272727272727,0.83,0.7221577726218097,1.273174423004162,3.97,0.923222748815166,0.5778894472361809,4.91,1.47798140799,0.00043140799,0.0150753768844221,-0.0054054054054053,0.0366492146596858,0.0,0.0,0.0,0.964824120603015,1.0,0.683920704845815,6.08,True,True,True,True,True,True,True,0.5633165829145748
tune-a,m1_ce_in_r30_t100,100,0.9899497487437184,0.9748743718592964,0.8409090909090909,0.5227272727272727,1.93,0.7865421764327108,1.102156640181612,3.34,0.9208530805687204,0.6683417085427136,3.79,1.06119331031,0.00039331031,0.0100502512562814,-0.0134529147982063,0.0329670329670329,-0.159090909090909,-0.25,-0.0754716981132075,0.964824120603015,1.0,0.683920704845815,6.08,True,True,False,False,True,True,False,-7.333333333333334
tune-a,m1_ce_in_r30_t2000,2000,0.9899497487437184,0.964824120603015,0.8409090909090909,0.1818181818181818,0.97,0.7763893456099967,1.1138857359061671,3.22,0.9654028436018958,0.6934673366834171,3.86,1.11821049204,0.00046049204,0.0,-0.0271739130434782,0.0256410256410255,-0.159090909090909,-0.25,-0.0754716981132075,0.964824120603015,1.0,0.683920704845815,6.08,True,True,False,False,True,True,False,-7.333333333333334
tune-a,m1_ce_in_r30_t500,500,0.9899497487437184,0.9798994974874372,0.9772727272727272,0.5227272727272727,0.81,0.782035175879397,1.1740446462353389,3.45,0.923222748815166,0.5778894472361809,3.07,0.91480658266,0.00040658266,0.0150753768844221,-0.0054054054054053,0.0366492146596858,-0.0227272727272727,-0.0697674418604651,0.0,0.964824120603015,1.0,0.683920704845815,6.08,True,True,True,False,True,True,False,-1.325581395348837
tune-a,m1_cl_i0_r0_t100,100,1.0,0.984924623115578,1.0,0.5681818181818182,5.53,0.5901639344262295,1.498675747256905,4.66,0.9450236966824644,0.6834170854271356,6.72,1.88572107749,0.00062107749,0.0201005025125629,0.0,0.0432432432432432,0.0,0.0,0.0,0.964824120603015,1.0,0.683920704845815,6.08,True,True,True,True,False,True,False,-3.427868852459015
tune-a,m1_cl_i0_r0_t2000,2000,1.0,0.9597989949748744,1.0,0.2272727272727272,11.82,0.1866940211019929,4.716609912977677,6.63,1.0,0.7085427135678392,14.7,4.71784619725,0.00424619725,-0.0050251256281406,-0.0346534653465346,0.0238095238095237,0.0,0.0,0.0,0.964824120603015,1.0,0.683920704845815,6.08,False,False,True,True,False,False,False,-16.876865963266905
tune-a,m1_cl_i0_r0_t500,500,0.9899497487437184,0.9798994974874372,1.0,0.5227272727272727,4.59,0.6150668286755772,1.3832765796443436,4.26,0.9265402843601896,0.5879396984924623,4.98,1.49872074418,0.00052074418,0.0150753768844221,-0.0054054054054053,0.0366492146596858,0.0,0.0,0.0,0.964824120603015,1.0,0.683920704845815,6.08,True,True,True,True,False,True,False,-2.59777237748076
tune-a,m1_cl_i0_r30_t100,100,1.0,0.984924623115578,0.9772727272727272,0.5681818181818182,5.51,0.6283018867924528,1.395762391222096,4.01,0.9450236966824644,0.6834170854271356,4.71,1.28074520758,0.00059520758,0.0201005025125629,0.0,0.0432432432432432,-0.0227272727272727,-0.06,0.0,0.964824120603015,1.0,0.683920704845815,6.08,True,True,True,False,False,True,False,-2.156603773584905
tune-a,m1_cl_i0_r30_t2000,2000,1.0,0.9597989949748744,1.0,0.2272727272727272,10.02,0.3323318092749837,2.517215285660235,5.07,0.9976303317535544,0.7085427135678392,7.6,2.40130052922,0.00225052922,-0.0050251256281406,-0.0346534653465346,0.0238095238095237,0.0,0.0,0.0,0.964824120603015,1.0,0.683920704845815,6.08,False,False,True,True,False,False,False,-12.022273024167209
tune-a,m1_cl_i0_r30_t500,500,0.9899497487437184,0.9798994974874372,0.9772727272727272,0.5227272727272727,4.57,0.6580863234529382,1.2822550132425274,3.69,0.9265402843601896,0.5879396984924623,3.14,0.93554561516,0.00049561516,0.0150753768844221,-0.0054054054054053,0.0366492146596858,-0.0227272727272727,-0.0697674418604651,0.0,0.964824120603015,1.0,0.683920704845815,6.08,True,True,True,False,False,True,False,-1.325581395348837
tune-a,m1_cl_ia_r0_t100,100,1.0,0.984924623115578,0.7954545454545454,0.5,5.49,0.6346660282499401,1.3726825576995838,3.85,0.9445497630331754,0.6834170854271356,4.27,1.14313669724,0.00058669724,0.0201005025125629,0.0,0.0432432432432432,-0.2045454545454545,-0.2972972972972972,-0.1176470588235294,0.964824120603015,1.0,0.683920704845815,6.08,True,True,False,False,False,True,False,-8.909909909909908
tune-a,m1_cl_ia_r0_t2000,2000,0.984924623115578,0.9447236180904522,0.75,0.1590909090909091,8.45,0.6008549292011756,1.0964812712826333,3.19,0.9350710900473934,0.6582914572864321,3.56,1.02980316971,0.00050316971,-0.0201005025125627,-0.0483091787439613,0.0060606060606059,-0.25,-0.35,-0.159090909090909,0.964824120603015,1.0,0.683920704845815,6.08,False,False,False,False,False,False,False,-10.666666666666666
tune-a,m1_cl_ia_r0_t500,500,0.9899497487437184,0.9798994974874372,0.9090909090909092,0.5,4.58,0.6628211851074987,1.2697692016647748,3.74,0.9265402843601896,0.5879396984924623,2.8,0.8296441844,0.0004941844,0.0150753768844221,-0.0054054054054053,0.0366492146596858,-0.0909090909090909,-0.1666666666666666,-0.0256410256410256,0.964824120603015,1.0,0.683920704845815,6.08,True,True,False,False,False,True,False,-4.555555555555554
tune-a,m1_cl_ia_r30_t100,100,1.0,0.984924623115578,0.7954545454545454,0.5,5.49,0.6346660282499401,1.3726825576995838,3.85,0.9445497630331754,0.6834170854271356,4.27,1.14313669724,0.00058669724,0.0201005025125629,0.0,0.0432432432432432,-0.2045454545454545,-0.2972972972972972,-0.1176470588235294,0.964824120603015,1.0,0.683920704845815,6.08,True,True,False,False,False,True,False,-8.909909909909908
tune-a,m1_cl_ia_r30_t2000,2000,0.984924623115578,0.9447236180904522,0.75,0.1590909090909091,8.45,0.6008549292011756,1.0964812712826333,3.19,0.9350710900473934,0.6582914572864321,3.56,1.02980316971,0.00050316971,-0.0201005025125627,-0.0483091787439613,0.0060606060606059,-0.25,-0.35,-0.159090909090909,0.964824120603015,1.0,0.683920704845815,6.08,False,False,False,False,False,False,False,-10.666666666666666
tune-a,m1_cl_ia_r30_t500,500,0.9899497487437184,0.9798994974874372,0.9090909090909092,0.5,4.57,0.664388961892247,1.2667423382519865,3.66,0.9265402843601896,0.5879396984924623,2.8,0.829641837,0.000491837,0.0150753768844221,-0.0054054054054053,0.0366492146596858,-0.0909090909090909,-0.1666666666666666,-0.0256410256410256,0.964824120603015,1.0,0.683920704845815,6.08,True,True,False,False,False,True,False,-4.555555555555554
tune-a,m1_cl_in_r0_t100,100,1.0,0.984924623115578,0.8181818181818182,0.5,5.51,0.5986455981941309,1.467650397275823,4.35,0.9445497630331754,0.6834170854271356,6.22,1.74016081435,0.00061081435,0.0201005025125629,0.0,0.0432432432432432,-0.1818181818181817,-0.276595744680851,-0.09375,0.964824120603015,1.0,0.683920704845815,6.08,True,True,False,False,False,True,False,-8.219858156028367
tune-a,m1_cl_in_r0_t2000,2000,0.9899497487437184,0.9447236180904522,0.7954545454545454,0.1590909090909091,8.85,0.4485425342058298,1.5732122587968218,3.76,0.9492890995260664,0.6633165829145728,5.55,1.6837692212000002,0.0010192212,-0.0201005025125627,-0.0483091787439613,0.0060606060606059,-0.2045454545454545,-0.3018867924528302,-0.1162790697674418,0.964824120603015,1.0,0.683920704845815,6.08,False,False,False,False,False,False,False,-9.062893081761008
tune-a,m1_cl_in_r0_t500,500,0.9899497487437184,0.9798994974874372,0.9772727272727272,0.5,4.59,0.6171875,1.376087779038971,4.16,0.9265402843601896,0.5879396984924623,4.89,1.47151820158,0.00051820158,0.0150753768844221,-0.0054054054054053,0.0366492146596858,-0.0227272727272727,-0.0697674418604651,0.0,0.964824120603015,1.0,0.683920704845815,6.08,True,True,True,False,False,True,False,-2.527083333333332
tune-a,m1_cl_in_r30_t100,100,1.0,0.984924623115578,0.8181818181818182,0.5,5.49,0.6300784034212402,1.384790011350738,3.88,0.9445497630331754,0.6834170854271356,4.56,1.23524023662,0.00059023662,0.0201005025125629,0.0,0.0432432432432432,-0.1818181818181817,-0.276595744680851,-0.09375,0.964824120603015,1.0,0.683920704845815,6.08,True,True,False,False,False,True,False,-8.219858156028367
tune-a,m1_cl_in_r30_t2000,2000,0.9899497487437184,0.9447236180904522,0.7954545454545454,0.1590909090909091,8.59,0.5504385964912281,1.2277714718123345,3.32,0.94739336492891,0.6633165829145728,4.11,1.20955054853,0.00065054853,-0.0201005025125627,-0.0483091787439613,0.0060606060606059,-0.2045454545454545,-0.3018867924528302,-0.1162790697674418,0.964824120603015,1.0,0.683920704845815,6.08,False,False,False,False,False,False,False,-9.062893081761008
tune-a,m1_cl_in_r30_t500,500,0.9899497487437184,0.9798994974874372,0.9545454545454546,0.5,4.57,0.658161936995574,1.2803632236095346,3.66,0.9265402843601896,0.5879396984924623,3.12,0.92954444991,0.00049444991,0.0150753768844221,-0.0054054054054053,0.0366492146596858,-0.0454545454545454,-0.108695652173913,0.0,0.964824120603015,1.0,0.683920704845815,6.08,True,True,False,False,False,True,False,-2.6231884057971
tune-b,all50L_m0_i0_r10_t500,500,0.9899497487437184,0.9798994974874372,1.0,0.5227272727272727,2.41,0.649879453522636,1.3212258796821794,3.82,0.933649289099526,0.592964824120603,3.93,1.1669469308,0.0005469308,0.0150753768844221,-0.0054054054054053,0.0366492146596858,0.0,0.0,0.0,0.964824120603015,1.0,0.683920704845815,6.08,True,True,True,True,False,True,False,-1.4373515492454656
tune-b,all50L_m0_i0_r15_t500,500,0.9899497487437184,0.9798994974874372,1.0,0.5227272727272727,2.41,0.6601360544217687,1.2992811199394627,3.68,0.933649289099526,0.592964824120603,3.57,1.05469140552,0.00054140552,0.0150753768844221,-0.0054054054054053,0.0366492146596858,0.0,0.0,0.0,0.964824120603015,1.0,0.683920704845815,6.08,True,True,True,True,False,True,False,-1.0954648526077082
tune-b,all50L_m0_i0_r1_t500,500,0.9899497487437184,0.9798994974874372,1.0,0.5227272727272727,2.41,0.6218918226095873,1.384790011350738,4.22,0.933649289099526,0.592964824120603,5.07,1.51346202277,0.00056202277,0.0150753768844221,-0.0054054054054053,0.0366492146596858,0.0,0.0,0.0,0.964824120603015,1.0,0.683920704845815,6.08,True,True,True,True,False,True,False,-2.3702725796804214
tune-b,all50L_m0_i0_r20_t500,500,0.9899497487437184,0.9798994974874372,0.9772727272727272,0.5227272727272727,2.39,0.6633852884878315,1.2932273931138858,3.66,0.933649289099526,0.592964824120603,3.44,1.015689435,0.000539435,0.0150753768844221,-0.0054054054054053,0.0366492146596858,-0.0227272727272727,-0.0697674418604651,0.0,0.964824120603015,1.0,0.683920704845815,6.08,True,True,True,False,False,True,False,-1.325581395348837
tune-b,all50L_m0_i0_r30_t500,500,0.9899497487437184,0.9798994974874372,0.9772727272727272,0.5227272727272727,2.39,0.6679515418502202,1.2837684449489215,3.65,0.933649289099526,0.592964824120603,3.23,0.95028689406,0.00053689406,0.0150753768844221,-0.0054054054054053,0.0366492146596858,-0.0227272727272727,-0.0697674418604651,0.0,0.964824120603015,1.0,0.683920704845815,6.08,True,True,True,False,False,True,False,-1.325581395348837
tune-b,all50L_m0_i0_r5_t500,500,0.9899497487437184,0.9798994974874372,1.0,0.5227272727272727,2.41,0.6288232244686366,1.3685206205069995,4.11,0.933649289099526,0.592964824120603,4.8,1.4352581134100002,0.00055811341,0.0150753768844221,-0.0054054054054053,0.0366492146596858,0.0,0.0,0.0,0.964824120603015,1.0,0.683920704845815,6.08,True,True,True,True,False,True,False,-2.1392258510454454
tune-b,all50L_m0_ia_r10_t500,500,0.9899497487437184,0.9798994974874372,0.8863636363636364,0.5227272727272727,2.4,0.6732370905052748,1.2720393492243662,3.73,0.933649289099526,0.592964824120603,2.88,0.84058541866,0.00053541866,0.0150753768844221,-0.0054054054054053,0.0366492146596858,-0.1136363636363636,-0.1904761904761904,-0.0444444444444444,0.964824120603015,1.0,0.683920704845815,6.08,True,True,False,False,False,True,False,-5.349206349206347
tune-b,all50L_m0_ia_r15_t500,500,0.9899497487437184,0.9798994974874372,0.8863636363636364,0.5227272727272727,2.4,0.6743604004449388,1.2697692016647748,3.67,0.933649289099526,0.592964824120603,2.88,0.84058408292,0.00053408292,0.0150753768844221,-0.0054054054054053,0.0366492146596858,-0.1136363636363636,-0.1904761904761904,-0.0444444444444444,0.964824120603015,1.0,0.683920704845815,6.08,True,True,False,False,False,True,False,-5.349206349206347
tune-b,all50L_m0_ia_r1_t500,500,0.9899497487437184,0.9798994974874372,0.8863636363636364,0.5227272727272727,2.4,0.6732370905052748,1.2720393492243662,3.73,0.933649289099526,0.592964824120603,2.88,0.84058541866,0.00053541866,0.0150753768844221,-0.0054054054054053,0.0366492146596858,-0.1136363636363636,-0.1904761904761904,-0.0444444444444444,0.964824120603015,1.0,0.683920704845815,6.08,True,True,False,False,False,True,False,-5.349206349206347
tune-b,all50L_m0_ia_r20_t500,500,0.9899497487437184,0.9798994974874372,0.8863636363636364,0.5227272727272727,2.39,0.6749234622877818,1.2690124858115777,3.65,0.933649289099526,0.592964824120603,2.88,0.84058307014,0.00053307014,0.0150753768844221,-0.0054054054054053,0.0366492146596858,-0.1136363636363636,-0.1904761904761904,-0.0444444444444444,0.964824120603015,1.0,0.683920704845815,6.08,True,True,False,False,False,True,False,-5.349206349206347
tune-b,all50L_m0_ia_r30_t500,500,0.9899497487437184,0.9798994974874372,0.8863636363636364,0.5227272727272727,2.39,0.6749234622877818,1.2690124858115777,3.65,0.933649289099526,0.592964824120603,2.88,0.84058307014,0.00053307014,0.0150753768844221,-0.0054054054054053,0.0366492146596858,-0.1136363636363636,-0.1904761904761904,-0.0444444444444444,0.964824120603015,1.0,0.683920704845815,6.08,True,True,False,False,False,True,False,-5.349206349206347
tune-b,all50L_m0_ia_r5_t500,500,0.9899497487437184,0.9798994974874372,0.8863636363636364,0.5227272727272727,2.4,0.6732370905052748,1.2720393492243662,3.73,0.933649289099526,0.592964824120603,2.88,0.84058541866,0.00053541866,0.0150753768844221,-0.0054054054054053,0.0366492146596858,-0.1136363636363636,-0.1904761904761904,-0.0444444444444444,0.964824120603015,1.0,0.683920704845815,6.08,True,True,False,False,False,True,False,-5.349206349206347
tune-b,all50L_m0_in_r10_t500,500,0.9899497487437184,0.9798994974874372,0.9545454545454546,0.5227272727272727,2.41,0.6510067114093959,1.3181990162693908,3.82,0.933649289099526,0.592964824120603,3.87,1.14844579611,0.00054579611,0.0150753768844221,-0.0054054054054053,0.0366492146596858,-0.0454545454545454,-0.0999999999999999,0.0,0.964824120603015,1.0,0.683920704845815,6.08,True,True,False,False,False,True,False,-2.33333333333333
tune-b,all50L_m0_in_r15_t500,500,0.9899497487437184,0.9798994974874372,0.9545454545454546,0.5227272727272727,2.41,0.6609430362496593,1.2970109723798713,3.68,0.933649289099526,0.592964824120603,3.52,1.03909041834,0.00054041834,0.0150753768844221,-0.0054054054054053,0.0366492146596858,-0.0454545454545454,-0.0999999999999999,0.0,0.964824120603015,1.0,0.683920704845815,6.08,True,True,False,False,False,True,False,-2.33333333333333
tune-b,all50L_m0_in_r1_t500,500,0.9899497487437184,0.9798994974874372,0.9545454545454546,0.5227272727272727,2.41,0.6237139917695473,1.3798713583049564,4.2,0.933649289099526,0.592964824120603,4.98,1.48601050454,0.00056050454,0.0150753768844221,-0.0054054054054053,0.0366492146596858,-0.0454545454545454,-0.0999999999999999,0.0,0.964824120603015,1.0,0.683920704845815,6.08,True,True,False,False,False,True,False,-2.33333333333333
tune-b,all50L_m0_in_r20_t500,500,0.9899497487437184,0.9798994974874372,0.9318181818181818,0.5227272727272727,2.39,0.6642015886058614,1.2909572455542944,3.65,0.933649289099526,0.592964824120603,3.4,1.00303800442,0.00053800442,0.0150753768844221,-0.0054054054054053,0.0366492146596858,-0.0681818181818182,-0.1363636363636363,-0.0169491525423728,0.964824120603015,1.0,0.683920704845815,6.08,True,True,False,False,False,True,False,-3.5454545454545436
tune-b,all50L_m0_in_r30_t500,500,0.9899497487437184,0.9798994974874372,0.9318181818181818,0.5227272727272727,2.39,0.668412348401323,1.2822550132425274,3.65,0.933649289099526,0.592964824120603,3.19,0.93763606086,0.00053606086,0.0150753768844221,-0.0054054054054053,0.0366492146596858,-0.0681818181818182,-0.1363636363636363,-0.0169491525423728,0.964824120603015,1.0,0.683920704845815,6.08,True,True,False,False,False,True,False,-3.5454545454545436
tune-b,all50L_m0_in_r5_t500,500,0.9899497487437184,0.9798994974874372,0.9545454545454546,0.5227272727272727,2.41,0.6306892067620286,1.3636019674612183,4.09,0.933649289099526,0.592964824120603,4.71,1.40780660073,0.00055660073,0.0150753768844221,-0.0054054054054053,0.0366492146596858,-0.0454545454545454,-0.0999999999999999,0.0,0.964824120603015,1.0,0.683920704845815,6.08,True,True,False,False,False,True,False,-2.33333333333333
tune-b,all50L_m10_i0_r10_t500,500,0.9899497487437184,0.9798994974874372,1.0,0.5227272727272727,2.44,0.7124070897655803,1.2311766931517216,3.68,0.9327014218009478,0.5879396984924623,3.84,1.14490206098,0.00045206098,0.0150753768844221,-0.0054054054054053,0.0366492146596858,0.0,0.0,0.0,0.964824120603015,1.0,0.683920704845815,6.08,True,True,True,True,True,True,True,0.5633165829145748
tune-b,all50L_m10_i0_r15_t500,500,0.9899497487437184,0.9798994974874372,1.0,0.5227272727272727,2.44,0.7244186046511628,1.209231933409005,3.54,0.9327014218009478,0.5879396984924623,3.48,1.03264642337,0.00044642337,0.0150753768844221,-0.0054054054054053,0.0366492146596858,0.0,0.0,0.0,0.964824120603015,1.0,0.683920704845815,6.08,True,True,True,True,True,True,True,0.5633165829145748
tune-b,all50L_m10_i0_r1_t500,500,0.9899497487437184,0.9798994974874372,1.0,0.5227272727272727,2.44,0.6797599563557011,1.29474082482028,4.08,0.9327014218009478,0.5879396984924623,4.98,1.49141714846,0.00046714846,0.0150753768844221,-0.0054054054054053,0.0366492146596858,0.0,0.0,0.0,0.964824120603015,1.0,0.683920704845815,6.08,True,True,True,True,False,True,False,-0.44133478814329574
tune-b,all50L_m10_i0_r20_t500,500,0.9899497487437184,0.9798994974874372,0.9772727272727272,0.5227272727272727,2.42,0.72822910578609,1.203178206583428,3.52,0.9327014218009478,0.5879396984924623,3.35,0.99364445286,0.00044445286,0.0150753768844221,-0.0054054054054053,0.0366492146596858,-0.0227272727272727,-0.0697674418604651,0.0,0.964824120603015,1.0,0.683920704845815,6.08,True,True,True,False,True,True,False,-1.325581395348837
tune-b,all50L_m10_i0_r30_t500,500,0.9899497487437184,0.9798994974874372,0.9772727272727272,0.5227272727272727,2.42,0.7335884604062408,1.193719258418464,3.51,0.9327014218009478,0.5879396984924623,3.14,0.92824191272,0.00044191272,0.0150753768844221,-0.0054054054054053,0.0366492146596858,-0.0227272727272727,-0.0697674418604651,0.0,0.964824120603015,1.0,0.683920704845815,6.08,True,True,True,False,True,True,False,-1.325581395348837
tune-b,all50L_m10_i0_r5_t500,500,0.9899497487437184,0.9798994974874372,1.0,0.5227272727272727,2.44,0.6878277670438863,1.2784714339765415,3.97,0.9327014218009478,0.5879396984924623,4.71,1.41321323912,0.00046323912,0.0150753768844221,-0.0054054054054053,0.0366492146596858,0.0,0.0,0.0,0.964824120603015,1.0,0.683920704845815,6.08,True,True,True,True,False,True,False,-0.1724077652037896
tune-b,all50L_m10_ia_r10_t500,500,0.9899497487437184,0.9798994974874372,0.8863636363636364,0.5227272727272727,2.43,0.7398277398277399,1.1819901626939084,3.59,0.9327014218009478,0.5879396984924623,2.79,0.8185406639,0.0004406639,0.0150753768844221,-0.0054054054054053,0.0366492146596858,-0.1136363636363636,-0.1904761904761904,-0.0444444444444444,0.964824120603015,1.0,0.683920704845815,6.08,True,True,False,False,True,True,False,-5.349206349206347
tune-b,all50L_m10_ia_r15_t500,500,0.9899497487437184,0.9798994974874372,0.8863636363636364,0.5227272727272727,2.43,0.7411484677179411,1.179720015134317,3.53,0.9327014218009478,0.5879396984924623,2.79,0.81853932817,0.00043932817,0.0150753768844221,-0.0054054054054053,0.0366492146596858,-0.1136363636363636,-0.1904761904761904,-0.0444444444444444,0.964824120603015,1.0,0.683920704845815,6.08,True,True,False,False,True,True,False,-5.349206349206347
tune-b,all50L_m10_ia_r1_t500,500,0.9899497487437184,0.9798994974874372,0.8863636363636364,0.5227272727272727,2.43,0.7398277398277399,1.1819901626939084,3.59,0.9327014218009478,0.5879396984924623,2.79,0.8185406639,0.0004406639,0.0150753768844221,-0.0054054054054053,0.0366492146596858,-0.1136363636363636,-0.1904761904761904,-0.0444444444444444,0.964824120603015,1.0,0.683920704845815,6.08,True,True,False,False,True,True,False,-5.349206349206347
tune-b,all50L_m10_ia_r20_t500,500,0.9899497487437184,0.9798994974874372,0.8863636363636364,0.5227272727272727,2.42,0.7418106015485408,1.17896329928112,3.51,0.9327014218009478,0.5879396984924623,2.79,0.81853831539,0.00043831539,0.0150753768844221,-0.0054054054054053,0.0366492146596858,-0.1136363636363636,-0.1904761904761904,-0.0444444444444444,0.964824120603015,1.0,0.683920704845815,6.08,True,True,False,False,True,True,False,-5.349206349206347
tune-b,all50L_m10_ia_r30_t500,500,0.9899497487437184,0.9798994974874372,0.8863636363636364,0.5227272727272727,2.42,0.7418106015485408,1.17896329928112,3.51,0.9327014218009478,0.5879396984924623,2.79,0.81853831539,0.00043831539,0.0150753768844221,-0.0054054054054053,0.0366492146596858,-0.1136363636363636,-0.1904761904761904,-0.0444444444444444,0.964824120603015,1.0,0.683920704845815,6.08,True,True,False,False,True,True,False,-5.349206349206347
tune-b,all50L_m10_ia_r5_t500,500,0.9899497487437184,0.9798994974874372,0.8863636363636364,0.5227272727272727,2.43,0.7398277398277399,1.1819901626939084,3.59,0.9327014218009478,0.5879396984924623,2.79,0.8185406639,0.0004406639,0.0150753768844221,-0.0054054054054053,0.0366492146596858,-0.1136363636363636,-0.1904761904761904,-0.0444444444444444,0.964824120603015,1.0,0.683920704845815,6.08,True,True,False,False,True,True,False,-5.349206349206347
tune-b,all50L_m10_in_r10_t500,500,0.9899497487437184,0.9798994974874372,0.9545454545454546,0.5227272727272727,2.44,0.7137535816618911,1.228149829738933,3.68,0.9327014218009478,0.5879396984924623,3.78,1.12640092606,0.00045092606,0.0150753768844221,-0.0054054054054053,0.0366492146596858,-0.0454545454545454,-0.0999999999999999,0.0,0.964824120603015,1.0,0.683920704845815,6.08,True,True,False,False,True,True,False,-2.33333333333333
tune-b,all50L_m10_in_r15_t500,500,0.9899497487437184,0.9798994974874372,0.9545454545454546,0.5227272727272727,2.44,0.725393127548049,1.2069617858494135,3.54,0.9327014218009478,0.5879396984924623,3.43,1.01704543596,0.00044543596,0.0150753768844221,-0.0054054054054053,0.0366492146596858,-0.0454545454545454,-0.0999999999999999,0.0,0.964824120603015,1.0,0.683920704845815,6.08,True,True,False,False,True,True,False,-2.33333333333333
tune-b,all50L_m10_in_r1_t500,500,0.9899497487437184,0.9798994974874372,0.9545454545454546,0.5227272727272727,2.44,0.6819052833287709,1.2898221717744986,4.06,0.9327014218009478,0.5879396984924623,4.89,1.46396563,0.00046563,0.0150753768844221,-0.0054054054054053,0.0366492146596858,-0.0454545454545454,-0.0999999999999999,0.0,0.964824120603015,1.0,0.683920704845815,6.08,True,True,False,False,False,True,False,-2.33333333333333
tune-b,all50L_m10_in_r20_t500,500,0.9899497487437184,0.9798994974874372,0.9318181818181818,0.5227272727272727,2.42,0.7292154566744731,1.2009080590238366,3.51,0.9327014218009478,0.5879396984924623,3.31,0.98099302204,0.00044302204,0.0150753768844221,-0.0054054054054053,0.0366492146596858,-0.0681818181818182,-0.1363636363636363,-0.0169491525423728,0.964824120603015,1.0,0.683920704845815,6.08,True,True,False,False,True,True,False,-3.5454545454545436
tune-b,all50L_m10_in_r30_t500,500,0.9899497487437184,0.9798994974874372,0.9318181818181818,0.5227272727272727,2.42,0.7341585617447687,1.1922058267120696,3.51,0.9327014218009478,0.5879396984924623,3.1,0.91559107928,0.00044107928,0.0150753768844221,-0.0054054054054053,0.0366492146596858,-0.0681818181818182,-0.1363636363636363,-0.0169491525423728,0.964824120603015,1.0,0.683920704845815,6.08,True,True,False,False,True,True,False,-3.5454545454545436
tune-b,all50L_m10_in_r5_t500,500,0.9899497487437184,0.9798994974874372,0.9545454545454546,0.5227272727272727,2.44,0.6900277008310249,1.2735527809307603,3.95,0.9327014218009478,0.5879396984924623,4.62,1.3857617262100002,0.00046172621,0.0150753768844221,-0.0054054054054053,0.0366492146596858,-0.0454545454545454,-0.0999999999999999,0.0,0.964824120603015,1.0,0.683920704845815,6.08,True,True,False,False,False,True,False,-2.33333333333333
tune-b,all50L_m20_i0_r10_t500,500,0.9899497487437184,0.9748743718592964,1.0,0.5227272727272727,2.52,0.7422129931770988,1.1800983730609156,3.63,0.9298578199052132,0.5879396984924623,3.75,1.12356336121,0.00041336121,0.0100502512562814,-0.0132450331125827,0.0331491712707182,0.0,0.0,0.0,0.964824120603015,1.0,0.683920704845815,6.08,True,True,True,True,True,True,True,0.3958123953098802
tune-b,all50L_m20_i0_r15_t500,500,0.9899497487437184,0.9748743718592964,1.0,0.5227272727272727,2.52,0.7552067612435859,1.158153613318199,3.49,0.9298578199052132,0.5879396984924623,3.39,1.01130772357,0.00040772357,0.0100502512562814,-0.0132450331125827,0.0331491712707182,0.0,0.0,0.0,0.964824120603015,1.0,0.683920704845815,6.08,True,True,True,True,True,True,True,0.3958123953098802
tune-b,all50L_m20_i0_r1_t500,500,0.9899497487437184,0.9748743718592964,1.0,0.5227272727272727,2.52,0.7069793727041537,1.243662504729474,4.03,0.9298578199052132,0.5879396984924623,4.89,1.4700784486700005,0.00042844867,0.0100502512562814,-0.0132450331125827,0.0331491712707182,0.0,0.0,0.0,0.964824120603015,1.0,0.683920704845815,6.08,True,True,True,True,True,True,True,0.3958123953098802
tune-b,all50L_m20_i0_r20_t500,500,0.9899497487437184,0.9748743718592964,0.9772727272727272,0.5227272727272727,2.5,0.7593323216995448,1.152099886492622,3.47,0.9298578199052132,0.5879396984924623,3.26,0.97230575304,0.00040575304,0.0100502512562814,-0.0132450331125827,0.0331491712707182,-0.0227272727272727,-0.0697674418604651,0.0,0.964824120603015,1.0,0.683920704845815,6.08,True,True,True,False,True,True,False,-1.325581395348837
tune-b,all50L_m20_i0_r30_t500,500,0.9899497487437184,0.9748743718592964,0.9772727272727272,0.5227272727272727,2.5,0.7651376146788991,1.142640938327658,3.46,0.9298578199052132,0.5879396984924623,3.05,0.90690321291,0.00040321291,0.0100502512562814,-0.0132450331125827,0.0331491712707182,-0.0227272727272727,-0.0697674418604651,0.0,0.964824120603015,1.0,0.683920704845815,6.08,True,True,True,False,True,True,False,-1.325581395348837
tune-b,all50L_m20_i0_r5_t500,500,0.9899497487437184,0.9748743718592964,1.0,0.5227272727272727,2.52,0.715675057208238,1.227393113885736,3.92,0.9298578199052132,0.5879396984924623,4.62,1.39187453936,0.00042453936,0.0100502512562814,-0.0132450331125827,0.0331491712707182,0.0,0.0,0.0,0.964824120603015,1.0,0.683920704845815,6.08,True,True,True,True,True,True,True,0.3958123953098802
tune-b,all50L_m20_ia_r10_t500,500,0.9899497487437184,0.9748743718592964,0.8863636363636364,0.5227272727272727,2.51,0.7719135802469136,1.1309118426031026,3.54,0.9298578199052132,0.5879396984924623,2.7,0.7972019638800001,0.00040196388,0.0100502512562814,-0.0132450331125827,0.0331491712707182,-0.1136363636363636,-0.1904761904761904,-0.0444444444444444,0.964824120603015,1.0,0.683920704845815,6.08,True,True,False,False,True,True,False,-5.349206349206347
tune-b,all50L_m20_ia_r15_t500,500,0.9899497487437184,0.9748743718592964,0.8863636363636364,0.5227272727272727,2.51,0.7733457019171305,1.1286416950435112,3.48,0.9298578199052132,0.5879396984924623,2.7,0.79720062813,0.00040062813,0.0100502512562814,-0.0132450331125827,0.0331491712707182,-0.1136363636363636,-0.1904761904761904,-0.0444444444444444,0.964824120603015,1.0,0.683920704845815,6.08,True,True,False,False,True,True,False,-5.349206349206347
tune-b,all50L_m20_ia_r1_t500,500,0.9899497487437184,0.9748743718592964,0.8863636363636364,0.5227272727272727,2.51,0.7719135802469136,1.1309118426031026,3.54,0.9298578199052132,0.5879396984924623,2.7,0.7972019638800001,0.00040196388,0.0100502512562814,-0.0132450331125827,0.0331491712707182,-0.1136363636363636,-0.1904761904761904,-0.0444444444444444,0.964824120603015,1.0,0.683920704845815,6.08,True,True,False,False,True,True,False,-5.349206349206347
tune-b,all50L_m20_ia_r20_t500,500,0.9899497487437184,0.9748743718592964,0.8863636363636364,0.5227272727272727,2.5,0.7740637573506655,1.127884979190314,3.46,0.9298578199052132,0.5879396984924623,2.7,0.7971996153500001,0.00039961535,0.0100502512562814,-0.0132450331125827,0.0331491712707182,-0.1136363636363636,-0.1904761904761904,-0.0444444444444444,0.964824120603015,1.0,0.683920704845815,6.08,True,True,False,False,True,True,False,-5.349206349206347
tune-b,all50L_m20_ia_r30_t500,500,0.9899497487437184,0.9748743718592964,0.8863636363636364,0.5227272727272727,2.5,0.7740637573506655,1.127884979190314,3.46,0.9298578199052132,0.5879396984924623,2.7,0.7971996153500001,0.00039961535,0.0100502512562814,-0.0132450331125827,0.0331491712707182,-0.1136363636363636,-0.1904761904761904,-0.0444444444444444,0.964824120603015,1.0,0.683920704845815,6.08,True,True,False,False,True,True,False,-5.349206349206347
tune-b,all50L_m20_ia_r5_t500,500,0.9899497487437184,0.9748743718592964,0.8863636363636364,0.5227272727272727,2.51,0.7719135802469136,1.1309118426031026,3.54,0.9298578199052132,0.5879396984924623,2.7,0.7972019638800001,0.00040196388,0.0100502512562814,-0.0132450331125827,0.0331491712707182,-0.1136363636363636,-0.1904761904761904,-0.0444444444444444,0.964824120603015,1.0,0.683920704845815,6.08,True,True,False,False,True,True,False,-5.349206349206347
tune-b,all50L_m20_in_r10_t500,500,0.9899497487437184,0.9748743718592964,0.9545454545454546,0.5227272727272727,2.52,0.743681236990782,1.1770715096481272,3.63,0.9298578199052132,0.5879396984924623,3.69,1.10506222627,0.00041222627,0.0100502512562814,-0.0132450331125827,0.0331491712707182,-0.0454545454545454,-0.0999999999999999,0.0,0.964824120603015,1.0,0.683920704845815,6.08,True,True,False,False,True,True,False,-2.33333333333333
tune-b,all50L_m20_in_r15_t500,500,0.9899497487437184,0.9748743718592964,0.9545454545454546,0.5227272727272727,2.52,0.7562745690958572,1.1558834657586077,3.49,0.9298578199052132,0.5879396984924623,3.34,0.99570673616,0.00040673616,0.0100502512562814,-0.0132450331125827,0.0331491712707182,-0.0454545454545454,-0.0999999999999999,0.0,0.964824120603015,1.0,0.683920704845815,6.08,True,True,False,False,True,True,False,-2.33333333333333
tune-b,all50L_m20_in_r1_t500,500,0.9899497487437184,0.9748743718592964,0.9545454545454546,0.5227272727272727,2.52,0.7093023255813954,1.2387438516836928,4.01,0.9298578199052132,0.5879396984924623,4.8,1.44262693021,0.00042693021,0.0100502512562814,-0.0132450331125827,0.0331491712707182,-0.0454545454545454,-0.0999999999999999,0.0,0.964824120603015,1.0,0.683920704845815,6.08,True,True,False,False,True,True,False,-2.33333333333333
tune-b,all50L_m20_in_r20_t500,500,0.9899497487437184,0.9748743718592964,0.9318181818181818,0.5227272727272727,2.5,0.7604134995439343,1.1498297389330308,3.46,0.9298578199052132,0.5879396984924623,3.22,0.95965432223,0.00040432223,0.0100502512562814,-0.0132450331125827,0.0331491712707182,-0.0681818181818182,-0.1363636363636363,-0.0169491525423728,0.964824120603015,1.0,0.683920704845815,6.08,True,True,False,False,True,True,False,-3.5454545454545436
tune-b,all50L_m20_in_r30_t500,500,0.9899497487437184,0.9748743718592964,0.9318181818181818,0.5227272727272727,2.5,0.76576852418861,1.1411275066212636,3.46,0.9298578199052132,0.5879396984924623,3.01,0.8942523794700001,0.00040237947,0.0100502512562814,-0.0132450331125827,0.0331491712707182,-0.0681818181818182,-0.1363636363636363,-0.0169491525423728,0.964824120603015,1.0,0.683920704845815,6.08,True,True,False,False,True,True,False,-3.5454545454545436
tune-b,all50L_m20_in_r5_t500,500,0.9899497487437184,0.9748743718592964,0.9545454545454546,0.5227272727272727,2.52,0.7180591444157336,1.2224744608399547,3.9,0.9298578199052132,0.5879396984924623,4.53,1.36442302644,0.00042302644,0.0100502512562814,-0.0132450331125827,0.0331491712707182,-0.0454545454545454,-0.0999999999999999,0.0,0.964824120603015,1.0,0.683920704845815,6.08,True,True,False,False,True,True,False,-2.33333333333333
tune-b,all50L_m30_i0_r10_t500,500,0.984924623115578,0.9698492462311558,1.0,0.5227272727272727,2.5,0.761569108182654,1.139992432841468,3.52,0.9303317535545024,0.5829145728643216,3.7,1.10914200093,0.00039200093,0.0050251256281407,-0.02,0.0301507537688442,0.0,0.0,0.0,0.964824120603015,1.0,0.683920704845815,6.08,True,True,True,True,True,True,True,0.22830820770519308
tune-b,all50L_m30_i0_r15_t500,500,0.984924623115578,0.9698492462311558,1.0,0.5227272727272727,2.5,0.7753510140405616,1.1180476730987514,3.38,0.9303317535545024,0.5829145728643216,3.34,0.99688636333,0.00038636333,0.0050251256281407,-0.02,0.0301507537688442,0.0,0.0,0.0,0.964824120603015,1.0,0.683920704845815,6.08,True,True,True,True,True,True,True,0.22830820770519308
tune-b,all50L_m30_i0_r1_t500,500,0.984924623115578,0.9698492462311558,1.0,0.5227272727272727,2.5,0.7242786359661906,1.2035565645100266,3.92,0.9303317535545024,0.5829145728643216,4.84,1.45565708835,0.00040708835,0.0050251256281407,-0.02,0.0301507537688442,0.0,0.0,0.0,0.964824120603015,1.0,0.683920704845815,6.08,True,True,True,True,True,True,True,0.22830820770519308
tune-b,all50L_m30_i0_r20_t500,500,0.984924623115578,0.9698492462311558,0.9772727272727272,0.5227272727272727,2.48,0.7797301537496077,1.1119939462731745,3.36,0.9303317535545024,0.5829145728643216,3.21,0.95788439281,0.00038439281,0.0050251256281407,-0.02,0.0301507537688442,-0.0227272727272727,-0.0697674418604651,0.0,0.964824120603015,1.0,0.683920704845815,6.08,True,True,True,False,True,True,False,-1.325581395348837
tune-b,all50L_m30_i0_r30_t500,500,0.984924623115578,0.9698492462311558,0.9772727272727272,0.5227272727272727,2.48,0.7858950031625553,1.1025349981082104,3.35,0.9303317535545024,0.5829145728643216,3.0,0.89248185266,0.00038185266,0.0050251256281407,-0.02,0.0301507537688442,-0.0227272727272727,-0.0697674418604651,0.0,0.964824120603015,1.0,0.683920704845815,6.08,True,True,True,False,True,True,False,-1.325581395348837
tune-b,all50L_m30_i0_r5_t500,500,0.984924623115578,0.9698492462311558,1.0,0.5227272727272727,2.5,0.7334710743801653,1.1872871736662882,3.81,0.9303317535545024,0.5829145728643216,4.57,1.37745317902,0.00040317902,0.0050251256281407,-0.02,0.0301507537688442,0.0,0.0,0.0,0.964824120603015,1.0,0.683920704845815,6.08,True,True,True,True,True,True,True,0.22830820770519308
tune-b,all50L_m30_ia_r10_t500,500,0.984924623115578,0.9698492462311558,0.8863636363636364,0.5227272727272727,2.49,0.7931034482758621,1.090805902383655,3.43,0.9303317535545024,0.5829145728643216,2.65,0.78278060361,0.00038060361,0.0050251256281407,-0.02,0.0301507537688442,-0.1136363636363636,-0.1904761904761904,-0.0444444444444444,0.964824120603015,1.0,0.683920704845815,6.08,True,True,False,False,True,True,False,-5.349206349206347
tune-b,all50L_m30_ia_r15_t500,500,0.984924623115578,0.9698492462311558,0.8863636363636364,0.5227272727272727,2.49,0.7946257197696737,1.0885357548240635,3.37,0.9303317535545024,0.5829145728643216,2.65,0.7827792678700001,0.00037926787,0.0050251256281407,-0.02,0.0301507537688442,-0.1136363636363636,-0.1904761904761904,-0.0444444444444444,0.964824120603015,1.0,0.683920704845815,6.08,True,True,False,False,True,True,False,-5.349206349206347
tune-b,all50L_m30_ia_r1_t500,500,0.984924623115578,0.9698492462311558,0.8863636363636364,0.5227272727272727,2.49,0.7931034482758621,1.090805902383655,3.43,0.9303317535545024,0.5829145728643216,2.65,0.78278060361,0.00038060361,0.0050251256281407,-0.02,0.0301507537688442,-0.1136363636363636,-0.1904761904761904,-0.0444444444444444,0.964824120603015,1.0,0.683920704845815,6.08,True,True,False,False,True,True,False,-5.349206349206347
tune-b,all50L_m30_ia_r20_t500,500,0.984924623115578,0.9698492462311558,0.8863636363636364,0.5227272727272727,2.48,0.7953890489913544,1.0877790389708664,3.35,0.9303317535545024,0.5829145728643216,2.65,0.7827782550900001,0.00037825509,0.0050251256281407,-0.02,0.0301507537688442,-0.1136363636363636,-0.1904761904761904,-0.0444444444444444,0.964824120603015,1.0,0.683920704845815,6.08,True,True,False,False,True,True,False,-5.349206349206347
tune-b,all50L_m30_ia_r30_t500,500,0.984924623115578,0.9698492462311558,0.8863636363636364,0.5227272727272727,2.48,0.7953890489913544,1.0877790389708664,3.35,0.9303317535545024,0.5829145728643216,2.65,0.7827782550900001,0.00037825509,0.0050251256281407,-0.02,0.0301507537688442,-0.1136363636363636,-0.1904761904761904,-0.0444444444444444,0.964824120603015,1.0,0.683920704845815,6.08,True,True,False,False,True,True,False,-5.349206349206347
tune-b,all50L_m30_ia_r5_t500,500,0.984924623115578,0.9698492462311558,0.8863636363636364,0.5227272727272727,2.49,0.7931034482758621,1.090805902383655,3.43,0.9303317535545024,0.5829145728643216,2.65,0.78278060361,0.00038060361,0.0050251256281407,-0.02,0.0301507537688442,-0.1136363636363636,-0.1904761904761904,-0.0444444444444444,0.964824120603015,1.0,0.683920704845815,6.08,True,True,False,False,True,True,False,-5.349206349206347
tune-b,all50L_m30_in_r10_t500,500,0.984924623115578,0.9698492462311558,0.9545454545454546,0.5227272727272727,2.5,0.7631336405529954,1.1369655694286795,3.52,0.9303317535545024,0.5829145728643216,3.64,1.09064086598,0.00039086598,0.0050251256281407,-0.02,0.0301507537688442,-0.0454545454545454,-0.0999999999999999,0.0,0.964824120603015,1.0,0.683920704845815,6.08,True,True,False,False,True,True,False,-2.33333333333333
tune-b,all50L_m30_in_r15_t500,500,0.984924623115578,0.9698492462311558,0.9545454545454546,0.5227272727272727,2.5,0.7764926539543607,1.11577752553916,3.38,0.9303317535545024,0.5829145728643216,3.29,0.98128537591,0.00038537591,0.0050251256281407,-0.02,0.0301507537688442,-0.0454545454545454,-0.0999999999999999,0.0,0.964824120603015,1.0,0.683920704845815,6.08,True,True,False,False,True,True,False,-2.33333333333333
tune-b,all50L_m30_in_r1_t500,500,0.984924623115578,0.9698492462311558,0.9545454545454546,0.5227272727272727,2.5,0.7267407840842598,1.1986379114642451,3.9,0.9303317535545024,0.5829145728643216,4.75,1.42820556987,0.00040556987,0.0050251256281407,-0.02,0.0301507537688442,-0.0454545454545454,-0.0999999999999999,0.0,0.964824120603015,1.0,0.683920704845815,6.08,True,True,False,False,True,True,False,-2.33333333333333
tune-b,all50L_m30_in_r20_t500,500,0.984924623115578,0.9698492462311558,0.9318181818181818,0.5227272727272727,2.48,0.780886513674945,1.109723798713583,3.35,0.9303317535545024,0.5829145728643216,3.17,0.94523296199,0.00038296199,0.0050251256281407,-0.02,0.0301507537688442,-0.0681818181818182,-0.1363636363636363,-0.0169491525423728,0.964824120603015,1.0,0.683920704845815,6.08,True,True,False,False,True,True,False,-3.5454545454545436
tune-b,all50L_m30_in_r30_t500,500,0.984924623115578,0.9698492462311558,0.9318181818181818,0.5227272727272727,2.48,0.7865737808739709,1.101021566401816,3.35,0.9303317535545024,0.5829145728643216,2.96,0.8798310192100001,0.00038101921,0.0050251256281407,-0.02,0.0301507537688442,-0.0681818181818182,-0.1363636363636363,-0.0169491525423728,0.964824120603015,1.0,0.683920704845815,6.08,True,True,False,False,True,True,False,-3.5454545454545436
tune-b,all50L_m30_in_r5_t500,500,0.984924623115578,0.9698492462311558,0.9545454545454546,0.5227272727272727,2.5,0.736,1.182368520620507,3.79,0.9303317535545024,0.5829145728643216,4.48,1.35000166611,0.00040166611,0.0050251256281407,-0.02,0.0301507537688442,-0.0454545454545454,-0.0999999999999999,0.0,0.964824120603015,1.0,0.683920704845815,6.08,True,True,False,False,True,True,False,-2.33333333333333
tune-b,all50L_m50_i0_r10_t500,500,0.984924623115578,0.9698492462311558,1.0,0.5227272727272727,2.5,0.7920598763423364,1.068104426787741,3.36,0.9293838862559242,0.5879396984924623,3.68,1.1061609172200002,0.00036091722,0.0050251256281407,-0.02,0.0301507537688442,0.0,0.0,0.0,0.964824120603015,1.0,0.683920704845815,6.08,True,True,True,True,True,True,True,0.22830820770519308
tune-b,all50L_m50_i0_r15_t500,500,0.984924623115578,0.9698492462311558,1.0,0.5227272727272727,2.5,0.8072968490878939,1.0461596670450246,3.22,0.9293838862559242,0.5879396984924623,3.32,0.99390527962,0.00035527962,0.0050251256281407,-0.02,0.0301507537688442,0.0,0.0,0.0,0.964824120603015,1.0,0.683920704845815,6.08,True,True,True,True,True,True,True,0.22830820770519308
tune-b,all50L_m50_i0_r1_t500,500,0.984924623115578,0.9698492462311558,1.0,0.5227272727272727,2.5,0.7510027769207035,1.1316685584562998,3.76,0.9293838862559242,0.5879396984924623,4.82,1.4526760046700002,0.00037600467,0.0050251256281407,-0.02,0.0301507537688442,0.0,0.0,0.0,0.964824120603015,1.0,0.683920704845815,6.08,True,True,True,True,True,True,True,0.22830820770519308
tune-b,all50L_m50_i0_r20_t500,500,0.984924623115578,0.9698492462311558,0.9772727272727272,0.5227272727272727,2.48,0.8121454788121455,1.0401059402194477,3.2,0.9293838862559242,0.5879396984924623,3.19,0.95490330906,0.00035330906,0.0050251256281407,-0.02,0.0301507537688442,-0.0227272727272727,-0.0697674418604651,0.0,0.964824120603015,1.0,0.683920704845815,6.08,True,True,True,False,True,True,False,-1.325581395348837
tune-b,all50L_m50_i0_r30_t500,500,0.984924623115578,0.9698492462311558,0.9772727272727272,0.5227272727272727,2.48,0.8189771197846568,1.0306469920544836,3.19,0.9293838862559242,0.5879396984924623,2.98,0.8895007689500001,0.00035076895,0.0050251256281407,-0.02,0.0301507537688442,-0.0227272727272727,-0.0697674418604651,0.0,0.964824120603015,1.0,0.683920704845815,6.08,True,True,True,False,True,True,False,-1.325581395348837
tune-b,all50L_m50_i0_r5_t500,500,0.984924623115578,0.9698492462311558,1.0,0.5227272727272727,2.5,0.7611006879299562,1.1153991676125614,3.65,0.9293838862559242,0.5879396984924623,4.55,1.37447209531,0.00037209531,0.0050251256281407,-0.02,0.0301507537688442,0.0,0.0,0.0,0.964824120603015,1.0,0.683920704845815,6.08,True,True,True,True,True,True,True,0.22830820770519308
tune-b,all50L_m50_ia_r10_t500,500,0.984924623115578,0.9698492462311558,0.8863636363636364,0.5227272727272727,2.49,0.8269884432358939,1.018917896329928,3.27,0.9293838862559242,0.5879396984924623,2.63,0.77979952026,0.00034952026,0.0050251256281407,-0.02,0.0301507537688442,-0.1136363636363636,-0.1904761904761904,-0.0444444444444444,0.964824120603015,1.0,0.683920704845815,6.08,True,True,False,False,True,True,False,-5.349206349206347
tune-b,all50L_m50_ia_r15_t500,500,0.984924623115578,0.9698492462311558,0.8863636363636364,0.5227272727272727,2.49,0.8286784741144414,1.0166477487703367,3.21,0.9293838862559242,0.5879396984924623,2.63,0.77979818454,0.00034818454,0.0050251256281407,-0.02,0.0301507537688442,-0.1136363636363636,-0.1904761904761904,-0.0444444444444444,0.964824120603015,1.0,0.683920704845815,6.08,True,True,False,False,True,True,False,-5.349206349206347
tune-b,all50L_m50_ia_r1_t500,500,0.984924623115578,0.9698492462311558,0.8863636363636364,0.5227272727272727,2.49,0.8269884432358939,1.018917896329928,3.27,0.9293838862559242,0.5879396984924623,2.63,0.77979952026,0.00034952026,0.0050251256281407,-0.02,0.0301507537688442,-0.1136363636363636,-0.1904761904761904,-0.0444444444444444,0.964824120603015,1.0,0.683920704845815,6.08,True,True,False,False,True,True,False,-5.349206349206347
tune-b,all50L_m50_ia_r20_t500,500,0.984924623115578,0.9698492462311558,0.8863636363636364,0.5227272727272727,2.48,0.8295260825093761,1.0158910329171396,3.19,0.9293838862559242,0.5879396984924623,2.63,0.7797971717500001,0.00034717175,0.0050251256281407,-0.02,0.0301507537688442,-0.1136363636363636,-0.1904761904761904,-0.0444444444444444,0.964824120603015,1.0,0.683920704845815,6.08,True,True,False,False,True,True,False,-5.349206349206347
tune-b,all50L_m50_ia_r30_t500,500,0.984924623115578,0.9698492462311558,0.8863636363636364,0.5227272727272727,2.48,0.8295260825093761,1.0158910329171396,3.19,0.9293838862559242,0.5879396984924623,2.63,0.7797971717500001,0.00034717175,0.0050251256281407,-0.02,0.0301507537688442,-0.1136363636363636,-0.1904761904761904,-0.0444444444444444,0.964824120603015,1.0,0.683920704845815,6.08,True,True,False,False,True,True,False,-5.349206349206347
tune-b,all50L_m50_ia_r5_t500,500,0.984924623115578,0.9698492462311558,0.8863636363636364,0.5227272727272727,2.49,0.8269884432358939,1.018917896329928,3.27,0.9293838862559242,0.5879396984924623,2.63,0.77979952026,0.00034952026,0.0050251256281407,-0.02,0.0301507537688442,-0.1136363636363636,-0.1904761904761904,-0.0444444444444444,0.964824120603015,1.0,0.683920704845815,6.08,True,True,False,False,True,True,False,-5.349206349206347
tune-b,all50L_m50_in_r10_t500,500,0.984924623115578,0.9698492462311558,0.9545454545454546,0.5227272727272727,2.5,0.7938009787928222,1.0650775633749527,3.36,0.9293838862559242,0.5879396984924623,3.62,1.08765978226,0.00035978226,0.0050251256281407,-0.02,0.0301507537688442,-0.0454545454545454,-0.0999999999999999,0.0,0.964824120603015,1.0,0.683920704845815,6.08,True,True,False,False,True,True,False,-2.33333333333333
tune-b,all50L_m50_in_r15_t500,500,0.984924623115578,0.9698492462311558,0.9545454545454546,0.5227272727272727,2.5,0.8085742771684945,1.0438895194854332,3.22,0.9293838862559242,0.5879396984924623,3.27,0.97830429222,0.00035429222,0.0050251256281407,-0.02,0.0301507537688442,-0.0454545454545454,-0.0999999999999999,0.0,0.964824120603015,1.0,0.683920704845815,6.08,True,True,False,False,True,True,False,-2.33333333333333
tune-b,all50L_m50_in_r1_t500,500,0.984924623115578,0.9698492462311558,0.9545454545454546,0.5227272727272727,2.5,0.7537174721189591,1.1267499054105183,3.74,0.9293838862559242,0.5879396984924623,4.73,1.4252244862,0.0003744862,0.0050251256281407,-0.02,0.0301507537688442,-0.0454545454545454,-0.0999999999999999,0.0,0.964824120603015,1.0,0.683920704845815,6.08,True,True,False,False,True,True,False,-2.33333333333333
tune-b,all50L_m50_in_r20_t500,500,0.984924623115578,0.9698492462311558,0.9318181818181818,0.5227272727272727,2.48,0.8134403209628887,1.0378357926598565,3.19,0.9293838862559242,0.5879396984924623,3.15,0.94225187824,0.00035187824,0.0050251256281407,-0.02,0.0301507537688442,-0.0681818181818182,-0.1363636363636363,-0.0169491525423728,0.964824120603015,1.0,0.683920704845815,6.08,True,True,False,False,True,True,False,-3.5454545454545436
tune-b,all50L_m50_in_r30_t500,500,0.984924623115578,0.9698492462311558,0.9318181818181818,0.5227272727272727,2.48,0.819743935309973,1.0291335603480891,3.19,0.9293838862559242,0.5879396984924623,2.94,0.8768499355,0.0003499355,0.0050251256281407,-0.02,0.0301507537688442,-0.0681818181818182,-0.1363636363636363,-0.0169491525423728,0.964824120603015,1.0,0.683920704845815,6.08,True,True,False,False,True,True,False,-3.5454545454545436
tune-b,all50L_m50_in_r5_t500,500,0.984924623115578,0.9698492462311558,0.9545454545454546,0.5227272727272727,2.5,0.7638932496075354,1.1104805145667802,3.63,0.9293838862559242,0.5879396984924623,4.46,1.3470205824,0.0003705824,0.0050251256281407,-0.02,0.0301507537688442,-0.0454545454545454,-0.0999999999999999,0.0,0.964824120603015,1.0,0.683920704845815,6.08,True,True,False,False,True,True,False,-2.33333333333333
tune-b,dep100L_m0_i0_r10_t500,500,0.9899497487437184,0.9798994974874372,1.0,0.5227272727272727,1.51,0.6712328767123288,1.296254256526674,3.76,0.923222748815166,0.5829145728643216,3.93,1.17015484732,0.00050484732,0.0150753768844221,-0.0054054054054053,0.0366492146596858,0.0,0.0,0.0,0.964824120603015,1.0,0.683920704845815,6.08,True,True,True,True,False,True,False,-0.7255707762557055
tune-b,dep100L_m0_i0_r15_t500,500,0.9899497487437184,0.9798994974874372,1.0,0.5227272727272727,1.51,0.6822961068485365,1.2743094967839577,3.62,0.923222748815166,0.5829145728643216,3.57,1.057899327,0.000499327,0.0150753768844221,-0.0054054054054053,0.0366492146596858,0.0,0.0,0.0,0.964824120603015,1.0,0.683920704845815,6.08,True,True,True,True,False,True,False,-0.3567964383821158
tune-b,dep100L_m0_i0_r1_t500,500,0.9899497487437184,0.9798994974874372,1.0,0.5227272727272727,1.51,0.6411214953271028,1.3598183881952326,4.16,0.923222748815166,0.5829145728643216,5.07,1.5166699446600005,0.00051994466,0.0150753768844221,-0.0054054054054053,0.0366492146596858,0.0,0.0,0.0,0.964824120603015,1.0,0.683920704845815,6.08,True,True,True,True,False,True,False,-1.7292834890965707
tune-b,dep100L_m0_i0_r20_t500,500,0.9899497487437184,0.9798994974874372,0.9772727272727272,0.5227272727272727,1.49,0.6858040559840046,1.2682557699583803,3.6,0.923222748815166,0.5829145728643216,3.44,1.01889735649,0.00049735649,0.0150753768844221,-0.0054054054054053,0.0366492146596858,-0.0227272727272727,-0.0697674418604651,0.0,0.964824120603015,1.0,0.683920704845815,6.08,True,True,True,False,False,True,False,-1.325581395348837
tune-b,dep100L_m0_i0_r30_t500,500,0.9899497487437184,0.9798994974874372,0.9772727272727272,0.5227272727272727,1.49,0.6907364787111623,1.258796821793417,3.59,0.923222748815166,0.5829145728643216,3.23,0.9534948209400002,0.00049482094,0.0150753768844221,-0.0054054054054053,0.0366492146596858,-0.0227272727272727,-0.0697674418604651,0.0,0.964824120603015,1.0,0.683920704845815,6.08,True,True,True,False,False,True,False,-1.325581395348837
tune-b,dep100L_m0_i0_r5_t500,500,0.9899497487437184,0.9798994974874372,1.0,0.5227272727272727,1.51,0.6485683414370611,1.3435489973514945,4.05,0.923222748815166,0.5829145728643216,4.8,1.4384660401400002,0.00051604014,0.0150753768844221,-0.0054054054054053,0.0366492146596858,0.0,0.0,0.0,0.964824120603015,1.0,0.683920704845815,6.08,True,True,True,True,False,True,False,-1.481055285431295
tune-b,dep100L_m0_ia_r10_t500,500,0.9899497487437184,0.9798994974874372,0.9318181818181818,0.5227272727272727,1.5,0.6964596633778294,1.2470677260688612,3.65,0.923222748815166,0.5829145728643216,2.9,0.8505928775900001,0.00049287759,0.0150753768844221,-0.0054054054054053,0.0366492146596858,-0.0681818181818182,-0.131578947368421,-0.0175438596491228,0.964824120603015,1.0,0.683920704845815,6.08,True,True,False,False,True,True,False,-3.3859649122807
tune-b,dep100L_m0_ia_r15_t500,500,0.9899497487437184,0.9798994974874372,0.9318181818181818,0.5227272727272727,1.5,0.6976744186046512,1.2447975785092698,3.59,0.923222748815166,0.5829145728643216,2.9,0.8505915418700001,0.00049154187,0.0150753768844221,-0.0054054054054053,0.0366492146596858,-0.0681818181818182,-0.131578947368421,-0.0175438596491228,0.964824120603015,1.0,0.683920704845815,6.08,True,True,False,False,True,True,False,-3.3859649122807
tune-b,dep100L_m0_ia_r1_t500,500,0.9899497487437184,0.9798994974874372,0.9318181818181818,0.5227272727272727,1.5,0.6964596633778294,1.2470677260688612,3.65,0.923222748815166,0.5829145728643216,2.9,0.8505928775900001,0.00049287759,0.0150753768844221,-0.0054054054054053,0.0366492146596858,-0.0681818181818182,-0.131578947368421,-0.0175438596491228,0.964824120603015,1.0,0.683920704845815,6.08,True,True,False,False,True,True,False,-3.3859649122807
tune-b,dep100L_m0_ia_r20_t500,500,0.9899497487437184,0.9798994974874372,0.9318181818181818,0.5227272727272727,1.49,0.6982833866744254,1.2440408626560726,3.57,0.923222748815166,0.5829145728643216,2.9,0.8505905290800001,0.00049052908,0.0150753768844221,-0.0054054054054053,0.0366492146596858,-0.0681818181818182,-0.131578947368421,-0.0175438596491228,0.964824120603015,1.0,0.683920704845815,6.08,True,True,False,False,True,True,False,-3.3859649122807
tune-b,dep100L_m0_ia_r30_t500,500,0.9899497487437184,0.9798994974874372,0.9318181818181818,0.5227272727272727,1.49,0.6982833866744254,1.2440408626560726,3.57,0.923222748815166,0.5829145728643216,2.9,0.8505905290800001,0.00049052908,0.0150753768844221,-0.0054054054054053,0.0366492146596858,-0.0681818181818182,-0.131578947368421,-0.0175438596491228,0.964824120603015,1.0,0.683920704845815,6.08,True,True,False,False,True,True,False,-3.3859649122807
tune-b,dep100L_m0_ia_r5_t500,500,0.9899497487437184,0.9798994974874372,0.9318181818181818,0.5227272727272727,1.5,0.6964596633778294,1.2470677260688612,3.65,0.923222748815166,0.5829145728643216,2.9,0.8505928775900001,0.00049287759,0.0150753768844221,-0.0054054054054053,0.0366492146596858,-0.0681818181818182,-0.131578947368421,-0.0175438596491228,0.964824120603015,1.0,0.683920704845815,6.08,True,True,False,False,True,True,False,-3.3859649122807
tune-b,dep100L_m0_in_r10_t500,500,0.9899497487437184,0.9798994974874372,1.0,0.5227272727272727,1.51,0.6715165081141579,1.2951191827468786,3.73,0.923222748815166,0.5829145728643216,3.93,1.17015384511,0.00050384511,0.0150753768844221,-0.0054054054054053,0.0366492146596858,0.0,0.0,0.0,0.964824120603015,1.0,0.683920704845815,6.08,True,True,True,True,False,True,False,-0.7161163961947363
tune-b,dep100L_m0_in_r15_t500,500,0.9899497487437184,0.9798994974874372,1.0,0.5227272727272727,1.51,0.6823997725334091,1.2735527809307603,3.6,0.923222748815166,0.5829145728643216,3.57,1.05789840866,0.00049840866,0.0150753768844221,-0.0054054054054053,0.0366492146596858,0.0,0.0,0.0,0.964824120603015,1.0,0.683920704845815,6.08,True,True,True,True,False,True,False,-0.353340915553028
tune-b,dep100L_m0_in_r1_t500,500,0.9899497487437184,0.9798994974874372,1.0,0.5227272727272727,1.51,0.6420545746388443,1.3571698827090428,4.09,0.923222748815166,0.5829145728643216,5.07,1.5166686206,0.0005186206,0.0150753768844221,-0.0054054054054053,0.0366492146596858,0.0,0.0,0.0,0.964824120603015,1.0,0.683920704845815,6.08,True,True,True,True,False,True,False,-1.698180845371855
tune-b,dep100L_m0_in_r20_t500,500,0.9899497487437184,0.9798994974874372,0.9772727272727272,0.5227272727272727,1.49,0.6861063464837049,1.267120696178585,3.57,0.923222748815166,0.5829145728643216,3.44,1.01889591452,0.00049591452,0.0150753768844221,-0.0054054054054053,0.0366492146596858,-0.0227272727272727,-0.0697674418604651,0.0,0.964824120603015,1.0,0.683920704845815,6.08,True,True,True,False,False,True,False,-1.325581395348837
tune-b,dep100L_m0_in_r30_t500,500,0.9899497487437184,0.9798994974874372,0.9772727272727272,0.5227272727272727,1.49,0.690846286701209,1.2580401059402195,3.57,0.923222748815166,0.5829145728643216,3.23,0.95349390259,0.00049390259,0.0150753768844221,-0.0054054054054053,0.0366492146596858,-0.0227272727272727,-0.0697674418604651,0.0,0.964824120603015,1.0,0.683920704845815,6.08,True,True,True,False,False,True,False,-1.325581395348837
tune-b,dep100L_m0_in_r5_t500,500,0.9899497487437184,0.9798994974874372,1.0,0.5227272727272727,1.51,0.6491750067622396,1.3416572077185016,4.0,0.923222748815166,0.5829145728643216,4.8,1.43846488179,0.00051488179,0.0150753768844221,-0.0054054054054053,0.0366492146596858,0.0,0.0,0.0,0.964824120603015,1.0,0.683920704845815,6.08,True,True,True,True,False,True,False,-1.460833107925345
tune-b,dep100L_m10_i0_r10_t500,500,0.9899497487437184,0.9748743718592964,1.0,0.5227272727272727,1.5,0.746241731809982,1.2016647748770335,3.58,0.9227488151658768,0.5778894472361809,3.77,1.13121056799,0.00041056799,0.0100502512562814,-0.0132450331125827,0.0331491712707182,0.0,0.0,0.0,0.964824120603015,1.0,0.683920704845815,6.08,True,True,True,True,True,True,True,0.3958123953098802
tune-b,dep100L_m10_i0_r15_t500,500,0.9899497487437184,0.9748743718592964,1.0,0.5227272727272727,1.5,0.7594859241126071,1.179720015134317,3.44,0.9227488151658768,0.5778894472361809,3.41,1.01895493766,0.00040493766,0.0100502512562814,-0.0132450331125827,0.0331491712707182,0.0,0.0,0.0,0.964824120603015,1.0,0.683920704845815,6.08,True,True,True,True,True,True,True,0.3958123953098802
tune-b,dep100L_m10_i0_r1_t500,500,0.9899497487437184,0.9748743718592964,1.0,0.5227272727272727,1.5,0.7103606182026331,1.2652289065455922,3.98,0.9227488151658768,0.5778894472361809,4.91,1.4777256554300002,0.00042565543,0.0100502512562814,-0.0132450331125827,0.0331491712707182,0.0,0.0,0.0,0.964824120603015,1.0,0.683920704845815,6.08,True,True,True,True,True,True,True,0.3958123953098802
tune-b,dep100L_m10_i0_r20_t500,500,0.9899497487437184,0.9748743718592964,0.9772727272727272,0.5227272727272727,1.48,0.7636923076923077,1.17366628830874,3.42,0.9227488151658768,0.5778894472361809,3.28,0.97995296716,0.00040296716,0.0100502512562814,-0.0132450331125827,0.0331491712707182,-0.0227272727272727,-0.0697674418604651,0.0,0.964824120603015,1.0,0.683920704845815,6.08,True,True,True,False,True,True,False,-1.325581395348837
tune-b,dep100L_m10_i0_r30_t500,500,0.9899497487437184,0.9748743718592964,0.9772727272727272,0.5227272727272727,1.48,0.7696124031007752,1.164207340143776,3.41,0.9227488151658768,0.5778894472361809,3.07,0.91455042703,0.00040042703,0.0100502512562814,-0.0132450331125827,0.0331491712707182,-0.0227272727272727,-0.0697674418604651,0.0,0.964824120603015,1.0,0.683920704845815,6.08,True,True,True,False,True,True,False,-1.325581395348837
tune-b,dep100L_m10_i0_r5_t500,500,0.9899497487437184,0.9748743718592964,1.0,0.5227272727272727,1.5,0.7192118226600985,1.248959515701854,3.87,0.9227488151658768,0.5778894472361809,4.64,1.39952175087,0.00042175087,0.0100502512562814,-0.0132450331125827,0.0331491712707182,0.0,0.0,0.0,0.964824120603015,1.0,0.683920704845815,6.08,True,True,True,True,True,True,True,0.3958123953098802
tune-b,dep100L_m10_ia_r10_t500,500,0.9899497487437184,0.9748743718592964,0.9318181818181818,0.5227272727272727,1.49,0.7765258215962442,1.1524782444192203,3.47,0.9227488151658768,0.5778894472361809,2.74,0.81164893539,0.00039893539,0.0100502512562814,-0.0132450331125827,0.0331491712707182,-0.0681818181818182,-0.131578947368421,-0.0175438596491228,0.964824120603015,1.0,0.683920704845815,6.08,True,True,False,False,True,True,False,-3.3859649122807
tune-b,dep100L_m10_ia_r15_t500,500,0.9899497487437184,0.9748743718592964,0.9318181818181818,0.5227272727272727,1.49,0.7779868297271872,1.150208096859629,3.41,0.9227488151658768,0.5778894472361809,2.74,0.81164759967,0.00039759967,0.0100502512562814,-0.0132450331125827,0.0331491712707182,-0.0681818181818182,-0.131578947368421,-0.0175438596491228,0.964824120603015,1.0,0.683920704845815,6.08,True,True,False,False,True,True,False,-3.3859649122807
tune-b,dep100L_m10_ia_r1_t500,500,0.9899497487437184,0.9748743718592964,0.9318181818181818,0.5227272727272727,1.49,0.7765258215962442,1.1524782444192203,3.47,0.9227488151658768,0.5778894472361809,2.74,0.81164893539,0.00039893539,0.0100502512562814,-0.0132450331125827,0.0331491712707182,-0.0681818181818182,-0.131578947368421,-0.0175438596491228,0.964824120603015,1.0,0.683920704845815,6.08,True,True,False,False,True,True,False,-3.3859649122807
tune-b,dep100L_m10_ia_r20_t500,500,0.9899497487437184,0.9748743718592964,0.9318181818181818,0.5227272727272727,1.48,0.7787193973634652,1.1494513810064322,3.39,0.9227488151658768,0.5778894472361809,2.74,0.81164658688,0.00039658688,0.0100502512562814,-0.0132450331125827,0.0331491712707182,-0.0681818181818182,-0.131578947368421,-0.0175438596491228,0.964824120603015,1.0,0.683920704845815,6.08,True,True,False,False,True,True,False,-3.3859649122807
tune-b,dep100L_m10_ia_r30_t500,500,0.9899497487437184,0.9748743718592964,0.9318181818181818,0.5227272727272727,1.48,0.7787193973634652,1.1494513810064322,3.39,0.9227488151658768,0.5778894472361809,2.74,0.81164658688,0.00039658688,0.0100502512562814,-0.0132450331125827,0.0331491712707182,-0.0681818181818182,-0.131578947368421,-0.0175438596491228,0.964824120603015,1.0,0.683920704845815,6.08,True,True,False,False,True,True,False,-3.3859649122807
tune-b,dep100L_m10_ia_r5_t500,500,0.9899497487437184,0.9748743718592964,0.9318181818181818,0.5227272727272727,1.49,0.7765258215962442,1.1524782444192203,3.47,0.9227488151658768,0.5778894472361809,2.74,0.81164893539,0.00039893539,0.0100502512562814,-0.0132450331125827,0.0331491712707182,-0.0681818181818182,-0.131578947368421,-0.0175438596491228,0.964824120603015,1.0,0.683920704845815,6.08,True,True,False,False,True,True,False,-3.3859649122807
tune-b,dep100L_m10_in_r10_t500,500,0.9899497487437184,0.9748743718592964,1.0,0.5227272727272727,1.5,0.7466145049653927,1.200529701097238,3.55,0.9227488151658768,0.5778894472361809,3.77,1.13120956314,0.00040956314,0.0100502512562814,-0.0132450331125827,0.0331491712707182,0.0,0.0,0.0,0.964824120603015,1.0,0.683920704845815,6.08,True,True,True,True,True,True,True,0.3958123953098802
tune-b,dep100L_m10_in_r15_t500,500,0.9899497487437184,0.9748743718592964,1.0,0.5227272727272727,1.5,0.7596448254745867,1.17896329928112,3.42,0.9227488151658768,0.5778894472361809,3.41,1.01895401668,0.00040401668,0.0100502512562814,-0.0132450331125827,0.0331491712707182,0.0,0.0,0.0,0.964824120603015,1.0,0.683920704845815,6.08,True,True,True,True,True,True,True,0.3958123953098802
tune-b,dep100L_m10_in_r1_t500,500,0.9899497487437184,0.9748743718592964,1.0,0.5227272727272727,1.5,0.7114998566102667,1.2625804010594022,3.91,0.9227488151658768,0.5778894472361809,4.91,1.47772432874,0.00042432874,0.0100502512562814,-0.0132450331125827,0.0331491712707182,0.0,0.0,0.0,0.964824120603015,1.0,0.683920704845815,6.08,True,True,True,True,True,True,True,0.3958123953098802
tune-b,dep100L_m10_in_r20_t500,500,0.9899497487437184,0.9748743718592964,0.9772727272727272,0.5227272727272727,1.48,0.7640899291653834,1.1725312145289444,3.39,0.9227488151658768,0.5778894472361809,3.28,0.97995152255,0.00040152255,0.0100502512562814,-0.0132450331125827,0.0331491712707182,-0.0227272727272727,-0.0697674418604651,0.0,0.964824120603015,1.0,0.683920704845815,6.08,True,True,True,False,True,True,False,-1.325581395348837
tune-b,dep100L_m10_in_r30_t500,500,0.9899497487437184,0.9748743718592964,0.9772727272727272,0.5227272727272727,1.48,0.7697797083462612,1.1634506242905789,3.39,0.9227488151658768,0.5778894472361809,3.07,0.91454950605,0.00039950605,0.0100502512562814,-0.0132450331125827,0.0331491712707182,-0.0227272727272727,-0.0697674418604651,0.0,0.964824120603015,1.0,0.683920704845815,6.08,True,True,True,False,True,True,False,-1.325581395348837
tune-b,dep100L_m10_in_r5_t500,500,0.9899497487437184,0.9748743718592964,1.0,0.5227272727272727,1.5,0.7199651770168312,1.2470677260688612,3.82,0.9227488151658768,0.5778894472361809,4.64,1.39952058987,0.00042058987,0.0100502512562814,-0.0132450331125827,0.0331491712707182,0.0,0.0,0.0,0.964824120603015,1.0,0.683920704845815,6.08,True,True,True,True,True,True,True,0.3958123953098802
tune-b,dep100L_m20_i0_r10_t500,500,0.9899497487437184,0.9698492462311558,1.0,0.5227272727272727,1.54,0.7771891555001558,1.1558834657586077,3.51,0.9213270142180094,0.5778894472361809,3.69,1.110937856,0.000387856,0.0050251256281407,-0.0162162162162162,0.0272727272727272,0.0,0.0,0.0,0.964824120603015,1.0,0.683920704845815,6.08,True,True,True,True,True,True,True,0.22830820770519308
tune-b,dep100L_m20_i0_r15_t500,500,0.9899497487437184,0.9698492462311558,1.0,0.5227272727272727,1.54,0.7914947635671216,1.133938706015891,3.37,0.9213270142180094,0.5778894472361809,3.33,0.99868222569,0.00038222569,0.0050251256281407,-0.0162162162162162,0.0272727272727272,0.0,0.0,0.0,0.964824120603015,1.0,0.683920704845815,6.08,True,True,True,True,True,True,True,0.22830820770519308
tune-b,dep100L_m20_i0_r1_t500,500,0.9899497487437184,0.9698492462311558,1.0,0.5227272727272727,1.54,0.7385253183298786,1.219447597427166,3.91,0.9213270142180094,0.5778894472361809,4.83,1.45745294337,0.00040294337,0.0050251256281407,-0.0162162162162162,0.0272727272727272,0.0,0.0,0.0,0.964824120603015,1.0,0.683920704845815,6.08,True,True,True,True,True,True,True,0.22830820770519308
tune-b,dep100L_m20_i0_r20_t500,500,0.9899497487437184,0.9698492462311558,0.9772727272727272,0.5227272727272727,1.52,0.7960421321417172,1.127884979190314,3.35,0.9213270142180094,0.5778894472361809,3.2,0.95968025519,0.00038025519,0.0050251256281407,-0.0162162162162162,0.0272727272727272,-0.0227272727272727,-0.0697674418604651,0.0,0.964824120603015,1.0,0.683920704845815,6.08,True,True,True,False,True,True,False,-1.325581395348837
tune-b,dep100L_m20_i0_r30_t500,500,0.9899497487437184,0.9698492462311558,0.9772727272727272,0.5227272727272727,1.52,0.8024453024453024,1.11842603102535,3.34,0.9213270142180094,0.5778894472361809,2.99,0.89427771506,0.00037771506,0.0050251256281407,-0.0162162162162162,0.0272727272727272,-0.0227272727272727,-0.0697674418604651,0.0,0.964824120603015,1.0,0.683920704845815,6.08,True,True,True,False,True,True,False,-1.325581395348837
tune-b,dep100L_m20_i0_r5_t500,500,0.9899497487437184,0.9698492462311558,1.0,0.5227272727272727,1.54,0.7480503899220156,1.203178206583428,3.8,0.9213270142180094,0.5778894472361809,4.56,1.37924903884,0.00039903884,0.0050251256281407,-0.0162162162162162,0.0272727272727272,0.0,0.0,0.0,0.964824120603015,1.0,0.683920704845815,6.08,True,True,True,True,True,True,True,0.22830820770519308
tune-b,dep100L_m20_ia_r10_t500,500,0.9899497487437184,0.9698492462311558,0.9318181818181818,0.5227272727272727,1.53,0.8099415204678363,1.1066969353007945,3.4,0.9213270142180094,0.5778894472361809,2.66,0.79137622292,0.00037622292,0.0050251256281407,-0.0162162162162162,0.0272727272727272,-0.0681818181818182,-0.131578947368421,-0.0175438596491228,0.964824120603015,1.0,0.683920704845815,6.08,True,True,False,False,True,True,False,-3.3859649122807
tune-b,dep100L_m20_ia_r15_t500,500,0.9899497487437184,0.9698492462311558,0.9318181818181818,0.5227272727272727,1.53,0.8115234375,1.1044267877412033,3.34,0.9213270142180094,0.5778894472361809,2.66,0.79137488717,0.00037488717,0.0050251256281407,-0.0162162162162162,0.0272727272727272,-0.0681818181818182,-0.131578947368421,-0.0175438596491228,0.964824120603015,1.0,0.683920704845815,6.08,True,True,False,False,True,True,False,-3.3859649122807
tune-b,dep100L_m20_ia_r1_t500,500,0.9899497487437184,0.9698492462311558,0.9318181818181818,0.5227272727272727,1.53,0.8099415204678363,1.1066969353007945,3.4,0.9213270142180094,0.5778894472361809,2.66,0.79137622292,0.00037622292,0.0050251256281407,-0.0162162162162162,0.0272727272727272,-0.0681818181818182,-0.131578947368421,-0.0175438596491228,0.964824120603015,1.0,0.683920704845815,6.08,True,True,False,False,True,True,False,-3.3859649122807
tune-b,dep100L_m20_ia_r20_t500,500,0.9899497487437184,0.9698492462311558,0.9318181818181818,0.5227272727272727,1.52,0.8123167155425219,1.103670071888006,3.32,0.9213270142180094,0.5778894472361809,2.66,0.7913738744000001,0.0003738744,0.0050251256281407,-0.0162162162162162,0.0272727272727272,-0.0681818181818182,-0.131578947368421,-0.0175438596491228,0.964824120603015,1.0,0.683920704845815,6.08,True,True,False,False,True,True,False,-3.3859649122807
tune-b,dep100L_m20_ia_r30_t500,500,0.9899497487437184,0.9698492462311558,0.9318181818181818,0.5227272727272727,1.52,0.8123167155425219,1.103670071888006,3.32,0.9213270142180094,0.5778894472361809,2.66,0.7913738744000001,0.0003738744,0.0050251256281407,-0.0162162162162162,0.0272727272727272,-0.0681818181818182,-0.131578947368421,-0.0175438596491228,0.964824120603015,1.0,0.683920704845815,6.08,True,True,False,False,True,True,False,-3.3859649122807
tune-b,dep100L_m20_ia_r5_t500,500,0.9899497487437184,0.9698492462311558,0.9318181818181818,0.5227272727272727,1.53,0.8099415204678363,1.1066969353007945,3.4,0.9213270142180094,0.5778894472361809,2.66,0.79137622292,0.00037622292,0.0050251256281407,-0.0162162162162162,0.0272727272727272,-0.0681818181818182,-0.131578947368421,-0.0175438596491228,0.964824120603015,1.0,0.683920704845815,6.08,True,True,False,False,True,True,False,-3.3859649122807
tune-b,dep100L_m20_in_r10_t500,500,0.9899497487437184,0.9698492462311558,1.0,0.5227272727272727,1.54,0.7776044915782907,1.154748391978812,3.48,0.9213270142180094,0.5778894472361809,3.69,1.1109368511500002,0.00038685115,0.0050251256281407,-0.0162162162162162,0.0272727272727272,0.0,0.0,0.0,0.964824120603015,1.0,0.683920704845815,6.08,True,True,True,True,True,True,True,0.22830820770519308
tune-b,dep100L_m20_in_r15_t500,500,0.9899497487437184,0.9698492462311558,1.0,0.5227272727272727,1.54,0.7916798983804383,1.1331819901626938,3.35,0.9213270142180094,0.5778894472361809,3.33,0.99868130471,0.00038130471,0.0050251256281407,-0.0162162162162162,0.0272727272727272,0.0,0.0,0.0,0.964824120603015,1.0,0.683920704845815,6.08,True,True,True,True,True,True,True,0.22830820770519308
tune-b,dep100L_m20_in_r1_t500,500,0.9899497487437184,0.9698492462311558,1.0,0.5227272727272727,1.54,0.7397626112759644,1.216799091940976,3.84,0.9213270142180094,0.5778894472361809,4.83,1.4574516166700002,0.00040161667,0.0050251256281407,-0.0162162162162162,0.0272727272727272,0.0,0.0,0.0,0.964824120603015,1.0,0.683920704845815,6.08,True,True,True,True,True,True,True,0.22830820770519308
tune-b,dep100L_m20_in_r20_t500,500,0.9899497487437184,0.9698492462311558,0.9772727272727272,0.5227272727272727,1.52,0.7964856230031949,1.1267499054105183,3.32,0.9213270142180094,0.5778894472361809,3.2,0.9596788106,0.0003788106,0.0050251256281407,-0.0162162162162162,0.0272727272727272,-0.0227272727272727,-0.0697674418604651,0.0,0.964824120603015,1.0,0.683920704845815,6.08,True,True,True,False,True,True,False,-1.325581395348837
tune-b,dep100L_m20_in_r30_t500,500,0.9899497487437184,0.9698492462311558,0.9772727272727272,0.5227272727272727,1.52,0.8026400515132003,1.1176693151721528,3.32,0.9213270142180094,0.5778894472361809,2.99,0.8942767940700002,0.00037679407,0.0050251256281407,-0.0162162162162162,0.0272727272727272,-0.0227272727272727,-0.0697674418604651,0.0,0.964824120603015,1.0,0.683920704845815,6.08,True,True,True,False,True,True,False,-1.325581395348837
tune-b,dep100L_m20_in_r5_t500,500,0.9899497487437184,0.9698492462311558,1.0,0.5227272727272727,1.54,0.7488735355962751,1.2012864169504351,3.75,0.9213270142180094,0.5778894472361809,4.56,1.37924787786,0.00039787786,0.0050251256281407,-0.0162162162162162,0.0272727272727272,0.0,0.0,0.0,0.964824120603015,1.0,0.683920704845815,6.08,True,True,True,True,True,True,True,0.22830820770519308
tune-b,dep100L_m30_i0_r10_t500,500,0.984924623115578,0.964824120603015,1.0,0.5227272727272727,1.56,0.7936712948014207,1.1127506621263716,3.41,0.9218009478672986,0.5728643216080402,3.62,1.09096487563,0.00036487563,0.0,-0.0235294117647059,0.0235849056603774,0.0,0.0,0.0,0.964824120603015,1.0,0.683920704845815,6.08,True,True,True,True,True,True,True,0.06080402010050223
tune-b,dep100L_m30_i0_r15_t500,500,0.984924623115578,0.964824120603015,1.0,0.5227272727272727,1.56,0.8088186903586706,1.090805902383655,3.27,0.9218009478672986,0.5728643216080402,3.26,0.97870924532,0.00035924532,0.0,-0.0235294117647059,0.0235849056603774,0.0,0.0,0.0,0.964824120603015,1.0,0.683920704845815,6.08,True,True,True,True,True,True,True,0.06080402010050223
tune-b,dep100L_m30_i0_r1_t500,500,0.984924623115578,0.964824120603015,1.0,0.5227272727272727,1.56,0.752833078101072,1.17631479379493,3.81,0.9218009478672986,0.5728643216080402,4.76,1.43747996305,0.00037996305,0.0,-0.0235294117647059,0.0235849056603774,0.0,0.0,0.0,0.964824120603015,1.0,0.683920704845815,6.08,True,True,True,True,True,True,True,0.06080402010050223
tune-b,dep100L_m30_i0_r20_t500,500,0.984924623115578,0.964824120603015,0.9772727272727272,0.5227272727272727,1.54,0.8136378682555445,1.084752175558078,3.25,0.9218009478672986,0.5728643216080402,3.13,0.93970727479,0.00035727479,0.0,-0.0235294117647059,0.0235849056603774,-0.0227272727272727,-0.0697674418604651,0.0,0.964824120603015,1.0,0.683920704845815,6.08,True,True,True,False,True,True,False,-1.325581395348837
tune-b,dep100L_m30_i0_r30_t500,500,0.984924623115578,0.964824120603015,0.9772727272727272,0.5227272727272727,1.54,0.8204272363150867,1.075293227393114,3.24,0.9218009478672986,0.5728643216080402,2.92,0.87430473466,0.00035473466,0.0,-0.0235294117647059,0.0235849056603774,-0.0227272727272727,-0.0697674418604651,0.0,0.964824120603015,1.0,0.683920704845815,6.08,True,True,True,False,True,True,False,-1.325581395348837
tune-b,dep100L_m30_i0_r5_t500,500,0.984924623115578,0.964824120603015,1.0,0.5227272727272727,1.56,0.7628801986343886,1.1600454029511915,3.7,0.9218009478672986,0.5728643216080402,4.49,1.35927605851,0.00037605851,0.0,-0.0235294117647059,0.0235849056603774,0.0,0.0,0.0,0.964824120603015,1.0,0.683920704845815,6.08,True,True,True,True,True,True,True,0.06080402010050223
tune-b,dep100L_m30_ia_r10_t500,500,0.984924623115578,0.964824120603015,0.9318181818181818,0.5227272727272727,1.55,0.8283884018880647,1.0635641316685585,3.3,0.9218009478672986,0.5728643216080402,2.59,0.77140324256,0.00035324256,0.0,-0.0235294117647059,0.0235849056603774,-0.0681818181818182,-0.131578947368421,-0.0175438596491228,0.964824120603015,1.0,0.683920704845815,6.08,True,True,False,False,True,True,False,-3.3859649122807
tune-b,dep100L_m30_ia_r15_t500,500,0.984924623115578,0.964824120603015,0.9318181818181818,0.5227272727272727,1.55,0.8300675675675676,1.061293984108967,3.24,0.9218009478672986,0.5728643216080402,2.59,0.7714019068300001,0.00035190683,0.0,-0.0235294117647059,0.0235849056603774,-0.0681818181818182,-0.131578947368421,-0.0175438596491228,0.964824120603015,1.0,0.683920704845815,6.08,True,True,False,False,True,True,False,-3.3859649122807
tune-b,dep100L_m30_ia_r1_t500,500,0.984924623115578,0.964824120603015,0.9318181818181818,0.5227272727272727,1.55,0.8283884018880647,1.0635641316685585,3.3,0.9218009478672986,0.5728643216080402,2.59,0.77140324256,0.00035324256,0.0,-0.0235294117647059,0.0235849056603774,-0.0681818181818182,-0.131578947368421,-0.0175438596491228,0.964824120603015,1.0,0.683920704845815,6.08,True,True,False,False,True,True,False,-3.3859649122807
tune-b,dep100L_m30_ia_r20_t500,500,0.984924623115578,0.964824120603015,0.9318181818181818,0.5227272727272727,1.54,0.830909705782888,1.06053726825577,3.22,0.9218009478672986,0.5728643216080402,2.59,0.77140089404,0.00035089404,0.0,-0.0235294117647059,0.0235849056603774,-0.0681818181818182,-0.131578947368421,-0.0175438596491228,0.964824120603015,1.0,0.683920704845815,6.08,True,True,False,False,True,True,False,-3.3859649122807
tune-b,dep100L_m30_ia_r30_t500,500,0.984924623115578,0.964824120603015,0.9318181818181818,0.5227272727272727,1.54,0.830909705782888,1.06053726825577,3.22,0.9218009478672986,0.5728643216080402,2.59,0.77140089404,0.00035089404,0.0,-0.0235294117647059,0.0235849056603774,-0.0681818181818182,-0.131578947368421,-0.0175438596491228,0.964824120603015,1.0,0.683920704845815,6.08,True,True,False,False,True,True,False,-3.3859649122807
tune-b,dep100L_m30_ia_r5_t500,500,0.984924623115578,0.964824120603015,0.9318181818181818,0.5227272727272727,1.55,0.8283884018880647,1.0635641316685585,3.3,0.9218009478672986,0.5728643216080402,2.59,0.77140324256,0.00035324256,0.0,-0.0235294117647059,0.0235849056603774,-0.0681818181818182,-0.131578947368421,-0.0175438596491228,0.964824120603015,1.0,0.683920704845815,6.08,True,True,False,False,True,True,False,-3.3859649122807
tune-b,dep100L_m30_in_r10_t500,500,0.984924623115578,0.964824120603015,1.0,0.5227272727272727,1.56,0.7941176470588235,1.111615588346576,3.38,0.9218009478672986,0.5728643216080402,3.62,1.09096387076,0.00036387076,0.0,-0.0235294117647059,0.0235849056603774,0.0,0.0,0.0,0.964824120603015,1.0,0.683920704845815,6.08,True,True,True,True,True,True,True,0.06080402010050223
tune-b,dep100L_m30_in_r15_t500,500,0.984924623115578,0.964824120603015,1.0,0.5227272727272727,1.56,0.8090220612446494,1.0900491865304578,3.25,0.9218009478672986,0.5728643216080402,3.26,0.97870832433,0.00035832433,0.0,-0.0235294117647059,0.0235849056603774,0.0,0.0,0.0,0.964824120603015,1.0,0.683920704845815,6.08,True,True,True,True,True,True,True,0.06080402010050223
tune-b,dep100L_m30_in_r1_t500,500,0.984924623115578,0.964824120603015,1.0,0.5227272727272727,1.56,0.7541436464088398,1.17366628830874,3.74,0.9218009478672986,0.5728643216080402,4.76,1.43747863635,0.00037863635,0.0,-0.0235294117647059,0.0235849056603774,0.0,0.0,0.0,0.964824120603015,1.0,0.683920704845815,6.08,True,True,True,True,True,True,True,0.06080402010050223
tune-b,dep100L_m30_in_r20_t500,500,0.984924623115578,0.964824120603015,0.9772727272727272,0.5227272727272727,1.54,0.8141153081510935,1.0836171017782823,3.22,0.9218009478672986,0.5728643216080402,3.13,0.93970583019,0.00035583019,0.0,-0.0235294117647059,0.0235849056603774,-0.0227272727272727,-0.0697674418604651,0.0,0.964824120603015,1.0,0.683920704845815,6.08,True,True,True,False,True,True,False,-1.325581395348837
tune-b,dep100L_m30_in_r30_t500,500,0.984924623115578,0.964824120603015,0.9772727272727272,0.5227272727272727,1.54,0.8206412825651302,1.0745365115399168,3.22,0.9218009478672986,0.5728643216080402,2.92,0.87430381367,0.00035381367,0.0,-0.0235294117647059,0.0235849056603774,-0.0227272727272727,-0.0697674418604651,0.0,0.964824120603015,1.0,0.683920704845815,6.08,True,True,True,False,True,True,False,-1.325581395348837
tune-b,dep100L_m30_in_r5_t500,500,0.984924623115578,0.964824120603015,1.0,0.5227272727272727,1.56,0.7637550512900217,1.158153613318199,3.65,0.9218009478672986,0.5728643216080402,4.49,1.35927489752,0.00037489752,0.0,-0.0235294117647059,0.0235849056603774,0.0,0.0,0.0,0.964824120603015,1.0,0.683920704845815,6.08,True,True,True,True,True,True,True,0.06080402010050223
tune-b,dep100L_m50_i0_r10_t500,500,0.984924623115578,0.964824120603015,1.0,0.5227272727272727,1.56,0.8268636207488835,1.042376087779039,3.27,0.9203791469194312,0.5728643216080402,3.6,1.08613692738,0.00033692738,0.0,-0.0235294117647059,0.0235849056603774,0.0,0.0,0.0,0.964824120603015,1.0,0.683920704845815,6.08,True,True,True,True,True,True,True,0.06080402010050223
tune-b,dep100L_m50_i0_r15_t500,500,0.984924623115578,0.964824120603015,1.0,0.5227272727272727,1.56,0.8436733263231686,1.0204313280363224,3.13,0.9203791469194312,0.5728643216080402,3.24,0.97388129709,0.00033129709,0.0,-0.0235294117647059,0.0235849056603774,0.0,0.0,0.0,0.964824120603015,1.0,0.683920704845815,6.08,True,True,True,True,True,True,True,0.06080402010050223
tune-b,dep100L_m50_i0_r1_t500,500,0.984924623115578,0.964824120603015,1.0,0.5227272727272727,1.56,0.781747320558623,1.1059402194475974,3.67,0.9203791469194312,0.5728643216080402,4.74,1.43265201481,0.00035201481,0.0,-0.0235294117647059,0.0235849056603774,0.0,0.0,0.0,0.964824120603015,1.0,0.683920704845815,6.08,True,True,True,True,True,True,True,0.06080402010050223
tune-b,dep100L_m50_i0_r20_t500,500,0.984924623115578,0.964824120603015,0.9772727272727272,0.5227272727272727,1.54,0.8490299823633157,1.0143776012107453,3.11,0.9203791469194312,0.5728643216080402,3.11,0.93487932661,0.00032932661,0.0,-0.0235294117647059,0.0235849056603774,-0.0227272727272727,-0.0697674418604651,0.0,0.964824120603015,1.0,0.683920704845815,6.08,True,True,True,False,True,True,False,-1.325581395348837
tune-b,dep100L_m50_i0_r30_t500,500,0.984924623115578,0.964824120603015,0.9772727272727272,0.5227272727272727,1.54,0.8565836298932384,1.0049186530457812,3.1,0.9203791469194312,0.5728643216080402,2.9,0.86947678647,0.00032678647,0.0,-0.0235294117647059,0.0235849056603774,-0.0227272727272727,-0.0697674418604651,0.0,0.964824120603015,1.0,0.683920704845815,6.08,True,True,True,False,True,True,False,-1.325581395348837
tune-b,dep100L_m50_i0_r5_t500,500,0.984924623115578,0.964824120603015,1.0,0.5227272727272727,1.56,0.7928194993412385,1.0896708286038592,3.56,0.9203791469194312,0.5728643216080402,4.47,1.35444811027,0.00034811027,0.0,-0.0235294117647059,0.0235849056603774,0.0,0.0,0.0,0.964824120603015,1.0,0.683920704845815,6.08,True,True,True,True,True,True,True,0.06080402010050223
tune-b,dep100L_m50_ia_r10_t500,500,0.984924623115578,0.964824120603015,0.9318181818181818,0.5227272727272727,1.55,0.8654676258992806,0.9931895573212258,3.16,0.9203791469194312,0.5728643216080402,2.57,0.7665752947200001,0.00032529472,0.0,-0.0235294117647059,0.0235849056603774,-0.0681818181818182,-0.131578947368421,-0.0175438596491228,0.964824120603015,1.0,0.683920704845815,6.08,True,True,False,False,True,True,False,-3.3859649122807
tune-b,dep100L_m50_ia_r15_t500,500,0.984924623115578,0.964824120603015,0.9318181818181818,0.5227272727272727,1.55,0.8673395818312906,0.9909194097616344,3.1,0.9203791469194312,0.5728643216080402,2.57,0.766573959,0.000323959,0.0,-0.0235294117647059,0.0235849056603774,-0.0681818181818182,-0.131578947368421,-0.0175438596491228,0.964824120603015,1.0,0.683920704845815,6.08,True,True,False,False,True,True,False,-3.3859649122807
tune-b,dep100L_m50_ia_r1_t500,500,0.984924623115578,0.964824120603015,0.9318181818181818,0.5227272727272727,1.55,0.8654676258992806,0.9931895573212258,3.16,0.9203791469194312,0.5728643216080402,2.57,0.7665752947200001,0.00032529472,0.0,-0.0235294117647059,0.0235849056603774,-0.0681818181818182,-0.131578947368421,-0.0175438596491228,0.964824120603015,1.0,0.683920704845815,6.08,True,True,False,False,True,True,False,-3.3859649122807
tune-b,dep100L_m50_ia_r20_t500,500,0.984924623115578,0.964824120603015,0.9318181818181818,0.5227272727272727,1.54,0.8682785997834717,0.9901626939084374,3.08,0.9203791469194312,0.5728643216080402,2.57,0.76657294622,0.00032294622,0.0,-0.0235294117647059,0.0235849056603774,-0.0681818181818182,-0.131578947368421,-0.0175438596491228,0.964824120603015,1.0,0.683920704845815,6.08,True,True,False,False,True,True,False,-3.3859649122807
tune-b,dep100L_m50_ia_r30_t500,500,0.984924623115578,0.964824120603015,0.9318181818181818,0.5227272727272727,1.54,0.8682785997834717,0.9901626939084374,3.08,0.9203791469194312,0.5728643216080402,2.57,0.76657294622,0.00032294622,0.0,-0.0235294117647059,0.0235849056603774,-0.0681818181818182,-0.131578947368421,-0.0175438596491228,0.964824120603015,1.0,0.683920704845815,6.08,True,True,False,False,True,True,False,-3.3859649122807
tune-b,dep100L_m50_ia_r5_t500,500,0.984924623115578,0.964824120603015,0.9318181818181818,0.5227272727272727,1.55,0.8654676258992806,0.9931895573212258,3.16,0.9203791469194312,0.5728643216080402,2.57,0.7665752947200001,0.00032529472,0.0,-0.0235294117647059,0.0235849056603774,-0.0681818181818182,-0.131578947368421,-0.0175438596491228,0.964824120603015,1.0,0.683920704845815,6.08,True,True,False,False,True,True,False,-3.3859649122807
tune-b,dep100L_m50_in_r10_t500,500,0.984924623115578,0.964824120603015,1.0,0.5227272727272727,1.56,0.827372764786795,1.0412410139992432,3.24,0.9203791469194312,0.5728643216080402,3.6,1.08613592253,0.00033592253,0.0,-0.0235294117647059,0.0235849056603774,0.0,0.0,0.0,0.964824120603015,1.0,0.683920704845815,6.08,True,True,True,True,True,True,True,0.06080402010050223
tune-b,dep100L_m50_in_r15_t500,500,0.984924623115578,0.964824120603015,1.0,0.5227272727272727,1.56,0.8439144159943879,1.0196746121831253,3.11,0.9203791469194312,0.5728643216080402,3.24,0.97388037611,0.00033037611,0.0,-0.0235294117647059,0.0235849056603774,0.0,0.0,0.0,0.964824120603015,1.0,0.683920704845815,6.08,True,True,True,True,True,True,True,0.06080402010050223
tune-b,dep100L_m50_in_r1_t500,500,0.984924623115578,0.964824120603015,1.0,0.5227272727272727,1.56,0.783203125,1.1032917139614076,3.6,0.9203791469194312,0.5728643216080402,4.74,1.43265068812,0.00035068812,0.0,-0.0235294117647059,0.0235849056603774,0.0,0.0,0.0,0.964824120603015,1.0,0.683920704845815,6.08,True,True,True,True,True,True,True,0.06080402010050223
tune-b,dep100L_m50_in_r20_t500,500,0.984924623115578,0.964824120603015,0.9772727272727272,0.5227272727272727,1.54,0.8495762711864406,1.0132425274309498,3.08,0.9203791469194312,0.5728643216080402,3.11,0.93487788202,0.00032788202,0.0,-0.0235294117647059,0.0235849056603774,-0.0227272727272727,-0.0697674418604651,0.0,0.964824120603015,1.0,0.683920704845815,6.08,True,True,True,False,True,True,False,-1.325581395348837
tune-b,dep100L_m50_in_r30_t500,500,0.984924623115578,0.964824120603015,0.9772727272727272,0.5227272727272727,1.54,0.8568376068376068,1.0041619371925845,3.08,0.9203791469194312,0.5728643216080402,2.9,0.8694758654900001,0.00032586549,0.0,-0.0235294117647059,0.0235849056603774,-0.0227272727272727,-0.0697674418604651,0.0,0.964824120603015,1.0,0.683920704845815,6.08,True,True,True,False,True,True,False,-1.325581395348837
tune-b,dep100L_m50_in_r5_t500,500,0.984924623115578,0.964824120603015,1.0,0.5227272727272727,1.56,0.7937974265918839,1.0877790389708664,3.51,0.9203791469194312,0.5728643216080402,4.47,1.35444694929,0.00034694929,0.0,-0.0235294117647059,0.0235849056603774,0.0,0.0,0.0,0.964824120603015,1.0,0.683920704845815,6.08,True,True,True,True,True,True,True,0.06080402010050223
tune-b,dep50L_m0_i0_r10_t500,500,0.9899497487437184,0.9798994974874372,1.0,0.5227272727272727,0.85,0.6753794266441822,1.3140370790768066,3.85,0.924170616113744,0.5829145728643216,3.93,1.1693688086600005,0.00051880866,0.0150753768844221,-0.0054054054054053,0.0366492146596858,0.0,0.0,0.0,0.964824120603015,1.0,0.683920704845815,6.08,True,True,True,True,False,True,False,-0.5873524451939265
tune-b,dep50L_m0_i0_r15_t500,500,0.9899497487437184,0.9798994974874372,1.0,0.5227272727272727,0.85,0.6865714285714286,1.29209231933409,3.71,0.924170616113744,0.5829145728643216,3.57,1.05711329,0.00051329,0.0150753768844221,-0.0054054054054053,0.0366492146596858,0.0,0.0,0.0,0.964824120603015,1.0,0.683920704845815,6.08,True,True,True,True,False,True,False,-0.2142857142857113
tune-b,dep50L_m0_i0_r1_t500,500,0.9899497487437184,0.9798994974874372,1.0,0.5227272727272727,0.85,0.644927536231884,1.377601210745365,4.25,0.924170616113744,0.5829145728643216,5.07,1.51588390061,0.00053390061,0.0150753768844221,-0.0054054054054053,0.0366492146596858,0.0,0.0,0.0,0.964824120603015,1.0,0.683920704845815,6.08,True,True,True,True,False,True,False,-1.6024154589371973
tune-b,dep50L_m0_i0_r20_t500,500,0.9899497487437184,0.9798994974874372,0.9772727272727272,0.5227272727272727,0.83,0.6901206203331419,1.2860385925085132,3.69,0.924170616113744,0.5829145728643216,3.44,1.01811131949,0.00051131949,0.0150753768844221,-0.0054054054054053,0.0366492146596858,-0.0227272727272727,-0.0697674418604651,0.0,0.964824120603015,1.0,0.683920704845815,6.08,True,True,True,False,False,True,False,-1.325581395348837
tune-b,dep50L_m0_i0_r30_t500,500,0.9899497487437184,0.9798994974874372,0.9772727272727272,0.5227272727272727,0.83,0.695111368238357,1.276579644343549,3.68,0.924170616113744,0.5829145728643216,3.23,0.95270877853,0.00050877853,0.0150753768844221,-0.0054054054054053,0.0366492146596858,-0.0227272727272727,-0.0697674418604651,0.0,0.964824120603015,1.0,0.683920704845815,6.08,True,True,True,False,True,True,False,-1.325581395348837
tune-b,dep50L_m0_i0_r5_t500,500,0.9899497487437184,0.9798994974874372,1.0,0.5227272727272727,0.85,0.6524572359489547,1.3613318199016269,4.14,0.924170616113744,0.5829145728643216,4.8,1.43767999607,0.00052999607,0.0150753768844221,-0.0054054054054053,0.0366492146596858,0.0,0.0,0.0,0.964824120603015,1.0,0.683920704845815,6.08,True,True,True,True,False,True,False,-1.3514254683681763
tune-b,dep50L_m0_ia_r10_t500,500,0.9899497487437184,0.9798994974874372,0.9318181818181818,0.5227272727272727,0.84,0.7009045812664138,1.2648505486189936,3.74,0.924170616113744,0.5829145728643216,2.9,0.8498068394600001,0.00050683946,0.0150753768844221,-0.0054054054054053,0.0366492146596858,-0.0681818181818182,-0.131578947368421,-0.0175438596491228,0.964824120603015,1.0,0.683920704845815,6.08,True,True,False,False,True,True,False,-3.3859649122807
tune-b,dep50L_m0_ia_r15_t500,500,0.9899497487437184,0.9798994974874372,0.9318181818181818,0.5227272727272727,0.84,0.7021338789827536,1.2625804010594022,3.68,0.924170616113744,0.5829145728643216,2.9,0.8498055037400001,0.00050550374,0.0150753768844221,-0.0054054054054053,0.0366492146596858,-0.0681818181818182,-0.131578947368421,-0.0175438596491228,0.964824120603015,1.0,0.683920704845815,6.08,True,True,False,False,True,True,False,-3.3859649122807
tune-b,dep50L_m0_ia_r1_t500,500,0.9899497487437184,0.9798994974874372,0.9318181818181818,0.5227272727272727,0.84,0.7009045812664138,1.2648505486189936,3.74,0.924170616113744,0.5829145728643216,2.9,0.8498068394600001,0.00050683946,0.0150753768844221,-0.0054054054054053,0.0366492146596858,-0.0681818181818182,-0.131578947368421,-0.0175438596491228,0.964824120603015,1.0,0.683920704845815,6.08,True,True,False,False,True,True,False,-3.3859649122807
tune-b,dep50L_m0_ia_r20_t500,500,0.9899497487437184,0.9798994974874372,0.9318181818181818,0.5227272727272727,0.83,0.7027501462843768,1.261823685206205,3.66,0.924170616113744,0.5829145728643216,2.9,0.8498044909500001,0.00050449095,0.0150753768844221,-0.0054054054054053,0.0366492146596858,-0.0681818181818182,-0.131578947368421,-0.0175438596491228,0.964824120603015,1.0,0.683920704845815,6.08,True,True,False,False,True,True,False,-3.3859649122807
tune-b,dep50L_m0_ia_r30_t500,500,0.9899497487437184,0.9798994974874372,0.9318181818181818,0.5227272727272727,0.83,0.7027501462843768,1.261823685206205,3.66,0.924170616113744,0.5829145728643216,2.9,0.8498044909500001,0.00050449095,0.0150753768844221,-0.0054054054054053,0.0366492146596858,-0.0681818181818182,-0.131578947368421,-0.0175438596491228,0.964824120603015,1.0,0.683920704845815,6.08,True,True,False,False,True,True,False,-3.3859649122807
tune-b,dep50L_m0_ia_r5_t500,500,0.9899497487437184,0.9798994974874372,0.9318181818181818,0.5227272727272727,0.84,0.7009045812664138,1.2648505486189936,3.74,0.924170616113744,0.5829145728643216,2.9,0.8498068394600001,0.00050683946,0.0150753768844221,-0.0054054054054053,0.0366492146596858,-0.0681818181818182,-0.131578947368421,-0.0175438596491228,0.964824120603015,1.0,0.683920704845815,6.08,True,True,False,False,True,True,False,-3.3859649122807
tune-b,dep50L_m0_in_r10_t500,500,0.9899497487437184,0.9798994974874372,1.0,0.5227272727272727,0.85,0.6756680731364275,1.312902005297011,3.82,0.924170616113744,0.5829145728643216,3.93,1.1693678064500002,0.00051780645,0.0150753768844221,-0.0054054054054053,0.0366492146596858,0.0,0.0,0.0,0.964824120603015,1.0,0.683920704845815,6.08,True,True,True,True,False,True,False,-0.5777308954524145
tune-b,dep50L_m0_in_r15_t500,500,0.9899497487437184,0.9798994974874372,1.0,0.5227272727272727,0.85,0.6866781017724414,1.291335603480893,3.69,0.924170616113744,0.5829145728643216,3.57,1.05711237165,0.00051237165,0.0150753768844221,-0.0054054054054053,0.0366492146596858,0.0,0.0,0.0,0.964824120603015,1.0,0.683920704845815,6.08,True,True,True,True,False,True,False,-0.21072994091861919
tune-b,dep50L_m0_in_r1_t500,500,0.9899497487437184,0.9798994974874372,1.0,0.5227272727272727,0.85,0.6458725463834364,1.3749527052591752,4.18,0.924170616113744,0.5829145728643216,5.07,1.51588257656,0.00053257656,0.0150753768844221,-0.0054054054054053,0.0366492146596858,0.0,0.0,0.0,0.964824120603015,1.0,0.683920704845815,6.08,True,True,True,True,False,True,False,-1.5709151205521188
tune-b,dep50L_m0_in_r20_t500,500,0.9899497487437184,0.9798994974874372,0.9772727272727272,0.5227272727272727,0.83,0.6904282839896522,1.2849035187287174,3.66,0.924170616113744,0.5829145728643216,3.44,1.01810987754,0.00050987754,0.0150753768844221,-0.0054054054054053,0.0366492146596858,-0.0227272727272727,-0.0697674418604651,0.0,0.964824120603015,1.0,0.683920704845815,6.08,True,True,True,False,False,True,False,-1.325581395348837
tune-b,dep50L_m0_in_r30_t500,500,0.9899497487437184,0.9798994974874372,0.9772727272727272,0.5227272727272727,0.83,0.6952243125904486,1.275822928490352,3.66,0.924170616113744,0.5829145728643216,3.23,0.95270786021,0.00050786021,0.0150753768844221,-0.0054054054054053,0.0366492146596858,-0.0227272727272727,-0.0697674418604651,0.0,0.964824120603015,1.0,0.683920704845815,6.08,True,True,True,False,True,True,False,-1.325581395348837
tune-b,dep50L_m0_in_r5_t500,500,0.9899497487437184,0.9798994974874372,1.0,0.5227272727272727,0.85,0.6530723219140837,1.359440030268634,4.09,0.924170616113744,0.5829145728643216,4.8,1.43767883772,0.00052883772,0.0150753768844221,-0.0054054054054053,0.0366492146596858,0.0,0.0,0.0,0.964824120603015,1.0,0.683920704845815,6.08,True,True,True,True,False,True,False,-1.3309226028638748
tune-b,dep50L_m10_i0_r10_t500,500,0.9899497487437184,0.9798994974874372,1.0,0.5227272727272727,0.83,0.7578338910860968,1.2122587968217935,3.64,0.923222748815166,0.5778894472361809,3.77,1.13146764728,0.00041764728,0.0150753768844221,-0.0054054054054053,0.0366492146596858,0.0,0.0,0.0,0.964824120603015,1.0,0.683920704845815,6.08,True,True,True,True,True,True,True,0.5633165829145748
tune-b,dep50L_m10_i0_r15_t500,500,0.9899497487437184,0.9798994974874372,1.0,0.5227272727272727,0.83,0.7714462681944875,1.1903140370790768,3.5,0.923222748815166,0.5778894472361809,3.41,1.01921201425,0.00041201425,0.0150753768844221,-0.0054054054054053,0.0366492146596858,0.0,0.0,0.0,0.964824120603015,1.0,0.683920704845815,6.08,True,True,True,True,True,True,True,0.5633165829145748
tune-b,dep50L_m10_i0_r1_t500,500,0.9899497487437184,0.9798994974874372,1.0,0.5227272727272727,0.83,0.7209840810419682,1.275822928490352,4.04,0.923222748815166,0.5778894472361809,4.91,1.47798273469,0.00043273469,0.0150753768844221,-0.0054054054054053,0.0366492146596858,0.0,0.0,0.0,0.964824120603015,1.0,0.683920704845815,6.08,True,True,True,True,True,True,True,0.5633165829145748
tune-b,dep50L_m10_i0_r20_t500,500,0.9899497487437184,0.9798994974874372,0.9772727272727272,0.5227272727272727,0.81,0.7757707879165369,1.1842603102535,3.48,0.923222748815166,0.5778894472361809,3.28,0.98021004376,0.00041004376,0.0150753768844221,-0.0054054054054053,0.0366492146596858,-0.0227272727272727,-0.0697674418604651,0.0,0.964824120603015,1.0,0.683920704845815,6.08,True,True,True,False,True,True,False,-1.325581395348837
tune-b,dep50L_m10_i0_r30_t500,500,0.9899497487437184,0.9798994974874372,0.9772727272727272,0.5227272727272727,0.81,0.7818581293157565,1.1748013620885358,3.47,0.923222748815166,0.5778894472361809,3.07,0.91480750365,0.00040750365,0.0150753768844221,-0.0054054054054053,0.0366492146596858,-0.0227272727272727,-0.0697674418604651,0.0,0.964824120603015,1.0,0.683920704845815,6.08,True,True,True,False,True,True,False,-1.325581395348837
tune-b,dep50L_m10_i0_r5_t500,500,0.9899497487437184,0.9798994974874372,1.0,0.5227272727272727,0.83,0.7300703399765534,1.2595535376466136,3.93,0.923222748815166,0.5778894472361809,4.64,1.3997788301600005,0.00042883016,0.0150753768844221,-0.0054054054054053,0.0366492146596858,0.0,0.0,0.0,0.964824120603015,1.0,0.683920704845815,6.08,True,True,True,True,True,True,True,0.5633165829145748
tune-b,dep50L_m10_ia_r10_t500,500,0.9899497487437184,0.9798994974874372,0.9318181818181818,0.5227272727272727,0.82,0.7889733840304183,1.1630722663639803,3.53,0.923222748815166,0.5778894472361809,2.74,0.8119060123200001,0.00040601232,0.0150753768844221,-0.0054054054054053,0.0366492146596858,-0.0681818181818182,-0.131578947368421,-0.0175438596491228,0.964824120603015,1.0,0.683920704845815,6.08,True,True,False,False,True,True,False,-3.3859649122807
tune-b,dep50L_m10_ia_r15_t500,500,0.9899497487437184,0.9798994974874372,0.9318181818181818,0.5227272727272727,0.82,0.7904761904761904,1.1608021188043889,3.47,0.923222748815166,0.5778894472361809,2.74,0.8119046765900001,0.00040467659,0.0150753768844221,-0.0054054054054053,0.0366492146596858,-0.0681818181818182,-0.131578947368421,-0.0175438596491228,0.964824120603015,1.0,0.683920704845815,6.08,True,True,False,False,True,True,False,-3.3859649122807
tune-b,dep50L_m10_ia_r1_t500,500,0.9899497487437184,0.9798994974874372,0.9318181818181818,0.5227272727272727,0.82,0.7889733840304183,1.1630722663639803,3.53,0.923222748815166,0.5778894472361809,2.74,0.8119060123200001,0.00040601232,0.0150753768844221,-0.0054054054054053,0.0366492146596858,-0.0681818181818182,-0.131578947368421,-0.0175438596491228,0.964824120603015,1.0,0.683920704845815,6.08,True,True,False,False,True,True,False,-3.3859649122807
tune-b,dep50L_m10_ia_r20_t500,500,0.9899497487437184,0.9798994974874372,0.9318181818181818,0.5227272727272727,0.81,0.7912297426120114,1.1600454029511915,3.45,0.923222748815166,0.5778894472361809,2.74,0.8119036638,0.0004036638,0.0150753768844221,-0.0054054054054053,0.0366492146596858,-0.0681818181818182,-0.131578947368421,-0.0175438596491228,0.964824120603015,1.0,0.683920704845815,6.08,True,True,False,False,True,True,False,-3.3859649122807
tune-b,dep50L_m10_ia_r30_t500,500,0.9899497487437184,0.9798994974874372,0.9318181818181818,0.5227272727272727,0.81,0.7912297426120114,1.1600454029511915,3.45,0.923222748815166,0.5778894472361809,2.74,0.8119036638,0.0004036638,0.0150753768844221,-0.0054054054054053,0.0366492146596858,-0.0681818181818182,-0.131578947368421,-0.0175438596491228,0.964824120603015,1.0,0.683920704845815,6.08,True,True,False,False,True,True,False,-3.3859649122807
tune-b,dep50L_m10_ia_r5_t500,500,0.9899497487437184,0.9798994974874372,0.9318181818181818,0.5227272727272727,0.82,0.7889733840304183,1.1630722663639803,3.53,0.923222748815166,0.5778894472361809,2.74,0.8119060123200001,0.00040601232,0.0150753768844221,-0.0054054054054053,0.0366492146596858,-0.0681818181818182,-0.131578947368421,-0.0175438596491228,0.964824120603015,1.0,0.683920704845815,6.08,True,True,False,False,True,True,False,-3.3859649122807
tune-b,dep50L_m10_in_r10_t500,500,0.9899497487437184,0.9798994974874372,1.0,0.5227272727272727,0.83,0.7582216808769793,1.2111237230419978,3.61,0.923222748815166,0.5778894472361809,3.77,1.1314666424400002,0.00041664244,0.0150753768844221,-0.0054054054054053,0.0366492146596858,0.0,0.0,0.0,0.964824120603015,1.0,0.683920704845815,6.08,True,True,True,True,True,True,True,0.5633165829145748
tune-b,dep50L_m10_in_r15_t500,500,0.9899497487437184,0.9798994974874372,1.0,0.5227272727272727,0.83,0.7716145026340254,1.1895573212258796,3.48,0.923222748815166,0.5778894472361809,3.41,1.01921109329,0.00041109329,0.0150753768844221,-0.0054054054054053,0.0366492146596858,0.0,0.0,0.0,0.964824120603015,1.0,0.683920704845815,6.08,True,True,True,True,True,True,True,0.5633165829145748
tune-b,dep50L_m10_in_r1_t500,500,0.9899497487437184,0.9798994974874372,1.0,0.5227272727272727,0.83,0.7221577726218097,1.273174423004162,3.97,0.923222748815166,0.5778894472361809,4.91,1.47798140799,0.00043140799,0.0150753768844221,-0.0054054054054053,0.0366492146596858,0.0,0.0,0.0,0.964824120603015,1.0,0.683920704845815,6.08,True,True,True,True,True,True,True,0.5633165829145748
tune-b,dep50L_m10_in_r20_t500,500,0.9899497487437184,0.9798994974874372,0.9772727272727272,0.5227272727272727,0.81,0.7761845386533666,1.1831252364737042,3.45,0.923222748815166,0.5778894472361809,3.28,0.98020859916,0.00040859916,0.0150753768844221,-0.0054054054054053,0.0366492146596858,-0.0227272727272727,-0.0697674418604651,0.0,0.964824120603015,1.0,0.683920704845815,6.08,True,True,True,False,True,True,False,-1.325581395348837
tune-b,dep50L_m10_in_r30_t500,500,0.9899497487437184,0.9798994974874372,0.9772727272727272,0.5227272727272727,0.81,0.782035175879397,1.1740446462353389,3.45,0.923222748815166,0.5778894472361809,3.07,0.91480658266,0.00040658266,0.0150753768844221,-0.0054054054054053,0.0366492146596858,-0.0227272727272727,-0.0697674418604651,0.0,0.964824120603015,1.0,0.683920704845815,6.08,True,True,True,False,True,True,False,-1.325581395348837
tune-b,dep50L_m10_in_r5_t500,500,0.9899497487437184,0.9798994974874372,1.0,0.5227272727272727,0.83,0.7308482535955386,1.257661748013621,3.88,0.923222748815166,0.5778894472361809,4.64,1.39977766918,0.00042766918,0.0150753768844221,-0.0054054054054053,0.0366492146596858,0.0,0.0,0.0,0.964824120603015,1.0,0.683920704845815,6.08,True,True,True,True,True,True,True,0.5633165829145748
tune-b,dep50L_m20_i0_r10_t500,500,0.9899497487437184,0.9748743718592964,1.0,0.5227272727272727,0.9,0.792590246991767,1.1608021188043889,3.58,0.9218009478672986,0.5778894472361809,3.69,1.1128820136500002,0.00038201365,0.0100502512562814,-0.0132450331125827,0.0331491712707182,0.0,0.0,0.0,0.964824120603015,1.0,0.683920704845815,6.08,True,True,True,True,True,True,True,0.3958123953098802
tune-b,dep50L_m20_i0_r15_t500,500,0.9899497487437184,0.9748743718592964,1.0,0.5227272727272727,0.9,0.8074193548387096,1.1388573590616724,3.44,0.9218009478672986,0.5778894472361809,3.33,1.00062638061,0.00037638061,0.0100502512562814,-0.0132450331125827,0.0331491712707182,0.0,0.0,0.0,0.964824120603015,1.0,0.683920704845815,6.08,True,True,True,True,True,True,True,0.3958123953098802
tune-b,dep50L_m20_i0_r1_t500,500,0.9899497487437184,0.9748743718592964,1.0,0.5227272727272727,0.9,0.7525556223692123,1.2243662504729471,3.98,0.9218009478672986,0.5778894472361809,4.83,1.4593971009700002,0.00039710097,0.0100502512562814,-0.0132450331125827,0.0331491712707182,0.0,0.0,0.0,0.964824120603015,1.0,0.683920704845815,6.08,True,True,True,True,True,True,True,0.3958123953098802
tune-b,dep50L_m20_i0_r20_t500,500,0.9899497487437184,0.9748743718592964,0.9772727272727272,0.5227272727272727,0.88,0.8121349772874756,1.1328036322360953,3.42,0.9218009478672986,0.5778894472361809,3.2,0.9616244101,0.0003744101,0.0100502512562814,-0.0132450331125827,0.0331491712707182,-0.0227272727272727,-0.0697674418604651,0.0,0.964824120603015,1.0,0.683920704845815,6.08,True,True,True,False,True,True,False,-1.325581395348837
tune-b,dep50L_m20_i0_r30_t500,500,0.9899497487437184,0.9748743718592964,0.9772727272727272,0.5227272727272727,0.88,0.8187765783447825,1.1233446840711312,3.41,0.9218009478672986,0.5778894472361809,2.99,0.8962218699700001,0.00037186997,0.0100502512562814,-0.0132450331125827,0.0331491712707182,-0.0227272727272727,-0.0697674418604651,0.0,0.964824120603015,1.0,0.683920704845815,6.08,True,True,True,False,True,True,False,-1.325581395348837
tune-b,dep50L_m20_i0_r5_t500,500,0.9899497487437184,0.9748743718592964,1.0,0.5227272727272727,0.9,0.7624124276576302,1.2080968596292092,3.87,0.9218009478672986,0.5778894472361809,4.56,1.3811931964300002,0.00039319643,0.0100502512562814,-0.0132450331125827,0.0331491712707182,0.0,0.0,0.0,0.964824120603015,1.0,0.683920704845815,6.08,True,True,True,True,True,True,True,0.3958123953098802
tune-b,dep50L_m20_ia_r10_t500,500,0.9899497487437184,0.9748743718592964,0.9318181818181818,0.5227272727272727,0.89,0.8265609514370664,1.111615588346576,3.47,0.9218009478672986,0.5778894472361809,2.66,0.79332037815,0.00037037815,0.0100502512562814,-0.0132450331125827,0.0331491712707182,-0.0681818181818182,-0.131578947368421,-0.0175438596491228,0.964824120603015,1.0,0.683920704845815,6.08,True,True,False,False,True,True,False,-3.3859649122807
tune-b,dep50L_m20_ia_r15_t500,500,0.9899497487437184,0.9748743718592964,0.9318181818181818,0.5227272727272727,0.89,0.8282025819265144,1.1093454407869845,3.41,0.9218009478672986,0.5778894472361809,2.66,0.7933190424100001,0.00036904241,0.0100502512562814,-0.0132450331125827,0.0331491712707182,-0.0681818181818182,-0.131578947368421,-0.0175438596491228,0.964824120603015,1.0,0.683920704845815,6.08,True,True,False,False,True,True,False,-3.3859649122807
tune-b,dep50L_m20_ia_r1_t500,500,0.9899497487437184,0.9748743718592964,0.9318181818181818,0.5227272727272727,0.89,0.8265609514370664,1.111615588346576,3.47,0.9218009478672986,0.5778894472361809,2.66,0.79332037815,0.00037037815,0.0100502512562814,-0.0132450331125827,0.0331491712707182,-0.0681818181818182,-0.131578947368421,-0.0175438596491228,0.964824120603015,1.0,0.683920704845815,6.08,True,True,False,False,True,True,False,-3.3859649122807
tune-b,dep50L_m20_ia_r20_t500,500,0.9899497487437184,0.9748743718592964,0.9318181818181818,0.5227272727272727,0.88,0.8290258449304175,1.1085887249337874,3.39,0.9218009478672986,0.5778894472361809,2.66,0.7933180296200001,0.00036802962,0.0100502512562814,-0.0132450331125827,0.0331491712707182,-0.0681818181818182,-0.131578947368421,-0.0175438596491228,0.964824120603015,1.0,0.683920704845815,6.08,True,True,False,False,True,True,False,-3.3859649122807
tune-b,dep50L_m20_ia_r30_t500,500,0.9899497487437184,0.9748743718592964,0.9318181818181818,0.5227272727272727,0.88,0.8290258449304175,1.1085887249337874,3.39,0.9218009478672986,0.5778894472361809,2.66,0.7933180296200001,0.00036802962,0.0100502512562814,-0.0132450331125827,0.0331491712707182,-0.0681818181818182,-0.131578947368421,-0.0175438596491228,0.964824120603015,1.0,0.683920704845815,6.08,True,True,False,False,True,True,False,-3.3859649122807
tune-b,dep50L_m20_ia_r5_t500,500,0.9899497487437184,0.9748743718592964,0.9318181818181818,0.5227272727272727,0.89,0.8265609514370664,1.111615588346576,3.47,0.9218009478672986,0.5778894472361809,2.66,0.79332037815,0.00037037815,0.0100502512562814,-0.0132450331125827,0.0331491712707182,-0.0681818181818182,-0.131578947368421,-0.0175438596491228,0.964824120603015,1.0,0.683920704845815,6.08,True,True,False,False,True,True,False,-3.3859649122807
tune-b,dep50L_m20_in_r10_t500,500,0.9899497487437184,0.9748743718592964,1.0,0.5227272727272727,0.9,0.793026941362916,1.1596670450245932,3.55,0.9218009478672986,0.5778894472361809,3.69,1.11288100879,0.00038100879,0.0100502512562814,-0.0132450331125827,0.0331491712707182,0.0,0.0,0.0,0.964824120603015,1.0,0.683920704845815,6.08,True,True,True,True,True,True,True,0.3958123953098802
tune-b,dep50L_m20_in_r15_t500,500,0.9899497487437184,0.9748743718592964,1.0,0.5227272727272727,0.9,0.8076178179470627,1.1381006432084753,3.42,0.9218009478672986,0.5778894472361809,3.33,1.0006254596100002,0.00037545961,0.0100502512562814,-0.0132450331125827,0.0331491712707182,0.0,0.0,0.0,0.964824120603015,1.0,0.683920704845815,6.08,True,True,True,True,True,True,True,0.3958123953098802
tune-b,dep50L_m20_in_r1_t500,500,0.9899497487437184,0.9748743718592964,1.0,0.5227272727272727,0.9,0.7538415185296776,1.2217177449867576,3.91,0.9218009478672986,0.5778894472361809,4.83,1.45939577428,0.00039577428,0.0100502512562814,-0.0132450331125827,0.0331491712707182,0.0,0.0,0.0,0.964824120603015,1.0,0.683920704845815,6.08,True,True,True,True,True,True,True,0.3958123953098802
tune-b,dep50L_m20_in_r20_t500,500,0.9899497487437184,0.9748743718592964,0.9772727272727272,0.5227272727272727,0.88,0.8126014939915557,1.1316685584562998,3.39,0.9218009478672986,0.5778894472361809,3.2,0.9616229655,0.0003729655,0.0100502512562814,-0.0132450331125827,0.0331491712707182,-0.0227272727272727,-0.0697674418604651,0.0,0.964824120603015,1.0,0.683920704845815,6.08,True,True,True,False,True,True,False,-1.325581395348837
tune-b,dep50L_m20_in_r30_t500,500,0.9899497487437184,0.9748743718592964,0.9772727272727272,0.5227272727272727,0.88,0.8189852700490998,1.1225879682179345,3.39,0.9218009478672986,0.5778894472361809,2.99,0.89622094899,0.00037094899,0.0100502512562814,-0.0132450331125827,0.0331491712707182,-0.0227272727272727,-0.0697674418604651,0.0,0.964824120603015,1.0,0.683920704845815,6.08,True,True,True,False,True,True,False,-1.325581395348837
tune-b,dep50L_m20_in_r5_t500,500,0.9899497487437184,0.9748743718592964,1.0,0.5227272727272727,0.9,0.7632702867602197,1.2062050699962164,3.82,0.9218009478672986,0.5778894472361809,4.56,1.3811920354300002,0.00039203543,0.0100502512562814,-0.0132450331125827,0.0331491712707182,0.0,0.0,0.0,0.964824120603015,1.0,0.683920704845815,6.08,True,True,True,True,True,True,True,0.3958123953098802
tune-b,dep50L_m30_i0_r10_t500,500,0.984924623115578,0.9698492462311558,1.0,0.5227272727272727,0.9,0.8101182654402103,1.1176693151721528,3.48,0.9222748815165877,0.5728643216080402,3.61,1.08851124565,0.00036124565,0.0050251256281407,-0.02,0.0301507537688442,0.0,0.0,0.0,0.964824120603015,1.0,0.683920704845815,6.08,True,True,True,True,True,True,True,0.22830820770519308
tune-b,dep50L_m30_i0_r15_t500,500,0.984924623115578,0.9698492462311558,1.0,0.5227272727272727,0.9,0.825853985264568,1.095724555429436,3.34,0.9222748815165877,0.5728643216080402,3.25,0.97625561272,0.00035561272,0.0050251256281407,-0.02,0.0301507537688442,0.0,0.0,0.0,0.964824120603015,1.0,0.683920704845815,6.08,True,True,True,True,True,True,True,0.22830820770519308
tune-b,dep50L_m30_i0_r1_t500,500,0.984924623115578,0.9698492462311558,1.0,0.5227272727272727,0.9,0.7677459526774595,1.1812334468407113,3.88,0.9222748815165877,0.5728643216080402,4.75,1.4350263330300002,0.00037633303,0.0050251256281407,-0.02,0.0301507537688442,0.0,0.0,0.0,0.964824120603015,1.0,0.683920704845815,6.08,True,True,True,True,True,True,True,0.22830820770519308
tune-b,dep50L_m30_i0_r20_t500,500,0.984924623115578,0.9698492462311558,0.9772727272727272,0.5227272727272727,0.88,0.8308625336927223,1.0896708286038592,3.32,0.9222748815165877,0.5728643216080402,3.12,0.93725364221,0.00035364221,0.0050251256281407,-0.02,0.0301507537688442,-0.0227272727272727,-0.0697674418604651,0.0,0.964824120603015,1.0,0.683920704845815,6.08,True,True,True,False,True,True,False,-1.325581395348837
tune-b,dep50L_m30_i0_r30_t500,500,0.984924623115578,0.9698492462311558,0.9772727272727272,0.5227272727272727,0.88,0.8379204892966361,1.0802118804388952,3.31,0.9222748815165877,0.5728643216080402,2.91,0.87185110206,0.00035110206,0.0050251256281407,-0.02,0.0301507537688442,-0.0227272727272727,-0.0697674418604651,0.0,0.964824120603015,1.0,0.683920704845815,6.08,True,True,True,False,True,True,False,-1.325581395348837
tune-b,dep50L_m30_i0_r5_t500,500,0.984924623115578,0.9698492462311558,1.0,0.5227272727272727,0.9,0.77816345850426,1.1649640559969732,3.77,0.9222748815165877,0.5728643216080402,4.48,1.35682242851,0.00037242851,0.0050251256281407,-0.02,0.0301507537688442,0.0,0.0,0.0,0.964824120603015,1.0,0.683920704845815,6.08,True,True,True,True,True,True,True,0.22830820770519308
tune-b,dep50L_m30_ia_r10_t500,500,0.984924623115578,0.9698492462311558,0.9318181818181818,0.5227272727272727,0.89,0.8462066598008926,1.0684827847143397,3.37,0.9222748815165877,0.5728643216080402,2.58,0.7689496102200001,0.0003496102199999,0.0050251256281407,-0.02,0.0301507537688442,-0.0681818181818182,-0.131578947368421,-0.0175438596491228,0.964824120603015,1.0,0.683920704845815,6.08,True,True,False,False,True,True,False,-3.3859649122807
tune-b,dep50L_m30_ia_r15_t500,500,0.984924623115578,0.9698492462311558,0.9318181818181818,0.5227272727272727,0.89,0.847953216374269,1.0662126371547485,3.31,0.9222748815165877,0.5728643216080402,2.58,0.76894827451,0.00034827451,0.0050251256281407,-0.02,0.0301507537688442,-0.0681818181818182,-0.131578947368421,-0.0175438596491228,0.964824120603015,1.0,0.683920704845815,6.08,True,True,False,False,True,True,False,-3.3859649122807
tune-b,dep50L_m30_ia_r1_t500,500,0.984924623115578,0.9698492462311558,0.9318181818181818,0.5227272727272727,0.89,0.8462066598008926,1.0684827847143397,3.37,0.9222748815165877,0.5728643216080402,2.58,0.7689496102200001,0.0003496102199999,0.0050251256281407,-0.02,0.0301507537688442,-0.0681818181818182,-0.131578947368421,-0.0175438596491228,0.964824120603015,1.0,0.683920704845815,6.08,True,True,False,False,True,True,False,-3.3859649122807
tune-b,dep50L_m30_ia_r20_t500,500,0.984924623115578,0.9698492462311558,0.9318181818181818,0.5227272727272727,0.88,0.8488292011019284,1.065455921301551,3.29,0.9222748815165877,0.5728643216080402,2.58,0.76894726172,0.00034726172,0.0050251256281407,-0.02,0.0301507537688442,-0.0681818181818182,-0.131578947368421,-0.0175438596491228,0.964824120603015,1.0,0.683920704845815,6.08,True,True,False,False,True,True,False,-3.3859649122807
tune-b,dep50L_m30_ia_r30_t500,500,0.984924623115578,0.9698492462311558,0.9318181818181818,0.5227272727272727,0.88,0.8488292011019284,1.065455921301551,3.29,0.9222748815165877,0.5728643216080402,2.58,0.76894726172,0.00034726172,0.0050251256281407,-0.02,0.0301507537688442,-0.0681818181818182,-0.131578947368421,-0.0175438596491228,0.964824120603015,1.0,0.683920704845815,6.08,True,True,False,False,True,True,False,-3.3859649122807
tune-b,dep50L_m30_ia_r5_t500,500,0.984924623115578,0.9698492462311558,0.9318181818181818,0.5227272727272727,0.89,0.8462066598008926,1.0684827847143397,3.37,0.9222748815165877,0.5728643216080402,2.58,0.7689496102200001,0.0003496102199999,0.0050251256281407,-0.02,0.0301507537688442,-0.0681818181818182,-0.131578947368421,-0.0175438596491228,0.964824120603015,1.0,0.683920704845815,6.08,True,True,False,False,True,True,False,-3.3859649122807
tune-b,dep50L_m30_in_r10_t500,500,0.984924623115578,0.9698492462311558,1.0,0.5227272727272727,0.9,0.8105886221637619,1.1165342413923571,3.45,0.9222748815165877,0.5728643216080402,3.61,1.0885102408,0.0003602408,0.0050251256281407,-0.02,0.0301507537688442,0.0,0.0,0.0,0.964824120603015,1.0,0.683920704845815,6.08,True,True,True,True,True,True,True,0.22830820770519308
tune-b,dep50L_m30_in_r15_t500,500,0.984924623115578,0.9698492462311558,1.0,0.5227272727272727,0.9,0.8260723860589813,1.0949678395762392,3.32,0.9222748815165877,0.5728643216080402,3.25,0.97625469173,0.00035469173,0.0050251256281407,-0.02,0.0301507537688442,0.0,0.0,0.0,0.964824120603015,1.0,0.683920704845815,6.08,True,True,True,True,True,True,True,0.22830820770519308
tune-b,dep50L_m30_in_r1_t500,500,0.984924623115578,0.9698492462311558,1.0,0.5227272727272727,0.9,0.7691107644305772,1.1785849413545213,3.81,0.9222748815165877,0.5728643216080402,4.75,1.43502500633,0.00037500633,0.0050251256281407,-0.02,0.0301507537688442,0.0,0.0,0.0,0.964824120603015,1.0,0.683920704845815,6.08,True,True,True,True,True,True,True,0.22830820770519308
tune-b,dep50L_m30_in_r20_t500,500,0.984924623115578,0.9698492462311558,0.9772727272727272,0.5227272727272727,0.88,0.8313659359190556,1.0885357548240635,3.29,0.9222748815165877,0.5728643216080402,3.12,0.9372521976,0.0003521976,0.0050251256281407,-0.02,0.0301507537688442,-0.0227272727272727,-0.0697674418604651,0.0,0.964824120603015,1.0,0.683920704845815,6.08,True,True,True,False,True,True,False,-1.325581395348837
tune-b,dep50L_m30_in_r30_t500,500,0.984924623115578,0.9698492462311558,0.9772727272727272,0.5227272727272727,0.88,0.838150289017341,1.079455164585698,3.29,0.9222748815165877,0.5728643216080402,2.91,0.87185018106,0.00035018106,0.0050251256281407,-0.02,0.0301507537688442,-0.0227272727272727,-0.0697674418604651,0.0,0.964824120603015,1.0,0.683920704845815,6.08,True,True,True,False,True,True,False,-1.325581395348837
tune-b,dep50L_m30_in_r5_t500,500,0.984924623115578,0.9698492462311558,1.0,0.5227272727272727,0.9,0.7790771175726928,1.1630722663639803,3.72,0.9222748815165877,0.5728643216080402,4.48,1.35682126752,0.00037126752,0.0050251256281407,-0.02,0.0301507537688442,0.0,0.0,0.0,0.964824120603015,1.0,0.683920704845815,6.08,True,True,True,True,True,True,True,0.22830820770519308
tune-b,dep50L_m50_i0_r10_t500,500,0.984924623115578,0.9698492462311558,1.0,0.5227272727272727,0.9,0.8460189407225535,1.0446462353386303,3.31,0.9208530805687204,0.5728643216080402,3.59,1.08398086118,0.00033086118,0.0050251256281407,-0.02,0.0301507537688442,0.0,0.0,0.0,0.964824120603015,1.0,0.683920704845815,6.08,True,True,True,True,True,True,True,0.22830820770519308
tune-b,dep50L_m50_i0_r15_t500,500,0.984924623115578,0.9698492462311558,1.0,0.5227272727272727,0.9,0.8635875402792696,1.0227014755959138,3.17,0.9208530805687204,0.5728643216080402,3.23,0.97172522816,0.00032522816,0.0050251256281407,-0.02,0.0301507537688442,0.0,0.0,0.0,0.964824120603015,1.0,0.683920704845815,6.08,True,True,True,True,True,True,True,0.22830820770519308
tune-b,dep50L_m50_i0_r1_t500,500,0.984924623115578,0.9698492462311558,1.0,0.5227272727272727,0.9,0.7989400463729712,1.1082103670071888,3.71,0.9208530805687204,0.5728643216080402,4.73,1.43049594855,0.00034594855,0.0050251256281407,-0.02,0.0301507537688442,0.0,0.0,0.0,0.964824120603015,1.0,0.683920704845815,6.08,True,True,True,True,True,True,True,0.22830820770519308
tune-b,dep50L_m50_i0_r20_t500,500,0.984924623115578,0.9698492462311558,0.9772727272727272,0.5227272727272727,0.88,0.8691891891891892,1.0166477487703367,3.15,0.9208530805687204,0.5728643216080402,3.1,0.93272325766,0.00032325766,0.0050251256281407,-0.02,0.0301507537688442,-0.0227272727272727,-0.0697674418604651,0.0,0.964824120603015,1.0,0.683920704845815,6.08,True,True,True,False,True,True,False,-1.325581395348837
tune-b,dep50L_m50_i0_r30_t500,500,0.984924623115578,0.9698492462311558,0.9772727272727272,0.5227272727272727,0.88,0.8770909090909091,1.0071888006053726,3.14,0.9208530805687204,0.5728643216080402,2.89,0.8673207175100001,0.00032071751,0.0050251256281407,-0.02,0.0301507537688442,-0.0227272727272727,-0.0697674418604651,0.0,0.964824120603015,1.0,0.683920704845815,6.08,True,True,True,False,True,True,False,-1.325581395348837
tune-b,dep50L_m50_i0_r5_t500,500,0.984924623115578,0.9698492462311558,1.0,0.5227272727272727,0.9,0.8104838709677419,1.0919409761634506,3.6,0.9208530805687204,0.5728643216080402,4.46,1.35229204403,0.00034204403,0.0050251256281407,-0.02,0.0301507537688442,0.0,0.0,0.0,0.964824120603015,1.0,0.683920704845815,6.08,True,True,True,True,True,True,True,0.22830820770519308
tune-b,dep50L_m50_ia_r10_t500,500,0.984924623115578,0.9698492462311558,0.9318181818181818,0.5227272727272727,0.89,0.8863970588235294,0.9954597048808173,3.2,0.9208530805687204,0.5728643216080402,2.56,0.7644192260700001,0.00031922607,0.0050251256281407,-0.02,0.0301507537688442,-0.0681818181818182,-0.131578947368421,-0.0175438596491228,0.964824120603015,1.0,0.683920704845815,6.08,True,True,False,False,True,True,False,-3.3859649122807
tune-b,dep50L_m50_ia_r15_t500,500,0.984924623115578,0.9698492462311558,0.9318181818181818,0.5227272727272727,0.89,0.8883566691230655,0.9931895573212258,3.14,0.9208530805687204,0.5728643216080402,2.56,0.7644178903400001,0.00031789034,0.0050251256281407,-0.02,0.0301507537688442,-0.0681818181818182,-0.131578947368421,-0.0175438596491228,0.964824120603015,1.0,0.683920704845815,6.08,True,True,False,False,True,True,False,-3.3859649122807
tune-b,dep50L_m50_ia_r1_t500,500,0.984924623115578,0.9698492462311558,0.9318181818181818,0.5227272727272727,0.89,0.8863970588235294,0.9954597048808173,3.2,0.9208530805687204,0.5728643216080402,2.56,0.7644192260700001,0.00031922607,0.0050251256281407,-0.02,0.0301507537688442,-0.0681818181818182,-0.131578947368421,-0.0175438596491228,0.964824120603015,1.0,0.683920704845815,6.08,True,True,False,False,True,True,False,-3.3859649122807
tune-b,dep50L_m50_ia_r20_t500,500,0.984924623115578,0.9698492462311558,0.9318181818181818,0.5227272727272727,0.88,0.8893397270379934,0.9924328414680288,3.12,0.9208530805687204,0.5728643216080402,2.56,0.76441687755,0.00031687755,0.0050251256281407,-0.02,0.0301507537688442,-0.0681818181818182,-0.131578947368421,-0.0175438596491228,0.964824120603015,1.0,0.683920704845815,6.08,True,True,False,False,True,True,False,-3.3859649122807
tune-b,dep50L_m50_ia_r30_t500,500,0.984924623115578,0.9698492462311558,0.9318181818181818,0.5227272727272727,0.88,0.8893397270379934,0.9924328414680288,3.12,0.9208530805687204,0.5728643216080402,2.56,0.76441687755,0.00031687755,0.0050251256281407,-0.02,0.0301507537688442,-0.0681818181818182,-0.131578947368421,-0.0175438596491228,0.964824120603015,1.0,0.683920704845815,6.08,True,True,False,False,True,True,False,-3.3859649122807
tune-b,dep50L_m50_ia_r5_t500,500,0.984924623115578,0.9698492462311558,0.9318181818181818,0.5227272727272727,0.89,0.8863970588235294,0.9954597048808173,3.2,0.9208530805687204,0.5728643216080402,2.56,0.7644192260700001,0.00031922607,0.0050251256281407,-0.02,0.0301507537688442,-0.0681818181818182,-0.131578947368421,-0.0175438596491228,0.964824120603015,1.0,0.683920704845815,6.08,True,True,False,False,True,True,False,-3.3859649122807
tune-b,dep50L_m50_in_r10_t500,500,0.984924623115578,0.9698492462311558,1.0,0.5227272727272727,0.9,0.8465589887640449,1.0435111615588346,3.28,0.9208530805687204,0.5728643216080402,3.59,1.08397985631,0.00032985631,0.0050251256281407,-0.02,0.0301507537688442,0.0,0.0,0.0,0.964824120603015,1.0,0.683920704845815,6.08,True,True,True,True,True,True,True,0.22830820770519308
tune-b,dep50L_m50_in_r15_t500,500,0.984924623115578,0.9698492462311558,1.0,0.5227272727272727,0.9,0.8638480831243281,1.0219447597427167,3.15,0.9208530805687204,0.5728643216080402,3.23,0.97172430717,0.00032430717,0.0050251256281407,-0.02,0.0301507537688442,0.0,0.0,0.0,0.964824120603015,1.0,0.683920704845815,6.08,True,True,True,True,True,True,True,0.22830820770519308
tune-b,dep50L_m50_in_r1_t500,500,0.984924623115578,0.9698492462311558,1.0,0.5227272727272727,0.9,0.800464807436919,1.1055618615209988,3.64,0.9208530805687204,0.5728643216080402,4.73,1.43049462185,0.00034462185,0.0050251256281407,-0.02,0.0301507537688442,0.0,0.0,0.0,0.964824120603015,1.0,0.683920704845815,6.08,True,True,True,True,True,True,True,0.22830820770519308
tune-b,dep50L_m50_in_r20_t500,500,0.984924623115578,0.9698492462311558,0.9772727272727272,0.5227272727272727,0.88,0.8697691197691197,1.015512674990541,3.12,0.9208530805687204,0.5728643216080402,3.1,0.93272181306,0.00032181306,0.0050251256281407,-0.02,0.0301507537688442,-0.0227272727272727,-0.0697674418604651,0.0,0.964824120603015,1.0,0.683920704845815,6.08,True,True,True,False,True,True,False,-1.325581395348837
tune-b,dep50L_m50_in_r30_t500,500,0.984924623115578,0.9698492462311558,0.9772727272727272,0.5227272727272727,0.88,0.8773653566229985,1.0064320847521755,3.12,0.9208530805687204,0.5728643216080402,2.89,0.86731979652,0.00031979652,0.0050251256281407,-0.02,0.0301507537688442,-0.0227272727272727,-0.0697674418604651,0.0,0.964824120603015,1.0,0.683920704845815,6.08,True,True,True,False,True,True,False,-1.325581395348837
tune-b,dep50L_m50_in_r5_t500,500,0.984924623115578,0.9698492462311558,1.0,0.5227272727272727,0.9,0.8115112756647593,1.0900491865304578,3.55,0.9208530805687204,0.5728643216080402,4.46,1.35229088304,0.00034088304,0.0050251256281407,-0.02,0.0301507537688442,0.0,0.0,0.0,0.964824120603015,1.0,0.683920704845815,6.08,True,True,True,True,True,True,True,0.22830820770519308
tune-b,h15_i0_r10_t100,100,0.9899497487437184,0.9748743718592964,1.0,0.5681818181818182,1.96,0.7199163929531204,1.1929625425652668,3.69,0.9227488151658768,0.6733668341708543,4.77,1.3409548518800003,0.00045485188,0.0100502512562814,-0.0134529147982063,0.0329670329670329,0.0,0.0,0.0,0.964824120603015,1.0,0.683920704845815,6.08,True,True,True,True,True,True,True,0.3958123953098802
tune-b,h15_i0_r10_t2000,2000,1.0,0.9748743718592964,1.0,0.2272727272727272,4.34,0.2071450955813224,4.665153234960273,6.54,1.0,0.7487437185929648,14.46,4.62740992254,0.00415992254,0.0100502512562814,-0.0164835164835165,0.0350877192982456,0.0,0.0,0.0,0.964824120603015,1.0,0.683920704845815,6.08,True,True,True,True,False,True,False,-16.195163480622586
tune-b,h15_i0_r15_t100,100,0.9899497487437184,0.9748743718592964,1.0,0.5681818181818182,1.95,0.7317147192716237,1.172909572455543,3.53,0.9227488151658768,0.6733668341708543,4.41,1.23204918942,0.00044918942,0.0100502512562814,-0.0134529147982063,0.0329670329670329,0.0,0.0,0.0,0.964824120603015,1.0,0.683920704845815,6.08,True,True,True,True,True,True,True,0.3958123953098802
tune-b,h15_i0_r15_t2000,2000,1.0,0.9748743718592964,1.0,0.2272727272727272,3.02,0.3223997073527618,2.9886492622020437,5.01,0.999526066350711,0.7487437185929648,9.15,2.89743131146,0.00273131146,0.0100502512562814,-0.0164835164835165,0.0350877192982456,0.0,0.0,0.0,0.964824120603015,1.0,0.683920704845815,6.08,True,True,True,True,False,True,False,-12.353343088241273
tune-b,h15_i0_r1_t100,100,0.9899497487437184,0.9748743718592964,1.0,0.5681818181818182,1.96,0.6853325753268903,1.2569050321604238,4.12,0.9227488151658768,0.6733668341708543,6.0,1.70866999432,0.00046999432,0.0100502512562814,-0.0134529147982063,0.0329670329670329,0.0,0.0,0.0,0.964824120603015,1.0,0.683920704845815,6.08,True,True,True,True,False,True,False,-0.2555808224369886
tune-b,h15_i0_r1_t2000,2000,1.0,0.9748743718592964,1.0,0.2272727272727272,4.34,0.2071450955813224,4.665153234960273,6.54,1.0,0.7487437185929648,14.46,4.62740992254,0.00415992254,0.0100502512562814,-0.0164835164835165,0.0350877192982456,0.0,0.0,0.0,0.964824120603015,1.0,0.683920704845815,6.08,True,True,True,True,False,True,False,-16.195163480622586
tune-b,h15_i0_r20_t100,100,0.9899497487437184,0.9748743718592964,0.9772727272727272,0.5681818181818182,1.95,0.7379859198041017,1.1623155505107832,3.48,0.9227488151658768,0.6733668341708543,4.2,1.1654962721500002,0.00044627215,0.0100502512562814,-0.0134529147982063,0.0329670329670329,-0.0227272727272727,-0.06,0.0,0.964824120603015,1.0,0.683920704845815,6.08,True,True,True,False,True,True,False,-1.0
tune-b,h15_i0_r20_t2000,2000,1.0,0.9748743718592964,1.0,0.2272727272727272,3.02,0.3223997073527618,2.9886492622020437,5.01,0.999526066350711,0.7487437185929648,9.15,2.89743131146,0.00273131146,0.0100502512562814,-0.0164835164835165,0.0350877192982456,0.0,0.0,0.0,0.964824120603015,1.0,0.683920704845815,6.08,True,True,True,True,False,True,False,-12.353343088241273
tune-b,h15_i0_r30_t100,100,0.9899497487437184,0.9748743718592964,0.9772727272727272,0.5681818181818182,1.94,0.7432182490752158,1.1539916761256148,3.47,0.9227488151658768,0.6733668341708543,3.99,1.1036941255,0.0004441255,0.0100502512562814,-0.0134529147982063,0.0329670329670329,-0.0227272727272727,-0.06,0.0,0.964824120603015,1.0,0.683920704845815,6.08,True,True,True,False,True,True,False,-1.0
tune-b,h15_i0_r30_t2000,2000,1.0,0.9748743718592964,1.0,0.2272727272727272,2.51,0.3906157489638839,2.4612183125236475,4.98,0.9981042654028436,0.7487437185929648,7.36,2.31082904535,0.00212904535,0.0100502512562814,-0.0164835164835165,0.0350877192982456,0.0,0.0,0.0,0.964824120603015,1.0,0.683920704845815,6.08,True,True,True,True,False,True,False,-10.079475034537202
tune-b,h15_i0_r5_t100,100,0.9899497487437184,0.9748743718592964,1.0,0.5681818181818182,1.96,0.6920206659012629,1.2440408626560726,4.03,0.9227488151658768,0.6733668341708543,5.75,1.6363671098,0.0004671098,0.0100502512562814,-0.0134529147982063,0.0329670329670329,0.0,0.0,0.0,0.964824120603015,1.0,0.683920704845815,6.08,True,True,True,True,False,True,False,-0.03264446995790242
tune-b,h15_i0_r5_t2000,2000,1.0,0.9748743718592964,1.0,0.2272727272727272,4.34,0.2071450955813224,4.665153234960273,6.54,1.0,0.7487437185929648,14.46,4.62740992254,0.00415992254,0.0100502512562814,-0.0164835164835165,0.0350877192982456,0.0,0.0,0.0,0.964824120603015,1.0,0.683920704845815,6.08,True,True,True,True,False,True,False,-16.195163480622586
tune-b,h15_ia_r10_t100,100,0.9899497487437184,0.9748743718592964,0.8181818181818182,0.5227272727272727,1.92,0.753527751646284,1.133938706015891,3.37,0.9227488151658768,0.6733668341708543,3.56,0.96898776077,0.00043776077,0.0100502512562814,-0.0134529147982063,0.0329670329670329,-0.1818181818181817,-0.2708333333333333,-0.0967741935483871,0.964824120603015,1.0,0.683920704845815,6.08,True,True,False,False,True,True,False,-8.027777777777777
tune-b,h15_ia_r10_t2000,2000,0.984924623115578,0.964824120603015,0.7954545454545454,0.1818181818181818,0.87,0.8459877653832314,1.0185395384033296,3.09,0.9545023696682464,0.6884422110552764,3.31,0.93595453404,0.00035453404,0.0,-0.0271739130434782,0.0256410256410255,-0.2045454545454545,-0.303030303030303,-0.1162790697674418,0.964824120603015,1.0,0.683920704845815,6.08,True,True,False,False,True,True,False,-9.101010101010099
tune-b,h15_ia_r15_t100,100,0.9899497487437184,0.9748743718592964,0.8181818181818182,0.5227272727272727,1.92,0.753527751646284,1.133938706015891,3.37,0.9227488151658768,0.6733668341708543,3.56,0.96898776077,0.00043776077,0.0100502512562814,-0.0134529147982063,0.0329670329670329,-0.1818181818181817,-0.2708333333333333,-0.0967741935483871,0.964824120603015,1.0,0.683920704845815,6.08,True,True,False,False,True,True,False,-8.027777777777777
tune-b,h15_ia_r15_t2000,2000,0.984924623115578,0.964824120603015,0.7954545454545454,0.1818181818181818,0.87,0.8459877653832314,1.0185395384033296,3.09,0.9545023696682464,0.6884422110552764,3.31,0.93595453404,0.00035453404,0.0,-0.0271739130434782,0.0256410256410255,-0.2045454545454545,-0.303030303030303,-0.1162790697674418,0.964824120603015,1.0,0.683920704845815,6.08,True,True,False,False,True,True,False,-9.101010101010099
tune-b,h15_ia_r1_t100,100,0.9899497487437184,0.9748743718592964,0.8181818181818182,0.5227272727272727,1.92,0.753527751646284,1.133938706015891,3.37,0.9227488151658768,0.6733668341708543,3.56,0.96898776077,0.00043776077,0.0100502512562814,-0.0134529147982063,0.0329670329670329,-0.1818181818181817,-0.2708333333333333,-0.0967741935483871,0.964824120603015,1.0,0.683920704845815,6.08,True,True,False,False,True,True,False,-8.027777777777777
tune-b,h15_ia_r1_t2000,2000,0.984924623115578,0.964824120603015,0.7954545454545454,0.1818181818181818,0.87,0.8459877653832314,1.0185395384033296,3.09,0.9545023696682464,0.6884422110552764,3.31,0.93595453404,0.00035453404,0.0,-0.0271739130434782,0.0256410256410255,-0.2045454545454545,-0.303030303030303,-0.1162790697674418,0.964824120603015,1.0,0.683920704845815,6.08,True,True,False,False,True,True,False,-9.101010101010099
tune-b,h15_ia_r20_t100,100,0.9899497487437184,0.9748743718592964,0.8181818181818182,0.5227272727272727,1.92,0.753527751646284,1.133938706015891,3.37,0.9227488151658768,0.6733668341708543,3.56,0.96898776077,0.00043776077,0.0100502512562814,-0.0134529147982063,0.0329670329670329,-0.1818181818181817,-0.2708333333333333,-0.0967741935483871,0.964824120603015,1.0,0.683920704845815,6.08,True,True,False,False,True,True,False,-8.027777777777777
tune-b,h15_ia_r20_t2000,2000,0.984924623115578,0.964824120603015,0.7954545454545454,0.1818181818181818,0.87,0.8459877653832314,1.0185395384033296,3.09,0.9545023696682464,0.6884422110552764,3.31,0.93595453404,0.00035453404,0.0,-0.0271739130434782,0.0256410256410255,-0.2045454545454545,-0.303030303030303,-0.1162790697674418,0.964824120603015,1.0,0.683920704845815,6.08,True,True,False,False,True,True,False,-9.101010101010099
tune-b,h15_ia_r30_t100,100,0.9899497487437184,0.9748743718592964,0.8181818181818182,0.5227272727272727,1.92,0.753527751646284,1.133938706015891,3.37,0.9227488151658768,0.6733668341708543,3.56,0.96898776077,0.00043776077,0.0100502512562814,-0.0134529147982063,0.0329670329670329,-0.1818181818181817,-0.2708333333333333,-0.0967741935483871,0.964824120603015,1.0,0.683920704845815,6.08,True,True,False,False,True,True,False,-8.027777777777777
tune-b,h15_ia_r30_t2000,2000,0.984924623115578,0.964824120603015,0.7954545454545454,0.1818181818181818,0.87,0.8459877653832314,1.0185395384033296,3.09,0.9545023696682464,0.6884422110552764,3.31,0.93595453404,0.00035453404,0.0,-0.0271739130434782,0.0256410256410255,-0.2045454545454545,-0.303030303030303,-0.1162790697674418,0.964824120603015,1.0,0.683920704845815,6.08,True,True,False,False,True,True,False,-9.101010101010099
tune-b,h15_ia_r5_t100,100,0.9899497487437184,0.9748743718592964,0.8181818181818182,0.5227272727272727,1.92,0.753527751646284,1.133938706015891,3.37,0.9227488151658768,0.6733668341708543,3.56,0.96898776077,0.00043776077,0.0100502512562814,-0.0134529147982063,0.0329670329670329,-0.1818181818181817,-0.2708333333333333,-0.0967741935483871,0.964824120603015,1.0,0.683920704845815,6.08,True,True,False,False,True,True,False,-8.027777777777777
tune-b,h15_ia_r5_t2000,2000,0.984924623115578,0.964824120603015,0.7954545454545454,0.1818181818181818,0.87,0.8459877653832314,1.0185395384033296,3.09,0.9545023696682464,0.6884422110552764,3.31,0.93595453404,0.00035453404,0.0,-0.0271739130434782,0.0256410256410255,-0.2045454545454545,-0.303030303030303,-0.1162790697674418,0.964824120603015,1.0,0.683920704845815,6.08,True,True,False,False,True,True,False,-9.101010101010099
tune-b,h15_in_r10_t100,100,0.9899497487437184,0.9748743718592964,0.8409090909090909,0.5227272727272727,1.94,0.7258454106280193,1.179720015134317,3.59,0.9227488151658768,0.6733668341708543,4.52,1.26505054775,0.00045054775,0.0100502512562814,-0.0134529147982063,0.0329670329670329,-0.159090909090909,-0.25,-0.0754716981132075,0.964824120603015,1.0,0.683920704845815,6.08,True,True,False,False,True,True,False,-7.333333333333334
tune-b,h15_in_r10_t2000,2000,0.9899497487437184,0.964824120603015,0.8409090909090909,0.1818181818181818,1.18,0.6365840517241379,1.3598183881952326,3.62,0.966824644549763,0.6934673366834171,5.3,1.59571431362,0.00071431362,0.0,-0.0271739130434782,0.0256410256410255,-0.159090909090909,-0.25,-0.0754716981132075,0.964824120603015,1.0,0.683920704845815,6.08,True,True,False,False,False,True,False,-7.333333333333334
tune-b,h15_in_r15_t100,100,0.9899497487437184,0.9748743718592964,0.8409090909090909,0.5227272727272727,1.93,0.736068585425597,1.1626939084373815,3.44,0.9227488151658768,0.6733668341708543,4.23,1.17744551284,0.00044551284,0.0100502512562814,-0.0134529147982063,0.0329670329670329,-0.159090909090909,-0.25,-0.0754716981132075,0.964824120603015,1.0,0.683920704845815,6.08,True,True,False,False,True,True,False,-7.333333333333334
tune-b,h15_in_r15_t2000,2000,0.9899497487437184,0.964824120603015,0.8409090909090909,0.1818181818181818,1.04,0.7375820056232427,1.1717744986757472,3.22,0.966350710900474,0.6934673366834171,4.21,1.23677269786,0.00052269786,0.0,-0.0271739130434782,0.0256410256410255,-0.159090909090909,-0.25,-0.0754716981132075,0.964824120603015,1.0,0.683920704845815,6.08,True,True,False,False,True,True,False,-7.333333333333334
tune-b,h15_in_r1_t100,100,0.9899497487437184,0.9748743718592964,0.8409090909090909,0.5227272727272727,1.94,0.6956018518518519,1.23420355656451,3.94,0.9227488151658768,0.6733668341708543,5.58,1.58401306253,0.00046306253,0.0100502512562814,-0.0134529147982063,0.0329670329670329,-0.159090909090909,-0.25,-0.0754716981132075,0.964824120603015,1.0,0.683920704845815,6.08,True,True,False,False,True,True,False,-7.333333333333334
tune-b,h15_in_r1_t2000,2000,0.9899497487437184,0.964824120603015,0.8409090909090909,0.1818181818181818,1.18,0.6365840517241379,1.3598183881952326,3.62,0.966824644549763,0.6934673366834171,5.3,1.59571431362,0.00071431362,0.0,-0.0271739130434782,0.0256410256410255,-0.159090909090909,-0.25,-0.0754716981132075,0.964824120603015,1.0,0.683920704845815,6.08,True,True,False,False,False,True,False,-7.333333333333334
tune-b,h15_in_r20_t100,100,0.9899497487437184,0.9748743718592964,0.8409090909090909,0.5227272727272727,1.93,0.7415175817396669,1.1536133181990162,3.41,0.9227488151658768,0.6733668341708543,4.04,1.11734291721,0.00044291721,0.0100502512562814,-0.0134529147982063,0.0329670329670329,-0.159090909090909,-0.25,-0.0754716981132075,0.964824120603015,1.0,0.683920704845815,6.08,True,True,False,False,True,True,False,-7.333333333333334
tune-b,h15_in_r20_t2000,2000,0.9899497487437184,0.964824120603015,0.8409090909090909,0.1818181818181818,1.04,0.7375820056232427,1.1717744986757472,3.22,0.966350710900474,0.6934673366834171,4.21,1.23677269786,0.00052269786,0.0,-0.0271739130434782,0.0256410256410255,-0.159090909090909,-0.25,-0.0754716981132075,0.964824120603015,1.0,0.683920704845815,6.08,True,True,False,False,True,True,False,-7.333333333333334
tune-b,h15_in_r30_t100,100,0.9899497487437184,0.9748743718592964,0.8409090909090909,0.5227272727272727,1.92,0.7461204220980757,1.1464245175936436,3.4,0.9227488151658768,0.6733668341708543,3.86,1.0635410118400002,0.00044101184,0.0100502512562814,-0.0134529147982063,0.0329670329670329,-0.159090909090909,-0.25,-0.0754716981132075,0.964824120603015,1.0,0.683920704845815,6.08,True,True,False,False,True,True,False,-7.333333333333334
tune-b,h15_in_r30_t2000,2000,0.9899497487437184,0.964824120603015,0.8409090909090909,0.1818181818181818,0.97,0.7763893456099967,1.1138857359061671,3.22,0.9654028436018958,0.6934673366834171,3.86,1.11821049204,0.00046049204,0.0,-0.0271739130434782,0.0256410256410255,-0.159090909090909,-0.25,-0.0754716981132075,0.964824120603015,1.0,0.683920704845815,6.08,True,True,False,False,True,True,False,-7.333333333333334
tune-b,h15_in_r5_t100,100,0.9899497487437184,0.9748743718592964,0.8409090909090909,0.5227272727272727,1.94,0.7014881820834549,1.2232311766931516,3.87,0.9227488151658768,0.6733668341708543,5.36,1.5206108032,0.0004608032,0.0100502512562814,-0.0134529147982063,0.0329670329670329,-0.159090909090909,-0.25,-0.0754716981132075,0.964824120603015,1.0,0.683920704845815,6.08,True,True,False,False,True,True,False,-7.333333333333334
tune-b,h15_in_r5_t2000,2000,0.9899497487437184,0.964824120603015,0.8409090909090909,0.1818181818181818,1.18,0.6365840517241379,1.3598183881952326,3.62,0.966824644549763,0.6934673366834171,5.3,1.59571431362,0.00071431362,0.0,-0.0271739130434782,0.0256410256410255,-0.159090909090909,-0.25,-0.0754716981132075,0.964824120603015,1.0,0.683920704845815,6.08,True,True,False,False,False,True,False,-7.333333333333334
tune-b,h6_i0_r10_t100,100,0.9899497487437184,0.9748743718592964,1.0,0.5681818181818182,1.96,0.7199163929531204,1.1929625425652668,3.69,0.9227488151658768,0.5879396984924623,3.72,1.11379882278,0.00044882278,0.0100502512562814,-0.0134529147982063,0.0329670329670329,0.0,0.0,0.0,0.964824120603015,1.0,0.683920704845815,6.08,True,True,True,True,True,True,True,0.3958123953098802
tune-b,h6_i0_r10_t2000,2000,1.0,0.9748743718592964,1.0,0.2272727272727272,4.34,0.2071450955813224,4.665153234960273,6.54,1.0,0.6834170854271356,11.53,3.832934180530001,0.00413418053,0.0100502512562814,-0.0164835164835165,0.0350877192982456,0.0,0.0,0.0,0.964824120603015,1.0,0.683920704845815,6.08,True,True,True,True,False,True,False,-16.195163480622586
tune-b,h6_i0_r15_t100,100,0.9899497487437184,0.9748743718592964,1.0,0.5681818181818182,1.95,0.7317147192716237,1.172909572455543,3.53,0.9227488151658768,0.5879396984924623,3.39,1.0145935489,0.0004435489,0.0100502512562814,-0.0134529147982063,0.0329670329670329,0.0,0.0,0.0,0.964824120603015,1.0,0.683920704845815,6.08,True,True,True,True,True,True,True,0.3958123953098802
tune-b,h6_i0_r15_t2000,2000,1.0,0.9748743718592964,1.0,0.2272727272727272,3.02,0.3223997073527618,2.9886492622020437,5.01,0.999526066350711,0.678391959798995,7.3,2.41680384383,0.00270384383,0.0100502512562814,-0.0164835164835165,0.0350877192982456,0.0,0.0,0.0,0.964824120603015,1.0,0.683920704845815,6.08,True,True,True,True,False,True,False,-12.353343088241273
tune-b,h6_i0_r1_t100,100,0.9899497487437184,0.9748743718592964,1.0,0.5681818181818182,1.96,0.6853325753268903,1.2569050321604238,4.12,0.9227488151658768,0.5879396984924623,4.83,1.45016358516,0.00046358516,0.0100502512562814,-0.0134529147982063,0.0329670329670329,0.0,0.0,0.0,0.964824120603015,1.0,0.683920704845815,6.08,True,True,True,True,False,True,False,-0.2555808224369886
tune-b,h6_i0_r1_t2000,2000,1.0,0.9748743718592964,1.0,0.2272727272727272,4.34,0.2071450955813224,4.665153234960273,6.54,1.0,0.6834170854271356,11.53,3.832934180530001,0.00413418053,0.0100502512562814,-0.0164835164835165,0.0350877192982456,0.0,0.0,0.0,0.964824120603015,1.0,0.683920704845815,6.08,True,True,True,True,False,True,False,-16.195163480622586
tune-b,h6_i0_r20_t100,100,0.9899497487437184,0.9748743718592964,0.9772727272727272,0.5681818181818182,1.95,0.7379859198041017,1.1623155505107832,3.48,0.9227488151658768,0.5879396984924623,3.2,0.95474080912,0.00044080912,0.0100502512562814,-0.0134529147982063,0.0329670329670329,-0.0227272727272727,-0.06,0.0,0.964824120603015,1.0,0.683920704845815,6.08,True,True,True,False,True,True,False,-1.0
tune-b,h6_i0_r20_t2000,2000,1.0,0.9748743718592964,1.0,0.2272727272727272,3.02,0.3223997073527618,2.9886492622020437,5.01,0.999526066350711,0.678391959798995,7.3,2.41680384383,0.00270384383,0.0100502512562814,-0.0164835164835165,0.0350877192982456,0.0,0.0,0.0,0.964824120603015,1.0,0.683920704845815,6.08,True,True,True,True,False,True,False,-12.353343088241273
tune-b,h6_i0_r30_t100,100,0.9899497487437184,0.9748743718592964,0.9772727272727272,0.5681818181818182,1.94,0.7432182490752158,1.1539916761256148,3.47,0.9227488151658768,0.5879396984924623,3.03,0.90353828774,0.00043828774,0.0100502512562814,-0.0134529147982063,0.0329670329670329,-0.0227272727272727,-0.06,0.0,0.964824120603015,1.0,0.683920704845815,6.08,True,True,True,False,True,True,False,-1.0
tune-b,h6_i0_r30_t2000,2000,1.0,0.9748743718592964,1.0,0.2272727272727272,2.51,0.3906157489638839,2.4612183125236475,4.98,0.9981042654028436,0.678391959798995,5.89,1.94065284988,0.00210284988,0.0100502512562814,-0.0164835164835165,0.0350877192982456,0.0,0.0,0.0,0.964824120603015,1.0,0.683920704845815,6.08,True,True,True,True,False,True,False,-10.079475034537202
tune-b,h6_i0_r5_t100,100,0.9899497487437184,0.9748743718592964,1.0,0.5681818181818182,1.96,0.6920206659012629,1.2440408626560726,4.03,0.9227488151658768,0.5879396984924623,4.62,1.38941070619,0.00046070619,0.0100502512562814,-0.0134529147982063,0.0329670329670329,0.0,0.0,0.0,0.964824120603015,1.0,0.683920704845815,6.08,True,True,True,True,False,True,False,-0.03264446995790242
tune-b,h6_i0_r5_t2000,2000,1.0,0.9748743718592964,1.0,0.2272727272727272,4.34,0.2071450955813224,4.665153234960273,6.54,1.0,0.6834170854271356,11.53,3.832934180530001,0.00413418053,0.0100502512562814,-0.0164835164835165,0.0350877192982456,0.0,0.0,0.0,0.964824120603015,1.0,0.683920704845815,6.08,True,True,True,True,False,True,False,-16.195163480622586
tune-b,h6_ia_r10_t100,100,0.9899497487437184,0.9748743718592964,0.9545454545454546,0.5681818181818182,1.95,0.7489903696800249,1.1441543700340522,3.58,0.9227488151658768,0.5879396984924623,2.7,0.7994379863400001,0.00043798634,0.0100502512562814,-0.0134529147982063,0.0329670329670329,-0.0454545454545454,-0.0925925925925925,0.0,0.964824120603015,1.0,0.683920704845815,6.08,True,True,False,False,True,True,False,-2.086419753086417
tune-b,h6_ia_r10_t2000,2000,1.0,0.964824120603015,0.9545454545454546,0.2045454545454545,0.99,0.7077707770777077,1.2236095346197502,3.7,0.9819905213270144,0.6180904522613065,2.88,0.8729207950800001,0.00052079508,0.0,-0.0271739130434782,0.0256410256410255,-0.0454545454545454,-0.1081081081081081,0.0,0.964824120603015,1.0,0.683920704845815,6.08,True,True,False,False,True,True,False,-2.6036036036036037
tune-b,h6_ia_r15_t100,100,0.9899497487437184,0.9748743718592964,0.9545454545454546,0.5681818181818182,1.95,0.7508564310183743,1.1411275066212636,3.5,0.9227488151658768,0.5879396984924623,2.7,0.7994362876100001,0.00043628761,0.0100502512562814,-0.0134529147982063,0.0329670329670329,-0.0454545454545454,-0.0925925925925925,0.0,0.964824120603015,1.0,0.683920704845815,6.08,True,True,False,False,True,True,False,-2.086419753086417
tune-b,h6_ia_r15_t2000,2000,1.0,0.964824120603015,0.9545454545454546,0.2045454545454545,0.99,0.7099006921456515,1.2198259553537647,3.63,0.9819905213270144,0.6180904522613065,2.88,0.8729188181800001,0.00051881818,0.0,-0.0271739130434782,0.0256410256410255,-0.0454545454545454,-0.1081081081081081,0.0,0.964824120603015,1.0,0.683920704845815,6.08,True,True,False,False,True,True,False,-2.6036036036036037
tune-b,h6_ia_r1_t100,100,0.9899497487437184,0.9748743718592964,0.9545454545454546,0.5681818181818182,1.95,0.7482929857231533,1.145289443813848,3.61,0.9227488151658768,0.5879396984924623,2.7,0.79943865216,0.00043865216,0.0100502512562814,-0.0134529147982063,0.0329670329670329,-0.0454545454545454,-0.0925925925925925,0.0,0.964824120603015,1.0,0.683920704845815,6.08,True,True,False,False,True,True,False,-2.086419753086417
tune-b,h6_ia_r1_t2000,2000,1.0,0.964824120603015,0.9545454545454546,0.2045454545454545,0.99,0.7077707770777077,1.2236095346197502,3.7,0.9819905213270144,0.6180904522613065,2.88,0.8729207950800001,0.00052079508,0.0,-0.0271739130434782,0.0256410256410255,-0.0454545454545454,-0.1081081081081081,0.0,0.964824120603015,1.0,0.683920704845815,6.08,True,True,False,False,True,True,False,-2.6036036036036037
tune-b,h6_ia_r20_t100,100,0.9899497487437184,0.9748743718592964,0.9545454545454546,0.5681818181818182,1.94,0.7517929529154973,1.139992432841468,3.47,0.9227488151658768,0.5879396984924623,2.7,0.7994354249700001,0.00043542497,0.0100502512562814,-0.0134529147982063,0.0329670329670329,-0.0454545454545454,-0.0925925925925925,0.0,0.964824120603015,1.0,0.683920704845815,6.08,True,True,False,False,True,True,False,-2.086419753086417
tune-b,h6_ia_r20_t2000,2000,1.0,0.964824120603015,0.9545454545454546,0.2045454545454545,0.99,0.7099006921456515,1.2198259553537647,3.63,0.9819905213270144,0.6180904522613065,2.88,0.8729188181800001,0.00051881818,0.0,-0.0271739130434782,0.0256410256410255,-0.0454545454545454,-0.1081081081081081,0.0,0.964824120603015,1.0,0.683920704845815,6.08,True,True,False,False,True,True,False,-2.6036036036036037
tune-b,h6_ia_r30_t100,100,0.9899497487437184,0.9748743718592964,0.9545454545454546,0.5681818181818182,1.94,0.7520274485339987,1.1396140749148695,3.46,0.9227488151658768,0.5879396984924623,2.7,0.7994349013600001,0.00043490136,0.0100502512562814,-0.0134529147982063,0.0329670329670329,-0.0454545454545454,-0.0925925925925925,0.0,0.964824120603015,1.0,0.683920704845815,6.08,True,True,False,False,True,True,False,-2.086419753086417
tune-b,h6_ia_r30_t2000,2000,1.0,0.964824120603015,0.9545454545454546,0.2045454545454545,0.99,0.7113992762364294,1.2171774498675747,3.63,0.9819905213270144,0.6180904522613065,2.88,0.87291738103,0.00051738103,0.0,-0.0271739130434782,0.0256410256410255,-0.0454545454545454,-0.1081081081081081,0.0,0.964824120603015,1.0,0.683920704845815,6.08,True,True,False,False,True,True,False,-2.6036036036036037
tune-b,h6_ia_r5_t100,100,0.9899497487437184,0.9748743718592964,0.9545454545454546,0.5681818181818182,1.95,0.7482929857231533,1.145289443813848,3.61,0.9227488151658768,0.5879396984924623,2.7,0.79943865216,0.00043865216,0.0100502512562814,-0.0134529147982063,0.0329670329670329,-0.0454545454545454,-0.0925925925925925,0.0,0.964824120603015,1.0,0.683920704845815,6.08,True,True,False,False,True,True,False,-2.086419753086417
tune-b,h6_ia_r5_t2000,2000,1.0,0.964824120603015,0.9545454545454546,0.2045454545454545,0.99,0.7077707770777077,1.2236095346197502,3.7,0.9819905213270144,0.6180904522613065,2.88,0.8729207950800001,0.00052079508,0.0,-0.0271739130434782,0.0256410256410255,-0.0454545454545454,-0.1081081081081081,0.0,0.964824120603015,1.0,0.683920704845815,6.08,True,True,False,False,True,True,False,-2.6036036036036037
tune-b,h6_in_r10_t100,100,0.9899497487437184,0.9748743718592964,1.0,0.5681818181818182,1.96,0.720131421744325,1.1925841846386682,3.68,0.9227488151658768,0.5879396984924623,3.72,1.11379873857,0.00044873857,0.0100502512562814,-0.0134529147982063,0.0329670329670329,0.0,0.0,0.0,0.964824120603015,1.0,0.683920704845815,6.08,True,True,True,True,True,True,True,0.3958123953098802
tune-b,h6_in_r10_t2000,2000,1.0,0.964824120603015,0.9772727272727272,0.2045454545454545,1.3,0.5653735632183908,1.530836171017783,4.09,0.9886255924170616,0.6180904522613065,4.32,1.36492149735,0.00082149735,0.0,-0.0271739130434782,0.0256410256410255,-0.0227272727272727,-0.0681818181818182,0.0,0.964824120603015,1.0,0.683920704845815,6.08,True,True,True,False,False,True,False,-4.254214559386971
tune-b,h6_in_r15_t100,100,0.9899497487437184,0.9748743718592964,1.0,0.5681818181818182,1.95,0.7319368548876746,1.1725312145289444,3.52,0.9227488151658768,0.5879396984924623,3.39,1.01459346469,0.00044346469,0.0100502512562814,-0.0134529147982063,0.0329670329670329,0.0,0.0,0.0,0.964824120603015,1.0,0.683920704845815,6.08,True,True,True,True,True,True,True,0.3958123953098802
tune-b,h6_in_r15_t2000,2000,1.0,0.964824120603015,0.9772727272727272,0.2045454545454545,1.13,0.6463180947166712,1.3393870601589104,3.64,0.9881516587677726,0.6180904522613065,3.45,1.07029269236,0.00064269236,0.0,-0.0271739130434782,0.0256410256410255,-0.0227272727272727,-0.0681818181818182,0.0,0.964824120603015,1.0,0.683920704845815,6.08,True,True,True,False,False,True,False,-1.5560635094442907
tune-b,h6_in_r1_t100,100,0.9899497487437184,0.9748743718592964,1.0,0.5681818181818182,1.96,0.6857224118316269,1.256148316307227,4.1,0.9227488151658768,0.5879396984924623,4.83,1.45016341704,0.00046341704,0.0100502512562814,-0.0134529147982063,0.0329670329670329,0.0,0.0,0.0,0.964824120603015,1.0,0.683920704845815,6.08,True,True,True,True,False,True,False,-0.24258627227910318
tune-b,h6_in_r1_t2000,2000,1.0,0.964824120603015,0.9772727272727272,0.2045454545454545,1.3,0.5653735632183908,1.530836171017783,4.09,0.9886255924170616,0.6180904522613065,4.32,1.36492149735,0.00082149735,0.0,-0.0271739130434782,0.0256410256410255,-0.0227272727272727,-0.0681818181818182,0.0,0.964824120603015,1.0,0.683920704845815,6.08,True,True,True,False,False,True,False,-4.254214559386971
tune-b,h6_in_r20_t100,100,0.9899497487437184,0.9748743718592964,0.9772727272727272,0.5681818181818182,1.95,0.7382118799755052,1.1619371925841846,3.47,0.9227488151658768,0.5879396984924623,3.2,0.95474072491,0.00044072491,0.0100502512562814,-0.0134529147982063,0.0329670329670329,-0.0227272727272727,-0.06,0.0,0.964824120603015,1.0,0.683920704845815,6.08,True,True,True,False,True,True,False,-1.0
tune-b,h6_in_r20_t2000,2000,1.0,0.964824120603015,0.9772727272727272,0.2045454545454545,1.13,0.6463180947166712,1.3393870601589104,3.64,0.9881516587677726,0.6180904522613065,3.45,1.07029269236,0.00064269236,0.0,-0.0271739130434782,0.0256410256410255,-0.0227272727272727,-0.0681818181818182,0.0,0.964824120603015,1.0,0.683920704845815,6.08,True,True,True,False,False,True,False,-1.5560635094442907
tune-b,h6_in_r30_t100,100,0.9899497487437184,0.9748743718592964,0.9772727272727272,0.5681818181818182,1.94,0.7434474252235584,1.1536133181990162,3.46,0.9227488151658768,0.5879396984924623,3.03,0.90353820353,0.00043820353,0.0100502512562814,-0.0134529147982063,0.0329670329670329,-0.0227272727272727,-0.06,0.0,0.964824120603015,1.0,0.683920704845815,6.08,True,True,True,False,True,True,False,-1.0
tune-b,h6_in_r30_t2000,2000,1.0,0.964824120603015,0.9772727272727272,0.2045454545454545,1.08,0.6770952927669346,1.277336360196746,3.63,0.9872037914691943,0.6180904522613065,3.18,0.97483074655,0.00058074655,0.0,-0.0271739130434782,0.0256410256410255,-0.0227272727272727,-0.0681818181818182,0.0,0.964824120603015,1.0,0.683920704845815,6.08,True,True,True,False,False,True,False,-1.2727272727272736
tune-b,h6_in_r5_t100,100,0.9899497487437184,0.9748743718592964,1.0,0.5681818181818182,1.96,0.6924181504882252,1.2432841468028757,4.01,0.9227488151658768,0.5879396984924623,4.62,1.38941053807,0.00046053807,0.0100502512562814,-0.0134529147982063,0.0329670329670329,0.0,0.0,0.0,0.964824120603015,1.0,0.683920704845815,6.08,True,True,True,True,False,True,False,-0.01939498372582523
tune-b,h6_in_r5_t2000,2000,1.0,0.964824120603015,0.9772727272727272,0.2045454545454545,1.3,0.5653735632183908,1.530836171017783,4.09,0.9886255924170616,0.6180904522613065,4.32,1.36492149735,0.00082149735,0.0,-0.0271739130434782,0.0256410256410255,-0.0227272727272727,-0.0681818181818182,0.0,0.964824120603015,1.0,0.683920704845815,6.08,True,True,True,False,False,True,False,-4.254214559386971
tune-c,all100L_m0_i0_r10_h6_t500,500,0.9949748743718592,0.9798994974874372,1.0,0.5227272727272727,3.8,0.6433921883360085,1.270525917517972,3.69,0.928436018957346,0.592964824120603,3.95,1.17192378727,0.00052378727,0.0150753768844221,-0.0099009900990099,0.0396039603960396,0.0,0.0,0.0,0.964824120603015,1.0,0.683920704845815,6.08,True,True,True,True,False,True,False,-1.6535937221330475
tune-c,all100L_m0_i0_r15_h6_t500,500,0.9949748743718592,0.9798994974874372,1.0,0.5227272727272727,3.8,0.6535326086956522,1.2485811577752557,3.55,0.928436018957346,0.592964824120603,3.59,1.05966826079,0.00051826079,0.0150753768844221,-0.0099009900990099,0.0396039603960396,0.0,0.0,0.0,0.964824120603015,1.0,0.683920704845815,6.08,True,True,True,True,False,True,False,-1.3155797101449245
tune-c,all100L_m0_i0_r1_h6_t500,500,0.9949748743718592,0.9798994974874372,1.0,0.5227272727272727,3.8,0.6157194060419867,1.3340900491865304,4.09,0.928436018957346,0.592964824120603,5.09,1.5184388792,0.0005388792,0.0150753768844221,-0.0099009900990099,0.0396039603960396,0.0,0.0,0.0,0.964824120603015,1.0,0.683920704845815,6.08,True,True,True,True,False,True,False,-2.5760197986004414
tune-c,all100L_m0_i0_r20_h6_t500,500,0.9949748743718592,0.9798994974874372,0.9772727272727272,0.5227272727272727,3.78,0.6567449481157838,1.2425274309496783,3.53,0.928436018957346,0.592964824120603,3.46,1.02066629142,0.00051629142,0.0150753768844221,-0.0099009900990099,0.0396039603960396,-0.0227272727272727,-0.0697674418604651,0.0,0.964824120603015,1.0,0.683920704845815,6.08,True,True,True,False,False,True,False,-1.325581395348837
tune-c,all100L_m0_i0_r30_h6_t500,500,0.9949748743718592,0.9798994974874372,0.9772727272727272,0.5227272727272727,3.78,0.6612592796260655,1.2330684827847145,3.52,0.928436018957346,0.592964824120603,3.25,0.95526375084,0.00051375084,0.0150753768844221,-0.0099009900990099,0.0396039603960396,-0.0227272727272727,-0.0697674418604651,0.0,0.964824120603015,1.0,0.683920704845815,6.08,True,True,True,False,False,True,False,-1.325581395348837
tune-c,all100L_m0_i0_r5_h6_t500,500,0.9949748743718592,0.9798994974874372,1.0,0.5227272727272727,3.8,0.6225731296919492,1.3178206583427925,3.98,0.928436018957346,0.592964824120603,4.82,1.44023496984,0.00053496984,0.0150753768844221,-0.0099009900990099,0.0396039603960396,0.0,0.0,0.0,0.964824120603015,1.0,0.683920704845815,6.08,True,True,True,True,False,True,False,-2.347562343601691
tune-c,all100L_m0_ia_r10_h6_t500,500,0.9949748743718592,0.9798994974874372,0.9090909090909092,0.5227272727272727,3.78,0.6666666666666666,1.221339387060159,3.59,0.928436018957346,0.592964824120603,2.91,0.8492114969600001,0.00051149696,0.0150753768844221,-0.0099009900990099,0.0396039603960396,-0.0909090909090909,-0.1578947368421053,-0.0263157894736841,0.964824120603015,1.0,0.683920704845815,6.08,True,True,False,False,False,True,False,-4.263157894736844
tune-c,all100L_m0_ia_r15_h6_t500,500,0.9949748743718592,0.9798994974874372,0.9090909090909092,0.5227272727272727,3.78,0.6677777777777778,1.2190692395005676,3.53,0.928436018957346,0.592964824120603,2.91,0.84921016122,0.00051016122,0.0150753768844221,-0.0099009900990099,0.0396039603960396,-0.0909090909090909,-0.1578947368421053,-0.0263157894736841,0.964824120603015,1.0,0.683920704845815,6.08,True,True,False,False,False,True,False,-4.263157894736844
tune-c,all100L_m0_ia_r1_h6_t500,500,0.9949748743718592,0.9798994974874372,0.9090909090909092,0.5227272727272727,3.78,0.6666666666666666,1.221339387060159,3.59,0.928436018957346,0.592964824120603,2.91,0.8492114969600001,0.00051149696,0.0150753768844221,-0.0099009900990099,0.0396039603960396,-0.0909090909090909,-0.1578947368421053,-0.0263157894736841,0.964824120603015,1.0,0.683920704845815,6.08,True,True,False,False,False,True,False,-4.263157894736844
tune-c,all100L_m0_ia_r20_h6_t500,500,0.9949748743718592,0.9798994974874372,0.9090909090909092,0.5227272727272727,3.78,0.6681489716509171,1.2183125236473704,3.51,0.928436018957346,0.592964824120603,2.91,0.8492094731600001,0.00050947316,0.0150753768844221,-0.0099009900990099,0.0396039603960396,-0.0909090909090909,-0.1578947368421053,-0.0263157894736841,0.964824120603015,1.0,0.683920704845815,6.08,True,True,False,False,False,True,False,-4.263157894736844
tune-c,all100L_m0_ia_r30_h6_t500,500,0.9949748743718592,0.9798994974874372,0.9090909090909092,0.5227272727272727,3.78,0.6681489716509171,1.2183125236473704,3.51,0.928436018957346,0.592964824120603,2.91,0.8492094731600001,0.00050947316,0.0150753768844221,-0.0099009900990099,0.0396039603960396,-0.0909090909090909,-0.1578947368421053,-0.0263157894736841,0.964824120603015,1.0,0.683920704845815,6.08,True,True,False,False,False,True,False,-4.263157894736844
tune-c,all100L_m0_ia_r5_h6_t500,500,0.9949748743718592,0.9798994974874372,0.9090909090909092,0.5227272727272727,3.78,0.6666666666666666,1.221339387060159,3.59,0.928436018957346,0.592964824120603,2.91,0.8492114969600001,0.00051149696,0.0150753768844221,-0.0099009900990099,0.0396039603960396,-0.0909090909090909,-0.1578947368421053,-0.0263157894736841,0.964824120603015,1.0,0.683920704845815,6.08,True,True,False,False,False,True,False,-4.263157894736844
tune-c,all100L_m0_in_r10_h6_t500,500,0.9949748743718592,0.9798994974874372,0.9772727272727272,0.5227272727272727,3.79,0.6439860701848379,1.2690124858115777,3.68,0.928436018957346,0.592964824120603,3.93,1.1660723944600002,0.00052239446,0.0150753768844221,-0.0099009900990099,0.0396039603960396,-0.0227272727272727,-0.0625,0.0,0.964824120603015,1.0,0.683920704845815,6.08,True,True,True,False,False,True,False,-1.633797660505402
tune-c,all100L_m0_in_r15_h6_t500,500,0.9949748743718592,0.9798994974874372,0.9772727272727272,0.5227272727272727,3.79,0.6541496598639456,1.2470677260688612,3.54,0.928436018957346,0.592964824120603,3.57,1.0538168679700002,0.00051686797,0.0150753768844221,-0.0099009900990099,0.0396039603960396,-0.0227272727272727,-0.0625,0.0,0.964824120603015,1.0,0.683920704845815,6.08,True,True,True,False,False,True,False,-1.295011337868479
tune-c,all100L_m0_in_r1_h6_t500,500,0.9949748743718592,0.9798994974874372,0.9772727272727272,0.5227272727272727,3.79,0.6165683508591947,1.331819901626939,4.06,0.928436018957346,0.592964824120603,5.07,1.51258732474,0.00053732474,0.0150753768844221,-0.0099009900990099,0.0396039603960396,-0.0227272727272727,-0.0625,0.0,0.964824120603015,1.0,0.683920704845815,6.08,True,True,True,False,False,True,False,-2.5477216380268417
tune-c,all100L_m0_in_r20_h6_t500,500,0.9949748743718592,0.9798994974874372,0.9545454545454546,0.5227272727272727,3.78,0.6571897211591033,1.241013999243284,3.51,0.928436018957346,0.592964824120603,3.44,1.01481477992,0.00051477992,0.0150753768844221,-0.0099009900990099,0.0396039603960396,-0.0454545454545454,-0.1025641025641025,0.0,0.964824120603015,1.0,0.683920704845815,6.08,True,True,False,False,False,True,False,-2.418803418803417
tune-c,all100L_m0_in_r30_h6_t500,500,0.9949748743718592,0.9798994974874372,0.9545454545454546,0.5227272727272727,3.78,0.6615299944964227,1.2319334090049183,3.51,0.928436018957346,0.592964824120603,3.23,0.94941276295,0.00051276295,0.0150753768844221,-0.0099009900990099,0.0396039603960396,-0.0454545454545454,-0.1025641025641025,0.0,0.964824120603015,1.0,0.683920704845815,6.08,True,True,False,False,False,True,False,-2.418803418803417
tune-c,all100L_m0_in_r5_h6_t500,500,0.9949748743718592,0.9798994974874372,0.9772727272727272,0.5227272727272727,3.79,0.6234439834024896,1.3155505107832008,3.95,0.928436018957346,0.592964824120603,4.8,1.4343834209200002,0.00053342092,0.0150753768844221,-0.0099009900990099,0.0396039603960396,-0.0227272727272727,-0.0625,0.0,0.964824120603015,1.0,0.683920704845815,6.08,True,True,True,False,False,True,False,-2.3185338865836775
tune-c,all100L_m10_i0_r10_h6_t500,500,0.9899497487437184,0.9698492462311558,1.0,0.5227272727272727,3.85,0.6841225626740947,1.212637154748392,3.56,0.9270142180094788,0.5979899497487438,3.87,1.15250031458,0.00045031458,0.0050251256281407,-0.0197044334975369,0.0289855072463768,0.0,0.0,0.0,0.964824120603015,1.0,0.683920704845815,6.08,True,True,True,True,False,True,False,-0.29591457753017636
tune-c,all100L_m10_i0_r15_h6_t500,500,0.9899497487437184,0.9698492462311558,1.0,0.5227272727272727,3.85,0.695356738391846,1.1906923950056754,3.42,0.9270142180094788,0.5979899497487438,3.51,1.04024467967,0.00044467967,0.0050251256281407,-0.0197044334975369,0.0289855072463768,0.0,0.0,0.0,0.964824120603015,1.0,0.683920704845815,6.08,True,True,True,True,True,True,True,0.0785579463948675
tune-c,all100L_m10_i0_r1_h6_t500,500,0.9899497487437184,0.9698492462311558,1.0,0.5227272727272727,3.85,0.6535391165513571,1.2762012864169503,3.96,0.9270142180094788,0.5979899497487438,5.01,1.49901540204,0.00046540204,0.0050251256281407,-0.0197044334975369,0.0289855072463768,0.0,0.0,0.0,0.964824120603015,1.0,0.683920704845815,6.08,True,True,True,True,False,True,False,-1.3153627816214284
tune-c,all100L_m10_i0_r20_h6_t500,500,0.9899497487437184,0.9698492462311558,0.9772727272727272,0.5227272727272727,3.83,0.6989186112692088,1.1846386681800984,3.4,0.9270142180094788,0.5979899497487438,3.38,1.00124270911,0.00044270911,0.0050251256281407,-0.0197044334975369,0.0289855072463768,-0.0227272727272727,-0.0697674418604651,0.0,0.964824120603015,1.0,0.683920704845815,6.08,True,True,True,False,True,True,False,-1.325581395348837
tune-c,all100L_m10_i0_r30_h6_t500,500,0.9899497487437184,0.9698492462311558,0.9772727272727272,0.5227272727272727,3.83,0.703926626540556,1.1751797200151344,3.39,0.9270142180094788,0.5979899497487438,3.17,0.93584016899,0.00044016899,0.0050251256281407,-0.0197044334975369,0.0289855072463768,-0.0227272727272727,-0.0697674418604651,0.0,0.964824120603015,1.0,0.683920704845815,6.08,True,True,True,False,True,True,False,-1.325581395348837
tune-c,all100L_m10_i0_r5_h6_t500,500,0.9899497487437184,0.9698492462311558,1.0,0.5227272727272727,3.85,0.6611036339165545,1.2599318955732122,3.85,0.9270142180094788,0.5979899497487438,4.74,1.4208114927000002,0.0004614927,0.0050251256281407,-0.0197044334975369,0.0289855072463768,0.0,0.0,0.0,0.964824120603015,1.0,0.683920704845815,6.08,True,True,True,True,False,True,False,-1.063212202781516
tune-c,all100L_m10_ia_r10_h6_t500,500,0.9899497487437184,0.9698492462311558,0.9090909090909092,0.5227272727272727,3.83,0.709947946790052,1.1634506242905789,3.46,0.9270142180094788,0.5979899497487438,2.83,0.82978836529,0.00043836529,0.0050251256281407,-0.0197044334975369,0.0289855072463768,-0.0909090909090909,-0.1578947368421053,-0.0263157894736841,0.964824120603015,1.0,0.683920704845815,6.08,True,True,False,False,True,True,False,-4.263157894736844
tune-c,all100L_m10_ia_r15_h6_t500,500,0.9899497487437184,0.9698492462311558,0.9090909090909092,0.5227272727272727,3.83,0.7111819235225956,1.1611804767309877,3.4,0.9270142180094788,0.5979899497487438,2.83,0.8297870295900001,0.00043702959,0.0050251256281407,-0.0197044334975369,0.0289855072463768,-0.0909090909090909,-0.1578947368421053,-0.0263157894736841,0.964824120603015,1.0,0.683920704845815,6.08,True,True,False,False,True,True,False,-4.263157894736844
tune-c,all100L_m10_ia_r1_h6_t500,500,0.9899497487437184,0.9698492462311558,0.9090909090909092,0.5227272727272727,3.83,0.709947946790052,1.1634506242905789,3.46,0.9270142180094788,0.5979899497487438,2.83,0.82978836529,0.00043836529,0.0050251256281407,-0.0197044334975369,0.0289855072463768,-0.0909090909090909,-0.1578947368421053,-0.0263157894736841,0.964824120603015,1.0,0.683920704845815,6.08,True,True,False,False,True,True,False,-4.263157894736844
tune-c,all100L_m10_ia_r20_h6_t500,500,0.9899497487437184,0.9698492462311558,0.9090909090909092,0.5227272727272727,3.83,0.7115942028985507,1.1604237608777903,3.38,0.9270142180094788,0.5979899497487438,2.83,0.8297863415200001,0.00043634152,0.0050251256281407,-0.0197044334975369,0.0289855072463768,-0.0909090909090909,-0.1578947368421053,-0.0263157894736841,0.964824120603015,1.0,0.683920704845815,6.08,True,True,False,False,True,True,False,-4.263157894736844
tune-c,all100L_m10_ia_r30_h6_t500,500,0.9899497487437184,0.9698492462311558,0.9090909090909092,0.5227272727272727,3.83,0.7115942028985507,1.1604237608777903,3.38,0.9270142180094788,0.5979899497487438,2.83,0.8297863415200001,0.00043634152,0.0050251256281407,-0.0197044334975369,0.0289855072463768,-0.0909090909090909,-0.1578947368421053,-0.0263157894736841,0.964824120603015,1.0,0.683920704845815,6.08,True,True,False,False,True,True,False,-4.263157894736844
tune-c,all100L_m10_ia_r5_h6_t500,500,0.9899497487437184,0.9698492462311558,0.9090909090909092,0.5227272727272727,3.83,0.709947946790052,1.1634506242905789,3.46,0.9270142180094788,0.5979899497487438,2.83,0.82978836529,0.00043836529,0.0050251256281407,-0.0197044334975369,0.0289855072463768,-0.0909090909090909,-0.1578947368421053,-0.0263157894736841,0.964824120603015,1.0,0.683920704845815,6.08,True,True,False,False,True,True,False,-4.263157894736844
tune-c,all100L_m10_in_r10_h6_t500,500,0.9899497487437184,0.9698492462311558,0.9772727272727272,0.5227272727272727,3.84,0.6847977684797768,1.2111237230419978,3.55,0.9270142180094788,0.5979899497487438,3.85,1.14664892151,0.00044892151,0.0050251256281407,-0.0197044334975369,0.0289855072463768,-0.0227272727272727,-0.0625,0.0,0.964824120603015,1.0,0.683920704845815,6.08,True,True,True,False,False,True,False,-1.0833333333333335
tune-c,all100L_m10_in_r15_h6_t500,500,0.9899497487437184,0.9698492462311558,0.9772727272727272,0.5227272727272727,3.84,0.6960589736319819,1.189178963299281,3.41,0.9270142180094788,0.5979899497487438,3.49,1.03439328661,0.00044328661,0.0050251256281407,-0.0197044334975369,0.0289855072463768,-0.0227272727272727,-0.0625,0.0,0.964824120603015,1.0,0.683920704845815,6.08,True,True,True,False,True,True,False,-1.0833333333333335
tune-c,all100L_m10_in_r1_h6_t500,500,0.9899497487437184,0.9698492462311558,0.9772727272727272,0.5227272727272727,3.84,0.6544921354305518,1.273931138857359,3.93,0.9270142180094788,0.5979899497487438,4.99,1.49316384735,0.00046384735,0.0050251256281407,-0.0197044334975369,0.0289855072463768,-0.0227272727272727,-0.0625,0.0,0.964824120603015,1.0,0.683920704845815,6.08,True,True,True,False,False,True,False,-1.28359548564827
tune-c,all100L_m10_in_r20_h6_t500,500,0.9899497487437184,0.9698492462311558,0.9545454545454546,0.5227272727272727,3.83,0.6994301994301995,1.1831252364737042,3.38,0.9270142180094788,0.5979899497487438,3.36,0.99539119737,0.00044119737,0.0050251256281407,-0.0197044334975369,0.0289855072463768,-0.0454545454545454,-0.1025641025641025,0.0,0.964824120603015,1.0,0.683920704845815,6.08,True,True,False,False,True,True,False,-2.418803418803417
tune-c,all100L_m10_in_r30_h6_t500,500,0.9899497487437184,0.9698492462311558,0.9545454545454546,0.5227272727272727,3.83,0.704245553643144,1.1740446462353389,3.38,0.9270142180094788,0.5979899497487438,3.15,0.92998918088,0.00043918088,0.0050251256281407,-0.0197044334975369,0.0289855072463768,-0.0454545454545454,-0.1025641025641025,0.0,0.964824120603015,1.0,0.683920704845815,6.08,True,True,False,False,True,True,False,-2.418803418803417
tune-c,all100L_m10_in_r5_h6_t500,500,0.9899497487437184,0.9698492462311558,0.9772727272727272,0.5227272727272727,3.84,0.6620819848975189,1.257661748013621,3.82,0.9270142180094788,0.5979899497487438,4.72,1.41495994354,0.00045994354,0.0050251256281407,-0.0197044334975369,0.0289855072463768,-0.0227272727272727,-0.0625,0.0,0.964824120603015,1.0,0.683920704845815,6.08,True,True,True,False,False,True,False,-1.0833333333333335
tune-c,all100L_m20_i0_r10_h6_t500,500,0.9899497487437184,0.964824120603015,1.0,0.5227272727272727,3.91,0.7086187214611872,1.1778282255013242,3.53,0.9251184834123224,0.5979899497487438,3.8,1.1354811291700002,0.00043112917,0.0,-0.0231481481481481,0.0230414746543778,0.0,0.0,0.0,0.964824120603015,1.0,0.683920704845815,6.08,True,True,True,True,True,True,True,0.06080402010050223
tune-c,all100L_m20_i0_r15_h6_t500,500,0.9899497487437184,0.964824120603015,1.0,0.5227272727272727,3.91,0.720545560069646,1.1558834657586077,3.39,0.9251184834123224,0.5979899497487438,3.44,1.02322549421,0.00042549421,0.0,-0.0231481481481481,0.0230414746543778,0.0,0.0,0.0,0.964824120603015,1.0,0.683920704845815,6.08,True,True,True,True,True,True,True,0.06080402010050223
tune-c,all100L_m20_i0_r1_h6_t500,500,0.9899497487437184,0.964824120603015,1.0,0.5227272727272727,3.91,0.67619825708061,1.2413923571698826,3.93,0.9251184834123224,0.5979899497487438,4.94,1.48199621661,0.00044621661,0.0,-0.0231481481481481,0.0230414746543778,0.0,0.0,0.0,0.964824120603015,1.0,0.683920704845815,6.08,True,True,True,True,False,True,False,-0.5600580973129987
tune-c,all100L_m20_i0_r20_h6_t500,500,0.9899497487437184,0.964824120603015,0.9772727272727272,0.5227272727272727,3.89,0.7243290548424738,1.1498297389330308,3.37,0.9251184834123224,0.5979899497487438,3.31,0.98422352369,0.00042352369,0.0,-0.0231481481481481,0.0230414746543778,-0.0227272727272727,-0.0697674418604651,0.0,0.964824120603015,1.0,0.683920704845815,6.08,True,True,True,False,True,True,False,-1.325581395348837
tune-c,all100L_m20_i0_r30_h6_t500,500,0.9899497487437184,0.964824120603015,0.9772727272727272,0.5227272727272727,3.89,0.7296503085512783,1.140370790768067,3.36,0.9251184834123224,0.5979899497487438,3.1,0.91882098353,0.00042098353,0.0,-0.0231481481481481,0.0230414746543778,-0.0227272727272727,-0.0697674418604651,0.0,0.964824120603015,1.0,0.683920704845815,6.08,True,True,True,False,True,True,False,-1.325581395348837
tune-c,all100L_m20_i0_r5_h6_t500,500,0.9899497487437184,0.964824120603015,1.0,0.5227272727272727,3.91,0.6842105263157895,1.2251229663261445,3.82,0.9251184834123224,0.5979899497487438,4.67,1.40379230726,0.00044230726,0.0,-0.0231481481481481,0.0230414746543778,0.0,0.0,0.0,0.964824120603015,1.0,0.683920704845815,6.08,True,True,True,True,False,True,False,-0.2929824561403486
tune-c,all100L_m20_ia_r10_h6_t500,500,0.9899497487437184,0.964824120603015,0.9090909090909092,0.5227272727272727,3.89,0.736061684460261,1.1286416950435112,3.43,0.9251184834123224,0.5979899497487438,2.76,0.8127691798400001,0.00041917984,0.0,-0.0231481481481481,0.0230414746543778,-0.0909090909090909,-0.1578947368421053,-0.0263157894736841,0.964824120603015,1.0,0.683920704845815,6.08,True,True,False,False,True,True,False,-4.263157894736844
tune-c,all100L_m20_ia_r15_h6_t500,500,0.9899497487437184,0.964824120603015,0.9090909090909092,0.5227272727272727,3.89,0.7373737373737373,1.1263715474839198,3.37,0.9251184834123224,0.5979899497487438,2.76,0.81276784412,0.00041784412,0.0,-0.0231481481481481,0.0230414746543778,-0.0909090909090909,-0.1578947368421053,-0.0263157894736841,0.964824120603015,1.0,0.683920704845815,6.08,True,True,False,False,True,True,False,-4.263157894736844
tune-c,all100L_m20_ia_r1_h6_t500,500,0.9899497487437184,0.964824120603015,0.9090909090909092,0.5227272727272727,3.89,0.736061684460261,1.1286416950435112,3.43,0.9251184834123224,0.5979899497487438,2.76,0.8127691798400001,0.00041917984,0.0,-0.0231481481481481,0.0230414746543778,-0.0909090909090909,-0.1578947368421053,-0.0263157894736841,0.964824120603015,1.0,0.683920704845815,6.08,True,True,False,False,True,True,False,-4.263157894736844
tune-c,all100L_m20_ia_r20_h6_t500,500,0.9899497487437184,0.964824120603015,0.9090909090909092,0.5227272727272727,3.89,0.7378121284185494,1.1256148316307226,3.35,0.9251184834123224,0.5979899497487438,2.76,0.8127671560599999,0.00041715606,0.0,-0.0231481481481481,0.0230414746543778,-0.0909090909090909,-0.1578947368421053,-0.0263157894736841,0.964824120603015,1.0,0.683920704845815,6.08,True,True,False,False,True,True,False,-4.263157894736844
tune-c,all100L_m20_ia_r30_h6_t500,500,0.9899497487437184,0.964824120603015,0.9090909090909092,0.5227272727272727,3.89,0.7378121284185494,1.1256148316307226,3.35,0.9251184834123224,0.5979899497487438,2.76,0.8127671560599999,0.00041715606,0.0,-0.0231481481481481,0.0230414746543778,-0.0909090909090909,-0.1578947368421053,-0.0263157894736841,0.964824120603015,1.0,0.683920704845815,6.08,True,True,False,False,True,True,False,-4.263157894736844
tune-c,all100L_m20_ia_r5_h6_t500,500,0.9899497487437184,0.964824120603015,0.9090909090909092,0.5227272727272727,3.89,0.736061684460261,1.1286416950435112,3.43,0.9251184834123224,0.5979899497487438,2.76,0.8127691798400001,0.00041917984,0.0,-0.0231481481481481,0.0230414746543778,-0.0909090909090909,-0.1578947368421053,-0.0263157894736841,0.964824120603015,1.0,0.683920704845815,6.08,True,True,False,False,True,True,False,-4.263157894736844
tune-c,all100L_m20_in_r10_h6_t500,500,0.9899497487437184,0.964824120603015,0.9772727272727272,0.5227272727272727,3.9,0.7093455272935124,1.17631479379493,3.52,0.9251184834123224,0.5979899497487438,3.78,1.12962973612,0.00042973612,0.0,-0.0231481481481481,0.0230414746543778,-0.0227272727272727,-0.0625,0.0,0.964824120603015,1.0,0.683920704845815,6.08,True,True,True,False,True,True,False,-1.0833333333333335
tune-c,all100L_m20_in_r15_h6_t500,500,0.9899497487437184,0.964824120603015,0.9772727272727272,0.5227272727272727,3.9,0.7213019471083987,1.1543700340522134,3.38,0.9251184834123224,0.5979899497487438,3.42,1.0173741011400002,0.00042410114,0.0,-0.0231481481481481,0.0230414746543778,-0.0227272727272727,-0.0625,0.0,0.964824120603015,1.0,0.683920704845815,6.08,True,True,True,False,True,True,False,-1.0833333333333335
tune-c,all100L_m20_in_r1_h6_t500,500,0.9899497487437184,0.964824120603015,0.9772727272727272,0.5227272727272727,3.9,0.6772169167803547,1.2391222096102914,3.9,0.9251184834123224,0.5979899497487438,4.92,1.4761446618800005,0.00044466188,0.0,-0.0231481481481481,0.0230414746543778,-0.0227272727272727,-0.0625,0.0,0.964824120603015,1.0,0.683920704845815,6.08,True,True,True,False,False,True,False,-1.0833333333333335
tune-c,all100L_m20_in_r20_h6_t500,500,0.9899497487437184,0.964824120603015,0.9545454545454546,0.5227272727272727,3.89,0.7248831775700935,1.1483163072266365,3.35,0.9251184834123224,0.5979899497487438,3.29,0.97837201195,0.00042201195,0.0,-0.0231481481481481,0.0230414746543778,-0.0454545454545454,-0.1025641025641025,0.0,0.964824120603015,1.0,0.683920704845815,6.08,True,True,False,False,True,True,False,-2.418803418803417
tune-c,all100L_m20_in_r30_h6_t500,500,0.9899497487437184,0.964824120603015,0.9545454545454546,0.5227272727272727,3.89,0.73,1.139235716988271,3.35,0.9251184834123224,0.5979899497487438,3.08,0.91296999541,0.00041999541,0.0,-0.0231481481481481,0.0230414746543778,-0.0454545454545454,-0.1025641025641025,0.0,0.964824120603015,1.0,0.683920704845815,6.08,True,True,False,False,True,True,False,-2.418803418803417
tune-c,all100L_m20_in_r5_h6_t500,500,0.9899497487437184,0.964824120603015,0.9772727272727272,0.5227272727272727,3.9,0.6852567642186638,1.222852818766553,3.79,0.9251184834123224,0.5979899497487438,4.65,1.39794075811,0.00044075811,0.0,-0.0231481481481481,0.0230414746543778,-0.0227272727272727,-0.0625,0.0,0.964824120603015,1.0,0.683920704845815,6.08,True,True,True,False,False,True,False,-1.0833333333333335
tune-c,all100L_m30_i0_r10_h6_t500,500,0.984924623115578,0.9597989949748744,1.0,0.5227272727272727,3.92,0.7248381400824014,1.137343927355278,3.45,0.9251184834123224,0.5879396984924623,3.74,1.11920559951,0.00040559951,-0.0050251256281406,-0.0297619047619047,0.0198019801980198,0.0,0.0,0.0,0.964824120603015,1.0,0.683920704845815,6.08,False,True,True,True,True,True,False,-0.10670016750418491
tune-c,all100L_m30_i0_r15_h6_t500,500,0.984924623115578,0.9597989949748744,1.0,0.5227272727272727,3.92,0.7374251497005988,1.1153991676125614,3.31,0.9251184834123224,0.5879396984924623,3.38,1.0069499645900002,0.00039996459,-0.0050251256281406,-0.0297619047619047,0.0198019801980198,0.0,0.0,0.0,0.964824120603015,1.0,0.683920704845815,6.08,False,True,True,True,True,True,False,-0.10670016750418491
tune-c,all100L_m30_i0_r1_h6_t500,500,0.984924623115578,0.9597989949748744,1.0,0.5227272727272727,3.92,0.6906898485698262,1.2009080590238366,3.85,0.9251184834123224,0.5879396984924623,4.88,1.46572068698,0.00042068698,-0.0050251256281406,-0.0297619047619047,0.0198019801980198,0.0,0.0,0.0,0.964824120603015,1.0,0.683920704845815,6.08,False,True,True,True,False,True,False,-0.10670016750418491
tune-c,all100L_m30_i0_r20_h6_t500,500,0.984924623115578,0.9597989949748744,0.9772727272727272,0.5227272727272727,3.9,0.7414208308248044,1.1093454407869845,3.29,0.9251184834123224,0.5879396984924623,3.25,0.96794799407,0.00039799407,-0.0050251256281406,-0.0297619047619047,0.0198019801980198,-0.0227272727272727,-0.0697674418604651,0.0,0.964824120603015,1.0,0.683920704845815,6.08,False,True,True,False,True,True,False,-1.325581395348837
tune-c,all100L_m30_i0_r30_h6_t500,500,0.984924623115578,0.9597989949748744,0.9772727272727272,0.5227272727272727,3.9,0.7470427661510464,1.0998864926220204,3.28,0.9251184834123224,0.5879396984924623,3.04,0.9025454539,0.0003954539,-0.0050251256281406,-0.0297619047619047,0.0198019801980198,-0.0227272727272727,-0.0697674418604651,0.0,0.964824120603015,1.0,0.683920704845815,6.08,False,True,True,False,True,True,False,-1.325581395348837
tune-c,all100L_m30_i0_r5_h6_t500,500,0.984924623115578,0.9597989949748744,1.0,0.5227272727272727,3.92,0.6991200681237582,1.1846386681800984,3.74,0.9251184834123224,0.5879396984924623,4.61,1.38751677766,0.00041677766,-0.0050251256281406,-0.0297619047619047,0.0198019801980198,0.0,0.0,0.0,0.964824120603015,1.0,0.683920704845815,6.08,False,True,True,True,True,True,False,-0.10670016750418491
tune-c,all100L_m30_ia_r10_h6_t500,500,0.984924623115578,0.9597989949748744,0.9090909090909092,0.5227272727272727,3.9,0.7538273116962645,1.088157396897465,3.35,0.9251184834123224,0.5879396984924623,2.7,0.7964936502500001,0.00039365025,-0.0050251256281406,-0.0297619047619047,0.0198019801980198,-0.0909090909090909,-0.1578947368421053,-0.0263157894736841,0.964824120603015,1.0,0.683920704845815,6.08,False,True,False,False,True,True,False,-4.263157894736844
tune-c,all100L_m30_ia_r15_h6_t500,500,0.984924623115578,0.9597989949748744,0.9090909090909092,0.5227272727272727,3.9,0.7552147239263803,1.0858872493378735,3.29,0.9251184834123224,0.5879396984924623,2.7,0.79649231452,0.00039231452,-0.0050251256281406,-0.0297619047619047,0.0198019801980198,-0.0909090909090909,-0.1578947368421053,-0.0263157894736841,0.964824120603015,1.0,0.683920704845815,6.08,False,True,False,False,True,True,False,-4.263157894736844
tune-c,all100L_m30_ia_r1_h6_t500,500,0.984924623115578,0.9597989949748744,0.9090909090909092,0.5227272727272727,3.9,0.7538273116962645,1.088157396897465,3.35,0.9251184834123224,0.5879396984924623,2.7,0.7964936502500001,0.00039365025,-0.0050251256281406,-0.0297619047619047,0.0198019801980198,-0.0909090909090909,-0.1578947368421053,-0.0263157894736841,0.964824120603015,1.0,0.683920704845815,6.08,False,True,False,False,True,True,False,-4.263157894736844
tune-c,all100L_m30_ia_r20_h6_t500,500,0.984924623115578,0.9597989949748744,0.9090909090909092,0.5227272727272727,3.9,0.7556783302639656,1.0851305334846766,3.27,0.9251184834123224,0.5879396984924623,2.7,0.79649162646,0.00039162646,-0.0050251256281406,-0.0297619047619047,0.0198019801980198,-0.0909090909090909,-0.1578947368421053,-0.0263157894736841,0.964824120603015,1.0,0.683920704845815,6.08,False,True,False,False,True,True,False,-4.263157894736844
tune-c,all100L_m30_ia_r30_h6_t500,500,0.984924623115578,0.9597989949748744,0.9090909090909092,0.5227272727272727,3.9,0.7556783302639656,1.0851305334846766,3.27,0.9251184834123224,0.5879396984924623,2.7,0.79649162646,0.00039162646,-0.0050251256281406,-0.0297619047619047,0.0198019801980198,-0.0909090909090909,-0.1578947368421053,-0.0263157894736841,0.964824120603015,1.0,0.683920704845815,6.08,False,True,False,False,True,True,False,-4.263157894736844
tune-c,all100L_m30_ia_r5_h6_t500,500,0.984924623115578,0.9597989949748744,0.9090909090909092,0.5227272727272727,3.9,0.7538273116962645,1.088157396897465,3.35,0.9251184834123224,0.5879396984924623,2.7,0.7964936502500001,0.00039365025,-0.0050251256281406,-0.0297619047619047,0.0198019801980198,-0.0909090909090909,-0.1578947368421053,-0.0263157894736841,0.964824120603015,1.0,0.683920704845815,6.08,False,True,False,False,True,True,False,-4.263157894736844
tune-c,all100L_m30_in_r10_h6_t500,500,0.984924623115578,0.9597989949748744,0.9772727272727272,0.5227272727272727,3.91,0.72561155319776,1.1358304956488838,3.44,0.9251184834123224,0.5879396984924623,3.72,1.1133542064600002,0.00040420646,-0.0050251256281406,-0.0297619047619047,0.0198019801980198,-0.0227272727272727,-0.0625,0.0,0.964824120603015,1.0,0.683920704845815,6.08,False,True,True,False,True,True,False,-1.0833333333333335
tune-c,all100L_m30_in_r15_h6_t500,500,0.984924623115578,0.9597989949748744,0.9772727272727272,0.5227272727272727,3.91,0.7382308845577211,1.1138857359061671,3.3,0.9251184834123224,0.5879396984924623,3.36,1.00109857151,0.00039857151,-0.0050251256281406,-0.0297619047619047,0.0198019801980198,-0.0227272727272727,-0.0625,0.0,0.964824120603015,1.0,0.683920704845815,6.08,False,True,True,False,True,True,False,-1.0833333333333335
tune-c,all100L_m30_in_r1_h6_t500,500,0.984924623115578,0.9597989949748744,0.9772727272727272,0.5227272727272727,3.91,0.69176735037932,1.1986379114642451,3.82,0.9251184834123224,0.5879396984924623,4.86,1.45986913227,0.00041913227,-0.0050251256281406,-0.0297619047619047,0.0198019801980198,-0.0227272727272727,-0.0625,0.0,0.964824120603015,1.0,0.683920704845815,6.08,False,True,True,False,False,True,False,-1.0833333333333335
tune-c,all100L_m30_in_r20_h6_t500,500,0.984924623115578,0.9597989949748744,0.9545454545454546,0.5227272727272727,3.9,0.7420132610006027,1.1078320090805902,3.27,0.9251184834123224,0.5879396984924623,3.23,0.96209648233,0.00039648233,-0.0050251256281406,-0.0297619047619047,0.0198019801980198,-0.0454545454545454,-0.1025641025641025,0.0,0.964824120603015,1.0,0.683920704845815,6.08,False,True,False,False,True,True,False,-2.418803418803417
tune-c,all100L_m30_in_r30_h6_t500,500,0.984924623115578,0.9597989949748744,0.9545454545454546,0.5227272727272727,3.9,0.7474195506982392,1.0987514188422247,3.27,0.9251184834123224,0.5879396984924623,3.02,0.89669446579,0.00039446579,-0.0050251256281406,-0.0297619047619047,0.0198019801980198,-0.0454545454545454,-0.1025641025641025,0.0,0.964824120603015,1.0,0.683920704845815,6.08,False,True,False,False,True,True,False,-2.418803418803417
tune-c,all100L_m30_in_r5_h6_t500,500,0.984924623115578,0.9597989949748744,0.9772727272727272,0.5227272727272727,3.91,0.7002275312855518,1.182368520620507,3.71,0.9251184834123224,0.5879396984924623,4.59,1.3816652285000002,0.0004152285,-0.0050251256281406,-0.0297619047619047,0.0198019801980198,-0.0227272727272727,-0.0625,0.0,0.964824120603015,1.0,0.683920704845815,6.08,False,True,True,False,True,True,False,-1.0833333333333335
tune-c,all100L_m50_i0_r10_h6_t500,500,0.984924623115578,0.9597989949748744,1.0,0.5227272727272727,3.93,0.75202492211838,1.06583427922815,3.31,0.923696682464455,0.5879396984924623,3.71,1.1111766844300002,0.00037668443,-0.0050251256281406,-0.0297619047619047,0.0198019801980198,0.0,0.0,0.0,0.964824120603015,1.0,0.683920704845815,6.08,False,True,True,True,True,True,False,-0.10670016750418491
tune-c,all100L_m50_i0_r15_h6_t500,500,0.984924623115578,0.9597989949748744,1.0,0.5227272727272727,3.93,0.7658629441624365,1.0438895194854332,3.17,0.923696682464455,0.5879396984924623,3.35,0.99892104951,0.00037104951,-0.0050251256281406,-0.0297619047619047,0.0198019801980198,0.0,0.0,0.0,0.964824120603015,1.0,0.683920704845815,6.08,False,True,True,True,True,True,False,-0.10670016750418491
tune-c,all100L_m50_i0_r1_h6_t500,500,0.984924623115578,0.9597989949748744,1.0,0.5227272727272727,3.93,0.7146240378922439,1.1293984108967083,3.71,0.923696682464455,0.5879396984924623,4.85,1.4576917718800002,0.00039177188,-0.0050251256281406,-0.0297619047619047,0.0198019801980198,0.0,0.0,0.0,0.964824120603015,1.0,0.683920704845815,6.08,False,True,True,True,True,True,False,-0.10670016750418491
tune-c,all100L_m50_i0_r20_h6_t500,500,0.984924623115578,0.9597989949748744,0.9772727272727272,0.5227272727272727,3.91,0.7702616464582004,1.0378357926598565,3.15,0.923696682464455,0.5879396984924623,3.22,0.95991907901,0.00036907901,-0.0050251256281406,-0.0297619047619047,0.0198019801980198,-0.0227272727272727,-0.0697674418604651,0.0,0.964824120603015,1.0,0.683920704845815,6.08,False,True,True,False,True,True,False,-1.325581395348837
tune-c,all100L_m50_i0_r30_h6_t500,500,0.984924623115578,0.9597989949748744,0.9772727272727272,0.5227272727272727,3.91,0.7764554519137986,1.0283768444948922,3.14,0.923696682464455,0.5879396984924623,3.01,0.89451653886,0.00036653886,-0.0050251256281406,-0.0297619047619047,0.0198019801980198,-0.0227272727272727,-0.0697674418604651,0.0,0.964824120603015,1.0,0.683920704845815,6.08,False,True,True,False,True,True,False,-1.325581395348837
tune-c,all100L_m50_i0_r5_h6_t500,500,0.984924623115578,0.9597989949748744,1.0,0.5227272727272727,3.93,0.7238380809595203,1.1131290200529702,3.6,0.923696682464455,0.5879396984924623,4.58,1.37948786256,0.00038786256,-0.0050251256281406,-0.0297619047619047,0.0198019801980198,0.0,0.0,0.0,0.964824120603015,1.0,0.683920704845815,6.08,False,True,True,True,True,True,False,-0.10670016750418491
tune-c,all100L_m50_ia_r10_h6_t500,500,0.984924623115578,0.9597989949748744,0.9090909090909092,0.5227272727272727,3.91,0.7839506172839507,1.0166477487703367,3.21,0.923696682464455,0.5879396984924623,2.67,0.78846473554,0.00036473554,-0.0050251256281406,-0.0297619047619047,0.0198019801980198,-0.0909090909090909,-0.1578947368421053,-0.0263157894736841,0.964824120603015,1.0,0.683920704845815,6.08,False,True,False,False,True,True,False,-4.263157894736844
tune-c,all100L_m50_ia_r15_h6_t500,500,0.984924623115578,0.9597989949748744,0.9090909090909092,0.5227272727272727,3.91,0.7854817708333334,1.0143776012107453,3.15,0.923696682464455,0.5879396984924623,2.67,0.7884633998200001,0.00036339982,-0.0050251256281406,-0.0297619047619047,0.0198019801980198,-0.0909090909090909,-0.1578947368421053,-0.0263157894736841,0.964824120603015,1.0,0.683920704845815,6.08,False,True,False,False,True,True,False,-4.263157894736844
tune-c,all100L_m50_ia_r1_h6_t500,500,0.984924623115578,0.9597989949748744,0.9090909090909092,0.5227272727272727,3.91,0.7839506172839507,1.0166477487703367,3.21,0.923696682464455,0.5879396984924623,2.67,0.78846473554,0.00036473554,-0.0050251256281406,-0.0297619047619047,0.0198019801980198,-0.0909090909090909,-0.1578947368421053,-0.0263157894736841,0.964824120603015,1.0,0.683920704845815,6.08,False,True,False,False,True,True,False,-4.263157894736844
tune-c,all100L_m50_ia_r20_h6_t500,500,0.984924623115578,0.9597989949748744,0.9090909090909092,0.5227272727272727,3.91,0.7859934853420195,1.0136208853575484,3.13,0.923696682464455,0.5879396984924623,2.67,0.78846271177,0.00036271177,-0.0050251256281406,-0.0297619047619047,0.0198019801980198,-0.0909090909090909,-0.1578947368421053,-0.0263157894736841,0.964824120603015,1.0,0.683920704845815,6.08,False,True,False,False,True,True,False,-4.263157894736844
tune-c,all100L_m50_ia_r30_h6_t500,500,0.984924623115578,0.9597989949748744,0.9090909090909092,0.5227272727272727,3.91,0.7859934853420195,1.0136208853575484,3.13,0.923696682464455,0.5879396984924623,2.67,0.78846271177,0.00036271177,-0.0050251256281406,-0.0297619047619047,0.0198019801980198,-0.0909090909090909,-0.1578947368421053,-0.0263157894736841,0.964824120603015,1.0,0.683920704845815,6.08,False,True,False,False,True,True,False,-4.263157894736844
tune-c,all100L_m50_ia_r5_h6_t500,500,0.984924623115578,0.9597989949748744,0.9090909090909092,0.5227272727272727,3.91,0.7839506172839507,1.0166477487703367,3.21,0.923696682464455,0.5879396984924623,2.67,0.78846473554,0.00036473554,-0.0050251256281406,-0.0297619047619047,0.0198019801980198,-0.0909090909090909,-0.1578947368421053,-0.0263157894736841,0.964824120603015,1.0,0.683920704845815,6.08,False,True,False,False,True,True,False,-4.263157894736844
tune-c,all100L_m50_in_r10_h6_t500,500,0.984924623115578,0.9597989949748744,0.9772727272727272,0.5227272727272727,3.92,0.7528861154446178,1.0643208475217556,3.3,0.923696682464455,0.5879396984924623,3.69,1.1053252913900002,0.00037529139,-0.0050251256281406,-0.0297619047619047,0.0198019801980198,-0.0227272727272727,-0.0625,0.0,0.964824120603015,1.0,0.683920704845815,6.08,False,True,True,False,True,True,False,-1.0833333333333335
tune-c,all100L_m50_in_r15_h6_t500,500,0.984924623115578,0.9597989949748744,0.9772727272727272,0.5227272727272727,3.92,0.7667619955513187,1.042376087779039,3.16,0.923696682464455,0.5879396984924623,3.33,0.99306965645,0.00036965645,-0.0050251256281406,-0.0297619047619047,0.0198019801980198,-0.0227272727272727,-0.0625,0.0,0.964824120603015,1.0,0.683920704845815,6.08,False,True,True,False,True,True,False,-1.0833333333333335
tune-c,all100L_m50_in_r1_h6_t500,500,0.984924623115578,0.9597989949748744,0.9772727272727272,0.5227272727272727,3.92,0.7158113319489766,1.127128263337117,3.68,0.923696682464455,0.5879396984924623,4.83,1.4518402171700002,0.00039021717,-0.0050251256281406,-0.0297619047619047,0.0198019801980198,-0.0227272727272727,-0.0625,0.0,0.964824120603015,1.0,0.683920704845815,6.08,False,True,True,False,True,True,False,-1.0833333333333335
tune-c,all100L_m50_in_r20_h6_t500,500,0.984924623115578,0.9597989949748744,0.9545454545454546,0.5227272727272727,3.91,0.770926517571885,1.036322360953462,3.13,0.923696682464455,0.5879396984924623,3.2,0.95406756728,0.00036756728,-0.0050251256281406,-0.0297619047619047,0.0198019801980198,-0.0454545454545454,-0.1025641025641025,0.0,0.964824120603015,1.0,0.683920704845815,6.08,False,True,False,False,True,True,False,-2.418803418803417
tune-c,all100L_m50_in_r30_h6_t500,500,0.984924623115578,0.9597989949748744,0.9545454545454546,0.5227272727272727,3.91,0.7768834513844173,1.0272417707150965,3.13,0.923696682464455,0.5879396984924623,2.99,0.8886655507400001,0.00036555074,-0.0050251256281406,-0.0297619047619047,0.0198019801980198,-0.0454545454545454,-0.1025641025641025,0.0,0.964824120603015,1.0,0.683920704845815,6.08,False,True,False,False,True,True,False,-2.418803418803417
tune-c,all100L_m50_in_r5_h6_t500,500,0.984924623115578,0.9597989949748744,0.9772727272727272,0.5227272727272727,3.92,0.7250600961538461,1.1108588724933788,3.57,0.923696682464455,0.5879396984924623,4.56,1.3736363134200005,0.00038631342,-0.0050251256281406,-0.0297619047619047,0.0198019801980198,-0.0227272727272727,-0.0625,0.0,0.964824120603015,1.0,0.683920704845815,6.08,False,True,True,False,True,True,False,-1.0833333333333335
tune-c,all50L_m0_i0_r15_h15_t500,500,0.9899497487437184,0.9798994974874372,1.0,0.5227272727272727,2.41,0.6601360544217687,1.2992811199394627,3.68,0.933649289099526,0.6884422110552764,4.81,1.31314606924,0.00054606924,0.0150753768844221,-0.0054054054054053,0.0366492146596858,0.0,0.0,0.0,0.964824120603015,1.0,0.683920704845815,6.08,True,True,True,True,False,True,False,-1.0954648526077082
tune-c,all50L_m0_i0_r1_h15_t500,500,0.9899497487437184,0.9798994974874372,1.0,0.5227272727272727,2.41,0.6218918226095873,1.384790011350738,4.22,0.933649289099526,0.6884422110552764,6.49,1.8228666251600003,0.00056662516,0.0150753768844221,-0.0054054054054053,0.0366492146596858,0.0,0.0,0.0,0.964824120603015,1.0,0.683920704845815,6.08,True,True,True,True,False,True,False,-2.3702725796804214
tune-c,all50L_m0_i0_r30_h15_t500,500,0.9899497487437184,0.9798994974874372,0.9772727272727272,0.5227272727272727,2.39,0.6679515418502202,1.2837684449489215,3.65,0.933649289099526,0.6884422110552764,4.44,1.2004416429000002,0.0005416429,0.0150753768844221,-0.0054054054054053,0.0366492146596858,-0.0227272727272727,-0.0697674418604651,0.0,0.964824120603015,1.0,0.683920704845815,6.08,True,True,True,False,False,True,False,-1.325581395348837
tune-c,all50L_m0_ia_r15_h15_t500,500,0.9899497487437184,0.9798994974874372,0.7954545454545454,0.5227272727272727,2.37,0.676552881925014,1.2625804010594022,3.52,0.933649289099526,0.6884422110552764,4.01,1.0656344672000002,0.0005344672,0.0150753768844221,-0.0054054054054053,0.0366492146596858,-0.2045454545454545,-0.2941176470588235,-0.12,0.964824120603015,1.0,0.683920704845815,6.08,True,True,False,False,False,True,False,-8.803921568627448
tune-c,all50L_m0_ia_r1_h15_t500,500,0.9899497487437184,0.9798994974874372,0.7954545454545454,0.5227272727272727,2.37,0.676552881925014,1.2625804010594022,3.52,0.933649289099526,0.6884422110552764,4.01,1.0656344672000002,0.0005344672,0.0150753768844221,-0.0054054054054053,0.0366492146596858,-0.2045454545454545,-0.2941176470588235,-0.12,0.964824120603015,1.0,0.683920704845815,6.08,True,True,False,False,False,True,False,-8.803921568627448
tune-c,all50L_m0_ia_r30_h15_t500,500,0.9899497487437184,0.9798994974874372,0.7954545454545454,0.5227272727272727,2.37,0.676552881925014,1.2625804010594022,3.52,0.933649289099526,0.6884422110552764,4.01,1.0656344672000002,0.0005344672,0.0150753768844221,-0.0054054054054053,0.0366492146596858,-0.2045454545454545,-0.2941176470588235,-0.12,0.964824120603015,1.0,0.683920704845815,6.08,True,True,False,False,False,True,False,-8.803921568627448
tune-c,all50L_m0_in_r15_h15_t500,500,0.9899497487437184,0.9798994974874372,0.8409090909090909,0.5227272727272727,2.39,0.6641954969796815,1.2875520242149072,3.56,0.933649289099526,0.6884422110552764,4.62,1.25499152539,0.00054152539,0.0150753768844221,-0.0054054054054053,0.0366492146596858,-0.159090909090909,-0.25,-0.0769230769230768,0.964824120603015,1.0,0.683920704845815,6.08,True,True,False,False,False,True,False,-7.333333333333334
tune-c,all50L_m0_in_r1_h15_t500,500,0.9899497487437184,0.9798994974874372,0.8409090909090909,0.5227272727272727,2.39,0.6312630480167014,1.359440030268634,3.97,0.933649289099526,0.6884422110552764,6.08,1.69850908157,0.00055908157,0.0150753768844221,-0.0054054054054053,0.0366492146596858,-0.159090909090909,-0.25,-0.0769230769230768,0.964824120603015,1.0,0.683920704845815,6.08,True,True,False,False,False,True,False,-7.333333333333334
tune-c,all50L_m0_in_r30_h15_t500,500,0.9899497487437184,0.9798994974874372,0.8409090909090909,0.5227272727272727,2.37,0.6708264004437049,1.2746878547105562,3.54,0.933649289099526,0.6884422110552764,4.31,1.1589378393900005,0.00053783939,0.0150753768844221,-0.0054054054054053,0.0366492146596858,-0.159090909090909,-0.25,-0.0769230769230768,0.964824120603015,1.0,0.683920704845815,6.08,True,True,False,False,False,True,False,-7.333333333333334
tune-c,all50L_m10_i0_r15_h15_t500,500,0.9899497487437184,0.9798994974874372,1.0,0.5227272727272727,2.44,0.7244186046511628,1.209231933409005,3.54,0.9327014218009478,0.6884422110552764,4.75,1.30415004199,0.00045004199,0.0150753768844221,-0.0054054054054053,0.0366492146596858,0.0,0.0,0.0,0.964824120603015,1.0,0.683920704845815,6.08,True,True,True,True,True,True,True,0.5633165829145748
tune-c,all50L_m10_i0_r1_h15_t500,500,0.9899497487437184,0.9798994974874372,1.0,0.5227272727272727,2.44,0.6797599563557011,1.29474082482028,4.08,0.9327014218009478,0.6884422110552764,6.43,1.81387060417,0.00047060417,0.0150753768844221,-0.0054054054054053,0.0366492146596858,0.0,0.0,0.0,0.964824120603015,1.0,0.683920704845815,6.08,True,True,True,True,False,True,False,-0.44133478814329574
tune-c,all50L_m10_i0_r30_h15_t500,500,0.9899497487437184,0.9798994974874372,0.9772727272727272,0.5227272727272727,2.42,0.7335884604062408,1.193719258418464,3.51,0.9327014218009478,0.6884422110552764,4.38,1.19144561648,0.00044561648,0.0150753768844221,-0.0054054054054053,0.0366492146596858,-0.0227272727272727,-0.0697674418604651,0.0,0.964824120603015,1.0,0.683920704845815,6.08,True,True,True,False,True,True,False,-1.325581395348837
tune-c,all50L_m10_ia_r15_h15_t500,500,0.9899497487437184,0.9798994974874372,0.7954545454545454,0.5227272727272727,2.4,0.7439353099730458,1.1725312145289444,3.38,0.9327014218009478,0.6884422110552764,3.95,1.05663836393,0.00043836393,0.0150753768844221,-0.0054054054054053,0.0366492146596858,-0.2045454545454545,-0.2941176470588235,-0.12,0.964824120603015,1.0,0.683920704845815,6.08,True,True,False,False,True,True,False,-8.803921568627448
tune-c,all50L_m10_ia_r1_h15_t500,500,0.9899497487437184,0.9798994974874372,0.7954545454545454,0.5227272727272727,2.4,0.7439353099730458,1.1725312145289444,3.38,0.9327014218009478,0.6884422110552764,3.95,1.05663836393,0.00043836393,0.0150753768844221,-0.0054054054054053,0.0366492146596858,-0.2045454545454545,-0.2941176470588235,-0.12,0.964824120603015,1.0,0.683920704845815,6.08,True,True,False,False,True,True,False,-8.803921568627448
tune-c,all50L_m10_ia_r30_h15_t500,500,0.9899497487437184,0.9798994974874372,0.7954545454545454,0.5227272727272727,2.4,0.7439353099730458,1.1725312145289444,3.38,0.9327014218009478,0.6884422110552764,3.95,1.05663836393,0.00043836393,0.0150753768844221,-0.0054054054054053,0.0366492146596858,-0.2045454545454545,-0.2941176470588235,-0.12,0.964824120603015,1.0,0.683920704845815,6.08,True,True,False,False,True,True,False,-8.803921568627448
tune-c,all50L_m10_in_r15_h15_t500,500,0.9899497487437184,0.9798994974874372,0.8409090909090909,0.5227272727272727,2.42,0.7293806868212503,1.1975028376844494,3.42,0.9327014218009478,0.6884422110552764,4.56,1.24599549592,0.00044549592,0.0150753768844221,-0.0054054054054053,0.0366492146596858,-0.159090909090909,-0.25,-0.0769230769230768,0.964824120603015,1.0,0.683920704845815,6.08,True,True,False,False,True,True,False,-7.333333333333334
tune-c,all50L_m10_in_r1_h15_t500,500,0.9899497487437184,0.9798994974874372,0.8409090909090909,0.5227272727272727,2.42,0.6908534890186266,1.2693908437381762,3.83,0.9327014218009478,0.6884422110552764,6.01,1.68686305283,0.00046305283,0.0150753768844221,-0.0054054054054053,0.0366492146596858,-0.159090909090909,-0.25,-0.0769230769230768,0.964824120603015,1.0,0.683920704845815,6.08,True,True,False,False,False,True,False,-7.333333333333334
tune-c,all50L_m10_in_r30_h15_t500,500,0.9899497487437184,0.9798994974874372,0.8409090909090909,0.5227272727272727,2.4,0.7371699792346484,1.1846386681800984,3.4,0.9327014218009478,0.6884422110552764,4.25,1.14994181078,0.00044181078,0.0150753768844221,-0.0054054054054053,0.0366492146596858,-0.159090909090909,-0.25,-0.0769230769230768,0.964824120603015,1.0,0.683920704845815,6.08,True,True,False,False,True,True,False,-7.333333333333334
tune-c,all50L_m20_i0_r15_h15_t500,500,0.9899497487437184,0.9748743718592964,1.0,0.5227272727272727,2.52,0.7552067612435859,1.158153613318199,3.49,0.9298578199052132,0.6934673366834171,4.58,1.2621125376700002,0.00041253767,0.0100502512562814,-0.0132450331125827,0.0331491712707182,0.0,0.0,0.0,0.964824120603015,1.0,0.683920704845815,6.08,True,True,True,True,True,True,True,0.3958123953098802
tune-c,all50L_m20_i0_r1_h15_t500,500,0.9899497487437184,0.9748743718592964,1.0,0.5227272727272727,2.52,0.7069793727041537,1.243662504729474,4.03,0.9298578199052132,0.6934673366834171,6.26,1.77183309983,0.00043309983,0.0100502512562814,-0.0132450331125827,0.0331491712707182,0.0,0.0,0.0,0.964824120603015,1.0,0.683920704845815,6.08,True,True,True,True,True,True,True,0.3958123953098802
tune-c,all50L_m20_i0_r30_h15_t500,500,0.9899497487437184,0.9748743718592964,0.9772727272727272,0.5227272727272727,2.5,0.7651376146788991,1.142640938327658,3.46,0.9298578199052132,0.6934673366834171,4.21,1.1494081121700002,0.00040811217,0.0100502512562814,-0.0132450331125827,0.0331491712707182,-0.0227272727272727,-0.0697674418604651,0.0,0.964824120603015,1.0,0.683920704845815,6.08,True,True,True,False,True,True,False,-1.325581395348837
tune-c,all50L_m20_ia_r15_h15_t500,500,0.9899497487437184,0.9748743718592964,0.7954545454545454,0.5227272727272727,2.48,0.7764632627646326,1.1214528944381386,3.33,0.9298578199052132,0.6934673366834171,3.78,1.01460085962,0.00040085962,0.0100502512562814,-0.0132450331125827,0.0331491712707182,-0.2045454545454545,-0.2941176470588235,-0.12,0.964824120603015,1.0,0.683920704845815,6.08,True,True,False,False,True,True,False,-8.803921568627448
tune-c,all50L_m20_ia_r1_h15_t500,500,0.9899497487437184,0.9748743718592964,0.7954545454545454,0.5227272727272727,2.48,0.7764632627646326,1.1214528944381386,3.33,0.9298578199052132,0.6934673366834171,3.78,1.01460085962,0.00040085962,0.0100502512562814,-0.0132450331125827,0.0331491712707182,-0.2045454545454545,-0.2941176470588235,-0.12,0.964824120603015,1.0,0.683920704845815,6.08,True,True,False,False,True,True,False,-8.803921568627448
tune-c,all50L_m20_ia_r30_h15_t500,500,0.9899497487437184,0.9748743718592964,0.7954545454545454,0.5227272727272727,2.48,0.7764632627646326,1.1214528944381386,3.33,0.9298578199052132,0.6934673366834171,3.78,1.01460085962,0.00040085962,0.0100502512562814,-0.0132450331125827,0.0331491712707182,-0.2045454545454545,-0.2941176470588235,-0.12,0.964824120603015,1.0,0.683920704845815,6.08,True,True,False,False,True,True,False,-8.803921568627448
tune-c,all50L_m20_in_r15_h15_t500,500,0.9899497487437184,0.9748743718592964,0.8409090909090909,0.5227272727272727,2.5,0.760670731707317,1.1464245175936436,3.37,0.9298578199052132,0.6934673366834171,4.39,1.2039579916500005,0.00040799165,0.0100502512562814,-0.0132450331125827,0.0331491712707182,-0.159090909090909,-0.25,-0.0769230769230768,0.964824120603015,1.0,0.683920704845815,6.08,True,True,False,False,True,True,False,-7.333333333333334
tune-c,all50L_m20_in_r1_h15_t500,500,0.9899497487437184,0.9748743718592964,0.8409090909090909,0.5227272727272727,2.5,0.7190201729106628,1.2183125236473704,3.78,0.9298578199052132,0.6934673366834171,5.84,1.64482554853,0.00042554853,0.0100502512562814,-0.0132450331125827,0.0331491712707182,-0.159090909090909,-0.25,-0.0769230769230768,0.964824120603015,1.0,0.683920704845815,6.08,True,True,False,False,True,True,False,-7.333333333333334
tune-c,all50L_m20_in_r30_h15_t500,500,0.9899497487437184,0.9748743718592964,0.8409090909090909,0.5227272727272727,2.48,0.7691122071516646,1.1335603480892924,3.35,0.9298578199052132,0.6934673366834171,4.08,1.10790430646,0.00040430646,0.0100502512562814,-0.0132450331125827,0.0331491712707182,-0.159090909090909,-0.25,-0.0769230769230768,0.964824120603015,1.0,0.683920704845815,6.08,True,True,False,False,True,True,False,-7.333333333333334
tune-c,all50L_m30_i0_r15_h15_t500,500,0.984924623115578,0.9698492462311558,1.0,0.5227272727272727,2.5,0.7753510140405616,1.1180476730987514,3.38,0.9303317535545024,0.6934673366834171,4.48,1.24049070371,0.00039070371,0.0050251256281407,-0.02,0.0301507537688442,0.0,0.0,0.0,0.964824120603015,1.0,0.683920704845815,6.08,True,True,True,True,True,True,True,0.22830820770519308
tune-c,all50L_m30_i0_r1_h15_t500,500,0.984924623115578,0.9698492462311558,1.0,0.5227272727272727,2.5,0.7242786359661906,1.2035565645100266,3.92,0.9303317535545024,0.6934673366834171,6.16,1.75021126585,0.00041126585,0.0050251256281407,-0.02,0.0301507537688442,0.0,0.0,0.0,0.964824120603015,1.0,0.683920704845815,6.08,True,True,True,True,True,True,True,0.22830820770519308
tune-c,all50L_m30_i0_r30_h15_t500,500,0.984924623115578,0.9698492462311558,0.9772727272727272,0.5227272727272727,2.48,0.7858950031625553,1.1025349981082104,3.35,0.9303317535545024,0.6934673366834171,4.11,1.12778627824,0.00038627824,0.0050251256281407,-0.02,0.0301507537688442,-0.0227272727272727,-0.0697674418604651,0.0,0.964824120603015,1.0,0.683920704845815,6.08,True,True,True,False,True,True,False,-1.325581395348837
tune-c,all50L_m30_ia_r15_h15_t500,500,0.984924623115578,0.9698492462311558,0.7954545454545454,0.5227272727272727,2.46,0.7980025773195877,1.0813469542186909,3.22,0.9303317535545024,0.6934673366834171,3.68,0.99297897085,0.00037897085,0.0050251256281407,-0.02,0.0301507537688442,-0.2045454545454545,-0.2941176470588235,-0.12,0.964824120603015,1.0,0.683920704845815,6.08,True,True,False,False,True,True,False,-8.803921568627448
tune-c,all50L_m30_ia_r1_h15_t500,500,0.984924623115578,0.9698492462311558,0.7954545454545454,0.5227272727272727,2.46,0.7980025773195877,1.0813469542186909,3.22,0.9303317535545024,0.6934673366834171,3.68,0.99297897085,0.00037897085,0.0050251256281407,-0.02,0.0301507537688442,-0.2045454545454545,-0.2941176470588235,-0.12,0.964824120603015,1.0,0.683920704845815,6.08,True,True,False,False,True,True,False,-8.803921568627448
tune-c,all50L_m30_ia_r30_h15_t500,500,0.984924623115578,0.9698492462311558,0.7954545454545454,0.5227272727272727,2.46,0.7980025773195877,1.0813469542186909,3.22,0.9303317535545024,0.6934673366834171,3.68,0.99297897085,0.00037897085,0.0050251256281407,-0.02,0.0301507537688442,-0.2045454545454545,-0.2941176470588235,-0.12,0.964824120603015,1.0,0.683920704845815,6.08,True,True,False,False,True,True,False,-8.803921568627448
tune-c,all50L_m30_in_r15_h15_t500,500,0.984924623115578,0.9698492462311558,0.8409090909090909,0.5227272727272727,2.48,0.7812105926860026,1.106318577374196,3.26,0.9303317535545024,0.6934673366834171,4.29,1.1823361576900002,0.00038615769,0.0050251256281407,-0.02,0.0301507537688442,-0.159090909090909,-0.25,-0.0769230769230768,0.964824120603015,1.0,0.683920704845815,6.08,True,True,False,False,True,True,False,-7.333333333333334
tune-c,all50L_m30_in_r1_h15_t500,500,0.984924623115578,0.9698492462311558,0.8409090909090909,0.5227272727272727,2.48,0.737061273051755,1.1782065834279227,3.67,0.9303317535545024,0.6934673366834171,5.74,1.62320371455,0.00040371455,0.0050251256281407,-0.02,0.0301507537688442,-0.159090909090909,-0.25,-0.0769230769230768,0.964824120603015,1.0,0.683920704845815,6.08,True,True,False,False,True,True,False,-7.333333333333334
tune-c,all50L_m30_in_r30_h15_t500,500,0.984924623115578,0.9698492462311558,0.8409090909090909,0.5227272727272727,2.46,0.7901785714285714,1.093454407869845,3.24,0.9303317535545024,0.6934673366834171,3.98,1.08628247252,0.00038247252,0.0050251256281407,-0.02,0.0301507537688442,-0.159090909090909,-0.25,-0.0769230769230768,0.964824120603015,1.0,0.683920704845815,6.08,True,True,False,False,True,True,False,-7.333333333333334
tune-c,all50L_m50_i0_r15_h15_t500,500,0.984924623115578,0.9698492462311558,1.0,0.5227272727272727,2.5,0.8072968490878939,1.0461596670450246,3.22,0.9293838862559242,0.6984924623115578,4.29,1.19970940753,0.00035940753,0.0050251256281407,-0.02,0.0301507537688442,0.0,0.0,0.0,0.964824120603015,1.0,0.683920704845815,6.08,True,True,True,True,True,True,True,0.22830820770519308
tune-c,all50L_m50_i0_r1_h15_t500,500,0.984924623115578,0.9698492462311558,1.0,0.5227272727272727,2.5,0.7510027769207035,1.1316685584562998,3.76,0.9293838862559242,0.6984924623115578,5.97,1.7094299697100002,0.00037996971,0.0050251256281407,-0.02,0.0301507537688442,0.0,0.0,0.0,0.964824120603015,1.0,0.683920704845815,6.08,True,True,True,True,True,True,True,0.22830820770519308
tune-c,all50L_m50_i0_r30_h15_t500,500,0.984924623115578,0.9698492462311558,0.9772727272727272,0.5227272727272727,2.48,0.8189771197846568,1.0306469920544836,3.19,0.9293838862559242,0.6984924623115578,3.92,1.08700498208,0.00035498208,0.0050251256281407,-0.02,0.0301507537688442,-0.0227272727272727,-0.0697674418604651,0.0,0.964824120603015,1.0,0.683920704845815,6.08,True,True,True,False,True,True,False,-1.325581395348837
tune-c,all50L_m50_ia_r15_h15_t500,500,0.984924623115578,0.9698492462311558,0.7954545454545454,0.5227272727272727,2.46,0.8325326012354153,1.009458948164964,3.06,0.9293838862559242,0.6984924623115578,3.49,0.95219772984,0.00034772984,0.0050251256281407,-0.02,0.0301507537688442,-0.2045454545454545,-0.2941176470588235,-0.12,0.964824120603015,1.0,0.683920704845815,6.08,True,True,False,False,True,True,False,-8.803921568627448
tune-c,all50L_m50_ia_r1_h15_t500,500,0.984924623115578,0.9698492462311558,0.7954545454545454,0.5227272727272727,2.46,0.8325326012354153,1.009458948164964,3.06,0.9293838862559242,0.6984924623115578,3.49,0.95219772984,0.00034772984,0.0050251256281407,-0.02,0.0301507537688442,-0.2045454545454545,-0.2941176470588235,-0.12,0.964824120603015,1.0,0.683920704845815,6.08,True,True,False,False,True,True,False,-8.803921568627448
tune-c,all50L_m50_ia_r30_h15_t500,500,0.984924623115578,0.9698492462311558,0.7954545454545454,0.5227272727272727,2.46,0.8325326012354153,1.009458948164964,3.06,0.9293838862559242,0.6984924623115578,3.49,0.95219772984,0.00034772984,0.0050251256281407,-0.02,0.0301507537688442,-0.2045454545454545,-0.2941176470588235,-0.12,0.964824120603015,1.0,0.683920704845815,6.08,True,True,False,False,True,True,False,-8.803921568627448
tune-c,all50L_m50_in_r15_h15_t500,500,0.984924623115578,0.9698492462311558,0.8409090909090909,0.5227272727272727,2.48,0.8138832997987927,1.0344305713204691,3.1,0.9293838862559242,0.6984924623115578,4.1,1.1415548614800002,0.00035486148,0.0050251256281407,-0.02,0.0301507537688442,-0.159090909090909,-0.25,-0.0769230769230768,0.964824120603015,1.0,0.683920704845815,6.08,True,True,False,False,True,True,False,-7.333333333333334
tune-c,all50L_m50_in_r1_h15_t500,500,0.984924623115578,0.9698492462311558,0.8409090909090909,0.5227272727272727,2.48,0.7651324085750315,1.106318577374196,3.51,0.9293838862559242,0.6984924623115578,5.55,1.5824224183800002,0.00037241838,0.0050251256281407,-0.02,0.0301507537688442,-0.159090909090909,-0.25,-0.0769230769230768,0.964824120603015,1.0,0.683920704845815,6.08,True,True,False,False,True,True,False,-7.333333333333334
tune-c,all50L_m50_in_r30_h15_t500,500,0.984924623115578,0.9698492462311558,0.8409090909090909,0.5227272727272727,2.46,0.8238289205702648,1.021566401816118,3.08,0.9293838862559242,0.6984924623115578,3.79,1.0455011763700002,0.00035117637,0.0050251256281407,-0.02,0.0301507537688442,-0.159090909090909,-0.25,-0.0769230769230768,0.964824120603015,1.0,0.683920704845815,6.08,True,True,False,False,True,True,False,-7.333333333333334
tune-c,dep100L_m0_i0_r15_h15_t500,500,0.9899497487437184,0.9798994974874372,1.0,0.5227272727272727,1.51,0.6822961068485365,1.2743094967839577,3.62,0.923222748815166,0.678391959798995,4.72,1.29340517639,0.00050517639,0.0150753768844221,-0.0054054054054053,0.0366492146596858,0.0,0.0,0.0,0.964824120603015,1.0,0.683920704845815,6.08,True,True,True,True,False,True,False,-0.3567964383821158
tune-c,dep100L_m0_i0_r1_h15_t500,500,0.9899497487437184,0.9798994974874372,1.0,0.5227272727272727,1.51,0.6411214953271028,1.3598183881952326,4.16,0.923222748815166,0.678391959798995,6.4,1.80312572753,0.00052572753,0.0150753768844221,-0.0054054054054053,0.0366492146596858,0.0,0.0,0.0,0.964824120603015,1.0,0.683920704845815,6.08,True,True,True,True,False,True,False,-1.7292834890965707
tune-c,dep100L_m0_i0_r30_h15_t500,500,0.9899497487437184,0.9798994974874372,0.9772727272727272,0.5227272727272727,1.49,0.6907364787111623,1.258796821793417,3.59,0.923222748815166,0.678391959798995,4.35,1.1807007501300002,0.00050075013,0.0150753768844221,-0.0054054054054053,0.0366492146596858,-0.0227272727272727,-0.0697674418604651,0.0,0.964824120603015,1.0,0.683920704845815,6.08,True,True,True,False,False,True,False,-1.325581395348837
tune-c,dep100L_m0_ia_r15_h15_t500,500,0.9899497487437184,0.9798994974874372,0.8181818181818182,0.5,1.47,0.7001170275014629,1.2376087779038971,3.45,0.923222748815166,0.678391959798995,3.93,1.05004301897,0.00049301897,0.0150753768844221,-0.0054054054054053,0.0366492146596858,-0.1818181818181817,-0.2653061224489795,-0.0999999999999999,0.964824120603015,1.0,0.683920704845815,6.08,True,True,False,False,True,True,False,-7.843537414965984
tune-c,dep100L_m0_ia_r1_h15_t500,500,0.9899497487437184,0.9798994974874372,0.8181818181818182,0.5,1.47,0.7001170275014629,1.2376087779038971,3.45,0.923222748815166,0.678391959798995,3.93,1.05004301897,0.00049301897,0.0150753768844221,-0.0054054054054053,0.0366492146596858,-0.1818181818181817,-0.2653061224489795,-0.0999999999999999,0.964824120603015,1.0,0.683920704845815,6.08,True,True,False,False,True,True,False,-7.843537414965984
tune-c,dep100L_m0_ia_r30_h15_t500,500,0.9899497487437184,0.9798994974874372,0.8181818181818182,0.5,1.47,0.7001170275014629,1.2376087779038971,3.45,0.923222748815166,0.678391959798995,3.93,1.05004301897,0.00049301897,0.0150753768844221,-0.0054054054054053,0.0366492146596858,-0.1818181818181817,-0.2653061224489795,-0.0999999999999999,0.964824120603015,1.0,0.683920704845815,6.08,True,True,False,False,True,True,False,-7.843537414965984
tune-c,dep100L_m0_in_r15_h15_t500,500,0.9899497487437184,0.9798994974874372,0.8636363636363636,0.5,1.49,0.6867469879518072,1.2625804010594022,3.49,0.923222748815166,0.678391959798995,4.54,1.23970025803,0.00050025803,0.0150753768844221,-0.0054054054054053,0.0366492146596858,-0.1363636363636363,-0.2222222222222222,-0.0576923076923077,0.964824120603015,1.0,0.683920704845815,6.08,True,True,False,False,False,True,False,-6.407407407407407
tune-c,dep100L_m0_in_r1_h15_t500,500,0.9899497487437184,0.9798994974874372,0.8636363636363636,0.5,1.49,0.6505434782608696,1.3359818388195233,3.89,0.923222748815166,0.678391959798995,6.05,1.70106805453,0.00051805453,0.0150753768844221,-0.0054054054054053,0.0366492146596858,-0.1363636363636363,-0.2222222222222222,-0.0576923076923077,0.964824120603015,1.0,0.683920704845815,6.08,True,True,False,False,False,True,False,-6.407407407407407
tune-c,dep100L_m0_in_r30_h15_t500,500,0.9899497487437184,0.9798994974874372,0.8636363636363636,0.5,1.47,0.6937119675456389,1.2500945894816495,3.47,0.923222748815166,0.678391959798995,4.24,1.14764666757,0.00049666757,0.0150753768844221,-0.0054054054054053,0.0366492146596858,-0.1363636363636363,-0.2222222222222222,-0.0576923076923077,0.964824120603015,1.0,0.683920704845815,6.08,True,True,False,False,True,True,False,-6.407407407407407
tune-c,dep100L_m10_i0_r15_h15_t500,500,0.9899497487437184,0.9748743718592964,1.0,0.5227272727272727,1.5,0.7594859241126071,1.179720015134317,3.44,0.9227488151658768,0.6884422110552764,4.57,1.2698077601500002,0.00040776015,0.0100502512562814,-0.0132450331125827,0.0331491712707182,0.0,0.0,0.0,0.964824120603015,1.0,0.683920704845815,6.08,True,True,True,True,True,True,True,0.3958123953098802
tune-c,dep100L_m10_i0_r1_h15_t500,500,0.9899497487437184,0.9748743718592964,1.0,0.5227272727272727,1.5,0.7103606182026331,1.2652289065455922,3.98,0.9227488151658768,0.6884422110552764,6.25,1.77952831751,0.00042831751,0.0100502512562814,-0.0132450331125827,0.0331491712707182,0.0,0.0,0.0,0.964824120603015,1.0,0.683920704845815,6.08,True,True,True,True,True,True,True,0.3958123953098802
tune-c,dep100L_m10_i0_r30_h15_t500,500,0.9899497487437184,0.9748743718592964,0.9772727272727272,0.5227272727272727,1.48,0.7696124031007752,1.164207340143776,3.41,0.9227488151658768,0.6884422110552764,4.2,1.1571033346900002,0.00040333469,0.0100502512562814,-0.0132450331125827,0.0331491712707182,-0.0227272727272727,-0.0697674418604651,0.0,0.964824120603015,1.0,0.683920704845815,6.08,True,True,True,False,True,True,False,-1.325581395348837
tune-c,dep100L_m10_ia_r15_h15_t500,500,0.9899497487437184,0.9748743718592964,0.8181818181818182,0.5,1.46,0.7811809283233344,1.1430192962542565,3.27,0.9227488151658768,0.6884422110552764,3.78,1.02644582188,0.00039582188,0.0100502512562814,-0.0132450331125827,0.0331491712707182,-0.1818181818181817,-0.2653061224489795,-0.0999999999999999,0.964824120603015,1.0,0.683920704845815,6.08,True,True,False,False,True,True,False,-7.843537414965984
tune-c,dep100L_m10_ia_r1_h15_t500,500,0.9899497487437184,0.9748743718592964,0.8181818181818182,0.5,1.46,0.7811809283233344,1.1430192962542565,3.27,0.9227488151658768,0.6884422110552764,3.78,1.02644582188,0.00039582188,0.0100502512562814,-0.0132450331125827,0.0331491712707182,-0.1818181818181817,-0.2653061224489795,-0.0999999999999999,0.964824120603015,1.0,0.683920704845815,6.08,True,True,False,False,True,True,False,-7.843537414965984
tune-c,dep100L_m10_ia_r30_h15_t500,500,0.9899497487437184,0.9748743718592964,0.8181818181818182,0.5,1.46,0.7811809283233344,1.1430192962542565,3.27,0.9227488151658768,0.6884422110552764,3.78,1.02644582188,0.00039582188,0.0100502512562814,-0.0132450331125827,0.0331491712707182,-0.1818181818181817,-0.2653061224489795,-0.0999999999999999,0.964824120603015,1.0,0.683920704845815,6.08,True,True,False,False,True,True,False,-7.843537414965984
tune-c,dep100L_m10_in_r15_h15_t500,500,0.9899497487437184,0.9748743718592964,0.8636363636363636,0.5,1.48,0.7650695517774343,1.1679909194097615,3.31,0.9227488151658768,0.6884422110552764,4.39,1.21610293137,0.00040293137,0.0100502512562814,-0.0132450331125827,0.0331491712707182,-0.1363636363636363,-0.2222222222222222,-0.0576923076923077,0.964824120603015,1.0,0.683920704845815,6.08,True,True,False,False,True,True,False,-6.407407407407407
tune-c,dep100L_m10_in_r1_h15_t500,500,0.9899497487437184,0.9748743718592964,0.8636363636363636,0.5,1.48,0.7217847769028871,1.2413923571698826,3.71,0.9227488151658768,0.6884422110552764,5.89,1.67482072856,0.00042072856,0.0100502512562814,-0.0132450331125827,0.0331491712707182,-0.1363636363636363,-0.2222222222222222,-0.0576923076923077,0.964824120603015,1.0,0.683920704845815,6.08,True,True,False,False,True,True,False,-6.407407407407407
tune-c,dep100L_m10_in_r30_h15_t500,500,0.9899497487437184,0.9748743718592964,0.8636363636363636,0.5,1.46,0.7734375,1.155505107832009,3.29,0.9227488151658768,0.6884422110552764,4.09,1.1240493417300002,0.00039934173,0.0100502512562814,-0.0132450331125827,0.0331491712707182,-0.1363636363636363,-0.2222222222222222,-0.0576923076923077,0.964824120603015,1.0,0.683920704845815,6.08,True,True,False,False,True,True,False,-6.407407407407407
tune-c,dep100L_m20_i0_r15_h15_t500,500,0.9899497487437184,0.9698492462311558,1.0,0.5227272727272727,1.54,0.7914947635671216,1.133938706015891,3.37,0.9213270142180094,0.6884422110552764,4.42,1.22868518044,0.00038518044,0.0050251256281407,-0.0162162162162162,0.0272727272727272,0.0,0.0,0.0,0.964824120603015,1.0,0.683920704845815,6.08,True,True,True,True,True,True,True,0.22830820770519308
tune-c,dep100L_m20_i0_r1_h15_t500,500,0.9899497487437184,0.9698492462311558,1.0,0.5227272727272727,1.54,0.7385253183298786,1.219447597427166,3.91,0.9213270142180094,0.6884422110552764,6.1,1.7384057378,0.0004057378,0.0050251256281407,-0.0162162162162162,0.0272727272727272,0.0,0.0,0.0,0.964824120603015,1.0,0.683920704845815,6.08,True,True,True,True,True,True,True,0.22830820770519308
tune-c,dep100L_m20_i0_r30_h15_t500,500,0.9899497487437184,0.9698492462311558,0.9772727272727272,0.5227272727272727,1.52,0.8024453024453024,1.11842603102535,3.34,0.9213270142180094,0.6884422110552764,4.05,1.11598075496,0.00038075496,0.0050251256281407,-0.0162162162162162,0.0272727272727272,-0.0227272727272727,-0.0697674418604651,0.0,0.964824120603015,1.0,0.683920704845815,6.08,True,True,True,False,True,True,False,-1.325581395348837
tune-c,dep100L_m20_ia_r15_h15_t500,500,0.9899497487437184,0.9698492462311558,0.8181818181818182,0.5,1.5,0.8150819672131148,1.0972379871358304,3.2,0.9213270142180094,0.6884422110552764,3.63,0.98532324214,0.00037324214,0.0050251256281407,-0.0162162162162162,0.0272727272727272,-0.1818181818181817,-0.2653061224489795,-0.0999999999999999,0.964824120603015,1.0,0.683920704845815,6.08,True,True,False,False,True,True,False,-7.843537414965984
tune-c,dep100L_m20_ia_r1_h15_t500,500,0.9899497487437184,0.9698492462311558,0.8181818181818182,0.5,1.5,0.8150819672131148,1.0972379871358304,3.2,0.9213270142180094,0.6884422110552764,3.63,0.98532324214,0.00037324214,0.0050251256281407,-0.0162162162162162,0.0272727272727272,-0.1818181818181817,-0.2653061224489795,-0.0999999999999999,0.964824120603015,1.0,0.683920704845815,6.08,True,True,False,False,True,True,False,-7.843537414965984
tune-c,dep100L_m20_ia_r30_h15_t500,500,0.9899497487437184,0.9698492462311558,0.8181818181818182,0.5,1.5,0.8150819672131148,1.0972379871358304,3.2,0.9213270142180094,0.6884422110552764,3.63,0.98532324214,0.00037324214,0.0050251256281407,-0.0162162162162162,0.0272727272727272,-0.1818181818181817,-0.2653061224489795,-0.0999999999999999,0.964824120603015,1.0,0.683920704845815,6.08,True,True,False,False,True,True,False,-7.843537414965984
tune-c,dep100L_m20_in_r15_h15_t500,500,0.9899497487437184,0.9698492462311558,0.8636363636363636,0.5,1.52,0.7976266837716485,1.1222096102913357,3.24,0.9213270142180094,0.6884422110552764,4.24,1.17498035164,0.00038035164,0.0050251256281407,-0.0162162162162162,0.0272727272727272,-0.1363636363636363,-0.2222222222222222,-0.0576923076923077,0.964824120603015,1.0,0.683920704845815,6.08,True,True,False,False,True,True,False,-6.407407407407407
tune-c,dep100L_m20_in_r1_h15_t500,500,0.9899497487437184,0.9698492462311558,0.8636363636363636,0.5,1.52,0.7509057971014492,1.1956110480514566,3.64,0.9213270142180094,0.6884422110552764,5.74,1.63369814886,0.00039814886,0.0050251256281407,-0.0162162162162162,0.0272727272727272,-0.1363636363636363,-0.2222222222222222,-0.0576923076923077,0.964824120603015,1.0,0.683920704845815,6.08,True,True,False,False,True,True,False,-6.407407407407407
tune-c,dep100L_m20_in_r30_h15_t500,500,0.9899497487437184,0.9698492462311558,0.8636363636363636,0.5,1.5,0.8066818034382095,1.109723798713583,3.22,0.9213270142180094,0.6884422110552764,3.94,1.08292676199,0.00037676199,0.0050251256281407,-0.0162162162162162,0.0272727272727272,-0.1363636363636363,-0.2222222222222222,-0.0576923076923077,0.964824120603015,1.0,0.683920704845815,6.08,True,True,False,False,True,True,False,-6.407407407407407
tune-c,dep100L_m30_i0_r15_h15_t500,500,0.984924623115578,0.964824120603015,1.0,0.5227272727272727,1.56,0.8088186903586706,1.090805902383655,3.27,0.9218009478672986,0.6884422110552764,4.31,1.2036619474,0.0003619474,0.0,-0.0235294117647059,0.0235849056603774,0.0,0.0,0.0,0.964824120603015,1.0,0.683920704845815,6.08,True,True,True,True,True,True,True,0.06080402010050223
tune-c,dep100L_m30_i0_r1_h15_t500,500,0.984924623115578,0.964824120603015,1.0,0.5227272727272727,1.56,0.752833078101072,1.17631479379493,3.81,0.9218009478672986,0.6884422110552764,5.99,1.7133825047600002,0.00038250476,0.0,-0.0235294117647059,0.0235849056603774,0.0,0.0,0.0,0.964824120603015,1.0,0.683920704845815,6.08,True,True,True,True,True,True,True,0.06080402010050223
tune-c,dep100L_m30_i0_r30_h15_t500,500,0.984924623115578,0.964824120603015,0.9772727272727272,0.5227272727272727,1.54,0.8204272363150867,1.075293227393114,3.24,0.9218009478672986,0.6884422110552764,3.94,1.0909575218800005,0.00035752188,0.0,-0.0235294117647059,0.0235849056603774,-0.0227272727272727,-0.0697674418604651,0.0,0.964824120603015,1.0,0.683920704845815,6.08,True,True,True,False,True,True,False,-1.325581395348837
tune-c,dep100L_m30_ia_r15_h15_t500,500,0.984924623115578,0.964824120603015,0.8181818181818182,0.5,1.52,0.8339006126616746,1.0541051835035944,3.1,0.9218009478672986,0.6884422110552764,3.52,0.96029995393,0.00034995393,0.0,-0.0235294117647059,0.0235849056603774,-0.1818181818181817,-0.2653061224489795,-0.0999999999999999,0.964824120603015,1.0,0.683920704845815,6.08,True,True,False,False,True,True,False,-7.843537414965984
tune-c,dep100L_m30_ia_r1_h15_t500,500,0.984924623115578,0.964824120603015,0.8181818181818182,0.5,1.52,0.8339006126616746,1.0541051835035944,3.1,0.9218009478672986,0.6884422110552764,3.52,0.96029995393,0.00034995393,0.0,-0.0235294117647059,0.0235849056603774,-0.1818181818181817,-0.2653061224489795,-0.0999999999999999,0.964824120603015,1.0,0.683920704845815,6.08,True,True,False,False,True,True,False,-7.843537414965984
tune-c,dep100L_m30_ia_r30_h15_t500,500,0.984924623115578,0.964824120603015,0.8181818181818182,0.5,1.52,0.8339006126616746,1.0541051835035944,3.1,0.9218009478672986,0.6884422110552764,3.52,0.96029995393,0.00034995393,0.0,-0.0235294117647059,0.0235849056603774,-0.1818181818181817,-0.2653061224489795,-0.0999999999999999,0.964824120603015,1.0,0.683920704845815,6.08,True,True,False,False,True,True,False,-7.843537414965984
tune-c,dep100L_m30_in_r15_h15_t500,500,0.984924623115578,0.964824120603015,0.8636363636363636,0.5,1.54,0.8153692614770459,1.0790768066590994,3.14,0.9218009478672986,0.6884422110552764,4.13,1.14995711858,0.00035711858,0.0,-0.0235294117647059,0.0235849056603774,-0.1363636363636363,-0.2222222222222222,-0.0576923076923077,0.964824120603015,1.0,0.683920704845815,6.08,True,True,False,False,True,True,False,-6.407407407407407
tune-c,dep100L_m30_in_r1_h15_t500,500,0.984924623115578,0.964824120603015,0.8636363636363636,0.5,1.54,0.7659375,1.1524782444192203,3.54,0.9218009478672986,0.6884422110552764,5.63,1.60867491579,0.00037491579,0.0,-0.0235294117647059,0.0235849056603774,-0.1363636363636363,-0.2222222222222222,-0.0576923076923077,0.964824120603015,1.0,0.683920704845815,6.08,True,True,False,False,True,True,False,-6.407407407407407
tune-c,dep100L_m30_in_r30_h15_t500,500,0.984924623115578,0.964824120603015,0.8636363636363636,0.5,1.52,0.8249747559744194,1.066590995081347,3.12,0.9218009478672986,0.6884422110552764,3.83,1.05790352892,0.00035352892,0.0,-0.0235294117647059,0.0235849056603774,-0.1363636363636363,-0.2222222222222222,-0.0576923076923077,0.964824120603015,1.0,0.683920704845815,6.08,True,True,False,False,True,True,False,-6.407407407407407
tune-c,dep100L_m50_i0_r15_h15_t500,500,0.984924623115578,0.964824120603015,1.0,0.5227272727272727,1.56,0.8436733263231686,1.0204313280363224,3.13,0.9203791469194312,0.6884422110552764,4.11,1.15403386166,0.00033386166,0.0,-0.0235294117647059,0.0235849056603774,0.0,0.0,0.0,0.964824120603015,1.0,0.683920704845815,6.08,True,True,True,True,True,True,True,0.06080402010050223
tune-c,dep100L_m50_i0_r1_h15_t500,500,0.984924623115578,0.964824120603015,1.0,0.5227272727272727,1.56,0.781747320558623,1.1059402194475974,3.67,0.9203791469194312,0.6884422110552764,5.79,1.66375441903,0.00035441903,0.0,-0.0235294117647059,0.0235849056603774,0.0,0.0,0.0,0.964824120603015,1.0,0.683920704845815,6.08,True,True,True,True,True,True,True,0.06080402010050223
tune-c,dep100L_m50_i0_r30_h15_t500,500,0.984924623115578,0.964824120603015,0.9772727272727272,0.5227272727272727,1.54,0.8565836298932384,1.0049186530457812,3.1,0.9203791469194312,0.6884422110552764,3.74,1.04132943617,0.00032943617,0.0,-0.0235294117647059,0.0235849056603774,-0.0227272727272727,-0.0697674418604651,0.0,0.964824120603015,1.0,0.683920704845815,6.08,True,True,True,False,True,True,False,-1.325581395348837
tune-c,dep100L_m50_ia_r15_h15_t500,500,0.984924623115578,0.964824120603015,0.8181818181818182,0.5,1.52,0.8717296511627907,0.983730609156262,2.96,0.9203791469194312,0.6884422110552764,3.32,0.91067192371,0.00032192371,0.0,-0.0235294117647059,0.0235849056603774,-0.1818181818181817,-0.2653061224489795,-0.0999999999999999,0.964824120603015,1.0,0.683920704845815,6.08,True,True,False,False,True,True,False,-7.843537414965984
tune-c,dep100L_m50_ia_r1_h15_t500,500,0.984924623115578,0.964824120603015,0.8181818181818182,0.5,1.52,0.8717296511627907,0.983730609156262,2.96,0.9203791469194312,0.6884422110552764,3.32,0.91067192371,0.00032192371,0.0,-0.0235294117647059,0.0235849056603774,-0.1818181818181817,-0.2653061224489795,-0.0999999999999999,0.964824120603015,1.0,0.683920704845815,6.08,True,True,False,False,True,True,False,-7.843537414965984
tune-c,dep100L_m50_ia_r30_h15_t500,500,0.984924623115578,0.964824120603015,0.8181818181818182,0.5,1.52,0.8717296511627907,0.983730609156262,2.96,0.9203791469194312,0.6884422110552764,3.32,0.91067192371,0.00032192371,0.0,-0.0235294117647059,0.0235849056603774,-0.1818181818181817,-0.2653061224489795,-0.0999999999999999,0.964824120603015,1.0,0.683920704845815,6.08,True,True,False,False,True,True,False,-7.843537414965984
tune-c,dep100L_m50_in_r15_h15_t500,500,0.984924623115578,0.964824120603015,0.8636363636363636,0.5,1.54,0.851063829787234,1.008702232311767,3.0,0.9203791469194312,0.6884422110552764,3.93,1.10032903285,0.00032903285,0.0,-0.0235294117647059,0.0235849056603774,-0.1363636363636363,-0.2222222222222222,-0.0576923076923077,0.964824120603015,1.0,0.683920704845815,6.08,True,True,False,False,True,True,False,-6.407407407407407
tune-c,dep100L_m50_in_r1_h15_t500,500,0.984924623115578,0.964824120603015,0.8636363636363636,0.5,1.54,0.79628400796284,1.082103670071888,3.4,0.9203791469194312,0.6884422110552764,5.43,1.55904683005,0.00034683005,0.0,-0.0235294117647059,0.0235849056603774,-0.1363636363636363,-0.2222222222222222,-0.0576923076923077,0.964824120603015,1.0,0.683920704845815,6.08,True,True,False,False,True,True,False,-6.407407407407407
tune-c,dep100L_m50_in_r30_h15_t500,500,0.984924623115578,0.964824120603015,0.8636363636363636,0.5,1.52,0.8617594254937163,0.9962164207340144,2.98,0.9203791469194312,0.6884422110552764,3.63,1.00827544319,0.00032544319,0.0,-0.0235294117647059,0.0235849056603774,-0.1363636363636363,-0.2222222222222222,-0.0576923076923077,0.964824120603015,1.0,0.683920704845815,6.08,True,True,False,False,True,True,False,-6.407407407407407
tune-c,dep50L_m0_i0_r15_h15_t500,500,0.9899497487437184,0.9798994974874372,1.0,0.5227272727272727,0.85,0.6865714285714286,1.29209231933409,3.71,0.924170616113744,0.678391959798995,4.73,1.29451880385,0.00051880385,0.0150753768844221,-0.0054054054054053,0.0366492146596858,0.0,0.0,0.0,0.964824120603015,1.0,0.683920704845815,6.08,True,True,True,True,False,True,False,-0.2142857142857113
tune-c,dep50L_m0_i0_r1_h15_t500,500,0.9899497487437184,0.9798994974874372,1.0,0.5227272727272727,0.85,0.644927536231884,1.377601210745365,4.25,0.924170616113744,0.678391959798995,6.41,1.8042393549,0.0005393549,0.0150753768844221,-0.0054054054054053,0.0366492146596858,0.0,0.0,0.0,0.964824120603015,1.0,0.683920704845815,6.08,True,True,True,True,False,True,False,-1.6024154589371973
tune-c,dep50L_m0_i0_r30_h15_t500,500,0.9899497487437184,0.9798994974874372,0.9772727272727272,0.5227272727272727,0.83,0.695111368238357,1.276579644343549,3.68,0.924170616113744,0.678391959798995,4.36,1.18181437753,0.00051437753,0.0150753768844221,-0.0054054054054053,0.0366492146596858,-0.0227272727272727,-0.0697674418604651,0.0,0.964824120603015,1.0,0.683920704845815,6.08,True,True,True,False,True,True,False,-1.325581395348837
tune-c,dep50L_m0_ia_r15_h15_t500,500,0.9899497487437184,0.9798994974874372,0.7954545454545454,0.5,0.81,0.7048263684520306,1.255013242527431,3.54,0.924170616113744,0.678391959798995,3.93,1.0477565645800002,0.00050656458,0.0150753768844221,-0.0054054054054053,0.0366492146596858,-0.2045454545454545,-0.2926829268292683,-0.119047619047619,0.964824120603015,1.0,0.683920704845815,6.08,True,True,False,False,True,True,False,-8.756097560975611
tune-c,dep50L_m0_ia_r1_h15_t500,500,0.9899497487437184,0.9798994974874372,0.7954545454545454,0.5,0.81,0.7048263684520306,1.255013242527431,3.54,0.924170616113744,0.678391959798995,3.93,1.0477565645800002,0.00050656458,0.0150753768844221,-0.0054054054054053,0.0366492146596858,-0.2045454545454545,-0.2926829268292683,-0.119047619047619,0.964824120603015,1.0,0.683920704845815,6.08,True,True,False,False,True,True,False,-8.756097560975611
tune-c,dep50L_m0_ia_r30_h15_t500,500,0.9899497487437184,0.9798994974874372,0.7954545454545454,0.5,0.81,0.7048263684520306,1.255013242527431,3.54,0.924170616113744,0.678391959798995,3.93,1.0477565645800002,0.00050656458,0.0150753768844221,-0.0054054054054053,0.0366492146596858,-0.2045454545454545,-0.2926829268292683,-0.119047619047619,0.964824120603015,1.0,0.683920704845815,6.08,True,True,False,False,True,True,False,-8.756097560975611
tune-c,dep50L_m0_in_r15_h15_t500,500,0.9899497487437184,0.9798994974874372,0.8409090909090909,0.5,0.83,0.6916859122401847,1.2792281498297389,3.58,0.924170616113744,0.678391959798995,4.52,1.23026363889,0.00051363889,0.0150753768844221,-0.0054054054054053,0.0366492146596858,-0.159090909090909,-0.25,-0.0754716981132075,0.964824120603015,1.0,0.683920704845815,6.08,True,True,False,False,False,True,False,-7.333333333333334
tune-c,dep50L_m0_in_r1_h15_t500,500,0.9899497487437184,0.9798994974874372,0.8409090909090909,0.5,0.83,0.656078860898138,1.3503594400302683,3.98,0.924170616113744,0.678391959798995,5.97,1.67203094675,0.00053094675,0.0150753768844221,-0.0054054054054053,0.0366492146596858,-0.159090909090909,-0.25,-0.0754716981132075,0.964824120603015,1.0,0.683920704845815,6.08,True,True,False,False,False,True,False,-7.333333333333334
tune-c,dep50L_m0_in_r30_h15_t500,500,0.9899497487437184,0.9798994974874372,0.8409090909090909,0.5,0.81,0.6987459900845727,1.2667423382519865,3.56,0.924170616113744,0.678391959798995,4.22,1.1382100483900002,0.00051004839,0.0150753768844221,-0.0054054054054053,0.0366492146596858,-0.159090909090909,-0.25,-0.0754716981132075,0.964824120603015,1.0,0.683920704845815,6.08,True,True,False,False,True,True,False,-7.333333333333334
tune-c,dep50L_m10_i0_r15_h15_t500,500,0.9899497487437184,0.9798994974874372,1.0,0.5227272727272727,0.83,0.7714462681944875,1.1903140370790768,3.5,0.923222748815166,0.6884422110552764,4.59,1.27471496049,0.00041496049,0.0150753768844221,-0.0054054054054053,0.0366492146596858,0.0,0.0,0.0,0.964824120603015,1.0,0.683920704845815,6.08,True,True,True,True,True,True,True,0.5633165829145748
tune-c,dep50L_m10_i0_r1_h15_t500,500,0.9899497487437184,0.9798994974874372,1.0,0.5227272727272727,0.83,0.7209840810419682,1.275822928490352,4.04,0.923222748815166,0.6884422110552764,6.27,1.7844355178800002,0.00043551788,0.0150753768844221,-0.0054054054054053,0.0366492146596858,0.0,0.0,0.0,0.964824120603015,1.0,0.683920704845815,6.08,True,True,True,True,True,True,True,0.5633165829145748
tune-c,dep50L_m10_i0_r30_h15_t500,500,0.9899497487437184,0.9798994974874372,0.9772727272727272,0.5227272727272727,0.81,0.7818581293157565,1.1748013620885358,3.47,0.923222748815166,0.6884422110552764,4.22,1.16201053501,0.00041053501,0.0150753768844221,-0.0054054054054053,0.0366492146596858,-0.0227272727272727,-0.0697674418604651,0.0,0.964824120603015,1.0,0.683920704845815,6.08,True,True,True,False,True,True,False,-1.325581395348837
tune-c,dep50L_m10_ia_r15_h15_t500,500,0.9899497487437184,0.9798994974874372,0.7954545454545454,0.5,0.79,0.7940518068436201,1.1532349602724177,3.33,0.923222748815166,0.6884422110552764,3.79,1.0279529417300002,0.00040294173,0.0150753768844221,-0.0054054054054053,0.0366492146596858,-0.2045454545454545,-0.2926829268292683,-0.119047619047619,0.964824120603015,1.0,0.683920704845815,6.08,True,True,False,False,True,True,False,-8.756097560975611
tune-c,dep50L_m10_ia_r1_h15_t500,500,0.9899497487437184,0.9798994974874372,0.7954545454545454,0.5,0.79,0.7940518068436201,1.1532349602724177,3.33,0.923222748815166,0.6884422110552764,3.79,1.0279529417300002,0.00040294173,0.0150753768844221,-0.0054054054054053,0.0366492146596858,-0.2045454545454545,-0.2926829268292683,-0.119047619047619,0.964824120603015,1.0,0.683920704845815,6.08,True,True,False,False,True,True,False,-8.756097560975611
tune-c,dep50L_m10_ia_r30_h15_t500,500,0.9899497487437184,0.9798994974874372,0.7954545454545454,0.5,0.79,0.7940518068436201,1.1532349602724177,3.33,0.923222748815166,0.6884422110552764,3.79,1.0279529417300002,0.00040294173,0.0150753768844221,-0.0054054054054053,0.0366492146596858,-0.2045454545454545,-0.2926829268292683,-0.119047619047619,0.964824120603015,1.0,0.683920704845815,6.08,True,True,False,False,True,True,False,-8.756097560975611
tune-c,dep50L_m10_in_r15_h15_t500,500,0.9899497487437184,0.9798994974874372,0.8409090909090909,0.5,0.81,0.777951769495772,1.1774498675747256,3.37,0.923222748815166,0.6884422110552764,4.38,1.2104598861700002,0.00040988617,0.0150753768844221,-0.0054054054054053,0.0366492146596858,-0.159090909090909,-0.25,-0.0754716981132075,0.964824120603015,1.0,0.683920704845815,6.08,True,True,False,False,True,True,False,-7.333333333333334
tune-c,dep50L_m10_in_r1_h15_t500,500,0.9899497487437184,0.9798994974874372,0.8409090909090909,0.5,0.81,0.7346938775510204,1.2485811577752557,3.77,0.923222748815166,0.6884422110552764,5.82,1.64957719479,0.00042719479,0.0150753768844221,-0.0054054054054053,0.0366492146596858,-0.159090909090909,-0.25,-0.0754716981132075,0.964824120603015,1.0,0.683920704845815,6.08,True,True,False,False,True,True,False,-7.333333333333334
tune-c,dep50L_m10_in_r30_h15_t500,500,0.9899497487437184,0.9798994974874372,0.8409090909090909,0.5,0.79,0.7865737808739709,1.1649640559969732,3.35,0.923222748815166,0.6884422110552764,4.08,1.11840629652,0.00040629652,0.0150753768844221,-0.0054054054054053,0.0366492146596858,-0.159090909090909,-0.25,-0.0754716981132075,0.964824120603015,1.0,0.683920704845815,6.08,True,True,False,False,True,True,False,-7.333333333333334
tune-c,dep50L_m20_i0_r15_h15_t500,500,0.9899497487437184,0.9748743718592964,1.0,0.5227272727272727,0.9,0.8074193548387096,1.1388573590616724,3.44,0.9218009478672986,0.6884422110552764,4.43,1.23297978713,0.00037978713,0.0100502512562814,-0.0132450331125827,0.0331491712707182,0.0,0.0,0.0,0.964824120603015,1.0,0.683920704845815,6.08,True,True,True,True,True,True,True,0.3958123953098802
tune-c,dep50L_m20_i0_r1_h15_t500,500,0.9899497487437184,0.9748743718592964,1.0,0.5227272727272727,0.9,0.7525556223692123,1.2243662504729471,3.98,0.9218009478672986,0.6884422110552764,6.11,1.74270034451,0.00040034451,0.0100502512562814,-0.0132450331125827,0.0331491712707182,0.0,0.0,0.0,0.964824120603015,1.0,0.683920704845815,6.08,True,True,True,True,True,True,True,0.3958123953098802
tune-c,dep50L_m20_i0_r30_h15_t500,500,0.9899497487437184,0.9748743718592964,0.9772727272727272,0.5227272727272727,0.88,0.8187765783447825,1.1233446840711312,3.41,0.9218009478672986,0.6884422110552764,4.06,1.12027536167,0.00037536167,0.0100502512562814,-0.0132450331125827,0.0331491712707182,-0.0227272727272727,-0.0697674418604651,0.0,0.964824120603015,1.0,0.683920704845815,6.08,True,True,True,False,True,True,False,-1.325581395348837
tune-c,dep50L_m20_ia_r15_h15_t500,500,0.9899497487437184,0.9748743718592964,0.7954545454545454,0.5,0.86,0.8322214809873248,1.1017782822550133,3.27,0.9218009478672986,0.6884422110552764,3.63,0.98621776839,0.00036776839,0.0100502512562814,-0.0132450331125827,0.0331491712707182,-0.2045454545454545,-0.2926829268292683,-0.119047619047619,0.964824120603015,1.0,0.683920704845815,6.08,True,True,False,False,True,True,False,-8.756097560975611
tune-c,dep50L_m20_ia_r1_h15_t500,500,0.9899497487437184,0.9748743718592964,0.7954545454545454,0.5,0.86,0.8322214809873248,1.1017782822550133,3.27,0.9218009478672986,0.6884422110552764,3.63,0.98621776839,0.00036776839,0.0100502512562814,-0.0132450331125827,0.0331491712707182,-0.2045454545454545,-0.2926829268292683,-0.119047619047619,0.964824120603015,1.0,0.683920704845815,6.08,True,True,False,False,True,True,False,-8.756097560975611
tune-c,dep50L_m20_ia_r30_h15_t500,500,0.9899497487437184,0.9748743718592964,0.7954545454545454,0.5,0.86,0.8322214809873248,1.1017782822550133,3.27,0.9218009478672986,0.6884422110552764,3.63,0.98621776839,0.00036776839,0.0100502512562814,-0.0132450331125827,0.0331491712707182,-0.2045454545454545,-0.2926829268292683,-0.119047619047619,0.964824120603015,1.0,0.683920704845815,6.08,True,True,False,False,True,True,False,-8.756097560975611
tune-c,dep50L_m20_in_r15_h15_t500,500,0.9899497487437184,0.9748743718592964,0.8409090909090909,0.5,0.88,0.814621409921671,1.1259931895573212,3.31,0.9218009478672986,0.6884422110552764,4.22,1.16872471283,0.00037471283,0.0100502512562814,-0.0132450331125827,0.0331491712707182,-0.159090909090909,-0.25,-0.0754716981132075,0.964824120603015,1.0,0.683920704845815,6.08,True,True,False,False,True,True,False,-7.333333333333334
tune-c,dep50L_m20_in_r1_h15_t500,500,0.9899497487437184,0.9748743718592964,0.8409090909090909,0.5,0.88,0.7675276752767528,1.1971244797578509,3.71,0.9218009478672986,0.6884422110552764,5.66,1.6078420214400002,0.00039202144,0.0100502512562814,-0.0132450331125827,0.0331491712707182,-0.159090909090909,-0.25,-0.0754716981132075,0.964824120603015,1.0,0.683920704845815,6.08,True,True,False,False,True,True,False,-7.333333333333334
tune-c,dep50L_m20_in_r30_h15_t500,500,0.9899497487437184,0.9748743718592964,0.8409090909090909,0.5,0.86,0.8240343347639485,1.1135073779795688,3.29,0.9218009478672986,0.6884422110552764,3.92,1.07667112318,0.00037112318,0.0100502512562814,-0.0132450331125827,0.0331491712707182,-0.159090909090909,-0.25,-0.0754716981132075,0.964824120603015,1.0,0.683920704845815,6.08,True,True,False,False,True,True,False,-7.333333333333334
tune-c,dep50L_m30_i0_r15_h15_t500,500,0.984924623115578,0.9698492462311558,1.0,0.5227272727272727,0.9,0.825853985264568,1.095724555429436,3.34,0.9222748815165877,0.6884422110552764,4.31,1.2035585505000002,0.0003585505,0.0050251256281407,-0.02,0.0301507537688442,0.0,0.0,0.0,0.964824120603015,1.0,0.683920704845815,6.08,True,True,True,True,True,True,True,0.22830820770519308
tune-c,dep50L_m30_i0_r1_h15_t500,500,0.984924623115578,0.9698492462311558,1.0,0.5227272727272727,0.9,0.7677459526774595,1.1812334468407113,3.88,0.9222748815165877,0.6884422110552764,5.99,1.71327910784,0.00037910784,0.0050251256281407,-0.02,0.0301507537688442,0.0,0.0,0.0,0.964824120603015,1.0,0.683920704845815,6.08,True,True,True,True,True,True,True,0.22830820770519308
tune-c,dep50L_m30_i0_r30_h15_t500,500,0.984924623115578,0.9698492462311558,0.9772727272727272,0.5227272727272727,0.88,0.8379204892966361,1.0802118804388952,3.31,0.9222748815165877,0.6884422110552764,3.94,1.090854125,0.000354125,0.0050251256281407,-0.02,0.0301507537688442,-0.0227272727272727,-0.0697674418604651,0.0,0.964824120603015,1.0,0.683920704845815,6.08,True,True,True,False,True,True,False,-1.325581395348837
tune-c,dep50L_m30_ia_r15_h15_t500,500,0.984924623115578,0.9698492462311558,0.7954545454545454,0.5,0.86,0.8522884882108183,1.0586454786227772,3.17,0.9222748815165877,0.6884422110552764,3.51,0.95679647656,0.00034647656,0.0050251256281407,-0.02,0.0301507537688442,-0.2045454545454545,-0.2926829268292683,-0.119047619047619,0.964824120603015,1.0,0.683920704845815,6.08,True,True,False,False,True,True,False,-8.756097560975611
tune-c,dep50L_m30_ia_r1_h15_t500,500,0.984924623115578,0.9698492462311558,0.7954545454545454,0.5,0.86,0.8522884882108183,1.0586454786227772,3.17,0.9222748815165877,0.6884422110552764,3.51,0.95679647656,0.00034647656,0.0050251256281407,-0.02,0.0301507537688442,-0.2045454545454545,-0.2926829268292683,-0.119047619047619,0.964824120603015,1.0,0.683920704845815,6.08,True,True,False,False,True,True,False,-8.756097560975611
tune-c,dep50L_m30_ia_r30_h15_t500,500,0.984924623115578,0.9698492462311558,0.7954545454545454,0.5,0.86,0.8522884882108183,1.0586454786227772,3.17,0.9222748815165877,0.6884422110552764,3.51,0.95679647656,0.00034647656,0.0050251256281407,-0.02,0.0301507537688442,-0.2045454545454545,-0.2926829268292683,-0.119047619047619,0.964824120603015,1.0,0.683920704845815,6.08,True,True,False,False,True,True,False,-8.756097560975611
tune-c,dep50L_m30_in_r15_h15_t500,500,0.984924623115578,0.9698492462311558,0.8409090909090909,0.5,0.88,0.8335593220338983,1.0828603859250852,3.21,0.9222748815165877,0.6884422110552764,4.1,1.13930347617,0.00035347617,0.0050251256281407,-0.02,0.0301507537688442,-0.159090909090909,-0.25,-0.0754716981132075,0.964824120603015,1.0,0.683920704845815,6.08,True,True,False,False,True,True,False,-7.333333333333334
tune-c,dep50L_m30_in_r1_h15_t500,500,0.984924623115578,0.9698492462311558,0.8409090909090909,0.5,0.88,0.7836201402166986,1.1539916761256148,3.61,0.9222748815165877,0.6884422110552764,5.54,1.57842078476,0.00037078476,0.0050251256281407,-0.02,0.0301507537688442,-0.159090909090909,-0.25,-0.0754716981132075,0.964824120603015,1.0,0.683920704845815,6.08,True,True,False,False,True,True,False,-7.333333333333334
tune-c,dep50L_m30_in_r30_h15_t500,500,0.984924623115578,0.9698492462311558,0.8409090909090909,0.5,0.86,0.8435677530017153,1.0703745743473323,3.19,0.9222748815165877,0.6884422110552764,3.8,1.0472498865000002,0.0003498865,0.0050251256281407,-0.02,0.0301507537688442,-0.159090909090909,-0.25,-0.0754716981132075,0.964824120603015,1.0,0.683920704845815,6.08,True,True,False,False,True,True,False,-7.333333333333334
tune-c,dep50L_m50_i0_r15_h15_t500,500,0.984924623115578,0.9698492462311558,1.0,0.5227272727272727,0.9,0.8635875402792696,1.0227014755959138,3.17,0.9208530805687204,0.6884422110552764,4.11,1.1554280542000002,0.0003280542,0.0050251256281407,-0.02,0.0301507537688442,0.0,0.0,0.0,0.964824120603015,1.0,0.683920704845815,6.08,True,True,True,True,True,True,True,0.22830820770519308
tune-c,dep50L_m50_i0_r1_h15_t500,500,0.984924623115578,0.9698492462311558,1.0,0.5227272727272727,0.9,0.7989400463729712,1.1082103670071888,3.71,0.9208530805687204,0.6884422110552764,5.79,1.66514861158,0.00034861158,0.0050251256281407,-0.02,0.0301507537688442,0.0,0.0,0.0,0.964824120603015,1.0,0.683920704845815,6.08,True,True,True,True,True,True,True,0.22830820770519308
tune-c,dep50L_m50_i0_r30_h15_t500,500,0.984924623115578,0.9698492462311558,0.9772727272727272,0.5227272727272727,0.88,0.8770909090909091,1.0071888006053726,3.14,0.9208530805687204,0.6884422110552764,3.74,1.04272362872,0.00032362872,0.0050251256281407,-0.02,0.0301507537688442,-0.0227272727272727,-0.0697674418604651,0.0,0.964824120603015,1.0,0.683920704845815,6.08,True,True,True,False,True,True,False,-1.325581395348837
tune-c,dep50L_m50_ia_r15_h15_t500,500,0.984924623115578,0.9698492462311558,0.7954545454545454,0.5,0.86,0.8933481976960238,0.9856223987892546,3.0,0.9208530805687204,0.6884422110552764,3.31,0.90866603547,0.00031603547,0.0050251256281407,-0.02,0.0301507537688442,-0.2045454545454545,-0.2926829268292683,-0.119047619047619,0.964824120603015,1.0,0.683920704845815,6.08,True,True,False,False,True,True,False,-8.756097560975611
tune-c,dep50L_m50_ia_r1_h15_t500,500,0.984924623115578,0.9698492462311558,0.7954545454545454,0.5,0.86,0.8933481976960238,0.9856223987892546,3.0,0.9208530805687204,0.6884422110552764,3.31,0.90866603547,0.00031603547,0.0050251256281407,-0.02,0.0301507537688442,-0.2045454545454545,-0.2926829268292683,-0.119047619047619,0.964824120603015,1.0,0.683920704845815,6.08,True,True,False,False,True,True,False,-8.756097560975611
tune-c,dep50L_m50_ia_r30_h15_t500,500,0.984924623115578,0.9698492462311558,0.7954545454545454,0.5,0.86,0.8933481976960238,0.9856223987892546,3.0,0.9208530805687204,0.6884422110552764,3.31,0.90866603547,0.00031603547,0.0050251256281407,-0.02,0.0301507537688442,-0.2045454545454545,-0.2926829268292683,-0.119047619047619,0.964824120603015,1.0,0.683920704845815,6.08,True,True,False,False,True,True,False,-8.756097560975611
tune-c,dep50L_m50_in_r15_h15_t500,500,0.984924623115578,0.9698492462311558,0.8409090909090909,0.5,0.88,0.8723249909321726,1.0098373060915626,3.04,0.9208530805687204,0.6884422110552764,3.9,1.0911729798900005,0.00032297989,0.0050251256281407,-0.02,0.0301507537688442,-0.159090909090909,-0.25,-0.0754716981132075,0.964824120603015,1.0,0.683920704845815,6.08,True,True,False,False,True,True,False,-7.333333333333334
tune-c,dep50L_m50_in_r1_h15_t500,500,0.984924623115578,0.9698492462311558,0.8409090909090909,0.5,0.88,0.8166383701188455,1.0809685962920923,3.44,0.9208530805687204,0.6884422110552764,5.34,1.53029028849,0.00034028849,0.0050251256281407,-0.02,0.0301507537688442,-0.159090909090909,-0.25,-0.0754716981132075,0.964824120603015,1.0,0.683920704845815,6.08,True,True,False,False,True,True,False,-7.333333333333334
tune-c,dep50L_m50_in_r30_h15_t500,500,0.984924623115578,0.9698492462311558,0.8409090909090909,0.5,0.86,0.8835415135929464,0.99735149451381,3.02,0.9208530805687204,0.6884422110552764,3.6,0.99911939025,0.00031939025,0.0050251256281407,-0.02,0.0301507537688442,-0.159090909090909,-0.25,-0.0754716981132075,0.964824120603015,1.0,0.683920704845815,6.08,True,True,False,False,True,True,False,-7.333333333333334
