dir,run_id,arm,results_sha256,incidents_sha256
r6-diag-b5-rho0.7,r6-diag-b5-rho0.7,oracle_escalation_privileged,3a30ac740501c8dc90d51d4b6562b7d25eeadddd7d81859ccab265e775546f6d,c0ad96bdcb5d271340f205afa3a07d7abaeb309e5345644a5e7a5566ddfecd37
r6-diag-b5-rho0.7,r6-diag-b5-rho0.7,oracle_selection_context_d16_privileged,3d3b70afe815e2dd9042a549c15480391b93efa85fb3f2ffee8224e88d278093,34cc5e0b18ad91ee3988fbf6773a111f4c9eee6940ff01bad23bbc74908896e7
r6-diag-b5-rho0.7,r6-diag-b5-rho0.7,sel_coc_d08000_n256_privileged,6cf2c7ea3aea53846e3c55bcf8a3134861bbca14ac11680469eb7fa513c4b0dd,66ed200819c4575dd14f5bb2875b3fc649a90444a57034944f020944d3af83bb
r6-diag-b5-rho0.7,r6-diag-b5-rho0.7,sel_coc_d16000_n256_privileged,9f0e44519f4eb62e8dd4d768c482370218bccf925f0e2fafeef7dd9561ec2ac4,ad30bfe84bbe59be51fe05fc5a587cceac7fe56bbb7c4a0b2389cef8a1fb9265
r6-diag-b5-rho0.7,r6-diag-b5-rho0.7,sel_nbh_k3_n256_privileged,8e6decbbf5fb31f912a1b40a512421cb6de5561d90b5cad1f287db228c7b2ff3,b19d49a73b7e028178eb5dbe466cd945a4092f372356ba2e509c46b278b1d5d6
r6-diag-b5-rho0.7,r6-diag-b5-rho0.7,sel_nbh_k4_n256_privileged,8218bbc693b2bc075a7996d2f278b54f6e5814daa4df856c90755a2e8be49860,ffd4402e3a1ae71838be47fc1ce1638b51459e25b1f700a9b81ee0b9b59e3b82
r6-diag-b5-rho0.7,r6-diag-b5-rho0.7,sel_rung_privileged,216be0af3e2975fd2b11fe13db1cd33cb6e3f7ed79a94562091ccfd4344c0c71,662c8c81738ee9a41828ce3c7323a65eb162b163f3c846c7f57e5e77c477f074
r6-diag-b5-rho0.7,r6-diag-b5-rho0.7,sel_win_w40_n256_privileged,031c5e9d66132b2612528f0c52bd2895d50925b57af6a4cdcedc507199b64207,f230f0435286985dfe00db514134ec16c715a8a64471629af8644ac10146d9e7
r6-diag-b5-rho0.7,r6-diag-b5-rho0.7,sel_win_w80_n512_privileged,e7277f11313f21dab3ebd18dc23f54f9b2196f7b6fa0848e72b370e6dc474cc0,2c3f0c6e119b71c9c9ba5617b7143369c0fb92beda4decc56559b8517ff78ab2
r6-heldout-b2.5-rho0,r6-heldout-b2.5-rho0,ablation_hidden_rules,ea5757b9aa36d4cae3786bfb456d17b627a599f437c31e56083ad6b56a04bcb9,67498e50110ebbd9dcf7ec385b1a40e7f83d972b654c68b33ae395e0c4e480b0
r6-heldout-b2.5-rho0,r6-heldout-b2.5-rho0,alw_coc_d00250_n064_d16,cd8ddbdb5bec7c641dc061d5e6da89b92be0eac653baf8054f8132da2d3c58a9,1c03a8e88a0bdf7eb908c9b05daf6d183eead2def8b112d6e12c7a944729352e
r6-heldout-b2.5-rho0,r6-heldout-b2.5-rho0,alw_coc_d00250_n128_d18,434e27bd6285ee4d79e1a53baf127494af359b1a0da1efaa778a1f451813793f,2da9caf105b5e10119c2a198c19afc74a3f4b0a6d204cf6f39a52fc4ea53b462
r6-heldout-b2.5-rho0,r6-heldout-b2.5-rho0,alw_coc_d00500_n256_d18,8b1d60ff3a03fa24ee9ea48f979985a74d50bb5a97fe7cb15fbca99c1568d2ce,d9da730ffc9f74d932430873bffb712d1aee40591a9b9fa3d02a0bb8208efe0b
r6-heldout-b2.5-rho0,r6-heldout-b2.5-rho0,alw_coc_d01000_n064_d14,865edeaa5ec0e2399fc22334c2dc604c2d5ebfc817f36366adf007035bc79013,914957da51e977933d533dcfdfd0a0f92444c686f2a947c0c3ab19ee67c18c0c
r6-heldout-b2.5-rho0,r6-heldout-b2.5-rho0,alw_coc_d01000_n256_d20,9f945c1cf80826781f56da5a741de2cadccb10ea80e97ee6e4432ffe85487704,7358905d8fffd6917004fe25abab587370150fe4256a421e16544b4f8b24a221
r6-heldout-b2.5-rho0,r6-heldout-b2.5-rho0,alw_coc_d08000_n256_d14,07002b8cd991867318aab1bd6a111076e707de8c0642079507fc7e7a635056e9,c1d954afd0795459547fa0389cf2ea9e72a26bfbefeab4a1ba44e13cce4478b5
r6-heldout-b2.5-rho0,r6-heldout-b2.5-rho0,alw_nbh_k0_n064_d18,4683ff76aae5c229a380bbcc10b95ef36e0676fdcdd250adcb1cddd6b0c6f533,640a62354d4f1cee9a5d997fecb66a79d65f2eba414f498228928a935440a5c0
r6-heldout-b2.5-rho0,r6-heldout-b2.5-rho0,alw_nbh_k0_n128_d18,cd32c5b19a2d76a208abd51e6e91d84685c18a93950096e8ef4048afb72e0b63,9e30828bf337d690b9ca2551dde5c17b353b84a4cbe03d7ffe1cdaa6af3581d1
r6-heldout-b2.5-rho0,r6-heldout-b2.5-rho0,alw_nbh_k1_n064_d14,e823da30f24bdfeac5b2c7a5e7ace97c96e4c8585b8d747d0ac7d004843ea2c3,585777f6ad2daa864674a00c09f2ad98c8b0debc212a1ea2659933ccec1b9b02
r6-heldout-b2.5-rho0,r6-heldout-b2.5-rho0,alw_nbh_k1_n128_d20,dfaec661df17e93291ff4adb6b552635a8ee4520753969352e222dfeffc0f20a,3d12970d97580eeb95a357481e262d7e851b208566d7266fd6fa0279ead4fdd4
r6-heldout-b2.5-rho0,r6-heldout-b2.5-rho0,alw_nbh_k2_n128_d14,fe413b53fc95439639f7e33388e3a7eb5d68d362f66776c828f8cd951844064d,94dc2d55f4aef98f904b870f434fa7e223991d6d08a884050865ca0c9080dc53
r6-heldout-b2.5-rho0,r6-heldout-b2.5-rho0,alw_nbh_k3_n128_d14,be1257ff46dbbb94cf312cab6bfc3296db8e31d81baee28fd2cac2d6df7b5378,9e8909a8964ba8483ea647df8791ca9cb26d8cb92041561bde652f22cee755da
r6-heldout-b2.5-rho0,r6-heldout-b2.5-rho0,alw_nbh_k3_n256_d14,ac20e3845eb31ea3be444b6f12e15fb79a681307eff848e7c51d991bd2ff4abd,877e2e34c42a3b5c58c4bb5fbae328d34e906ec85a3214e47109d561a62201be
r6-heldout-b2.5-rho0,r6-heldout-b2.5-rho0,alw_nbh_k4_n256_d14,da36c257025e7a1d3207407a8933215fe430d48b12060b1d6f40dcec83460b57,a9ad8065ffc12b1cd855cce3e7a66eab8e14051c671ec2c3d27e771fa1defa01
r6-heldout-b2.5-rho0,r6-heldout-b2.5-rho0,alw_rung_d14,5dd5886c5896a6645d5055e4341dc1833fb86d88a4eadd80afa602c3c91dd617,f8240a1ed4f39a99d7243ab230656d0a229165f4531e6783a782dc29db444a8a
r6-heldout-b2.5-rho0,r6-heldout-b2.5-rho0,alw_win_w05_n008_d12,837e9835c179d724fd5ce2e4408089f2f4dc951f3bb9121066289f3ee3ae862f,393eebc4c8d27db61dedb5dd27d25d938108e69cbbfe55c1bc044e5f3b080c59
r6-heldout-b2.5-rho0,r6-heldout-b2.5-rho0,alw_win_w05_n016_d14,cc13588b6303fd5d6334769b6778c068c22a3c1f0ba5fc0358985de9bbd73296,d777c958a72de8d25eb3237cec0e85e74e24db763475d113a35f958178819b6a
r6-heldout-b2.5-rho0,r6-heldout-b2.5-rho0,alw_win_w05_n032_d08,c8d52abd93688e1ec80cf7f5fe52bc4d605aec2cc63b75085aad5ec0536295bf,0f3371c465177cb8544c24488d9d7f6955f0a789ae8c384ef4519148330b4b55
r6-heldout-b2.5-rho0,r6-heldout-b2.5-rho0,alw_win_w05_n064_d12,866f0d209b9afd31aa20eb4502ffbcbd76782a4b7fdc8d4c64bf0df41f1f359b,9605486f4f0c3913c41856ed07b622da378fd6d1e82656a750d7a8ba35735d96
r6-heldout-b2.5-rho0,r6-heldout-b2.5-rho0,alw_win_w05_n128_d12,5d00fe78eb9bb1e3b54fcfb77b460e4782cb6f938ed8d91d97914747b1069986,ad8532a9d5baa17475f2c0e7ab7ed9244be12346d66125db440f00a3dc0e4613
r6-heldout-b2.5-rho0,r6-heldout-b2.5-rho0,alw_win_w10_n064_d12,b5595c32dcd53fee42c39d77e42ca7d522bd4a3cf4efb72122b89be1d35b19de,209b5d5a6a6c2b5b0f568453acb3e4207ac34a1171211fa924175bedf8776487
r6-heldout-b2.5-rho0,r6-heldout-b2.5-rho0,alw_win_w10_n128_d12,9cac8714ab70ed7d0fbea818e614f4970c24cdb2382ccea5052d9ae457f43fd0,a39c53557b17925efbc0b7744bd11fe0d356703b1be61918e82dec46f132dd8c
r6-heldout-b2.5-rho0,r6-heldout-b2.5-rho0,alw_win_w20_n128_d12,5f2f152a5a90091d0d74c5f4cfe5528ecf4bdcb115f1e3dc8a38b118057f900b,a6fcedbafbb63ebfba6baa8678525996dc619a3711d40cd1c8e422d8344c2cc6
r6-heldout-b2.5-rho0,r6-heldout-b2.5-rho0,alw_win_w20_n256_d16,581a7616b2e6365d7234c63fc6362bf6ee3d730f2e18d601160742e575a982be,f879f12d54f80ed567c23af92f582e1203714a048dc686e0d808f76cf0dbdef0
r6-heldout-b2.5-rho0,r6-heldout-b2.5-rho0,alw_win_w40_n128_d12,08e5c658274f9d257444cd24f11cace5436474f10400239e0e59cd1fb60100f5,27f9610cd75cf0d6e725fe5ce55ce095bf72a88d07c3767fb74a5e2cb2a792da
r6-heldout-b2.5-rho0,r6-heldout-b2.5-rho0,never_escalate,fe4f102483aaab9f8a78b4d5636b3790e502edbb861e036f084ea25b3d0a3a18,356aa1b106453b99a50b01e7a9845000b5a430b267e9a4952f7f7c31f4b80ead
r6-heldout-b2.5-rho0,r6-heldout-b2.5-rho0,oracle_escalation_privileged,de4c9366caca932cef2525ad25b3d3e5980c5b21aee7d4b571f57d07f8941795,c5db78cf97db776979988817648dd9314d2d07c1badef273812603ca28e3fafe
r6-heldout-b2.5-rho0,r6-heldout-b2.5-rho0,oracle_selection_context_d14_privileged,f9c3df643fc84d216a5450fbc2fb472881db0f4f79bf373ed74880fc4d719d72,070750fc62e6a39dabca3dddf55c771223b0b8269ff2ff2c4c1e297f60e0d526
r6-heldout-b2.5-rho0,r6-heldout-b2.5-rho0,sel_coc_d00250_n064_privileged,04909a2101d2e9fb47c6cbafc7e3b93caabb8b3c25fd58f6172ed8b31280836e,abf3cf81e175abf1898a9b73cd3dab23cba6286f2892b75d13150c9c7fb2f9d8
r6-heldout-b2.5-rho0,r6-heldout-b2.5-rho0,sel_coc_d00250_n128_privileged,7d9942d10bfc3e9c1db998009e62590cb7582bc40f64b6b4cf0ad0d4360fdfb5,141592f2f4f64fb67b137a4ad6a2ebd91b3612743e74e4b85b68dfe06949283b
r6-heldout-b2.5-rho0,r6-heldout-b2.5-rho0,sel_coc_d00500_n256_privileged,27609b79de873abb1dc856d84822d7dbd132dbb1abd337bb3ce9c462b0435a07,c48be3d1855e92999a8bf5edc8e177e53d106aa58a8a47479b6e58a930cb2044
r6-heldout-b2.5-rho0,r6-heldout-b2.5-rho0,sel_coc_d01000_n064_privileged,53a12ce666ae3531c7f1a200b2de59c94dc29b0a195f3ed6ae7603198613a452,4d6a3a939856cad06d5395b056832a2414f45d1fb475b196dadfd2ae339c885e
r6-heldout-b2.5-rho0,r6-heldout-b2.5-rho0,sel_coc_d01000_n256_privileged,b22e371a990e2e5b2ce9315d99904b7454d7fcc637936d7d73a283e0bda61f04,eef4396fa7d4f7351e751af183de99a166f7b61b84c1bc6d96413e07398df962
r6-heldout-b2.5-rho0,r6-heldout-b2.5-rho0,sel_coc_d08000_n256_privileged,cbc4f1b9ad065ecfca0263e21907342dee16cbbdd04508c6bd1aad367e6c6a85,18b2988594a3adf5e8a6a6e6b012b0cc779c7f05ce59878cac38a04a9c2ad596
r6-heldout-b2.5-rho0,r6-heldout-b2.5-rho0,sel_nbh_k0_n064_privileged,8431e8c0685ef9ee09efd5856fa19a56571a65ae548495dc67e0ed52bbe4c4d1,4a043e65b9f6d93161355e5e06261c68fbac2eb0e11361fd44c0719f61ddf0d8
r6-heldout-b2.5-rho0,r6-heldout-b2.5-rho0,sel_nbh_k0_n128_privileged,9fac8cb133e28f2e24a66e10196ef1fe0ae788b03ab7f2621001e1126610285f,0b5d0ab5abcd0e84a249947531af0d7b35c2ee2e05500b4970798c6b0ccda835
r6-heldout-b2.5-rho0,r6-heldout-b2.5-rho0,sel_nbh_k1_n064_privileged,62c10e72d61f1cd051f985e6714f2e84a48e96a2f0fb2ecabc24e1d9f1172ade,f9b3278e7f29e8c09e6ebd8ed2fdf5cca28d959e257d15fdf495244cd9a8f605
r6-heldout-b2.5-rho0,r6-heldout-b2.5-rho0,sel_nbh_k1_n128_privileged,9e245fd72b001c610ce557a15ef0ec9176d3f18828f4ac8fcb1a53b690f9f281,75a8b9014588acc41d8d4563d0c480ed81344897a960e3d25949f8d19ddb22d0
r6-heldout-b2.5-rho0,r6-heldout-b2.5-rho0,sel_nbh_k2_n128_privileged,b1b5b2e5352908990051f604ee995f8143976d04691439821d3fa156fbd4ffa5,7c815a0675679b7e8bd21a46bebb4484f940119e2a457525c23fd4d3c1ee1767
r6-heldout-b2.5-rho0,r6-heldout-b2.5-rho0,sel_nbh_k3_n128_privileged,94ac8555776c9167bb031bedc3e7286dadb3538d56869a945eba1cfa29b034ab,5e89c35d60bac1a59b27b4fe138f50b5ae949e769857357f8d123334c2cdd641
r6-heldout-b2.5-rho0,r6-heldout-b2.5-rho0,sel_nbh_k3_n256_privileged,98dccf08994dbbb3e87d43081a61e88758a2fb18914f990be2a44f563482444b,1718f7ebb062f22192b98b36655534b323f7d007d4c801819fbdf1184dc99407
r6-heldout-b2.5-rho0,r6-heldout-b2.5-rho0,sel_nbh_k4_n256_privileged,8577b66f2fabb151e45acb68b1e30dcc4137c6fe08533cf32b22e75d8412c534,941c14f25c3a38002922b50a6bd2b83859dc8b3cc70b1c86a4d51add0253862d
r6-heldout-b2.5-rho0,r6-heldout-b2.5-rho0,sel_rung_privileged,7c7e8bcb5b07e6edf3b6293fb6096bdbbb5d02d041b7cb2710229daaa73d63f6,314255fccac495c0f641d37613904f412aa70dc873ee966941af88e918b79ccd
r6-heldout-b2.5-rho0,r6-heldout-b2.5-rho0,sel_win_w05_n008_privileged,52688ec63a6248b0286ed353e95121550ebbf35b18221ce0dc33ee30fc328078,85d9437d5cec098a33a98986659038507a5ae2e670dfcba8da5827ee64f8cd5b
r6-heldout-b2.5-rho0,r6-heldout-b2.5-rho0,sel_win_w05_n016_privileged,407140611d7b3fe9e62b4dc473d7f5db74c87cc671b1ab7b7bae535f31ec2eba,554caae841e1dfd8f3f8714720a4a0fae127d9a8c3633997fbb311eaf52472c6
r6-heldout-b2.5-rho0,r6-heldout-b2.5-rho0,sel_win_w05_n032_privileged,4221d0f5156499cae33e2c0c8defa5d73d0f6321e33fceabb01f2e95589b4b1a,b314823216b99aea48affe6a8b65fcb041f05ba2755486b654c935b55df9487f
r6-heldout-b2.5-rho0,r6-heldout-b2.5-rho0,sel_win_w05_n064_privileged,415554adad776bc4dacd85ce88309c50d568549fc3387ce924e56d4366832d45,557fe21a0754f8df71d731946fbd81804ca1975fc5f5bc42d11ef6dc38d89c9e
r6-heldout-b2.5-rho0,r6-heldout-b2.5-rho0,sel_win_w05_n128_privileged,4fa89f480069cbfc9b074053da854192b995bc3d452c0ca65ed26d33d00ae0a3,98730836cecb9253d13a1acea583c167653c61358917e39b3ec52d40ce32c0ed
r6-heldout-b2.5-rho0,r6-heldout-b2.5-rho0,sel_win_w10_n064_privileged,0b8a66440dcea2a6294cd35cfae0ed613a91aeea544b55aff441de686226240b,4fa7d97396f420dc72a5e9668b255f9ccdfe2d5a839a4164e605c24dee6e4d45
r6-heldout-b2.5-rho0,r6-heldout-b2.5-rho0,sel_win_w10_n128_privileged,542f38a5fb3d69fc176c0c4544c5d2d844123de5dabe90149df2800eca5af4a9,e9377755505dbc9bfe64ced1c9e40834b13ce1abfe7f7d615925b0e8eac3422d
r6-heldout-b2.5-rho0,r6-heldout-b2.5-rho0,sel_win_w20_n128_privileged,be834c09264d9da3dd0614205c1a168eed8c49cc7ab4e85e1c2ecead3038f3e7,7bb9825de1d1ebc817152324cda793822feab3f18bf750fda042664b6f57a754
r6-heldout-b2.5-rho0,r6-heldout-b2.5-rho0,sel_win_w20_n256_privileged,14dba4451ce40e7922c0444802d8619de2cfaf120c3b3f814994bf88e11889d7,b480093e50fd46d46ba51edb26401a1a80c8f952828efc18f3a363488b140805
r6-heldout-b2.5-rho0,r6-heldout-b2.5-rho0,sel_win_w40_n128_privileged,6cc1f44032633e6dff99df30ea3e15df41c399c57b31b62d9a13e6e0c5502cf3,e4e8c47905dd2ec325c48161f8a09b0a3ad761c5f7be05017c3a18e5d6a7aeb4
r6-heldout-b2.5-rho0.7,r6-heldout-b2.5-rho0.7,ablation_hidden_rules,c45a58f38fd7327aab1a0bb8c2ab9dd4ee95d5875c4c96207d63109053122e06,6b65b73e27249a74dd7b5b67d01816bfcd33ea48e23c352fad3d0d773e49cb0e
r6-heldout-b2.5-rho0.7,r6-heldout-b2.5-rho0.7,alw_coc_d00250_n064_d16,ac748abb7354c262b9354f643522c421d49c0a90bb20d316d2a4d877b374f9d6,406f0281f47023fb429e83d210d41b096397b27e8e7857be98fa5a8838a9d477
r6-heldout-b2.5-rho0.7,r6-heldout-b2.5-rho0.7,alw_coc_d00250_n128_d20,fdb4114710d8a5af8462617703a044edf34af1bd18690c27d28dd601a26f624b,59473da52dc5a53799e896c9023fb2e781a1ea9a0cb9191af0ec98366117ba35
r6-heldout-b2.5-rho0.7,r6-heldout-b2.5-rho0.7,alw_coc_d00500_n064_d16,ea45948fd79b3edd6d2bba4894c007ceb481057d52c921fab79073040fd16b27,60a53c158b4fa192967e64182d3709fcb2900a46875fb1dfb7eebad57fd63d85
r6-heldout-b2.5-rho0.7,r6-heldout-b2.5-rho0.7,alw_coc_d00500_n256_d20,786666b8d7e16e93d0a57f52df30d558aca003fd2654002edbbbf4f187c39ded,d1db57b68927221ff439e9534babfb82fdcf1cf557539365a9363c7d6ca144cc
r6-heldout-b2.5-rho0.7,r6-heldout-b2.5-rho0.7,alw_coc_d01000_n128_d20,5327d09d607c6a6b007cb331860f2cc5912fb736725799090512f683a674ef93,577936ba57b3e794de5efc8c011c2c146b16063b5f7781ee000b499fbb195b21
r6-heldout-b2.5-rho0.7,r6-heldout-b2.5-rho0.7,alw_coc_d02000_n256_d20,f6322cf1fc83defa2c350209d7fd51d2dd780627bc48d63d749fee1a96664704,2c7ad93e23f107ff20e0ccadcd05c9b14c32a99921898449b13f198758cb0943
r6-heldout-b2.5-rho0.7,r6-heldout-b2.5-rho0.7,alw_coc_d04000_n256_d16,ff40e8f85ebc1f92d2b4fa7fe305295bd2f4cec20415d35d33e0275998e0a601,d0c25057985617ad2bdb542b9f0c29e9d1aa0724643f67dc2e592a46be77607e
r6-heldout-b2.5-rho0.7,r6-heldout-b2.5-rho0.7,alw_coc_d16000_n256_d14,7770d40ccc32e6aa7c409a539383cacd052811899c649561e7fc0631d016e109,c1b244880bafad57aa704f7d932a0c60766823fec6df6bdc061c8ced8659a60d
r6-heldout-b2.5-rho0.7,r6-heldout-b2.5-rho0.7,alw_nbh_k0_n064_d18,738d13672f4d5cf424271f6eab9c509f3f860ad605b37fbe5b3296d02cf76420,000a62de9c630f650ce2c315108404dbef14cb409b00e419f304138c151ac883
r6-heldout-b2.5-rho0.7,r6-heldout-b2.5-rho0.7,alw_nbh_k1_n128_d20,491b6b6e42909256289c6b9f892c7c29c5eb27e2d481f102ae36543d13829591,02baa278a8352c98a56271b81584c7d69fe422ab5b62a3d3973248c8a6c58e07
r6-heldout-b2.5-rho0.7,r6-heldout-b2.5-rho0.7,alw_nbh_k1_n256_d16,0171f53fa349ad589cbaa94b1f0f3ee01e0bed52df0bf126675f2d43e8f21f10,765a2a77a883df377cb32e990dfd47bbfc2a6b9d2c5d281370751a99b88b797d
r6-heldout-b2.5-rho0.7,r6-heldout-b2.5-rho0.7,alw_nbh_k2_n256_d16,1e73e5b023ec7a7f149857e6a7041a8d7f1af9c4370eace966148ac384fe9966,d58882f90dc58e254ea1afc0000512cbf934fd3b89934386c1c38fe640520fa0
r6-heldout-b2.5-rho0.7,r6-heldout-b2.5-rho0.7,alw_nbh_k3_n256_d14,ef6835dc7f0f01c2cd13ae33207750b40b9f1112492b62a91399ccce2fb9cf88,0a18cad5823161722d41e055b0c32a26608dcfdbaa1665e2fc19005c4eeccaa2
r6-heldout-b2.5-rho0.7,r6-heldout-b2.5-rho0.7,alw_rung_d16,e742025df540db4f166c9ce9d98d41694385a9033ca51e785b4c2355c05e42d0,83853a3d3f6b95b3bd51b0af319d1f65e720dc7d18967c78ca8bc6bdadb53eef
r6-heldout-b2.5-rho0.7,r6-heldout-b2.5-rho0.7,alw_win_w05_n008_d08,9a0953b3c47b453450fac323ac5e9b7400fa8f27948aab9628fa3598e3ed7cdb,4a6b473e4f44db7868faf9e3ca3b105f5e97e4af6a929fe9ef6bf89a92983dbe
r6-heldout-b2.5-rho0.7,r6-heldout-b2.5-rho0.7,alw_win_w05_n016_d08,ff5c03869366fe7206979bde0a29a0fdd72787e70b38d6a0ed9a7c071d9c9c55,49f5a7ef66ab33cebd2909054cefa3aafbbf550d8f22e0b8004f10f9c8a26c01
r6-heldout-b2.5-rho0.7,r6-heldout-b2.5-rho0.7,alw_win_w05_n032_d08,3b85a6d2d3ad2991367e6438a390dc7dada2c2a045a7608ff7f62ddb8ab5ad0e,8f0a0d2c3e36b79e864af5cf06df5d8b10ce0c9d1f705c912ca07a29458b075d
r6-heldout-b2.5-rho0.7,r6-heldout-b2.5-rho0.7,alw_win_w05_n064_d12,179afce9415b0d220bc751765eb11d7f13172d08d0ee745a2633b95ce0864106,08166b4886b11a28a6fa56fbb640fe87a929b0145629e82c69d5e4d40c41cb45
r6-heldout-b2.5-rho0.7,r6-heldout-b2.5-rho0.7,alw_win_w10_n064_d14,1f47271affc71deb5c5b7b7742d6c5e8336e54e0b023373900a7c5ba3cd5b08a,2c2a274b8c5349e6629c90598ea91b38d777f88b918d437d99bd8f0f9af85ca6
r6-heldout-b2.5-rho0.7,r6-heldout-b2.5-rho0.7,alw_win_w10_n128_d12,26af55fe66c116d64714cb961bd6e93cd9012e9109b7dcfd2fc31760eeb72c9d,847712ae454105e3d574a3abf3354e295bea48ccfe48cbb8395380aa6516fa25
r6-heldout-b2.5-rho0.7,r6-heldout-b2.5-rho0.7,alw_win_w20_n064_d14,4876aa4eff461f3fb8a47c1668a8dab4b3dd98c3de9c64a3a50d92b74a4c8088,8d80186dd9d1ff3bd4722cc66afe64962b92c07a0bdb6228d0dcbe5a209fbd66
r6-heldout-b2.5-rho0.7,r6-heldout-b2.5-rho0.7,alw_win_w20_n128_d14,fcdced509b97f40a1ed4af143cff9b60c08f7ac67282d4e7a6880f64d2822a60,069c973946135319669ccf09941733f4cdecdba190c3e73d212871e6b5935bf2
r6-heldout-b2.5-rho0.7,r6-heldout-b2.5-rho0.7,alw_win_w20_n256_d16,0237e138f313a83a34b48a66f1e8deeb4f07d858ae4b566f7fa53556e04e037a,cf671d7f3a805497ac9560535a2fedf5f9a3fdde5b3dcfb030f37bea84b22901
r6-heldout-b2.5-rho0.7,r6-heldout-b2.5-rho0.7,alw_win_w40_n128_d14,1b1bb4aec124d138749b7696ad4d613fd4aed89d7c61b86c42061872187116c5,89ae89e018974417689baa0d6bded3a5a4191ee937f872c285bbb3c52c2ec5c5
r6-heldout-b2.5-rho0.7,r6-heldout-b2.5-rho0.7,alw_win_w40_n512_d30,8b6d4f625bc3f1fbe4a07ff0be61060935a782a84144d1c2883daf7f327ab2a6,d153eabc2ecc61c31f52323659980c8e8a63f11ae0e7a02e95cde3bdb251b1af
r6-heldout-b2.5-rho0.7,r6-heldout-b2.5-rho0.7,never_escalate,40e88e3a8665f806b26f47b1ddf85d0698ab4a25b52ca1b0d6567977919c7eee,7526ebd7d49674a411ae3107239fc8f01cc1063831b64fd393f73cfa827183d1
r6-heldout-b2.5-rho0.7,r6-heldout-b2.5-rho0.7,oracle_escalation_privileged,7c82208ad115bd6ff85db70f2383fb7d96b12432735213d741b0e1f1b247a9ce,6f6a28b1d4c6a5da6a603556912b56a50c7f900d18f80e049356467c56520526
r6-heldout-b2.5-rho0.7,r6-heldout-b2.5-rho0.7,oracle_selection_context_d16_privileged,55925d0dab2cda8174b11691cc05042ec920c3042a69fa90282aaccea147d0f1,3f7e39337ba6d4a41a7b2782e3c1d38092c8515f291e9ee24c153fb378d39f37
r6-heldout-b2.5-rho0.7,r6-heldout-b2.5-rho0.7,sel_coc_d00250_n064_privileged,a612ec09d137b37342548a2d2f19b52b584aa53a953e6cc17a3a53948db63f30,21e674b9cb339a81ab268a4bbe1a83d21bc070782b30f55bf4fb5b60feb8cdd3
r6-heldout-b2.5-rho0.7,r6-heldout-b2.5-rho0.7,sel_coc_d00250_n128_privileged,09b07b0d1469a838101b6687abffa285b45c88f1c5aa6f0962882c9415f0cacc,9427dd81d2858f4cd8d13129352c2cf0adc5acc16c0277050b3ffed35c0bb0ec
r6-heldout-b2.5-rho0.7,r6-heldout-b2.5-rho0.7,sel_coc_d00500_n064_privileged,7b86178732625252117aea7310a644fec570bfdc7ce4f33335f04f0d4e3de81a,1f13eca1ef9afcd697607b959f79aba6f99405f24506fcbf5d760e71b0371d4b
r6-heldout-b2.5-rho0.7,r6-heldout-b2.5-rho0.7,sel_coc_d00500_n256_privileged,45e2208e90ecfd1b559bd896f29884ebc65dadf2441c305a617914acb556f3f6,f9a2cdc321ef51c3a7b4d92334fe7d4095e3e2ec082448d254dab1b73e6eec3f
r6-heldout-b2.5-rho0.7,r6-heldout-b2.5-rho0.7,sel_coc_d01000_n128_privileged,68fe924f6855c28ba45ff04539ade10bf08ea0d0291a4b79f233150c4b6cb1ec,7c9ab96c62c9829e9e41ed26e83f00fe02fc53e5b857754027aef555465fe3fc
r6-heldout-b2.5-rho0.7,r6-heldout-b2.5-rho0.7,sel_coc_d02000_n256_privileged,248209749f40c3994dfa5507fab913b0c99c29c49ce31284226a8d9da5a11e28,0f1589997565f3337cdf5b140b161bc51ef1e6de081ae77989427fd644841742
r6-heldout-b2.5-rho0.7,r6-heldout-b2.5-rho0.7,sel_coc_d04000_n256_privileged,c66d45a3e925ab1fc819eb3b1f41d84a13e2323d3e6558342e81094f8255b6a4,656d62773cce0d2f0ac0a4e3139a5c21586915f747e9ede25b23cef940ce629b
r6-heldout-b2.5-rho0.7,r6-heldout-b2.5-rho0.7,sel_coc_d16000_n256_privileged,f972664626b37995c72846fdea92a66eb229382327e91946f8c30cfd33927e75,e98b048af236fc4eedcb30c411bb9e3ea6cb934935e84758e8aff826370d7253
r6-heldout-b2.5-rho0.7,r6-heldout-b2.5-rho0.7,sel_nbh_k0_n064_privileged,0772168880b697b8d932920c0bd2a1ee8750430276a059ccc1ee7d0f5bc2befc,7d2a990df8bd0482c8e3e1b33c824ced5314790a1a0168f1c303375a048a0eb4
r6-heldout-b2.5-rho0.7,r6-heldout-b2.5-rho0.7,sel_nbh_k1_n128_privileged,c6474bd857c4366413a1ae8dc14cee037c30bb33183527b373b52b49c32c185b,430d382e81e06c37fcd0fcced4b87414f7724ca57db73e7396f73b606e39ac97
r6-heldout-b2.5-rho0.7,r6-heldout-b2.5-rho0.7,sel_nbh_k1_n256_privileged,527cdd9e8c423175ee975f54839195a0e0f12dcdf61c7eca01b3599986c5882b,41931fee7840655b23135f942f2950169405fef74ace030ea8a3fff622f8dc04
r6-heldout-b2.5-rho0.7,r6-heldout-b2.5-rho0.7,sel_nbh_k2_n256_privileged,e9f9729d6a0f53fc44f5fd98a158aa37d89b97a6b01ca3976d99d6f4c41fc937,a3961d7dc2edf43f1f5631cf4da5d46b8ed15727d20a3a77a869acd8d87eb398
r6-heldout-b2.5-rho0.7,r6-heldout-b2.5-rho0.7,sel_nbh_k3_n256_privileged,c9b377efe56f05e903ace197621914bf75e5c33917384a2604fb5d002a533711,e4d8101fe95f3a2ed64be84f3e10d223e19186d613e44b87e0704bd3a1ba06a3
r6-heldout-b2.5-rho0.7,r6-heldout-b2.5-rho0.7,sel_rung_privileged,893a8b5d1b29aa751878743c1b0c00f213f150a7949ec126e69aa4627656859d,43eeeb91473ac4653e9d70a0eaa720a83a20f01d8e3412cca92f6ea146c85439
r6-heldout-b2.5-rho0.7,r6-heldout-b2.5-rho0.7,sel_win_w05_n008_privileged,c9ce1be3e808f3bc0095fc017edee9ed52efb852fbd280e5afd504358c059f3a,e160a412dda2310a256bf0a28394b4a1b817b465f05e55a85013c12a660d9dd7
r6-heldout-b2.5-rho0.7,r6-heldout-b2.5-rho0.7,sel_win_w05_n016_privileged,bc34d17fc4d4340763083a19b98cc656c170b1793eedebd2f1f34699ab5c23d1,5463179bad645b52aeb26a0208786175015deee1ac0c3ad1a6398ebb486e304b
r6-heldout-b2.5-rho0.7,r6-heldout-b2.5-rho0.7,sel_win_w05_n032_privileged,3597d565068bb4c66310cc88571e40067fd9e16d1a3e4b2780fc02c6186a4c4e,d0b7c1ed485d8bcbf4c70b6bbe529958346c2ef68915aec586bf513dfad6cd68
r6-heldout-b2.5-rho0.7,r6-heldout-b2.5-rho0.7,sel_win_w05_n064_privileged,1da4103a1079a76e50ce0595519539c88a84f13e33513b8b9e4080fe28aa3b5d,22c5ec04027fab2cc9fcd1ee996b4bd11d2cf3c875ef85cdc3bddbbe97eb8283
r6-heldout-b2.5-rho0.7,r6-heldout-b2.5-rho0.7,sel_win_w10_n064_privileged,1f78db8461be0d2081a47831580eab2b6583bb842f97456810b2f9f931caabc8,0e51309d27bd05072c31d60934de668a0f7de69fbf5d343371620ea1b4a47877
r6-heldout-b2.5-rho0.7,r6-heldout-b2.5-rho0.7,sel_win_w10_n128_privileged,4a26900843c64cd3bcb28212c96856622c6f063a5c6ca5f9a364167efa20839d,7c3260f7e3c6738257c6291ba3ebb2690d445083e17b23eb125c9141852df711
r6-heldout-b2.5-rho0.7,r6-heldout-b2.5-rho0.7,sel_win_w20_n064_privileged,ec676b842fbbc6fc53bc7f1bbfb830266eb489591c98ddb17b53b2cb6b9cfd84,961bb9a3ec47ac159e0754f14355e9516222b7ef413a843781782cc2a26a5b7f
r6-heldout-b2.5-rho0.7,r6-heldout-b2.5-rho0.7,sel_win_w20_n128_privileged,50acd0650559a23b1eaa7da32da77af9fda2d820f5f8ced0808bf34325dbd10b,0bf6b189e9bf63e19410366dd0007bb1380ee614447f1740ec3f66a0eb2fef67
r6-heldout-b2.5-rho0.7,r6-heldout-b2.5-rho0.7,sel_win_w20_n256_privileged,f118c927d70f328837326ee363504075a0a64e95207f3c896accb8c8ddba854c,bec3103e40766c091f98b40f3474ba61437de544ba7bc01486345e53ee49bd5f
r6-heldout-b2.5-rho0.7,r6-heldout-b2.5-rho0.7,sel_win_w40_n128_privileged,52b6206a97d839b1303b04392a3a24609ce95ed7ab676d7ad63dd9689ab09c81,be66279ce441e8c3df66e8c4458d2e4b5c8b2b402f89e89572d677c7c6b73bd2
r6-heldout-b2.5-rho0.7,r6-heldout-b2.5-rho0.7,sel_win_w40_n512_privileged,f14ce44f14d62c3e095b4689fcebce8fb56d6c817711421b1f2ed8b0e57d6287,45425457384359c0f6290b5817a0147d17bfda73a87c216bee13816dbcb15631
r6-heldout-b5-rho0,r6-heldout-b5-rho0,ablation_hidden_rules,4428665d20185909c6b27ff1876d2d75ef34cc45b218afed200e7e211188698f,d06ed3f2ad3e9356966b5b894ec347db0e3178409c8fe6d659b05899cc2b7438
r6-heldout-b5-rho0,r6-heldout-b5-rho0,alw_coc_d00250_n064_d14,7b15a227103d912e7cdbff1ca1763ab7b4d6dfa2991b612a1bf1bdbcb7f60b98,ffb27ebda6eb96924b38c176b68658e360c36885bc483e42f11edf04bea90b0f
r6-heldout-b5-rho0,r6-heldout-b5-rho0,alw_coc_d00250_n128_d16,4dee20a6b1f3eb3e9cf705f029dcd4d3cb9bed89fe04aca586727f8a99ed1a4a,8b35c059229a640c77d4500d0fceb0f6e6e7b85af80669dcf6dee54f0f3339d6
r6-heldout-b5-rho0,r6-heldout-b5-rho0,alw_coc_d00500_n064_d16,f7b0793097e9ee03c31dbfed9d9ee8fab96eabe74f43865849d6d21d86e5e246,d8fcd835fb2dab5176be61a344c09a5e2b2fcc0658fed8bdc5d42a5e8497b1fd
r6-heldout-b5-rho0,r6-heldout-b5-rho0,alw_coc_d00500_n128_d16,ec424ba47b97147ebedb1a997c73c1ccd501ebbf9210b9ef2bc1cc98bd5114c4,681078a86754f55b6422661d0a3fbefd5c11e70a52d58374b13635a483c20863
r6-heldout-b5-rho0,r6-heldout-b5-rho0,alw_coc_d00500_n256_d16,35065762d04fa8a20677b3674e7146f04588cec7de9e74af13ff25ac653c5588,19b83249822194564630b659f28160d7bc49ef69574700e23eb208738e56c747
r6-heldout-b5-rho0,r6-heldout-b5-rho0,alw_coc_d01000_n256_d16,73424699f4a24e93396918569cab71b0a5c1067819780715bfa55c0c5d0fadb4,4fd497dc6a5f14ee34cdd853033578f3b777bd5aa4f24be1e03bef6f1ba3ef86
r6-heldout-b5-rho0,r6-heldout-b5-rho0,alw_coc_d02000_n256_d16,f597fd9320c870282631840c51a81cf3e14edbf28959af85fe72a63bb68b5b5a,5353b2cac417b5f38b1caac28d09ecd80bbe6db3c4020c9e7544e49bec9ccc88
r6-heldout-b5-rho0,r6-heldout-b5-rho0,alw_coc_d04000_n256_d14,57b4514b9493572f5fc0665c3bc0869b8ed2a166622808b728ef3bdf7866eb81,fb22d828621ce9205e1634f1db337b3460ae695ecec6610f660747a646751ca9
r6-heldout-b5-rho0,r6-heldout-b5-rho0,alw_coc_d08000_n256_d16,484483b7bbebacf06cb02119c58fd9450ade070c2140c64cbfc9cef21b5ddb2a,b5afc475aab651f0c068b42e25c3a3e33fc29c2d9ca302e169d9275530f2c8d9
r6-heldout-b5-rho0,r6-heldout-b5-rho0,alw_coc_d16000_n256_d16,16e9b24055966516675f72d5c77c212012cac3f07f8184abea3653e685a50732,62726eca0df666a23595db12bdbface640be726c125664b93bede80d530e3558
r6-heldout-b5-rho0,r6-heldout-b5-rho0,alw_nbh_k0_n064_d20,e65e8d54901d7a463c012a987f940fb7cc998901a73e8c31553e2d5e3b8afb2a,a1430dfb0d268cebc5d4d9750bcc44c7b39ab481de80ec0a1a3966652207e043
r6-heldout-b5-rho0,r6-heldout-b5-rho0,alw_nbh_k0_n128_d16,6c86fc1e8a06f00f46bdf99073795d3af4e8c952f1af91f3b6549d038a185f86,dd2895807381887b97040940ed84e9774c990fa17cfd3e0aeb9d4ad2ac91181d
r6-heldout-b5-rho0,r6-heldout-b5-rho0,alw_nbh_k1_n128_d16,ead93e80b93214b15179bafe2b316833c36a38787935694973e88fa7ced59098,b18a26eeef8210fd77816b422feb4575375407b4897dce9a069ba8f0ce690325
r6-heldout-b5-rho0,r6-heldout-b5-rho0,alw_nbh_k1_n256_d16,095e6c914369bb0ac2a6c1eecfcd5669a3ab1330c41386de577d64bd24b23781,38d39ca5cee4ef3061bb4ab90795fb8935d56e0e4a4faeee2a632f3ff66dd138
r6-heldout-b5-rho0,r6-heldout-b5-rho0,alw_nbh_k2_n256_d16,6090d0f814b16428955e502493b2c2ee5be25b098b72b56856fdfc37357e31f5,c3186b2a0cd14dc5225f542d2880111f85a1d129a8f80c65ed9960915ff0c418
r6-heldout-b5-rho0,r6-heldout-b5-rho0,alw_nbh_k3_n256_d16,e4720afa4e1609aae51cfe4ccc6a2aefe04704dafc3a47c7a66a75e7470046c7,ec5e4858a71b3ed9cef51f9004c16b63e6602ea260bd1429245127ddf98c7701
r6-heldout-b5-rho0,r6-heldout-b5-rho0,alw_rung_d16,1a2a12fdcdcd8e4a80a786455b9a673b9b6281f8e8a4a78ff867aae63022d3b3,bed55f225a2145e87f998fd6c48de7d4085ba3fa79f479de0ebe822b4bc182f2
r6-heldout-b5-rho0,r6-heldout-b5-rho0,alw_win_w05_n008_d08,f215a74b346f4138abaa81f515a43c6a277c6c199c98fb113f5ca89064bbd320,6997d1d1ae0399ed70552af9d14360fad9a73bc407d28f7a488144ecd0ad6430
r6-heldout-b5-rho0,r6-heldout-b5-rho0,alw_win_w05_n016_d14,b7f7bc0345ac7036dd00c961828148b69e68c4dc09f14409463f5156e43c8977,45ec77ac96c5ca6fa7dac61830108c203aeb01ae50a2ef8049ac5a38978a1e4e
r6-heldout-b5-rho0,r6-heldout-b5-rho0,alw_win_w05_n032_d08,49e1b79730dafa1cad90abaac1608e029e48f88155c0b25538b112325acf8866,5b130b63ac308e6e6a2eb3de9bbeded535fcbe12c8d57736382d32dfac86932d
r6-heldout-b5-rho0,r6-heldout-b5-rho0,alw_win_w05_n064_d10,9e3dadce1bda01086ee2191bfc33acffde2d0f23ebba61345301259e3d8f2f7a,51f55926e1014f671e36da78988f60c6842990ac56c1625aa153d88560989add
r6-heldout-b5-rho0,r6-heldout-b5-rho0,alw_win_w10_n064_d12,acb7c9bb6790de26ffddb0890765c5640722f491ffe0a5cfc80beab7bed46661,b7cd0076b4fdf15c5fb6549e041fbc3b184dd9d2fa2dc135db1d27ed8c3ab0a9
r6-heldout-b5-rho0,r6-heldout-b5-rho0,alw_win_w10_n128_d12,259a2b597c9991849a5b72e043a02b42b8c99062fd8d51fb686c6cf3ce306f5f,399aa26ce9ced5f7df0cfe4e3e186946f5053be0a92556aca1121c42faecb136
r6-heldout-b5-rho0,r6-heldout-b5-rho0,alw_win_w20_n064_d12,035b7111097ee82676f0977707fc99a43a0f40cc2eee7ed21ac3d13e6d7805a5,3eeb3b308101b02668e923500849a30960803928c52fa9df0d9d294254f81f15
r6-heldout-b5-rho0,r6-heldout-b5-rho0,alw_win_w20_n128_d14,e41d84ecbb58575f0237eee49700f9e7e9ac8dbdb98887a80a848db7fb6f57fa,a56a5852e2d1f533a653d7a9c863c030d876221c9ce0ad84d5315071892343fd
r6-heldout-b5-rho0,r6-heldout-b5-rho0,alw_win_w20_n256_d16,6dbeb3610d8823e93122ddc8737c6895b924963b83521480f8c6acbf3cf15e9e,2b1723ecc46d3f319ef13698a9ca47d9b970956fd64c4cedf7bafee3c804e8da
r6-heldout-b5-rho0,r6-heldout-b5-rho0,alw_win_w40_n128_d14,9e461d919969f5d33affb6956ddd290ad23ca39674436871841cf09a10f88d77,b24c512eea18494a7007ee33a85973074894dda77acc2b0511c5ce5f3969b668
r6-heldout-b5-rho0,r6-heldout-b5-rho0,alw_win_w40_n256_d16,ae2ad8dde18ed0411d11b8f254aec4f99121ec94cecf2087c5bf559d6b77ee39,5a5bb8e4c43e5f30aa7f2c82b628087db025269db51fbdf8233e4c1f844a8c07
r6-heldout-b5-rho0,r6-heldout-b5-rho0,alw_win_w40_n512_d16,8691dbd32aaab3591305cb2481355de2beefeee2e26642fdb82c07d5754f1102,50f7e960d42d9f1b420d49b77ce88633926bef7ec3396116188e2ddfb8416c2a
r6-heldout-b5-rho0,r6-heldout-b5-rho0,never_escalate,167ec38722f0bdb494be1b8fdad2900a8339d0defcbc9cf220c774331b80fa3a,5ceda3fce8c3f8c09fd137241d9da1792f5cceb5886e6134c528b3285d120f8b
r6-heldout-b5-rho0,r6-heldout-b5-rho0,oracle_escalation_privileged,840d6b99ecb2a9959f92b96f81e0392513622dba6ba313094739bb9878560fbe,64aaa56a711b12bfd653819806148ecebb99169aedb6ed144773aa5304cbd624
r6-heldout-b5-rho0,r6-heldout-b5-rho0,oracle_selection_context_d16_privileged,2488e4dbaac603840d6d0f609d5c9aa7a0b436ceaf7ebf406f98f9247e0d7ecc,6d6c0da324e4d15a73303f2f932cf51c332cdc648ff1775fb5ffda58c9bcf24b
r6-heldout-b5-rho0,r6-heldout-b5-rho0,sel_coc_d00250_n064_privileged,efb542fb4bb3b7928d5a63789c56ca86473759d8a21f6c7e3aa7fd7073d02032,0a84e682b4eafa35121493a8939ab33b5a45add7192839c77993f03658d9f9f1
r6-heldout-b5-rho0,r6-heldout-b5-rho0,sel_coc_d00250_n128_privileged,011ec73c5cf82746fe02deba0ed031e35a9640b8af45944718002af753741c0f,8673e72fd9e364d520cd49169f98d75fb1ee7f57104fabea9f7a6a4aabb3d47c
r6-heldout-b5-rho0,r6-heldout-b5-rho0,sel_coc_d00500_n064_privileged,0639832aedaf42e4a7867b269f1b9ec3b421db9cc5bc9c6d066c0cb880d2202c,f621a0397edde871b83f3a568d905b5250320bca7366306e61f20ab3409264f8
r6-heldout-b5-rho0,r6-heldout-b5-rho0,sel_coc_d00500_n128_privileged,5551f7806694f7a5f944f170fc2c520cfc7f506eb48fa750dd9da707d6816958,0c21f94fcc6c4539a62779a16b202d13c826c7cff2bfeef856510f7a7d3fe998
r6-heldout-b5-rho0,r6-heldout-b5-rho0,sel_coc_d00500_n256_privileged,d7a52fc3402bdb5d735528559cb4b26d846a44d8f75e10539db9499e392f45eb,32db33aaea062a05611cd7a61c030a8ad092ada82b21fe2dfc7c709a567acfe3
r6-heldout-b5-rho0,r6-heldout-b5-rho0,sel_coc_d01000_n256_privileged,a071cc3f40f46ab2d9141326c9016c20efc750b4785d4ee647b492d336b20293,3fbde3bab10c538ba30be9ce9109a45653e9f2e144a5211417cfd86bd46f9842
r6-heldout-b5-rho0,r6-heldout-b5-rho0,sel_coc_d02000_n256_privileged,c7c3e86b4b710031b220c55ccc56b45a5d2b58d25e32834eb2af369e699484a1,aa8ef007972f45a9e9d7de10318ab572efa6fec38d18cac173752d9cd72d07da
r6-heldout-b5-rho0,r6-heldout-b5-rho0,sel_coc_d04000_n256_privileged,8815d6accda2da2db43fd3ecf958a86fe4a28737856e3ebcd31c5919f3b1c313,3b1949851d07208f42b9bd62c9189094fcc802d66df78ce21b78db3af7cec255
r6-heldout-b5-rho0,r6-heldout-b5-rho0,sel_coc_d08000_n256_privileged,da1e51786ce47f7ae6ad93357671f3f6e163aa45007e8caf029dc2aece86a4c6,3fdd68d85c4c35015cfd3242d48b033dd765cbe23d24b2b7a65fa1262147ad1f
r6-heldout-b5-rho0,r6-heldout-b5-rho0,sel_coc_d16000_n256_privileged,cfddfb165191e2cf711e81a998b9fd5e13d12294789d963c97a5c534f1bb4ebd,f32c976462154e2481c1b6a278217a269c6621ff0fc6ca7948498b1c486d4285
r6-heldout-b5-rho0,r6-heldout-b5-rho0,sel_nbh_k0_n064_privileged,e118a2a8460411a7e127ce52c2863fce3ce52bf0af4f70f54fcb38891de36c29,c687eeb0a1d08b0bde0aa6d9b0bab65782c603524b9816f15122bea1969e09c7
r6-heldout-b5-rho0,r6-heldout-b5-rho0,sel_nbh_k0_n128_privileged,99e2a18d8c9a93bc967c37be1ee58db2b9edbee33145fa684fc4862bdd3fa490,c65598a0235855335ba6f3c1a559165ad5c5315b267999112fc5842f61994c45
r6-heldout-b5-rho0,r6-heldout-b5-rho0,sel_nbh_k1_n128_privileged,783b165321b86cbdd6666bc737b588607066f5b24a89f7959c3b9c83fd038ebd,0dfb0c6b9157c6173baac66762c847894b928fd0afdadf0841de882f014137aa
r6-heldout-b5-rho0,r6-heldout-b5-rho0,sel_nbh_k1_n256_privileged,e3310019c5a1fc0222964ed2d2e840469b388e44d0e2ba44e5a424bf7c1f57b7,9f641634c87a69d1fa011c7bec64df6aafa38b9b55ece20280e34fb423e19e8e
r6-heldout-b5-rho0,r6-heldout-b5-rho0,sel_nbh_k2_n256_privileged,a4486010c1ab342f2ade9d32de5268b61d116ad337360d958bc093e7247af872,760fbbba3077defed2166f72babdef268d05483a27f90fc5e5dccae51fa57c21
r6-heldout-b5-rho0,r6-heldout-b5-rho0,sel_nbh_k3_n256_privileged,0aa2e228b0b70e86198223d26d6d2c5239abf02640e966ea10b7f45fca4a4b85,de1b9ca199839efc6fe9e28678c40ca6701853bbcccb6af4eb12fa5b429ede51
r6-heldout-b5-rho0,r6-heldout-b5-rho0,sel_rung_privileged,0a3c8a322900440151c22c8640c5de7c3029a0513cba89ead5cd9742113ec426,d311549323fff503c55542c3c12b02f2147256315bb8b6c398286c0f0958c072
r6-heldout-b5-rho0,r6-heldout-b5-rho0,sel_win_w05_n008_privileged,dbde470d4c22efa01f4a1802a8daf0f4c3cd8cfa5c027f508b143315e3d6246d,ba2ee9639a7b7eef7ec7224624015b602125398e320b78fc573a617126ab52f7
r6-heldout-b5-rho0,r6-heldout-b5-rho0,sel_win_w05_n016_privileged,e75fbfabe382620049a6befc06d18046599992311aa00d9f0648b88e0e0306ee,d94f5914376bc3cabc100dae2d8f8442d1a5ead1e840b1c47515382224af3afa
r6-heldout-b5-rho0,r6-heldout-b5-rho0,sel_win_w05_n032_privileged,8a4307531816d6055a0db08f92a630840fccda8c998d35514fe8cea7ab7cd55b,0d6954db849285d57c4d5edab0fedaf4fbc4eb158cb9da1f086518344b720e66
r6-heldout-b5-rho0,r6-heldout-b5-rho0,sel_win_w05_n064_privileged,3c4d0cea3d3c365050b689ee9c12f98acb06775074da3e8dac2c147a763e34d2,ead92fc887382209f4d4cf5c12678b7e653f6e98fe76c427807b0b75ed1001b7
r6-heldout-b5-rho0,r6-heldout-b5-rho0,sel_win_w10_n064_privileged,a99c02d0a7a3f2797cb55d4fa8e7b6556c3a88d291a788c5bfc0da3d380bb7d9,48f63238a595b83182086eb73a815a6958dcdefe92644c9fb83cf10e9a3ec47f
r6-heldout-b5-rho0,r6-heldout-b5-rho0,sel_win_w10_n128_privileged,0079eec3231c488e9d76ca66dd2f8d145e3f7647e8e0af48480a94c33ae1903a,55f03c3f272f8370fa4c8dd0e1ea70b1f0dfa44fadfeb01af5a2a69be1525c32
r6-heldout-b5-rho0,r6-heldout-b5-rho0,sel_win_w20_n064_privileged,89271fc16a13525baed97571bcb761a898ed0cd504c4817c4539af7430200711,16cff7435c7ad20cb534efa94a25f12026375c71b483cc57c3892aa94d5f295c
r6-heldout-b5-rho0,r6-heldout-b5-rho0,sel_win_w20_n128_privileged,76bffc977ef5804d51010bef17e32ae69c74f81e5793d3f3f360960d48ae7ece,54bcc7c09d96fb5ea4f15debb8c61880501bfc8ba131f16ce64b0f858c1ebb47
r6-heldout-b5-rho0,r6-heldout-b5-rho0,sel_win_w20_n256_privileged,a27106add095253e1a90a646526d747303ca8e87f611ff511888cb662d3cd3db,9c7783efb651c019dd58c9db8edfb8199ef5e256c5c60a1e57ff68077719645a
r6-heldout-b5-rho0,r6-heldout-b5-rho0,sel_win_w40_n128_privileged,3c23de02591ea4267e4e8c2ee08e855cf5631be00c5c93afbda999c27fed9296,a8e5c678c8d03376ab86f076152ba8b247ddb0c31bdd31634806561540c86710
r6-heldout-b5-rho0,r6-heldout-b5-rho0,sel_win_w40_n256_privileged,b80f24723ff7fd54037218b81fc928e1b1bd0bbb5da4cf9416a958494669b4d2,7beb1e6db3ee26f54106cc1cdf994a74541c9f3e8dd5c5985aa5ff4fdd14d13a
r6-heldout-b5-rho0,r6-heldout-b5-rho0,sel_win_w40_n512_privileged,8dea6ef9bf64e928cf6dfdb9a1cbaa9543aa2f28c4dee58f726ed35f7948fc0b,cc849c9799f3a9c8c4b2443e2e2083930c77a9f4a9ae78dc305f9028ba519351
r6-heldout-b5-rho0.7,r6-heldout-b5-rho0.7,ablation_hidden_rules,ad47ed8049f1e70d1ee80c688854334cc8ffe1cd6aaf1fd647fc08f53e2f9653,8018e50126a37e657d482db184a8cf8c56e6ec6bff5b38c1e1a2d85a015ced7b
r6-heldout-b5-rho0.7,r6-heldout-b5-rho0.7,alw_coc_d00250_n064_d16,d413cfbc23e7b57a10ffb33de5752bb5f55ef066036173f20b6a640a244877dc,823c1cd84aa34a863b6f180d6f755776e90be18c6abc3671d18642d001019715
r6-heldout-b5-rho0.7,r6-heldout-b5-rho0.7,alw_coc_d00250_n128_d14,d27a6b01afbb11c8f8ca40ab89e4c35d94330de7aff663881a2b2969482f245c,f38c6c780b90070c9053870f732ef8eb610901fc511b29f997726802d40d6c8f
r6-heldout-b5-rho0.7,r6-heldout-b5-rho0.7,alw_coc_d00250_n256_d14,e2826042f978113d1404ba754c66c0b495cb4546b2d928011d15b5adab44600d,2870a10664363f01813499152260f963c6fb3c6cfe6cb161a46b80d6635f880e
r6-heldout-b5-rho0.7,r6-heldout-b5-rho0.7,alw_coc_d00500_n256_d18,84de6b09ac48041c90c80cfcb8a56312d30cd175a6d82e08fa59c0dc4a2a0968,0a9d01000ed33015a0a0a8a5c46d0b63db5f629232b7f3e83ac1b93e41cee675
r6-heldout-b5-rho0.7,r6-heldout-b5-rho0.7,alw_coc_d01000_n128_d16,65f1f1886d5611b7ad626ed29e5def046646383109b21f8c020316208a9c1d22,6b2e7df395bf138f8bcff4386277d54abcc28d31f87d7ea7b6967dbe2aea1af6
r6-heldout-b5-rho0.7,r6-heldout-b5-rho0.7,alw_coc_d01000_n256_d16,ef6ed142ddbf2415d03b48ae7fb99e42bbb8f40284647aead30ba20e6fb8e8c1,736758b20a390152fc0bae1758dcac6bf515abb93d26cdd664160bcc61a401b1
r6-heldout-b5-rho0.7,r6-heldout-b5-rho0.7,alw_coc_d02000_n128_d16,0adab73bf8ff837aa029b5f20bddb36235f4e20ae397a7f8cc76eb6bfd5e29d9,f83de149726c672b302c797978c3f4a939d1d9650ba562cd1ef30b5db8b9a161
r6-heldout-b5-rho0.7,r6-heldout-b5-rho0.7,alw_coc_d02000_n256_d16,c61353f3344d1c3e00a585dcdea0a579f6ebcbbb9a98850032ec73192436d9c7,936f7e58ceb92f84137bc6ee7726c540528c038182e06edab9d16afae185b9bc
r6-heldout-b5-rho0.7,r6-heldout-b5-rho0.7,alw_coc_d04000_n256_d16,11cbfafa9ebd40ed230d1606744cb3bffb34adb10aa968d3328c6635a6fdf055,405efd4ce0e12f118f1067c572df5fa3a3102aae99d74e371cf19e880b13a5a5
r6-heldout-b5-rho0.7,r6-heldout-b5-rho0.7,alw_coc_d08000_n256_d14,808fa2f9d209eabdcf09b5aee1bf8b3c77e489b73cb793b2f1d156e88a5903ea,e773b7677025cb0737b9a156609842592281818b3eac00dd43adbff6c8a7f821
r6-heldout-b5-rho0.7,r6-heldout-b5-rho0.7,alw_coc_d16000_n256_d14,6a9841e493fd574997713ace1f1ee789c6496594fba2c3882bca87e666f9d8c0,ddff331d38e95810e8a537c1534202f56cebb1eef697bbc0c4a5071f1711f7d4
r6-heldout-b5-rho0.7,r6-heldout-b5-rho0.7,alw_nbh_k0_n064_d20,acc08ffc219b3a2337c4ccb76bdaeba7b4fc6c65e701e61c10e799d04e78c1b7,f65902028552b4065d8d2802e5640fbc7f0f6ff179abf91a7106a59719253190
r6-heldout-b5-rho0.7,r6-heldout-b5-rho0.7,alw_nbh_k1_n128_d18,d5df19d06c57f0d342063c7ce521fbb003fbc8dd78ee874bbc1a153ebfb9b4d0,20cfce8b83d8613c9c8ca4c52efdb17e662e12f30e19489d4205c7fd68eb6ec1
r6-heldout-b5-rho0.7,r6-heldout-b5-rho0.7,alw_nbh_k1_n256_d18,e17da2f94329dc82cbf7f94c7652ed49aa1c5e640f6e580a320dbb9d5d072e05,166e535b17548de3ed3dace0bb32b73df102a39c1c9000752681a9b5ba3525ed
r6-heldout-b5-rho0.7,r6-heldout-b5-rho0.7,alw_nbh_k2_n256_d16,1a69fc5f5290008e1b5e320839c82ef1a7814df3fdc60a872de8e3903375392f,bb15e70b1a72324b8e0477560718024684510425d04333c10514571674f68e44
r6-heldout-b5-rho0.7,r6-heldout-b5-rho0.7,alw_nbh_k3_n128_d14,ccf2738f7fdcf574a7d57a990848dcb4b6745b26588603b6154e0ff2e55b1714,0fe70989dd9dd3057e5af2bff7e76fa4791b8896420eee1887307060fdc1f97e
r6-heldout-b5-rho0.7,r6-heldout-b5-rho0.7,alw_nbh_k3_n256_d16,1c97e1c64270da00291f0611b030f0f9d19b7b53feeae3ed63eebd0b9e6fb820,894927eb19d1ae83917563b23de34817ded95a40131ef68d217014193793a878
r6-heldout-b5-rho0.7,r6-heldout-b5-rho0.7,alw_nbh_k4_n256_d16,4af0a2060e797dbd9e1aba20b7c856f1bd1b42501fa8ca552cbdd878d0cc165b,6b78ace0ee33aa1d0c381dbce5221092fc26fd154c7c63782fd57b142c4421df
r6-heldout-b5-rho0.7,r6-heldout-b5-rho0.7,alw_rung_d16,ca384cff0273a3e56783361ff0b91ebd7b643c7116ad102c0cc79842917ae793,5f176c887fdc74d9fa1e2d0d8994a979a6fed879e56cdb451c6b50a765f9a890
r6-heldout-b5-rho0.7,r6-heldout-b5-rho0.7,alw_win_w05_n008_d08,20e7df64e1906548bb01d4ed7bd98bc7b976a1794641426bf04f1c8a2bee07b4,139e1d363a43031cc53a72e7863d482c2b8b9b9820cce4e1746e8eb995d2f767
r6-heldout-b5-rho0.7,r6-heldout-b5-rho0.7,alw_win_w05_n016_d08,83bcb0cf6100020568587e8107e43ab8daa74ff6f1bd8338a8cbcfac6dbb5834,da7316eea29e8354582197429ade38cee1d3d144920c16eb463ee8b64b829c6a
r6-heldout-b5-rho0.7,r6-heldout-b5-rho0.7,alw_win_w05_n032_d08,005c72eda61b6ddbb29e431e136b44b46efa059b39881e7c0877066147f997f3,3f679ea6b8d169df614f128be26fff3790a04f2a2c10f6478045e2b5d210a6e8
r6-heldout-b5-rho0.7,r6-heldout-b5-rho0.7,alw_win_w05_n064_d12,810fc317b88597085c4950db74b0bed68766b78a31aa9ceedf48a0fbc8d87ee5,7466d09059a3c9b9d4548481e0b35e08aa5fa8307fd86432a0f80e4e61c93550
r6-heldout-b5-rho0.7,r6-heldout-b5-rho0.7,alw_win_w10_n064_d12,0c633020bf485132551acb13f95e5c27faea102638dea91e7300d685d21ba84d,38ae98d4ce6e53b438c7353075b4c99bcc37bc21dc587b1bd422fd93ee657b49
r6-heldout-b5-rho0.7,r6-heldout-b5-rho0.7,alw_win_w10_n128_d12,65fd29cef7ab1f1e6641816570926ddfed2a4eaad7888e8c6ba6ca159c84411a,d52acfca65136f564a3ea37b7cee850969821f7b5795b0c44d6f9da2f240bea9
r6-heldout-b5-rho0.7,r6-heldout-b5-rho0.7,alw_win_w20_n128_d16,7322022c8659dd5e0264197ad7d2be01a99a275ef3b807cb7c72d7d565cf25b9,85f5d425a26a75534f3b82364061f4b1982ba846a3485c34f9b777bc868f5098
r6-heldout-b5-rho0.7,r6-heldout-b5-rho0.7,alw_win_w20_n256_d18,8adfa046ea28d1880a6a445c57a47caf60cc5a65ff8245519b66b6aa1406cbbc,941d91c92bde5922502efe965c87cf8682033b1e707242e3e6b10564adbace8e
r6-heldout-b5-rho0.7,r6-heldout-b5-rho0.7,alw_win_w40_n256_d16,cf09c26a848e142de10da6a298d14a61214d9947805a19ae79dd88eab71b9470,54686f4654286f1eccf0a3f5796f63fbcc0fafa5e8f82dbe0266c9fdbc02be95
r6-heldout-b5-rho0.7,r6-heldout-b5-rho0.7,alw_win_w80_n512_d16,1f3485cf6fbf4c198d95c152dd1fc3fb7cff6e664960a6e2defa467b1efe9751,c3a0405c88497a39a01d6bfbaab06ec4cbee4ec2f26daa51707e2aaf61df7e83
r6-heldout-b5-rho0.7,r6-heldout-b5-rho0.7,never_escalate,ef9145f81632c10bd93d0253636ad6ab70fa0d3a0b5b7990729303d4ac3a32d5,3fa18edd31bd14a7e87b6a966a0d62084e8c31921c6cbea4e2e360eb3c210b54
r6-heldout-b5-rho0.7,r6-heldout-b5-rho0.7,oracle_escalation_privileged,e704f989d8e22eb72b4c40b7a0c17f4983696928e7445456546cfa75dec10bb6,f07589c411ee12ccec4665915c38546961927083005f5985287218ae7c2f533a
r6-heldout-b5-rho0.7,r6-heldout-b5-rho0.7,oracle_selection_context_d16_privileged,7bf13b5b998af8ac5b134a5e9544509133672212bc40aee1c7477addd9dec661,a128a0b20a145c9c3be2706a6e3ab146be0a6e287638f5185b78a9c71075db17
r6-heldout-b5-rho0.7,r6-heldout-b5-rho0.7,sel_coc_d00250_n064_privileged,4d45328e0a574d0ee16d3f3b478763531eec781bf4d2361389ae3d0e60a714fd,6a03a24fbc0f5c713216b3ddd827133791115deba800a08dae90364fb710b6f0
r6-heldout-b5-rho0.7,r6-heldout-b5-rho0.7,sel_coc_d00250_n128_privileged,eafe2b83403976e636b445ea9c948c7c85c0d55ed7acdb2a37a144daa0ec3d0d,e8dc570af43d833c9a436c3d0fda2624f16d94ad219376faaa12d19b64b7eb3d
r6-heldout-b5-rho0.7,r6-heldout-b5-rho0.7,sel_coc_d00250_n256_privileged,62ae58593303b64462d7386f157f0db2f907d6862ea0fae125aae9c4bc279e6e,eb3d6d6c134fffdf169a6281bf1ba4324791573a6b5274fef3cd90bbb07f3f0b
r6-heldout-b5-rho0.7,r6-heldout-b5-rho0.7,sel_coc_d00500_n256_privileged,98dcad15f7150e57f1453d8a4b0a5d5da18c5e5c7f9fddcd00aa0147cb513c46,38557b47c1a7b6066274bffd16656cd071f91417e9d5414843f397cb40d86490
r6-heldout-b5-rho0.7,r6-heldout-b5-rho0.7,sel_coc_d01000_n128_privileged,bfe09ad14bfb524009ace7b2d17b152d2bd16ae92efc8728e927a298c580c8e8,71f78842e3b0185aa1ba75b6a18b107ed272eabc69083d1d1aeeb86683082353
r6-heldout-b5-rho0.7,r6-heldout-b5-rho0.7,sel_coc_d01000_n256_privileged,bdd3d79e265a8d06029d538d05d143c3bb456c9190c282ce2a1d5e4d353c4f6c,5eababbaef093ccf8f8e9efab860cb637b178d4a699b2abf10959c2ed0e730e6
r6-heldout-b5-rho0.7,r6-heldout-b5-rho0.7,sel_coc_d02000_n128_privileged,b5fa48fde7e549ce4dcacd1f59f619fb016d2ef19bfb2a42f6bf5a3cfe6cb8f5,1e6fd68664ff453902aafe56491029202c74bf9242045f94e5c339b705b7478f
r6-heldout-b5-rho0.7,r6-heldout-b5-rho0.7,sel_coc_d02000_n256_privileged,025929f5d4780206ab53b55155aba4d9cc63ef9c1000f38284cf4a59b7af675b,a309349ceb78b3401a03a33003a6f545db165e4024a27675ac4d3ecb2f14666a
r6-heldout-b5-rho0.7,r6-heldout-b5-rho0.7,sel_coc_d04000_n256_privileged,5fc83b4ce04fb871f55579f9d53b55f383ac64ed14753542c135daadeeef292b,6b9f007c9e44678aacc8baf65cf8dee53e5ec6682d4b75e8dcc3ccb0a2237f9f
r6-heldout-b5-rho0.7,r6-heldout-b5-rho0.7,sel_coc_d08000_n256_privileged,63b40680583d76c8b9433f204980da4a11e6e4ddedee97abe9bf0a3d931a9224,35a4d73d654e0f114d9992bf58712f4d3411e85c05b19a4ae67e6aa6f09e11d5
r6-heldout-b5-rho0.7,r6-heldout-b5-rho0.7,sel_coc_d16000_n256_privileged,4f7e91f5ddfcaef6a8bd3f93e8665f2a24187b961aea80d26bc15866b7c99bed,b2259ea8ee8e52c8d1e91fdab851686ae48ff14abca833920c3df5de4d68d94c
r6-heldout-b5-rho0.7,r6-heldout-b5-rho0.7,sel_nbh_k0_n064_privileged,29d5889aac2e508445a52c736c15ceab78d170e98519a274cecca094dd91c979,2272aaf7e45f49062de0f53ddc8b18258fc084831b0f5aa5eaf29290927f9893
r6-heldout-b5-rho0.7,r6-heldout-b5-rho0.7,sel_nbh_k1_n128_privileged,c0e8032dc43578458d13f9020a52551438f432e52e01c54e99664ca813ce057e,e9d968443e216821f3a94af279684e63e96ca6ad54404ba771685689aae7b2a6
r6-heldout-b5-rho0.7,r6-heldout-b5-rho0.7,sel_nbh_k1_n256_privileged,951e88ae04bc6e1ac4b0347c98fde60c4666cb9193aa4693a5378193d7e6d84f,feb0e57b969a144e19e06dfe1458bc030759beb5b2423338b68e69ac569a6928
r6-heldout-b5-rho0.7,r6-heldout-b5-rho0.7,sel_nbh_k2_n256_privileged,cf3faa40e1153d83662d072695c2494fa5d472d1cea093dc6b5cb0539e9a0c5f,efa954a8cef859737d7faefa32ea78d7e075525be4f290cf4cc7bc9a6842b419
r6-heldout-b5-rho0.7,r6-heldout-b5-rho0.7,sel_nbh_k3_n128_privileged,764972e240eadaedd87609c71085b341592bb4e781c8424b43cbc1b0f54908e3,98445db49893e7df24ca7b178cf5465e8e61412989cc47de0ef45bc6d5244b27
r6-heldout-b5-rho0.7,r6-heldout-b5-rho0.7,sel_nbh_k3_n256_privileged,ccacfe3b2f3bafad14b7f73648c9dee1e082cd4c55f2da9d6486779c6afa96f2,e02964d615ed85e987f6108ea8a19b036bdafb61698daa46c8f2ff5680306be8
r6-heldout-b5-rho0.7,r6-heldout-b5-rho0.7,sel_nbh_k4_n256_privileged,43c6dcbcb6d016d74cae44bd8a09d243eb0f1135c7744d75df5fa0fb3097d292,a19c27f6ee92915deb217e90d71485082881e32b4cf410eea909b8448cc5d92f
r6-heldout-b5-rho0.7,r6-heldout-b5-rho0.7,sel_rung_privileged,53f1b32f1b31a2b6727a057a0b03d18fa80de9943278630dae3d99056eaa4006,c6811d2db177be1de566cd97bb6083f7f27dd84bd87b377c4e46af0408beb6df
r6-heldout-b5-rho0.7,r6-heldout-b5-rho0.7,sel_win_w05_n008_privileged,5a22038c7083f959eeef97b28051e164d923573ac197dd4014008b597bda4a2d,d3eed92d8f5368f40519c1585e3934da05ecf08c87b8193c20461268039aa922
r6-heldout-b5-rho0.7,r6-heldout-b5-rho0.7,sel_win_w05_n016_privileged,096f421b72514999bfe06a53b1d7339c3ed3dbca718c3d9ec8b9764a95a34bc9,78315b1f26866e10788184cc7b8a9a34fb7543b1346d5a4304aca7f986a50e43
r6-heldout-b5-rho0.7,r6-heldout-b5-rho0.7,sel_win_w05_n032_privileged,a50dc50a6c22d9fabc3dcc59d8690e5f9d73c265742204ff054afa63e4cb8c15,965e1f4f432a2a2ce5b6eaa032094f2eb54059a2a0662e769ec240c99d2d8850
r6-heldout-b5-rho0.7,r6-heldout-b5-rho0.7,sel_win_w05_n064_privileged,c82c3c3901019590a8521c1082ae30a88a14389eb39eaf50553a8106a0f8edc8,e414aefe7f1ee669b2bc36cb465c12991096390b9180a242861ca0a5916bc4bb
r6-heldout-b5-rho0.7,r6-heldout-b5-rho0.7,sel_win_w10_n064_privileged,fac392add0d49b79ae34b7b7b1502989240008e08edf02c6318820fdac38913d,bbba3b5c6340a905db227a4f9cbc70b800fa7ddf5b87d94a9dc7ce3526877c62
r6-heldout-b5-rho0.7,r6-heldout-b5-rho0.7,sel_win_w10_n128_privileged,5d844089436758e22d7963b01658a9976bc6d0e08ff344b047a924146f7e1516,c28291d89e2ce0fc081ce38b9b4c6f44406193e31c37eaef2780865fa03c7299
r6-heldout-b5-rho0.7,r6-heldout-b5-rho0.7,sel_win_w20_n128_privileged,fb5e21ad832a80a57f3fad2bb6a19a84c221befe8583e19a38ebc79b2fb45930,c59f9280f5dc8180ebe0f58bf2407aa520b19a8849f976bf1e6331e17c0b0ec6
r6-heldout-b5-rho0.7,r6-heldout-b5-rho0.7,sel_win_w20_n256_privileged,037246c13722cfbfd7151d1fece1713c2c03d47caab22aaa0498d00ce8df93ee,c0450b30fed05a564d692bc6429fafcd19f5f4a0f2643a298ca875796ddf33d0
r6-heldout-b5-rho0.7,r6-heldout-b5-rho0.7,sel_win_w40_n256_privileged,ac57de1faf2694fa1650e78ab60b70ecd0783d056db3ddb0b23fc23ef494f327,15eb8ac03ae2ce88349eb0292405c5f3cffa9ef0ff21776806671892f14f3f53
r6-heldout-b5-rho0.7,r6-heldout-b5-rho0.7,sel_win_w80_n512_privileged,0fe91ed2501793d0cabfb53bdd4a70bc50ad5d1aec5fbf268400ba97039757d1,5a072f9c34944a98e41a3a8fe5b98dbc9f91f7006e85b0a158599ceaeddbb234
r6-heldout-b8-rho0,r6-heldout-b8-rho0,ablation_hidden_rules,b747bd0adaa0a0132a02fb4f7172b2296d104ce802aacbb32001260f7ce303ad,7d9acf79822a998b621fb2bde7aef0c0c1e6c7e3a1221b1d8249e45bfdfdc795
r6-heldout-b8-rho0,r6-heldout-b8-rho0,alw_coc_d00250_n064_d16,30e2a7b6dcb468d5611acaf28d52a9d0b542ff8a4d931729bd258b7f82dbbd1c,5c1d6fcb7fd9c1c9867bf10717f186784bd101a2c8ed0f3274731bccafc4403e
r6-heldout-b8-rho0,r6-heldout-b8-rho0,alw_coc_d00250_n128_d16,de9e04aef8b5fc2df6f93bf717dde4afff2c97cfaacad2098c4e805c1ca12260,f4bbf0db775a6981dbc9c87ea1477b1ea64d38f5bd65135ebbec6bfd4cf99699
r6-heldout-b8-rho0,r6-heldout-b8-rho0,alw_coc_d00250_n256_d16,0e4d1a3718d4813748b4b01a93d368b47a4ba79ff5fc1d8dfefeb57daf06b448,fa382618a2bd0f37de88b61f5d078c5bae4d6b6f01d232c96510013b8a1a0578
r6-heldout-b8-rho0,r6-heldout-b8-rho0,alw_coc_d00500_n256_d16,12c0513b0fa820c141139c1c678e6704676d59941738c5eabeb660f6aa8d38a2,89fc456da602179d3cc7a7781efb3f09c13208e11eab6241887f7074e87df0e7
r6-heldout-b8-rho0,r6-heldout-b8-rho0,alw_coc_d01000_n256_d16,68b74aa58a342fe2f2aad4187b5443169ebd4ff7dbc6760b074f340cd191a99a,0e157c0badf47d0fc31cd52f8b1d2af8eadcbd8769850a634efb6f571d3ddb43
r6-heldout-b8-rho0,r6-heldout-b8-rho0,alw_coc_d04000_n256_d14,9ddc891d22fa71eefbc0a667fd0de14e0000aa05f7c07981eb35233a7b156873,da498cdc9bc95f3a86a8d4dfaa07008100c94f64ec75a8985bb050377f3d2f0d
r6-heldout-b8-rho0,r6-heldout-b8-rho0,alw_coc_d08000_n256_d12,f25f510effc66299fbad9fba17485c5d1a741a42a18142f8adb8be93614d6a50,a23c9cffbdfab8c64051562d7279ec842aeaac26f4d90b133753f90c1f32d051
r6-heldout-b8-rho0,r6-heldout-b8-rho0,alw_coc_d16000_n256_d12,eabb824385bb1fe5f0f71d0168a1a11502ee7e9fb90f150f4abedde928b518a0,b789a719695c11e59104eb1302135d0cb96744967eb439a25eb0e1e56e332eb1
r6-heldout-b8-rho0,r6-heldout-b8-rho0,alw_nbh_k0_n064_d14,6fe447b453c360625254969cdd48cd2814e34136317400950200d4e2aed0ec59,f527f82e1ab737de659a8e16fc790050510a701418a55bc52afba3dc30cae6d8
r6-heldout-b8-rho0,r6-heldout-b8-rho0,alw_nbh_k0_n128_d14,d374ade8c293b5aef358628d6a8d563f20cb9c6f3e861d72d40a37e443fb4e32,f065f95475b6609b079e4d253f8840d724c59dd70a2e542dd7ead990ae276eb6
r6-heldout-b8-rho0,r6-heldout-b8-rho0,alw_nbh_k1_n128_d16,06b1c3f18b343460ed37accc1627aa19acd359cc9bff8a33e0fc1f3018fc9aa2,82deb4f709662c8f2edebdb167bf89359df9acb2df348b0a9cea23d5dd1c13d6
r6-heldout-b8-rho0,r6-heldout-b8-rho0,alw_nbh_k2_n256_d14,818e5897a7d75398da52587df75c7642c6c997cf80e5a8ee9cc8e6df79f17be9,28a4984ada87915b45abe8141c7bf2b7fffc54980d476b856786eec14d951877
r6-heldout-b8-rho0,r6-heldout-b8-rho0,alw_nbh_k3_n256_d12,51fced3f7d55756add1906ba849d1bf67bf6d84e84a4a77b4d6df44e87525382,57e2c83da9c937c56825e8bee43be152043f6dd2ec509aa3921e18df030bcc87
r6-heldout-b8-rho0,r6-heldout-b8-rho0,alw_rung_d16,319d1b70b821259922b2ad50f952003ad4d60bd2d104cda8ad40893304c6bd33,5b7c5aca3ab81baa5ac08776e8be0f2e19795202c6ad2c66ea156f44298e274c
r6-heldout-b8-rho0,r6-heldout-b8-rho0,alw_win_w05_n008_d08,9f426592608c754e53c346864256e6c5a128b1382f1920c1ed9a104f14999251,18368087e7e74f03c349bf546d3cc9774f6f0aa658add30b5c49ddf904f6bd56
r6-heldout-b8-rho0,r6-heldout-b8-rho0,alw_win_w05_n016_d08,bfa413ed6f843226028f6e1d94cb307f2dd84ee0d9464d93f2105c4cc847868c,e6b3f9c280e15eecf2f067bcc15bed1d6950a8ef6acfd9644207fa60b83a9c8f
r6-heldout-b8-rho0,r6-heldout-b8-rho0,alw_win_w05_n032_d08,924cdc38ee79d8f5616bd7aad929a5026a7ef0efc9f151b6df9b8618c8130ce3,8f42778387c13a7b340351d927ff6464de992559d623c7ab2a5e4e3d95a88a48
r6-heldout-b8-rho0,r6-heldout-b8-rho0,alw_win_w05_n064_d08,11971fb633fae0461c305324481d16d3333d65310d1a01a4f24c81a77e1ab9b0,3b56886892b39a4b506ec9c6ad891b021bc600efd604aa2f45f04f808c16c350
r6-heldout-b8-rho0,r6-heldout-b8-rho0,alw_win_w10_n032_d08,c2baae5381c47006479a4fe898d2d497ae73573b98fc98cfcaa34dd4a8599a7d,c3ddd0d71cd3a42257b253e1422e010627a71c5853f8af13cd29fd25fd63ce85
r6-heldout-b8-rho0,r6-heldout-b8-rho0,alw_win_w10_n064_d10,eda1f20b80453fb1bd6050d780c6ff42cc8be07e3503ad13e0827177a6207ae0,b4c34c7e5bd01432ebd70dcd8a080d841cb39b4a4e75b37784be05b921a24e23
r6-heldout-b8-rho0,r6-heldout-b8-rho0,alw_win_w10_n128_d12,dee9da1a9bb1653401a7b413a212b7efbf4646b9ef151c4969753285ff9edc68,94a1638ad9219015389738f36976220a47d2a9a8c85f2bf4a52e57b0f16b34e4
r6-heldout-b8-rho0,r6-heldout-b8-rho0,alw_win_w20_n128_d14,8e9935e38c0ddfd12a951aeea5cf2572dad20d74bdc6f54d67352291048db309,31420b22d7ab44f2f5c627d44975bc4f4a6a4a07c9c8ec50110189b97b82ec8c
r6-heldout-b8-rho0,r6-heldout-b8-rho0,alw_win_w20_n256_d16,76e0fb75e07b111f27045671bc64fe6875c53ef677212fbeabd5496c69702bfc,6f45a5514011d0b5824be1eafe7d8a14d49ce92bb1d70b537370004116ff21dc
r6-heldout-b8-rho0,r6-heldout-b8-rho0,alw_win_w40_n256_d14,e89cfd930c3b8d53d7abe2e7f994a71b45693fd26583db0fd2a753d7d99379e4,a5e1313ceb40ee1a7bb0235d7c43efbc094f0b037422d3e4ea835f550f9bad93
r6-heldout-b8-rho0,r6-heldout-b8-rho0,alw_win_w40_n512_d16,068b3ba65d06fdfe784f59e4af4ddb7b58c6c282f1bdf84d853d919188e8b8fc,30cdb6fdf203f0f78eccda3bedaaf0a6c2c61dc00febb66a9bd6bd8c6196ed28
r6-heldout-b8-rho0,r6-heldout-b8-rho0,never_escalate,acad06aa06c38006fc558cf6b237ff681c1bdfc9676442bc627253d85f76bf40,2417b2d1d35db0aedfe0728d65fc1ca8e6067f604523edb65d096e7ffdb80ea6
r6-heldout-b8-rho0,r6-heldout-b8-rho0,oracle_escalation_privileged,b3653a13162d11e1c99ab862bb6922575b3438cb1eb7ce125326bdf6cfe27258,ca2123c970ff47b97a5adee82368e1f5dbae83c048a5ce7cdfe984bbccafe747
r6-heldout-b8-rho0,r6-heldout-b8-rho0,oracle_selection_context_d16_privileged,66a5b82f9a77514dbeb1463c4aeae9c6f05df25dd132253bd966f83c0752e3e9,098aeb056c3d4bbec1064ae2be241abd1eacb33cfd749d7ff054d939b9541128
r6-heldout-b8-rho0,r6-heldout-b8-rho0,sel_coc_d00250_n064_privileged,04c0be146fca435f7de2df0a183a30a3c9a8fb5cdbcd4ed516500110591fbb2d,defbfca4c54aed2406407269cb5d94451e42a557f84c3ffa5356cf03dd2939e7
r6-heldout-b8-rho0,r6-heldout-b8-rho0,sel_coc_d00250_n128_privileged,2745006acdc3213076a4b3f8fb12cc635c9a602829b2655e8628a8d8c6330592,affc997e08752918a8385ecf8159c30fd5052380a9193646910febf26448770f
r6-heldout-b8-rho0,r6-heldout-b8-rho0,sel_coc_d00250_n256_privileged,e3188e9cd158d586c7b4ea0ccf81755fc34ff38f873da799a4995978d21f2520,13bc679011882414cf2a437c3366b8c58020569b756380ea3b2657f20a466e96
r6-heldout-b8-rho0,r6-heldout-b8-rho0,sel_coc_d00500_n256_privileged,e3fac38040446c37d04a97accc696d98c4519cdac88547ad021d60cf7805f64c,d642e59cbfe695c2ae1b9bb8c2462f8d7294a3de8c320ddbc27e97a9052bb949
r6-heldout-b8-rho0,r6-heldout-b8-rho0,sel_coc_d01000_n256_privileged,46f1eedb2244aa8e8d7ffea3c0e60ec587590ce3860640a1bbed800db657840a,2e7d3872a6ed18b70f5e0408cd62a5ecb46e7d168ee0ee773a6768aac4ea954f
r6-heldout-b8-rho0,r6-heldout-b8-rho0,sel_coc_d04000_n256_privileged,168b3aaec883c30dbdd787df84cb373e83083057bcf85bbf85ec18a22189537c,e03dcf548e37086e4644288e89331e68de7ed52511c0047765ef5f2975634e28
r6-heldout-b8-rho0,r6-heldout-b8-rho0,sel_coc_d08000_n256_privileged,629c809f17b09fdfaf322e2b8792856d1875eba338539459d72889f37d75806e,e657bf6d06158b6ed03f7c2c843ceb320c2553226b8bafe39df4b35d25000f10
r6-heldout-b8-rho0,r6-heldout-b8-rho0,sel_coc_d16000_n256_privileged,becdec9cc947c0fe7f726f61875bdbcb2cfa5aa93d9c2d19dd752be4978b93cd,7d0a203587a7e5c91c235f37a9b28e684eae69949b227643e9da92f2e976b508
r6-heldout-b8-rho0,r6-heldout-b8-rho0,sel_nbh_k0_n064_privileged,dfde0412add459270204b574c5abad1eb209c647cb33d7c6ced48835c71ee3d1,ee8ae998613c8877c7df4a841159481b44f69ddcc9a7fd99f46b8154fb2df9ff
r6-heldout-b8-rho0,r6-heldout-b8-rho0,sel_nbh_k0_n128_privileged,ffedbea605ed045f9f0d4185ecdb9dbaff3383dcc8c070b1d22da5b471c2ab4c,702784ffd137e09c3740f4040d019cc17a93a54cb16d4931e580d39d6f3e129d
r6-heldout-b8-rho0,r6-heldout-b8-rho0,sel_nbh_k1_n128_privileged,d60dc7a45047ac533290af3dce814bc5c6f42c0a9708f3f35ff4b954299c789c,37a52b45f460ebd0fa79211e6f236146c772bdf17fb5f5f69877ad59f2d7b3aa
r6-heldout-b8-rho0,r6-heldout-b8-rho0,sel_nbh_k2_n256_privileged,82a94149464b444b770c2407ef5f057103096b652e138d9f7d769475fa336a8d,7a3aec49ada1147088f398eccca8d608fe9120835f25bd09219cfafdedb93837
r6-heldout-b8-rho0,r6-heldout-b8-rho0,sel_nbh_k3_n256_privileged,6baa77386460d8ed4981b4f403e9557a4fdc2aedc605ce3f411de80b7922043a,4bb4651c0354cca600afab9b0beac926f4bd36c091931b9a1da6d39d3112dd93
r6-heldout-b8-rho0,r6-heldout-b8-rho0,sel_rung_privileged,af999b4ee25b709b53c8763172cb21f53972f4e88d9c750b5bf811282b7f98c9,aa636f825897091ebfca4b9e6beb7094d97e19e30623969e6460bf3e2ae1060e
r6-heldout-b8-rho0,r6-heldout-b8-rho0,sel_win_w05_n008_privileged,1e04c63ce31eed007ed974701878ec5e7468b339436460d26013a815959405b3,a7980f18258fffdb813359c250f8fd538d03fab9e612eee5baf9802700842484
r6-heldout-b8-rho0,r6-heldout-b8-rho0,sel_win_w05_n016_privileged,420c20ecb1e7938c3b9c781228147836dc5fb0a5fa8a74db1eca0ddf07cc4c03,a450cabf89ea80416f61f7af0579c32031b02e10ea7e96d52498782ddf149c5f
r6-heldout-b8-rho0,r6-heldout-b8-rho0,sel_win_w05_n032_privileged,b990338e5b4c78e10957bf5e34f70bcfb22f28af73dd11b81875d70ffcc13605,6e86d390a61ea644fe90d69eea2c6beeb9464d04afe24be20d5470d5ad7a88b4
r6-heldout-b8-rho0,r6-heldout-b8-rho0,sel_win_w05_n064_privileged,8ddd282ffe11ac40c81cbee0ff037071b740ea27830952d40aeef9bf62eafd65,47124b95965991ed8de46a7b11c370a24b22cbed5b580e8d4f4f5eb56cf8c562
r6-heldout-b8-rho0,r6-heldout-b8-rho0,sel_win_w10_n032_privileged,e0bc0fdc0499eb378f07ec3286a2ac8c9f408ed12727958498452c6c7904cd8b,fbff6608f38299608d477441246c631536bbb9e1f4026989e6fa36c79ced6166
r6-heldout-b8-rho0,r6-heldout-b8-rho0,sel_win_w10_n064_privileged,175e356de3c12fda4e317173ca3a1fe460a24e26cb8849ba4e80dd85a87c42aa,7efb9a240731c5ba5ff2d1aa0cf1a7cf556a88e09050d487b874d72a5a66fc8b
r6-heldout-b8-rho0,r6-heldout-b8-rho0,sel_win_w10_n128_privileged,e845e00289ea327b209c16209f5fd79041ba24200c97c238af02f73dadad0834,763959954a86eeea92297718073e4e7b0c0b8b2ee4940a130dbf21c610a0a9d2
r6-heldout-b8-rho0,r6-heldout-b8-rho0,sel_win_w20_n128_privileged,5294c6c6060eccda02050383fed9481f9c83df7673e157188945ac8b2f8f994e,bd42f8b5df3983f54e3030ba191b31d42d2f735d65fb1ec039df3cbc17b46446
r6-heldout-b8-rho0,r6-heldout-b8-rho0,sel_win_w20_n256_privileged,d0da0086aa881ee167647d636df6597b393106ed5384bffcb17f5f75a28544f8,95210acb7ef26ecc6391651e10c6a8ded2a20bcbea4b38bf8cff1b22a770dd95
r6-heldout-b8-rho0,r6-heldout-b8-rho0,sel_win_w40_n256_privileged,59df8337e7074dd8dc46b402d7f1ad6b77855b9bd16a628a13415a585bc7a95e,19363e4f61774b357cd5f2c86d2dd15d1cee67a3a65ca6772ce03c3ce27c0e9e
r6-heldout-b8-rho0,r6-heldout-b8-rho0,sel_win_w40_n512_privileged,dc344260ae37354ef2aa1a3f7802dfc5a09df9d4653d5faf1dc6ccac238832b4,9e647bdc9b18545906ed3ac97a5a485ea6ff2826a2b186514572d6e45b6e39bf
r6-heldout-b8-rho0.7,r6-heldout-b8-rho0.7,ablation_hidden_rules,1eee392c840987ad5ab6113f7a469ff17cc94f5341505358dbca94366a6bef59,55bd812e9f63bf78ccfd8c7e4fa4b83491f993ad50d6ee782698cdf4ac0a3842
r6-heldout-b8-rho0.7,r6-heldout-b8-rho0.7,alw_coc_d00250_n064_d14,84b5e3a3b0af6adbaabf58b949885d2b6322a5b7dfd4592b039390193055882f,91a1eb306f47c4aabca5f72b7d0e370793927070f28b21d0af9a832016504b10
r6-heldout-b8-rho0.7,r6-heldout-b8-rho0.7,alw_coc_d00250_n128_d16,5858ac5ed4b2b9031f35230d2453c2577743bf82080552e5f019eb881e14ddbb,05119c37d47e9588ac6848ce5c836d75836cf92a1ccdba1f4577525af12a2c8f
r6-heldout-b8-rho0.7,r6-heldout-b8-rho0.7,alw_coc_d00250_n256_d16,79fd8e82657c0254623bb3b4f0a0a330a01c7cef39a2e3bfae5198835dee1580,c52cc4ade0bc2c9ec2d4909e0ab3cf005834be3e5c9dd933cf513ff5a05573c5
r6-heldout-b8-rho0.7,r6-heldout-b8-rho0.7,alw_coc_d00500_n256_d16,e55f389686763f2d5f804f24a8ee2155d16f6ea80e7ad2e855ac5a4b9ed2a5d2,405d29293c30455ff3497f5d9d1d4357e9f4bcb7541653fcbede4150d89a42a6
r6-heldout-b8-rho0.7,r6-heldout-b8-rho0.7,alw_coc_d01000_n256_d16,a506fe29df74e47aa311a49b105cf602dd60bb1adce2582564d985ddce7acefe,ea68c698c9476a451c795d6b70b4de2545d94932edeb3372a3095df28c65aee5
r6-heldout-b8-rho0.7,r6-heldout-b8-rho0.7,alw_coc_d04000_n256_d12,7bb93accb1677f08b9c9ee32614916039b8fd05d3a07613034eb93c8c07ba533,783efda427578e54351c9662ef9137f39cc390b9c05b7460af1569899fd0d9b7
r6-heldout-b8-rho0.7,r6-heldout-b8-rho0.7,alw_coc_d08000_n256_d12,4265fad11184c35cbcc21fc8a01a99f05f7ee34af46afbbd0932fead2888396d,0d9cbd54505ae3ff6552ed972ff5d02a7757d69fe713997a34a8acc94beb26bd
r6-heldout-b8-rho0.7,r6-heldout-b8-rho0.7,alw_coc_d16000_n256_d12,e681768420c6e74bd5aad297ada1f762ba986c9db2968340ce5a1cf2072e4f5b,cc71e880a474d079d208ab4facc80cc31447c33053b420d1d9e62d38ceb3f00b
r6-heldout-b8-rho0.7,r6-heldout-b8-rho0.7,alw_nbh_k0_n064_d14,dc3a61cd4e90101c4cc661cb67692ca5aefbd8c9dbc8c1b60dcd3c467d629fce,3ad2ad4ba7f3f6c2eb2a18d81fc1b792020107ce6c67635778c1d69f6e7651fc
r6-heldout-b8-rho0.7,r6-heldout-b8-rho0.7,alw_nbh_k0_n128_d14,190dc24f16efb6715b96675a2d3d37bf9ec10082936481649c046b6f436d76b0,db5f97583ec64ebd4b85cf4394b532f3fa6766830c03d63635037d8c29661ab5
r6-heldout-b8-rho0.7,r6-heldout-b8-rho0.7,alw_nbh_k1_n128_d16,048b694b0366902daeead15e75f0844e11277004ab31a1e884e07acfad209200,95e13778755f904a7bd2b2e4a2875df4c1dc30387328c7ca7363b76b0dff9fb6
r6-heldout-b8-rho0.7,r6-heldout-b8-rho0.7,alw_nbh_k1_n256_d16,bedb899ff3c0c855d3d28ce3304a5b353957cf1c3fb57b63152f35c2466a21c0,a9229d212fe2415d191626a275b64d7c95ac5d627ba3e9c76a80ff25d28b5b69
r6-heldout-b8-rho0.7,r6-heldout-b8-rho0.7,alw_nbh_k2_n256_d12,ab709ab6c7443bcc3d130293639c6e531ec21e2e9de0f5b69f69e9e286c30923,46c3691f649534b91f30b8e039281397ccbbed398c2583d434f4d62bfdb0f369
r6-heldout-b8-rho0.7,r6-heldout-b8-rho0.7,alw_nbh_k3_n256_d12,78b28fec72f99acbc63bd36e3a66f55b241733a887ec93e8f119a8a1a761a748,e430d338d721550a130be33e9ed482c9d26ea62835adcf1cef145d702b265daa
r6-heldout-b8-rho0.7,r6-heldout-b8-rho0.7,alw_rung_d16,42e97d06ddc4173e46bc28a5f8df32f12f103820e365d9511b7ac7d7d0e9830e,f88e5efd4384d3bf4d8e4685d54313089e26f14a73f40d78e6125689fe625125
r6-heldout-b8-rho0.7,r6-heldout-b8-rho0.7,alw_win_w05_n008_d08,83571656e24f1aca7bb29ab774eac4f360cbf514e3ca0d1b54608cca521d2395,bda094f7a59bafe8d0feb6bce6258498984080309bab7edd201ba9fb551efb92
r6-heldout-b8-rho0.7,r6-heldout-b8-rho0.7,alw_win_w05_n016_d08,a967afeb7f048414d2522754f0af9027bfafb8b7a1353192c7185ef2e0d2286a,96414eaffede2a09e20b874e02f9265e8c55efe0788fb504cf8f40429bbafa9e
r6-heldout-b8-rho0.7,r6-heldout-b8-rho0.7,alw_win_w05_n032_d08,7003f7c47d011d8629090c60d82a9fbab1df75e612ab8d82229b6c43134d3f74,6181e8de5581bde838ec7070a698fed084d8e26e5bd0b57f75ee2eba01ab3a12
r6-heldout-b8-rho0.7,r6-heldout-b8-rho0.7,alw_win_w05_n064_d10,a647a4a17b764ba578a5db393758ed3114d970dd9cb7d5081be21e55ebf8ea7a,39e11a67db6c76656710af521e5961d4fe4f5bbb5002f0ee66d6a9effa75e7b3
r6-heldout-b8-rho0.7,r6-heldout-b8-rho0.7,alw_win_w10_n032_d08,4c1690752fdb06b0cb5de0fd87358439c85f5bf2134d5ae5271c3d99522b0505,791c05c8a110cb21caaba195f01168f27cb264a3e9d6c9b11855c0d9a0473a7c
r6-heldout-b8-rho0.7,r6-heldout-b8-rho0.7,alw_win_w10_n064_d12,b0bd2bdd05441ace31209f599dc2faf2f67a99d96a881ee29a9e3723e8535882,07ee55daf2cb432b2d70540d1ed514718dad8d0a2abf2184e54bc76366b9bd01
r6-heldout-b8-rho0.7,r6-heldout-b8-rho0.7,alw_win_w10_n128_d12,2afb73de81b89d3143a39bdceaff3754cddab5d70bde048732e90e21fb0dd050,9374e6dda5b990513721527c051c597f54917f4d96617811578e3a4c4063abfd
r6-heldout-b8-rho0.7,r6-heldout-b8-rho0.7,alw_win_w20_n128_d14,72ac62ccd55091861c8a865c49f747420e06763f1d28c3d4a87963c1f8e13899,69c7fe6c01f4293de1539a45c1534608d4ab853551bddeb06ecb05b1377832e7
r6-heldout-b8-rho0.7,r6-heldout-b8-rho0.7,alw_win_w20_n256_d16,4e0ff553704487ba1a8775ebd153fe548aeca922e0a5fc9374b166e04444dacf,e88496a32d1e8c6508b0ee430f4659b2929bb35a6f37af2102a9209a02ad1d01
r6-heldout-b8-rho0.7,r6-heldout-b8-rho0.7,alw_win_w40_n256_d16,c571f0b8b0d73227039c268ebf448d6ca99d89b6a09c81c187eab3b6ca637b2f,29d12b602cf14ed1e49c0dae0d18f33fad77b5df0beb3f5c8571e92565141868
r6-heldout-b8-rho0.7,r6-heldout-b8-rho0.7,alw_win_w40_n512_d16,649eec5f2e1ab20897426b6bc3d92407597a193f5cee59c70c5d58e6b437275c,88be9c74133b659345326d8cf6c269d9fc702dcfae5821d9989a8f773986449b
r6-heldout-b8-rho0.7,r6-heldout-b8-rho0.7,never_escalate,c295f18b62f5f1e7bb7d831dbcd3bd4ed032547a4f588d6386f87dc9bf960b8d,a8fed1e1a84a6c5a47ae6bcbe15749ec1735367054006998d58e16cef0f588a3
r6-heldout-b8-rho0.7,r6-heldout-b8-rho0.7,oracle_escalation_privileged,07bed8f6096b5f85ff545c6c4e48ac85ef2d09e067124d8016aa5307599137f7,ae0971b911278ee2da287a6dfcd58e84c50526541f2ac4083a301a2aa2a95f7d
r6-heldout-b8-rho0.7,r6-heldout-b8-rho0.7,oracle_selection_context_d16_privileged,3cd2f276b14ed7ef31156b54b4b6cd99b8e4c5129d5f0cd6fcdaeadde7444a15,94789d08fc28d8c9c2bf901b232e5cccbcbb682f7c19c512f8c24803c9e75575
r6-heldout-b8-rho0.7,r6-heldout-b8-rho0.7,sel_coc_d00250_n064_privileged,7b6cee095f815e58dae9b36fe7a854888252c74af8fba99ddd14aaf592d0851e,bd4b92414ff7ec1206c331454b9efee92b41cc38d4872486e8fe279d52addea5
r6-heldout-b8-rho0.7,r6-heldout-b8-rho0.7,sel_coc_d00250_n128_privileged,6494bb40e71bd399316109ec0b77befbb53e992e05a4048ba040f78584b5318e,b97a9a70cad11badcba9faf5d261770702f0db015ad7f7e8293bb23378b6cf16
r6-heldout-b8-rho0.7,r6-heldout-b8-rho0.7,sel_coc_d00250_n256_privileged,0070b1f3b0b193fc7525fc67f33272e05185452da12b528ab75215aed58fdab9,c3e4ae654cc7a70f635578b70a019313ed323dd8472cf0f553d15d713ca8a7a2
r6-heldout-b8-rho0.7,r6-heldout-b8-rho0.7,sel_coc_d00500_n256_privileged,f2cdd43524105c5400fc9ff5e686926cb7816829a5c7c6ff351f604fda707679,de7d18c8e1cfca9cfeab3753f5d56dcb394c282f6f190bb4ed3db467e62b34b0
r6-heldout-b8-rho0.7,r6-heldout-b8-rho0.7,sel_coc_d01000_n256_privileged,043c41a671ee7e3aade02eb46c9e77754abe8ea66ffd63bd41e75e8a95da44ba,437cfba2f8d5fb3cc8f33bbcf4205285847ba4739ac4591ce412168c6fc725c3
r6-heldout-b8-rho0.7,r6-heldout-b8-rho0.7,sel_coc_d04000_n256_privileged,1a1554e948159bafe140505b819e013beed6795b071fdf8f4b4adeb58a660150,2b5396029b26ba45b58cadc216ccfbe54fed85b31a08e1a0c8891a92317d1eb7
r6-heldout-b8-rho0.7,r6-heldout-b8-rho0.7,sel_coc_d08000_n256_privileged,48234804ba98756ce2dceaac1f55956ee40c424b88e7eea07938400ef33930aa,c662aa6573a53d69666a6a57cd29b3efdb93ed1eacbddbe5bcdabac89234f717
r6-heldout-b8-rho0.7,r6-heldout-b8-rho0.7,sel_coc_d16000_n256_privileged,6fa69207f6d09edd20a874395ad5984e95d191a5b151c0d02650af473e68d84f,7656942f557e3caa17fd309b3b77d22e79a7dadab6935a483061b3e724812a6b
r6-heldout-b8-rho0.7,r6-heldout-b8-rho0.7,sel_nbh_k0_n064_privileged,f3ae19d3e611f544bfd899ec78337f2240612ad5233d22ffc3d55f2d0df76caa,cd7a012ef919dc15d8572aaf517197dfe483b48f0fc9ebd5d2eb365da0017edf
r6-heldout-b8-rho0.7,r6-heldout-b8-rho0.7,sel_nbh_k0_n128_privileged,8b6a7300a335e435631c9e138025531c2336ad7d4172c71cfc7898a4c52f6279,b08a8eefbb64204657d9f13fe3570aed099aa0a13ad44c5249e15f6a5f02213c
r6-heldout-b8-rho0.7,r6-heldout-b8-rho0.7,sel_nbh_k1_n128_privileged,3af7330d9c6a469ede86d6895e5485326d3885706a5599b4697730cb30d39682,44ca021a51af1d9c4840dde61133ef26c0b97facd5e24d7a1a592c472be193e4
r6-heldout-b8-rho0.7,r6-heldout-b8-rho0.7,sel_nbh_k1_n256_privileged,bcfdaba6f99e2f95615bb673dc6be4951d64c659b0b8189922beb89a18f8b120,df44199fd88ce98ade8ba10ab25d82614e024e4790783bc508d664ce1aa9a772
r6-heldout-b8-rho0.7,r6-heldout-b8-rho0.7,sel_nbh_k2_n256_privileged,f1582b1a5aade7563d3d3310e10988c66824b26c565c15a52ea45ec66a17c5c2,56f384ec319cc96180d2654b11c9ff3e5806bc1563a7d143a6c51461c4defcbf
r6-heldout-b8-rho0.7,r6-heldout-b8-rho0.7,sel_nbh_k3_n256_privileged,340ce9c2d8d85a7ef8df586c469932cf12606e600bdd11fea73c66a7630ff5be,1b843c615280cc7aa486d6fd04b927581fc1598112e5faf3ba18376813bf9ccd
r6-heldout-b8-rho0.7,r6-heldout-b8-rho0.7,sel_rung_privileged,1474491a96686794b7069b6d4c9bb8b17b0c5643d9b3bd569dc32290d6979bb4,1248274885785988e7441032524fa1a07d2ff27eb5ddc421c3d82e95ab560aa6
r6-heldout-b8-rho0.7,r6-heldout-b8-rho0.7,sel_win_w05_n008_privileged,f721473c76d38c477032e05a1e02795ac80ad0f71ba7f936d024395015164600,667305946721fb87ad2b8b50444a3fa627d6f9a8be545d2a764733a36524ad93
r6-heldout-b8-rho0.7,r6-heldout-b8-rho0.7,sel_win_w05_n016_privileged,8cb7af20464f4d277a63ac57dad9069dd0b4bb727de901715e0e31c40df7cbd0,5bf5b67cb5d5d9aa91ade0442a83df3c3a7546ed6d0ad353741c5a03ce10ae82
r6-heldout-b8-rho0.7,r6-heldout-b8-rho0.7,sel_win_w05_n032_privileged,a4e46ede1267e7dec83adb7ea0a1ea40121540d5c64cdf0eb295574c746cf4fd,2760d72926e3508e727610a7fb6ab26593fbca0a9b56c48dbbccc091ceb6ee3e
r6-heldout-b8-rho0.7,r6-heldout-b8-rho0.7,sel_win_w05_n064_privileged,1d140d86f9dcba27386b88859a4b65288fd2c847abdd0500bc808c834848e51d,0e015245606ba9f02e765613b67a060797ae0185cfd6d3dbd0ee57bf1446a9e4
r6-heldout-b8-rho0.7,r6-heldout-b8-rho0.7,sel_win_w10_n032_privileged,79e38e3a07e85b73848f15cc00b089b36a8fed575ff8227a9dcf01ed77cc3dff,adeb33b7cebb9fef4c2c26901314808f39665d5b926561982a773f33e0e0db4a
r6-heldout-b8-rho0.7,r6-heldout-b8-rho0.7,sel_win_w10_n064_privileged,6f0533e73b14b3f2c8cfbb00db53c0da288dd260f28991890daf6831aa219f66,b65b72563e8dfba6432a2fe2809e1631e0406eb95cdec4b0b5bc5c491fec4ef9
r6-heldout-b8-rho0.7,r6-heldout-b8-rho0.7,sel_win_w10_n128_privileged,c581118069a5a5f02afcf3ed5aa9e83fe896f57e3fc742c8ee89958f8c405d9a,636b39818d0213cc4774f770aeeaeedc4be18fa87b443b834b6ba28739cbbe20
r6-heldout-b8-rho0.7,r6-heldout-b8-rho0.7,sel_win_w20_n128_privileged,79771f8598184a2507dd0f2d05fc7a9bfb342699f45f4beafbd1ec6030e22913,03df452d53484f29952be1932ffde50bc34fb1596a6feb811f2284411e85efa8
r6-heldout-b8-rho0.7,r6-heldout-b8-rho0.7,sel_win_w20_n256_privileged,de9d57f88ccb4f43ca829fe5138523e71904571fddc6a817abad67d9ce36ca34,d4634cd61add3efb486a370eaa0ff86e95794d372ebc629d81a365c5be6d1e9c
r6-heldout-b8-rho0.7,r6-heldout-b8-rho0.7,sel_win_w40_n256_privileged,4a322171353cfa83e2cee8f4642d7b1921a52aa6413f1cc64e49906c64c806a1,48adb83178538189a7120f3096bfaed4a76bc29f8ce2b6219f90c05e3f219386
r6-heldout-b8-rho0.7,r6-heldout-b8-rho0.7,sel_win_w40_n512_privileged,2c80a199b8e5d975254c8101a88f2067040c10d1bf201e49f1f5304a4e6df4ca,156239e5ac3534ce0471c66b488a669b12249ee6c1059bc7f73add974d43b626
r6-pilot-b5-rho0.7,r6-pilot-b5-rho0.7,alw_coc_d02000_d14,12442f1fc4e79881784f068a7af57ba74ff831f607e03246931f07df76f5f76f,77edeb2e84787e84b12469b1bfc545941b61bbc89af31fd06c244f64e47f58c9
r6-pilot-b5-rho0.7,r6-pilot-b5-rho0.7,alw_nbh_k2_d14,c60c412bce896e0e25a581bbe2622c8a51f5a17a18cdd192689c662daab70f58,21b827c322df730d4a990ae40248cff1fb63e811cbf8978e8eb01c9a4d357fc7
r6-pilot-b5-rho0.7,r6-pilot-b5-rho0.7,alw_rung_d14,a2382dfc3f25c0324b35adebc8e48629bdef949bcb6978154ee52779cfd54b84,6825005eb7dd29c44c88f020cef793a703b8d16ed4e5dd96c06a036950000d12
r6-pilot-b5-rho0.7,r6-pilot-b5-rho0.7,alw_win_w20_n064_d14,c5e8a777e8fcba700d2d6a6a6c4e11c64d592656480187b1fce3d644c2a9d82c,dea9ecef83b9d1da15bdc7b24fe674ff6dd10c6a8f1cc5f5985b77b68cfeb0ef
r6-pilot-b5-rho0.7,r6-pilot-b5-rho0.7,never_escalate,796362aea4d667182665d2767499b4abfcbc2b448a21bb6c9bd3cae8b0e9202d,0913430a60c388859c8c9154f3f6bd806599a6bc78cae3c3a05220e0035f37a7
r6-pilot-b5-rho0.7,r6-pilot-b5-rho0.7,oracle_escalation_privileged,6cd502238b26d2b1ada7c119d78c75f2e0a50909653a59fd4d6967982c25ca6d,9240c098a8e7c7232e675e97fcc960caeba5ec24e776adff14d0198962f426e4
r6-pilot-b5-rho0.7,r6-pilot-b5-rho0.7,oracle_selection_context_d16_privileged,5c158b4b77204b15df70a18a3dc60a75e9595076838d2082c4a0825da84586a9,8ba4db629109f6ab4f02f61b1e9d5ccc2a6740c6fbc1073a1a234a7d8dd8ba04
r6-pilot-b5-rho0.7,r6-pilot-b5-rho0.7,sel_coc_d00250_privileged,593ee300eda8450efadfac40ab24c82c547a94f3892713d407fdac89d0aab14c,0281eb2118f3dd4ca0b5e09c7a109d0ca47787aeb6d482bed10a15dd34147aa5
r6-pilot-b5-rho0.7,r6-pilot-b5-rho0.7,sel_coc_d00500_privileged,f6336b75a9e90a7c5fa8f6e28bea3b1ae8a2d177ea4f9180770d7dc801bf0f8c,a45d02c8cda5f7ba720d76dc403f09065efb4a811c9cd41a9e802381dfbed293
r6-pilot-b5-rho0.7,r6-pilot-b5-rho0.7,sel_coc_d01000_privileged,b89423a3fe0e54806111e7e5c90cde2dea1913df386ca383897c250656a417f9,a173980b4efff59c037c916376c784d2867232524c4926a62916fb65ccc0c6da
r6-pilot-b5-rho0.7,r6-pilot-b5-rho0.7,sel_coc_d02000_privileged,50daf2ceb61e51f894c43067b738b2acc0c9d02ea05a8e46915b4428e6108ddb,c1da3951dee6e5d43438fc2c568fe0900185c3545a3737a52c44d088e8c19689
r6-pilot-b5-rho0.7,r6-pilot-b5-rho0.7,sel_coc_d04000_privileged,0f05d874cb2389b0781ceddda6db0a82ed8a7b497bb395cf70c55fbfffdaf4ce,c865ca9f83112e81562665596e4b1c3895a96373f80f586a86fca48308637967
r6-pilot-b5-rho0.7,r6-pilot-b5-rho0.7,sel_coc_d08000_privileged,aa03ea7a32b0a9030ce87537e0fd23ab56456d483af4bcd693e2614c1e4a4f0c,642435705b7c5ff0de8ee815132cf91ccf26e469c24a7ebb8258132daaedcf65
r6-pilot-b5-rho0.7,r6-pilot-b5-rho0.7,sel_coc_d16000_privileged,1b792430b4e0c7020c067b787e65ceeed8e720dc59ebe10e465ef0fd7941f9b7,b56d311fec08f3756ce40d368c08ba6c4be2d0f2193b75d5282d16bbb5275d37
r6-pilot-b5-rho0.7,r6-pilot-b5-rho0.7,sel_nbh_k0_privileged,63c48ba8712989f85d052233a683618038d1b436b5dfd924f8b28e49d66dcc61,384120ec34819c7fc09db6bc2fe60692e4e85e142e51724188e081ef863d0771
r6-pilot-b5-rho0.7,r6-pilot-b5-rho0.7,sel_nbh_k1_privileged,6731d00bc06a9758e7648711c9210c9e8e1cca455294af3114304f46ee9e1034,0fc41da95caa389a07fe8afd2fb8440286514d97b752ab5277d3ed92c4f0c269
r6-pilot-b5-rho0.7,r6-pilot-b5-rho0.7,sel_nbh_k2_privileged,165da6f0380b3502c7df616f627478c7f6e82f2dd90018fb45495d297804c78e,8f5ca3e674bbdbd9a8e3255758961c069a01b1275c0aae4e83928482f92d6fc9
r6-pilot-b5-rho0.7,r6-pilot-b5-rho0.7,sel_nbh_k3_privileged,53aeb14b31790af0e26b6255315cbfb9f8e2e699bcbdf772891dcf15a60d24c1,15efd42b2ad32e0d5dc3b7f003619275dd613238d89c45ce1057745e51ce2077
r6-pilot-b5-rho0.7,r6-pilot-b5-rho0.7,sel_nbh_k4_privileged,ab029cee3f6661a0a75e67871f5afdf6201dcd2a63dbbd50c2e838295dc362aa,7c39c200c142d1388cbefc07cf771f6e353639bd450d1b5034b6e5d9166bd47f
r6-pilot-b5-rho0.7,r6-pilot-b5-rho0.7,sel_nbh_k6_privileged,48306b4c5bfc2a449056c39cf610eeb614a9a842310957e01434cc164dec8c98,6cedb6e3744f8bfdb107e82f668c107558cd22c14f0e4f8bdd44efa6a8942375
r6-pilot-b5-rho0.7,r6-pilot-b5-rho0.7,sel_rung_privileged,d5f23def3f2b726b31dddef200e908ff75a04ec66521f4520f6ae577ea3d8196,04ece57eae47f4e01f0da76614899b87adcfa96aac8d134d160c00cbe4188fb6
r6-pilot-b5-rho0.7,r6-pilot-b5-rho0.7,sel_win_w05_n008_privileged,f9f499f020924c6c0133ba663149ff18f994d845dacc6ad5fd0f348868ea03ca,fac4c1731377b7ec451050afd3ef94b258f22b3726600d5639f1866d81723686
r6-pilot-b5-rho0.7,r6-pilot-b5-rho0.7,sel_win_w05_n016_privileged,1f9435bbc99df369981c038a019557ea7408df8b516c14bde2c00a0e169eeddc,9c733ea1a7a3eff308d7e74ba66985da7babe029c4a80262ab68cb8b80cf4392
r6-pilot-b5-rho0.7,r6-pilot-b5-rho0.7,sel_win_w05_n032_privileged,9252821082fe05ff55aab32f5c2b272e7518a0f18670748e9c42ff5e5be67e03,56ff701c36d58f2aaae185404be2ebf210e500652564b57acedd413885d8ae88
r6-pilot-b5-rho0.7,r6-pilot-b5-rho0.7,sel_win_w05_n064_privileged,45b8982b3ed2577aa60c88844fafa9f3922f18877d0b49b65698e77c69173bd4,87f2fa5eebc0772f853c67dd299245cb82f688057c305f8f0c7833fd76c979f7
r6-pilot-b5-rho0.7,r6-pilot-b5-rho0.7,sel_win_w05_n128_privileged,e7ea054247edd3147326964e8ae2d94356a8698e83dc026a535a1a6d975e5d99,ac7d05d2a9338ef3ccfb4b523ccbd1a689c86f98c1d2231144d046d1998a2326
r6-pilot-b5-rho0.7,r6-pilot-b5-rho0.7,sel_win_w05_n256_privileged,72560b5e5c6eab5e47d201bc8b4bcc4501b998f89ac8628a2f820959954823f5,a88f5bb53e814ce49c358e19bac1eb534690be6fba11a690a8fff0b231f6a7e0
r6-pilot-b5-rho0.7,r6-pilot-b5-rho0.7,sel_win_w10_n008_privileged,85f763dcea3d01f275e5389411e023b6f832b34fc23f5745323c73e91626274b,2ea8b15f5d414cae617b98e5f6c2f50c0de8ece4a985aa9026fde102803927b6
r6-pilot-b5-rho0.7,r6-pilot-b5-rho0.7,sel_win_w10_n016_privileged,dca13fe5fbab0fcd92f9ddbdd4e99da3d6ed7053b89c7f1cc9c9ac00de352f95,9e538ab2b6e94a74f3f1937c38e5271259ff8ad38376ee195f955de79e36f2c2
r6-pilot-b5-rho0.7,r6-pilot-b5-rho0.7,sel_win_w10_n032_privileged,cbbe43f82bff48b9bbb88c1ed1bc797ca4f1a433dcdd36c8bc36e9406be49d45,b1c40264ccbe9076ce4785a86e55d8a3e865d365f4f7077c6e5d1e310aad18c3
r6-pilot-b5-rho0.7,r6-pilot-b5-rho0.7,sel_win_w10_n064_privileged,d0f26dca3668734386fe6e76398163d872ed72b2519d46265b9b4e3644b80273,c09ff88d552232659fe6a09d4ccc35afb43bccc56eb8ea96375ce0a9a1846f85
r6-pilot-b5-rho0.7,r6-pilot-b5-rho0.7,sel_win_w10_n128_privileged,487b24aa32bebf98e8be1209f2b1b2d6a6510d830398a9aa721293ba20fe3287,7a3ead4ccb09d0a41877fc41236e873c7eba2af107699bdf73c953229c1a9738
r6-pilot-b5-rho0.7,r6-pilot-b5-rho0.7,sel_win_w10_n256_privileged,b19f62da6b3b93fc1d53bd6ec7739ea723bd704d1874da0e7c571949d10d64ad,9ff25e54e8192364c76441d06e10c0f6d870d8de481f14c4305236e5e7096222
r6-pilot-b5-rho0.7,r6-pilot-b5-rho0.7,sel_win_w20_n008_privileged,9ee6de4f86669cb766f167a07f2799413b389d15ff322abb42233eeaa587e3d8,2a3e9d56ed5874f074fbfd14ab6cf7abf0b2a9c29ebb95fdeb1c7e0861abfb10
r6-pilot-b5-rho0.7,r6-pilot-b5-rho0.7,sel_win_w20_n016_privileged,419383540f8704c0856f47abb4d9e48c7d0b29fcf8daee9f2f618950b3de9d11,17c73df3ea56a8d6e9b5954e5b5223852ff8c7adb7b79c0bf5a994b2b8317a3d
r6-pilot-b5-rho0.7,r6-pilot-b5-rho0.7,sel_win_w20_n032_privileged,d7109ef2d94118a1bef1be086b39cdc9ac29d4487aab78bcd3a155f8d03efe00,f23af3d185eaa153842363c752351966d3e3984fd71187e38c9aeeaa1bb0f12a
r6-pilot-b5-rho0.7,r6-pilot-b5-rho0.7,sel_win_w20_n064_privileged,6b8dec903d11b3f43ef532e15d3db037cfb457145c0fcdfe1a4c81896ed1635c,197129397ec1f8f50037cbe891f020d440589b49540888c473b82967401963c4
r6-pilot-b5-rho0.7,r6-pilot-b5-rho0.7,sel_win_w20_n128_privileged,34cc9ec0e87232a0ed156e568140181bfda51a98320b316edb7e2044d50b3b77,c827637ec2672904fee9283a7253641a929f6c11b49f3048f267041459edcc27
r6-pilot-b5-rho0.7,r6-pilot-b5-rho0.7,sel_win_w20_n256_privileged,11c598212852bc0b58a0d8751c5733c60e6fe4bacca58d68f4ed1c64d045499f,e7ec873a2c110e18a68d9f7091fd9320378481959c4feed8d7f6e229a7451654
r6-pilot-b5-rho0.7,r6-pilot-b5-rho0.7,sel_win_w40_n008_privileged,43e45b29c966d17a8eb9a3ed8a4222e647ba4319a7c0be79829b1d7150a7ad17,67e303154cd416c4f2ed8634fd11c3a11a0f5a264a3561be7ac42f9b8a410522
r6-pilot-b5-rho0.7,r6-pilot-b5-rho0.7,sel_win_w40_n016_privileged,9894a0eff4db72aedc356838184bd8472dff1a8d4ec415a51fd47682b8bb14c9,340cba4dee0c1cf3db7acd6ed1b6f2eb32a504c701e5561bbbf8567a56d722c3
r6-pilot-b5-rho0.7,r6-pilot-b5-rho0.7,sel_win_w40_n032_privileged,ec2a742d817aad8b18c141b6dadc18d0338a6ab9ea77287cc58e81e97011d283,b3bddb82e08ef097112edd6ba81a0f6dd278e923a31fe4419ed78a599861db14
r6-pilot-b5-rho0.7,r6-pilot-b5-rho0.7,sel_win_w40_n064_privileged,e5e48fe2ffbf4f79d577e747e957b1dbe8ecdbec4fbc2752ae09e6183ca36dc9,c71333d69b157cce0da395c80a21f1cb30780c01b40f36a9ff5f2a511a30089c
r6-pilot-b5-rho0.7,r6-pilot-b5-rho0.7,sel_win_w40_n128_privileged,e9f26752e039e5f1f11b660afc9831e13f2c15ac9da16eca8b8a2dc36c5685d3,659bf5e8c31e782b04167e98808056663ea3eaca49bca301cccb1593f351557d
r6-pilot-b5-rho0.7,r6-pilot-b5-rho0.7,sel_win_w40_n256_privileged,09aeb9ce7c0ac2370a2d19c18ab8bd9566531256b633a0e601a58e565c7690a7,7f6ad60298cf76d17922b8c8bbe3d77c80cfd0d463015169f5c8495d0f8b7e1a
r6-pilot-b5-rho0.7,r6-pilot-b5-rho0.7,sel_win_w80_n008_privileged,b1530312c242c241925c77c7c051e3d44acc7c2320bc2220b32647077209e509,d6406b2365ce2e00ad168e1bb5e539e3309ac17c398a20b15ccbba0f7ea662f3
r6-pilot-b5-rho0.7,r6-pilot-b5-rho0.7,sel_win_w80_n016_privileged,9f9911a917020f1acdb4e59879d53c83285a9ed523c9b849fa99d0ab31dd0b58,fb9040453f27508927b59b0e941b6bab5105401a9b8172803f60e8f955962116
r6-pilot-b5-rho0.7,r6-pilot-b5-rho0.7,sel_win_w80_n032_privileged,1589ec99bd30bef785d35afe0fa3d7512355c19e4d305fc159004ee00fa35f60,905d3d1ad861b09348af3ccdbffe139557294486672555c9a57213397d36b2c7
r6-pilot-b5-rho0.7,r6-pilot-b5-rho0.7,sel_win_w80_n064_privileged,b401daf00eaaee89842a5d075b4ae52fe99cb81b7b683cb9cf4e19c23d62dcd4,0150ba78024d48b37b625eceb31de239b7aa98508806fce85f82f475f0364d34
r6-pilot-b5-rho0.7,r6-pilot-b5-rho0.7,sel_win_w80_n128_privileged,c59ebd1357a634577b72b647b78ab2676d569314c190ef2b042377f0b4082c94,a698ffa267694484fecc5fcc6b6c3df11d8d21433e82ae442924c653073db55d
r6-pilot-b5-rho0.7,r6-pilot-b5-rho0.7,sel_win_w80_n256_privileged,99c3e8e557969bc9d40c5aaddee0fabb1ee82ab0b573bf23bc625094aa7bdfdc,0f06ab951f77ce5545583f53e55910c62e3de443f69bc9e661874ffb72c121ae
r6-tune1-b2.5-rho0,r6-tune1-b2.5-rho0,never_escalate,b963281f12ed240df8e2fbf5ca181c4aa56e548a63556b384baff8685bdb8dc8,299ea0b988f31893145456f6f227e37fae437896e6870121958db58a8dc44d00
r6-tune1-b2.5-rho0,r6-tune1-b2.5-rho0,oracle_escalation_privileged,461b1a73331cc332515dad1f6ec032bd0f51ee0b95879429ed42891732aba71b,17aae50a170d2e2be8d4aff136b54d64da039a4d769620b0b395a44512d81132
r6-tune1-b2.5-rho0,r6-tune1-b2.5-rho0,oracle_selection_context_d14_privileged,d00365f96d61532405cded51812f4da99924bef5afaa05461d3fbad92a17f5ff,399506cabc50c95edfac56fc147a6de39cfd4d813b0ac3b7718ff664580e9fcc
r6-tune1-b2.5-rho0,r6-tune1-b2.5-rho0,sel_coc_d00250_n064_privileged,52e82d9380876909e123eaad08b37cf717aa1aea6375e5ba3a4988b1096d835b,54524a776afc10a0fc49e0a959d3f5c14c7c846b579764ccc1f39df60f1e35cc
r6-tune1-b2.5-rho0,r6-tune1-b2.5-rho0,sel_coc_d00250_n128_privileged,ec44b9a8ddf8ac57d92f52e61b60ffa063fc6a264c22c6922e2ce186f1053560,7d26ef17790a7054512e40e439aea50db84d6b95e521bff195833c65e8bf4011
r6-tune1-b2.5-rho0,r6-tune1-b2.5-rho0,sel_coc_d00250_n256_privileged,a901a56032687f6e23f0ab369e84b452d98f7fba4f300d57733b041bfc35d698,2bfcf64dfdd0cca298619e5cc274713ad52ad19e654682bf3d3a0904caed09a8
r6-tune1-b2.5-rho0,r6-tune1-b2.5-rho0,sel_coc_d00500_n064_privileged,52df59490c902eedf97bafba8475085bdd3832c92dc311b2ca912eb32b78e9c7,5899d847d2f1936fdd6ca693b08ded9747677002883eeab77189770e16a50bb1
r6-tune1-b2.5-rho0,r6-tune1-b2.5-rho0,sel_coc_d00500_n128_privileged,9b10455d1022572dbfea8435d2e2bb5dcf2c181ec5f9f5706b2a8b9220b6b415,b6ec1108b918ca4c696fca81aa03b919ee6fe51bbbb51aae16beee9ccddd6728
r6-tune1-b2.5-rho0,r6-tune1-b2.5-rho0,sel_coc_d00500_n256_privileged,57918f5c2a88f017bdb227c6f143e7ea5298c493ba8b73c8207622c1b41cb0fa,008abe267f9f654a7346bf6925d7b8f58cb028fb8a2da36a289dbf76875252e2
r6-tune1-b2.5-rho0,r6-tune1-b2.5-rho0,sel_coc_d01000_n064_privileged,f9758bb4866b0958cc011209d9433858db0f2243f40886dc31b7e97ed78e819e,0d0417b6c57faefd8f2c6cfaf10997e3b81dedd32940afa9e671c0dd078a0f8b
r6-tune1-b2.5-rho0,r6-tune1-b2.5-rho0,sel_coc_d01000_n128_privileged,3a355ee9404022e54d9a56a1bb2e3abe7d1d8c903af21a7ff132fd341610e58d,3a7bff5f3e9bf94d0e09b7f116bb3fdadaa0bc882c7a4a2c271ed8e3eeb221c9
r6-tune1-b2.5-rho0,r6-tune1-b2.5-rho0,sel_coc_d01000_n256_privileged,d6cbd5ed2eef0dff1275c16411ea6763f2e6f219c9a7fafd285ade50ce84c801,e11f571eb2b4eb4c438b6e7d8a3a0d60edb424ca7d82470c0d1c1107d67e6c8f
r6-tune1-b2.5-rho0,r6-tune1-b2.5-rho0,sel_coc_d02000_n064_privileged,4b3658e899a60f5d92f5bcc738641e829dd6b9a5f2f6c5ce528aabe05c2e1ea4,ffd9989694206705a2c9d4430ae27db3e852bf5d0f7ef4ab6ed48e560731a766
r6-tune1-b2.5-rho0,r6-tune1-b2.5-rho0,sel_coc_d02000_n128_privileged,83d234898312508a4f65cd15129aaa3f28efcdc758319580a6f7f8b9292058e4,9c0b69542713649d15172c1903ae6b044b846df2b47eb5228c70f783cba7821a
r6-tune1-b2.5-rho0,r6-tune1-b2.5-rho0,sel_coc_d02000_n256_privileged,0edc7e58eae2878c9a29242ec497ce0c58d83709cf5ceb31eb2e074a6dd0092d,524aabcfc606adf78ef63643e9b52409668435d8a3dccd7a693961ebd12df491
r6-tune1-b2.5-rho0,r6-tune1-b2.5-rho0,sel_coc_d04000_n064_privileged,cd55fdda2dcf42e1e0c96146cd0a9dd05094f3df8db9f85127de7541eca04abe,a18788966a0e4378df684374eb101c61aa27c7f63709d781bee8b50f7a203d63
r6-tune1-b2.5-rho0,r6-tune1-b2.5-rho0,sel_coc_d04000_n128_privileged,42323283c22310cd105f5ceeffa281b5de77c2804a85972ce615dfd9924c2448,c5a0152e78b44296e1d3ef27e4b50fd5070fa2cc2991fc38fba598448033a563
r6-tune1-b2.5-rho0,r6-tune1-b2.5-rho0,sel_coc_d04000_n256_privileged,9c9087f95d967176188f798bb6a3573b8f1047ebbedaf12ad8189db98ad0d363,c7c31ae17a7add1028010a1aa8f0e8683889c5f4ed47be790931ed6ab7b19acf
r6-tune1-b2.5-rho0,r6-tune1-b2.5-rho0,sel_coc_d08000_n064_privileged,f579bd921c64e3570e482c6056ca334c5199733daa5f3d5fba92426efe3f3ef9,d8328455fc5a7e868db200764a54753ceb8d370506bd0be2c7605a05d55db4f8
r6-tune1-b2.5-rho0,r6-tune1-b2.5-rho0,sel_coc_d08000_n128_privileged,76d1a0c3d06b1044e8c1215e884fbccdb6f992c28e616d73009f2932eca10d1d,d36449d3e0a29efbdabb26981a4b47383bb459702557fa46c1dad824c3972b8b
r6-tune1-b2.5-rho0,r6-tune1-b2.5-rho0,sel_coc_d08000_n256_privileged,3e41223bb7c7c7439bbd7dea26326d88184344059dcd12eb9291aedd44106758,18f9accd107b84ad8eacdd184d376d90ef57ac0605ad5811fdfe67d7a10d364d
r6-tune1-b2.5-rho0,r6-tune1-b2.5-rho0,sel_coc_d16000_n064_privileged,dab6ba79cb268090f4f9ad2a9fa2b4825948040036ca7a804f761752e4c9e6c5,404a04ada6e634ee78f870db633a6caf3be12c3ce1444a5970067a9e9d6f5e0e
r6-tune1-b2.5-rho0,r6-tune1-b2.5-rho0,sel_coc_d16000_n128_privileged,aebb557894c6afc343ecf87d0fd599e70db2e0133936684e4236c005e1d8eed2,c8c4c9dd280e5e4e4f74e35b8b4cbb01f5a18cbf761857ff61c323904f705060
r6-tune1-b2.5-rho0,r6-tune1-b2.5-rho0,sel_coc_d16000_n256_privileged,0bc66e4ca6b40478503056c5411671245d302497681859728e6f0e0981199a13,6c59e91c091cb9f35c168482f27f207bc7b744d0708ed090ac979bb9e257c6da
r6-tune1-b2.5-rho0,r6-tune1-b2.5-rho0,sel_nbh_k0_n064_privileged,c9fbfb2389d31daada2d748a8a27d23e710310bb54b2adbb6377feba7d14e9c1,88da9e896e8496e310366c4fdae0e15297a0b6ba3cf2d69a3f2182ddae4a9abd
r6-tune1-b2.5-rho0,r6-tune1-b2.5-rho0,sel_nbh_k0_n128_privileged,045313e85112cd69c8a9f937a0b54a47242e4f446c1839479458b607b685846e,6bda84a9686ae04c7abb6e96e2b03390112f8d524d1bc16bd2fce028649413d7
r6-tune1-b2.5-rho0,r6-tune1-b2.5-rho0,sel_nbh_k0_n256_privileged,337ee290bde4efb51454d189511dce5c298701f59d13e61e456c27fe3183ac67,2e6e1454943759b62bc82601e618d35aae2da19e0f5c10765d438889f0a29f45
r6-tune1-b2.5-rho0,r6-tune1-b2.5-rho0,sel_nbh_k1_n064_privileged,1a846f9077ff74a92bd749e130b44b2013ee665aa422232581dde13bbcd7b2dd,fe22cbde4b9da35f5b34f2d7be7cd730a23d3427072985cb2383dfd35290ddcf
r6-tune1-b2.5-rho0,r6-tune1-b2.5-rho0,sel_nbh_k1_n128_privileged,7ee8d6039adb268822f8c9c867139f66f4ec70507fcecc86b2a9548011515e59,56b534f6d6e8e9a9e5d25248e52ddacaf7262a7510602c45a3c499bffa27466f
r6-tune1-b2.5-rho0,r6-tune1-b2.5-rho0,sel_nbh_k1_n256_privileged,00843dd9b6739bb7061280acf0806b6d2b5635ec359f7c9ccd4db929e497267c,7b1a7983048d99e60c94fdef8d63a4b47f00dea1f6284cb041f17be7277d863c
r6-tune1-b2.5-rho0,r6-tune1-b2.5-rho0,sel_nbh_k2_n064_privileged,1fbc0bdeba9ececd6bb96576a0fc3b18888b8497ee5fc2de2ce22e7a27be59fb,e95ede22e63d7342f3892c38a69ec84f21268dcb8fbc2eb180af4e4f5f9a8547
r6-tune1-b2.5-rho0,r6-tune1-b2.5-rho0,sel_nbh_k2_n128_privileged,2113524fed3b55466f8af09d3e9237f431649c3cbfa609c6cd270325a3ae8449,c91f2eb41a9f4626b25803aeeff8c6e53f012836c5428348422809cb19e92a5c
r6-tune1-b2.5-rho0,r6-tune1-b2.5-rho0,sel_nbh_k2_n256_privileged,4aaa5e076710193b6ff6b66babce43f852953957da20ddfd3ba89da1bd3e09bd,5ba86ae809cb3596383b7c3c9aa36fd781a46e12512965af40ed57d3e301a4ca
r6-tune1-b2.5-rho0,r6-tune1-b2.5-rho0,sel_nbh_k3_n064_privileged,c912495acd98ac9f8d93ff7335cde672c9e6a89059ac4268734355c92b2c9843,544bf6a94dd8372163265484c3dc8d89162d11b64b8e8787162b2fe660acbcc8
r6-tune1-b2.5-rho0,r6-tune1-b2.5-rho0,sel_nbh_k3_n128_privileged,b44b2e51c6e9ae6226f8734f9a3bc319b61bc3174c109261fc1398c03643f87c,5164c7470f14937fb3013d80c536f56bc8dd39b27cc7ca49940dbd20e1e6bc15
r6-tune1-b2.5-rho0,r6-tune1-b2.5-rho0,sel_nbh_k3_n256_privileged,3d6be706f96a7787d157679f623034ec9b809736b5e8be42608df75c9add3486,a1982b014bf4e08332a473c2953561285d0f75ee1aa747659abae2a0f5ee9294
r6-tune1-b2.5-rho0,r6-tune1-b2.5-rho0,sel_nbh_k4_n064_privileged,1403dc8a88670f2bd8bec4453de4aa7b20587d353db53e1bdd832e118b2e88d3,52ca538c4db287b3e27b4f041e803d582760e1644a54b453a524d7c1d7a6b617
r6-tune1-b2.5-rho0,r6-tune1-b2.5-rho0,sel_nbh_k4_n128_privileged,d51bbfde7d737429426e3163cb25b8d1e53a246cd92d468df838ddd519393178,3d960a3f017acfbf0183897477e8d1df1f126e1d2493a3741d6183fdf991655c
r6-tune1-b2.5-rho0,r6-tune1-b2.5-rho0,sel_nbh_k4_n256_privileged,305a519cf46fd53beb98a5d68738c858c6199f37cbfac478adeef0a32b2d5f69,f229c9ee0732cde90c339a7e74761c77309805ec6ae1ab04e8a09e3092aa3559
r6-tune1-b2.5-rho0,r6-tune1-b2.5-rho0,sel_nbh_k6_n064_privileged,f62d313456030e3f441d5f6419fb9bc31729c794dd4879632f1122b2b77e0456,c7ae963a5d71775f5a48755ff9242f621070b3d9cf11107ac6c633580738ad65
r6-tune1-b2.5-rho0,r6-tune1-b2.5-rho0,sel_nbh_k6_n128_privileged,a290db27480cea72ee20e772723aecf99f1db73085820ec9aa79634a16bb532c,4b3397274e59df28ff2eef3c0c32800de91cc0cc3b0f309b153b49c2f2153e92
r6-tune1-b2.5-rho0,r6-tune1-b2.5-rho0,sel_nbh_k6_n256_privileged,2e099b25d0f706e90d7b90eca4b64610104eb7167ea4cea18b7c2bbd67ad351f,b4776ba3ba03d10b033d3ef7e676970891969c8caf1333195e88ceecf5f1ee30
r6-tune1-b2.5-rho0,r6-tune1-b2.5-rho0,sel_rung_privileged,09a41cc00fe37ac5fe4716f590be4bb9c5a977b7d1407c62322b44349d6ce77c,02d1cf319700c210117d08753cfd810715da6c7fdfea4dcdba1aeeca491de4aa
r6-tune1-b2.5-rho0,r6-tune1-b2.5-rho0,sel_win_w05_n008_privileged,3ca0e16bb9398403ada0b81ed847e755dd55307d267e8e7290e2a5dd363beea8,a8876b684db154145b127710c1c0e82485cdbe96fc3c59e6706ad91e236c219e
r6-tune1-b2.5-rho0,r6-tune1-b2.5-rho0,sel_win_w05_n016_privileged,abb310854b7f0e6fe1c65c17745a688d0eb218ddde4daca814ded2ee4a2baf0f,9bdf2c5ef1b38d17de340acc2783acae100beadb217525c5c56881eea945be95
r6-tune1-b2.5-rho0,r6-tune1-b2.5-rho0,sel_win_w05_n032_privileged,3292a20dd56564f7db0eec2ca5eda2ae027d39058667ff0b4e059fd085d1a2e1,a52ad7c4f0e0fdf914cf898275c7c2699b9bb1eb2fadaa50018466f882ddd4b6
r6-tune1-b2.5-rho0,r6-tune1-b2.5-rho0,sel_win_w05_n064_privileged,d443323f6ff8f6fdb4dcff89e242b925ca79e4f847ba291453680769d3f9cef1,2677fe68b18a5fed38baf8f0d43a3f4387c4c6aab412c170446f3f9832e90e42
r6-tune1-b2.5-rho0,r6-tune1-b2.5-rho0,sel_win_w05_n128_privileged,2f7eb4dfcf018011baed786a8ee678ef482405b21c3aafa916627a1dd720d3ce,7c1a18212cc245731b0d5358d918cd5eadd2b1da2efd48e6b1ea45c95701850f
r6-tune1-b2.5-rho0,r6-tune1-b2.5-rho0,sel_win_w05_n256_privileged,e54fd10f7545a8893ad3f0d30b8a75b3a641839cc2e090d3bcf125dd4e5bbb12,5b6242fcf938d10bbb9a5be254eec4a1502f37225923167103cfbaa89ca96350
r6-tune1-b2.5-rho0,r6-tune1-b2.5-rho0,sel_win_w05_n512_privileged,d539bcaa861287fdde414c2c955a1c3bfa74c7a78e88ae0655daed60956af31f,950b025d3d0e6a846a63ef96d0618a49bd931e6928d0bbab9fd887b9eecc198f
r6-tune1-b2.5-rho0,r6-tune1-b2.5-rho0,sel_win_w10_n008_privileged,1e12fd49d6bceffa8d82cb1be820bd190a128ef50cc97c6e120cb1572fd1512c,63fdc68b23b4c66bff007327476bbd1a3bf90bcad6663377c42bd7ec89c06e93
r6-tune1-b2.5-rho0,r6-tune1-b2.5-rho0,sel_win_w10_n016_privileged,193f5b69405f01620a0270f98111cb1d408fcb2b4c3c90c21e5c0512f8d902db,11ca152e03af0045cc1cc490d62f5d12360f61aef7dd69c7610515354f3c06f3
r6-tune1-b2.5-rho0,r6-tune1-b2.5-rho0,sel_win_w10_n032_privileged,6c9f67ef67598844fbc91cf6fb1469e7814d9dc1f99516653c312dd6677807d7,c58fe5795114e649565ce64e14a4aa7098370602fc5fb9138196f88a122fcc2e
r6-tune1-b2.5-rho0,r6-tune1-b2.5-rho0,sel_win_w10_n064_privileged,9610455ca670ebaa974f22d63cdb29851196a138a27e9f847352f45916419609,4f46610ee56af5adb030ded1a54103a0897459616a42e918d1603d430c5a6c5a
r6-tune1-b2.5-rho0,r6-tune1-b2.5-rho0,sel_win_w10_n128_privileged,4b4644663d6a06d58a631e4c3cdd8af717925b4e45d177255f242eb23810a5ae,d98fee814c4b312d02aef2bfb6e95c31fc939f5807410d594d22fbe564a10921
r6-tune1-b2.5-rho0,r6-tune1-b2.5-rho0,sel_win_w10_n256_privileged,08fb0e560360b9e096538b2f3790dc816a97abc49cbc9a58bb48eb41ebc70c87,9c9c8f3aa2cf0d29f4dc2a7e5e840473690bed29eba5a4894a5d0e5e92d5f51d
r6-tune1-b2.5-rho0,r6-tune1-b2.5-rho0,sel_win_w10_n512_privileged,a540777d1a199976c6301410f6cb82d374dfc0b2773b6a68f18331394bef7133,554d923d54bd61a3c2b336634cc0f34d19591e38ce8b2192d174d80494e111f3
r6-tune1-b2.5-rho0,r6-tune1-b2.5-rho0,sel_win_w20_n008_privileged,f46ab651e798a03318f82283fa7fded8011caa4106641a6d3b3af242497d0da0,b8690b26ee828a4b4f9b6c73117f8e96122635e123a8e458a9da606b64b0ac13
r6-tune1-b2.5-rho0,r6-tune1-b2.5-rho0,sel_win_w20_n016_privileged,84321b2d6b4db355e4b15d2f4a7755b0168707d74f912a29530553f5c9ce0108,76259ecb8bc0c2075944eed1e49e75a5ec00319fd2b0b87cb4e0d6611a3b3538
r6-tune1-b2.5-rho0,r6-tune1-b2.5-rho0,sel_win_w20_n032_privileged,6372182407c744ff53ff372946597c323ce0c80bc0a4b28541a74c9d31e1bd43,59c318ccfc75931939f95446e1d7f61a09973bccfeb290c4bfe3669442c4056f
r6-tune1-b2.5-rho0,r6-tune1-b2.5-rho0,sel_win_w20_n064_privileged,810c4f149922ad95550465eb382be63557c4f2625f5b15fef6728d9ffbdd7a51,b22ddac091e93f40e10f684f20e2fa64ed7d24c42611c5140e9dd205c3ab7321
r6-tune1-b2.5-rho0,r6-tune1-b2.5-rho0,sel_win_w20_n128_privileged,b9a8166518452e35f70b648093e424a8edc9e8834175457249cc0c500128dc76,a337199f1a0fb0462611bd98c582243355904166e3a768ca802b598801112bf9
r6-tune1-b2.5-rho0,r6-tune1-b2.5-rho0,sel_win_w20_n256_privileged,f3fc17cbccfb175c9fe853679a280c36b68951f309a5e20796113633d5ee5c6d,babbf2b0ce0281dbcc2636d1e59182fd94769fcb2f28a1316d4500cc4cf08897
r6-tune1-b2.5-rho0,r6-tune1-b2.5-rho0,sel_win_w20_n512_privileged,bcf84ecbf730dedd80b9dd92e8a0c74e11ef51b9a7a82ff5f93f4d41bde03596,f8501dcdbdad13e7e9e0b9e8e81fa917b8692aef2eb6b379ed65637f83128f7b
r6-tune1-b2.5-rho0,r6-tune1-b2.5-rho0,sel_win_w40_n008_privileged,fbe34602179984b4be3b7ad2abae7cecf617b4d9c6945b2902abde68de5937fa,184d3fadec76c99a35c415678f3b181df3383599da0559521e4ff1f2182d139e
r6-tune1-b2.5-rho0,r6-tune1-b2.5-rho0,sel_win_w40_n016_privileged,5c75de0edabf6fdc481ecb3a936872fbef9c3a21458f3822d2c60f2c106c822c,743a6a1445a4912a193acbd5d230ab462662f71c96053b1adec76d9609e55aa0
r6-tune1-b2.5-rho0,r6-tune1-b2.5-rho0,sel_win_w40_n032_privileged,954bee712731b8706536b2463431bf4aa76987dfb27999fcf2bd12920ab32765,a29b152a2fd4f54e053a1e1a3d50b2b655bef4f0f6be053c3a0998a686016eff
r6-tune1-b2.5-rho0,r6-tune1-b2.5-rho0,sel_win_w40_n064_privileged,41e93e17b5f29219bf17886b8fea3f231a3948c2af07310458bd2bac4fe32a51,7627cceead912c32be7b02fdba029372165019fff8ed6716e9ab39faebbc3129
r6-tune1-b2.5-rho0,r6-tune1-b2.5-rho0,sel_win_w40_n128_privileged,4fb3cfaa769bc06de2ee96742d824628a1cb739f9f0def1f6f88982ad6cb4ac5,23910e7c731d7b12c0b02c745297ad51efb4a753078cfb9276eb0904c29de09f
r6-tune1-b2.5-rho0,r6-tune1-b2.5-rho0,sel_win_w40_n256_privileged,2ff9e289dc709e5acaa3663fc0ada4f24835aa38193a7212ff57ee338fad00e0,112272bc5c3b41ba6b6fbd6425cecbf8da39f3f443a9d063082f94a781bf4b3f
r6-tune1-b2.5-rho0,r6-tune1-b2.5-rho0,sel_win_w40_n512_privileged,e2cb4e8b1c5d35392873b0d805c3ed11b627cd00110a07c32737e1bde5db7505,706be2207692dd760bdca4c9a641377d38d96aa3d7d8671b284176f1a81a9cd1
r6-tune1-b2.5-rho0,r6-tune1-b2.5-rho0,sel_win_w80_n008_privileged,6c9c3123e9a30cf5f9bb6caaf1a7a15e7f2f719f23546694056055d5cbcd7f85,e6d745ca7cc0db359bdab29628cae456d850386a5f6b2a7e055722f25280387b
r6-tune1-b2.5-rho0,r6-tune1-b2.5-rho0,sel_win_w80_n016_privileged,55ef1742ee47fdbbc52119155b8666dab0545d50acde8a3defbe5985dd39de9c,ad235b074716dac2853129f30faf5eb604b314d4b857d05a6a5a90ce14383c35
r6-tune1-b2.5-rho0,r6-tune1-b2.5-rho0,sel_win_w80_n032_privileged,64ee558a453e9610d8534259136dcc4a69bd5f3bbb490822b89713e196a6e409,94654c004852e8267c8708ac98cd1a11e3d1564fd4aafbb438058947719173ce
r6-tune1-b2.5-rho0,r6-tune1-b2.5-rho0,sel_win_w80_n064_privileged,774c8cd1eb5f67e1294d344b43457ed4bddf402020885a40ef50db12acac30da,f4bbc17ccd0daf06ce3d2cb26a2435d9d9b57d10d8820cad258c71673a09c503
r6-tune1-b2.5-rho0,r6-tune1-b2.5-rho0,sel_win_w80_n128_privileged,70f92b05a867d2ce9dcc7ba9b282afa5985e836ede403f9eb738b8fafb7ce93b,5ab6c5af4f032d7aa5cb7a2bc159af23ba65db40a4df1c84f41fa5889231de03
r6-tune1-b2.5-rho0,r6-tune1-b2.5-rho0,sel_win_w80_n256_privileged,ab3bd1b6621a594991bab320747eda4d49cf50a0135ee921edf83d021bdfd318,c1c63b32eb668e1cbc161b47cb661005c1eda55398c8bfc64ecdc2f3fa72c55d
r6-tune1-b2.5-rho0,r6-tune1-b2.5-rho0,sel_win_w80_n512_privileged,ce018a1942910430b0fddb2f7908edca571997926e51492816b0fb3e1038cded,e24ee649efa22bb9909a6045c42b2fd1ed32e9752676641c5677f88a1f6e307a
r6-tune1-b2.5-rho0.7,r6-tune1-b2.5-rho0.7,never_escalate,e2a13e6335a9522278d5f4029c0bc51f8e1c271dfd622a5b3c1bf850597e0c74,637ae45be105678d4fdc657c9dd7960d15c402121107276b3345b71d4b0dad0d
r6-tune1-b2.5-rho0.7,r6-tune1-b2.5-rho0.7,oracle_escalation_privileged,08bb5749a0c1a8a351000bcd922cf3ffb2026dc902cbd12519e6a63de4cd7d97,97e8047b869536f46be32fb2ce02b0a387e564f97bf13f1b025d3b92b43ff4cb
r6-tune1-b2.5-rho0.7,r6-tune1-b2.5-rho0.7,oracle_selection_context_d16_privileged,3fe2e26964a7ff828554aec6588a680b1d4086fa73472e026ac50175f78ff727,79511a490b0164f69b51ae6b57780a27e3465cdeaa4ec83afcc4578e94140892
r6-tune1-b2.5-rho0.7,r6-tune1-b2.5-rho0.7,sel_coc_d00250_n064_privileged,fd6ae7335dd89fdb8f579a7b5804892873b7399302c42fe5a137a3b295a3388e,690be9492985ff391930e66aa5511cee88d8091955b0d6e80680e87d4e7fda97
r6-tune1-b2.5-rho0.7,r6-tune1-b2.5-rho0.7,sel_coc_d00250_n128_privileged,ea0ea36b44a647276930190f30e5c11052da53974dc362b7358ba8bc4fcf4083,00a472fb4a30482e577069035b3e59f304ebc8c94b2fd4781466cb537b81fe76
r6-tune1-b2.5-rho0.7,r6-tune1-b2.5-rho0.7,sel_coc_d00250_n256_privileged,d031119f5de62dba02ef86d7d9fabe550ad590b6b11b6051da5f328ef78f16dc,de53edda97eb6f57049ae65f4c9e1df2f012b738416e625c7cd973871a0b955f
r6-tune1-b2.5-rho0.7,r6-tune1-b2.5-rho0.7,sel_coc_d00500_n064_privileged,26a6650246224425a30989f5ba35da01eaac8b7a9afc2a86b2b39fd140ff173c,d65d59e7171f27f701779c8a5e4cf1f603c9c7005c025ecb730e846f98ef7ffc
r6-tune1-b2.5-rho0.7,r6-tune1-b2.5-rho0.7,sel_coc_d00500_n128_privileged,06f32da5e6fd7cfeaaa1242960fd87c7c0c1aee806ea8b9c0edbd16b139c5a5f,409c26a4a2fcaf20662a354abbe3491995c28be76c53562615a7219f560f4142
r6-tune1-b2.5-rho0.7,r6-tune1-b2.5-rho0.7,sel_coc_d00500_n256_privileged,47b1d057a1c16ae181d86ca70a981610a09892667088db56fe1d7084d52e8d0f,7ddebe04bcc00cfb6d4ac7b71934b16db5f8466ab3cc562d298e65ad0475f5a4
r6-tune1-b2.5-rho0.7,r6-tune1-b2.5-rho0.7,sel_coc_d01000_n064_privileged,fb2bb1fa3395d2b83e03f111d25c5e17246e59b7b21604d8181251f2e4cc3e7f,d6ea5b10173219b077a2dae9eede451342dab02621089270adc94c797500edef
r6-tune1-b2.5-rho0.7,r6-tune1-b2.5-rho0.7,sel_coc_d01000_n128_privileged,c9a39667048d22fcc46439afa7e4b1667141ff4d15ddc60d85d58ed1ec108654,1dcf1b2379e153c8d4d19978fafd938f4dad6742cb059bb1a6018296aeb74f79
r6-tune1-b2.5-rho0.7,r6-tune1-b2.5-rho0.7,sel_coc_d01000_n256_privileged,19127d34f32ba950ae80967c77044bb0c70d199f879d27178c149e8c2c66dc25,fc3f381aa1b01b90e11bcb221803cc500e3dab638d36c2ca71df3b36f02877dc
r6-tune1-b2.5-rho0.7,r6-tune1-b2.5-rho0.7,sel_coc_d02000_n064_privileged,f68ada67cf360ded11eb6bcc8f116fabd63d356150ba0fbe25e881e90973d351,8d0502a760cda2fd9bc5ee90bd2290a243110bd0f04ef050f3f33721ac60aebf
r6-tune1-b2.5-rho0.7,r6-tune1-b2.5-rho0.7,sel_coc_d02000_n128_privileged,be7b09c3acb475fd39d88e34eb2b6ca723de6ed497a097b1cee673f7d7b1af90,f9dbdbcd554db36e5177f3b070f4fe3d9592c47266891dc6ddc0868a288a9f57
r6-tune1-b2.5-rho0.7,r6-tune1-b2.5-rho0.7,sel_coc_d02000_n256_privileged,cbb8a0246d93fb162515d0312c71807f8098bfc8305e0d0d7321ead2cf74dbcb,f091d471d17f0fa561581bd9ad5c439eba0fd7abd0e7506c2ecc7c3882aa3be4
r6-tune1-b2.5-rho0.7,r6-tune1-b2.5-rho0.7,sel_coc_d04000_n064_privileged,06bdfca1b462025d013ea09042b798f8b2168c9a7da03c0d2835f052eba18e39,162716f15e3df56a6254683b3cfc95d924aa44bda4f994e2b1595c1cddf7c959
r6-tune1-b2.5-rho0.7,r6-tune1-b2.5-rho0.7,sel_coc_d04000_n128_privileged,6adb35b977c3cb3fa0d7e7e3e8f32b22bf155ef672b0c62ac54784bce363e9b9,937ba4355e0c223158340ffe41c3bfa6356b026713668c60f1f1145efd8bf0ea
r6-tune1-b2.5-rho0.7,r6-tune1-b2.5-rho0.7,sel_coc_d04000_n256_privileged,f327038d26da5ee821407656e16d880a21cd9c42bfdc21fa81c9eae9d20b823d,215e715e76ece605613701529830d7a304749cacb91e2543cddab7755739abf9
r6-tune1-b2.5-rho0.7,r6-tune1-b2.5-rho0.7,sel_coc_d08000_n064_privileged,5e1bbd0e3e2e6812779c663c43473f78276cfd7a06319aa6a01b5677892ad039,f7cc17e173b514ffe823caad615611c3ed64ba98ec688213ccc20089b625320a
r6-tune1-b2.5-rho0.7,r6-tune1-b2.5-rho0.7,sel_coc_d08000_n128_privileged,6444fbb09397f2e759b56adfc0145f7b04e18c305668ad760b9209bf35e267c7,1b459e95024749e327f74f134d7ab3f7970f5aa7fe0ef9ff1b0f2879a356fbc2
r6-tune1-b2.5-rho0.7,r6-tune1-b2.5-rho0.7,sel_coc_d08000_n256_privileged,54536cc1f5e9d58b7e75d12d4614f022d189cb08abba153bc015f0fcea1a6a13,c95001c62cad928fd318fa7ffaac79cd74c181f7001b3123a900d0ed581c02f6
r6-tune1-b2.5-rho0.7,r6-tune1-b2.5-rho0.7,sel_coc_d16000_n064_privileged,89b6de59ddfd77c93fe724e4d8b803fee381b7edbca2fd0b747befc1c8c15f58,282fa9610fc55793d2ac52be759578839ec3f6b20a8bf2dc665b9f4edb4b5f93
r6-tune1-b2.5-rho0.7,r6-tune1-b2.5-rho0.7,sel_coc_d16000_n128_privileged,93eda1191f1b0c9ee401c1638021f4e2bc6e0f00f8724a55f686ff19c87892cb,37f4bc3deb535e3e2b43c83cc969d507f030b1da1738efcc4cd5be92cd43a336
r6-tune1-b2.5-rho0.7,r6-tune1-b2.5-rho0.7,sel_coc_d16000_n256_privileged,23eda531adecd26370cac17138f8acd68ce3d6d5b82955105d6cfdd38d9b064b,7b221ea240fcf4f7bf20df26d0f46f1fb5e6e1564298b3b4e63e2aa1f84f1846
r6-tune1-b2.5-rho0.7,r6-tune1-b2.5-rho0.7,sel_nbh_k0_n064_privileged,ba3e3d481bd291d4f1f94b25ccbd6d3304c0fbf4b20b8090a72f81e74dcd9f1f,3828925b506fefa03a0b8c70df468976f592937e8717d054947277e5e5ad5331
r6-tune1-b2.5-rho0.7,r6-tune1-b2.5-rho0.7,sel_nbh_k0_n128_privileged,2f5d20ecb78f92e2da60c532db8fb1516af42b7f52588401952032fc341eb7ef,71c23bf151a0798cad6c169a04a34d2a27326c07949d8c42932fc8f62dc0d30b
r6-tune1-b2.5-rho0.7,r6-tune1-b2.5-rho0.7,sel_nbh_k0_n256_privileged,0211333f499c292b7383e9f33e8c536b262b58d42d39d9d7c45f6d55fa773749,22e858c17ccc7e03ba80a80305a0b516bfdc847d10ed86bc48fb104fc1313ba9
r6-tune1-b2.5-rho0.7,r6-tune1-b2.5-rho0.7,sel_nbh_k1_n064_privileged,2ab3a61caaf2e787d7e606592e9994b1a86407bf903b46f4fe3eb945176e4cf3,a1b878ec63880b74ff89d078f8d596a13d5be19121f1d5aa74d5a56763ab2e6d
r6-tune1-b2.5-rho0.7,r6-tune1-b2.5-rho0.7,sel_nbh_k1_n128_privileged,7a8e10877d79381582bb6e85837ecec86fbeba78525a24a3e712cc2e2a94e420,31a548302717516de8eb09c058a9116443b54de18f59dd50f3e70c8914e72447
r6-tune1-b2.5-rho0.7,r6-tune1-b2.5-rho0.7,sel_nbh_k1_n256_privileged,acdc0b1e66dc162a79aa074abe0f2f6938e7095ef49780a81d2bb677e66c6d20,3f435249791dd4f06f8f9785ec48c0691a1691c6fc557df4241eed963bc9200c
r6-tune1-b2.5-rho0.7,r6-tune1-b2.5-rho0.7,sel_nbh_k2_n064_privileged,49a9723bd6a7ff8f43dc033d54d7bac49cb5aa017774676b2dce142d562f3c71,069555e5e083e04205ecbb45056ac5d9fe3284588fd7eb669dd420e5173607f0
r6-tune1-b2.5-rho0.7,r6-tune1-b2.5-rho0.7,sel_nbh_k2_n128_privileged,7e83e1009ca56dbcb732ee44063c39ee86c12e0a6bc32e5e16fce8b1b2d48986,df9c4392ad94a40d7784adc732477d8af0e31bd377e0913ac14e3ed788be51ff
r6-tune1-b2.5-rho0.7,r6-tune1-b2.5-rho0.7,sel_nbh_k2_n256_privileged,173d118ee0e92f678800344f7d5c09991dfa9dd3b15efa96335d4d8b9f37fb79,4a9f63546c3dd5d9988df15fd284926cacac277a212cd8afa2dedfd3c3c6d5b9
r6-tune1-b2.5-rho0.7,r6-tune1-b2.5-rho0.7,sel_nbh_k3_n064_privileged,9cea5fb505c852bcd98d74f2cd435a2bc442beaec98ecfa1566751ee01727acc,179e6b3d1dc90abc65fa4c0de7364bcd16760b09be2ca21ef3070675187617a7
r6-tune1-b2.5-rho0.7,r6-tune1-b2.5-rho0.7,sel_nbh_k3_n128_privileged,d1864273398ee54c9a94cbf98d5a5afa56390ee900c7395e18d89d458bda9237,a2f281b3ec64f5aaf7bbeec061342364ab010487b4cc12ce869f445bb0c5bb3a
r6-tune1-b2.5-rho0.7,r6-tune1-b2.5-rho0.7,sel_nbh_k3_n256_privileged,c390cf7bc39b9636af89f4e59012b7391f6ce5081bf8f51352cd4352b3a7793e,c9ec9e9c94bfd1a32a5f2ef492d06e42d7e7b6f6e1b298bb938f7b4070949a29
r6-tune1-b2.5-rho0.7,r6-tune1-b2.5-rho0.7,sel_nbh_k4_n064_privileged,846da57b0fcee9dac6c5d66510694a41cfa38874b409080917bf95d18901667d,ca88e196ed53fd7a91a5f4e848e25f009abb8ff4da72a2225ea1d2cc36bdd572
r6-tune1-b2.5-rho0.7,r6-tune1-b2.5-rho0.7,sel_nbh_k4_n128_privileged,368e4039bba3cd2b0a34d94ae147df61dfe1d684fca205d7181657869f8f5b95,46b861c019434ee22b6e56e893e2234a95aa2936d01b19a643eee6673d0e6398
r6-tune1-b2.5-rho0.7,r6-tune1-b2.5-rho0.7,sel_nbh_k4_n256_privileged,5aef22b36c2c3a31f5366bc1ba16b8a58f96dd645f3f151dac525209dad31639,4bf69b4fbecdbbe93e5e6cd57de77d58a139587ca3ca6617cdeea912aec99059
r6-tune1-b2.5-rho0.7,r6-tune1-b2.5-rho0.7,sel_nbh_k6_n064_privileged,450612afc8ef864c444105fa7a20ba785804e95ce053559336a88ac164a3e54d,86a18253ab1e76a6d5f4b2c85a95df8165c3727437fa025b4c307e9fd29bc46b
r6-tune1-b2.5-rho0.7,r6-tune1-b2.5-rho0.7,sel_nbh_k6_n128_privileged,1a32ed5da705e58d4c7a076defea8509506773e557bde21bcdf77b96f049e8e6,6b2a2ba7fc319c5fc905ba6aae9a8528c07c81e3f91d7b727f686f522f4d99ab
r6-tune1-b2.5-rho0.7,r6-tune1-b2.5-rho0.7,sel_nbh_k6_n256_privileged,ca81bd6bb3062a4a5dd082b009e9bb7f192c6e513e7ea716df7d0a30e2be2615,8793d68c070858a5760d43f08132f57a2ff8fa744218d4cbdd5780c59b489210
r6-tune1-b2.5-rho0.7,r6-tune1-b2.5-rho0.7,sel_rung_privileged,0662ff3fd5a1ac8bef301a6da49c692c96c1aec80367c33f6a5ebe18e105731b,e0eccea35c77ac9e960302444ea1a3a595ffddda747bcd35390f250eb97a7951
r6-tune1-b2.5-rho0.7,r6-tune1-b2.5-rho0.7,sel_win_w05_n008_privileged,26cf06ecf19d962d777eedabc4fb46e7481b3b9436f6117b8359d2c05e65115b,ca96193611f9599421a377f16c53c40aa4ff2c2ca0aef798a7a3da26aef11e58
r6-tune1-b2.5-rho0.7,r6-tune1-b2.5-rho0.7,sel_win_w05_n016_privileged,a8d781d8f640f2a28f1afd0a8b1c49ccddbec7c4e164fd4058db45d627c9ab3b,ba39b6811a2451d01c5e6a7b7961e8ee0f9a125c8c7d1df953f1a06b2bda51de
r6-tune1-b2.5-rho0.7,r6-tune1-b2.5-rho0.7,sel_win_w05_n032_privileged,0ae496fbaf74ec648bbc353e01d20d70a67fc8571d4077525d2457409bea547e,8d1b03ff723df844b60a3f221b0c315eff1d4b0d11c1d2406d4e6aed0eafb861
r6-tune1-b2.5-rho0.7,r6-tune1-b2.5-rho0.7,sel_win_w05_n064_privileged,a52be81e4f84d75fda77958250d60f70bf038e91ca3cb514025f221cc0bbe12f,27615d359af11558834006ce89b024784e60feab74b43d0dea632c27ae230d73
r6-tune1-b2.5-rho0.7,r6-tune1-b2.5-rho0.7,sel_win_w05_n128_privileged,8c35f4c3a2945c894f02abe99fef9cb796846333e9e1b49d9d6d821bfb0bd4ad,d21be6663111c1f9d0d30c87927e7544153f295921ea968ff459e7f56180d9da
r6-tune1-b2.5-rho0.7,r6-tune1-b2.5-rho0.7,sel_win_w05_n256_privileged,43cd9bd3ffbeafee59114e0211c8cbbd599f8cfdf2b951a340e274262300ee52,c838a19c87ba2fe40b758fd5b14db8b07f127222b7f7107eebd49967933ab492
r6-tune1-b2.5-rho0.7,r6-tune1-b2.5-rho0.7,sel_win_w05_n512_privileged,a0b86db41bd572d556902b905e19fa428bf6f10337c8cee65108c885216ff843,53845268e709e0acc25b2781231d74b37d49e69ce361558eb239663c395b5077
r6-tune1-b2.5-rho0.7,r6-tune1-b2.5-rho0.7,sel_win_w10_n008_privileged,00c60c23bb4efab44b8bdaa7be8b8f2bbd9f2484850898beeb9c752a55d24691,60b9ab8c288887d47397df244900bdc6acf0c5536f9a8529d3205719d8e378c9
r6-tune1-b2.5-rho0.7,r6-tune1-b2.5-rho0.7,sel_win_w10_n016_privileged,ce9b222b679b25272eb2195c1a37fc7e9c328dd76c7c49da39e86b436d8208f9,0a60aed125a75cbd091dd73a0402c9172795098717389f5d87892d85820c0b1a
r6-tune1-b2.5-rho0.7,r6-tune1-b2.5-rho0.7,sel_win_w10_n032_privileged,327326807654e3a3b7aa4f5d699fd956ddfe0f1599eba481951e0ef2c8784ccb,19c37b8bae8609af5f55742e583de94ffbca33e09fc85fe73004b51f4fb7dbde
r6-tune1-b2.5-rho0.7,r6-tune1-b2.5-rho0.7,sel_win_w10_n064_privileged,5815533bb18d0ecac3daf784b5ded74d531205d7cda20e1c120ad3e3779778cb,8ce1596ee0c223d6fc234fccb5612d9c633df4c5e8f6cca5c6914e79c12517e9
r6-tune1-b2.5-rho0.7,r6-tune1-b2.5-rho0.7,sel_win_w10_n128_privileged,c03795e54f6ce676abc46f522171176e27cad81d7b23771a42cad77c5aa1eaf0,a67d0fe81e0a10da48e89a77688d61f8a87f2db5383ef16d48aff7ad2ba08a44
r6-tune1-b2.5-rho0.7,r6-tune1-b2.5-rho0.7,sel_win_w10_n256_privileged,f35716781f96f9fd634266afdffe28f5fe9ab7abdae3b41c192aa0373f2eea6c,0a505c966c77443cbc3a8fc95a143e45546829ac84fcabec67ada1a3dd1cf2c1
r6-tune1-b2.5-rho0.7,r6-tune1-b2.5-rho0.7,sel_win_w10_n512_privileged,b113cf83039c22819ffc2d266a10d9954c58803b4626618d2fbc69f9eed86144,bee98c6a8a46bd4242d8eb7d1f3799f77f572e7ff138000fcfe97a23a3ef435f
r6-tune1-b2.5-rho0.7,r6-tune1-b2.5-rho0.7,sel_win_w20_n008_privileged,7bc546be5519cdd659beb560be24d1c9daae314e91e811b224464296cdfa7a08,6ff1697c7d3499d408a36e481859806abe432a2065a008cbcb9719f12069e2c7
r6-tune1-b2.5-rho0.7,r6-tune1-b2.5-rho0.7,sel_win_w20_n016_privileged,00a531abacee919214b68fc7e0891db018cf5324d4de4c88e603eec1e9baef92,785cb2cd4a27ebf19dfdb2747a9de45762e62804017e63862759eddc8e96e081
r6-tune1-b2.5-rho0.7,r6-tune1-b2.5-rho0.7,sel_win_w20_n032_privileged,337ecc9fdc0069e082b4607a85731185b5a6813d9d559ad977708c070b5dd820,2d941aa0953db7f2dd164cfdd284a39bc757716db7954a5f40ca60f4c5c81527
r6-tune1-b2.5-rho0.7,r6-tune1-b2.5-rho0.7,sel_win_w20_n064_privileged,40ea994a93927792448d161f2e5ce424e12497859c88003ac35d990013ee3093,9a5362c72bdeddcc200d0bb7e4592c4b0f0f21a017f02d02aa0845cf9dab8a42
r6-tune1-b2.5-rho0.7,r6-tune1-b2.5-rho0.7,sel_win_w20_n128_privileged,82393c92c69c2c681c972b721b3ad3ad6b3603212c9d383646212120aa097bc3,01e9e234e6a876efd194128cdb6a29b8c22a66b28be0b9e365f98e340f82fef4
r6-tune1-b2.5-rho0.7,r6-tune1-b2.5-rho0.7,sel_win_w20_n256_privileged,cb9f0ee4ba7a3c93defe123ebd885d28adb4e9e684971a2c8df09b589beb9ffe,c41f9c4b01e2a6b9521b7a489f6b75f01a3994b2516673525534ccfafcc7ea94
r6-tune1-b2.5-rho0.7,r6-tune1-b2.5-rho0.7,sel_win_w20_n512_privileged,c07f9a81b31f1a9e0a3ca946a964bc9c0d9e28750de431cfb4b0a1db0828c7d0,cbd576b13e36b6f4b760b5aba33a6244482ea46a4954cfabd1d7f595f2c87540
r6-tune1-b2.5-rho0.7,r6-tune1-b2.5-rho0.7,sel_win_w40_n008_privileged,a614319ea5faa637be224fb29b1fd2116591dcf85458249038f16c7a5ad92ff5,e64cf76bba81b9bbc7a888e345ee0f59b9fb70e7a68d24abc6ce468fec9d27e1
r6-tune1-b2.5-rho0.7,r6-tune1-b2.5-rho0.7,sel_win_w40_n016_privileged,0bd951340b49ebf8f1221c5c94566c14c9b2c2291fdecbd6477e2ff584a4d0a0,26e7fdaadd4b3315f12ea955104f0343b403104421e694f14c543448ced09afe
r6-tune1-b2.5-rho0.7,r6-tune1-b2.5-rho0.7,sel_win_w40_n032_privileged,af6b4accad98a0ce40a0c6c736adf4cbac87e8d46ebd0f283e0e58c7839584d3,59cda779da510afeb1418ce889563657873f75f96b27dc6f18462306c3c75722
r6-tune1-b2.5-rho0.7,r6-tune1-b2.5-rho0.7,sel_win_w40_n064_privileged,22c71189936a4b2e3151247fb843542f19ee211313cdf2266f95114371b6c042,da9092c8c00ef1b055eaa73c087b87cc44dfe02ffac14af6311d82d72467f74a
r6-tune1-b2.5-rho0.7,r6-tune1-b2.5-rho0.7,sel_win_w40_n128_privileged,fe6a337b8abf805936bf231bcf66b822c0c6512f7bdcdd6d6ff0e9239349a2ec,e0d66e3750df5d274998bc0d4315c4dd57c3cbe1eb5927b0d5ba66f2fa1fe8e0
r6-tune1-b2.5-rho0.7,r6-tune1-b2.5-rho0.7,sel_win_w40_n256_privileged,86c716a488df3d1cd574ea3e194c70caa84f5f1e9c3d3924fc8ae274aa06643d,108890d67c3f9ec945923d5b95586e2a24beffe9c2214a0eab849a6bf9b87c4b
r6-tune1-b2.5-rho0.7,r6-tune1-b2.5-rho0.7,sel_win_w40_n512_privileged,8731ce4a586e1a62be23bb76a1d285a6c08c114c3252e792952d7c2615d42c4e,ed4f32405bebe99b34e06725194d424ea5bb491097aa0ace9730e422ffe38f5e
r6-tune1-b2.5-rho0.7,r6-tune1-b2.5-rho0.7,sel_win_w80_n008_privileged,581a6a3fa6aaa1e583601fe47f30f0ed336f46ffe47ce07771d5a35687583421,93653dd530333045cea860b05b423c5978952fc00bcd462f9bd873cdabf055a6
r6-tune1-b2.5-rho0.7,r6-tune1-b2.5-rho0.7,sel_win_w80_n016_privileged,e3465382cf7510f0877aed1e4bca88286a9358d75de4498a3cc5507554cd5ff5,de272617918d23aa6d220dcabea9c71ae6909074453b274c16ebd2c4cc2c5eba
r6-tune1-b2.5-rho0.7,r6-tune1-b2.5-rho0.7,sel_win_w80_n032_privileged,0c4ba399bb31163b0339f3da4555d23627653d4e92f4b22bf609e209fec7e41e,d19a5685912f45d3dd7e04df9c04b99263f568d719ee1cf6eb090a3df58d9b07
r6-tune1-b2.5-rho0.7,r6-tune1-b2.5-rho0.7,sel_win_w80_n064_privileged,6fb5ac503476a86239d3013a4332f022b76ca3ee4f9f575d0457583c93ae3201,972fb163a1104972604a9cb48965b300f2650eaa95f16cb31e8a06f9c25c7146
r6-tune1-b2.5-rho0.7,r6-tune1-b2.5-rho0.7,sel_win_w80_n128_privileged,d4a664bcac5a2b74e8a3eb95159d4f9f8af45a505a4eee0ae5506c360f39bc2b,8f4bb16cea835bebe85dad59aed86a60a8a79ad7e451062655dc5f882e9df3c5
r6-tune1-b2.5-rho0.7,r6-tune1-b2.5-rho0.7,sel_win_w80_n256_privileged,6b6b873dbdf7eb47cd0f135d860cd3867c60273c7c06e83db2bc6ab904188f01,13465c8c84c2bf41f70409376d48a7d4452d16c879456244d8393220fd976501
r6-tune1-b2.5-rho0.7,r6-tune1-b2.5-rho0.7,sel_win_w80_n512_privileged,d0e5802a6b450c1772b10de3851f721b15f7773970aaddfa01863037bfa53dac,4546d1e4b86f9dc9050c24a4c274aea46650935583b92ad3071e126fa2d7ffcd
r6-tune1-b5-rho0,r6-tune1-b5-rho0,never_escalate,0d79b6fc52d842b7791bdb86006690d33a9ba82486f447ff2cadc1082b1af22b,feecbafff49848b10115ac2cba1b9814b64bab6e9e0ba1468fb48e80e098442e
r6-tune1-b5-rho0,r6-tune1-b5-rho0,oracle_escalation_privileged,53ff5a375d457709d6b3eb303bd71e4c378c78e138f9cb742f77ab6f82357226,93bf0722635df23b59273b47abd91330a6ac280f0cc3a53abbf622ecd12c2d61
r6-tune1-b5-rho0,r6-tune1-b5-rho0,oracle_selection_context_d16_privileged,50dee7b517f7c14ae38e86c52429d1841126fb39ff5f6583b1ae4f1bded8a57b,d6422470a4a9396e5311e653c04a43bb747db071b97f4104a3560647ab9fc7fb
r6-tune1-b5-rho0,r6-tune1-b5-rho0,sel_coc_d00250_n064_privileged,53cb5f3c026ffeccc7b4385bda6fbf4289c75b9da80ef6d08ffd9a3c1e480d8d,1f04c2a56aced033ee84bc296daa4eb499e9bb4621d8ad3352eb0c9006c145cd
r6-tune1-b5-rho0,r6-tune1-b5-rho0,sel_coc_d00250_n128_privileged,d0eb31a60095ecb3766f2dbda6f70da516cb2918e9dab00f30a24ba3b36bb0e3,7d66077646b350c8226a75d3a4df4fde118a01dd83b2c91a348ef4191984aa94
r6-tune1-b5-rho0,r6-tune1-b5-rho0,sel_coc_d00250_n256_privileged,d63a983375dc48fd53a06eb736b72874d8acf1eac2920a9e39dee139b3c667cc,4b1ba702ac0da120140ffe59405f55d6f49d95e968117c3799aced909dca3bf4
r6-tune1-b5-rho0,r6-tune1-b5-rho0,sel_coc_d00500_n064_privileged,1ff7a4d18b3e13b02551d327f762255100c109bcf467c09a41a83b5a0a81165c,8784fa4992c9b3cffaaa44f2905f9213ba7a6b8f5e2fce774cc95e2d4d26a9e1
r6-tune1-b5-rho0,r6-tune1-b5-rho0,sel_coc_d00500_n128_privileged,c554ed5b367fab5dead7bd336633b34d5c100c78e4078b3301776fcfffa167e5,44f60d1a346a2bc8b9363b8686915bffd241336883a92d2c99265b96f692e7cb
r6-tune1-b5-rho0,r6-tune1-b5-rho0,sel_coc_d00500_n256_privileged,76795846a65ac69ab0ce00654b31be8dde12a8db9b39ea9cb16b4006a0bd23ae,a1d2f0e769db049cd02d6e95039af56a1061e8b9cbd6f57e0214b8cf4ba2cbd1
r6-tune1-b5-rho0,r6-tune1-b5-rho0,sel_coc_d01000_n064_privileged,3719bba9194d2c42f02c0d0ce4e20a43275dd071716a2297f3591e5cb9a64c57,5b13c5fbd3d911efd0adb5cfa16250d3a8ac6f8aee72ee9a5125d7fa11883a29
r6-tune1-b5-rho0,r6-tune1-b5-rho0,sel_coc_d01000_n128_privileged,c595c14f70587ed3de2303b44eec442143a56982da54025687bf4d78010bab08,a218fb1ca62145f666f0dfba887608f55c8861b1dc72bca2fa9940a31a670a1b
r6-tune1-b5-rho0,r6-tune1-b5-rho0,sel_coc_d01000_n256_privileged,92c7a0567b8dfb49bf9047a0032d5c71a018056aa3ba51fda71fa5736a97d24d,38e88c68cf2dcfc9f88bd20d7eb56c0718ebe86e0fe74bdf8b66faa34801e8cd
r6-tune1-b5-rho0,r6-tune1-b5-rho0,sel_coc_d02000_n064_privileged,fd54bf39c80c540abca7ea1642826d5ebcdf217dcfed0a1772c7a523fad8df0c,7236d5203c160e856d461bb0e9d8b0795f2c7c6119c54bd0bf918f8d553bfbc4
r6-tune1-b5-rho0,r6-tune1-b5-rho0,sel_coc_d02000_n128_privileged,2c916b3b60d4fed33a778be8250df5d9707e53c752dc436a7f7505d4b40256dd,fc7315f3ceb1b234ff2e2dabe683aa90521417eaf28b9758a1b932ab19aaf8d7
r6-tune1-b5-rho0,r6-tune1-b5-rho0,sel_coc_d02000_n256_privileged,20594c9206bc585bac76e8a8c0e3dbf87a16643e9bb092c2e5c589b13b4f82fb,77c1450617a73ad4901f284cef0c303870afcb5e010e84ea8b44b3635af69aab
r6-tune1-b5-rho0,r6-tune1-b5-rho0,sel_coc_d04000_n064_privileged,9251a52cd146bb67cccde7bca3cdbae72e267527694e60b10ea45126b280701e,9bae6f3b176604e3f85cbad91f1cc496a469c72c29ac42f05d56ddaa509e03d0
r6-tune1-b5-rho0,r6-tune1-b5-rho0,sel_coc_d04000_n128_privileged,5ae2d98a2caddf7310ee9606c44e1c50dc02bfb39e77b676decfc6305f45c34a,0a2644e2629ba24153d5c997d04382ef8cea0c9b25b8d03e619fbc69c731b811
r6-tune1-b5-rho0,r6-tune1-b5-rho0,sel_coc_d04000_n256_privileged,5acc724e22070baf6ddf85a8ce382132504f9bb1d66a510feaf4de013cc4a062,844f1655d4447d2efb2913440e1ea5982e4dc077ae094f7527e985384a3508ea
r6-tune1-b5-rho0,r6-tune1-b5-rho0,sel_coc_d08000_n064_privileged,cf251c5c46d9cc31c3054b367f1a112ced03db7e9be279e20d3b4ef6b67323f6,9dbf23a5397b45e9c2113423f79c0cf564d7fc606a1b256abecf8e3ff65e71dd
r6-tune1-b5-rho0,r6-tune1-b5-rho0,sel_coc_d08000_n128_privileged,b3fd7b6d0e0f4628c9a4aa74bb4da80d8d3f52cf19b348060b97384454662b4d,856c4e27427ae4747c11ada8afa3a50b998b5090135448ae0a5769f5c24d3a2b
r6-tune1-b5-rho0,r6-tune1-b5-rho0,sel_coc_d08000_n256_privileged,c6206689095a8e1479e959cdba0afc008131d0add345cccf9b95be1a12571934,555e1f6c1b7d653f941db8184316f2fa6dcb2b720dd9d4e1e680429e0ec50f30
r6-tune1-b5-rho0,r6-tune1-b5-rho0,sel_coc_d16000_n064_privileged,fab0367faab8ec320494f26406d81962017de11d7e8e53b1c9a496acd1181b35,708b8db00ead5978967e01328345877434436653b004392bdffbf40ba52ac525
r6-tune1-b5-rho0,r6-tune1-b5-rho0,sel_coc_d16000_n128_privileged,5485ebe5e7a8afcb82a89476998a982c3c9e3c715a899332af7fc0dc7bd64925,14220b7d560ca8437530dbd85dc1783b285fe930b57334ed6bfc310fbaf89daf
r6-tune1-b5-rho0,r6-tune1-b5-rho0,sel_coc_d16000_n256_privileged,be7f2a809fe8dc9845c9d9774f05e6799b9cf50fd0157fe4a6941af572e6f097,a4b7fbe4ddbaf2431df67cb2bd210d295aebaf9a399411d1498e0c13e191886e
r6-tune1-b5-rho0,r6-tune1-b5-rho0,sel_nbh_k0_n064_privileged,c4d7584773ac6dbeb7421928686ba4b0cddd27454d28c4d49e1fbf49bdfddf6f,513b58f782863b2cfdd241a7c672928e0376a475ccc36152d9089931a8818bc4
r6-tune1-b5-rho0,r6-tune1-b5-rho0,sel_nbh_k0_n128_privileged,abc4bcc3263e5b22bd8834f6e90888884fc98f34b03b6297bc4ea84efb1fa517,87a414d30c639f198c2f504975e5215a606c839f27f17ddfa6ed458cf9af0fdf
r6-tune1-b5-rho0,r6-tune1-b5-rho0,sel_nbh_k0_n256_privileged,8fe914037ab32140a1a2816ec923b28c5822792bdc94dbfd230f9a6032fbde66,ea3e6079505bbbbb9221437e2da3256fdf59dfeb3a4c729ab79286c5ce61b852
r6-tune1-b5-rho0,r6-tune1-b5-rho0,sel_nbh_k1_n064_privileged,b6c3869d3a232ef0dd907f276c9eb081d5274f4835bff75496c3248994aba660,114aaa2ba85fc9563e79522ff7579a79c0821b50f2a4b67895c1d73057fc423c
r6-tune1-b5-rho0,r6-tune1-b5-rho0,sel_nbh_k1_n128_privileged,ef5f145d0f23dd93e28b69b3224873920c20976e575cda21397539495da6f16f,79f326999a1bf97db1f77561e2be44f123181d5cb2cd843714efd0b035f412f2
r6-tune1-b5-rho0,r6-tune1-b5-rho0,sel_nbh_k1_n256_privileged,ea174b0bf3f14c5d9c5f78265c53edf37655ff3035209d10cc32ef3123099d39,455a89efed18978de3340dda7349ee44780d598f855aa791635ee0ae6497af1a
r6-tune1-b5-rho0,r6-tune1-b5-rho0,sel_nbh_k2_n064_privileged,a9f8868faaa86f5c5d8e320bf5ece906757648263038278f986684455d7cefdd,60f9e7c3e8a2abfc493583534f2fc686d33f3b16fc7ff8e061bf2ee8e2521f96
r6-tune1-b5-rho0,r6-tune1-b5-rho0,sel_nbh_k2_n128_privileged,35f67d2f376435afb67cae3dd83814544b15c16d674d5e38ff261d97c83264d4,28ceef0d0405f7269a72a499e9a9b7487fe9d51fb4cab74758d213a9c81ee0e8
r6-tune1-b5-rho0,r6-tune1-b5-rho0,sel_nbh_k2_n256_privileged,ed3ddbe736ba71a38bee4650a56aa3352095f2c274818d243f6d2c2b52c9862c,963da0a6adfb3f7d63882c5286f3be16d7b3ff8fd75b693cc52a95df41509bb8
r6-tune1-b5-rho0,r6-tune1-b5-rho0,sel_nbh_k3_n064_privileged,1f3b3c97f060a0c3968f4984aa1be6d168aa52b7a86b1217e070608576efa647,9672facd7efc2910df2af6ff44ab82e94793f25f252fa9b52edc1260d2347185
r6-tune1-b5-rho0,r6-tune1-b5-rho0,sel_nbh_k3_n128_privileged,5c4da56774dbe9ddaa99c506531f3f838fd416d7732249795a1afc6cb664b63c,1c946cd88fbdf39375c46c7794cd99f4c640f114dda51d791fc956a822fad618
r6-tune1-b5-rho0,r6-tune1-b5-rho0,sel_nbh_k3_n256_privileged,f489665e4f3a6431c363c9bfa273a4478138bb539c867d3a089c0549c7713a13,f1db01fc9a3793dc255c7d3c3b25d41ebac5a04e35865eb8b751921747552a88
r6-tune1-b5-rho0,r6-tune1-b5-rho0,sel_nbh_k4_n064_privileged,7526efdaf73cf9f6f7ac4ab9df670a56e6e8c9a28f89d652eacb7cbafb544a0e,6d575f785a58642bdce60004c32bc0eaf2b52126d410981dcae1dd627f18fe88
r6-tune1-b5-rho0,r6-tune1-b5-rho0,sel_nbh_k4_n128_privileged,c175379d8ae3e6fc24c81aefc63a774275978049f726505df929409515f2d271,b9144dded204c2363d0bf77e5ed2a3d7762ed95e7e4bb9a12fc2ee08ca43be3c
r6-tune1-b5-rho0,r6-tune1-b5-rho0,sel_nbh_k4_n256_privileged,20f9b7d596293fb33f11c61c3d5ba8540a64dacbcda3840c75126d59cb4d7146,e1268db502fc6ed28198fecca15208d0966d80c58edac0e748a170b9cf8ee586
r6-tune1-b5-rho0,r6-tune1-b5-rho0,sel_nbh_k6_n064_privileged,5fb6b568645d024e9a7b0bf730cb66e324e039aa10203d3bf0e479451a0cfbc5,e03637a48a4182b3cbb8cca98b258feaa1ad87fe0b80f4ecd5bfad5588d7a948
r6-tune1-b5-rho0,r6-tune1-b5-rho0,sel_nbh_k6_n128_privileged,fe07b76aea5dd5134af86090db451b689423b89ffa998d1634eab22b00a73760,a31176cdaaf4d277549f329a6070e261209734166d4c05b1c4c79a0370aa546b
r6-tune1-b5-rho0,r6-tune1-b5-rho0,sel_nbh_k6_n256_privileged,e3c8e926bc23365da965112fb76d7dc00141f4adfd9d00a9f2a86a50b14b6852,9c42fbe340584180d71abcc42cca0701dfb1e30659a20be174199c7c96f90554
r6-tune1-b5-rho0,r6-tune1-b5-rho0,sel_rung_privileged,6b63efc4c64977de36cbd9eeac4e6a7643ada1dddc81e16c195fd44b9283a946,41da45ffac594b8f6026ef17f9e0a9aeb6781787e6387e88c72bd04245f902b7
r6-tune1-b5-rho0,r6-tune1-b5-rho0,sel_win_w05_n008_privileged,59281bde8d542b32ada17adb46459b8c0170791a00473bd23bd1591f5173cad1,7d40abac048c34d4065f5902f376c943bc02c7ce5f8ebc3895d4ca4c920b0db6
r6-tune1-b5-rho0,r6-tune1-b5-rho0,sel_win_w05_n016_privileged,c9905a2ca2df5045f8028e1fa38828d1a8cf748ec3094778229c3c9b4d3bf8a7,896ca78a530ec94b0c9b5eb73384ff58e288bc4e753cb4753276af983f11374b
r6-tune1-b5-rho0,r6-tune1-b5-rho0,sel_win_w05_n032_privileged,b20c79ef2e45dbec711196b0b327bcbf264df4c3fcdbe460b9a9a2a241d06845,919f1c5e151f6e61cf126f633c069737e645158eabb3a288346f0bba0bfe4390
r6-tune1-b5-rho0,r6-tune1-b5-rho0,sel_win_w05_n064_privileged,18fadd9aa73e3871d660e42e0e911041a3e7a12672a21e09e8de9f9797cdd38f,bc72a74e1a4a22761e874c669c1ab4be1d6f9aa98cd3543fdaa239130d0cc228
r6-tune1-b5-rho0,r6-tune1-b5-rho0,sel_win_w05_n128_privileged,ce094eb0437097de2826ebd9e0de9baef6bf87081f43feaba68356eeeffb9f43,a8100ceac375b21e442faa8b1929012894d5c5ae5eb563733812e453c3d1dc46
r6-tune1-b5-rho0,r6-tune1-b5-rho0,sel_win_w05_n256_privileged,383815cd62cf8073a469e666adef2f480b1811d7733c7997f562ca1ebd0ff9e4,742ee2a90ac1b10c03a87b88289bb40467e8998f69babed9669094d8a1a5a13c
r6-tune1-b5-rho0,r6-tune1-b5-rho0,sel_win_w05_n512_privileged,c7e63a4149b45127dcd09655c91387c60b3f39162a1f3bbafb32ccfca95fea1f,7233e98caa8780d6dbabba740a0476a7e94fa3c1c17044773047724cde8871d7
r6-tune1-b5-rho0,r6-tune1-b5-rho0,sel_win_w10_n008_privileged,f16503314c56237347ca44a384d0c377927254fb7e578c98b7a8bc52b8310e21,04c64855d063bce4135d18edc348af53175566a588155a098faffff16b81b26d
r6-tune1-b5-rho0,r6-tune1-b5-rho0,sel_win_w10_n016_privileged,c63c2612c78dc3fb752e7b0b7c22248133b4ba586b87fb40330292c1aecd42b5,d25e53b795699af1aa023b62573611ae9017b1f7b7b8bf0e15e9ae44475a3830
r6-tune1-b5-rho0,r6-tune1-b5-rho0,sel_win_w10_n032_privileged,f4db4594fa7fa77ae7f374e13ce82781e29af297b9492666bf1846048949f204,2370ea9f6f791f8706b7eea91072f8abda7cb80817badda1734176a59a3e98f0
r6-tune1-b5-rho0,r6-tune1-b5-rho0,sel_win_w10_n064_privileged,734ff62562ea24ccc4cdb792e244af4eda8db80ef93f7aecc2af87b5e4067109,3edcd587a79a230fdaab05ac983c3e41b3004d819a40eb6e1a07e0d3f5a3032d
r6-tune1-b5-rho0,r6-tune1-b5-rho0,sel_win_w10_n128_privileged,c2804a96465894e9835c8e526a17a49d74b21e624142efc930ad3d0a8eeadf6e,b7492437bb5af2a70e042841d316dd29ad23b1972059f0b0e70685f82072f144
r6-tune1-b5-rho0,r6-tune1-b5-rho0,sel_win_w10_n256_privileged,41b63a0e1313fb95ab3e2c580291bbc24b360a5081104b19f0cfac13a7c2d91d,9da60b1d0bfb659d219f95e6c9117866d97861f7ce7a0dab7c686c4cda7646bb
r6-tune1-b5-rho0,r6-tune1-b5-rho0,sel_win_w10_n512_privileged,2a39fbab19b6300a2bc7b8dda628fe4d0c478796491933eb239945459052b7cc,7b7fe86e249d3d07a1d9b43108942dfcdb95f80243804d4b021104c5ca40b8fe
r6-tune1-b5-rho0,r6-tune1-b5-rho0,sel_win_w20_n008_privileged,4571dd9d4644b703269d51339e9d6ff57f07f97450a103151f29390a6cad27ca,8c4264a1b1b1b7e762213a4f05468fb7f64bb77afc5abadb83ddb6759f5b50fe
r6-tune1-b5-rho0,r6-tune1-b5-rho0,sel_win_w20_n016_privileged,b3e14733cc45e202bec416d36e47de1ebee26bada0e639379ec89da1853ee4f9,58ce84df5e2a3f70d471d092ae316ecd0aa8188effa278bba6671d086fd2dc64
r6-tune1-b5-rho0,r6-tune1-b5-rho0,sel_win_w20_n032_privileged,7a4d49de96da97d39a659fb6aaa641fc3eece04872f805fe7aa12486beb68384,c85eee73c0404bb98217e84f0b417bd0feae92e77087a23d8bdbdfc106b1a93d
r6-tune1-b5-rho0,r6-tune1-b5-rho0,sel_win_w20_n064_privileged,f5b0f9ae4a73545485fc33e17d8e4e1ab33ac0cce0a808fcd98630725eca5776,e2d6c4a4971c121354fdaff23bb00c56e0590349d2dd38d6bd2b8e7e6f7ec94b
r6-tune1-b5-rho0,r6-tune1-b5-rho0,sel_win_w20_n128_privileged,746d336be10828717edd923275a10aa75138634ee243d67a2dca9cf638e47943,3ba095977d98c7f904da263eb193cabacc281c4a597145a1bd83052da48b186c
r6-tune1-b5-rho0,r6-tune1-b5-rho0,sel_win_w20_n256_privileged,dcd6e712d2508d29e30f683610688c6aebf7dcfa947888e54470320982e67dc8,bbf5c0e92fe8ffb1152a1574e20d33eb8beb90ae6f33baad6406b6be137bcaa3
r6-tune1-b5-rho0,r6-tune1-b5-rho0,sel_win_w20_n512_privileged,ef6e3c675d5cabd034407afc6d6753a1bbf29c4fb8dfeb1ca6c3b59d75b8812a,9e71097b29b4acc17db3850e62f14e8473bf28634dc729e29299139b9222ed5a
r6-tune1-b5-rho0,r6-tune1-b5-rho0,sel_win_w40_n008_privileged,04bbbb6274d9d25a8cbe9f6a20382fdd4ddede2ef2b69d43d58b08b2fac81202,4aa3e626201b7ae7ef05fc2899367108cf0a84944d1c3b04ce7d029cf633d488
r6-tune1-b5-rho0,r6-tune1-b5-rho0,sel_win_w40_n016_privileged,aa06e0005e174a9caafda70d1d27c197b556fed27bd67c2f69a7760e1af6eea3,8d469769d70feb61f7c9353c56dfa7a8c8e677e046a4fc6646e405ddfa344cb2
r6-tune1-b5-rho0,r6-tune1-b5-rho0,sel_win_w40_n032_privileged,4e8a1c331d9671822242436f9c243402a396e0f610c9fbe4e7c8b19cbc5932ac,107cb970ba0982abbef25172219d66ca67ecc4b9bd96c3764d1b0591667995b7
r6-tune1-b5-rho0,r6-tune1-b5-rho0,sel_win_w40_n064_privileged,76c3805730ab476d16f0922a32aaf916b05fa5c99bceb56aaa2d45c1fbe32afa,89135a30b2a6d7980691cb8e7469dca8cd861b40b3930b5622075bbe019e040f
r6-tune1-b5-rho0,r6-tune1-b5-rho0,sel_win_w40_n128_privileged,6249720ece9af427f72b27557f9e64fc88a0ff4c2b6b1a15ce910faa95be3890,bdc4f7e2f903703201127a50a97a400e8f325b35dc0b320d02c92a599bf31c18
r6-tune1-b5-rho0,r6-tune1-b5-rho0,sel_win_w40_n256_privileged,43c9e657c70d8574500c2912e0860eeaed55a37ed47f8deba31cb6dc22180b2e,bf7039351297e97a6af47cd84b410b623bb16abd72697f0abac19afd7536e43a
r6-tune1-b5-rho0,r6-tune1-b5-rho0,sel_win_w40_n512_privileged,256a8784fd5efe3a5d97954b68ef9b8e95183484f59d384349723d8fe7fdf538,604f64f8d78c1451a6e7ae92d0a95ff9e606107f679696672a87c72218e55509
r6-tune1-b5-rho0,r6-tune1-b5-rho0,sel_win_w80_n008_privileged,4073fae132c19fcdf034557d5898747afeace858123df1ef2f5d040e0bc48d6e,d1e402a5f6a324a2f4331d6affb6d8584a826030a266673a69a065c2ef0ae3f6
r6-tune1-b5-rho0,r6-tune1-b5-rho0,sel_win_w80_n016_privileged,d0e85ac9dec6698b318393c6c09d447a967ffb8c3361ed2e4327327d2df68e34,53cdb38e634b88aac20be6e7c45a60abe56fa5934bee8a1072765a88b53e9c83
r6-tune1-b5-rho0,r6-tune1-b5-rho0,sel_win_w80_n032_privileged,59d63039505e25e982dfd80daa15076f086e2356bfbcd1b3ac19f005bf293d4e,44a8dae52c7a36180ad1b3af026a9e0d5412fbb65c61a44a9dc5c167c2ea311c
r6-tune1-b5-rho0,r6-tune1-b5-rho0,sel_win_w80_n064_privileged,245562a7d182ad4305b13a0d46d84e5e9b26645ffa7d29a7c277f6486066fd30,86a83794a0bc447aef2d421df0145e4ff6028d4c5adb07a773177783e3b2a2c4
r6-tune1-b5-rho0,r6-tune1-b5-rho0,sel_win_w80_n128_privileged,f5d93501d9791e6654b0a1f43bfc02c409115d85062c5808ba2c1a7394adf97e,17a7cbf710da98d00ff87f1a1711dbd468d141616d90bd8325b24a807b9ef884
r6-tune1-b5-rho0,r6-tune1-b5-rho0,sel_win_w80_n256_privileged,216a92eb868d18cba7e5f02daef79f19bf8208abd75ee79e5eb975ecafbbf874,bf50c8b6cdd7746ac8ec2c03a69bd1d4ac58e1c010fc2336c2f034ccb1850703
r6-tune1-b5-rho0,r6-tune1-b5-rho0,sel_win_w80_n512_privileged,6716ddf5734203cb844ad3538f2ad88cbedf9afa2ca95d5bb1b96e4b444b6343,3f6a1879563f1a149d02e61f1e728f9ccd91c59b887e937e4419587f5f6a38c5
r6-tune1-b5-rho0.7,r6-tune1-b5-rho0.7,never_escalate,4ddf0f5aeeec8718d386642e1cd2b512423f1355b95b355ef9c59da684b9be2e,906d2714bc532e2c2679ff06bf0a1f9dd14a61e645627dd4ba234dfdfd71333f
r6-tune1-b5-rho0.7,r6-tune1-b5-rho0.7,oracle_escalation_privileged,a49637e7e80e965b09f0753b31669ead3e901471495fb86b14aff9d1e307ade4,b708d3475a7e1294b4c30f45f7c3e85f6d8ec0b45ed3d82384eae9912f4dca1c
r6-tune1-b5-rho0.7,r6-tune1-b5-rho0.7,oracle_selection_context_d16_privileged,61374bf12ee759491bfe0262819c85804c9158738a9e10b69e9204e6f722ab87,c6a9db3be52033af9984e1160a9d833f928b29dcf34bd8c6aae760d196c23525
r6-tune1-b5-rho0.7,r6-tune1-b5-rho0.7,sel_coc_d00250_n064_privileged,6d5d82ba6b87f950eff118e901cb354dad335875b05c33bd3049818807e527f0,6da90d311489bd293a1d3076648b50afa0682d69ba9c78e9734e84b73462bbec
r6-tune1-b5-rho0.7,r6-tune1-b5-rho0.7,sel_coc_d00250_n128_privileged,8212761a4e1b64dc0d91d7c780449a208c2cec64f2799aea1bb9f84c3b10dbf1,62949f9ce2dde4d389dff9411e7c2187cbeb42389355c732a4f955fa0f1a4bf6
r6-tune1-b5-rho0.7,r6-tune1-b5-rho0.7,sel_coc_d00250_n256_privileged,bd283d859d9a7d78e4c5ca0b9b74239da338fd02c6c7683d1296c2a3963f7c2a,e0a9bccfc575f58b55eb20a8b9bc291bbc478636191695cb761fc11a1cbce49d
r6-tune1-b5-rho0.7,r6-tune1-b5-rho0.7,sel_coc_d00500_n064_privileged,31fc6551d5b35ce7c54443b04d8c725fee38723adf5f114b92273b52509cf2ed,c2990c2cc7efe28beb1611b2ddd7d9193f05b02c23f6be5e8825a7a1eab4fdd7
r6-tune1-b5-rho0.7,r6-tune1-b5-rho0.7,sel_coc_d00500_n128_privileged,40488466fa43d92268fa022d4af42ed0615eacf2ac6d765b77e4d3aa7f51913a,aed85611dda2aa17348e00573e81870516e3afb459b531a2be1659f9db5b4133
r6-tune1-b5-rho0.7,r6-tune1-b5-rho0.7,sel_coc_d00500_n256_privileged,1d13171be362bcc5df4c2d5ff4473bf9ce2069fc201cfd632daa47400e635cef,cfba5edd0445128992b48fdfcb9faec375b670ff752cea2c140d7b98a9f59b64
r6-tune1-b5-rho0.7,r6-tune1-b5-rho0.7,sel_coc_d01000_n064_privileged,47124abb7fb472e8ad68c7a6f0dc25c5a256150f728f8d52178b9a637e1ce895,be2aff13e00eceece76db6bfc264dfdef6f8807016df48e673601af9587275bd
r6-tune1-b5-rho0.7,r6-tune1-b5-rho0.7,sel_coc_d01000_n128_privileged,268ffc50087d18fea196696e82ce9a421783cc984f24c52b727d69e0f5aab5f9,786239d7b3837100cb17f19e58b8c0fcd763f5e61117a4ed81d41b0c087d6cd7
r6-tune1-b5-rho0.7,r6-tune1-b5-rho0.7,sel_coc_d01000_n256_privileged,c8200e26ad93d8298c0820fef4d7bf35a2fd1d2b66d016acec6caecd083ac39f,668c4fad35b62f6e110059cb0eb6a911ec764540f608dd623aee60830932ed4d
r6-tune1-b5-rho0.7,r6-tune1-b5-rho0.7,sel_coc_d02000_n064_privileged,e2f94c35ba3debc66e26d3bcc61e69c5e73c26f56c9d8013857fabf1862ce8d2,13b8690116fa8bbe1330b42acb4c955d55866c5436e38acfdeb76b7c2394bcf0
r6-tune1-b5-rho0.7,r6-tune1-b5-rho0.7,sel_coc_d02000_n128_privileged,d3ef73d8b81e326c64c6dbc92ae473ac5a2cb14f60c174a395d67b52531d8e03,edfb250c4c6467dceb6b181ca5ee27010776ea8ba2f3466d8ab1dc909da31d81
r6-tune1-b5-rho0.7,r6-tune1-b5-rho0.7,sel_coc_d02000_n256_privileged,741dd9fbcafa7cea3d5fb3ad3a4837647f21503940ab1920eb7ec62b5010c4b8,cf839fabb65bbce0d0959bd16ae10ea16f45285c546b6a227e9c8c4beac599b3
r6-tune1-b5-rho0.7,r6-tune1-b5-rho0.7,sel_coc_d04000_n064_privileged,a7244c9b3df8529099677cd570d1749d2bed8f24bbcedf7792c8c15594849b23,2dfacb8a46bfa5206e900891e921fa6c3bbbdeea1189b89c33a941f9c6c0e545
r6-tune1-b5-rho0.7,r6-tune1-b5-rho0.7,sel_coc_d04000_n128_privileged,706883a29cd5ea24c9d824dceaf3880e912472b08288d6aba484e5e4177e74ff,7f5251ce4ff828f3c43ac55dc34c886cc8b23e03fd0d445a2012a7761d0f48a4
r6-tune1-b5-rho0.7,r6-tune1-b5-rho0.7,sel_coc_d04000_n256_privileged,0f6680ef5c5171ce493b5db4222cb6b98a2a7d3bfb9c369de92e9ccd96494dd5,14f6b9fac9d3e3dfac7f3ac152f8543951c90b09a3e4ad73fe5f4d238bae637a
r6-tune1-b5-rho0.7,r6-tune1-b5-rho0.7,sel_coc_d08000_n064_privileged,78e83f4848704165d68fdffffc3229926c0aceec09353eee4937ce4fad06a2e2,8ec23b24b5986d5f4b3dddec40ec753dfda0a108853fd3e0888e1287978595fe
r6-tune1-b5-rho0.7,r6-tune1-b5-rho0.7,sel_coc_d08000_n128_privileged,e842ec3947930a00d6371572b85fbd7dc7c191243dff9072c68de76cbb8d0ebd,5e7b58a4f9c60c682d0b14c5134bba87725258dbc82339e841e68dc1d70eb172
r6-tune1-b5-rho0.7,r6-tune1-b5-rho0.7,sel_coc_d08000_n256_privileged,2739e0449ac7d28601385431c7b184e76b6ed97733d619d3d7a4fb8647e78295,dcf281a14364209d45ca6d4ab7fca5c16af44848cca82b721f8185c0236c9de1
r6-tune1-b5-rho0.7,r6-tune1-b5-rho0.7,sel_coc_d16000_n064_privileged,040507be7b88e379710a1719119b41d1364d177373433400c1163df634c27f89,1e75f038ad32e91e4aed5bf34315dbc1476b45277a79caac6d3f6aeec94b9590
r6-tune1-b5-rho0.7,r6-tune1-b5-rho0.7,sel_coc_d16000_n128_privileged,073cd385a458eeca4adb941c5770025c2462c02a5ed04e98c158cb6dc8e9f98b,d3078057fa43f3c47bf135230a17d5b3da232a2471b91aafc0a9a82b924ffb1f
r6-tune1-b5-rho0.7,r6-tune1-b5-rho0.7,sel_coc_d16000_n256_privileged,25f1bd701b3b3968eea372692748d56dffaf0f4869736edebb354cb0a3f18ab7,de7833a08577ec161d49bd93b56996c751648fdc8f7659de7bba18210412c9de
r6-tune1-b5-rho0.7,r6-tune1-b5-rho0.7,sel_nbh_k0_n064_privileged,26c02e4721b00c73c20d4c273d27358c068a6d0005094465e14792969237fec0,dd51cc838394b264258eb87db72e889973219363c3fba951381585d9d6c40e79
r6-tune1-b5-rho0.7,r6-tune1-b5-rho0.7,sel_nbh_k0_n128_privileged,912e720c1c2eeca02447b8cd5340d6ddd4faeb825481676cb5be309a684e6b27,bb3d4615f9e81d5de329c1962ee017d2b289cb424e5d1e16cfcdf270afd17aea
r6-tune1-b5-rho0.7,r6-tune1-b5-rho0.7,sel_nbh_k0_n256_privileged,2bb37130fe3de1bcb967552c21058ebe1d9839a921d62c9e99af7ba0246ebe98,8b99d8be8dce93d55f4d9a1c10869412a5c2b1433fd4ae010c65c8f6eecc3b36
r6-tune1-b5-rho0.7,r6-tune1-b5-rho0.7,sel_nbh_k1_n064_privileged,a8293391e5ef875a648fb3301040a78df08f80aef0da577cf37e5f08b40c5fe3,22d975dd85dc437b815a87295e1176136b8e738a7a225daad1e7d9fa9afdd659
r6-tune1-b5-rho0.7,r6-tune1-b5-rho0.7,sel_nbh_k1_n128_privileged,027555ac49b499ec963f2fc0f52bb123fb69e2052730aa4f515e5747ff8eae56,cc95196e2ab64f780d7013c4013e1dbce679a3968633504fa3b4a54f069feb61
r6-tune1-b5-rho0.7,r6-tune1-b5-rho0.7,sel_nbh_k1_n256_privileged,1ac61f8c458b82b65de837f6ab76be6d63341b62775d7661bded60df7497a197,1b3078dd38bbb01d39b56483b3e0a313bc58aa8f6d5349c979941392d52d3330
r6-tune1-b5-rho0.7,r6-tune1-b5-rho0.7,sel_nbh_k2_n064_privileged,8f83c8dd06cf1de4d581f8260e4a09ba7e4edfc01f9635e20211ee52ba809325,584a012978eb41a0557bc85e0402aac8bb3bc80cfdf8fcd2fb8e2702309ba8e5
r6-tune1-b5-rho0.7,r6-tune1-b5-rho0.7,sel_nbh_k2_n128_privileged,3a9ce28ead8e4da252b8dea50df801d85a3d6a4d5ffa3a3c21a63a1e01a5d3a1,ad844dfc5e929c419e41beb6b25cb373f6f55ed98a976ac7e2417712d8c78161
r6-tune1-b5-rho0.7,r6-tune1-b5-rho0.7,sel_nbh_k2_n256_privileged,6e151aa9f0077b4a638dade71c20efeb21651705d581d93ed8360cc145db2c11,f2699d0de42189729960ea87541b7a5ca9dee1f4a97fc4fe93861983f70e9d1e
r6-tune1-b5-rho0.7,r6-tune1-b5-rho0.7,sel_nbh_k3_n064_privileged,d5117c6fccfb6b02f40cbda946353898ddf21bdced87337983c73b4b04d1eb81,0c894295385138246b37548178af473117934ecf9100a3a6929c7517e3979f96
r6-tune1-b5-rho0.7,r6-tune1-b5-rho0.7,sel_nbh_k3_n128_privileged,869f61451ceafdbe7c3a40f7f4ec3834b3a36c073c8d5d747974182a058fdc56,ebd6e7a62a41a5e99dac0884f78d189c0f2aa8b0f24a6cc3763c9cf9b0618909
r6-tune1-b5-rho0.7,r6-tune1-b5-rho0.7,sel_nbh_k3_n256_privileged,6a88006d2d7306228ed94e612a8525ccd64db1754823bc52bb28d818b850685d,12cc36eafcc2ee63d8b23ef6b26b637db5e85ac0a5e8068fe4bb9770413cfaf1
r6-tune1-b5-rho0.7,r6-tune1-b5-rho0.7,sel_nbh_k4_n064_privileged,e4e15c86cd6e1d6cb4ace438f06de0cac72b779b7c5e8c7b6df64854e5aeecc5,8f934a71ba45c125753235084c9c18b285355a9025d1923e0a6b7927fd0f0b85
r6-tune1-b5-rho0.7,r6-tune1-b5-rho0.7,sel_nbh_k4_n128_privileged,2be738e4351fa11b97ba8c9797ee59dd87069f48d6e77f2600ef385389360c93,51b014aa51b3831d748082fd26e79e2681c61ec2d0b1e97aba822494dbc4e6d6
r6-tune1-b5-rho0.7,r6-tune1-b5-rho0.7,sel_nbh_k4_n256_privileged,ae72c0557475fc37ff627449de3e55b27916d62cf03f7e1810676fcf52902c2f,16486db92dd99e76e4c2add17c9826e604034f1c5aea4f990960a309eaee945a
r6-tune1-b5-rho0.7,r6-tune1-b5-rho0.7,sel_nbh_k6_n064_privileged,ca03c5914f2b4eb79e779e71981658bba25283614260d10f5174fdd69c5e74dc,a581384158dd7c7b8172f42e0235b5e6e31a574b9eccb815c73d904e3ac72745
r6-tune1-b5-rho0.7,r6-tune1-b5-rho0.7,sel_nbh_k6_n128_privileged,106198e31602f1bef64dc37d6b7d535ca363532dea02bf72b5478f39377ea3d4,072c75f546a07bde97e87e4f7b6ca4721659df2811547ffdabe2cdf13f1faa68
r6-tune1-b5-rho0.7,r6-tune1-b5-rho0.7,sel_nbh_k6_n256_privileged,a92d6093ff02c1d8fea97befcf3766c54106e4f0567e7e3e266a354b63430ba1,69f75c27f1d3eab006c0c7c11bbddc45f63a49fa63015b697388301347842515
r6-tune1-b5-rho0.7,r6-tune1-b5-rho0.7,sel_rung_privileged,1e2e46a177ced8968378b2300164a39ac0276af7822e54639cae301b40ada595,87cdf3f0af41126035f4bcddcd67adbcfef2ae09d2e9733986a3f2a9658840b2
r6-tune1-b5-rho0.7,r6-tune1-b5-rho0.7,sel_win_w05_n008_privileged,fd0e7faa7deff6f09de1eb1a9c50e1bd493921e45fd9c33458f672ede5653eae,fe5a711858d5229662d66c15c6661a4775955534b77eb77416bc72a78529fc40
r6-tune1-b5-rho0.7,r6-tune1-b5-rho0.7,sel_win_w05_n016_privileged,c8c6387c04f5407b52843a4bec552ebc99331990375ffe56233682e128d86b15,a0da8c01c20a64c3753aeb34aee3b7f928250f4219ffdf9fbdcb4315071ba14f
r6-tune1-b5-rho0.7,r6-tune1-b5-rho0.7,sel_win_w05_n032_privileged,685fea1109d66261020ef211d4e413d894d01a941517a7778567c1cc93518eee,df684479f0b282ef47a12fe42d61bdf2442ae0dccaf80ec6a92cbb7d79dc65fb
r6-tune1-b5-rho0.7,r6-tune1-b5-rho0.7,sel_win_w05_n064_privileged,2a404e3aad56757d43c8798abb4946ddda0a7c349f7f3505ba81b7e2a58da621,14600de367c01c6e6ece7155d32eead2dbcb2f5aa1a2c0f518e68c985e7c4c6c
r6-tune1-b5-rho0.7,r6-tune1-b5-rho0.7,sel_win_w05_n128_privileged,f1723efb3705176d9286de02aec8f500abad762324030d368bf9f69be0cc4c71,89d656e0ec751bf87cebf730659f7374a2ce1252f78b1fdb8a3f318d61e99ab7
r6-tune1-b5-rho0.7,r6-tune1-b5-rho0.7,sel_win_w05_n256_privileged,952b3ba861d1079d3cf9f92349068a749b44039a47f1e05b0bd6e05ef222fb7a,49f08bbbe0855c96273e03f3bea0ffde0fc137971a92fa208f8d2b58f2815f6f
r6-tune1-b5-rho0.7,r6-tune1-b5-rho0.7,sel_win_w05_n512_privileged,0193bc8bd9f65c9695cd7623cca8bd22cf442c7feac8a01b96bd3b96df24ac9e,d1a974688eb5bf61a6c989fa41bf5d176219aac1d3bc76cd07f4aa2c98f69184
r6-tune1-b5-rho0.7,r6-tune1-b5-rho0.7,sel_win_w10_n008_privileged,ba216a35759d44b2cd8a1799dc645b40486c297013c914ded18668f09dd6862d,496316d8246de4b35d09a4986c34783847b45bdccd5060d55b4cf01571ff665e
r6-tune1-b5-rho0.7,r6-tune1-b5-rho0.7,sel_win_w10_n016_privileged,25053f4a17796d49ddda871daa057824243331d44d6972bba14201d11200537b,a8d60565c822641d2e374dce36a4655ba6061d066e6533d2c5cfcf59db5fafe2
r6-tune1-b5-rho0.7,r6-tune1-b5-rho0.7,sel_win_w10_n032_privileged,78f9c15d2497cb640be1c1ccd7f783b119391810ff9133380ac0dc939747b0d1,bf8092bd2e3d84ddd1aa5670954665b68b8c024c26ccc174e4d782364cba606e
r6-tune1-b5-rho0.7,r6-tune1-b5-rho0.7,sel_win_w10_n064_privileged,aae60d6c4f784090b78ba512a043145692a9cb2a9bb67ba7d8179aed3a137885,4acb2ff212efac3aa02a687e97a84686f26b1d465b58f5113df3b145d8ad203d
r6-tune1-b5-rho0.7,r6-tune1-b5-rho0.7,sel_win_w10_n128_privileged,cb1a09bde5febed661fcba4a1cef5a3bc92cbc649a8782872694f139b6efb04d,ae4d9fc3ad395fdfc0976823e06d5662df47354372928ed224f7cf57917073d4
r6-tune1-b5-rho0.7,r6-tune1-b5-rho0.7,sel_win_w10_n256_privileged,5e57bbe027aeb123e2ef2ed1e97fbf32c9d399581553a4d016239b8fdce4ed66,9d34e8a8df7223485932b74df273803a1710d15afe092e6bad6247fbcda5ab19
r6-tune1-b5-rho0.7,r6-tune1-b5-rho0.7,sel_win_w10_n512_privileged,513f567118ad0e81402643dd897c72e7f3c5bd3c344cd08730fd006fb4b9d742,bebe1dd944cea5b47e259192de810eed8b569e9df2f86231e7e3b3cce38ebbc5
r6-tune1-b5-rho0.7,r6-tune1-b5-rho0.7,sel_win_w20_n008_privileged,12b5bf3576e9bc4773604cc0a6570dd108ee8ff11f9de148be2996efba7f9988,24d37ac2086b1d5a12ea614c042c6818d6629d0eed4730ef8f4845ccf7e58ee9
r6-tune1-b5-rho0.7,r6-tune1-b5-rho0.7,sel_win_w20_n016_privileged,47b4f4352f47556555bdff20a16c37981330770ebcafdda906efabeaac2b91d8,caa6d8e6b25110a338c8f76503c66b854463ec0cd19aaea0ce87611382adaf0f
r6-tune1-b5-rho0.7,r6-tune1-b5-rho0.7,sel_win_w20_n032_privileged,b4b2a7e50883a4e2289e2a545bdc97e4cd91296521b85333c5b4c974729024c9,24ed2df7fb9c9eb5b08268ea3323c79a50e6ddf3d5f9ca74e71a409ec72db59c
r6-tune1-b5-rho0.7,r6-tune1-b5-rho0.7,sel_win_w20_n064_privileged,e728d7fdeb39fcf1b0f5266aaa25810e8f045e185c9392f6767ebd6916049077,d69de444784a6314a982cceea8ddc223173d155e6ec358a01483477d98b6f8a0
r6-tune1-b5-rho0.7,r6-tune1-b5-rho0.7,sel_win_w20_n128_privileged,af080a429537774f0e7b5541762ccbfbddebeaaf01f2c21fed0341a1c707fe6a,6feef4a16d70c5736a0489b99c3bcd576678cc1eeba0766d7492e3e53b1d6ea8
r6-tune1-b5-rho0.7,r6-tune1-b5-rho0.7,sel_win_w20_n256_privileged,c5ab9e6660ff349ad465ba6a4f4d4601606ecf4d5b5606ef1c51fc6708204e5b,cb028e70aa146e7ce4c0501739fae014e2c3530d7dd7a79a7c473b87b26489da
r6-tune1-b5-rho0.7,r6-tune1-b5-rho0.7,sel_win_w20_n512_privileged,0142ec21725f1edf7ad714017e362271194b3455547ace8178fd29d708822c21,e0e2feb4a9c494ff5b72a2caedc64cddc8712cafc59fba8ef96a64b6f0769786
r6-tune1-b5-rho0.7,r6-tune1-b5-rho0.7,sel_win_w40_n008_privileged,3a5abe027e69090e86c6e6d4985c7c99a0e7eca47a01b5bb83b062a727653bae,0a06ab5cdeb198c84be69138435e5eb63103e1de5449997466ad1143e79d9160
r6-tune1-b5-rho0.7,r6-tune1-b5-rho0.7,sel_win_w40_n016_privileged,1e77694edb28c854ea14a451a055df425c3b76be460a3f2e123e6615b42d2450,64d61eed577a7efd92dcbe6ee408ff204220b607a5aa01242eafe2ca3bf2a584
r6-tune1-b5-rho0.7,r6-tune1-b5-rho0.7,sel_win_w40_n032_privileged,f89e3a2d4267d8b1718c92db059f58a8ba4df624aef673b35f3a4d7ec312446f,696fbaa18aa39a0cfa6f9172059833d0407d0afa2a051728c45cc419c0cccb8f
r6-tune1-b5-rho0.7,r6-tune1-b5-rho0.7,sel_win_w40_n064_privileged,39c1df2faa1b6723e77caa8f00000eb3959b7ed319ab90e743faccb0793dd0d7,eafdff34f27307c81a62e123a94fee5042cb2e5b299aee607d84b42f4ed89003
r6-tune1-b5-rho0.7,r6-tune1-b5-rho0.7,sel_win_w40_n128_privileged,9f1d434e2f14eb5e385a1e30630768458466b08b49eef216c712969fb136b94d,f84d51aeea39f2679ca3db23e078b5861425e59c803368cdf37847353fc17963
r6-tune1-b5-rho0.7,r6-tune1-b5-rho0.7,sel_win_w40_n256_privileged,4197ff771c2f7e3e04402f9e25a5097efdc405b49c5ddbdf65ead532e4577439,0b95b021cb60dd2b2c9424add9e35a00745dadc167dfa5293e24116797e66219
r6-tune1-b5-rho0.7,r6-tune1-b5-rho0.7,sel_win_w40_n512_privileged,093be0add515f7caa6f95b64e73822d86535d6e9f31cf57a67acc7e00f1a17ee,739679efd24febec5be1873562e67231e18b46effb2046092bbbf657fc045cde
r6-tune1-b5-rho0.7,r6-tune1-b5-rho0.7,sel_win_w80_n008_privileged,1eb2c527f3c6b1de82268cc89108143ab0c06dff038c11f36864ffb953ca1197,fd581de794878e01a6ce858e1f45e2c0f84b8bd8f7d0b1410c4ed977564e9478
r6-tune1-b5-rho0.7,r6-tune1-b5-rho0.7,sel_win_w80_n016_privileged,bc7cdf0b21ff418fdb63c87836ca720315922ebc052da7616a8022c0f5b9215f,5b8cb26a1c1136e2c6c7b4d7d73764996b1537628ad642d023c0e25fa4bb6ed3
r6-tune1-b5-rho0.7,r6-tune1-b5-rho0.7,sel_win_w80_n032_privileged,ec8a38a36e6a9afaf8156fc6d005b70ae24de566d5e1b491dbd9a0cc3f052399,1ba88102a7ba35a71fcaf52f2e69d16f712bd71708ab8e2864edc83622fc98c2
r6-tune1-b5-rho0.7,r6-tune1-b5-rho0.7,sel_win_w80_n064_privileged,b338110b21a19a9cbeb1869269cdf6c096671c513f2cc7bee5181fff9e417f62,0253bc606b1d700d2b34e5dfcc134d170bbf363b6f1e9880d3c3be99135831db
r6-tune1-b5-rho0.7,r6-tune1-b5-rho0.7,sel_win_w80_n128_privileged,9f11439ad6daab696387ef5eb0e14c491ee215be6cae6581d5e98e1f2878218a,1bfe29680c955cc4f8feb063b6bfa0fe675ebba8ee485af912c4d10c981cf36a
r6-tune1-b5-rho0.7,r6-tune1-b5-rho0.7,sel_win_w80_n256_privileged,63fb4fa265a4f38395f97f910788a20b3686dc5924741d7179bf8fa22873aebb,0eb9858ddb8f3341a4e310f6e8bb545874af895790c5d49c611fcd179e1fd1f1
r6-tune1-b5-rho0.7,r6-tune1-b5-rho0.7,sel_win_w80_n512_privileged,8a3c6d5452a30560a3f76456606a024ff4161a88016bb02b5c065f6b31ceb11b,531f593c585f443111b3ee39ed71326f8b8253955ce3a989d93d8d50c507261e
r6-tune1-b8-rho0,r6-tune1-b8-rho0,never_escalate,ab415371bab5ad7c7e238d9b991f4cd28480826174824f75da039ef6f4a9046c,2aba3355c732052aeb2b9524ea71bf72276e4224b298d6a469abd50ed23a75b3
r6-tune1-b8-rho0,r6-tune1-b8-rho0,oracle_escalation_privileged,652e4811aec6622708e39ffc756404e2b51b7a54159bdb768b2524cbd7c3d754,793ccb69956b6c0b4dfe5799ccae55d005105cfa6da8b4229eb4b6778e621eef
r6-tune1-b8-rho0,r6-tune1-b8-rho0,oracle_selection_context_d16_privileged,e892c36a0b03ab4105f57d71fa6f24b596eb00f7f2a0683d820c1f7e1285ac14,4e6d3c4d6b187a81a83aa8f8e7f491ac892113349605eddb531c0981f04d0d1e
r6-tune1-b8-rho0,r6-tune1-b8-rho0,sel_coc_d00250_n064_privileged,e1883c92e3c52ecb05667dbdbb6cd57f3c2850e987204b585c849c611b6c034d,8f05d6cf3ece05893b8485211c4969152ee8958f1d2674af815a4fcea2d7d423
r6-tune1-b8-rho0,r6-tune1-b8-rho0,sel_coc_d00250_n128_privileged,692c516fe56c3d10780c2dc35398d62b8efd43e63c9cc1f521b7b4284da4e892,7fdda3627bb6888a8760a7ecca68ef771f2a4636755ce10bfc804f7ef663c52d
r6-tune1-b8-rho0,r6-tune1-b8-rho0,sel_coc_d00250_n256_privileged,a5008c0045c51c1df83717dfa7832b94733c6e20577bb6f867997ac4d1479599,47a487e0bcad03a4103e35a7d55c5b70886c8d566c2e16e862e2ed75813a95da
r6-tune1-b8-rho0,r6-tune1-b8-rho0,sel_coc_d00500_n064_privileged,3b2748d7f7db576bdf99055f6a1e30d68e9a5f760d721bc759c05bb4d342745c,4eb568c09431e031af41dd9df3cd49602b1ef7ccbdc28d239461e0950dd0a455
r6-tune1-b8-rho0,r6-tune1-b8-rho0,sel_coc_d00500_n128_privileged,770e82f240efb0542ca625ecd8a110053660135b86241ce95728b9d3d40b8b65,cb5751e085166edbad9a68d619d653260d376fcc846e6659ebe4ea910973e81c
r6-tune1-b8-rho0,r6-tune1-b8-rho0,sel_coc_d00500_n256_privileged,9e6a51ddd1dbccb7f1f2cc864c09d5b5fa240d0dff15eed4e36df6db1e59a83d,15d5d53a2a5ce306219ce4f869bcbe5dfb4b2ce8b5e41cf945ef0ceb54011d35
r6-tune1-b8-rho0,r6-tune1-b8-rho0,sel_coc_d01000_n064_privileged,0ed9955148b867a125709e59fc68f23d3006f2f8adb5d70590ba0c665964eeb4,cb3a340b301cc5f62187b37f0d3fac6725a31b3e59b13b7af11875e03a5063a8
r6-tune1-b8-rho0,r6-tune1-b8-rho0,sel_coc_d01000_n128_privileged,c42ea480b0cb9054790f1de9d95d112e43842cb9a305ed0a42ab70739f8b9050,138c365e57a761bccf8ecc3486f03e8e931740471d4f465dae82e59bdf78ae26
r6-tune1-b8-rho0,r6-tune1-b8-rho0,sel_coc_d01000_n256_privileged,b38e7a4d4a41da69a66dc9df2ae5e302ae25f5dd139cc12c21104f33a5f4d89c,aeb96ba6e7a593ad3f27086464dff2cc4bee9b200514f2b91244222d7827c330
r6-tune1-b8-rho0,r6-tune1-b8-rho0,sel_coc_d02000_n064_privileged,9838d7aad7aad57a05f95436d1beb9304d9dca8d0e85fde0dfe61c87642ecc5f,700827f96ec9a26b68d89e685130767f1d0322cd56cf7ad31adc5de75dbbd072
r6-tune1-b8-rho0,r6-tune1-b8-rho0,sel_coc_d02000_n128_privileged,5fed43fb82578d31484218b1fcf073a1dbcc1161589d04382b0b6207438be9d0,e2ac24d2921a39f4f9f48d1584a87298c979fd6257f5cb783d489bfeffabcd82
r6-tune1-b8-rho0,r6-tune1-b8-rho0,sel_coc_d02000_n256_privileged,32700715a79c6c06ffc8012cb4d43f598ec2acab8ba508fb6804f1e0999811cc,98cfcd33316581612049d09ec4f1a2fd03c485d52959e1502bce169d695c687d
r6-tune1-b8-rho0,r6-tune1-b8-rho0,sel_coc_d04000_n064_privileged,8ae79457448e733b24ba99f013e34a9e7980ade2ed3867fbdea936a105b35b7f,5bc558d56277c5696e7eea7612701e600ee8c88509f0e86fa59c83a33d1d959b
r6-tune1-b8-rho0,r6-tune1-b8-rho0,sel_coc_d04000_n128_privileged,1253557b610c2642f204ebea52d4eebad598a3a7b91c7aec5118b752fc473b34,279d4dc85842387f02e6767d401c9fe42cc38c9ae5a44bcc3b8a6c0b17c2872f
r6-tune1-b8-rho0,r6-tune1-b8-rho0,sel_coc_d04000_n256_privileged,24cd4beba71ce00e6c97793412df0a5189f011aa8741798b3de8a2fea7a14ae9,1312e1baa4c0dee5eba65d72b6add480f4ceafd60db08a7725c6ec134f827324
r6-tune1-b8-rho0,r6-tune1-b8-rho0,sel_coc_d08000_n064_privileged,167d90c389f1c98c5c5d91f91a9c9dc9ef56d3d0ff321b5e1402378ed2f50bde,3ee2d25ecef96eff0b12302797d053401ec8477d05dd20e5dce3f682e3b78a01
r6-tune1-b8-rho0,r6-tune1-b8-rho0,sel_coc_d08000_n128_privileged,48ddea9a1b15574764b6be5a3ad9127c9711b721bd0e57c94925bdaec6b97631,6ee9e801ce36c1fbb33b640c965e185a3662cf5e8d66a4743c43c166297a1c70
r6-tune1-b8-rho0,r6-tune1-b8-rho0,sel_coc_d08000_n256_privileged,50b450d9303d3ae4e883fb5686fa880d18abe4e5af6572a92ac603555efcf1d3,5f1914056224aa196e6617095d0fafe2c46adb95c5ac11ea6e170b775d21d27a
r6-tune1-b8-rho0,r6-tune1-b8-rho0,sel_coc_d16000_n064_privileged,207f0a9d13996dea4233abae1befbeaf40760077cde39bbe0902ff8b210a6b48,5044fde943266fbfc90ba536d681d5afdfffa30d5711906a8cb876262ddf7ca7
r6-tune1-b8-rho0,r6-tune1-b8-rho0,sel_coc_d16000_n128_privileged,3408f86e2eaeb3a5185b9a06aa3420c6b8ba9e7d578f3af88aa134d63e6ff106,e5c8e2d520a3fb7a5040583bbfe7befedf2ea23eac2b7ed2a53835b2469d145d
r6-tune1-b8-rho0,r6-tune1-b8-rho0,sel_coc_d16000_n256_privileged,113115a0e416d049c9ab30d16ceca3c19ec3123e3bcd20197cf954136f2f134d,8b338c7324147e417d0366e1a3bbd97bba3a477c238816175772f3e552e07ff5
r6-tune1-b8-rho0,r6-tune1-b8-rho0,sel_nbh_k0_n064_privileged,ad0b0cbe791ec6f8327a130b6222b719fdfe7fe8fa6043164e20d02bf9690c8e,b99afe6a0e57115c2679b0e570c3e25ebe0514be625f1b86223076a33f904c95
r6-tune1-b8-rho0,r6-tune1-b8-rho0,sel_nbh_k0_n128_privileged,ce5996d3662cb52c6a69cbe44abb71214aba308b0a72d4fe757df19c73be7081,ee2c396caf46d9a84178c8ac81663e42a15141c51ac0bf10d7dc7566a1720b55
r6-tune1-b8-rho0,r6-tune1-b8-rho0,sel_nbh_k0_n256_privileged,fca68c7f2aaee84277c57f1d62cdae5a0771dfc9d1708c4a7af4247f25598a4b,3ecbaa5599bc4d075ad911a9777d9f578744948313d4408347202310c2a15add
r6-tune1-b8-rho0,r6-tune1-b8-rho0,sel_nbh_k1_n064_privileged,c7712df393d94a03a00ad82ab35acd910e9b3504ee0ba350d5eb808d567843d8,ef9ab85832dcaa223e9443231a0efa4870a9eb9109894d113313903c384613a6
r6-tune1-b8-rho0,r6-tune1-b8-rho0,sel_nbh_k1_n128_privileged,1bc6c3308bb1b7ba86c26ee877f053df3c4f1fd2e8473986bb315bb67fb9bc2c,33b3a03551189a32abf11829e1e995c54959f5e4c34aa2c7fee8a7ad59f62b2f
r6-tune1-b8-rho0,r6-tune1-b8-rho0,sel_nbh_k1_n256_privileged,3d601ba7f08f721e5be19b87d43554f45095a9d490b2877715a10e8ce2ab76b8,15c2e46ab9354ee57cea8bfa3befbc32b22ec37d6cc03a3b967fb6b1521faaac
r6-tune1-b8-rho0,r6-tune1-b8-rho0,sel_nbh_k2_n064_privileged,6f7f7244d4988ae6011ae652f69ee9336ce782372870bc064cd879ee307e7e07,78e0481b766d9a71efd039d9b1c501889386ad6437bbeb300fbe2314a96d811c
r6-tune1-b8-rho0,r6-tune1-b8-rho0,sel_nbh_k2_n128_privileged,798fdf2e09cd99e5bebcabf91c7d8563e974fe6f7590b461180c677e66548b7d,b1f4b1ec3c3382f698485cf48263fec4e889ef35b7c701b0f772ec2be2a9c96d
r6-tune1-b8-rho0,r6-tune1-b8-rho0,sel_nbh_k2_n256_privileged,59c9a91f2b685a78bf78d7f49f0571416c936d168addaee0fafd246e74d2899d,8fd2ba36d03df67a2ec2b24b2501fcd7bc3d086cc9a0f46505c5d9a76bc29742
r6-tune1-b8-rho0,r6-tune1-b8-rho0,sel_nbh_k3_n064_privileged,22f488d6d233deb665127795b49442fadba946697075011611ab0122b858c76e,cffb24bed966e132f34266da9fd6dc03ca18a60201b25bcfac18c72908aa3ab2
r6-tune1-b8-rho0,r6-tune1-b8-rho0,sel_nbh_k3_n128_privileged,88be0afb1d91ae7040b52ae25e9535833d58b04390bc8b3c2846f12b8543ceda,d86a38b8c92bdb0f42333bd7df92ca2c2024065e04c52bc67d686d0917bd0058
r6-tune1-b8-rho0,r6-tune1-b8-rho0,sel_nbh_k3_n256_privileged,ea721885e946ec95c6d7d72c5684881ded6c53afb714e8e2461781cec105d57c,2104b033bc96b23b9479663c56bfc123bb8cd769ed8278d5dfbc3c579caf6482
r6-tune1-b8-rho0,r6-tune1-b8-rho0,sel_nbh_k4_n064_privileged,1bbabf825aee48db91f066f2be82b688d3f7a69a8e5f3352fcd14878ea276fe5,e5fa99fc340ec2ccee77230d1e5a236b614e6c416d60b988f3f9b7a5efdcdf28
r6-tune1-b8-rho0,r6-tune1-b8-rho0,sel_nbh_k4_n128_privileged,c598abebb4ed6cb484829f0ce82dedb3c15578ed31f2b82fbbb3ed79366ce230,465415e5d261662205aa14145279d5fde31884c80f1fe41c172b193c64fd9e0b
r6-tune1-b8-rho0,r6-tune1-b8-rho0,sel_nbh_k4_n256_privileged,1b202a3bd0411445fcb138805a3b1319d8666f6a9787db4ecc4d854b4e607a98,50c696353de6170fa6be80021584d275c78bb63dad2f4f4371e5a48652619872
r6-tune1-b8-rho0,r6-tune1-b8-rho0,sel_nbh_k6_n064_privileged,561269075741942f33aaa81c18e62486726099a70b925ed799e021ecfe177233,ee71e9137bae252a7a55153e835bc2c31576ae3d2d1b9f9ce32fe6ca8bc9783a
r6-tune1-b8-rho0,r6-tune1-b8-rho0,sel_nbh_k6_n128_privileged,5a7ecd02f87462511ae580e3929e6f7185038998507b26f368414a896e1dfd06,e8d07bcbc447747b7c339e5e2badfb3d2333dd2915875674fe876b03f3c7e11a
r6-tune1-b8-rho0,r6-tune1-b8-rho0,sel_nbh_k6_n256_privileged,aa07c0c5189905974ba769bb2a87dc299027874f289e67f0c2b87985b0bb91b4,6c21a0ac09da1653dc0b02bb5362592e1fd9d8ab6ebf32590d2b4e4ed7dee3d9
r6-tune1-b8-rho0,r6-tune1-b8-rho0,sel_rung_privileged,4e40dd308bf1bff238298bd99009250169f7f825382f5f9649afb21df485fbed,ab30f44d49ff6c2165c68dcbd4912effa0155d0d8ebd60829698428c96bea7ef
r6-tune1-b8-rho0,r6-tune1-b8-rho0,sel_win_w05_n008_privileged,1f09e889ca9a642e212e775d05746369b910f8f60378e22c4a94819a7dfa0271,db73be56be1f9a8c345e88eeb36acb13ffd6a94ed6dd0737ae5aa1906a1e901a
r6-tune1-b8-rho0,r6-tune1-b8-rho0,sel_win_w05_n016_privileged,6b3c243f59895e65d94ab6886d88405dd29f74eaa25575b5ad5cb3a6066877e0,521681295a45ceb5ba058905afb739ebbf58fc49a889e9813681f17183f357de
r6-tune1-b8-rho0,r6-tune1-b8-rho0,sel_win_w05_n032_privileged,7b023199fea9cd7dd18f6840184a2a9eac01f5ff6911757bbba64812e07b6970,930ec2aa851e510fd8f952af5c01a7030957967495799355af3dd883268f10c1
r6-tune1-b8-rho0,r6-tune1-b8-rho0,sel_win_w05_n064_privileged,84a3119fb88f172789b96e572dfb55b84e7f38b959a9956345e3a41c5bda0da3,33bfb084717e18732788f2f74e2b0cb5b2a390be86cecc6e958b475d26b502d3
r6-tune1-b8-rho0,r6-tune1-b8-rho0,sel_win_w05_n128_privileged,ec448f174b16e7db00012046e8eed100165d10590e11202de3f567130d5cc8c3,f29e042e8be7627db2a157aedc13939f473b5555d68cef2e39ec935e6cc5e1f8
r6-tune1-b8-rho0,r6-tune1-b8-rho0,sel_win_w05_n256_privileged,8dd7b8a214e4896a6d436b13dbc7cdea268fbec455dd474f25e3761a89ca02ad,a25796b2246f2d07472f3844e3d3f7a809a8d2a6b2a56d4ed0bf1036dd6c9a70
r6-tune1-b8-rho0,r6-tune1-b8-rho0,sel_win_w05_n512_privileged,9da6f3bfce225a30c53b83968c3250df5d55b70807501c8269a8f78b031493ec,4f46ddfd5c561f7fe5c005a6efa20dc5b348377e179340c75b7cbe59ab63f597
r6-tune1-b8-rho0,r6-tune1-b8-rho0,sel_win_w10_n008_privileged,8d89a9556cc05e562e6bd8f94f21fa8624407d09796a9723714572a173d78bb6,f6b649bb6536916aeb77b40902c074f128e434c33c762a9c3830a0b0609e86c3
r6-tune1-b8-rho0,r6-tune1-b8-rho0,sel_win_w10_n016_privileged,abd603cf10af1b235314d5e2f414c18243291e0673d0273747f4002de75b170a,337ba25fd6170b164b9b42c500fce9a039e945281c956115c411aa3234f2dcf9
r6-tune1-b8-rho0,r6-tune1-b8-rho0,sel_win_w10_n032_privileged,1059f5636251d1264f46f9dd3a3ca0af8c4ac09f9e00acc4a8d714c818f96725,7689211d72559b73f1c3a77df86f6c30dd518b7c4b4bdd8aeb3d6504c5f262f1
r6-tune1-b8-rho0,r6-tune1-b8-rho0,sel_win_w10_n064_privileged,2c779f1dc2becb4d72812d6c3cf35558f72cd07a9ed3f8005fe6a44f50625f85,7d57060bfc07d3bf4c91553956338cae319037d5a00d0096b6421690aca8a9ee
r6-tune1-b8-rho0,r6-tune1-b8-rho0,sel_win_w10_n128_privileged,efb072e0dfce31d6278e3e3b1c94ce6c50457ca58738d7f6d2fc5e19a09382c2,bd2070cb17f90ab69d5ce2f778f8d9b88370f43cc7c4d212b7528ee432d30613
r6-tune1-b8-rho0,r6-tune1-b8-rho0,sel_win_w10_n256_privileged,9fc632a19ad8fe8cad0fe721f7b853935a4158a15004e288216e579c6f077a5f,48b9c085ffb4be0e3394372dea6be40a1e59c6afdf2db5bdee8736f41a07cc9f
r6-tune1-b8-rho0,r6-tune1-b8-rho0,sel_win_w10_n512_privileged,db0f6011a75f6ac59ec4a19bea5f39489e0989bedb6ff8e30db02a61dd8707a1,27dc91fba20c03520066d3f5e24ee2ccb51945a44683f9dc4a43880bf74709a3
r6-tune1-b8-rho0,r6-tune1-b8-rho0,sel_win_w20_n008_privileged,5be1106d28628ee163b92784c309add5737daf1f914eba9491f7204492d9907e,0b0dac6323561b9ff4b6d9b3658fcaaa7452fc3563dcbbc60ef2f3dd6d8dfe75
r6-tune1-b8-rho0,r6-tune1-b8-rho0,sel_win_w20_n016_privileged,f6578f0fbed6efdd317ec1e77cb6e5a585cd25cbb4ad6fd96a138ead6e37922f,218410341c5f5d0fa62c65b6dbe841888a278fef8713160790d5de11914a57b4
r6-tune1-b8-rho0,r6-tune1-b8-rho0,sel_win_w20_n032_privileged,22f75d520ceb689496eeaad11b7095b35cfb59d8e12b16259eeecfa1e04da46c,7d56f92ac765ac006b080034600cfceec95d154a661f169a37cdea7ddcb0cd14
r6-tune1-b8-rho0,r6-tune1-b8-rho0,sel_win_w20_n064_privileged,ceb46c8549e095bf98cea67e4b17056926a4e3c16932285b156f43d7ea4d672d,5245eac75fa4265fcb2072d62500053edcfcddf786c1717f8ff687bf8d2b9247
r6-tune1-b8-rho0,r6-tune1-b8-rho0,sel_win_w20_n128_privileged,dd2730bb2ee1c66c0482c0386d8a55534de8226ab4dbae25eade0484b1a8502f,f0cee1d8d02be33f7b60da28f1e00e104012f8f95fb179a6bf0ed3a7f6a92c9a
r6-tune1-b8-rho0,r6-tune1-b8-rho0,sel_win_w20_n256_privileged,65e572c4fac5327b89ea1417dfeb1714937adbf811e8c2c6d8580b65af318ad2,f19b9fc3fb6392f52640601ff71fe6f1d09978713b4e291ab57f64cd1525ab5d
r6-tune1-b8-rho0,r6-tune1-b8-rho0,sel_win_w20_n512_privileged,288673d012a36f57d8123ceb41c7ed5718604d063623389dc776c96d00b8147a,2e4b47082ff207b31944bb73be310e728fff35fe13c155ba1ebe5d96b9295ca8
r6-tune1-b8-rho0,r6-tune1-b8-rho0,sel_win_w40_n008_privileged,1fd88c189ebd61b354b653f767d246cb5137b403dffb3e9b2bde4fbcaaae0b6f,11dba36bfed4e7e1b7a854db64d7b51b47c2c4cd3b7318e70b9d670bbc74f93b
r6-tune1-b8-rho0,r6-tune1-b8-rho0,sel_win_w40_n016_privileged,aeacec6507bacb98c22a3f62de31bc11220d01b2beff2dd48f528c2dfa0d504d,33ff469c605c5c866d5a62b11aabd826bad4ad8ca6913bb0567b1a5e6d868340
r6-tune1-b8-rho0,r6-tune1-b8-rho0,sel_win_w40_n032_privileged,fa9ef4c0faf8eba11e9aec536bbe4274cc41bff22a82b3bf51de26295dfd4208,c1694e139d5eab336a5a325f107e88faaeb3e7db4bd71aac3f5bce69a6def44b
r6-tune1-b8-rho0,r6-tune1-b8-rho0,sel_win_w40_n064_privileged,effcb4e9680f018d7e2245ad4d0c7e28d5447630a01f5c6eed999483a49f5030,22b104a3bcbf9dc0a0ef870c948ba93ae7b7805c11f537d6bb517c52cae1f06a
r6-tune1-b8-rho0,r6-tune1-b8-rho0,sel_win_w40_n128_privileged,41b63d951f5a50383ab703370fbde3e67204ff180bf70a2664de21d74df04eb8,487cdd1a99aaf2fb21f29fca4a03de7db5708504c9625fb4dccf95e75610b692
r6-tune1-b8-rho0,r6-tune1-b8-rho0,sel_win_w40_n256_privileged,0040b007966ed3a373d1e23e96ad42d5336eb6be4a56f414fc5fe2d293eacef1,2ca1a77e239b6add21c87b1cacbfb15dbfa11e7e784b6d2cb81e51eab31afeae
r6-tune1-b8-rho0,r6-tune1-b8-rho0,sel_win_w40_n512_privileged,7ad967147b38ee382d80f3818230685ab3644c617b14a7d0c8b729f1f06b6a6c,0c79a34271072d1b563c581fbc14dc4a6fb2222126bee065f61678f550948f3c
r6-tune1-b8-rho0,r6-tune1-b8-rho0,sel_win_w80_n008_privileged,8822fffe2aa40784fca489a5c6484fac22f676f971ff2e97e581b32ffc57720e,80ef16b41103e94a15ac8c8169c189e002614d9cb617739eb2612766a18ee0af
r6-tune1-b8-rho0,r6-tune1-b8-rho0,sel_win_w80_n016_privileged,204deabec8951aeae1169c83b489669c0192eb7be4a59aea7edc74940d393c4a,96e92e60cbae13db5cf906a88529288a661d062ec24c51da945cac38364bc762
r6-tune1-b8-rho0,r6-tune1-b8-rho0,sel_win_w80_n032_privileged,3f8bce27fbd0dc41ea5dc7d362ccc559387d30537edcb978164eda32f9698ef7,29f9a6ec7ef3ebbbe7ce370894d68b868b2698fe81d4d776100f88ef5d687e6c
r6-tune1-b8-rho0,r6-tune1-b8-rho0,sel_win_w80_n064_privileged,e75fcdc1c155bd07275d336687cb7d369db75bde27302f72dbe6f050e4ad180c,fc0bee687801c86650be5729b22e681e22d585d37a849bf4f6febe95a49cb694
r6-tune1-b8-rho0,r6-tune1-b8-rho0,sel_win_w80_n128_privileged,73a0b0609a3b7dee51227ed8733bd0a479f28b9b9b0d1344756a38283645d7c4,959f415095181304e627e689a897c8de339c6ce555da8441e69fb6510f20d9c2
r6-tune1-b8-rho0,r6-tune1-b8-rho0,sel_win_w80_n256_privileged,5542f684e7d66844a0a1097055b0c3280c31b2804dda1aa840bc80194b3e5dd9,5364cc756f9446395471328c5af824b03621e0df55f3fb81b4c6ed4f946995ea
r6-tune1-b8-rho0,r6-tune1-b8-rho0,sel_win_w80_n512_privileged,0476627f87db177ea357338544b3f71af3ccc6cfd5da0c61e5f601d35198d004,7e348c6ed7939f3fa69ab0794e0771f31e1966f427bc5f6b5e9882531c875904
r6-tune1-b8-rho0.7,r6-tune1-b8-rho0.7,never_escalate,1982b854fc05500d8317b6fe8a0be89cfbb95067ff150316a6d9a8cfb99343a1,5f54501c5ffa19d28a386b019ce86f105b74a29a6d8e8ea458b12085bac030de
r6-tune1-b8-rho0.7,r6-tune1-b8-rho0.7,oracle_escalation_privileged,8e38a92487fe03e9888dbf7f44251119f6f2fff5738b11f07f10f263db19c830,bd33b43cdd10e06fc71e32e2c4101953e6827bc1119294bd72610d623393e2b0
r6-tune1-b8-rho0.7,r6-tune1-b8-rho0.7,oracle_selection_context_d16_privileged,a07febd938632759d781cdcc9b337e82c6337b74e1c23d3a9ff0817087fb4b01,a7438161e32a7948787cd9713f207b1d225f2c1859e0cb9ae0277a3f70c1fc92
r6-tune1-b8-rho0.7,r6-tune1-b8-rho0.7,sel_coc_d00250_n064_privileged,99f9d3b7879f023fef04e0ce35ee39a82ac0e4f20ce1d530ad7aa26a208a9094,d97bd322ba0fbca6dc45155a79d22a3c93c59ead9c9511a4b478af320e3bf70d
r6-tune1-b8-rho0.7,r6-tune1-b8-rho0.7,sel_coc_d00250_n128_privileged,860388fe1b86457d855453f0da68e049e7feec4776d4a648deaa1eb613675f38,1aa7512a078d0f0c9deee5ce25ec553e2e5995002c4912940535a30cdae7a13b
r6-tune1-b8-rho0.7,r6-tune1-b8-rho0.7,sel_coc_d00250_n256_privileged,d55fad61756bd886d3e98cca1152d126261cbc4cb0ddbd74d168b457caec2009,024c7015dced50cf2dcb6d268390d11624e860ac3695070a3f7f24ad761d6ffd
r6-tune1-b8-rho0.7,r6-tune1-b8-rho0.7,sel_coc_d00500_n064_privileged,2859d83a94173903108923499b319476b58ac482e41e77b962a4d499cd0c6308,fc1501a21f1252d0d03990c8b7f2d45860d8504ea5629c3a247b43dedd0ede7b
r6-tune1-b8-rho0.7,r6-tune1-b8-rho0.7,sel_coc_d00500_n128_privileged,64e487ef52b111eafebeadb7f16b66235539f1aefeea39d92d66b391e8fff493,1e3d8721589266a0763520640b2fa60ecbb57a9e5e260af057738964c4397c89
r6-tune1-b8-rho0.7,r6-tune1-b8-rho0.7,sel_coc_d00500_n256_privileged,637857717427af1c1689323c65242b10cf7afe70e22e1a3b476aa30154e1cb10,fd697928ce94f2e120e08a1d83ca8caff47ba0a22c8052f1044fdf8cca03ddf8
r6-tune1-b8-rho0.7,r6-tune1-b8-rho0.7,sel_coc_d01000_n064_privileged,20c1f839d92b54353ebae9e0a54c1b16dfbc815cc0224ec9a55a27391183f37c,4b8a1aa72d217c5d951e3c5f284ea6c5fb8ab1e81a1ad7ff218fd77a4bc21e99
r6-tune1-b8-rho0.7,r6-tune1-b8-rho0.7,sel_coc_d01000_n128_privileged,a1ca8877e48d8d069dc341f39b5a533f935443b55776fb936dbecba22d18564c,0fc956895b1d651bf9a8525d2c5e53bdb0db513ecd9ab0fdb5b005ca0f47f5f3
r6-tune1-b8-rho0.7,r6-tune1-b8-rho0.7,sel_coc_d01000_n256_privileged,d9626212361a9d7676209863e2924b7f84e8a84ff5fcd6f1139e9782f670f0f0,a998f7527acef1c59c3b9c003986a1f2083d0ecc3e5af128894d50e528e13068
r6-tune1-b8-rho0.7,r6-tune1-b8-rho0.7,sel_coc_d02000_n064_privileged,84b887355d7ff9fe135e384a8d509099368a68e3187a9f457279c4a7bdee3145,c88f735299337b459f710d4d06f5de04edcb8144679e2d963b408280d1567fe8
r6-tune1-b8-rho0.7,r6-tune1-b8-rho0.7,sel_coc_d02000_n128_privileged,86ea64151c66ea7b538436695d6b5e665c23851d2bc6bcb0ad9904d9a6f247cf,f937816cbf28a3c43a2a9e7def5192dc774c9af847d1c9ab55d9002e5b75e75e
r6-tune1-b8-rho0.7,r6-tune1-b8-rho0.7,sel_coc_d02000_n256_privileged,7caf2fea2637ca04841287eeb209d7ab724bbb52f20edda1d39271f7913d4652,b266cf71745c8a553709e7ea502987c8687607cfb67a01233184d775dd697aff
r6-tune1-b8-rho0.7,r6-tune1-b8-rho0.7,sel_coc_d04000_n064_privileged,76a0ae32e391490b4e426854f6aa811f0535576c6e277a1d4a0dc65adc68942f,18424f6aa2ff63b111eab11914be1cda5dbdd74dec0b780d2479cfe50589c73a
r6-tune1-b8-rho0.7,r6-tune1-b8-rho0.7,sel_coc_d04000_n128_privileged,51e69e7255bdec2e390bbebd146a5a0a926e4625bea15f4216bb40fa41292500,0058839724e8e0b95d63a08202bd6fb82ace1583c34d6ec3de6195876159ffbd
r6-tune1-b8-rho0.7,r6-tune1-b8-rho0.7,sel_coc_d04000_n256_privileged,da0f8ecf928a30219f1816ce6a548ab5821da45b086da688429a4c8fa012833c,6214b8cf2992eb8f0dda1514e46f1e36266cd6221fac934b8dc7804ed02e244d
r6-tune1-b8-rho0.7,r6-tune1-b8-rho0.7,sel_coc_d08000_n064_privileged,8d10162599aafebf33f82cbd31d5179d570c9ebbf9b8b8439f6905dd798ecb90,2410febeeae4b99d7b3a032ef3216be373da9838ec52061acd3a9c8f837a6731
r6-tune1-b8-rho0.7,r6-tune1-b8-rho0.7,sel_coc_d08000_n128_privileged,47e22b877cb9f88a3cf90997c8d861b895a09b80e59eb293692177780c7218ce,0b747940421fa1880de8be178f94785d3a7924f603c0b6c89fcb4428da236519
r6-tune1-b8-rho0.7,r6-tune1-b8-rho0.7,sel_coc_d08000_n256_privileged,c2a3da8556219bde0e680717df9b064b5bb733eca911268e2f385e73d834755a,ae19acbb2ef54407c3b057d29930a473f15b3e6a6a5f7f3e6c01553893eadaa3
r6-tune1-b8-rho0.7,r6-tune1-b8-rho0.7,sel_coc_d16000_n064_privileged,e01b4eec9fdbafe38c1de7a3f3f4e38059fa4f2fd3a27942f8fbf8bce95c79ac,941daa084c6d254335d6d65c54da3ab53682a668039e41c606585bd25cae4461
r6-tune1-b8-rho0.7,r6-tune1-b8-rho0.7,sel_coc_d16000_n128_privileged,cc105e60985b9dce9fb1a1ed2f1f5bc5859bde08775f8e3868533546d0898d6f,649652d3761074d32fa1cd8a6a9ae412a8e5a1998e3ae8266daa41f464f7cd3a
r6-tune1-b8-rho0.7,r6-tune1-b8-rho0.7,sel_coc_d16000_n256_privileged,8e52c95b223e0bdefa3222477ce184c09ae89a863f4008d5cfbfb419b3421d29,7a3c132ba7ae6638af4c637477bf02b95e74aa152fd1efec76517551c4f3c86b
r6-tune1-b8-rho0.7,r6-tune1-b8-rho0.7,sel_nbh_k0_n064_privileged,a0be670901b4ca5eaa941a6b871ce038bae2971fac1a3f735725a09cb617233d,64f457505c7e2c1cf50ccb3b42191aa7e1884824cea116652647deea98a5ed1e
r6-tune1-b8-rho0.7,r6-tune1-b8-rho0.7,sel_nbh_k0_n128_privileged,51497892d867d07a47bf9c27add7e80638341850d14d9cc96242b3cfbe46192a,1ca1fd8d314c54849c566d5909a282ea9de3ffff2c77f8605418b4244bdd44e0
r6-tune1-b8-rho0.7,r6-tune1-b8-rho0.7,sel_nbh_k0_n256_privileged,e049accff529ace428967e82814a32509435856836e23b9f56077d37eb0df5b9,7371d32754fd3c18306d7f6a3e264a67addce13261edf4b2178b39c673ac9c8c
r6-tune1-b8-rho0.7,r6-tune1-b8-rho0.7,sel_nbh_k1_n064_privileged,365f4263b01ae8e350f5dc33ccd65fc5d0f63de71f9a87e65b1f432a0e83a17e,dfab47118da53dc2c1d2e9236870124ce68607fceddf0175f6be61457761ab31
r6-tune1-b8-rho0.7,r6-tune1-b8-rho0.7,sel_nbh_k1_n128_privileged,4c9fd1c13ab4f96b1b8137e4a8391d9ba71a8fe5b19a06b7f477c7caf81bd82d,87c4d6f7e15485006a30dc6ab888e354b34e7a0afd4331bf3b9fbbd472850abc
r6-tune1-b8-rho0.7,r6-tune1-b8-rho0.7,sel_nbh_k1_n256_privileged,39014b9127ff7cff45f7f5f9a19a6d6a85e0803f2484bcd2eefefe8c8db93c89,f97aaa35aa505253615e1f7c5094e01f46c7c24eae60258c35515d445bc46841
r6-tune1-b8-rho0.7,r6-tune1-b8-rho0.7,sel_nbh_k2_n064_privileged,15dbb1290dd00853986735b2174507a454a2020c2a04065ea4c80817abad7720,6e625baeb7e73325e962e4722600eae8edc01b6a5697bfb5ba2e44fff6092ba0
r6-tune1-b8-rho0.7,r6-tune1-b8-rho0.7,sel_nbh_k2_n128_privileged,96c0983919fe317c02a65197e7f309bd7098d705448f823148e1d82aa633f56a,7c06c36d40f2c6ceffe0f1e0eb0ecebe4d3f98ebbbdf0b6a212eb664e5523af4
r6-tune1-b8-rho0.7,r6-tune1-b8-rho0.7,sel_nbh_k2_n256_privileged,180b010f5b5cd03c2bb389b6bde954495a9d30d54337ecc36752d4dd32373663,adef243c5dbb9344a268458c3437deab12f4253cd71a5773d400cd6ac4a3cccc
r6-tune1-b8-rho0.7,r6-tune1-b8-rho0.7,sel_nbh_k3_n064_privileged,7eb81b4b277fde0f0c6f9e90761f7c1a20ce79f097cd51a16d59a8e9ce7ec414,fe573c0ea92f66986aa87ea129b43a8e814c362cb84f9064fbf888305fc7f58a
r6-tune1-b8-rho0.7,r6-tune1-b8-rho0.7,sel_nbh_k3_n128_privileged,77e6f77230de2a82c264ee3cf04b19343e9b5c8f22a63bfc561cf639a22cf5ad,651909c0ce1cb643658a84908150722e9c914f7dde0fbffea17580f1dd0d9b38
r6-tune1-b8-rho0.7,r6-tune1-b8-rho0.7,sel_nbh_k3_n256_privileged,ae8badd703e7561de1d3e6a2d775f87e9d531ef141fd4836fc248f4511efb0e7,5fcf41ed5321d0943abe69c00b3bae4b73c902c384d0a2f9b5d9520646f41cf9
r6-tune1-b8-rho0.7,r6-tune1-b8-rho0.7,sel_nbh_k4_n064_privileged,f86c680d93b7e43f8ee94d5e9e475bc1ad8b2a39b05ef050fdc12854786bd6dc,8d61f618d5df47fa568a94395bf1467191cab4ae74ef9f4c0049db73b1e19e87
r6-tune1-b8-rho0.7,r6-tune1-b8-rho0.7,sel_nbh_k4_n128_privileged,9da19e3b7c9212de3f905be52e7d417fc99f62cf599ef9ed611b7d23f2df4498,da345a16869f0ae50eb4a8555faf5d3e3dfe4764055fb78f73c42ed19769727a
r6-tune1-b8-rho0.7,r6-tune1-b8-rho0.7,sel_nbh_k4_n256_privileged,297c4e48db122f7fdd778cb71ff4f523e753ef55f4dc038b1ddcc6a0fb53a1b7,f0d759e8fdbe11048ac03e404478d93b63c86dc94a89b97dc4f90a3c64da3972
r6-tune1-b8-rho0.7,r6-tune1-b8-rho0.7,sel_nbh_k6_n064_privileged,8de971e923a147677c5d5e9e22f8df8c125dc78f43a1b98cc83c6ef1ae3bd21a,e43f634608b0c24301cb603b86ef6eace555e77deb91a28da20a92dd8538ea8f
r6-tune1-b8-rho0.7,r6-tune1-b8-rho0.7,sel_nbh_k6_n128_privileged,b053c64f55c46fbdfc0f17e599d7277dc37445f081bd802281ff70a5da5a03d2,2c087a344d883c237352b224f6f8f6770701899283e897ef0d98a5c825422558
r6-tune1-b8-rho0.7,r6-tune1-b8-rho0.7,sel_nbh_k6_n256_privileged,1df943b8bdbab53f68b2632da20f2bf4e34f02dd8d3c00f28dd595dabd1c1e40,628a32e0d8eda6dc5b81fec79c15052cf91b34ed19cabc1f6db0de6e76deba4d
r6-tune1-b8-rho0.7,r6-tune1-b8-rho0.7,sel_rung_privileged,c8f29dd338afaf91f5f9317b30babba0723bc32ecf68511ef605a298425eb630,5909e7b381e015a0027d620fd5cc21111f9361ca56716c1bceff74e3ea5ea846
r6-tune1-b8-rho0.7,r6-tune1-b8-rho0.7,sel_win_w05_n008_privileged,5b8a3b20e8e2e67e5e97054b6f441beecf4ea93d1abfb58aa4195ed624ca7920,0a274a6f06a0addda91caa9b3925d9388aa953ee5f676ad27ee8fda8f2b6c0d5
r6-tune1-b8-rho0.7,r6-tune1-b8-rho0.7,sel_win_w05_n016_privileged,26ff1d6ddb45f2be8e6393b2e9ef8907968a6da35a0717306109bb86ba162632,c1e1e3c80461da0f9c0d3b39492a02b4f53032ea17d16bbb73c880fd256b4e85
r6-tune1-b8-rho0.7,r6-tune1-b8-rho0.7,sel_win_w05_n032_privileged,3b0e077b6a673fd2ff960c89267dd13d46f1e4dbea2695524c7402bfad5d6f09,096235a65cc4f9102aed0a972da1696347ef7c685019f78700f36b9a3aebe1bd
r6-tune1-b8-rho0.7,r6-tune1-b8-rho0.7,sel_win_w05_n064_privileged,aaec4b2d48a1e10287b4949338ce4c3084aabd71d8b991a2ca728b08df823902,becc8351d5cac86303e9749675a2f1a934ab411f664bb092394f7aa59e300b26
r6-tune1-b8-rho0.7,r6-tune1-b8-rho0.7,sel_win_w05_n128_privileged,2185d3c025010b4bfe26d8f4eca06497e4852956599ce362011cffbf5443f1bd,6581a5f15dbf5ad94c49acee5bf45bce134fa88ec37f848b891a27369da67067
r6-tune1-b8-rho0.7,r6-tune1-b8-rho0.7,sel_win_w05_n256_privileged,31edcb2ac08767d534f08512a676b9460494400e0b85cbaf47395212c36170e4,23f58ceb4be501d889f3c39d1823721d629c4f9b12ac23a8d0ed995270e26c4b
r6-tune1-b8-rho0.7,r6-tune1-b8-rho0.7,sel_win_w05_n512_privileged,cfe9388803e1f0ea1ee0712ea6aec61d0f3591d58e5a845caaca506e9562820a,3416b2424d595127c89eafacd5bf4d3562b8ac8d53904de42997262b5fbbbb7e
r6-tune1-b8-rho0.7,r6-tune1-b8-rho0.7,sel_win_w10_n008_privileged,80b6f6b498af847016b74ca15860515bde4461a05d38849fe1753d1e00d6c891,ca08a729daa5e6238b699bfef00dba171926d9ece73c6ffde65d3f55ddb74365
r6-tune1-b8-rho0.7,r6-tune1-b8-rho0.7,sel_win_w10_n016_privileged,f88755283091d8f411f6f6719229cec720cc24a9f5944e82abd439cd10d17dc5,dea76f0bd4e3728023620321941a28640e104e858a4f6e359ba5f9f7ebf8c149
r6-tune1-b8-rho0.7,r6-tune1-b8-rho0.7,sel_win_w10_n032_privileged,5c51c6203c48b9f2fdf7b7ee451bf33608b6850163f3ee53e2b09d49d8aa724e,7a80806384bd9381fbeb707321e8b01f8568b9a5f0a9b6822046a8f44ada4ae4
r6-tune1-b8-rho0.7,r6-tune1-b8-rho0.7,sel_win_w10_n064_privileged,0a641883aafbc5951ef2a2a89a5deddbad9bbb2b34352bc57d18554715e76442,a0aabb6dca37d92ae5f62beeaf2b5afce524738b07b6e6d2771dbf87bb3b5da3
r6-tune1-b8-rho0.7,r6-tune1-b8-rho0.7,sel_win_w10_n128_privileged,c950501f7d47d0c43a97657dd2709dfa7a049642fa9296239f655bba0b762446,5aa0ffab2ee8db4e411556f122a23a3f1b10d5f72b37fa9e4191ee9c9f15a490
r6-tune1-b8-rho0.7,r6-tune1-b8-rho0.7,sel_win_w10_n256_privileged,298ff8fde7d544700a47e719cfc26fa582e92b3477902940c30a51705675bda6,09e5d60013cc087ac118a20c7c9ab3c2804529c54e96f2d543cca42fd1110cee
r6-tune1-b8-rho0.7,r6-tune1-b8-rho0.7,sel_win_w10_n512_privileged,ff1846dfc218d9b967a2b6121af533903b11fc3994bc9e8ea7ff61435b016722,a0b037e3131fe47e3f156bf524d1a9116f854ce95a758f5e0c476c6f8f0cd090
r6-tune1-b8-rho0.7,r6-tune1-b8-rho0.7,sel_win_w20_n008_privileged,69ff64ff00ee8ae40364308cf951bad7b13c7e5dde4e445bb99abaca44ed5c5e,c86a5a31bfe85aedb5799bac79fc1ecb0afa221d0a92cd50c00665bbdcd42912
r6-tune1-b8-rho0.7,r6-tune1-b8-rho0.7,sel_win_w20_n016_privileged,ee974a3c1ccd6f7ebb30811593d60e942463e018d7838c75925dba9de249a4d1,a646687fbb40654ebbe7eb112b46bfca1437289e33ee1688246ee3841a2c3e24
r6-tune1-b8-rho0.7,r6-tune1-b8-rho0.7,sel_win_w20_n032_privileged,a94fbf99b4241aaa84cd3718b39d769fb9258c6f12906f90d1ea7e584e61208d,cc3834f4b78dc4296dd1ee3ef867c292d97219d80c5c14b6061fac93a89a5b57
r6-tune1-b8-rho0.7,r6-tune1-b8-rho0.7,sel_win_w20_n064_privileged,0e0a757e5efa9ff2753f9b8061507b210780b3e51c4eb2f04b7dde4234b84896,5a2ca130754c183e50eda636cf064ccc481044b70354f5c37a044245ebafb9f0
r6-tune1-b8-rho0.7,r6-tune1-b8-rho0.7,sel_win_w20_n128_privileged,e4f367b9e9b844950cdf5ea86d0ba90f629492ce32a0a92a51cc755574d8fd2a,8b8da51d6815fa47ed6f3c7cb9829d206829b9706e8686e331e8e214ad3b6b53
r6-tune1-b8-rho0.7,r6-tune1-b8-rho0.7,sel_win_w20_n256_privileged,d83a4bd6d04c6dc512ec48488e2e60e3f9e39cf461784ae2b5860c8aefdc3810,dfa8108881b2889e834f7816059bf459bcb4803ee62495b9335dbb8b462a5c28
r6-tune1-b8-rho0.7,r6-tune1-b8-rho0.7,sel_win_w20_n512_privileged,eb44e9ab35f8bda3d987a9bfcf46cf3ad26d19aa32fc1989780b77854323a1da,3f3f59e649d136135444b5b46575dc7914da8aec3462617f1f9f5723b5dc0798
r6-tune1-b8-rho0.7,r6-tune1-b8-rho0.7,sel_win_w40_n008_privileged,4be03546b7873959cb72906924ab66316b71ef89e9413aa246f766a9641173d9,525e4700667e9527e365d304791b142460502276af91a18b9b481120d37ea724
r6-tune1-b8-rho0.7,r6-tune1-b8-rho0.7,sel_win_w40_n016_privileged,adb008ba1181bbaa0d8a84e197c8425273603b6d0115b9f5ed45d9ea28a7c127,b07c98c60e8d924e47a6ac211aadf20a0c7d1fee5605d93b80e285721b6e0602
r6-tune1-b8-rho0.7,r6-tune1-b8-rho0.7,sel_win_w40_n032_privileged,4accbe21a84746e2da315ffefffaa8df94496d19618c9ab5d03bdbd8ed193484,8d2fef4578b1b348a777a27d7ccc68298dc92445afc102ceee53b7f9e2ea3221
r6-tune1-b8-rho0.7,r6-tune1-b8-rho0.7,sel_win_w40_n064_privileged,9981e3a35967bc8af5437202f366f0255ee23eb190702dcff1d9faf5560c2b8a,e15bbf44cbb40c3519ec664ff2986211b22841072ee50b96415ab6e7b124f2f5
r6-tune1-b8-rho0.7,r6-tune1-b8-rho0.7,sel_win_w40_n128_privileged,586f219373de70000b2701455ba113c443e3c9fceb50e7dfa1078eb49e97ebc8,400e6dcaa4da6e889dc23a0e7ce56ca9f269f41e515952593b51f3fd8bad539b
r6-tune1-b8-rho0.7,r6-tune1-b8-rho0.7,sel_win_w40_n256_privileged,2587f488b3731373d2998ffc56fe55db805856ff73f55c407ac0a96241eeae65,9390345b19c076c318ae3df8e401323fa8072532996fdf547475820b1105d81a
r6-tune1-b8-rho0.7,r6-tune1-b8-rho0.7,sel_win_w40_n512_privileged,fe8400dbab2c9ad9c2062e80378fbdd9acc385b415739d776a896f85c327876d,1fad22411ac254725a66867b9711a72ca9090e71c98adb7fba44d4147db59864
r6-tune1-b8-rho0.7,r6-tune1-b8-rho0.7,sel_win_w80_n008_privileged,86c994f91e10046d711a47e4e8ac5a6846515e673d2d89da636096de99e65db2,8beb05114dfd3b70a32116759945e8a8b6b36ff06ec4e7825730fead8867fbec
r6-tune1-b8-rho0.7,r6-tune1-b8-rho0.7,sel_win_w80_n016_privileged,b9c155e7247cbba35c38e14b0bbe9429359ebae704387872f7981eb161e0ee7a,bb793d4f1aa5395272576474616d2097d990542c714cfcc2a82df47f1ee7ab20
r6-tune1-b8-rho0.7,r6-tune1-b8-rho0.7,sel_win_w80_n032_privileged,8113ac6b56b85b96607d5b51d00551061fcdf7b531295201cc025d7c2d9c570a,bb1ed109a4c59a395789f2af5b49ee67d5ce1ec83536b9923107743abf17165f
r6-tune1-b8-rho0.7,r6-tune1-b8-rho0.7,sel_win_w80_n064_privileged,a967188f4776f9d6bd1a786e8d61b7a4ec681cabde1eebd5a68f60ca4f506000,43afdb2b2a6d4bff829721667bdd64d69acb86ed830394b21c6f7d178d1e6281
r6-tune1-b8-rho0.7,r6-tune1-b8-rho0.7,sel_win_w80_n128_privileged,30702f64bfd21488d8be75b759f39db0bd270bcbc3153869d43cacc6d3292dbd,ec343d91cb33c59c20ad33844bbd4d31d01f90350cb79b8240b006f96fd411e1
r6-tune1-b8-rho0.7,r6-tune1-b8-rho0.7,sel_win_w80_n256_privileged,91fc53865693d4e2f8bc16c891559c3d5176c858fbdde01ada4ad98d2bd44c66,059331f41e1a08d648638767fdafe19d744b99a845f657fc1abbaa0fc65e1b19
r6-tune1-b8-rho0.7,r6-tune1-b8-rho0.7,sel_win_w80_n512_privileged,d99e917c32f44d526850b67fd03a8014cccb515c18f3e2d3cf80cdc9a35da5d3,04bf6a474c5e7a82090790d45ea25abafdc0ec489219a0c23796b76631bbf8c9
r6-tune2-b2.5-rho0,r6-tune2-b2.5-rho0,alw_coc_d00250_n064_d00,c213a9b3286266469dec37899ffcb0d6fd4fce3bb97bd7cc9356ef523e2ecc3c,4b97832d8afa5e8af49eea0ca4d9e4d64ffeacbb20a094062ecbece32c63278f
r6-tune2-b2.5-rho0,r6-tune2-b2.5-rho0,alw_coc_d00250_n064_d02,53a047a109f6456d418a0df26f25e7c252318b3e8eff35c3088441f0203f36ce,aee503c11a31ac7d0a1d527ed7f8257c28b57984fc40d6e1af9649d2c0af22c1
r6-tune2-b2.5-rho0,r6-tune2-b2.5-rho0,alw_coc_d00250_n064_d04,2059450447383c4e3f47d3a3c96ebc62fbea7f247ecb900f970c7ee15c320b05,e732e7a8a5590ea5f96b61158c74d9e7377f1edaca884b48babb12f8bdccc620
r6-tune2-b2.5-rho0,r6-tune2-b2.5-rho0,alw_coc_d00250_n064_d06,ebc254e5c3fa6f923112424c741df10ef99e63b03868c30986b946a62d432d2c,5f021df5946dd4d39c37d17af78bdfecbc3488b898abe73653ebaadd45f07a6e
r6-tune2-b2.5-rho0,r6-tune2-b2.5-rho0,alw_coc_d00250_n064_d08,c0f1fcfb5057e1ad90ac68bee9e83b41c5af1f8bd3465ed59335c9c3f5ab4470,d5a50aad8f0fb8fa0efbbcc13931e43b980c1439e2e5b80f4ad32dda7205731f
r6-tune2-b2.5-rho0,r6-tune2-b2.5-rho0,alw_coc_d00250_n064_d10,5f3aee64a606d9f1aa8dc90e2f511dcc8276209904a4ee4655fbaba956b38411,85b44efe45ab457336dea592138f1ddecc8d53e378e1c6fb85ad89e12f13e4c3
r6-tune2-b2.5-rho0,r6-tune2-b2.5-rho0,alw_coc_d00250_n064_d12,ae2bd8d7369e46785da5c576c77c5e625c58c5499aaf987e1a55729170242fd3,4e55ed04c4bdbaa824e3475e7da7e215e19a9a2da10f4ed0c5d61e82b2edc7bb
r6-tune2-b2.5-rho0,r6-tune2-b2.5-rho0,alw_coc_d00250_n064_d14,626520370e3d300edd2dbe090c4518a4617dccc96b69e8a95be853b5aed95959,7052fd32b9ebe15f1e83a06571b3c71f2e4e26da69b01ee2138edeafb79132f6
r6-tune2-b2.5-rho0,r6-tune2-b2.5-rho0,alw_coc_d00250_n064_d16,c554a6ab4f7a27646a28aaf3d7181c7fead19ec29f992df1aaf220f54ecd2529,034c1030da0e79be76b56a2cda8c8d06d3c020ee042c92df7728602cda6490db
r6-tune2-b2.5-rho0,r6-tune2-b2.5-rho0,alw_coc_d00250_n064_d18,f87de555f7fec9a83d9985348913f0eb3d2b90252a95a9cc791f5f1a25eddbd6,a97a7507022f58afe0364cb2964166f67f78d0c4950ac541452976927cdfce3a
r6-tune2-b2.5-rho0,r6-tune2-b2.5-rho0,alw_coc_d00250_n064_d20,e4a78ce32a3453d66b5046739f0f325b647d941881490852e13c5036a839f99c,db0441c217bb245b2112e034d63d67b790105d90b797f3b8f7aee5cd73955b9e
r6-tune2-b2.5-rho0,r6-tune2-b2.5-rho0,alw_coc_d00250_n064_d25,64caf08387459e65ebf5fa4e10e0b41615326e19dc5fecf40d857d5548f19f7a,cb83f60eb62b003d8e6235fcfe1836ffb2d172541e47ce66edec4b99af4c40b6
r6-tune2-b2.5-rho0,r6-tune2-b2.5-rho0,alw_coc_d00250_n064_d30,4553550eff0702adfea5028854ace044dccc02a2d10965b5b623467325122d87,c1a19f02a56d8c2cfd72386b247eb7d6cbb9af3a8d7cfb9c6b45c7d0a0b79b9a
r6-tune2-b2.5-rho0,r6-tune2-b2.5-rho0,alw_coc_d00250_n128_d00,1c4713bb9a8c9710498d2036f1e4a0a34a1d77cdf0d1d24203772c58357a0f21,2d1f50c250b66041040060628a1c3104ecec54527d4dc701c6d7368c1d4dba73
r6-tune2-b2.5-rho0,r6-tune2-b2.5-rho0,alw_coc_d00250_n128_d02,d3d4c2636127698dcf85a64e86f9a7e92fd7fd3b2a9e1ffb5e59a5470daf78c4,bb6a70050467c9cddce824f3fe5a0ad71d07b19aa072c20e9ecd5e10c1bcf638
r6-tune2-b2.5-rho0,r6-tune2-b2.5-rho0,alw_coc_d00250_n128_d04,ebff1d35bfd68766f0e66530a7084965d446a869cea6d11a2b8a0fbd96852ab7,702d697c87fd0a534f2f05aead1c3b9e82edc1059a9f26e3838228d7efbf3fa5
r6-tune2-b2.5-rho0,r6-tune2-b2.5-rho0,alw_coc_d00250_n128_d06,5b39085905d6ce106a07df8772501541ea3436fe4355473b1414fafc904ad00e,9988f59b3ee0c6eaf69f5df7a2c54a2725f787c9940a7165c27f74ce34a11652
r6-tune2-b2.5-rho0,r6-tune2-b2.5-rho0,alw_coc_d00250_n128_d08,a046aed20f7d558ceccdcb50e4c394d5fda50cb41070c4fdef5f8a2bc340fa7c,27107e8c40409085366355ac50203a70b09e0cdaaba5e43b01688399ca07f440
r6-tune2-b2.5-rho0,r6-tune2-b2.5-rho0,alw_coc_d00250_n128_d10,a84cac400ccade40199b3b957aae9f4d733284d079a32874bdc9b55203a8c852,96e5c7ac57b7218eac5a0ddaa0eea6f4790353a06517f04615f25419695c67c3
r6-tune2-b2.5-rho0,r6-tune2-b2.5-rho0,alw_coc_d00250_n128_d12,777a2ae581536fd0709a4b3721cd2e828b8404835952c779ce4d90dafc0e8723,0e924b75331d66b32065e94ff866952e6f5d5ffdd3e8d5abd6fd4b116d0bd999
r6-tune2-b2.5-rho0,r6-tune2-b2.5-rho0,alw_coc_d00250_n128_d14,47579b2821d3d6a3fe23d6f459d02017ec4c6fc42b1713100496196d2bb6fb7d,a9e0a2ef549d7e631f029ca93382e4b3c201f613e0185173438663e9d649f0da
r6-tune2-b2.5-rho0,r6-tune2-b2.5-rho0,alw_coc_d00250_n128_d16,962e296856be9d5140e7a04080213a689c14de7ad6e2b68d9bfb0881a3d70357,f741f7635b188a11dbe0c89a9d37cb16df8437b4ee4c76dc8fbf752d3ab2fd1f
r6-tune2-b2.5-rho0,r6-tune2-b2.5-rho0,alw_coc_d00250_n128_d18,10c1d5209f61f30785a3fcb4848e751790ed80e8f88b334570bfdbe3178c700d,916a01206b1161ce8e513887ea13b92c09827f9194ed1a47b34957dcbc351c05
r6-tune2-b2.5-rho0,r6-tune2-b2.5-rho0,alw_coc_d00250_n128_d20,3bfa717b561e3931e2634315213e34cffea8077655e1508e93df8b0addfcc8ef,c16fb4158a4d07608a60a8156d3bd06a0b1bd7275b2b6e0d85ac6db457102dc9
r6-tune2-b2.5-rho0,r6-tune2-b2.5-rho0,alw_coc_d00250_n128_d25,73cdc5c492eb068efddd05ddd37d80350955ceaae80f7f2915dfde4c18712c3f,4d14501bb4ff9ee0dd19f838fac009a08a3cf436a681c905f83dc639520d6618
r6-tune2-b2.5-rho0,r6-tune2-b2.5-rho0,alw_coc_d00250_n128_d30,ec2fcfc4ab3a2cd451b146554501f615158f3bdfaab850755043cea9d9b812b6,88637fa010508d13771cf2ccb6b227d63bc900b60291365e5b6b4fe1d1860ef1
r6-tune2-b2.5-rho0,r6-tune2-b2.5-rho0,alw_coc_d00500_n256_d00,f14a1a70bc0ca5c406acec7e7aad459430461610686e03f6b05860740933222c,be2354078f75be82ce6167b9ae3139f4688678a9bd4cf042e8825b74e7dbf034
r6-tune2-b2.5-rho0,r6-tune2-b2.5-rho0,alw_coc_d00500_n256_d02,c04c7f004f4df0bbaf12cd5406d7373964006755f4aaa59d5faa39ad45f326fa,a1ea47f0019f3b0214be08a62ca4ab734cd79ca0d8a4880407fc1a85dd4602b0
r6-tune2-b2.5-rho0,r6-tune2-b2.5-rho0,alw_coc_d00500_n256_d04,368e79e03269763d3d8b7b432e74cfcd9fa9188ceb77b3e9dac9f6def3a1f1ae,ba8854f50dc4874b6ab2f59918716e4f0a22c0a4c07c34b78c96e2600c9a4b06
r6-tune2-b2.5-rho0,r6-tune2-b2.5-rho0,alw_coc_d00500_n256_d06,d1c189b5c68e2579e62abeb3f18c9a5529421e7bec6e77929b5590c480ca24dd,248d8e0a08e9e07bcc1a87e624f63ef07118c728bf9c174e5901c0805dd9aabe
r6-tune2-b2.5-rho0,r6-tune2-b2.5-rho0,alw_coc_d00500_n256_d08,fb2e15039e9a5202753dc5d10ecc510afa9ea00cc1f8b60381060f6ce8d78fa3,f4aee2825c7c430ca9c186b9c66dce41e46c61624d035992a88b00585b22e566
r6-tune2-b2.5-rho0,r6-tune2-b2.5-rho0,alw_coc_d00500_n256_d10,4ff3963300f339bc1c7f5b01c6a3ff2ba59570effb4304f2febbfb5b200625e7,aec065ec22133d43770cf3a38e268f79149c7334db9b02541dc61eb142098b16
r6-tune2-b2.5-rho0,r6-tune2-b2.5-rho0,alw_coc_d00500_n256_d12,c51849a7cca67fd93a846b0eb473bc4ccdce2a30a6e988fa8f0d127697574779,f6611b0fd89b3886151b0ced1aa494ab2fc33c236cae9e964c2336ffab4bc9d2
r6-tune2-b2.5-rho0,r6-tune2-b2.5-rho0,alw_coc_d00500_n256_d14,1f11f7d51fe14039c5771dd2a204e32bf7b73a40652e5a8c09b42a8e010e54e2,c3e31896661020ba4ba4d0bfc811c29aee4687182f6ff783a7a6a9cc7108c0c6
r6-tune2-b2.5-rho0,r6-tune2-b2.5-rho0,alw_coc_d00500_n256_d16,b7ffc15342d4be74a837e341acff212e7585945a9639eaa14f899d50684478e9,85612ead8953699770d79ab8afbd91f827c461892b141b9fbc389895d4ebc9c0
r6-tune2-b2.5-rho0,r6-tune2-b2.5-rho0,alw_coc_d00500_n256_d18,1345f485b9b106bd38d56413bd0e89e77e6d719908dc043b26fcf8e81b2665cc,01f5fc41d8a2886f4d0a68174eac3ea87707a11c6be0db9eda0ce4adcd574f54
r6-tune2-b2.5-rho0,r6-tune2-b2.5-rho0,alw_coc_d00500_n256_d20,abe70d581acb536d69d80ae3cc356d695c5eb3814aee9e29d01c6af08e21736b,d3ad551584c68455301fc9628e201245ab566cc4df021daf80463ac1579ca709
r6-tune2-b2.5-rho0,r6-tune2-b2.5-rho0,alw_coc_d00500_n256_d25,70b627b19a86eed84edeb7c7696aaf55011a8f6a93664ae21aa24791fd74cede,991b681b9ee8e110d6181cd72585145636ec55e2b209a5d0eb625527cb126a9a
r6-tune2-b2.5-rho0,r6-tune2-b2.5-rho0,alw_coc_d00500_n256_d30,f4170afa91a25f657e32ba6f738ae7f9fbe1c51ef22c9541c3613fbbdb843752,475bfda0e84297f853d123316a31a357c053bed9a983321eef5cfb7d324f1472
r6-tune2-b2.5-rho0,r6-tune2-b2.5-rho0,alw_coc_d01000_n064_d00,eca19ad8fb086133de5a414857ee50961adf48d6835a303379096731103ab19a,152aae53d4b0d7b8059466edbd3bb864c48ed61a381f4fe0625ab521bd7615be
r6-tune2-b2.5-rho0,r6-tune2-b2.5-rho0,alw_coc_d01000_n064_d02,fe71ccb19cbbeab4c1c52cb92a9eb5ee177d86ac1eb2297b88ae47cf65b34756,78cf460cf32f5463a546f7b2e0012be502aa4a786685f52e427995a64f4959d9
r6-tune2-b2.5-rho0,r6-tune2-b2.5-rho0,alw_coc_d01000_n064_d04,bc9ef793bb8aebcfcd54eb624817a5b415b78eeabd3f92d6c9f7878b0b7dc1db,d277c7bc4d4d5b9a09aad3be66f897ec9b4b2f39e19d44b06e3d81524948f902
r6-tune2-b2.5-rho0,r6-tune2-b2.5-rho0,alw_coc_d01000_n064_d06,736eb7af41349842d953ca1e3eb6725eb2d3a6d647079a8695678231e4bee362,5bc2d2a3994afccef436cb2fafe205116ca1aedd6e934529db7c715a7526724b
r6-tune2-b2.5-rho0,r6-tune2-b2.5-rho0,alw_coc_d01000_n064_d08,ace8c4e285ac3df9a1c3907df08a17eb0e4800c711259b6b115f9d54e67a278c,2266f6661dec4efa92c7214f4b1d4ef532e66ce8c0442f9d6889a55580ed67fd
r6-tune2-b2.5-rho0,r6-tune2-b2.5-rho0,alw_coc_d01000_n064_d10,2216ea3722bac6c3a49df97893e030780639f7231e4448e53a31c65a4cc66145,68cafae26a51a659a9abcf78773f028beaaa6de7277f57a0c1e4afcf09c3bc11
r6-tune2-b2.5-rho0,r6-tune2-b2.5-rho0,alw_coc_d01000_n064_d12,6963abd8dc9d98d362ff0bafb8985ef72c2c0cc5f99ce23cbf47060742df8d1c,220961abae362e4fb4b8f7d0a74fad6ce6ad4dba11e110d414ea69c5f108f609
r6-tune2-b2.5-rho0,r6-tune2-b2.5-rho0,alw_coc_d01000_n064_d14,d715b953714173eb9f07181802afa3a00a93f315078d78d532b6ac68c93d0571,03efeb7064d4240eb8e23f4782282ea8184c8feca54a38781e83b7745d143f38
r6-tune2-b2.5-rho0,r6-tune2-b2.5-rho0,alw_coc_d01000_n064_d16,dc2adbac047a761d9709c94c69f612370800cfa6095ed87b08f18c0dd746f73c,3c74f6d14abf8b11b8fd79ef21cc5070646c85e7063df69390a5c276672bf230
r6-tune2-b2.5-rho0,r6-tune2-b2.5-rho0,alw_coc_d01000_n064_d18,30df7b28ccc18fc44edbddbfb44cab8b20e1f0204731f9ad78dcde206074611c,301a4031d53100ec357495cbdefeefb7038960d02fa215fc648d306240a5bfd3
r6-tune2-b2.5-rho0,r6-tune2-b2.5-rho0,alw_coc_d01000_n064_d20,62a3983ed8acee1cc9049acc0f81e06e1afdddde9e7e0b06176abff702f8affe,f8155f35d90b57f7c5c69a1a719127dfd43ce7256f621cf026c006a2b236bc57
r6-tune2-b2.5-rho0,r6-tune2-b2.5-rho0,alw_coc_d01000_n064_d25,ad689f1743ca40d35e893d137905c3e97355f654db47d217691074e8ac87499f,9615e9282b0c4d3c4b0d5c9068f400a056bed0a1e6f90b90b52ba5872ea562c3
r6-tune2-b2.5-rho0,r6-tune2-b2.5-rho0,alw_coc_d01000_n064_d30,d765015794d1d1176ce53a02256632fe58f5c080b21f31635d8e467041e269fb,cd0ff95cc91e6dfffbd63635e1cf67cf808384c0e26eed0dd8f446e93f36e079
r6-tune2-b2.5-rho0,r6-tune2-b2.5-rho0,alw_coc_d01000_n256_d00,ff4a190874caab9fc96149b3f71f4a16b35cc6105bf55dac090dcc883f725098,37f9f661ab39bab6cb315463368c2f369d1fd7dd3e0509f3369985257b7b7ffd
r6-tune2-b2.5-rho0,r6-tune2-b2.5-rho0,alw_coc_d01000_n256_d02,1928722c911ba9289d9d57fdde7e22c39acfa83807179bd6d3890c8c1fdf7071,fdc385bc0af40d4946b09b7e87bb0c75b96270bd244d618febc4ee1e34236399
r6-tune2-b2.5-rho0,r6-tune2-b2.5-rho0,alw_coc_d01000_n256_d04,2629b63868f1469385fcf677fbb4f6be32bed5d0213d22e3b3971752a4b78065,a67b7f995b359f805ebca1fc541658b1f7c1b218d56775f83e0e3874b01e2dac
r6-tune2-b2.5-rho0,r6-tune2-b2.5-rho0,alw_coc_d01000_n256_d06,5f0f5fcead470ca138d45f0c03eb8d7ee6ca225e1a3c6d24bd64fcc4dafa0a73,6506a38104201f5fa12aeb407a7912c0e36f60ea59affe9b28effc5805e18618
r6-tune2-b2.5-rho0,r6-tune2-b2.5-rho0,alw_coc_d01000_n256_d08,9d830fdf6f6c5deb54dae0039a07cf21dd76980b112d1561b0523cc2319e78d8,330d89e07c94c903a740c714dc7ac50dda4938780ab69c6f9bffebeaa4191e72
r6-tune2-b2.5-rho0,r6-tune2-b2.5-rho0,alw_coc_d01000_n256_d10,023c76702b668e3372689d684dacd475d06a147286139c03b39744715a82e6ef,1a6f321162e186dad9aa026543fd0e3d1c72e9606609d6a18b600a768e048597
r6-tune2-b2.5-rho0,r6-tune2-b2.5-rho0,alw_coc_d01000_n256_d12,75d96ccc36b4c1f1a081afd824530a8c289fb198913101feaf5975c6221637f8,438bbe4e7158e7309df2d895c852003b58b2decb2e438981239998a64e59c361
r6-tune2-b2.5-rho0,r6-tune2-b2.5-rho0,alw_coc_d01000_n256_d14,ac4363c171470bfbe6e3770a49aab3d65f012c1219cfd7baa08b7b6baef25519,0c76456d042c82da994e8a40f84d5384a52a0c890597914c7a0e8da5ef36a3dc
r6-tune2-b2.5-rho0,r6-tune2-b2.5-rho0,alw_coc_d01000_n256_d16,6e77cf25d1fae42be4df9d80191241c4b5e5e6165d4ffd89254b6ae677868b58,b3ebcb0b2fd793cd080f7baa847c900222ad1439b931b10dbee1782639178f7b
r6-tune2-b2.5-rho0,r6-tune2-b2.5-rho0,alw_coc_d01000_n256_d18,1f0cb9bca4a40635ba99f8d8b4d807d6a18efadfc7a4e229e0a3e79e2b592209,7d1f45cbf01c83e59defe75148ec7f17d9bc307f4165eef91c2848336d57d1cc
r6-tune2-b2.5-rho0,r6-tune2-b2.5-rho0,alw_coc_d01000_n256_d20,f6d5ea480aef86b208812b6552ed674f7cdfe829c157e3f09edd1cd2c2016448,f233d06b47b79f5b72ee4a57826d51f37187e2c7ff37e8994627d242c938718b
r6-tune2-b2.5-rho0,r6-tune2-b2.5-rho0,alw_coc_d01000_n256_d25,869115c5c67b79fae7d7ac8a677c4513a5984bad2bc457dbf9526ae1edf77479,2bcb9e64de6a4bddcef2b04cb010bb285523bc526be2fe3d14e5993beef9bcaa
r6-tune2-b2.5-rho0,r6-tune2-b2.5-rho0,alw_coc_d01000_n256_d30,bce27ae10a2e7acbde1c9d70d6cb6dee1421564a8c15cd08ba66f49e53ed6bea,a197bac4e80aa7db410201b30f7475d97c676649421312212b74f5ace8b2a18e
r6-tune2-b2.5-rho0,r6-tune2-b2.5-rho0,alw_coc_d08000_n256_d00,0ebbc982b39641e7d5b56cc1c69119d276a69d56da41631c0b8656d891c1f3e5,f392d005dd0c6fd3bef639fe9175cc880dac5fd5596f37fa3fa2d36ad1cadac4
r6-tune2-b2.5-rho0,r6-tune2-b2.5-rho0,alw_coc_d08000_n256_d02,1d444968dc19ae9d31ac15eb04f0958cdf0a97613de5e05f4d9e66f71d5a4d8d,6d96ed58391b97af5190c02d43eb7366b562a856b65660e829ca5f5751b3e131
r6-tune2-b2.5-rho0,r6-tune2-b2.5-rho0,alw_coc_d08000_n256_d04,5253da25385b669fca993145305b31d60b259cad465543277ac44969ab1cb701,d176b8b8d05348fe4d8168689b2aa95855919224605a28962318f7c777b72d26
r6-tune2-b2.5-rho0,r6-tune2-b2.5-rho0,alw_coc_d08000_n256_d06,1955944f50e6bf6568e600b5037011e0ca87abe07b0b6c941c1d6e310cb67265,61ea7268f120550308c5261cd1c9c5633832b88685f270828d0ffbe5d62e5187
r6-tune2-b2.5-rho0,r6-tune2-b2.5-rho0,alw_coc_d08000_n256_d08,88419664555f550d669276cb9dad33449931c004d85853293b1a8a448cc796c2,858b41c8210096d1a41b6ad2df98b3c69f88c360d204f2f84c6f7e40308ac98a
r6-tune2-b2.5-rho0,r6-tune2-b2.5-rho0,alw_coc_d08000_n256_d10,6619c88be03d5d74fcc11690052d789fe34b1ca2e78c7c1d795ab153a43ef26a,8a85c18c4d64365ae02004c11f79e5f95912af34e8fe768cc26834803f51006e
r6-tune2-b2.5-rho0,r6-tune2-b2.5-rho0,alw_coc_d08000_n256_d12,98cf9d46c17d5c7a27695b0a395ca2b72fbc62f9f64c982668329fb075a4a0ae,e468192c4c7297453e6b9952219d65211b431881b78710c36a144276b051cf57
r6-tune2-b2.5-rho0,r6-tune2-b2.5-rho0,alw_coc_d08000_n256_d14,f53286491604835252539e0eb6ac1377758152a731c20647ba1cb8783a028f35,0607ca9e05bb077886b2efd7f6290db3dd6fcab1fe319420b08b54e479cad005
r6-tune2-b2.5-rho0,r6-tune2-b2.5-rho0,alw_coc_d08000_n256_d16,cb12ce2f9ddbc7cef0f88c91bfab0cc4757f0cf8fd9a34d6a7b25840fdd3e3d1,81ee7e6397d46c496cc17a57486d6b751fc26ca1db92e7d9a6bab6f70a4ed5ef
r6-tune2-b2.5-rho0,r6-tune2-b2.5-rho0,alw_coc_d08000_n256_d18,b42ca92c085759e9c37121d410ec9564e9dae12148bcf485de8e1c985dffa1e4,297bb0501e266e50db2868de59f8a934fe767ccb2ba95453d15c3586fdcbb410
r6-tune2-b2.5-rho0,r6-tune2-b2.5-rho0,alw_coc_d08000_n256_d20,d4fd8beecb312f9459f7a81ca7338b5089757dacfb9682df2ce6f4100e4602eb,0dab373d0ecf1266914e6cb15ddf28961ee9a783176445167661bf0a822b5f07
r6-tune2-b2.5-rho0,r6-tune2-b2.5-rho0,alw_coc_d08000_n256_d25,f03c14c4ea25dac115f71ef33757dcb346de8c66b85b013a5e2dea29d4ea1ad6,32722e0360e0928e9353c3d9639e8a2f43965a72c0e66f2c02d33664b3c19e98
r6-tune2-b2.5-rho0,r6-tune2-b2.5-rho0,alw_coc_d08000_n256_d30,4239b18fd99ba908296ab6e3ed74c01f1510926630acea4f2743b6661d59d819,0b77a1d9493c3aac84aafeebe86bea1154fcefd07906a1168d618fe12283568c
r6-tune2-b2.5-rho0,r6-tune2-b2.5-rho0,alw_nbh_k0_n064_d00,8cbb1f5707c4a92bd8f758eaf1835dee81f8345bc8f1323530948f64b0fc4506,de543aeaf377252e054ac61e01cf9be82df3df9ad83125fabd6a2a997de0ab58
r6-tune2-b2.5-rho0,r6-tune2-b2.5-rho0,alw_nbh_k0_n064_d02,b8be0f15df60e57160f68de47db2611e629bfddb027e3ed2a1d499c41f377218,3b86c37bf8555c9420f294c042588e1b6729d095e36895f6a7268d54f0a65ad9
r6-tune2-b2.5-rho0,r6-tune2-b2.5-rho0,alw_nbh_k0_n064_d04,ce67a946cd1f246056fc1b9e9f2e0ed697e7ad153b6001d67603f67ae8f96818,f518f7b1fb232cca89b5b420295937fbcd69b90db19259da5de9350ea530bb09
r6-tune2-b2.5-rho0,r6-tune2-b2.5-rho0,alw_nbh_k0_n064_d06,9f881014552a475e03603aab9e1a8280c830d7139b0cc61714386551a2bce13f,34d97fa0b2aa6a4d897e6046cb053a27a5a95f42b3cdb1e35e2b2918bf7de607
r6-tune2-b2.5-rho0,r6-tune2-b2.5-rho0,alw_nbh_k0_n064_d08,ea36a843a35da1f919f5af04125ba573514452c1d18e21de654136e307c1101a,f4d86acdde0980357eb3e9fa14388a2b0cb30690d9ddb37c873f2bdaf185b146
r6-tune2-b2.5-rho0,r6-tune2-b2.5-rho0,alw_nbh_k0_n064_d10,d7d25fb725be89d0201c829b7e03798dd92604a8c1b79f3eaf05958b95813609,94debd6c3120f375fb90381180cc8f48f0147d2ee287379a789362d852866daf
r6-tune2-b2.5-rho0,r6-tune2-b2.5-rho0,alw_nbh_k0_n064_d12,90d27939ba80aa9845165d2d9b2f638d2e032f53cd8aea472a1620546c41c477,fbb503b5e0bca93f2df8c8ce89c23c88f59eac7f9ecd992e22a3976a1b9f0d57
r6-tune2-b2.5-rho0,r6-tune2-b2.5-rho0,alw_nbh_k0_n064_d14,ae1270773ab38ee641889ed46dbab1b69c9b8d4baed9b36906b84445a5400776,c945151695a98ecd6d5e862915fb692a1b472194ba3a6d652a49ea61b7713959
r6-tune2-b2.5-rho0,r6-tune2-b2.5-rho0,alw_nbh_k0_n064_d16,824336d3675ee8df6c7ff4db45f5744a14984b7b48d85412b0762ce98bfec563,9c3ba872a38b5ebcba66da13568a18a986cc5d45edc21a46468f4b6e949ea348
r6-tune2-b2.5-rho0,r6-tune2-b2.5-rho0,alw_nbh_k0_n064_d18,d3fe28b0ddbdd026aa6139f79e019af37c963c80e4cb04d8d3020a0a0e9e6a19,217c8a54cb2373a91d2b5464f23108a947aaad1110584c4b492c3e84d3b322eb
r6-tune2-b2.5-rho0,r6-tune2-b2.5-rho0,alw_nbh_k0_n064_d20,77d9baaa67bc13f392e1fa3ff2c1e84b29b7affb8839d68228bdf3494c33afe8,1d3b4a9c256aa38d4af0d609bec74328a42c025b69a931ced4eec2c0acdbf98b
r6-tune2-b2.5-rho0,r6-tune2-b2.5-rho0,alw_nbh_k0_n064_d25,21684578757b0ee6861370c2d2d4dee7cc254f05f1dade148440cb14cc05392f,caf171ffc2ffbe5a226e76402a84a1489df87a194e196d0ce61b2d174090748a
r6-tune2-b2.5-rho0,r6-tune2-b2.5-rho0,alw_nbh_k0_n064_d30,d9f79cfab9419e1a6a69787366c2a33d4a67bc560b4e742dd91d5b08a1f36ee1,d5436f2c74fe8a9b1aec987eaddbfc9c526ed0396e038742f103e334abf848a4
r6-tune2-b2.5-rho0,r6-tune2-b2.5-rho0,alw_nbh_k0_n128_d00,f79dcfdfe971f3d724b50fded7dea9752f7a04dd61436ae188f44a3aeec27c4f,1f90a31378e4991f3f4bdd3ad8baab1b098f4da7ac1f951c2a5a9ecdc65235b4
r6-tune2-b2.5-rho0,r6-tune2-b2.5-rho0,alw_nbh_k0_n128_d02,2fee3f9a6862f6429f89491ce3c2cba311630b6f18093afc1b55f1d256d87903,b72c707613f3d92a7a60ffd40ca554ef1b4810f632280285e49919df539cda85
r6-tune2-b2.5-rho0,r6-tune2-b2.5-rho0,alw_nbh_k0_n128_d04,cca12d57e5583fc4597fda5dc1d2aff55ca29138fc545af6503b3528e6ff6527,dcf977e6392a02afbec8dfada8836cc3bafd0c01d977e842ea54e4399e4f6c9e
r6-tune2-b2.5-rho0,r6-tune2-b2.5-rho0,alw_nbh_k0_n128_d06,77e22ca8861736143266f7aef5f1f0b54889883cd89aeeed3b84c4dce793c7a8,d3f85a29285e4840ea226e44fbf789e4d8216801a9cec7b081b4f067b60d62e9
r6-tune2-b2.5-rho0,r6-tune2-b2.5-rho0,alw_nbh_k0_n128_d08,2181bc080244dbb905260cf9847a2c26de669cae9f2096d1afba6351212ec1e8,367734a0c4499e96167814a16ba00a842afa0bc6551417658c2cea893f040e79
r6-tune2-b2.5-rho0,r6-tune2-b2.5-rho0,alw_nbh_k0_n128_d10,6586b63bcaece65ed08c74279367c17313de4cf5d21688c8fcb2323ad7c3aab7,693bb719a9ab8cc2fb1e2cf9e6aa8678498e6e86cec98859aac0d3d045fd932f
r6-tune2-b2.5-rho0,r6-tune2-b2.5-rho0,alw_nbh_k0_n128_d12,362aa3fe67aebc80abdf3ba246775a6b0fa051486cd1060b2df99f6e95292d8f,18e8327cfa08a6761c6ef02390a5acf6d4355e343cafc13b20df60744c74cc92
r6-tune2-b2.5-rho0,r6-tune2-b2.5-rho0,alw_nbh_k0_n128_d14,71d3c1b519c8ac7de4812a661be9fd27bae86b2884afbf92ec8e65706f47a276,12fe33b26e780307231e8a26fe28b1c68dcc9eccfc2f594fc53b670fd67e5edb
r6-tune2-b2.5-rho0,r6-tune2-b2.5-rho0,alw_nbh_k0_n128_d16,6549d700957818136af0dedf1ff876abc21b730851676e20f21bec2186b361e3,0d36407aa0c073287854c1dd52269b5b4b633714ec5ee7e5d2154741dc39ffcb
r6-tune2-b2.5-rho0,r6-tune2-b2.5-rho0,alw_nbh_k0_n128_d18,642f5c31ab708d6629afbddb526bcf842f718f6f79e09df242b82a8a9aa899e2,85f5b2a36cba4270bb974f35e9fbf498d3ab75d68c0a2fe0f2aad79d3b208fc6
r6-tune2-b2.5-rho0,r6-tune2-b2.5-rho0,alw_nbh_k0_n128_d20,5ea32fce9ec8a437d9f620bf9a786059d8eee6a93c57e46664aed3923a17d42a,5274a2d3f2da465bd1b533e62198e0d91b60e125c5e7e5415608852318f66030
r6-tune2-b2.5-rho0,r6-tune2-b2.5-rho0,alw_nbh_k0_n128_d25,9e326a1fb4c6efd5d03f6a307e49445463322d94a07e7695fe7fff3aaf4aeddc,a531dceb8768c291a9d31edabdd56498a6318dfbe723b2f5e85310561d44ab14
r6-tune2-b2.5-rho0,r6-tune2-b2.5-rho0,alw_nbh_k0_n128_d30,ce309b757946ff0b93c391f758ae350ce2e9ededcdb41473bf678cc3863f95ec,10eb1c5b962e66ab25d1574f59f18e51b699558e98fd7c110606e494f64fe53c
r6-tune2-b2.5-rho0,r6-tune2-b2.5-rho0,alw_nbh_k1_n064_d00,033106769c4e013e46b01d38474f7ba8cb5a011b82fe219b65d2c6d5d97aaadc,aed9f25c9bbbda212ad70cc2dc489c4f6157bf093b4120ac5294c41541736455
r6-tune2-b2.5-rho0,r6-tune2-b2.5-rho0,alw_nbh_k1_n064_d02,0698c75b4e494296af26d58cd57ad6bdcd279db2da141dc04eeceb2bd14fb357,290c26cbb0bfe4d932a6914e4b8cf32c3aa6b53007fd03290efa39f26e632c00
r6-tune2-b2.5-rho0,r6-tune2-b2.5-rho0,alw_nbh_k1_n064_d04,7841b2cc173de8c155b29766525a95bd01b77a07d34f02c2c9810558eb23ed90,4916cfb43ba24015c2b03d249657e584e4ba9f15bd50a360b643cd25bc5f49d7
r6-tune2-b2.5-rho0,r6-tune2-b2.5-rho0,alw_nbh_k1_n064_d06,4cd6ef2d73cd26b668de45f4e5d49975594fd8abad69338607aff6f21d0856cc,15b1eb6ee988598c9c1ef6348d023bacb7534a7bf7de859449e0b2d976b58970
r6-tune2-b2.5-rho0,r6-tune2-b2.5-rho0,alw_nbh_k1_n064_d08,ad8b196338ef2972def030d80446119ba412e07317421f4553fc6fe6c646f766,f0266a3af3599ef0a98e7241d1cb97aa2ab71d0d105fc8006df8eb6a42d02949
r6-tune2-b2.5-rho0,r6-tune2-b2.5-rho0,alw_nbh_k1_n064_d10,a73d1b89966ff8e2040ff7a667234c2b699e6fb95639330467c725133a755ec1,91e43ed82c1e59d710630a966f0af051480b7fc9fea3d73a355089e739c1dbfb
r6-tune2-b2.5-rho0,r6-tune2-b2.5-rho0,alw_nbh_k1_n064_d12,1bcd5615ad703fa643477ae45b33df5f95f3218054d0e8ac35ad70d8fb8f4be7,c5e5061b7ae894fda789ee248bf2a51b402848b282bf4665da65ef80bab21375
r6-tune2-b2.5-rho0,r6-tune2-b2.5-rho0,alw_nbh_k1_n064_d14,83261e9c6b13013fd30c9aa4504918f69b384811bc490e4b103748203327f55c,b3c3027b92c5eb14006f62ea074edc2d154d20319a6481696147b703de5a1daf
r6-tune2-b2.5-rho0,r6-tune2-b2.5-rho0,alw_nbh_k1_n064_d16,f8345f32b79a8aa7833ea51440a6e347f94811ecab0280c785a6a876d57e4495,35f7b7bc8e2d9ffbbf9554f1bfdc8cb7523b08e37e4ea662caba9457ee454cd1
r6-tune2-b2.5-rho0,r6-tune2-b2.5-rho0,alw_nbh_k1_n064_d18,fa1d7715219dee6baaab39345af80cf5cc007d3bf7530cd619486e88b576f930,bc6b1a91e8239f24a47634701c4c4106250a56deaec4183016ba918d18dcf0ce
r6-tune2-b2.5-rho0,r6-tune2-b2.5-rho0,alw_nbh_k1_n064_d20,097b3e247cf8d6432d07b1bcef3dd710b026e31de52fad1c58309a64e272cb23,e1421acb03c6233f385dbb2d7b48b628741cce2a4ea6f110f3f7602561c695c4
r6-tune2-b2.5-rho0,r6-tune2-b2.5-rho0,alw_nbh_k1_n064_d25,75ccee66bd44026a84b96df832c7ea72c655e1c1c9545daa06a07fca9fc716d6,75dc82bf43c7d0a2211ede42d06549b683e3302f485e8e11e7adec587ffc8318
r6-tune2-b2.5-rho0,r6-tune2-b2.5-rho0,alw_nbh_k1_n064_d30,0dc4762e2393a7dd85c28ab7f2e2fd07a3e950b9e4c927bdcd37e83a301ef27e,d5c75ade7924cbfdcd7d458adf39174d141c2aabbe712f690f881c2b709fd94d
r6-tune2-b2.5-rho0,r6-tune2-b2.5-rho0,alw_nbh_k1_n128_d00,31008b59951b89846332d1f46555e297f3355b689a0f91fad01845fa11a2166d,c6b682a64fef59c06590f2cdbde1b0a392f6aa2b1c38bd9487774bd74afc7305
r6-tune2-b2.5-rho0,r6-tune2-b2.5-rho0,alw_nbh_k1_n128_d02,00634295e512288172500cf0fb3f98b79283e65108b9e348909db9791c18386f,d4f8f1f44080f786e52540b1d9c1afb3ba82bf30b512570882313e7795a5cbf7
r6-tune2-b2.5-rho0,r6-tune2-b2.5-rho0,alw_nbh_k1_n128_d04,5a41c69991ac89a516af3c2802b74c375fd22516421409b2ea85136ae8aee1d4,59d6f6738f5c75aa5a0478715272f7e36296954b624e981c7e7e5fce7c93eeb6
r6-tune2-b2.5-rho0,r6-tune2-b2.5-rho0,alw_nbh_k1_n128_d06,ca70afc385bf1fbf11c0c5bcedc2408e4171256efb6454344552cd3eaa7f7a44,6046058b859c241d2027564180ab28869505972a9b37b967e51543b2a2e0b2a1
r6-tune2-b2.5-rho0,r6-tune2-b2.5-rho0,alw_nbh_k1_n128_d08,49a85b5861f129e282581c7e5f963ae1a1efe046efa25a3a062b42b264626655,d731b9eb0882fc1500bedea1575c3d221e869fd672f76459942f981fc58d5587
r6-tune2-b2.5-rho0,r6-tune2-b2.5-rho0,alw_nbh_k1_n128_d10,d34ad1296caabe5138319709c80d185bac4e6664cc9b1d41f4741eeb591fc98a,e948d2def86974017a12440ea0e01d3887f86d7f90756eb007b99f348dbdc92b
r6-tune2-b2.5-rho0,r6-tune2-b2.5-rho0,alw_nbh_k1_n128_d12,e26768b4c3f0fb14ae4a0b67026e2a3a845abe674dddaca74da46dbb2afeb59d,c0bb30634c7757b594729c0da720c64073f91b0b203419f0700fcea8be259454
r6-tune2-b2.5-rho0,r6-tune2-b2.5-rho0,alw_nbh_k1_n128_d14,a75ea53900f1e031b2647845afeeb405ba1214b6469a9ab2a8c49716d75ddfba,21b1adbbd5635fb66d3f88f6d8e57dd12d3cefe9913d776b01209fd8c16ba9fd
r6-tune2-b2.5-rho0,r6-tune2-b2.5-rho0,alw_nbh_k1_n128_d16,9e787a32d223f14bb54a0952adb70dd12d478ed2e66bbf1aec7889a241f0fe6c,22edee832e64fd379249fd4ac6658c6755100cc87c9eab167e1536a1c1b20be0
r6-tune2-b2.5-rho0,r6-tune2-b2.5-rho0,alw_nbh_k1_n128_d18,8b61d8e5bfa8399a379dd9606ace48f7c295ce1996ed072ca33ec65d76ea3837,8861685b499dc0afa4fa2e9b5aa7e7d1295a5f11e415397b28a4de89c2507d41
r6-tune2-b2.5-rho0,r6-tune2-b2.5-rho0,alw_nbh_k1_n128_d20,5486fe4dc2c9451ad5edb1f2b792b98265c57a4c745b9c2af587cc9cb5948c75,cb499367af3458939e16fabb0254e9155e3c49d768ea0e28e1b8237fd46c9332
r6-tune2-b2.5-rho0,r6-tune2-b2.5-rho0,alw_nbh_k1_n128_d25,72e8ea6df0f056d1041bd5f165fddcebb4c5c095b3b57e869116dcf363155d61,9250e2ddf75d2209b4ac97377d20baf4c0dd4e781a13d358260d33a863d40c52
r6-tune2-b2.5-rho0,r6-tune2-b2.5-rho0,alw_nbh_k1_n128_d30,7afd5795c19e9efb3c473a2ae4eeef1456af4334ab2db4677cc89030d79947a1,d609f2cb06dffbed4ec2bb6eb05988cc4428d58b3da11f6840fba7b783ef1f8e
r6-tune2-b2.5-rho0,r6-tune2-b2.5-rho0,alw_nbh_k2_n128_d00,0688040099d2eb01345c23c324e593d203311e68ebf015f62bb37498363591a9,9ea4569c5efe5f2e4994508eb13594c92cc995e6c5ee8745b418d0017b8e9570
r6-tune2-b2.5-rho0,r6-tune2-b2.5-rho0,alw_nbh_k2_n128_d02,259548c792a90d8b8c32c09bd3c91270fb0e721c647755a46b774a6148208954,f7b6a8710f4da4f5a5adf12776de7a883ae852ad4270d735ff8cc90fcbbb17b1
r6-tune2-b2.5-rho0,r6-tune2-b2.5-rho0,alw_nbh_k2_n128_d04,7d47787cb3b3fc3dec136e66ccdaa8339d6af88d32009b7fa074224608ccff8f,45df5b94002ad0a05ea2aa1fd3f473e6c3d44050be4f8e2105a85ad19f79dda3
r6-tune2-b2.5-rho0,r6-tune2-b2.5-rho0,alw_nbh_k2_n128_d06,7727af45d6d8156eac543a119335974ce1c79e04d177f770025c355ecb59e0c0,a617044140bba877962ff0ee09e960ed3b180b9ccfc63486f69f34fe9f718a65
r6-tune2-b2.5-rho0,r6-tune2-b2.5-rho0,alw_nbh_k2_n128_d08,43e9a8b497678d8a6ba1825b13cd9a2a94f566be31272a389263367496c947ac,094f2d1506a62f25a98fad1582722123d04214154e8c96ffc52b8a2a9994ff71
r6-tune2-b2.5-rho0,r6-tune2-b2.5-rho0,alw_nbh_k2_n128_d10,185b6067909b2f6746b7e6ffb927e2426923301c3cca743486531e2168db2f76,9ff925de6f98e311543dc294aea38138be09e6d93834b00365e6246eaeb16279
r6-tune2-b2.5-rho0,r6-tune2-b2.5-rho0,alw_nbh_k2_n128_d12,2bcfdc5874b36fdb102b4e8b7696bead5d83c44eb05860187656fff487ce9d6d,9982ef626fca6e0ab461f8be491df5826a0ef3844db543e9e7e80d16da3b7966
r6-tune2-b2.5-rho0,r6-tune2-b2.5-rho0,alw_nbh_k2_n128_d14,f9282b371eea55812574551df6d106ddae61675f5d9b8555f7633b411365ba31,8326e7709897319c87b4a3e407f0c5716e6bf7d92c8f0ac961ef5ae271c1ec52
r6-tune2-b2.5-rho0,r6-tune2-b2.5-rho0,alw_nbh_k2_n128_d16,14bfc3e07e9279152a398c816ec1d6dd1a14cb1fd0a5c2fb54881c9c251b9f4b,8392da1a1a745e6a680eccf8c671b1cfa3b4e8e188d5720874464335f37b0b77
r6-tune2-b2.5-rho0,r6-tune2-b2.5-rho0,alw_nbh_k2_n128_d18,1c25ea34010f50b8dec4ba6c6ae7e55a119159e11492d07e4e62e38a801c38d4,48f4b2b38f6823c687ff42b24433c29949d53cc9103e492b771a5bb3b5ce1c31
r6-tune2-b2.5-rho0,r6-tune2-b2.5-rho0,alw_nbh_k2_n128_d20,6f64deba45b03579d492988f024ef37607afe72b3bab79456fb2b174b4af96d8,6b42c10d84967f5728e28ef65a4458e033cade2130e15864ad57c8281d4a19e9
r6-tune2-b2.5-rho0,r6-tune2-b2.5-rho0,alw_nbh_k2_n128_d25,d4e558b99b7538b1592fb97f381630b267394f4deaa4e0bd51d3296e90a0ea25,8112866d28e7fe4804198530ee44f97338634697c040809b7fe48f6cfdaf667e
r6-tune2-b2.5-rho0,r6-tune2-b2.5-rho0,alw_nbh_k2_n128_d30,01b4be87cd9c45c2bccf311189a8d1e390f43e809e68bd2296c340371e5769bb,b628dc840ddf22cf294795f05be7a1f757561d7c194b6e629324b8ba4a088993
r6-tune2-b2.5-rho0,r6-tune2-b2.5-rho0,alw_nbh_k3_n128_d00,f8923ffe62f202b2b11c8df89de994e543b58e34344dc65399bfb534aec949dc,623b33f88c421c25e0a1eeaae374cb946e1cfd8c17aec4dd33b99636ff03b352
r6-tune2-b2.5-rho0,r6-tune2-b2.5-rho0,alw_nbh_k3_n128_d02,4eebc4f24cb53b06a4ae5fdbcc95ce272579433777a0fe97c19048b1c1fa5d9e,9e0f5d1d9f471178cee3971237d0f5dbfd8d83f716a2fe12af99eac4557b7ce8
r6-tune2-b2.5-rho0,r6-tune2-b2.5-rho0,alw_nbh_k3_n128_d04,92dc72ba2d4ecd2df2d2ccc75b09e45026512741649bb4da8db7e2e6cdd8749b,6a0e8b861e411e7dcea539c13428b13cb294a9d07697f943ad051abc3b3e2efd
r6-tune2-b2.5-rho0,r6-tune2-b2.5-rho0,alw_nbh_k3_n128_d06,4175dfa18f4e5acb854fac875e4bf6b9d2b212cc90eb52e3d96d734108160d03,512a35843726556cffacd77174807aac0c49303486813db76249ae873efd7282
r6-tune2-b2.5-rho0,r6-tune2-b2.5-rho0,alw_nbh_k3_n128_d08,42e843e2808cd5746b9ea3edd68ce54a35699f854ef001d51cc6aaee6162c912,67d6aeb9c039f969730e12ef7a08e1a6751e9867b81f38671f72f04bebb30f7c
r6-tune2-b2.5-rho0,r6-tune2-b2.5-rho0,alw_nbh_k3_n128_d10,7c3be4657e55339ac3b6fd4bdded29cf383e073cad46cc3b6b9b187e13b49157,a2c870bb2dbdd8bb180d3ccc8c9522c2d754a4aea735528144b53c3caf2981b3
r6-tune2-b2.5-rho0,r6-tune2-b2.5-rho0,alw_nbh_k3_n128_d12,29cc7ed69c1d30e9cb3a9b5e3ce1168b45ab8dec2b86b61d14b1e04334198137,eea9b9e33fdae48a5511f1d34960fea222d02caa2dbf1ab8e73360222278ff13
r6-tune2-b2.5-rho0,r6-tune2-b2.5-rho0,alw_nbh_k3_n128_d14,e099f597a980e137d135e6445e1df150009f976832bb5000ab53622b34e2e2c1,921e467c687e13bbdf505f1e4acb6dd73b64b9c85f52e8c72149ec404700ffb5
r6-tune2-b2.5-rho0,r6-tune2-b2.5-rho0,alw_nbh_k3_n128_d16,d9f897c37698d0d92d49241d4eacbc1fc8e29130cb3b589782204d0a80e15ab3,2526dcd4923274da1fda39f28d531384f24401d4fd5bf2d2d896a635a03ccf38
r6-tune2-b2.5-rho0,r6-tune2-b2.5-rho0,alw_nbh_k3_n128_d18,43fbb6d365f03272ab7f3a47c9b9f4d507f0a691ad177c7f106d835aa34b7f74,33a24e10fbcf883a981e1b83e044280868c4107930995f10dca20c0ac6cd5a8d
r6-tune2-b2.5-rho0,r6-tune2-b2.5-rho0,alw_nbh_k3_n128_d20,82e2404aef2c12985bc5c03962715a716cb028294da9f013126a3abe91c121b2,805334a239b832496d2762f453d7a2aa212f3ee5c93dd0b861c2fa71f0dffb26
r6-tune2-b2.5-rho0,r6-tune2-b2.5-rho0,alw_nbh_k3_n128_d25,b4af9514dde0ead3b7cdc71fa4976ee01d337b9ef80650430d8392c4b04b6254,18558f178c0dac7a950972b7b22997965aafad984c546f0758cc67ced558a40d
r6-tune2-b2.5-rho0,r6-tune2-b2.5-rho0,alw_nbh_k3_n128_d30,e2c02376a4fb621fa04044bf60161796f8f4070283f583f08dff91ac23516306,d47f31e16e77ca9d47f8751340cf1f21d093dddc868e2931b6a4b1c38aca8b03
r6-tune2-b2.5-rho0,r6-tune2-b2.5-rho0,alw_nbh_k3_n256_d00,40d31d65131b47203338ace0a1742576422875c4b6b7e8feff9330075e20ed6a,254bf4a32145d7edf4438717e21a3415de252b6106e9e176198a9731b847fe86
r6-tune2-b2.5-rho0,r6-tune2-b2.5-rho0,alw_nbh_k3_n256_d02,d60ea54d4592e2e6c31bf9a49c3f75fcf9d8d1561bafd414d48cbbb56af7ecaf,694701c1dc99d96745ddf94a9f84fbf5b307cae1a37c4b4e372fa995309e26d0
r6-tune2-b2.5-rho0,r6-tune2-b2.5-rho0,alw_nbh_k3_n256_d04,8fcebd7909b1817a81ff1683ca20e7e4b6a44e721723cb2405bd02b15923b1ee,ba69fef449b5c519a233d3c9efec94642b3e8dbbb55f7ab8a7e37ba6acc44b73
r6-tune2-b2.5-rho0,r6-tune2-b2.5-rho0,alw_nbh_k3_n256_d06,fa18d7bdec72061aaf07fb7205b13a19b5680edec9c988d7eeb1f1045c2e745a,16b6e6882d604744926fd1e6edb4db1956093f7b668c5f262b342cc23b3269f5
r6-tune2-b2.5-rho0,r6-tune2-b2.5-rho0,alw_nbh_k3_n256_d08,d28809cff3d01e6766fb0dac1a38c44cd0af6f6153bf1b38a657cee641c72b86,5855b5a1838db9b19aedeaffce9a04f44dbde334a0f5c46ac8468a4a4bff4a10
r6-tune2-b2.5-rho0,r6-tune2-b2.5-rho0,alw_nbh_k3_n256_d10,d809f3e2d10cdd82decac1f6cd51d701cd21a4f4ee66db6107af4462001b61da,e55c1c84605d7371c40ddbd638b5c6cf175eb701a2ff47b8d7fed066a5b06246
r6-tune2-b2.5-rho0,r6-tune2-b2.5-rho0,alw_nbh_k3_n256_d12,85a090f7e1c867f05b7ca9489de807c8058cde9f3ec505a4297ec814d24859ef,9e07b05d56003aeb36cf63b98d1e98d725366fd5b528e94f6e9c35827a7a2f8a
r6-tune2-b2.5-rho0,r6-tune2-b2.5-rho0,alw_nbh_k3_n256_d14,32e034672b17b9a2c55f4b1b37122ec5c71fa47ea1d6727fca5b39fe615cf198,0ee01c4ec13787b969664ec900d39cf9e64112b3bde98f66207c33029bb75feb
r6-tune2-b2.5-rho0,r6-tune2-b2.5-rho0,alw_nbh_k3_n256_d16,dc38d514e90ac35060d09424d8221610e149518d165d4c5cf85007c86915b068,b7f7be187f7603617636fd7e0a80e5e37ea03e5fb9554a2d0a38a90300a6cb66
r6-tune2-b2.5-rho0,r6-tune2-b2.5-rho0,alw_nbh_k3_n256_d18,d9e7fb9973fb02f7eb1a139fe43c42ad1c6eaca56adc4e4cebbf16fa030aea90,28afcef1584f2204da00e53ffce1abc974b145c549ad22a306ba0ff9d051aeac
r6-tune2-b2.5-rho0,r6-tune2-b2.5-rho0,alw_nbh_k3_n256_d20,97e2ffe5caab0f25d04a52a12a7fe64a03b134f0a6c2c483bfb041f69cd1975c,a073cfec816f73fb93e4ba19141b09712e3907d5a85d5d46d3c4b16aad523f8a
r6-tune2-b2.5-rho0,r6-tune2-b2.5-rho0,alw_nbh_k3_n256_d25,c07613942dd5f3de389df9cb1d7ea215cfa0ff9746a70f0158840a82c8adef9e,a24ee22a5453139f418c1cbd51e51453d39c9520ca0faa7de0de66daf2936ee0
r6-tune2-b2.5-rho0,r6-tune2-b2.5-rho0,alw_nbh_k3_n256_d30,c4c27f920bf0f05ef896011ba096ae97159ac94d8a5b567b9932e438128f8f06,7bf5d084f66c1b359d56d107ee16ee765dbe022bb63a776ad8390fc0a5b0c209
r6-tune2-b2.5-rho0,r6-tune2-b2.5-rho0,alw_nbh_k4_n256_d00,8e271a1158f5c840cd21e17e4f3e63ac0401eba40645758ea9290ce2608e9723,da4f4908c57a30fbee4cd4047d339eb94fa8cb5b37d5054ad4e4f770948a3f2e
r6-tune2-b2.5-rho0,r6-tune2-b2.5-rho0,alw_nbh_k4_n256_d02,7bffd7de10c2d31e49003c0186eb8470fed345a4b5d4e7cc9ae39fe2910f28fb,7df046370f55c111602bee3e6040c67c020aa5a327c88f521684b0056fae4c98
r6-tune2-b2.5-rho0,r6-tune2-b2.5-rho0,alw_nbh_k4_n256_d04,a2f350b6bff226d1b07b812594ad40d389f1d8a48f6050e66b0a3d3f7ffeedac,fcde35ce2afb658ddfcb14b130bf6ce841e875d9ac61815cd562acc51171d4ee
r6-tune2-b2.5-rho0,r6-tune2-b2.5-rho0,alw_nbh_k4_n256_d06,2ff03774404aaf33d0db45be271a7fb24d35af1bd069e0ad480576eff91b2b3e,6f9340a7506a20280a84a0c14d5279edb61d5890dca771ef653dfaf756446f3f
r6-tune2-b2.5-rho0,r6-tune2-b2.5-rho0,alw_nbh_k4_n256_d08,e49d75f9a0caf35edce0f9242a4566f7e2abbc291ea28db7ea70eda810130fa0,ff6543112ea480608c4aca354bb9384cbf07b94a6ed4b710b36f7c7ce9925dc1
r6-tune2-b2.5-rho0,r6-tune2-b2.5-rho0,alw_nbh_k4_n256_d10,f5ea40347e66d1524e5227866b0b0297d24f84ce7523898481ae599842c53923,0bbbcb5452ba6899459e9b0f8ff76685fc4c885fd3d4fec4acaf77248afb8f6c
r6-tune2-b2.5-rho0,r6-tune2-b2.5-rho0,alw_nbh_k4_n256_d12,8b66012fc8c66085d1708f0f83844d606d85c559f32dbcf3fe27cd59a3571f9d,90c33ede63163677fde78c2c310c199e3dc47f4b2f09642ca741af9fb3ce7562
r6-tune2-b2.5-rho0,r6-tune2-b2.5-rho0,alw_nbh_k4_n256_d14,b70c9cbd10038857cc33d54659374c498763fd6451a1c7b0d4f599f57ddac98d,eff41776082c6b1be493e0cf5001bdf41ae7169aa93a6f8a7024885080bb0383
r6-tune2-b2.5-rho0,r6-tune2-b2.5-rho0,alw_nbh_k4_n256_d16,1da95115df3eb9499c2c71f257be95a7a8ac8151c23449af87f7b3fe1618208f,563345ff410e362defa9475b32b67dd3ea17e322a5d593a490e66135699fa92d
r6-tune2-b2.5-rho0,r6-tune2-b2.5-rho0,alw_nbh_k4_n256_d18,4c10d01d50741849880503324189c6008d6766b3b820e2980ae6f67eee4cbba9,c16b4df2f87f5100f771650ccca46a19efeab5d400704a54a87eaf33dd45c9d8
r6-tune2-b2.5-rho0,r6-tune2-b2.5-rho0,alw_nbh_k4_n256_d20,ca98c49674def8edcc0311e4be755edff0465853d85924bdf47b3d74874b26ea,1a03a2eac1339cc2a0d7edeefb0f0ff590f3262bd600c76b1d49d5b6481798f1
r6-tune2-b2.5-rho0,r6-tune2-b2.5-rho0,alw_nbh_k4_n256_d25,523f67bc90f7a9a07251a36d58ae704fde8756c621c5e2ed1af03afdac9aea89,4cd4820bb214b687deb800fca89f5d53c1ee51f02345858b1b7b6821faa6ef0d
r6-tune2-b2.5-rho0,r6-tune2-b2.5-rho0,alw_nbh_k4_n256_d30,947bf883ac7e7aa877cb57bf170f608bb200ca676c6d255ccc2f1aa94cfff422,422f6715a83978c09ee3e7818f13a7eed9b6cf02005358c90980a01619c5521b
r6-tune2-b2.5-rho0,r6-tune2-b2.5-rho0,alw_rung_d00,470d1325d45401a01d1ac5dedf05f8bb126536510f1209745d7f80a403fe70a5,01c8f0394ff2be05f8885339c04d5423acc0002ee491557f4127f7c730a7e6c2
r6-tune2-b2.5-rho0,r6-tune2-b2.5-rho0,alw_rung_d02,21165937aabf3527fb7560af4d39744e5e6af78d04b8ac01c7f05304c360bfa1,c7490b4eada4e536ee78c2993140e8e1647064c9df880cba4d5af546185df356
r6-tune2-b2.5-rho0,r6-tune2-b2.5-rho0,alw_rung_d04,86bdac21c325ca1659c03bb9b94ed45d5a0c71bed7cae634df048d3a87601ba3,ba67fb2869f7511ab3d7a1a353f5729c4565d2ac05c04914527e230b2d8541a9
r6-tune2-b2.5-rho0,r6-tune2-b2.5-rho0,alw_rung_d06,552cd9e041fa2cbaf69837e657885e33a03c8730ef5047689f6818287a4cc88e,24bd4f3bf2f2b49f2e4f5badca243810bb823a76b20b909b1b8536dda2d720d4
r6-tune2-b2.5-rho0,r6-tune2-b2.5-rho0,alw_rung_d08,35b31c6352d03844162c13cb4c2c5accf3943d127351dccd4d8522c5076ca8ff,ec018551af74dd0362cdc3fc5243f08b6e1768fe61d450c9dafdd8c90e460642
r6-tune2-b2.5-rho0,r6-tune2-b2.5-rho0,alw_rung_d10,b486cf03e88596b0b4750b7c976c1c239027f10bfbbd1f48632854eddaad3d02,37df040aa22c2c2f07dab2eaeb35d7162def47b30f6215b625ffd93d67119a6e
r6-tune2-b2.5-rho0,r6-tune2-b2.5-rho0,alw_rung_d12,a180557a6e691e2313bb4fadf1743eafed95a8502be9e75ccc8ef0ac02265ff0,a22943ef3a23507246aded8e23aedafb6ad0ac415b25af59d326454b9b131f98
r6-tune2-b2.5-rho0,r6-tune2-b2.5-rho0,alw_rung_d14,fbd2201dd1bfb94d943c2ed4bd4f15b3adc565d897ecb87f9bd38cfbd50b68c0,28be83b560a6bb1bbef6a25ba5606c8c1229f8de110f049bde0eb1f496694ccd
r6-tune2-b2.5-rho0,r6-tune2-b2.5-rho0,alw_rung_d16,1f4749129734ff05f1cb2be85d4d7f8ef7c8a8913eb676dfb12bcce7b9794254,359c3ff4a1fcdfee6daecb4fbf309f16a7289f1ecb0262414c1be9112699e941
r6-tune2-b2.5-rho0,r6-tune2-b2.5-rho0,alw_rung_d18,b9d511828ee335123ffe2450f17ff4d4ead8800254b9063296681cdeb4e68c80,1ae12cc7521a05994be4ac9c154ae97354658b176c7221108d1f5d62238ad1f5
r6-tune2-b2.5-rho0,r6-tune2-b2.5-rho0,alw_rung_d20,6de110aef2ea6c50a191c9f3d6b74324ae7e233be954cfe06363d4df8f3a6bc1,25294916aed85fa7bb12e85fc27a270833edd8dc514556c152fdf2082d746dce
r6-tune2-b2.5-rho0,r6-tune2-b2.5-rho0,alw_rung_d25,a09cc6bfd12557cb4badc643b1fbda6bb05d87123ec8c4825328f35984e99424,cabba2f1f46b29c8868c32ff5c25a0018f91b0ee22a8ca36c85794fb6836c52a
r6-tune2-b2.5-rho0,r6-tune2-b2.5-rho0,alw_rung_d30,c54a42207ef1546e587fc373630333ae61b93a0d347fe2f89403bc3ff51f23fb,21c70a7fb2dc32d7c0b952c719e691df68e00c12c979505cef82103280497478
r6-tune2-b2.5-rho0,r6-tune2-b2.5-rho0,alw_win_w05_n008_d00,7cb70a5c3d1e48cb52671c13d2d9decfc44c67abd3baecfdb53b9d915d1b4563,a7c1e684b93f205be8f78d02d26d83d74ce81a62860d405a7b379b3a9b7d737d
r6-tune2-b2.5-rho0,r6-tune2-b2.5-rho0,alw_win_w05_n008_d02,04cd6486d3a9d31fed1eadc251d8e7b591545d96868da7345c90184bf8413503,8ef08a740e65150aed375503dea3ee8b564e5b0d9a8fc4f826f89d6ad8e69a9c
r6-tune2-b2.5-rho0,r6-tune2-b2.5-rho0,alw_win_w05_n008_d04,710c4ddb9d2da49b44430ffe1de335475e29d3394a5641316e37d835a8cdd5bd,6df8d0c533debd757a1a1206af7bcbe0f219c0d8a091231c82db55c98834990d
r6-tune2-b2.5-rho0,r6-tune2-b2.5-rho0,alw_win_w05_n008_d06,32e652284822f9e720c7e417e4bb7bcd29b230bd97b4de67cd1868ebc667be2b,685f1ec9d18c6220f7a61c2bcf1cb78e64448a84d6283a30da07cbd95074ab69
r6-tune2-b2.5-rho0,r6-tune2-b2.5-rho0,alw_win_w05_n008_d08,6a9b4ca57f8aef403508fcb9d48a28466d76b106f62a4ab5bda61518a0a72682,f8657e76f05fe85e89829b99609bf61391a80709dc27476f9db61d71813ea285
r6-tune2-b2.5-rho0,r6-tune2-b2.5-rho0,alw_win_w05_n008_d10,69df4fa858e52192299d8dc0fe65b685adf9688b472ce66bb12171070488492d,8acc8a9fafecf121c53156d0cf9ee779ccaf4644b926276631a27a926822e5dd
r6-tune2-b2.5-rho0,r6-tune2-b2.5-rho0,alw_win_w05_n008_d12,806712fcbddf1666c7c410ec4eb2b04b74225ebfc0173c21cc713ebe545bb079,f8e713169c3c051c4d9415cf583a017882bce90a979e60bd79320f50994e0f77
r6-tune2-b2.5-rho0,r6-tune2-b2.5-rho0,alw_win_w05_n008_d14,1da1ae4ee163cafb1201c02a90e6c9ba8ffd5b8ebf76655e2cf4df5115e9e6df,d1a1072e00541cb898e5999a0833f0ee5e371dba80459f75077872ad9da7f832
r6-tune2-b2.5-rho0,r6-tune2-b2.5-rho0,alw_win_w05_n008_d16,64962b3d6a5f4a6bbc24a26a5042cd68ea89c54a14aa27b5745fa7a7262c9779,81e0ac6aa1dfba104eedba034664be4aa850720f6ba27085d8ee852f58576f65
r6-tune2-b2.5-rho0,r6-tune2-b2.5-rho0,alw_win_w05_n008_d18,b6527c7836027e3031d151c0a2526304dcdc5c10b3618915f8fb8f1b5a933733,1eba1c0aebeabecd01abacf64602bcd40e06b865b8613be4ed1328fc9abf7ca4
r6-tune2-b2.5-rho0,r6-tune2-b2.5-rho0,alw_win_w05_n008_d20,37d4490d7aaeb9ad2085e0dd579ae0b07d66c20e13bebb6dd26f8bea5b51bff5,2047c095afdbbbebf82526c78e38a7edf037d96ff4be11ad1b7c5370e39df530
r6-tune2-b2.5-rho0,r6-tune2-b2.5-rho0,alw_win_w05_n008_d25,2f1fa95a9d32257d00be51ef2bd01f2ba5aa037b5c0c2665ce60a3be48d229d9,ca18b63e78bcf77fa2ad97a4731a8afc1d9b009212f308a936681115ed510359
r6-tune2-b2.5-rho0,r6-tune2-b2.5-rho0,alw_win_w05_n008_d30,64e25b8543dde40d0c8be3e4535f9f9231846140a810a054d214b34adfc545a1,60459bc2ee2bd865d0c79798bbd7afd0d074ca3e618335742baf41273b29c5ae
r6-tune2-b2.5-rho0,r6-tune2-b2.5-rho0,alw_win_w05_n016_d00,cbb553fdd17a79e0a35ac9036b962b77c317537e7e2f09dcb5d61db3a15b64e9,d2430246f8a4b8a9876925639a8f1e885715ecc16207afbe1db6581e81db8f5a
r6-tune2-b2.5-rho0,r6-tune2-b2.5-rho0,alw_win_w05_n016_d02,6b7cdbca4a50baa9f4321c7efcb8fe52fef3ec5214b952712925f95ce2fa27a9,8f89eb2f7fdbcea1548782a98fc2e2494916af00750bb7aabf2beb8e6284f416
r6-tune2-b2.5-rho0,r6-tune2-b2.5-rho0,alw_win_w05_n016_d04,6b40bb3a8709556f84efcb9a086d551ae86bb3a2d1b8d6575ea777cdda2b6898,42ff28c0d790d494d7fcc4786ae084cbba4c68baca07b16c10d4e58db261acde
r6-tune2-b2.5-rho0,r6-tune2-b2.5-rho0,alw_win_w05_n016_d06,87fdf2f518cd6edfe6c0c8a4f2828cdf91696ebd2c2edfa2c57743f2567e32c3,91bc841dd5f126e8cd096a95f6256a7c318abc709d5a15787871f17662634f4e
r6-tune2-b2.5-rho0,r6-tune2-b2.5-rho0,alw_win_w05_n016_d08,dd3a5a5500802e7a653e770b3d14a2d43fa301b28b07c39768a341a1a70915d8,081f6e7a1aba408dbffb0a0e3e6f6d4830cffaaa9653f862e65dda3b959cab58
r6-tune2-b2.5-rho0,r6-tune2-b2.5-rho0,alw_win_w05_n016_d10,a61511f32aabbc9bcc03c81646aa43ae94657552772aa0dce20d57aa1a22e6b8,27fcd686c5ef1511c45fcb844183096fd07a1e1457fd1ddb09adf7fa439b5e9b
r6-tune2-b2.5-rho0,r6-tune2-b2.5-rho0,alw_win_w05_n016_d12,6f89ed68e6f1dceab260dfb05c301427724fe40cdd57860587ee2685c6877069,d0c3dfe71529dd9e313f809bb4957e6322fba81ad994bf4e8eb2cacc5b694604
r6-tune2-b2.5-rho0,r6-tune2-b2.5-rho0,alw_win_w05_n016_d14,061876351ba4ef766398b21f6b51286db7963a36deb01b97583167d98c8fd3d4,00dd23aad3408dbad129df3586af77caa5a451de8be84c15dc0366a3d8f67138
r6-tune2-b2.5-rho0,r6-tune2-b2.5-rho0,alw_win_w05_n016_d16,ab3e7b51f710802fcb3c18967ff11df0786dbcbfa1f10ca71a4ef3129ffe4820,fd25c99a1cfcec377fee5e157653987ab867f66e8ef9a8a96d0ae2aa06f646d8
r6-tune2-b2.5-rho0,r6-tune2-b2.5-rho0,alw_win_w05_n016_d18,da30612736c1c0c52529d06b9470f4bcd96e0453c0bbd39d02b7cbaae7496f48,879c088e4ae103689f9063b8c5ccd314f9860002b1b35f2f993d38165b7ab718
r6-tune2-b2.5-rho0,r6-tune2-b2.5-rho0,alw_win_w05_n016_d20,7adbb404988e8dd5b520e5b2bf2da48855541ba3441c1b498516d9347fb25447,88ee92b52390fa7774e0ffd48ba34ee1e664d6449fd759af41c9f6f6c5f57f2b
r6-tune2-b2.5-rho0,r6-tune2-b2.5-rho0,alw_win_w05_n016_d25,b8ccfebfe26385094aef35dedbda0fb08fb49cc1d397129376e765c0301d1f85,11dcee7c57e94873d13025058c3146a532818378e59e9f4a8dc3456a05fcaf59
r6-tune2-b2.5-rho0,r6-tune2-b2.5-rho0,alw_win_w05_n016_d30,5ef3ca53821624160614af9f41805cb84eec7e67ab1d90c332076704585bf323,608002c1c093b2ec4f1a9166c0bfb3eaf3c834244cbc0aebd7c0eb8a278c16a7
r6-tune2-b2.5-rho0,r6-tune2-b2.5-rho0,alw_win_w05_n032_d00,07325f2d05d7971c55bf6c1f6666bc427136f7d90fcd5878a7584d87494319ba,ffea03ad04df28201303ce361a52f948175873f541159649e97c67dd9b0a84fb
r6-tune2-b2.5-rho0,r6-tune2-b2.5-rho0,alw_win_w05_n032_d02,734c222961318049be51bc1cb5ab54c744af3fed763b264fb7f0e51a535ed524,42afe1fd8c0f51898d5aece169cf387ee94b300b7d94a30dc890b1ec67fc42b7
r6-tune2-b2.5-rho0,r6-tune2-b2.5-rho0,alw_win_w05_n032_d04,05b91f6b3c479f8daf6773ee54bd2cca986050f24e7cee30432903731cd9dd08,a4bc9dd37b8f88abf5b7073e7c1d0260609770082c7a3170154b7057f1138da9
r6-tune2-b2.5-rho0,r6-tune2-b2.5-rho0,alw_win_w05_n032_d06,f24652f80273d470db99afa2b94b0b63c79460e083843d249979b52260ae372b,29973af7ac7abac554454d77cb49f23332f9e010bf80225f5aba3052004c4056
r6-tune2-b2.5-rho0,r6-tune2-b2.5-rho0,alw_win_w05_n032_d08,4f2670733e40cf0b0364f14d118494a11b3d0e1adf8fea9bdd799892c8d1f9e8,763137077fcd91b77e790c05c5a814bc33543840fbb8f709c53b945f764734e8
r6-tune2-b2.5-rho0,r6-tune2-b2.5-rho0,alw_win_w05_n032_d10,83ec47ab85a10569dafaaced9d744ee36e72965e6dbc82f423b74b40fbbbb65a,058396e076795e739771fb880fe4d4f29a75691600757ac52bd761ab69f24a07
r6-tune2-b2.5-rho0,r6-tune2-b2.5-rho0,alw_win_w05_n032_d12,50f9440127c23430002aea0121bec8b4aa7219873c9647a81996483c636b221c,fe68709c3dd1723e1829b2b533fce26b280710b8bc6d5af94fcdcb41be2efd06
r6-tune2-b2.5-rho0,r6-tune2-b2.5-rho0,alw_win_w05_n032_d14,516409d4a77de8026e330c691287f8cbdcbbce6256242030394a5f0ef8d9b879,39cb484d89d8a277a922432c804f6cbb2290c98ac7bcf750e514118059e8b66d
r6-tune2-b2.5-rho0,r6-tune2-b2.5-rho0,alw_win_w05_n032_d16,5266320afde99cb34a1251c94928462807216eae8d934d18f503a512da1831cb,f00e61e3019c8814d7dacf00186a8f5be2888b79f0b6df4881fba2762af28bc7
r6-tune2-b2.5-rho0,r6-tune2-b2.5-rho0,alw_win_w05_n032_d18,127a8e9e6bbee43158b0718f5d82ddb80b165f63bfca6c4e6d82e0e3120ef843,84d8dcd4816785204354efa3920b5d925eaa60194d64f89d54d93d9fee490c9a
r6-tune2-b2.5-rho0,r6-tune2-b2.5-rho0,alw_win_w05_n032_d20,0723ae0b586952f84cf0e037e6efe034aff9faa8733cd2478850dd39eedd174c,b33cbca8c4e79a9956e1075103799852964131048eb48baa06d56bacc787a000
r6-tune2-b2.5-rho0,r6-tune2-b2.5-rho0,alw_win_w05_n032_d25,642648efb93a25d591ef94423a04d0072f005824b9d23d6b67ce6eba1ad73f5b,3d6c4b116430035a869906b0a91eb4fb3377aaeedd9aec6515c9f5b658230682
r6-tune2-b2.5-rho0,r6-tune2-b2.5-rho0,alw_win_w05_n032_d30,213c7c410a4c83dfb0d807ce8cd3db087d26e8b95019c52b856b01b6d1669fae,9a889c38a595d5af30beb15f4b2b6542ff64e3757f23561d73ac82841807e2f1
r6-tune2-b2.5-rho0,r6-tune2-b2.5-rho0,alw_win_w05_n064_d00,5ff231bc376c0c0f6bbc4572912a5a521f73a80ae6d8bb8663a04dbff1ca4bbf,95df4ecaff84d6730c299a1affe51d7a2b80283972353d9b313ee147413fe272
r6-tune2-b2.5-rho0,r6-tune2-b2.5-rho0,alw_win_w05_n064_d02,04b9a454e7b249256407742f22e96bf309dd5556499ebfa4e85a0345ac93a9eb,93f518d96d6cdff602f220ec07419c72529963de8d1fd6da6ed2165083c9f80a
r6-tune2-b2.5-rho0,r6-tune2-b2.5-rho0,alw_win_w05_n064_d04,734fa9359a995461940f41392cf8e493fd7692bd91e7038a0fd9e9d269e35501,d1aeccac6819e95499d6e6b6ac321857e2d3a23e4aaaa0677b61678aeadaa29f
r6-tune2-b2.5-rho0,r6-tune2-b2.5-rho0,alw_win_w05_n064_d06,dd57cd9dcdf8f9efe5af522c75b6ece6fef12b0afc071f469d93b8ce769fc1df,77d42376fdd2fb81cc7f469150507ff91480f0f848ebbb4dff9a002eeaa6175b
r6-tune2-b2.5-rho0,r6-tune2-b2.5-rho0,alw_win_w05_n064_d08,549c8b9aa0fda8233d728da9a3a1f39b75e2fe96be99dbcde2a23a179aa00f40,0009f4a9bd5da6426636ca9bee39f1f3eb5ab6888f708b55be8322f5633f5760
r6-tune2-b2.5-rho0,r6-tune2-b2.5-rho0,alw_win_w05_n064_d10,2e0e28639187ee61d3038db167bb6648d4021386062dc46a516b5e995abf6278,52eca86cd13c1829f29ed2951f5002c4d367b83db0d2c8047b912a1c965c833e
r6-tune2-b2.5-rho0,r6-tune2-b2.5-rho0,alw_win_w05_n064_d12,0ca15cc21dc5fdf345611cd4a193f7b855e41d87d5c8b37472f18520150b171c,fd1ae89c151d696c8e08e46e8971eccea9f90ba34bb804c3ffc6aa69bf2dd349
r6-tune2-b2.5-rho0,r6-tune2-b2.5-rho0,alw_win_w05_n064_d14,5c723281988c5f1c7cfabda2f8b6d5b8fae7e5b491b64c51eb7f7e6bfde3c6af,340e84caca3ca05935f6151d009668b86f077c24e42a710a509492cf3e43a597
r6-tune2-b2.5-rho0,r6-tune2-b2.5-rho0,alw_win_w05_n064_d16,801b32b1d1cba625956d5df41f2bd8c2cb2f7c126dbc335c2cd1ba3cec02e682,26a2200706fe3ca8cbb747102320ab863eaa6fa299b930bd1e81900a4c156e0b
r6-tune2-b2.5-rho0,r6-tune2-b2.5-rho0,alw_win_w05_n064_d18,634d326ae1439f5f433bb0ab329d3a6d3fced1828967ea73401bed62da5c92ae,5b3b0a578e88989a59ea2defb51ecb518e45f674bb742c155e4ecfafcbdbf589
r6-tune2-b2.5-rho0,r6-tune2-b2.5-rho0,alw_win_w05_n064_d20,054ff421bf05f0020e91abf525555d3e9b81637a871eb94a474887af81de70d7,f55cb0218a70f40e14f5638336cd3b050b04f2f146688f0e4242e8b2b900d228
r6-tune2-b2.5-rho0,r6-tune2-b2.5-rho0,alw_win_w05_n064_d25,7c9306377173a8bd04ff422bd11a2ddeb10cd045e9483a676934644fede71268,44466b354e7ed398d76a0437ed0311bc5f314e99944ecac34e3f2af79b90892c
r6-tune2-b2.5-rho0,r6-tune2-b2.5-rho0,alw_win_w05_n064_d30,48796cae15b169959c68d7f1b4513acc659ab38b4fbc6433a3fe0e86fde2147c,151c3bb35382d3d56a2f9fc2c876bd746444a82c9b1a0c455bb1b78e297ffe6d
r6-tune2-b2.5-rho0,r6-tune2-b2.5-rho0,alw_win_w05_n128_d00,c21cb8537bd55fbd8f3764f043c90851dbe009bdff5838d2dbfbd99e8e0eb167,cd43f1fbf1dba8f1746c4957b62493c224700fed27b9b75b8287e1b63b33df1a
r6-tune2-b2.5-rho0,r6-tune2-b2.5-rho0,alw_win_w05_n128_d02,75a9730aaf78feb461330fbdecaee5a8089ab0f212bba66fbf00fe71f5e846fc,dc860bbb91af57facc9a6ffe6f5e67c7bd3267cfc9a76d9db50e284ee32d3def
r6-tune2-b2.5-rho0,r6-tune2-b2.5-rho0,alw_win_w05_n128_d04,21626e914a19bca616d78b7472eabfc2860f39778c61e1180f32c9a784e31768,f3dec9a9a817f0c3d2b41a2c912075dc52593ffcecf07c2c3cf4d52efd599e1c
r6-tune2-b2.5-rho0,r6-tune2-b2.5-rho0,alw_win_w05_n128_d06,5dc9eef23f969c525922a833574ba7c0b46dcda94e0b86bf979e22d93fda81f1,c9281750d752b50867e14209b349ddb9b63d076781577a98540967bc18e2e34e
r6-tune2-b2.5-rho0,r6-tune2-b2.5-rho0,alw_win_w05_n128_d08,29d371125d595910d12b12add657267165aadfed6f17389f3297b9ab0f0a48c4,e3465bac4d075be43bd115ae733273c268818f1086872cfef092dd187dcc9f91
r6-tune2-b2.5-rho0,r6-tune2-b2.5-rho0,alw_win_w05_n128_d10,041f85b5ad1847fa6233a89b6352559f7f8880f5645dc09f688b66280be42721,9b655cc4078cab30ba2f12f8fb49b52936e5251595ddba1591b90d0fcca519ad
r6-tune2-b2.5-rho0,r6-tune2-b2.5-rho0,alw_win_w05_n128_d12,c53093dee96a7258a66234863ca140623612820de159fa90ca9bb8b682f02b57,ff6f5aadea351087b7073a9b76e7b3f3edd1bbed796ac863d52aafd50b028c8e
r6-tune2-b2.5-rho0,r6-tune2-b2.5-rho0,alw_win_w05_n128_d14,da60094b17b2fba1b533aea562bbd4379f8ee1ccb5dd8020147583955b627a83,ea930fc3225784642d7affa2fd9e9dfe484e376d3cb4f1becf1b1afa66d36b79
r6-tune2-b2.5-rho0,r6-tune2-b2.5-rho0,alw_win_w05_n128_d16,d6cac71d97e28d64be238bfbe27c77e1a7371c6b3f4580d64fdc200381a12063,cc1626ddee4b0349631ea0a0dd7d57c9cf2c2265d358b5fb3a6a6c38ab92e1b5
r6-tune2-b2.5-rho0,r6-tune2-b2.5-rho0,alw_win_w05_n128_d18,b273b14f9c5d01f28a7793779c45d81cb957868368e66e3ea3eb9a856f5ae4b1,af3b69786b6220ea74d44944e32a6f4e1f1145f30011be19c4fc9ce42f4cb290
r6-tune2-b2.5-rho0,r6-tune2-b2.5-rho0,alw_win_w05_n128_d20,dd83e4f75938f808edac3e42115200c3ba4438cd7bbeb197a3921a27561d90d7,6795d5988df28d81d3c58a56eb134821ef773804d3ede9e71e01f85d69406637
r6-tune2-b2.5-rho0,r6-tune2-b2.5-rho0,alw_win_w05_n128_d25,5e721a7584eb29976b133f128d7512c2069959e630608f7b1685fed99ce08117,7afa5d29ab161496a3f0e79e46b7aa265d65440be4a5806730488eeefffe5a55
r6-tune2-b2.5-rho0,r6-tune2-b2.5-rho0,alw_win_w05_n128_d30,043f891548f8935d6ac8c5fe5e49b1be287e2c103eb8b0ec09bcaaa88151413a,1a083cfa4b09509a531a9de91e01145659ac513f497dbec94ca09a330354a329
r6-tune2-b2.5-rho0,r6-tune2-b2.5-rho0,alw_win_w10_n064_d00,37d062b6174a6d3cac1f4b113d18a35d42dae47a939679b3bdd57b6fbdab696b,7003d5f85268f5422c1e83821988d43bda144e77a1cf1d5aafef137b1d8eef24
r6-tune2-b2.5-rho0,r6-tune2-b2.5-rho0,alw_win_w10_n064_d02,1656c357025f47ecf2e2fd101b5b3c0de7189d783ea55dd1fcf8499e4804f6a1,40b9aec60437c31602c828092b706caee817e0ab5e8f3adb6cfba4d72189e254
r6-tune2-b2.5-rho0,r6-tune2-b2.5-rho0,alw_win_w10_n064_d04,a428c3b22f5c02217c48e76d544f1327c94d52a1f1d6bdf08853123946903d56,bccf9d0e1e613f993e542a178b72dd8dbec2125a8bc1171de1bef650c188c1fb
r6-tune2-b2.5-rho0,r6-tune2-b2.5-rho0,alw_win_w10_n064_d06,92099a01b7058eacd4119c82415fd065e23c70d6ea1b2addb9fa2fbbbc0ac03c,14eabb4f84a01b07e381acdb6132da68ab35a6c3729f0b869b3562a3e98fd5bc
r6-tune2-b2.5-rho0,r6-tune2-b2.5-rho0,alw_win_w10_n064_d08,4e3366f214262d7a4e26509663a5c439856a00a11e54240fdc79190018846922,85e829b0b32d8f8ae1b6f3b99fc7ff9353ad11254055a31e44107b4548a248d8
r6-tune2-b2.5-rho0,r6-tune2-b2.5-rho0,alw_win_w10_n064_d10,6715be4abb6460cb650f93300b64ce4dc9e2006b31894dde20034250b751bf24,d7acf8ff9e890d6480a89b422b8186c56b054c4569821c3ca954cd0305317acc
r6-tune2-b2.5-rho0,r6-tune2-b2.5-rho0,alw_win_w10_n064_d12,2c703851e1854bc9ab262b71336a41d4ade2be6830ce16ac6475293e46d1a6e8,2dfba05edbbff62e83fb3258fe2f69fdcc284e065a44c93116eebe6aee85ed1b
r6-tune2-b2.5-rho0,r6-tune2-b2.5-rho0,alw_win_w10_n064_d14,ec866d768487862704e9cba7e2ff0b0505b02f11a99d79853a9175e2d5f88628,3c6dc589155041041e27047fe9da2084dbed92a220dd333975e710c3dfc6f01a
r6-tune2-b2.5-rho0,r6-tune2-b2.5-rho0,alw_win_w10_n064_d16,4bd334add59ab76d1b04bbe16922d274d2ddbc5fdb94e87cd7711bde61902924,ba40bf948dc0ce79149480b1bc5bc3df848ee0b37f1d1c70603955c24654927e
r6-tune2-b2.5-rho0,r6-tune2-b2.5-rho0,alw_win_w10_n064_d18,6b58b2cfa5330db4c685b656ef0a156f219cb04ea49f6dfe751fc4dc21a82ef8,187f893f539654b6bc5fcb33c5d6c5ce1909b0e3a8abdddcdf22b63aa878aee9
r6-tune2-b2.5-rho0,r6-tune2-b2.5-rho0,alw_win_w10_n064_d20,0a28d3a70ce43d37a46dde0999c5e7cd0b1646041f1545e715b7d9bc5dfd3d80,420fb20fff7a43737eb69e788d672bd3e67b5617e26220c2ebfe774377ca0559
r6-tune2-b2.5-rho0,r6-tune2-b2.5-rho0,alw_win_w10_n064_d25,8613af9f861b7b3827a0e5dddb85df3e9188119e491726489bb232f055039db3,7ddba7e0b3fa5b31981dc80ee451c39f6465dae5fefedb0b91a6df669379ec9b
r6-tune2-b2.5-rho0,r6-tune2-b2.5-rho0,alw_win_w10_n064_d30,34c554123516d693650cc69322e0a2b23df071d5957155068de389a1f0d308d4,1273e91935d9c83f7dfcb4b855e1ab80a74d69f614a1d334fce9f28ce01c6316
r6-tune2-b2.5-rho0,r6-tune2-b2.5-rho0,alw_win_w10_n128_d00,66926dfba74d0aa4442002eace5e832c2413c372e7534df30dd199cef1923283,eb7c2eea1eb148ec923a2d9a19337fdac427b27356abab25e086c29bb6c09052
r6-tune2-b2.5-rho0,r6-tune2-b2.5-rho0,alw_win_w10_n128_d02,b5d1391223e481bc7d183310ed4855a3ab0716edcd6bee897c9914750cd87643,003aec73cef5b7db18ce4f07ca90255cb8bfae0fefb5e5d4ca136c01d021ecca
r6-tune2-b2.5-rho0,r6-tune2-b2.5-rho0,alw_win_w10_n128_d04,08c4bc09b75c71a11dfce20f95977edcc0041a05095bdad6b7cc7fe86bb89b99,e8af19e931656dd2036574fecfad03bd0aa781004d585f5cd8790339280b7dcb
r6-tune2-b2.5-rho0,r6-tune2-b2.5-rho0,alw_win_w10_n128_d06,ede8b7b470a75e78f18c0f2cc8af520fe166fb44c00820c4742ed8b2cf7c5fc2,5851998d634fb40efa9ea9499baa4b0ab1c50e78c87230bef9b1ce7fdf1adf03
r6-tune2-b2.5-rho0,r6-tune2-b2.5-rho0,alw_win_w10_n128_d08,90ba3697f5ab7dbc5d3242978a7d47ab6cac71b0247c65f5c64d23c6931d07e8,f03c5d3b54d203da490d4c22ec9f86ca67119552c6529946b093405f14b4ba9b
r6-tune2-b2.5-rho0,r6-tune2-b2.5-rho0,alw_win_w10_n128_d10,90d77a038c76b7fcb84055ea768717f7a67c02cceee5a47c22bc2cd2d5e76c0a,bcf380c6b592831d137ec3d08184f2a4273f72ecad8096ca145edf07ecabc34e
r6-tune2-b2.5-rho0,r6-tune2-b2.5-rho0,alw_win_w10_n128_d12,eb722edfad2e001ad646a0dd00b21533a86078b7aa2f1f09df6968dc82a6d8e6,b5c06cb8eba09e35700af92df6000d2de7edaae1849c59851c8403f16dcb2213
r6-tune2-b2.5-rho0,r6-tune2-b2.5-rho0,alw_win_w10_n128_d14,659752c36146a2b1c3a0f653761e84592ad34f24c2e851a06a4b600b50f8aca4,5fb08429642f7987421fe640efaa6457d1429bb51af97878ae94c8db845e46f9
r6-tune2-b2.5-rho0,r6-tune2-b2.5-rho0,alw_win_w10_n128_d16,745b1e9d54385ced7a5559c540af7aadb85fa43cc20fac206184f2f34f0c67fa,73346ba601785afd0a8772b60bc1315f918dac867dd4ebe44ae1d7b51eb28c38
r6-tune2-b2.5-rho0,r6-tune2-b2.5-rho0,alw_win_w10_n128_d18,a874b9a2ff8bdc71b497b7fd4b5d9449419f8886fb6e00a2aa66046289752ac0,5d3a453f584dd4276c703235d17689114e5758bf91067f7c5769c58d30067232
r6-tune2-b2.5-rho0,r6-tune2-b2.5-rho0,alw_win_w10_n128_d20,d8f6f24e3abba70590acd01eb3ac14f78186bbe3068478aff09606bc641c622a,50e26b75dff157ac57178b3e6a94fdfd20bec46af16e66acf594a8d5d4a1dc96
r6-tune2-b2.5-rho0,r6-tune2-b2.5-rho0,alw_win_w10_n128_d25,aff59f32248aaa165670f222a7f48810c4ebe1d93273a8b188b148b30a4898a0,450bd846da8f4d684b671682b85fa0e956e3dfc3c71abb373c34fba34a255a40
r6-tune2-b2.5-rho0,r6-tune2-b2.5-rho0,alw_win_w10_n128_d30,1fb88b91f678e7efd2652d4e662b5a60c5157fa5eabf6744e8daee271002868e,e294491e5317feb40ce9fe72664f0e4f856ea4a1a567211a0b495b7986e549ff
r6-tune2-b2.5-rho0,r6-tune2-b2.5-rho0,alw_win_w20_n128_d00,304dc4773a1be13977fd27ccf9e0468247b8c534f230341921c23e3db1d5dd56,bce31fc7dd13c8b8ca9b59c43279e9226d5bf314ab6210e43ab6fc01dcdb15f4
r6-tune2-b2.5-rho0,r6-tune2-b2.5-rho0,alw_win_w20_n128_d02,44a7fade758fc5d6806913fe6ee7932051a0498fb1fa05f4cfcdb250f67325ba,1f96c175587f74ddf3a6d04cf2d00eed0eb1e14af188a4bf8ba6993692934948
r6-tune2-b2.5-rho0,r6-tune2-b2.5-rho0,alw_win_w20_n128_d04,aa041a43f1e772510dd498abeeec2041c63da43d64e98cb6e0feacc4451d3907,47b5d2310cf7d5bbb2357a2d3b6d9cdf48ec02398c9111290e88fb5ed4a1152c
r6-tune2-b2.5-rho0,r6-tune2-b2.5-rho0,alw_win_w20_n128_d06,c87ff5e3445cd8737cbdc38405892b6cb7d5e5ea6a8234642517966e41e3642d,21427f7c4ca100466e53495d7e937bef352c9204e5c3550c98e98dbc531a5be2
r6-tune2-b2.5-rho0,r6-tune2-b2.5-rho0,alw_win_w20_n128_d08,3ae36003f1a9231115d569e4a3316f820fe15798ba50d65f6e81f1e49b454407,c4fad387a2b1e37c7ac5dd929de9b24bfd8a52440f0e88d8850ef31d1a0388b7
r6-tune2-b2.5-rho0,r6-tune2-b2.5-rho0,alw_win_w20_n128_d10,977669e94779d26e6815da281990e69c8bde5f94c2576a768bcaab5d18f60ccf,1c7673ea0a870de0159c0f215ee33cb96cca3df2ae54ca01c64697e99f449048
r6-tune2-b2.5-rho0,r6-tune2-b2.5-rho0,alw_win_w20_n128_d12,0f8247a8324fce201d5614f7132149bfa041ae63b4013896098efeb9f12cc11f,54c02f425e7decc613224c7a3c34650968966ed31db15a4f7533cb5e8faf5ceb
r6-tune2-b2.5-rho0,r6-tune2-b2.5-rho0,alw_win_w20_n128_d14,b4239c0fd604e08fd22fbc61b5b6ec09173898194e2e782fd6844d5e7ed70ca7,504a70db88d7c5a7fe50255a43b973a985089099045b3f014f71c2506615940d
r6-tune2-b2.5-rho0,r6-tune2-b2.5-rho0,alw_win_w20_n128_d16,50685dbf57be6b35e7b2d194d5b617b6bf9ea6fc6e6bdda67f127ccc69c1d9c2,9670aecb8c02bb8d5c730d4cf2bee35ab2863629bcf9e9362982f1e209ea4113
r6-tune2-b2.5-rho0,r6-tune2-b2.5-rho0,alw_win_w20_n128_d18,924516cf25b6150be4a33a07291edf7551fb4127525ee19ecdc74e707ea8581d,e6cf741ba0c6b00fe29d8b3e1a5b504f264099786006db3c5895003723f72735
r6-tune2-b2.5-rho0,r6-tune2-b2.5-rho0,alw_win_w20_n128_d20,9d135bff3ae9494a7d9eb48e21a11307fc43b2b3e31fbc051c501ac5a7d39f3f,5ec2a24ba212df0ba12c736b752bfa723a2a2fd9e2af8a28979ac6e60a0adc44
r6-tune2-b2.5-rho0,r6-tune2-b2.5-rho0,alw_win_w20_n128_d25,9e43ff527867104f45ceeefa71cff49c10ae6fc2981d36fea4e35763f082e481,e2185588af675fb711b6ea7ecf57b75e9397417d94516f735b6b4da630d0e004
r6-tune2-b2.5-rho0,r6-tune2-b2.5-rho0,alw_win_w20_n128_d30,54edb357f569ad2eb0c01d2dac30ede9576e26aea220c3df830dc153ced603b9,c931bf202233ae6a7feb189b48274252b8f7fd8ace3bf4a5d3dea5d9464a47cd
r6-tune2-b2.5-rho0,r6-tune2-b2.5-rho0,alw_win_w20_n256_d00,a9663c9bfb7fc795245e6f1d9a374a4fd9fdb78d5483b5afe9d58f2c4e46724a,bd33f147a16ad7789b549cbcd27ca9524943988a5a84cc88e78ee8c72857604c
r6-tune2-b2.5-rho0,r6-tune2-b2.5-rho0,alw_win_w20_n256_d02,9a9271a39c4c6471a5a3c70b6c1892e9db2655c9c94cbe24f497a09ccfa8e4f7,b8d26c3feca95dd66bec7fecadef17d9f94011a2882b13d43322dd2ed412e901
r6-tune2-b2.5-rho0,r6-tune2-b2.5-rho0,alw_win_w20_n256_d04,2d9a3c259de188536de9391da9ea59a7b2b7fc8d39c68175c39b5e0969d69e92,6ff587231f06d13fcd09c6cc520938e8af5bf6f8c9032683e332de4098956e28
r6-tune2-b2.5-rho0,r6-tune2-b2.5-rho0,alw_win_w20_n256_d06,1845517dc2ca85e80164fb56b20c223bab934bb4e70b5c53553a9d62eef4d68c,0f825ef56600cd23326901f2d9241ebd8f874cdbff4620dc3877f3ec76664e92
r6-tune2-b2.5-rho0,r6-tune2-b2.5-rho0,alw_win_w20_n256_d08,6020726e44d1a2efe6b5e7b3592bcacf5b5f9844b7af4091e444cd19de35eac8,fa713f5eec68d7216228851f1e627de6342d08be6525e810431f1d2e96c230ac
r6-tune2-b2.5-rho0,r6-tune2-b2.5-rho0,alw_win_w20_n256_d10,e2cf83aa4f96ee71f2e23ca6605ad8a10b6a3880584697b12e92796545de25ef,66c284d84dc10e6b6fdc43d0744e43a703e31ca0642160cabafe5b01cefdb9fe
r6-tune2-b2.5-rho0,r6-tune2-b2.5-rho0,alw_win_w20_n256_d12,c2d3e12fc359320a612f438d00ff858ff06e779d5f8253c7b6040673c1122880,9abf05c2e756a7764b8e87d37bc7fe2ebf121536ded8e0b7e971d967788ad36f
r6-tune2-b2.5-rho0,r6-tune2-b2.5-rho0,alw_win_w20_n256_d14,46f96534432f03428bb67a1acad83a95c6808920324385f2c8efad3a1fa35bbb,d9c7b7249267f74e4b405b1c1af3ea6af2cfabddde0e467b9cd812ee09c4c5d2
r6-tune2-b2.5-rho0,r6-tune2-b2.5-rho0,alw_win_w20_n256_d16,3ac78c07710296ff2b8faa72b77c3a676f6728c1504dbb24c7e0b6620239911d,c35e52894682421b40d80d88577a85b12156b2eb9e410e119ac65fc583016dad
r6-tune2-b2.5-rho0,r6-tune2-b2.5-rho0,alw_win_w20_n256_d18,9cb95cd622f4dea8251784462353d8602106c9c1ec6a8a1ec4b53d58d77d740b,14033daca3fa0104db03b63003106dcd9bda448dfa96788b93f98122b8c4370a
r6-tune2-b2.5-rho0,r6-tune2-b2.5-rho0,alw_win_w20_n256_d20,17dfbb990ce352eb2532f62ce9f2f7818892917caafa8fe097481dbce5109da8,09d8ba33c7a6d2bcf81b93f8c6ad3f3dc9d2a5442afc011054d02901a273d9a1
r6-tune2-b2.5-rho0,r6-tune2-b2.5-rho0,alw_win_w20_n256_d25,28c99845e910b26e7a80a715509dac63c1a3eed508922105eb5bbc5026c93997,cc443642b1e03fc6e15ae5ca47d49299e25076a0396330c1674f0d650755268f
r6-tune2-b2.5-rho0,r6-tune2-b2.5-rho0,alw_win_w20_n256_d30,e0a83211a375bd235b8afcd3e14abe3bc78a3b309814cb16ce04029940a8fa17,557ba9cce7250e3ae641aaee584b8c3f35d5b667362615e673938078e8b309b8
r6-tune2-b2.5-rho0,r6-tune2-b2.5-rho0,alw_win_w40_n128_d00,8520e86c49d7610a114422943f2b1ede2a2a1944180dbbe5c0bdb6b112fb1166,22d28cbec15a85766a9e7a2514c09ab542039ef770c5e7d813fa7556b1af7068
r6-tune2-b2.5-rho0,r6-tune2-b2.5-rho0,alw_win_w40_n128_d02,ba6f8848c4da651f4c35bbfd4a35f9fa4746481e90534c0ca7c5b4aebbc58a71,a2d2c5523a1c8c365a8235184146fc35825487d29a567c4a08e94e686970f572
r6-tune2-b2.5-rho0,r6-tune2-b2.5-rho0,alw_win_w40_n128_d04,fbb41766b90682b664ce25b9709f0f4fbf57c4d3a3e75579cda923664bc5f1b8,05989d424cb7c9919d3e957d329c95ae42217bec1f603dfcec4552e740677602
r6-tune2-b2.5-rho0,r6-tune2-b2.5-rho0,alw_win_w40_n128_d06,a75aef1dc329dcf1560197fe38ac23290fc3980feaa240d160001c3db46e7b1a,6656f552f54ad5acb48463d41be0aab7b5dbc05f3b77809f197b7d093759fc18
r6-tune2-b2.5-rho0,r6-tune2-b2.5-rho0,alw_win_w40_n128_d08,2105c72132df773d7bb82c3580f8d624984b5ce84c735b0fc89560244c4df8a8,946aca596a34b9c22e91717faff4830142ed21f686930aed5b47daf07ea5d48c
r6-tune2-b2.5-rho0,r6-tune2-b2.5-rho0,alw_win_w40_n128_d10,86c6d9eb1a713272646508d5313994420bec21f215be45f20ed3db25422ba7a2,98bf22a123a376d4a2a4b0a25b6cd76816fbfce5a0f7c0e8724ef0a63eaa4376
r6-tune2-b2.5-rho0,r6-tune2-b2.5-rho0,alw_win_w40_n128_d12,465704ca1d4821155a1a99e7cc5d27b2ac3e2fa9ca58f11b3d734615a63c4bae,313ca65f6f7d66ee826ec4e29fcce6c0a52accb3725168dfe27b456b7d1fc9e6
r6-tune2-b2.5-rho0,r6-tune2-b2.5-rho0,alw_win_w40_n128_d14,0a0e97f85e6a267cbf7e1a4a26c2c35746aa58740a6796f22b39fc9f84d685bd,5a14c614249ff3376261dd87f28ab61f592ac8dc4e4f105f587230882feb16af
r6-tune2-b2.5-rho0,r6-tune2-b2.5-rho0,alw_win_w40_n128_d16,5f575b316550e1698465ab742caa7a4e4870d3e4c0d740a5f1cbf58afb44f669,6ed9d02494ff5a954c39afbf7bb40128206f682aae70ef2fd9f67f5b4f2f2ac0
r6-tune2-b2.5-rho0,r6-tune2-b2.5-rho0,alw_win_w40_n128_d18,5b46824cd2094822aff49657e9d572280d7922bd15097f2a0cb228d56d56eca1,30e40ac7165a1d319d0d3ffd563f41e4b1f60e25086ee0b04803999ded961024
r6-tune2-b2.5-rho0,r6-tune2-b2.5-rho0,alw_win_w40_n128_d20,3c36a1895c82c0540187eef8e30d017925a9ad4392e250daf6a7224ce6b2a29d,42b0104c25b44be2a507507e535bfc4b709a976c4c634d92132d96cb8d84647d
r6-tune2-b2.5-rho0,r6-tune2-b2.5-rho0,alw_win_w40_n128_d25,e55e2311a01ff753e35297271d05fec4c3dd19b528de85d11232f3c3845b7274,3044506f602985ce0f7ebd726c485d74ada13a566cb0a67470892411453d32b8
r6-tune2-b2.5-rho0,r6-tune2-b2.5-rho0,alw_win_w40_n128_d30,04e132ef7a368c14f6718214e6086d34668a300202aad0df6e660f73d2c763e9,a5985345d6fc7f1700f0dd120406255b317d5915251f60a57cff773cebc17981
r6-tune2-b2.5-rho0.7,r6-tune2-b2.5-rho0.7,alw_coc_d00250_n064_d00,f2d53035c9c1f5e34a14da1686a070eabd68c7bbe50bfd50f4b22245aa4ddbeb,42db4edfc6b6948588709e211ee10cf741131f020eeebca6858131de78accc32
r6-tune2-b2.5-rho0.7,r6-tune2-b2.5-rho0.7,alw_coc_d00250_n064_d02,0c5e7e932ed2be9a6e045f155c5ea270e806d50488a6a1a183d1faf359891b24,1b163a36788be408eeae0161f6273d3b99698a3a8db4ae56341b032ae54f80e8
r6-tune2-b2.5-rho0.7,r6-tune2-b2.5-rho0.7,alw_coc_d00250_n064_d04,a0dfd6bea0730eccbd3102959fef5f2d4a0fc02abcecbb10f88583ef8612fb5c,b89642e68f8af4d933073c4ce7ab6584572e8adc097af650ea89a6f85c470bbb
r6-tune2-b2.5-rho0.7,r6-tune2-b2.5-rho0.7,alw_coc_d00250_n064_d06,fb3d66aac486d970c0f219aebbe63941a793b1a7ff4c8fad399321faa955cdf4,6aea4b94dcebb5b369c17602efb32c0e6d4b34835c3d42fc79d414b458ea9676
r6-tune2-b2.5-rho0.7,r6-tune2-b2.5-rho0.7,alw_coc_d00250_n064_d08,e852cb368295319ef288454db86f93065737899a520e760d7dac4c9ffa92251b,b8ae28c30c4561e96fff8d5118646b1c6f92d5bf2ae7c7f55d042083636b77f8
r6-tune2-b2.5-rho0.7,r6-tune2-b2.5-rho0.7,alw_coc_d00250_n064_d10,6ad515b8a38f9526b9ccfbdb9885aa326523c03a637460c9e1f5402208df1f49,1e3a7ef6d2215f6fdc1e30311f07df1098f6a9f410b728e5ec979e872450f462
r6-tune2-b2.5-rho0.7,r6-tune2-b2.5-rho0.7,alw_coc_d00250_n064_d12,e912664cc57f84364aa34a5acb8911f49ddb58dc01010800cfa2541d41135475,4ea34b1ae19ae8e1d633be0a58ed0317c85ba656ba5a6709ab65fd42d148111b
r6-tune2-b2.5-rho0.7,r6-tune2-b2.5-rho0.7,alw_coc_d00250_n064_d14,244161922e5209c6586e780b06eaa885e39d2ddd65088e246cda07813011c6e4,9b02491e4ddefa0558fd7d2ed1f937886566f349da7fa437c9e484bc83b6f0d3
r6-tune2-b2.5-rho0.7,r6-tune2-b2.5-rho0.7,alw_coc_d00250_n064_d16,d0d61fe02cf780a1438dae7f5ebc8529629f58014b0c424bbf3a1eb4f751cf6e,08e16cd27a9c52820da638074fda9805881c13ded9d0a321bb8d7d877dceb1c6
r6-tune2-b2.5-rho0.7,r6-tune2-b2.5-rho0.7,alw_coc_d00250_n064_d18,25daf7d8fa0948f1c148e9e9f7133e72d6992016435c5e29b50342d887008bb9,cf68a645bea4ee488906e5214f04f9824595470744a56014df139464686d8547
r6-tune2-b2.5-rho0.7,r6-tune2-b2.5-rho0.7,alw_coc_d00250_n064_d20,ce554b6141872dda68fd86ceff5d5646dafffca608484041d9ee1d1edf644e44,7e967754c379fd1bf94c574c28420f8b670311d959e08a7e660835b4e24ddc11
r6-tune2-b2.5-rho0.7,r6-tune2-b2.5-rho0.7,alw_coc_d00250_n064_d25,bcbf3ea679524759b07a2c6c50c82d1f2dd7baf5ba568dcb9d3060c31c3e1722,13c5c900554b1d5a90125334a6abfa84b9b056d6fbe0da49305699110a12c4e9
r6-tune2-b2.5-rho0.7,r6-tune2-b2.5-rho0.7,alw_coc_d00250_n064_d30,bb48ec2632a1fb5d2b87cacef4a38fd426888ef2386498fbc303b1c7f70cc85e,61c0154b6391549443f565ad9a1a6bc9b7174865e55e66f01362e55bcb455234
r6-tune2-b2.5-rho0.7,r6-tune2-b2.5-rho0.7,alw_coc_d00250_n128_d00,cfa14e1352bfa4319a7aa0e8d36f442566d0b14822c4b0bb2b52259e56e71795,d9215ff3b123493f97e835efdea69794e94ada1eb5cae6bd267bc1441c851499
r6-tune2-b2.5-rho0.7,r6-tune2-b2.5-rho0.7,alw_coc_d00250_n128_d02,22d6e904b9dc7f525eac8f1e84800f1d1e9fec9b943484c7f1356085eeb867bd,901e5c7f668aedd9625e69db6ae7ea0efbe1b4f667e1fdd9c6be7ff795ef6f92
r6-tune2-b2.5-rho0.7,r6-tune2-b2.5-rho0.7,alw_coc_d00250_n128_d04,0a97ad15f9911d0e803fa627691178a4bee2c074d8c69d074531ea307ed41905,15383960ffe20ddd5f731d358f3c39cf3917ef3c02655288020984fb82c5defb
r6-tune2-b2.5-rho0.7,r6-tune2-b2.5-rho0.7,alw_coc_d00250_n128_d06,49782774f317225e1fa26b8effd3f376e6fa22f767e7146b437688a2296702a6,be23e27b8f17580e5dcf3765c072339bade0c6a359f585a040d0202dd212679c
r6-tune2-b2.5-rho0.7,r6-tune2-b2.5-rho0.7,alw_coc_d00250_n128_d08,9e916c2bb94312c951416e2a981afd0577e896f386e731a090272f9cca330f3a,85649ae286a980b828b02f38e15d7e877c38974a07322343cb3b16dcc789a302
r6-tune2-b2.5-rho0.7,r6-tune2-b2.5-rho0.7,alw_coc_d00250_n128_d10,0b828b907d548e91a793f0e9132618729c122de226882fb2efbeff0b5a381410,1b378c7c0a626a14ef2d41f7d43d0ee1d71cd4ffd7c72655214c50cc5c8ff0bb
r6-tune2-b2.5-rho0.7,r6-tune2-b2.5-rho0.7,alw_coc_d00250_n128_d12,645c51a1e99e8aa0244cadef6634603e51de2ea7ee140652dc828eabdaccead2,4dbf9c8a795eb9944316cc500507c0b521ea8904328acaaeb8a6199379cb5e45
r6-tune2-b2.5-rho0.7,r6-tune2-b2.5-rho0.7,alw_coc_d00250_n128_d14,aa90d6b91b2695bbe50e5c29f25c6d9e4f96aa38f7d921edc795f96871bc2273,f2c56940f851ae5832fa7210422796f08728eefe8f91715ade688394d8686fe0
r6-tune2-b2.5-rho0.7,r6-tune2-b2.5-rho0.7,alw_coc_d00250_n128_d16,d0bad21fab7cec30d52bd5f32ff4a0da83b60c3b24f073f79e9f84004348b767,9bd80be881a4653ba7cf092f2bf93ed61ea18f54ad6b0a0cf7b7b1a8796ee706
r6-tune2-b2.5-rho0.7,r6-tune2-b2.5-rho0.7,alw_coc_d00250_n128_d18,3d856b5e6e4a03ec64fd0d515a8acbfaa9d35ac0a7c5feb1e833f91185cf8af8,0ef678d849b66ec30207b8d249220612c62bcfcfa9bb55d20c81984b7a8cd501
r6-tune2-b2.5-rho0.7,r6-tune2-b2.5-rho0.7,alw_coc_d00250_n128_d20,fee355de14e2e0ae290a03b49eeb4b4df34f8be3cdf7ee09d453f74844705eb7,63f541cdd88ef862e888cf5e71fd2b364c9852c6332c220dbe0f39c96de5fb93
r6-tune2-b2.5-rho0.7,r6-tune2-b2.5-rho0.7,alw_coc_d00250_n128_d25,e2709b39a2ec7b1e191d3231ec2255c8184105d0cfd932f186aaad57a7244a4b,bf6edf09dd776677f2a17a7bd4a3d3eec3aa0a3d000baa9fe37b0dd4ad402714
r6-tune2-b2.5-rho0.7,r6-tune2-b2.5-rho0.7,alw_coc_d00250_n128_d30,6f426027b1a4d5a0eef3094823507a69575094d0fe7427e9f26643cfa8cb6e8d,c1fd3cf0e3f3c90b853039192cd1b591eefca8e87f1a80b23501b340b19a1156
r6-tune2-b2.5-rho0.7,r6-tune2-b2.5-rho0.7,alw_coc_d00500_n064_d00,ad2716f2d8ba4fd759dbffe19f10ffc78d6cbea0b3347871af1b3e31101f9bc7,2556bf611aa949dcd125aff5d5c3917677b444ccd22482ec09dac6cd8e7c12d2
r6-tune2-b2.5-rho0.7,r6-tune2-b2.5-rho0.7,alw_coc_d00500_n064_d02,71698bd8aaac4aaea48f719468dd5ffda7c1f9bddb1972e0e74f448df06e5e43,9bc3af9b5bb81e0c11b64c1129d58070ca34fe416be2c7ec4779a5f3d2260a18
r6-tune2-b2.5-rho0.7,r6-tune2-b2.5-rho0.7,alw_coc_d00500_n064_d04,140adc9f0319b11370dd6794ab52ed0fac2395e51bcc34149bfa261d1f89688b,fa5896b17c939859eeda79a857136298826e0665744e062bf9fe5247c5eafb86
r6-tune2-b2.5-rho0.7,r6-tune2-b2.5-rho0.7,alw_coc_d00500_n064_d06,6a9cff4de266cf4f79e94e81a2257837264563b564e119ca0a102bc7eb89c6c0,a1e8d0778a8ca65ef95d686479a94f6b8bf7db61c579e36d1754b85dd4521731
r6-tune2-b2.5-rho0.7,r6-tune2-b2.5-rho0.7,alw_coc_d00500_n064_d08,2843d6962efd81d958746c18d6af3476f05a74964039fab582b8500a46e98fd5,9f5616aa575577d34b2fab397b91614f9e7695603d05fb69c161da49d2bed0f9
r6-tune2-b2.5-rho0.7,r6-tune2-b2.5-rho0.7,alw_coc_d00500_n064_d10,904877bede84262de5918a999c7cf07b74e88cb95b41d84d3b681381159f178f,93242a8b9c010218d4a030648a8ded475437eb94d870e006ca262242918a8e61
r6-tune2-b2.5-rho0.7,r6-tune2-b2.5-rho0.7,alw_coc_d00500_n064_d12,9f891019a512b7c8771508d0c0501497a7d7a5e84ba461003c060e91408fd3bc,4115d381b63b1d4e7f701a3c3b40b7817c577628933d3ccb9dbe486d31c33535
r6-tune2-b2.5-rho0.7,r6-tune2-b2.5-rho0.7,alw_coc_d00500_n064_d14,36a2bf366e572422468ad39ddff138d4b521643ad1383bb994d42fdb42090fc2,10408bf130e0868911645bc01b47e0a154bf5981299d974e7343e91f549f259a
r6-tune2-b2.5-rho0.7,r6-tune2-b2.5-rho0.7,alw_coc_d00500_n064_d16,9b8f30c3e09da42bda029cce8166ab14ae0c8a418faa7c6a4ba791dc79d4eb63,5723a25b88021eb220ed068139d12277e6fdb9279ff6cd5ef78b6e0a25680976
r6-tune2-b2.5-rho0.7,r6-tune2-b2.5-rho0.7,alw_coc_d00500_n064_d18,98cbfcdeaf2ffefc3e18ac3500a9653abf2b0b2246d7c9a4b0ebbedb1ca67671,be6370c4d01f1c6c560a48287f537d3179a44da92cba444fb1021420d8f56aef
r6-tune2-b2.5-rho0.7,r6-tune2-b2.5-rho0.7,alw_coc_d00500_n064_d20,5486d5a9c66431b159a62f6c822f549073238890da543de8ea136090318d91b6,23408d8317de628b89a44e9b90c15362bf21a4c967f3a425493c9fbebe7b2836
r6-tune2-b2.5-rho0.7,r6-tune2-b2.5-rho0.7,alw_coc_d00500_n064_d25,3b15ac59548eb590c4b343b61dc2a8a9defa3c6f561eb0e5470ec3e881111707,46029da7f8c189e8c9d9376920ca476a2c9c60988c05ce844e487aaa08ce3f8c
r6-tune2-b2.5-rho0.7,r6-tune2-b2.5-rho0.7,alw_coc_d00500_n064_d30,2fe68657fafc893a8356ce1c8eed8f6b8d1fa2838826acaa68f2b3076bfe8238,aaffdb80d7698532ef18e551c95955926acb8671faf34b62d0294ac8a3d509c2
r6-tune2-b2.5-rho0.7,r6-tune2-b2.5-rho0.7,alw_coc_d00500_n256_d00,eae8d71b74da5b76b806f73e89a116913156df215e29eb1535b0fc9dfe3835bb,e4b7c7433da76b1270010404b9369c93ab34103edaeb7e845b51b02307a605a7
r6-tune2-b2.5-rho0.7,r6-tune2-b2.5-rho0.7,alw_coc_d00500_n256_d02,93a828cfcc72c936d48eb0e88eaad61770a209e12f574b648fe878e4d803eff4,21594599f3489477eb4f2846d600443eba39080011cb71b56e662e0e1cc4935b
r6-tune2-b2.5-rho0.7,r6-tune2-b2.5-rho0.7,alw_coc_d00500_n256_d04,2228bda0151c5bfb21f05fe9fbd1dc0cb04fa0561efbc627efd4c8121d7a705e,7c8afa3f58cfd19c97cf473ac7aad995b13267c2a559e60717660aa2d4533e00
r6-tune2-b2.5-rho0.7,r6-tune2-b2.5-rho0.7,alw_coc_d00500_n256_d06,35f2aacf91594c556ac7b89af25b5548cff26ca404b6a773991bf3d0642e8c37,cbf979c4e2f39c326fa870b64b063aa7f9564b72e797932dab140737e3246ce4
r6-tune2-b2.5-rho0.7,r6-tune2-b2.5-rho0.7,alw_coc_d00500_n256_d08,036bd84f67acf22f2ad10a69d997530e8fd184a75ba28620e87935116342a9b5,d3bb95ed577f77952417692374d1088d07c378d491731402a292f83c5137aa7e
r6-tune2-b2.5-rho0.7,r6-tune2-b2.5-rho0.7,alw_coc_d00500_n256_d10,4d768a3b2063986146ea7c060594cae2b5f1236689e345dd1852bc17b7c3395c,7c3c1e0743f7ee42e22e129a94bcffe02c3046267bd7605e8cb9737a75754ee0
r6-tune2-b2.5-rho0.7,r6-tune2-b2.5-rho0.7,alw_coc_d00500_n256_d12,d5c7096995821efaf2ac6e3093c04119ffe336ca5316a8f043a1f285168fddfa,b9d66d7c70f1b46c3cdcaea466c3229e22e20b87daab487f05b03805670c059e
r6-tune2-b2.5-rho0.7,r6-tune2-b2.5-rho0.7,alw_coc_d00500_n256_d14,c77939051904a5de12fee72aa1ddac101fce9ab475e3b91e8038f62e4999133e,58b59191225ce7baa78ed5f95eb37ac71932c2e78633f438d20cb0f2fade2312
r6-tune2-b2.5-rho0.7,r6-tune2-b2.5-rho0.7,alw_coc_d00500_n256_d16,a664e92c0d66481808e9963d910d3d20bb9aae8611debc9f10650e9011a1f825,9872f3169debb52d6d2c9a47ab7310c8ab525be15dac743e84bec5e8762e8718
r6-tune2-b2.5-rho0.7,r6-tune2-b2.5-rho0.7,alw_coc_d00500_n256_d18,c1d6906f2faa76899b13165f81c6b9ff27f1699dc8979aa12b22152fa161a228,59ec21238bf5c92322b44acc8596b686d046ac7b22073d0dc66be53746c4e72c
r6-tune2-b2.5-rho0.7,r6-tune2-b2.5-rho0.7,alw_coc_d00500_n256_d20,efdd1496b4574044646676a294da1c111cf547d99bbb3feca1c023b1f4f5b10a,86ca2f53db804a6d693217815f6e7ca45d75218e81974e8d9b3bfcc5aa52a5b1
r6-tune2-b2.5-rho0.7,r6-tune2-b2.5-rho0.7,alw_coc_d00500_n256_d25,1ee9435181772261d97d653dd753f92c9bdb9121ae2b7497b3c38e38c299b2ea,6d7210486a2f7f2fc92167f95b2b4a81054a72e8e3e229939f0d234973220804
r6-tune2-b2.5-rho0.7,r6-tune2-b2.5-rho0.7,alw_coc_d00500_n256_d30,e57f16c68e95533af3b1acf457a2ac334090a09ea9afbd1ebf254a397a0f3dee,4a1d2e7966156cae8c31ce7cbb2202febb325928f92960bea6f93ff1628b8166
r6-tune2-b2.5-rho0.7,r6-tune2-b2.5-rho0.7,alw_coc_d01000_n128_d00,95682ffb3845a4ec31361bc7a32a290e7ff5782fa52b251186280339ea5963d8,417216a7f4767a79119f792d934630116f7810aeaab6d5ed8b24f371a740bb48
r6-tune2-b2.5-rho0.7,r6-tune2-b2.5-rho0.7,alw_coc_d01000_n128_d02,9a0a2b80d8246f67b8e639321b13ad0860d07f2d293b8cb30185dc0abc025ea7,d73eecb0bf25966d2d009e1b90e4ea27b7ba1ab9fb327e9bdbf51be9c13c1529
r6-tune2-b2.5-rho0.7,r6-tune2-b2.5-rho0.7,alw_coc_d01000_n128_d04,03533c3edf5435a018d702a38fc2bf42fa493ae5d18353ff2df6124f23b7d938,b011a1d0998574f5a0b55f43cc64b78c02142b14e20d56077ca50386b3b341f6
r6-tune2-b2.5-rho0.7,r6-tune2-b2.5-rho0.7,alw_coc_d01000_n128_d06,bfe11024f9e0af41772483b4d50dd6638ee53b44ecfa1ab1b28687a268c05cae,7930dc7e4c8d76aaf58c86d6d17d01d79b68b67bc8c56e08bc39179e5d633365
r6-tune2-b2.5-rho0.7,r6-tune2-b2.5-rho0.7,alw_coc_d01000_n128_d08,acb1eca8b48e83248191c96e72abda0d3272642c42e7c097e73b3973aaa8475f,aa819c7078c2d74d6996c2fbf0256042f78871a85795e364e26ed1b6a9ec415d
r6-tune2-b2.5-rho0.7,r6-tune2-b2.5-rho0.7,alw_coc_d01000_n128_d10,7bdf7f57dba08bd8c5d0430490cd0c38af228456e94592dcd4d4ccdc40904b1d,71584f7a79b61af9a8b44e8a1ca777c03f3d650ca05c0159e0dc9d37fff3243d
r6-tune2-b2.5-rho0.7,r6-tune2-b2.5-rho0.7,alw_coc_d01000_n128_d12,c8171e4913a5cc9fa6c4cc3147f1aa2c8e79b86b3b441fa33596f869b092eede,45e9ae864505cae3838d861ac31400d83032cbae3bd0f6a4cc78926b7c9dbdcb
r6-tune2-b2.5-rho0.7,r6-tune2-b2.5-rho0.7,alw_coc_d01000_n128_d14,dc60fcab6cc80026979d9e19cf2f65cb45e5ab2e7d86fbaaf8107df7f04d8608,d3193c41fb55edb1bb6b09cae406564395121163f72c07c1a886560f1582f0fb
r6-tune2-b2.5-rho0.7,r6-tune2-b2.5-rho0.7,alw_coc_d01000_n128_d16,c41296982b46ca162641caf4bf8838b339524e2e13d7817695e7a3d104a57c73,4baac22212e002025c62bb748ca1b3e3beab907c50786a2bb2da9d9048de0fe9
r6-tune2-b2.5-rho0.7,r6-tune2-b2.5-rho0.7,alw_coc_d01000_n128_d18,4714b6242c7c9b18750d2bceb09bb461dfdd7ee13cd7e3ab697441cb184480b3,7074346df28c9cdcf52657c401e0a7db4d028a46a4b0d2c8b8b58c15d0bea3db
r6-tune2-b2.5-rho0.7,r6-tune2-b2.5-rho0.7,alw_coc_d01000_n128_d20,a820dc8e0acb7ac76a69a60e39ab28194905aa15f9579f4d0b444a40b19c5fb6,d3c5089540118d061a749cba47aac5e281276f43e77cf7edb751d27c62cd4007
r6-tune2-b2.5-rho0.7,r6-tune2-b2.5-rho0.7,alw_coc_d01000_n128_d25,334cb0784efc9d25e8794111b6917a92f4705007d76407f8fae629ab0dcb44f3,fcafbca920a818ecdee6d695fb03faa029dc2cee8176b11b95b82bb781d788a7
r6-tune2-b2.5-rho0.7,r6-tune2-b2.5-rho0.7,alw_coc_d01000_n128_d30,b91ef8585b26e396af39ef226509e36b134b180da748f0999e04d0bffa06500b,c24dbf161e0b081292c9e7692a02995b1bd9dd1c9cc68bbde6a5e1d07962925c
r6-tune2-b2.5-rho0.7,r6-tune2-b2.5-rho0.7,alw_coc_d02000_n256_d00,91163836a205d95c9fe180baf111db05bcff6c7b12660eb7d33cbcf2338a60f5,79f1ad723f727adda78091cae4d84820dd332e42c654b1859c9a7b25d38eeabd
r6-tune2-b2.5-rho0.7,r6-tune2-b2.5-rho0.7,alw_coc_d02000_n256_d02,5040839b21a8d9f6421ff18be879f1184895ce42eb3727d10a52954f300dffb9,8354437b51e64c0a800c8e183d708f74e3acfcc961b7f6f4e9482c1852dd347f
r6-tune2-b2.5-rho0.7,r6-tune2-b2.5-rho0.7,alw_coc_d02000_n256_d04,1a7939a1dcac114f5ffefc98eb8efbadabad7a380dcb18be2f745b9f78b2c973,e8cb76cff3f605f7fde73de009cec97db9dae47e6a1b2e95a46b2428d819d2b5
r6-tune2-b2.5-rho0.7,r6-tune2-b2.5-rho0.7,alw_coc_d02000_n256_d06,366538585692c4b64eda0870432eddb308c646051bc0bf27eb027f2f7a8bf8e4,2274772dca8c88780e38a51d932032b1f475bd9194c46b00ff64909130edf6ed
r6-tune2-b2.5-rho0.7,r6-tune2-b2.5-rho0.7,alw_coc_d02000_n256_d08,5c84e3842c06bedc2297ae446a766d4f5bfb67045bfc26c101c29d64c89f3686,7ac94eea9f8d509034da0342de0539c94cfe5cd36baa43f166c90bfec49ada60
r6-tune2-b2.5-rho0.7,r6-tune2-b2.5-rho0.7,alw_coc_d02000_n256_d10,9bc68a25bd244128bb907046d5d7971ee1f9d79d75542f0387e8c04939e6144d,6b06b1ba8e89903bb3e8cd56c8db3307f571f87d7bb2732d2923278012176f7d
r6-tune2-b2.5-rho0.7,r6-tune2-b2.5-rho0.7,alw_coc_d02000_n256_d12,93b768325045368ee7b08429714a56d9006eca65965ecb36bdf0c2ae8eb53425,cce7b000990557d0bf2648025e3ccfcd55cb7c2ecc43c8c1b4c91827ce3a6e29
r6-tune2-b2.5-rho0.7,r6-tune2-b2.5-rho0.7,alw_coc_d02000_n256_d14,4266fdde1364ccc5c555c34d1eaff36742bcadd2683343dcc492b5a22dd54126,eac65b0b7225588c83c2851183d87a4a420aeae0fc161e789323bf92ff7b667c
r6-tune2-b2.5-rho0.7,r6-tune2-b2.5-rho0.7,alw_coc_d02000_n256_d16,b0abc812083378b121fad4669417a112683c78546cc5a08da04498e432a3d216,58d43a563a7bcf7d3e68a99e0fa9b2e1025451e3af72c11e09f826ef4c86f4e7
r6-tune2-b2.5-rho0.7,r6-tune2-b2.5-rho0.7,alw_coc_d02000_n256_d18,1f486401e667eb3b0feb51c7e03f850e0438d49c1401372a4b2b7e00dac70b48,39b5e89c6a9292e7970d9bacf632063c0762abc82770d621539a04d88e7822d7
r6-tune2-b2.5-rho0.7,r6-tune2-b2.5-rho0.7,alw_coc_d02000_n256_d20,4c3a46cc6824dce3d5531cb4bde1547629f58aa933d61e309cfd754ffa6f194f,7c9752f6b76dc7652225778117fee20f1ef887bc86114d508e0b67edf2357365
r6-tune2-b2.5-rho0.7,r6-tune2-b2.5-rho0.7,alw_coc_d02000_n256_d25,5b400c3fd9dfbacdf5f1c6225b9d9b829f09b01b0d154743228205c7869fd6f0,6dee0d5d812939b0f848b94e6e7da6c6f255f33456614b22889dc7cfa1808187
r6-tune2-b2.5-rho0.7,r6-tune2-b2.5-rho0.7,alw_coc_d02000_n256_d30,a47045965af8e0a93122d9b9c1c2dbaa5bc964153270966cf431e578b4c493fa,b663c95157006ba1b44145a16b3464d903eb55ab0c558cda768e5ae32c66c653
r6-tune2-b2.5-rho0.7,r6-tune2-b2.5-rho0.7,alw_coc_d04000_n256_d00,b5f98d2531859854846794b0704ae3173717beffa4c172c151cdde8a231cdcbf,3edf7bb7971ee26c087436d0a537e9292ff375925a406ba040d9fe3d75b909f8
r6-tune2-b2.5-rho0.7,r6-tune2-b2.5-rho0.7,alw_coc_d04000_n256_d02,9dc97808dccc76c506a41452099cb934846f9b227eef80e63ecc419c61b78fb9,8d7dd735a439ec005d145bf47ada969890698d1bbc21d7e93f772d7a944c1459
r6-tune2-b2.5-rho0.7,r6-tune2-b2.5-rho0.7,alw_coc_d04000_n256_d04,255e4bfbe3fe571fa518ab2250ba2098ba5058ad66441effb589f976353be59c,02b78fc7eac35cd0ad10a6ea506c6f3a4af9c62b0102e2f3f4e4a7e30cd6c683
r6-tune2-b2.5-rho0.7,r6-tune2-b2.5-rho0.7,alw_coc_d04000_n256_d06,0f87539a39d691b945c782582b5e435489fda37a2aa70c1a8d26aded5e60e07d,c09042a8e48f7b7664ac787e07556c60cf0df9f0eaa9fdf5d6ca1c7bae85b2e8
r6-tune2-b2.5-rho0.7,r6-tune2-b2.5-rho0.7,alw_coc_d04000_n256_d08,a9abfa6ff9c6a125f68896cb9a6f2df93b8b140a7ceebc2c3493d1f07f6cdb00,144cad5e81725ebb3307086cb7bc26fcba955bf17efcdfd872c056dcc29ce7cf
r6-tune2-b2.5-rho0.7,r6-tune2-b2.5-rho0.7,alw_coc_d04000_n256_d10,d48b60575aaa343a9bfe99525d6f1b59132a1d90067f820c28a93d23b88104b4,9985c899f4d35ab8d72166c68dfe8a3a42578a1c139391049cc6afff7db56b88
r6-tune2-b2.5-rho0.7,r6-tune2-b2.5-rho0.7,alw_coc_d04000_n256_d12,6fc9c86e1d0ef817dbe731a0baa1c12b0299f1bd1b9228463ce9c7f40937d324,3d3339fda479cbe702b7da2dca44df6df89dfdeda10285f21042f6cb6d30a993
r6-tune2-b2.5-rho0.7,r6-tune2-b2.5-rho0.7,alw_coc_d04000_n256_d14,266e0f8d68e49ea65e87ec34cd14eb91ef0413cb6f6da565663ea939c5131703,61b4033a5f890d7c2b18d5830fb5cdbb4dc8dc38ffb3b6f7ae3a308e03a9c3e3
r6-tune2-b2.5-rho0.7,r6-tune2-b2.5-rho0.7,alw_coc_d04000_n256_d16,326a8f4a0ed82082957f80f12e82c58ee6f6c49de60bdd20d37e5fa28cf0229c,f13e5daffe8d4ba029014b77abf869315e0d9f8d908056886d11e2edf809c2da
r6-tune2-b2.5-rho0.7,r6-tune2-b2.5-rho0.7,alw_coc_d04000_n256_d18,333aeae879d58e0972e301fcf87089cb75459ba21ec535e1cd7befaa330c8f7c,b8ec1afc4c752baff6cf82cc22194273891ccf166e8bef5e3be17571a1b8b1ab
r6-tune2-b2.5-rho0.7,r6-tune2-b2.5-rho0.7,alw_coc_d04000_n256_d20,d8ce7cc37d46b270176bc790c809867b265c40a72ca1b4fd3b0fd369bd352e32,e9f2e742d39bbb9ae8209fbe1a070a4994bd60e74d3187144edd9e892c1aeca6
r6-tune2-b2.5-rho0.7,r6-tune2-b2.5-rho0.7,alw_coc_d04000_n256_d25,e8cd2c4a7f03c173f36f3bf72ecd59f4a263e665d5e09894cd8425e3008b2ddc,113f0012e7d77c1d74e84b359dd95118874a49d6a2cf10da86bfa6eb85ce1406
r6-tune2-b2.5-rho0.7,r6-tune2-b2.5-rho0.7,alw_coc_d04000_n256_d30,0a2d52f849fd006d9b96c4894c26438aa32ad49d247bc53264ed4634dca6a649,73ddbdacf3220ccc66f6b90981b41849802052a14012d6ef104bffe87c75624f
r6-tune2-b2.5-rho0.7,r6-tune2-b2.5-rho0.7,alw_coc_d16000_n256_d00,d071406a71b712883f4d97c3dc2cd38404a5adf99b776733aa43b61855297745,6dbbf7931d920b7bebbb26d22e9cb82763d64e6c9ed4f8d624e4f31a48b1e555
r6-tune2-b2.5-rho0.7,r6-tune2-b2.5-rho0.7,alw_coc_d16000_n256_d02,aa3177a0c27737fb39ac16bcc227fcaee27e47ce784aabb7b5805475d50036c1,717aa31cf2d1db93543eb4626c305b02e3e0a7c9180d061aaaff3b0007609cc1
r6-tune2-b2.5-rho0.7,r6-tune2-b2.5-rho0.7,alw_coc_d16000_n256_d04,15e3d69d1995acf0d3ed4b19c44192a55971d744d549eb90e36213103bd38058,09f12b6a678793a14e6d189fc1b7fba5c64dc29f7f38faa0f39778565f6b117d
r6-tune2-b2.5-rho0.7,r6-tune2-b2.5-rho0.7,alw_coc_d16000_n256_d06,9ec3287d143355c7a540d7e18735a393823373a637f51e7f925826b87ac21575,cfad8d91abc0386cac4912f7827ff0977f88d3b15a645ed48305997ff7ff26e7
r6-tune2-b2.5-rho0.7,r6-tune2-b2.5-rho0.7,alw_coc_d16000_n256_d08,31b6642697bf95fb5cede5fe11db0b838e8cff15e3a3c3bc938a85d00568ec8f,7480436c04be4d734266f8c2ebd25e1c7cc44382c076dcbd0e5c453fdee2242f
r6-tune2-b2.5-rho0.7,r6-tune2-b2.5-rho0.7,alw_coc_d16000_n256_d10,3b925528ba7e387108aada96bf73c58e2da63bd47f03317e88a57111433fc77b,4a8a18e6d6391892b073620d3585addc212ace5ec151e9ed93d9406758df530b
r6-tune2-b2.5-rho0.7,r6-tune2-b2.5-rho0.7,alw_coc_d16000_n256_d12,4a9aee04567fc6d2077bf2a1879a338fe4f2c2fb61d201bdc3bd74196d3790d3,85cc8e823bb8a653d4c6f701b3210ba6a3d7cf08d39a27a23ccb62fb05cbef58
r6-tune2-b2.5-rho0.7,r6-tune2-b2.5-rho0.7,alw_coc_d16000_n256_d14,6cfd9c585f0e78302cb08b3d426429be81d34d0363bc9c348cb12aec0e608bdd,1339fec04f372150f7c3f9bf005c36727fd44d82edc7faafc5de4e732906f9f0
r6-tune2-b2.5-rho0.7,r6-tune2-b2.5-rho0.7,alw_coc_d16000_n256_d16,a71dfee81edf71ac994b34835c86bc1e9a850194915fbc493e3e4515806079d6,794bb59d99b4e392e2d7014f4a3ce85e054abe09c023d5b8f2f96890c854a536
r6-tune2-b2.5-rho0.7,r6-tune2-b2.5-rho0.7,alw_coc_d16000_n256_d18,3d93893888ca5b7837dbb1d42df16288c21fa94c121b8f830dab3c28306ffd91,0a3215bfdee51c0be2091162bbf4e0652dd4912dbb2ab780fdeb3413c92f7a29
r6-tune2-b2.5-rho0.7,r6-tune2-b2.5-rho0.7,alw_coc_d16000_n256_d20,2633f3724a4fec3ddaaa9d15f8942ba6d5ae9ac82666ad3779f6f7ce4b1ede63,7a000373970a24cef31f64d0f9c5780e3b2c46343f183dc87147259a6dd32c0b
r6-tune2-b2.5-rho0.7,r6-tune2-b2.5-rho0.7,alw_coc_d16000_n256_d25,1aef57720c2a82c502c089e275409b7874d533945cc702d14f47c7e9703701fc,30ae29d104a0881802bfd6d2897cda90aad865406a52cfa14d031873fabe6ec2
r6-tune2-b2.5-rho0.7,r6-tune2-b2.5-rho0.7,alw_coc_d16000_n256_d30,5341e93a30762003fb360751312506f639e4ea5764568f32ffdce5253ecaadcb,70652f637b4b4782ee9fb0b9c671e10f52ec1d6add305f318b7284c63c35f7d7
r6-tune2-b2.5-rho0.7,r6-tune2-b2.5-rho0.7,alw_nbh_k0_n064_d00,020184e692d139f4fddcd17d87cf38b4b7213664cbd1a4f9d453e16c1d99b4f7,a8dbe4c6e775ac79112694ddbf1a142f5430e3c91a150c658835c205bd3617c8
r6-tune2-b2.5-rho0.7,r6-tune2-b2.5-rho0.7,alw_nbh_k0_n064_d02,5b319fa1685c7da981c4dd8cd17763681485fcbb5cb62cb04e0d270f51a1d884,a91430e07f284b2639f14e52271e6e3d8a97303e8b6a71610747de98570dac15
r6-tune2-b2.5-rho0.7,r6-tune2-b2.5-rho0.7,alw_nbh_k0_n064_d04,624da287f40fd5402d27ec3b7a39a7c98ae419eb27adf4e7306da95903e5e6d6,d27f407c1c1ff57824a41cf701599cd572c67b1ed8537e171e20709bf7acb19d
r6-tune2-b2.5-rho0.7,r6-tune2-b2.5-rho0.7,alw_nbh_k0_n064_d06,3cde329c6fd717673df9b4154dc21da25785583ca3b13e576031cc4e6ae660ed,1d260f8c675cf7b87aedb0c1591c4cdced8ce986f9a54743fd6bfa0013f6f34d
r6-tune2-b2.5-rho0.7,r6-tune2-b2.5-rho0.7,alw_nbh_k0_n064_d08,ce8587e88cc9ade696e2739a095bf0210f810d11f8d711e0b63395bec3ca44c8,f4f1b8b4b98e39d041ad5addbf4cefeeab9430c3a815d864028a8ad302619ef3
r6-tune2-b2.5-rho0.7,r6-tune2-b2.5-rho0.7,alw_nbh_k0_n064_d10,67bc47b04ca95edc61a48939464a8172fbbfeeec10f22074c8e20c065f2eeb83,47da7af2bf2758b635eca73e69fde2527e5ef66a9ee25856cdfd21fa95326f98
r6-tune2-b2.5-rho0.7,r6-tune2-b2.5-rho0.7,alw_nbh_k0_n064_d12,6cc136a3fc55b6a8186d388f3a04ee2f16d0f5466578d85e2f9feb681a1ff4a3,46461a5a30b823c6affa1b5fd9e27e32d9a6d43ee6c240062b3f1888f075a329
r6-tune2-b2.5-rho0.7,r6-tune2-b2.5-rho0.7,alw_nbh_k0_n064_d14,74015d615a59203c53c334f9dce4ba21cfb65af737c41586395f7811ea0cee29,1b11082e9812814cbbe93d8863d144a2f9d3324dd8d5689011febd7149810145
r6-tune2-b2.5-rho0.7,r6-tune2-b2.5-rho0.7,alw_nbh_k0_n064_d16,0685d1a030224a1eaa281ae2c0a943bef409815ae5b48cf71716d2e908cc9980,b0d8001007c096aefb8e111b0c83586382e4d32a4c69d6ca169138549647bffb
r6-tune2-b2.5-rho0.7,r6-tune2-b2.5-rho0.7,alw_nbh_k0_n064_d18,00f998897d1546d08d1b27cc41b892c717ea2e2ec98e1d3ebdea4eda700da299,18e5f5c6a5d4fd6e743d0c4017877264e2f16bc42f3a0d692ece68f394a8283f
r6-tune2-b2.5-rho0.7,r6-tune2-b2.5-rho0.7,alw_nbh_k0_n064_d20,d4f0dcf15371d33d3c2581d131135a03fb8b249292fdba13eecfb611b3f21eed,40c49dba3561c32446e491378d2f6c1af8a3e0f7ee5c2e3e22a41bb9cb00f64b
r6-tune2-b2.5-rho0.7,r6-tune2-b2.5-rho0.7,alw_nbh_k0_n064_d25,8313a2d6afea72366907d41b6ec9764e3c8b0fc475fd3cf103aa046402561172,6b59d1235de0a31a61314e53573b43f6648a3e90a67bc7e7f4b93605b5cbad0a
r6-tune2-b2.5-rho0.7,r6-tune2-b2.5-rho0.7,alw_nbh_k0_n064_d30,3f3e5c6cb59ef73407fced7ec184bc7d821cdef09d1d0b91baa070b13279b555,ac70865258f339a9a12236dca3556fe5e19457fd7fbe47f099ac746b7801b160
r6-tune2-b2.5-rho0.7,r6-tune2-b2.5-rho0.7,alw_nbh_k1_n128_d00,bd956f481994cdfb2ce3d9c9ebc60b7c853a5e24c8e84d41f460b5b517d83c02,c67de15064ba5ea2f6d2d785d7636971f4eb044a604b341599cbe4a5cfdd4e8e
r6-tune2-b2.5-rho0.7,r6-tune2-b2.5-rho0.7,alw_nbh_k1_n128_d02,d34a6ea90aeaf85f0719b4e397b0253aca3eb8acf05c28c5889b2240b154804a,fbe9e97d153d64b3530a8d90fd30b435a4ea937e3ab8d1ba27588b1b60e5bcfd
r6-tune2-b2.5-rho0.7,r6-tune2-b2.5-rho0.7,alw_nbh_k1_n128_d04,5a0c487bfc2b67c643b72da8cd46633d3f1f410b4b12445217501dcbd18589dd,2bacba68f959bea573d21d79d066a3b5ba36530358a54f2a4c988a68001b943e
r6-tune2-b2.5-rho0.7,r6-tune2-b2.5-rho0.7,alw_nbh_k1_n128_d06,ac0a9df0b36d0cbce3a83d291a0090e2c95553838816e5faf47f8934ea5a2afd,7e1a4b6627bfcb7155b6a4b9e04b43f897f610a144baee8500e7fa7d4d010cf3
r6-tune2-b2.5-rho0.7,r6-tune2-b2.5-rho0.7,alw_nbh_k1_n128_d08,ff864bb44d8f93bdca15d75fd937430e4e0fb40e74e4084facf9bd2c3db84212,06951d3e2401c2b76b760fb6b8521574b0e27eb5dfdc345399ab2ead363f41fd
r6-tune2-b2.5-rho0.7,r6-tune2-b2.5-rho0.7,alw_nbh_k1_n128_d10,287553b31ed6b19655cea08290fe937a1d058087ce559c79a22d930aff0b78a6,15941ea8b807b7ee9d0816f7362c878f7082c949ddaa2711f91a7112160b7955
r6-tune2-b2.5-rho0.7,r6-tune2-b2.5-rho0.7,alw_nbh_k1_n128_d12,9ce5fef138f92968137a0fdc0b84c1e4a7d821fc600c1073172309cbb9cb6eba,6232b38e1fedeaec1661f70e676fb9a17c66b880238ed632573e5ed719e25586
r6-tune2-b2.5-rho0.7,r6-tune2-b2.5-rho0.7,alw_nbh_k1_n128_d14,1070df92bcd35158652c5961c545587decb889531a224903bf9c3a85f48aecd0,07f0b465b548ee40ea9820369952b2bc2f27ad04f5604bf75eb2488cc92153a9
r6-tune2-b2.5-rho0.7,r6-tune2-b2.5-rho0.7,alw_nbh_k1_n128_d16,d16e58d86dbf7825f27731f0d744c3f33f5f9ad36c7b168e201d32a699114ffb,24c29c35725136dfb686a16ce068402e49f5fd417a08833060448752845e03ac
r6-tune2-b2.5-rho0.7,r6-tune2-b2.5-rho0.7,alw_nbh_k1_n128_d18,109e5a8baaeb10a3b05974e1b1134bdf8d108f85e793527f0152d403e9322db0,fecd4338336808b083e9b8c7cb1aae967db350b512889392a1def39e6f6176ce
r6-tune2-b2.5-rho0.7,r6-tune2-b2.5-rho0.7,alw_nbh_k1_n128_d20,5ccd6b73f4e29772c332755d40897f1dc4adf076c20e34dcaf6283b8ad260426,8c119219ea74032b28f7cb2fc1d8b542344cc2342fc137705a28fa4dc280ac62
r6-tune2-b2.5-rho0.7,r6-tune2-b2.5-rho0.7,alw_nbh_k1_n128_d25,dcc6cc6cc9e34a6c19286a762899d8980e3f0a1b8381a47fda90fd429c8bc4d9,fa36ac5dbe8a85fe5b2307e334994c4c6a8dcc1fc8210845086a6be726c5bd53
r6-tune2-b2.5-rho0.7,r6-tune2-b2.5-rho0.7,alw_nbh_k1_n128_d30,ff2b66eb3b21aa20d691825f83a17b8c568dcc1eb4cb5e985356c97001a3a664,eeafc43f57cfd41b96a60df77f2a137672bfb9d7ec2ad020219b2ed5f49d3f57
r6-tune2-b2.5-rho0.7,r6-tune2-b2.5-rho0.7,alw_nbh_k1_n256_d00,06a9591906571c7bc10eee3dd12b7534fdba654894e26b5fd286e6588f2a5d6a,df3145aa47a6d8b738a87ff4dd6285e564b0f57788e9c1c8eaa67804da942bb1
r6-tune2-b2.5-rho0.7,r6-tune2-b2.5-rho0.7,alw_nbh_k1_n256_d02,87e33a0c983cff182f33c5afe625cf31dc3acaa6fc15178345442cef14e85352,e9894fd9ced1dcded9ad5eeaf8b4aa6b1f19e05635e8f217ac610bdf104ac462
r6-tune2-b2.5-rho0.7,r6-tune2-b2.5-rho0.7,alw_nbh_k1_n256_d04,e91329495d4f88cc12b3045588df9a85699884bd1299ef1204e2c3435bafcfb3,8de2e57f5ac0db9cd2070e4779d35a2b8634151eb501c1ecad4c4f4f79f8bfba
r6-tune2-b2.5-rho0.7,r6-tune2-b2.5-rho0.7,alw_nbh_k1_n256_d06,a5a3f8dbf4f82fdf0c17ecea349ab5d09123bf2568f700d75df5697af22d62d6,60d2f7b513b1e3a353e6e5f5bf4ec4c4778c771d88567b152984ba4a3286f32f
r6-tune2-b2.5-rho0.7,r6-tune2-b2.5-rho0.7,alw_nbh_k1_n256_d08,78bf2eeb1a2e12ce1814522a9b4c9aff48e2a65ce8562c59b3e8c4edef810576,6e5c9ca2f3069e508d54c0ab37102eddcef8a8d560e890d99ce23b8419ee0323
r6-tune2-b2.5-rho0.7,r6-tune2-b2.5-rho0.7,alw_nbh_k1_n256_d10,12e9cd7eaea7dbdc383bdb63c83c243a3bb61e659bec0513928d12e6cbddcf81,314b8b52e23257e46f27cd833f192fe86573ebdc78b92eaea70bf1de4b180bed
r6-tune2-b2.5-rho0.7,r6-tune2-b2.5-rho0.7,alw_nbh_k1_n256_d12,9ae5e1c29b7d3b6da2270a1cc3e14d16385a6208d12a7bf16dcbe135e9b36951,1dd5cdbd965d3264ef74be28dac11a53aae59aac6250a7fa6286eaece940c4e4
r6-tune2-b2.5-rho0.7,r6-tune2-b2.5-rho0.7,alw_nbh_k1_n256_d14,ff6a3d5bd24d89925f5ceb25ab38ce57bb7b6ff080a8e513b3728562486e663e,f81c7bdd50aa43ce56acfd53cf5b137b074737b2949837478375e5b53bc6c90d
r6-tune2-b2.5-rho0.7,r6-tune2-b2.5-rho0.7,alw_nbh_k1_n256_d16,d49806febeb9f104667590ac3e2aa816f6be13085ab9e63b77198216e7f406b9,00cdfa10404ddc904ca45fc4c200998589316d37c5c0901f73d3cbc950af139e
r6-tune2-b2.5-rho0.7,r6-tune2-b2.5-rho0.7,alw_nbh_k1_n256_d18,bfbfec5f6a5a41719c625c0a65c0a0b4a65419a900dfa490049add596fa851ea,248e04f76d14e0efbc8a3bfb0ad3edb90ca0ae079e1dfd401ece330d4dd1bf11
r6-tune2-b2.5-rho0.7,r6-tune2-b2.5-rho0.7,alw_nbh_k1_n256_d20,65298dc9d74521c55b1caaff7946a5b076f4ecbe963ede986165f4f8a1969572,06aac69e46f44d9a92cf5d5ecc78e5b525c083132813d6da9d8d27a727193a07
r6-tune2-b2.5-rho0.7,r6-tune2-b2.5-rho0.7,alw_nbh_k1_n256_d25,a195468b4067871abf56c560241d778e368b02b6ee029ef55193f0dfe77c0c07,77adcd868f957af32401e0c5f949014375a949afde3d6ffb241d5e873da38267
r6-tune2-b2.5-rho0.7,r6-tune2-b2.5-rho0.7,alw_nbh_k1_n256_d30,16c63501e984b168f99043082d9420a9194a4f187022fe279ae49e9d341b30ad,5b3adf9649e19dfc27a7bcb06a6ad921558b3d07bf5aed3b4a4cef1922737847
r6-tune2-b2.5-rho0.7,r6-tune2-b2.5-rho0.7,alw_nbh_k2_n256_d00,1bbba5529e5a6a15d0595608508e31540e4e8d2e664d49b0133e0977d1d004cd,e086987e38909fd3bb85cec81e052421e25ed8344c3a2cac0f3e95ebe10be7ab
r6-tune2-b2.5-rho0.7,r6-tune2-b2.5-rho0.7,alw_nbh_k2_n256_d02,17fab87ffd6a6e3bcf0a4f53850210d6d3c9866cbe90c6cda8906af37e3de8a1,56f78b589d1a4ef10367b26eeb487cced0a60b7cf7b609c95d3d9b2428450889
r6-tune2-b2.5-rho0.7,r6-tune2-b2.5-rho0.7,alw_nbh_k2_n256_d04,fa24a874be0243c9f955c47df0bf54ef8ec5bb18f167bf1903368d69e861989d,8e076b4ebe52972786dbf91949106143a657cf8f59a9b976390fdc0d84efaacc
r6-tune2-b2.5-rho0.7,r6-tune2-b2.5-rho0.7,alw_nbh_k2_n256_d06,bfe808bca326290e6838457b35f1118bf49a168369cc243a04707d9795f0445c,7bf63bc023df963c69427c9f3706ff4c5d45091c2168d048200b58c6a2db4108
r6-tune2-b2.5-rho0.7,r6-tune2-b2.5-rho0.7,alw_nbh_k2_n256_d08,df90e9d66a96b9a54ee8ebe5dc35d3f98dd72e2f69218e78fd85522c633c99b7,943907e9487f6ffe5511c067617104e40a3cb4b471bad29a2e8759b9b7ed1c99
r6-tune2-b2.5-rho0.7,r6-tune2-b2.5-rho0.7,alw_nbh_k2_n256_d10,1cfb8b62f7b7c98fa0dc393e6122f5134cba96be71a5525d0cd7174282ac7f0b,18dc866d1ec5eb0158d76c07449c2ee26c5ad043a4dddc89225f8472dcde4d01
r6-tune2-b2.5-rho0.7,r6-tune2-b2.5-rho0.7,alw_nbh_k2_n256_d12,9897e4aa52ee80f41edd200f17fd6391fcccd8579218c26821ae6e5b026f7522,e72663915d87378d1b3315ec82225ca5e238bf9118852a6bf6e54f9e01403193
r6-tune2-b2.5-rho0.7,r6-tune2-b2.5-rho0.7,alw_nbh_k2_n256_d14,10fd41ea9e609bd789dea6080c4f173dceae13ecae3fe064732c5eb126b8ecf0,60ea62fcf78abcd5b86595d0a90d47066a3cb8eda5dd9d4b1b493b80cccc30e0
r6-tune2-b2.5-rho0.7,r6-tune2-b2.5-rho0.7,alw_nbh_k2_n256_d16,0bde993dada7e941240d2d12a68965f99fb97bfe808dc51cebf6aefa8636d748,d7d9fafdc545a6d4576229f5e19f81b615322927920f2bffddac7749f4b7f34a
r6-tune2-b2.5-rho0.7,r6-tune2-b2.5-rho0.7,alw_nbh_k2_n256_d18,c04fa219d91615a01c39e428e3cd54c4e035fcac093d496723069e052ace07b1,eedc26fae47ccf0ca982eff110234933948347e16a2974c76851ff11addc81d6
r6-tune2-b2.5-rho0.7,r6-tune2-b2.5-rho0.7,alw_nbh_k2_n256_d20,1efa9537959369f1f818c658375c42bbfe8d5d26235b1e3c1b35a22e9f12f680,6b38aa82690f59d7c71cd72b1e1f35d24007756e6c2b1dafe31b61f488a694ba
r6-tune2-b2.5-rho0.7,r6-tune2-b2.5-rho0.7,alw_nbh_k2_n256_d25,ffdc9ac000f8ecef6a9b96dc4eea141df2fcfe9c1c5aa5df5490d3dcf1d4e3d7,9fc8043a0246070d6dd85df071d3c57845fe0ad839c3e4af77893d573f7a39ca
r6-tune2-b2.5-rho0.7,r6-tune2-b2.5-rho0.7,alw_nbh_k2_n256_d30,45882d20e4754a3c5ec322941238a77e7ebc9a38acadf478c4799aeb1928f7a2,58fba59778eda9c5d8229227e2e88caa1e19ee5abb73003a9b9fe6a32efda5eb
r6-tune2-b2.5-rho0.7,r6-tune2-b2.5-rho0.7,alw_nbh_k3_n256_d00,a32138d3e67775398b12d702b14aff55a604c7fe66c9d46c61e1a990018b4021,acd5d8c9da73397e3107e040eccc9d11078f3186eb52c3552f34896307018ff1
r6-tune2-b2.5-rho0.7,r6-tune2-b2.5-rho0.7,alw_nbh_k3_n256_d02,1cf633ed2f7016f9e5749cb6ad20d08eb8458e8f05ae1cd3459a6d7e6fb37fa9,976cc4eaf35dcf5bc397652a5260c8833af73a0942163f56e16eb4f939c5d731
r6-tune2-b2.5-rho0.7,r6-tune2-b2.5-rho0.7,alw_nbh_k3_n256_d04,79145c61ef8cceee95bf8cb309455d55bc2bbca2e37dc779cc31143991917ca5,f066ba3154022babaf6eb3b59730ecfa8dcad0ea9e229f15766d3d4555963d11
r6-tune2-b2.5-rho0.7,r6-tune2-b2.5-rho0.7,alw_nbh_k3_n256_d06,f34f09ea6c6b60259120120fd1b051fa485cc16105efdf0158e643da91ca0cdb,58af0fefdceb74e6d02bfe70472db4bd05563dbb9de149461a593ed9fdad76c6
r6-tune2-b2.5-rho0.7,r6-tune2-b2.5-rho0.7,alw_nbh_k3_n256_d08,1df14cf1901e7d873e95e19e9ad967e08040fa1e61ae0bc4de517d9ef452cd59,3779ba389ff615f117f407d2eb586fcaba637cf8d232baae9332996142153b1c
r6-tune2-b2.5-rho0.7,r6-tune2-b2.5-rho0.7,alw_nbh_k3_n256_d10,900e49b19b5318130de6314005b6a2b6db73f7a219eb93e7293c2fb6b48e3407,4ad188686362a175525ffa7b955a27701eea29671dae438215219eb513fcf2c3
r6-tune2-b2.5-rho0.7,r6-tune2-b2.5-rho0.7,alw_nbh_k3_n256_d12,3d6ad58b6ac2f6360d121ee89f2fb4a1627030f484fc580e017d89b069ea64cd,e4a8441ed0ec597ea116a49ef8ae50e4ac0f3597793951766e3e9cfbfb2dd001
r6-tune2-b2.5-rho0.7,r6-tune2-b2.5-rho0.7,alw_nbh_k3_n256_d14,01f776b2a435dbf04dc4f0b074cc1320cb6a01526d4deb9807275200a2fd7ca5,9834f32447c5529a27b0d7bbbf1c287769d749e8919eedf73293269ba79e8234
r6-tune2-b2.5-rho0.7,r6-tune2-b2.5-rho0.7,alw_nbh_k3_n256_d16,87dc00fce94b8676b1600e33d74424835d556e52e8d50ca8be9e191305550b83,b25459206fa17362a95acdbf9b878b16b17b3b2eb55105e1d89ddd500a80e3ab
r6-tune2-b2.5-rho0.7,r6-tune2-b2.5-rho0.7,alw_nbh_k3_n256_d18,d26fe6121523f0fccc2e557e8f71abda19da368b1fd33f6709fb53494403bfca,b3d265a0b90e819c166a089f5f509c7ff82b26ad4c597eaff246c701c9ca7583
r6-tune2-b2.5-rho0.7,r6-tune2-b2.5-rho0.7,alw_nbh_k3_n256_d20,56eb70affa9d9d7e96840b164f099da9bbded9c80cd16be5117c7a0ae6a67b0d,4380a23ee3bcd001ea7bdb279a2473baf95d888f59be6cdc3b9970ebffcaf7b6
r6-tune2-b2.5-rho0.7,r6-tune2-b2.5-rho0.7,alw_nbh_k3_n256_d25,9d4a97993fb2b7d0cca27d5e3f8fa419559e02e515b241b9ff664fefd0d16890,a5f907a179ec72f0f625f44f261b331cd52c3814594b3322ae6508a718a19df1
r6-tune2-b2.5-rho0.7,r6-tune2-b2.5-rho0.7,alw_nbh_k3_n256_d30,bd973693dca439456940e8570d3022deb98a08bf379bb91a736826ae9f9ddf72,3c93728b788db7b65e7af43abfafb519ebbd074bbf4b3b41636e9160b475bdb7
r6-tune2-b2.5-rho0.7,r6-tune2-b2.5-rho0.7,alw_rung_d00,7f47954285412824ab6cd4f351b02bab6abc749aeb7c8ab9d2d9f62d6ac9d441,cc7c2f2758977d50d1ea736723fa0629d0ace9d96dbe10f80e1e82136da97288
r6-tune2-b2.5-rho0.7,r6-tune2-b2.5-rho0.7,alw_rung_d02,70fcea74cbe82e050a073768bebcbda45324e913b6827cfca91e1fe8a8fef843,8f8f7fcf36ea29d53afe3dc7c534292ffcce461da065a928134e7d08298f62d4
r6-tune2-b2.5-rho0.7,r6-tune2-b2.5-rho0.7,alw_rung_d04,1119f4206afc9b28d9c1e97ca83afd602814401143c97881839968ff313bc34c,2f3d32e33232d30fc011a59a3fc0dd45b8646453855c73be78b53c53c7c20940
r6-tune2-b2.5-rho0.7,r6-tune2-b2.5-rho0.7,alw_rung_d06,b7a98aa7710b696f826229815009aa12c6dd8bba259fb463557f56c94b7f06fa,e7edd1b1f90afa446381c478a0c9b3aece49dba40210e1f613b9510b9fca4516
r6-tune2-b2.5-rho0.7,r6-tune2-b2.5-rho0.7,alw_rung_d08,c3598901e95a519001fad972d0eb4d9d22c85033166591078d5f7fe00cea66a6,45121f46514ae33e6be78c06baeaf07c1db8f72d912949035bf291b88c58a423
r6-tune2-b2.5-rho0.7,r6-tune2-b2.5-rho0.7,alw_rung_d10,b9ca924b91b2f0dfd108fdfa44e037f8779139d59cfa7181f352a6d9054b78dd,947e1b800d13b0e2eaa816e03f80b9bfcddd8c292fe36e5f4c8650841d71af74
r6-tune2-b2.5-rho0.7,r6-tune2-b2.5-rho0.7,alw_rung_d12,4dc9e3183d0b80cce14c10ce7d2736c8f3670f460a2cead602323c2822499c6d,5ab233e4f263d832c4af8979ec07e506e29bd54f0cde25d0a1bbdb19d4850317
r6-tune2-b2.5-rho0.7,r6-tune2-b2.5-rho0.7,alw_rung_d14,6129cb1e8a8c37f5981e45bc045ea940b18944bced03e5f7a587840782dae179,2f5f295921d728cde215a07b70c768dee1cebd0d6ef3abbdb806554cb93ef304
r6-tune2-b2.5-rho0.7,r6-tune2-b2.5-rho0.7,alw_rung_d16,56019024945a43c8f82f7bea4b4b1fe07533375f531be54e90fe75cfb991ad40,d90fc3c4119794797ece619173b6123736c4a258b0322149944862490999f031
r6-tune2-b2.5-rho0.7,r6-tune2-b2.5-rho0.7,alw_rung_d18,3aee1a94ffef21387a3cefe4286ebf355a65802b36cd62d9f31eeef84c42d53a,794c5fcaf6d3ec217f20440b2f6765b6211a0b81ca91ba509d4355edcbd40dca
r6-tune2-b2.5-rho0.7,r6-tune2-b2.5-rho0.7,alw_rung_d20,5988d1bec06ab730d8e5e409496c8277934664a857a746c0bdee6be589c2a867,c1b0cdd9182be3a61f760f91a6c921d3bb15588647df85cd81a819179457e54d
r6-tune2-b2.5-rho0.7,r6-tune2-b2.5-rho0.7,alw_rung_d25,792b1d42b0b3a7f75b8b080f97cafc5941d93fe8b16387cb76c758b61cbc219f,d24960f9b1010c8fd4c0cfbd9d26cfa50a5db1156688ac3d8715d74f59bfbc29
r6-tune2-b2.5-rho0.7,r6-tune2-b2.5-rho0.7,alw_rung_d30,7a6d09611b35f2f7fa5d5390abe2c5918b26a84584435f51c99d1d4a3d1e0e45,662106a7fc632ccf66b01b42f1efa045fe87a60aa93ef127e527c712c0631dbf
r6-tune2-b2.5-rho0.7,r6-tune2-b2.5-rho0.7,alw_win_w05_n008_d00,7311ed2e25c37c35ecfd583fb8035f90113941beb8c3030c8781e9ea50d2074c,c29db3295cb712dd3433d01254f0383297e3d475329073a9f46c4e1c70c61786
r6-tune2-b2.5-rho0.7,r6-tune2-b2.5-rho0.7,alw_win_w05_n008_d02,fed3f66b8294bbf9bb95b3ecb894cb0ed467bed1c924987af7e378bd79644f96,3ee5571bda446f1b118ffad084ef44157db2d0d035cb15080b6014251956e73f
r6-tune2-b2.5-rho0.7,r6-tune2-b2.5-rho0.7,alw_win_w05_n008_d04,49c5dacf175057d33a95181e3f9b089f393aa5d6e16f6cd065928a50676d524a,066faacbb51f701fdba5d0f7fb39763fadb2cd96f30ffbf7c7b6af2efc72fe22
r6-tune2-b2.5-rho0.7,r6-tune2-b2.5-rho0.7,alw_win_w05_n008_d06,c1c5882b7379499838e6186b1de5ba6dacdec1b38e39d64652cdcfcdda95611d,4f31dafeb5bf570f349a69d619c5df90736244accafdc0c29d736e21947643fa
r6-tune2-b2.5-rho0.7,r6-tune2-b2.5-rho0.7,alw_win_w05_n008_d08,313e6a2f8f657e57755153b5f7de3765204effec12f35cc0b597197dd362804b,1437da32f3facf95bb553f2dcebd86ac739dbae844a3a6d8160b8cca4bb8f156
r6-tune2-b2.5-rho0.7,r6-tune2-b2.5-rho0.7,alw_win_w05_n008_d10,8066ae48f3a2b9be96325f6a31a46aa894f34968b1d02bf9152daf4c73f940aa,2a9ec199357f385472c59157ab4e64d1319632c8ccb91dfc2cecceacac0381ab
r6-tune2-b2.5-rho0.7,r6-tune2-b2.5-rho0.7,alw_win_w05_n008_d12,3ae7d37fc3a6ed3cc2327f471646dfd7af4945e870a83fdaf871830746009039,a89275f090c9f2494230d66071f0bf96ad00ba491cef423de109db13c4b11af3
r6-tune2-b2.5-rho0.7,r6-tune2-b2.5-rho0.7,alw_win_w05_n008_d14,4764556db809e58f337651f68867584842961ed72c3085955f83e044a5146433,d54d3b517cafdc5b8d089dbdcef33a63b74719651c7c7475b1298bb3910e1a64
r6-tune2-b2.5-rho0.7,r6-tune2-b2.5-rho0.7,alw_win_w05_n008_d16,b94d9133bd5066c95605d1fa2052e447b37291a7cc84e2da009b5cc8a3f5d78e,2c5bd9734b34461c66c7129fbb50145f830f3586fda35558c8fd3776e5d08dec
r6-tune2-b2.5-rho0.7,r6-tune2-b2.5-rho0.7,alw_win_w05_n008_d18,5e97ed1010d9d9f63a732e35467cd4dbc32562a3ac290140b2de24da7c569a10,bed8fe8273b3ab61d9e3625039fed0c492bda67283d38f7379f599dcda7561d5
r6-tune2-b2.5-rho0.7,r6-tune2-b2.5-rho0.7,alw_win_w05_n008_d20,d97388ee7502eb7c4edd7aadb0d79134eb87cc3b5e1da5d4328fe9b33e863067,1757c02570d27f2d030be2906145833ce027dd2907ed87d977ae38ae944a5cda
r6-tune2-b2.5-rho0.7,r6-tune2-b2.5-rho0.7,alw_win_w05_n008_d25,6c8963dbaf7fac2efc816cd19f370e48ac3e8c6e48b12aa1b4aa7af7930a8c0b,e652cba3ae68028331bfb27d037031ad57c2a4aa521f534eeb1140ff99dcd1d1
r6-tune2-b2.5-rho0.7,r6-tune2-b2.5-rho0.7,alw_win_w05_n008_d30,8b580d8a0fb4cee1471af618539776a393cb643b667d4c546527136a67f621c4,3c3c75e26e7e833f7a43124c6636f03f642ef4b90790451dd25bb44a0f721a33
r6-tune2-b2.5-rho0.7,r6-tune2-b2.5-rho0.7,alw_win_w05_n016_d00,1f64b01d5c39f9d5645f85e3102f09084385a065ee95e82f97ef360e064d088b,6b05e7153af7fcd3e1b43372ab0efbe908cdc987c679963a1281da8e29d994d4
r6-tune2-b2.5-rho0.7,r6-tune2-b2.5-rho0.7,alw_win_w05_n016_d02,34a197fadcb26091f5a751b4ec2c2f18d907caa826ed35cfb08bf7739643b35c,aba11717e0aabde3c541df07421010c54144ce44c903ccd78a7e4d79eca7f91c
r6-tune2-b2.5-rho0.7,r6-tune2-b2.5-rho0.7,alw_win_w05_n016_d04,4f6265f919949cc34f02f9fcef736a01dced8840f25b18218a5d80d49c29cd17,34fbf281b886dcabe0f6b0804ad123ddb54bf9ecb69352757e8c7d659b6b4cda
r6-tune2-b2.5-rho0.7,r6-tune2-b2.5-rho0.7,alw_win_w05_n016_d06,539322e0d6bcd1364f1e92de661f27882bbf17a3c51582aa037d84ae1306b843,ed8f17dbee1ca5d4860b6398a78c8cdb4707f952691fb6a530aaff0af3da88a6
r6-tune2-b2.5-rho0.7,r6-tune2-b2.5-rho0.7,alw_win_w05_n016_d08,072e15b3a76fb567e6bee139c354c1a0e6816f226d2dfda95b8ef44389a207bf,649edda4d1534dce865dc7279e6eb79bd9c6d3b8de84c370159f80fb14a3cf29
r6-tune2-b2.5-rho0.7,r6-tune2-b2.5-rho0.7,alw_win_w05_n016_d10,cc3988a143632edf159737500d4525b9899c86ce9c80bf4beff686c5d4fa251c,e26840a049d6263a0388550b2d9a8ec1b61ab8f92afc3a724ec5d7b9a2a82947
r6-tune2-b2.5-rho0.7,r6-tune2-b2.5-rho0.7,alw_win_w05_n016_d12,4cda4339798fd724d4a21c7e72c7d55b4f5f95586ff9dfad1d19754a07901cd7,268d6c54e2a76e4ebc1408234e00e5ae7f2ef71cc8881ae1834ded5268bc2fc6
r6-tune2-b2.5-rho0.7,r6-tune2-b2.5-rho0.7,alw_win_w05_n016_d14,361c8bfb6504b00f8f26e1718cef8d8eec649e1508e1c7173610ba7caaafcdf7,0f6b43848c8a63277783bbc36a8bef8fa702ecdd16df4a1b5f7904af1c42aff9
r6-tune2-b2.5-rho0.7,r6-tune2-b2.5-rho0.7,alw_win_w05_n016_d16,5b2283b6d992f82df940d2bf3f8757e90f5ec2473e46c15329475f9f09ceaa37,8a020704cd37ddebc58b6fb3b8e370c8d9cc3ba794894b5db46ba519e7061a77
r6-tune2-b2.5-rho0.7,r6-tune2-b2.5-rho0.7,alw_win_w05_n016_d18,8d06b539926adc6d8c035e560f46ac940d26554d53ca828f07f44d028eaaf3f0,0c37635318097ab26f9965c2bcd8a18306c27d732eb7bb00f664837ed47a0caf
r6-tune2-b2.5-rho0.7,r6-tune2-b2.5-rho0.7,alw_win_w05_n016_d20,4be78eed1292fd614f3a441fc59866e5e13b6b468e9aa7c955acd34bbca78c35,380d7c7f3afca56917b05a74ece6365f3d39e83aeee73c6d145d4cdccedeba49
r6-tune2-b2.5-rho0.7,r6-tune2-b2.5-rho0.7,alw_win_w05_n016_d25,cd08d8e936e6f4a012820d3f7732d77c8723f325aec66367b0c13e51cdd7e0c1,edbece38e35bc43dd3afa63ba8c4883c0687939d3c3c3f044f3028677158c68a
r6-tune2-b2.5-rho0.7,r6-tune2-b2.5-rho0.7,alw_win_w05_n016_d30,7416a7a592acbfd7effaf97231545b75eb60f996adfa6271d86e87484da03d63,73c63624835c31e45af63235bae9ca975990ef9d6c25c3c33f36dc28d9396060
r6-tune2-b2.5-rho0.7,r6-tune2-b2.5-rho0.7,alw_win_w05_n032_d00,628a975d14e819c6b43e561a7569d1684733fa0bb70d5c8ba0e55fd771880688,6938d67f500f09394f16ddf9777fc3320d23a27e39687ee86554430f6d698ae7
r6-tune2-b2.5-rho0.7,r6-tune2-b2.5-rho0.7,alw_win_w05_n032_d02,de07566128e71939f454d4e2aac76e74d080622b9a0455d35b8eab275c36e8b3,4096b704e36814a4d38a24aba2ce0fdeb0bfd22e753130f4257a9b11d10afce8
r6-tune2-b2.5-rho0.7,r6-tune2-b2.5-rho0.7,alw_win_w05_n032_d04,d4ef18589929346d6b3478d00f67faa5278da86bc6824e31424cb0bddba8c807,0e56721447efe0284fdf093747849236ee4e961d0c6507d0f5f838713cbe36fe
r6-tune2-b2.5-rho0.7,r6-tune2-b2.5-rho0.7,alw_win_w05_n032_d06,22d852c27bbedd7184f23901155e3a77ea26708f028ca5c9dbb42ca9a484f000,4184a26b438d79ac0f30f0742b5320fc75c9508fefda0df5366bca54c7181b28
r6-tune2-b2.5-rho0.7,r6-tune2-b2.5-rho0.7,alw_win_w05_n032_d08,dd57eb72f465fe0c6fbb9731f574498776c114a1ea397e36453b6cf8e413014f,10352cebfe2ef6d90ec35b181d1b21f7fdd100ebb1db1b37eb62fc797aa1dde0
r6-tune2-b2.5-rho0.7,r6-tune2-b2.5-rho0.7,alw_win_w05_n032_d10,55f96f0ed589063507f10f29d0d5c3cc4d3f172f6c1e4c9b644560e9b07c75d4,4b1b82e764420e71a3fc61632dd1a4d646980c6b0292d9754733cc583bde78af
r6-tune2-b2.5-rho0.7,r6-tune2-b2.5-rho0.7,alw_win_w05_n032_d12,eddf0e2b23c118ae3e4bd7ad76a5f61a974d1dd2020aa1f943a9162a2f682e22,6ace18b8a74df4cf85639eb7da08d817449ee5d47c322ef075d30ac492ff2019
r6-tune2-b2.5-rho0.7,r6-tune2-b2.5-rho0.7,alw_win_w05_n032_d14,e8b921419a594190242b419d3d62972e570863746ea110582c76ce1f1bc00257,0705435332261039516ffa8354e2274c539a055ad16766500ac5beab6e55bb04
r6-tune2-b2.5-rho0.7,r6-tune2-b2.5-rho0.7,alw_win_w05_n032_d16,1e8c12fd98e7d001aa800480967dce2b70147bef29dac8be591ccb68273c0958,838d2d966772fc3fd2100ea15ff799ddebf56961e553f9a70801bc28fc701021
r6-tune2-b2.5-rho0.7,r6-tune2-b2.5-rho0.7,alw_win_w05_n032_d18,7fc121ee3338505b23eb8bd5fdf22d43cd703955687018680b7fe0ed01ca35e4,6e4c3f751c72aca299684af9c6e9b8ee7f31d735106b3bedd348af383ba84708
r6-tune2-b2.5-rho0.7,r6-tune2-b2.5-rho0.7,alw_win_w05_n032_d20,c7043d91428ff69e6ce7a001ddcd2b193a1493d0d920e88163e663c54947c394,9ddf1780b0520592a1e745217684874250df4bf1c9190041332c431867014229
r6-tune2-b2.5-rho0.7,r6-tune2-b2.5-rho0.7,alw_win_w05_n032_d25,39404624d3317035654709c1859963cb2825a813e70411d78b24d0c096622df0,86f9d7300be96c37040086bd9c643435bfd51947d4f17145953dc85e0886f6ce
r6-tune2-b2.5-rho0.7,r6-tune2-b2.5-rho0.7,alw_win_w05_n032_d30,500ca433709c5891db1fb329b10a0e3cb0ee636b44a16225735e2f2eb16ffb11,35f138b829e5d97f2af8cee4348c949e78095cc3d23a4aa0bf23e3724978b1a2
r6-tune2-b2.5-rho0.7,r6-tune2-b2.5-rho0.7,alw_win_w05_n064_d00,39e3e91c8396ce0cdd084352f2848f8b5e06db69704e6943687c2b558a5e86c6,dfd675922787c114d1bfb32cb85f55c2d0606627b6292f06bfab903454235c9f
r6-tune2-b2.5-rho0.7,r6-tune2-b2.5-rho0.7,alw_win_w05_n064_d02,f02f9787a40a89d58a76c2e948f9b98d7bb0648f35b3111c093f196b7ccf4305,107e30f45dac40daad74a58f9fd1378d16edf2f2f65d72d140bf2eb3fe9d2f40
r6-tune2-b2.5-rho0.7,r6-tune2-b2.5-rho0.7,alw_win_w05_n064_d04,402243d558b86e589bc59f65e6398d14913416797c3045d6017b726280b1409a,ad1f16a3b254db51f7a645cc3dcbbbedf1892495bd061c38779184e3742be16d
r6-tune2-b2.5-rho0.7,r6-tune2-b2.5-rho0.7,alw_win_w05_n064_d06,eb82b447ea937876a8ade736a10ac77b4cc1547edf23c8d40e27c7324a21b439,b807cc2fe7acbdb8dd69673386db6284a6d9e19171d892d8f7a08e741c9e16a9
r6-tune2-b2.5-rho0.7,r6-tune2-b2.5-rho0.7,alw_win_w05_n064_d08,6b015d6e700b2aea855df575e225fcbdfeb1b30f4e5c06871425f2564f894286,3bce3aec4c4947f0cb2936dfc9255d22b6576dd0d9663c35bb01f3e9fbd0804f
r6-tune2-b2.5-rho0.7,r6-tune2-b2.5-rho0.7,alw_win_w05_n064_d10,6d9f88562651d4af6985761cb053fcb091be2496fbaa6297114efcc9f9d9459f,03e66749ff07468d45e0f07d2f79c31aa2928c727e2a7adf437ad6a60b8a5610
r6-tune2-b2.5-rho0.7,r6-tune2-b2.5-rho0.7,alw_win_w05_n064_d12,e0f5328256362c60c6751301fcbbb615c6775058151256a73fbf142a881f4f0a,5193aa745e77eb2489fa89dd02ff688baf79e5c6c39fed7bdb410da877afd235
r6-tune2-b2.5-rho0.7,r6-tune2-b2.5-rho0.7,alw_win_w05_n064_d14,a641a034b14e34aff200c71ebdde5f7630f46ffa8e05015d05b09acd3bbb4f7e,de60ac6248f77008207efb763e2ae868a8467ac172c4d760064aafea2c238ad0
r6-tune2-b2.5-rho0.7,r6-tune2-b2.5-rho0.7,alw_win_w05_n064_d16,ce70633e37ee884808ed6f30db719e8dff55b4441ca970739af5c962a77e1b87,a5cfe60d801fe4641bca7ec34c324ac64521361c55e181ae320fda6cac0c24ed
r6-tune2-b2.5-rho0.7,r6-tune2-b2.5-rho0.7,alw_win_w05_n064_d18,a3f40e87cfb570880ee61775cff4e81d6523cc7ea8859d78ca2e6ab6505a1f94,baf0c994777f5a5b04a88a0ddfac2f8ec2ceab7fd15c6be70ce137cff6c9ce43
r6-tune2-b2.5-rho0.7,r6-tune2-b2.5-rho0.7,alw_win_w05_n064_d20,fbe0c37749baae01f2faccf2fdaf50486595dccf07deca3e33c1bd7a39887a68,386782dc6965a896c17c1a2c3ea06422ee5c1ac9e372e5de94bd34c308e51ad5
r6-tune2-b2.5-rho0.7,r6-tune2-b2.5-rho0.7,alw_win_w05_n064_d25,28485214553d7592131b9cb273fb65cd336986a09c281a57c6968301805a312d,d4c381ae010c7875aa7fbf3562f002bdf396fb230f0897428ddd793bf1347a37
r6-tune2-b2.5-rho0.7,r6-tune2-b2.5-rho0.7,alw_win_w05_n064_d30,07c045126cf1ab10e17a053bb4ba3ca9daf5017c03b54c32ae8bd66cb2f2f3b0,842f4ba89c14c486388c3187989c74415894cce67bc9213ca9da1992e1498f9a
r6-tune2-b2.5-rho0.7,r6-tune2-b2.5-rho0.7,alw_win_w10_n064_d00,a4f314465c3246f98b71f678ded99969cf4a9f02eb183bba4abb8a3314b56085,aac25f6cb4fbadd942198024ea5d8cab267e5ae15e8298d39fb34abf569f2fdc
r6-tune2-b2.5-rho0.7,r6-tune2-b2.5-rho0.7,alw_win_w10_n064_d02,fa78317c69e625bd61a6df93c327220f2d629bd68c010a2ba25301f8bf372448,dd5b5c63eb8f4df6bdd05474e23716fcf51f934ca09abad1a94546fcda3fdfa3
r6-tune2-b2.5-rho0.7,r6-tune2-b2.5-rho0.7,alw_win_w10_n064_d04,3460e4bea06bc4ab3e9474f31d6164c0de174a29f0bde7a0cad6ed5b71d8bff6,f430e0c65d5f2d61a81733360567e052f360e31b74e2e616d6f8e34a828ca602
r6-tune2-b2.5-rho0.7,r6-tune2-b2.5-rho0.7,alw_win_w10_n064_d06,f4a77c2bb2e00b47ae860ac911b9752796f73b0e48ce93ac09f976fa56eb3a2b,2b8084b4c34c3f6220da6712adc53f2a4cd2ac13a1a5127edf021548655169f0
r6-tune2-b2.5-rho0.7,r6-tune2-b2.5-rho0.7,alw_win_w10_n064_d08,ebe1eb4eede5e794d0e13218b8d306188f8e5a636c234ce3b74233202f0bfd8a,37044eac9d28348b89cc897185724872efb83bdeec46a621134ca4a1c1d7b6ff
r6-tune2-b2.5-rho0.7,r6-tune2-b2.5-rho0.7,alw_win_w10_n064_d10,005d592dc260ec79fc996ec7f66576555949f166951a5dba6326d7a7c6356126,aafb7efe907ca12f7a845aefb853e4d966782ecad174a91122e63f0eac8cc09b
r6-tune2-b2.5-rho0.7,r6-tune2-b2.5-rho0.7,alw_win_w10_n064_d12,e5c3441676f146cf6813099fdd2229de71239452a988202b6bf6a0928ffbd77d,1b2527dfe0de3970b2920170d33da15a17465fab06306a2b2d9ef97e805ffc6d
r6-tune2-b2.5-rho0.7,r6-tune2-b2.5-rho0.7,alw_win_w10_n064_d14,e476552c4c640171a56d6bb19692e4135d812abd406ad4247d9a1f252663a834,bc7b64746c3b492c42e7f751aeec30287a13fafa1292429eff23a6dc1f456b71
r6-tune2-b2.5-rho0.7,r6-tune2-b2.5-rho0.7,alw_win_w10_n064_d16,cbfbff8d1934f681ddeb94ab5d6089d62d502908efa99591600e43da8fbebadb,c8c51021c17e3ba55c2606a5e8062a569830a508c91d1d7888e6208b28e40c27
r6-tune2-b2.5-rho0.7,r6-tune2-b2.5-rho0.7,alw_win_w10_n064_d18,7780ac22d8eb9a97003b144896bd8654c72c2157149ea5ff7a6e8a51f816df15,ccc2610943a240b8bc4825a70fb91d22b9f5f6277c68d5dbc150cac3fbd257ee
r6-tune2-b2.5-rho0.7,r6-tune2-b2.5-rho0.7,alw_win_w10_n064_d20,66b8daa582dd09e8e1e833e47bebece4f2f9f411fb8b40cc4c100ef0fbb9f7fa,6333394cfefad5157aa5287b27b232701ccd836385c1b79cf69e92cba2fdbb33
r6-tune2-b2.5-rho0.7,r6-tune2-b2.5-rho0.7,alw_win_w10_n064_d25,5a00fc4673f000a37082dab65fbd8c172c2db5eb7a396adceb05d2fbb48baad5,1aa2baddfa6b568d47ae43bede8569899ae183f4a1f79cb2d17bd171ab421c00
r6-tune2-b2.5-rho0.7,r6-tune2-b2.5-rho0.7,alw_win_w10_n064_d30,2f27dd415491bde94653d1f84bee81e900e0bcebb26b3ded5fae80e403338768,d9991c760fb1014b412be0ee5117185c4dd9e50ca1813a4232dbd6acceb127e8
r6-tune2-b2.5-rho0.7,r6-tune2-b2.5-rho0.7,alw_win_w10_n128_d00,be1ba77b060f77aee0ea366d2e29f59cf2e48e13b690dd166d7df948fc3db924,84c9f79acaaf885ad3c5ccf9a1bee117150f87810ca27fa6fa9dda9ec76acd68
r6-tune2-b2.5-rho0.7,r6-tune2-b2.5-rho0.7,alw_win_w10_n128_d02,a8341bc4d87aeb8267b21bb16cf9267353f69697c7bd48ebd41e40268defbe8c,fd8d67f6a0fc2bbc5d810a826cb17acf1007ba19013aebe54a21969b872fc64e
r6-tune2-b2.5-rho0.7,r6-tune2-b2.5-rho0.7,alw_win_w10_n128_d04,ec07f122b31d3d0fffdd4aefda99a830a333ed0b0ecab3eec939d761a309f202,8a6cf909789795303cfc28fa0c19ba827236baa58e1adc2bdfead6fe60b48163
r6-tune2-b2.5-rho0.7,r6-tune2-b2.5-rho0.7,alw_win_w10_n128_d06,58374cc46616ba177a67e1bf56c701ec580b9460265b92bcc536db2d24f276d2,ae2267bc5e751cddc669e1407e6b4c1d3729c7d7cf83d72ff99c6f6ebb85b9ee
r6-tune2-b2.5-rho0.7,r6-tune2-b2.5-rho0.7,alw_win_w10_n128_d08,8039e9693f0eee2cf83bcc929ec0184e97c1dec83dc92d1d30bed56a5b8004f0,f5396b84d0c6d96f7498822662a1c95e90cbaa42473b7c5dc49400177190917d
r6-tune2-b2.5-rho0.7,r6-tune2-b2.5-rho0.7,alw_win_w10_n128_d10,c7a44f649e881bc360f5b560fb8fde54c6b8bd49d0de77f8dd1e95d4ea542a47,3fb421ed09691bf99c41b751478721cb9f7afe6da6165f2a42bb27e8c96bbf54
r6-tune2-b2.5-rho0.7,r6-tune2-b2.5-rho0.7,alw_win_w10_n128_d12,c4392bf91d6b54d2e4de0dc9568e04ca94fe70b7306bf881d643f6d312692aa7,bad9b0767c81db784daa7973eb7704a6814ab31cf9ddc9afb371d83b94a58181
r6-tune2-b2.5-rho0.7,r6-tune2-b2.5-rho0.7,alw_win_w10_n128_d14,1d9a205525524704cb19e8a3bcd408a95e71e313cff3d8a0057796182696c872,d44dcaed37008f22712cf5523dcd0b63a4912f43644d178a6c5ea8813c6bac2c
r6-tune2-b2.5-rho0.7,r6-tune2-b2.5-rho0.7,alw_win_w10_n128_d16,4d4628a70fcca14407337e15e8523556c99c623ca1695aa02966f00261cf7212,182307d210c37583d5b9e9468808356353ebdb576f81ee06ba0e427ffdd82197
r6-tune2-b2.5-rho0.7,r6-tune2-b2.5-rho0.7,alw_win_w10_n128_d18,91e1b9270d79cc031d58ddb487bf598a2a195532d89d2f76007530f99980dcd6,0701c742ec1450f9b5338852afa48f128d9dba54591bd921ac336229f7f8edb8
r6-tune2-b2.5-rho0.7,r6-tune2-b2.5-rho0.7,alw_win_w10_n128_d20,0eb0c888b50084749019d9d2b05de467bdc522a02b76743ace32f3de2e5e88f3,f072d98c2a77fa3ba53ed6287e8589bf63810b44f900be8c3a0882ab4799f713
r6-tune2-b2.5-rho0.7,r6-tune2-b2.5-rho0.7,alw_win_w10_n128_d25,f4f9a21e21e51d7a623c34ad2688fe13a20f5106eee26a193c9b80b3ea3987fd,81797ffc8c5bf56799f9f9ac41d35ee870d6a73e74bfb584b4f9ff8ac6802a76
r6-tune2-b2.5-rho0.7,r6-tune2-b2.5-rho0.7,alw_win_w10_n128_d30,38a83c70c831827bbb3ac06805e03b90ee917804c8ae2392e28affca739667bc,0c92accaa222ee62613a6a43f25cb3eedcbf6b7bc80cad491cca75ead1a4a791
r6-tune2-b2.5-rho0.7,r6-tune2-b2.5-rho0.7,alw_win_w20_n064_d00,9d1bdbf999a438fd363cea6ebc2ed0211fb01441a97665358c7ed42df3db4ac6,478ac1c231c14e5cecd15e85ef961717e21410b31ace1745bb3622c533b2a13d
r6-tune2-b2.5-rho0.7,r6-tune2-b2.5-rho0.7,alw_win_w20_n064_d02,85abe3e8fb2a8493b2e56ae7fce92009cf4e5216cda729b0becbe3f0ea1632a5,2c1e1cadeee3317c538ea3f6bcdd03d83b0d8f307a5aa387ac3468a46d0f1720
r6-tune2-b2.5-rho0.7,r6-tune2-b2.5-rho0.7,alw_win_w20_n064_d04,84685a19edd57f4850220a3323cf3cfb55b52aedb36ac062271861b215600d32,8e3fb6fc28673d1128a7ca7fb4b6012bfc5dbb38c78066b2cbffb81dc1451e80
r6-tune2-b2.5-rho0.7,r6-tune2-b2.5-rho0.7,alw_win_w20_n064_d06,030c27a9bb920550feb7e70be6d3b092f5d043964232af228c3737ac9d70992f,49888b829a8d13e41c44fa8152119bf92b958591355f394a6ff0f2f3c352a81a
r6-tune2-b2.5-rho0.7,r6-tune2-b2.5-rho0.7,alw_win_w20_n064_d08,08f09ff932bd0b73a8da6d65dbf74cf0c16c20484285478d3781965b7add2639,b8b238c14d9912ca1137fc4441f5d7ad397ae0969e05507dc435b33ba10f29bb
r6-tune2-b2.5-rho0.7,r6-tune2-b2.5-rho0.7,alw_win_w20_n064_d10,23d93a69134f4ea3ce7a11a642baba53f6f31d1607eb16dd7034fa414dd7ad77,3c85bf3ead217a106015560335adc3f465557879b257f7a0b4d1413b5bd59522
r6-tune2-b2.5-rho0.7,r6-tune2-b2.5-rho0.7,alw_win_w20_n064_d12,5a21f2211d7b0a8cfefc2dbe1e6062ef92857f167fa45cd194101275edda459f,eb268492ef7958b30c2ac6deac849b90805a9a5f21ace3745df605dfa86b97ec
r6-tune2-b2.5-rho0.7,r6-tune2-b2.5-rho0.7,alw_win_w20_n064_d14,d15f413d32135afd1dfa194c9ca19d0159e4b982ad8d976e6923641b9b3a4c0a,b811a30c954ab5db0d4e4a8995529f0e4741e266a3740507710c75aecaa1b140
r6-tune2-b2.5-rho0.7,r6-tune2-b2.5-rho0.7,alw_win_w20_n064_d16,6d8c194e6bf95c59d6a21b59b8692ee74b7a12127c00914ed992928d68414ef7,a26a24911a25028ecea6ef52e78c3c6ccf4f4e435603ca5e1a917a890d743a71
r6-tune2-b2.5-rho0.7,r6-tune2-b2.5-rho0.7,alw_win_w20_n064_d18,864c4c14fc9a1a8d745cff0bbf295f3bd55db4cc2faa48d51853511eea50d421,f8cb604ec767c36c59e631994e86f6a492e41373711bff41a3432033d0f73de4
r6-tune2-b2.5-rho0.7,r6-tune2-b2.5-rho0.7,alw_win_w20_n064_d20,f10b3743b72bc6585f673e8af102b0046e227bcf59da8ebccb9be74284c2e5dc,d5394aa14fec5a669a1cf190dcd83d56234bab49407f540e2bc5ee4fa6a64265
r6-tune2-b2.5-rho0.7,r6-tune2-b2.5-rho0.7,alw_win_w20_n064_d25,0a0ce1ab3e8380bed470543f661f19c4a6164738e84004c1b6fcb52ee748f90a,89d684009fae83ce74a1b40692df84526ff8528b38ae033d8579009fb8beae08
r6-tune2-b2.5-rho0.7,r6-tune2-b2.5-rho0.7,alw_win_w20_n064_d30,d0f9e3d5fbbb67543b0320aeac427bfb8e5e551afa7267735c3ccbd8acc8c5ee,684e6ca7bc807298ee57f1df92fbee473704c604c6ebd21e59603d993e99e64f
r6-tune2-b2.5-rho0.7,r6-tune2-b2.5-rho0.7,alw_win_w20_n128_d00,c4828ec037878101eb87d614bb9d788c2f95127a013bf06b295d581a2daaa749,c17ddb45b11230e7bdce2e56bf987aeb1024209d8eab9d735f6a2f3aec630012
r6-tune2-b2.5-rho0.7,r6-tune2-b2.5-rho0.7,alw_win_w20_n128_d02,97c9d87276bfcb56e790b4a709e66913f09456c2cf554115fd2504628bbdcc93,00df44d1743a986ba14ea5de9c9d3c940e7d61efa0116de70dcfe9761fed9eb9
r6-tune2-b2.5-rho0.7,r6-tune2-b2.5-rho0.7,alw_win_w20_n128_d04,c8188cf2d960d9e759b8f26a52a0840b6107c6c08a08db3ad7e38b4c233a3db0,9277905013758d1e4dc3b690ae014f72d4c155303a6a5ae0ae2087b36fc269a9
r6-tune2-b2.5-rho0.7,r6-tune2-b2.5-rho0.7,alw_win_w20_n128_d06,8648b3fddc88ac56a3fda437fc43fd197f707ddd068be5d82ae9ca9c361a64be,fff797a5b81d7b8a2983e0d032803f2b9431f869c9ec191e38f83c1278f4e63e
r6-tune2-b2.5-rho0.7,r6-tune2-b2.5-rho0.7,alw_win_w20_n128_d08,2ef1808bbfc8b6c8c21558babda044f1c81257d101ec6021ced4d1132de6695e,450f405689ec3f642e8c9038c59cdb860fd6ae7739e8acf00276bc72cd475d0e
r6-tune2-b2.5-rho0.7,r6-tune2-b2.5-rho0.7,alw_win_w20_n128_d10,6fd9610157abf59d534f698839d652c71e1157f1091b949416ec93ca852d9921,46e0bde6d2284d01d6f48dbef94f18760c40dc23422632b329f2b8db21ea5891
r6-tune2-b2.5-rho0.7,r6-tune2-b2.5-rho0.7,alw_win_w20_n128_d12,b975a360614ad2da5e2596703a70641157a05d9cc6c019183a1a66d5a4071fbd,c906a724105f86572e466667a191621fff87e29f3639d4cdbbfbe20aa9fd0c9e
r6-tune2-b2.5-rho0.7,r6-tune2-b2.5-rho0.7,alw_win_w20_n128_d14,b488dbe2b6d462cab07e2dda93bbb5d0bed5592735675bb919efb8377906c9a0,ddd72288d6a488a1ab6b2d292b4227bb36047a9fa01db74bc0042dfe845d2892
r6-tune2-b2.5-rho0.7,r6-tune2-b2.5-rho0.7,alw_win_w20_n128_d16,203aae3a882575141bd671e1baa8489758e17baff51015c4b727c60ecde90229,5d588970b506570c36e077e73bb3583a0565c8b06acbca602ee56b01b4ee758a
r6-tune2-b2.5-rho0.7,r6-tune2-b2.5-rho0.7,alw_win_w20_n128_d18,1dca7a4643249c6bf161fa3aafca9753703d92c0529a47c385d323cfd120170c,21cb0e030366440388f0183109e2e370e9bd65655f2f7e02530d7adcf9611b22
r6-tune2-b2.5-rho0.7,r6-tune2-b2.5-rho0.7,alw_win_w20_n128_d20,a001c7af43c05c8ab3e21a3972404cb5868d9e4af2ba53c6bda7c85f10fafd9c,2a0cc6e987992721ce8bbc6685915352616fa3eaedc41b8ec715bd3cff52f8f4
r6-tune2-b2.5-rho0.7,r6-tune2-b2.5-rho0.7,alw_win_w20_n128_d25,fc671a6e95d817083a016ddd11f65463253fbd0ebe0408398e23d7319ace250c,0b58a81cfba0ef86954dfd736898a8cbdf877ea7598360a2f8530ea6e39d6092
r6-tune2-b2.5-rho0.7,r6-tune2-b2.5-rho0.7,alw_win_w20_n128_d30,024eaed0ea7067bde84f8a93eb4e78a517ac57afd92b990ba2df7c00f806036f,5bce529ea47bbd5940b2e484c000fa6df7005021dbcc2c4f42765da19ab6e27f
r6-tune2-b2.5-rho0.7,r6-tune2-b2.5-rho0.7,alw_win_w20_n256_d00,13ebde700cfc300c19766c19143e7d1e29d9297bd3668a2bb84917279a588d8b,abb502dedc7a5b091382ca5674b325122d7375d6b38d83f2a409784024a125d5
r6-tune2-b2.5-rho0.7,r6-tune2-b2.5-rho0.7,alw_win_w20_n256_d02,77e2e45aec88c121191397822215cb070d5c108ea3c4ea2a8b90942d49591c3e,0ed5e255cedf3b925299e3f2070f534fa16adf80f0e18a8757d0137b633391ea
r6-tune2-b2.5-rho0.7,r6-tune2-b2.5-rho0.7,alw_win_w20_n256_d04,d2835b4550638cbb5cef618451d41091fe59549792e82eaa67f4b5de620b20df,bd88ec5bf721128276915b3b52907882560ddfad6683277525b79c4c7465508e
r6-tune2-b2.5-rho0.7,r6-tune2-b2.5-rho0.7,alw_win_w20_n256_d06,e3a280afc12913c766b4889e7bfc0320aafab58db414276d92d7bf6b56cfbfb6,f8b304ad0642f0923f5ab30048eb72fa3e69a1f86d17d2eb1a2efc2f0695de05
r6-tune2-b2.5-rho0.7,r6-tune2-b2.5-rho0.7,alw_win_w20_n256_d08,2aa22f24a48a913014518a5d51577047448a746ab43ae79d7e4f892bfa2b0f4f,b99a0c6d5d18c6bfcbcfb160833cc6b8653c37bb05cbcb0c4d79e2be150be8c1
r6-tune2-b2.5-rho0.7,r6-tune2-b2.5-rho0.7,alw_win_w20_n256_d10,6d5eee60d00666eb4c9947189a00a1caa94907f0176556bc21049b070c5448d1,f4d7500ec1807adcbd34db98b978f113e174caa898b1ac0b6cc42e8b7429f97f
r6-tune2-b2.5-rho0.7,r6-tune2-b2.5-rho0.7,alw_win_w20_n256_d12,d5db75b28d45795e1c9cc693654b898b43e1a8fc5d6272c0037e1b7616953b60,d44aa0bbf2c27233e75e5c0bd8801c35b4469a30723b5716391e295ef2f47971
r6-tune2-b2.5-rho0.7,r6-tune2-b2.5-rho0.7,alw_win_w20_n256_d14,877eff8ff09827c0c035103c754a48b0e087a1f7b7067a6570f7c11ec855b84b,ba8c9c717eb30314e2a8ab0f45f05c482c905aecec09a94fdc30b62dc895dc23
r6-tune2-b2.5-rho0.7,r6-tune2-b2.5-rho0.7,alw_win_w20_n256_d16,66646377f7dbc1a093883d75616cfb30da3f1d6a7c303f2881e39c5d58bd7d23,622beac0c3c7ef88c11f5590badbf3f8f38976602adc0f40bf8d0b8e26d34f32
r6-tune2-b2.5-rho0.7,r6-tune2-b2.5-rho0.7,alw_win_w20_n256_d18,491a2403c86f8801d589e3b177b7e185d2833f232d03bef0cd5b2dd57685cc37,57bd247734676b19a5e8d5c4faa78b48d4209bfea4ea2e8a72464cbc46faf61d
r6-tune2-b2.5-rho0.7,r6-tune2-b2.5-rho0.7,alw_win_w20_n256_d20,d2f32b43094d9e7d92f25cc98db1fd8958d7921053b528a98f3a7825a0e55d81,58ec038f9ee9adfb8407d1e5d4e8d5d17b9d959dab43d62f7acd19514794460b
r6-tune2-b2.5-rho0.7,r6-tune2-b2.5-rho0.7,alw_win_w20_n256_d25,76c282e3890ded2e6f00e2a06cdf6785635df83ed435a0143023f669e8c18e4d,cfdb491c3d2f15c30f33e749fd3ec04c37c625ecca429f59cbe499814fe9faa3
r6-tune2-b2.5-rho0.7,r6-tune2-b2.5-rho0.7,alw_win_w20_n256_d30,a810de29a735c2bf08960d3c3da322dc1e2ce2461c55505dd9f070d5f8784bef,8704a54aa8d4f0828bdd05bf2936d5442f3276d666647e9ed4dc19d3d22c98c1
r6-tune2-b2.5-rho0.7,r6-tune2-b2.5-rho0.7,alw_win_w40_n128_d00,c3360848933ffb0016df63abc760ebc807ee27f7cf45c4518254680651309bb0,7c86f82f1d4b7d26ef4e2ffd343057ae4572d0ce11871f4d53dd7e860ddded80
r6-tune2-b2.5-rho0.7,r6-tune2-b2.5-rho0.7,alw_win_w40_n128_d02,e1b722f4c08496306b5a3ca284e769510a0ceef2d5418492941fa7526bc87e5a,d57a734065edc9ed2b7acaacae2fd058daab24a7c55836250fc495eaa0cdbad0
r6-tune2-b2.5-rho0.7,r6-tune2-b2.5-rho0.7,alw_win_w40_n128_d04,0c3fc8a98c62071bbeae4f8c866c83a2667f334e8aeef771f861abb39d27068a,dce44575b829d1a4df5d96a8a48684e876a3651067d0006fff17c2b34ce45269
r6-tune2-b2.5-rho0.7,r6-tune2-b2.5-rho0.7,alw_win_w40_n128_d06,c15337a966e0234823b2b430bc785028c3470856bbc190becca57c2d9284fe5b,150e8b2b2cc0395110b02a0666df6458032d949e2a63eb1d11170d705aaa79d5
r6-tune2-b2.5-rho0.7,r6-tune2-b2.5-rho0.7,alw_win_w40_n128_d08,80fd872adb28210dea92b0a3fd4c65db337cec258e5e8ec9a3e8d63db05d3f4b,b402e585a20071c157ee0abae3a24290a2063b3b1746de585263f197529dcc9a
r6-tune2-b2.5-rho0.7,r6-tune2-b2.5-rho0.7,alw_win_w40_n128_d10,c5084bc05a7460db437480f57cc052bd3e5f0a08b4777a9826bcafb2533384a9,cb322614c912eba378c5d8e4a8d4406cee1ed505cd252687f763aa793dd5adcb
r6-tune2-b2.5-rho0.7,r6-tune2-b2.5-rho0.7,alw_win_w40_n128_d12,92454b66d568cbe4ca737a1f506a0d72a69634f13da42d2c797af8e589db2947,b58465f8070fb0e08be43b11c5750266b35b822c7e44eed3b5347512f4bfacce
r6-tune2-b2.5-rho0.7,r6-tune2-b2.5-rho0.7,alw_win_w40_n128_d14,0440a62b19afe140ae874bac45c3aa099196a81501cca4f44bfd63e0e733530f,5d18115c6efe0b85a0210b2cfe914fc35349c44bd6167c21c40381eb415607ea
r6-tune2-b2.5-rho0.7,r6-tune2-b2.5-rho0.7,alw_win_w40_n128_d16,182f995151957afe6e39d0050b3918fa80fd410261fb5cab46edc380acdaeb40,40c14a77e85b537b845b8747e7d1908b8217b19d79d2c54b11563402827a6493
r6-tune2-b2.5-rho0.7,r6-tune2-b2.5-rho0.7,alw_win_w40_n128_d18,07f9dd346be5e4a89c687fe5b2ba67b5f4a211251c4c87772f9577ed9d7cc67c,f9e518199e3b9519d1917fb256f669f18b3aa8547e0ca1bfc38157447c60b77d
r6-tune2-b2.5-rho0.7,r6-tune2-b2.5-rho0.7,alw_win_w40_n128_d20,89eade1b6f586efa3f5f37557ce81c83d66cee9b22c0d0c9e8d18d9d2427defa,7dcc1c52603460c2111e5956c47128fd4c361d589e514a6ff98e880239f4f402
r6-tune2-b2.5-rho0.7,r6-tune2-b2.5-rho0.7,alw_win_w40_n128_d25,7a143a538de220f95278b308a9884298a61335cb669b1e94fce3a3d284305404,51bc6263538000f03c0571743197f32b8b1569e014701675c020f9232f90515c
r6-tune2-b2.5-rho0.7,r6-tune2-b2.5-rho0.7,alw_win_w40_n128_d30,4f3752e9ff4fe97b392c157b66fa0c2ecbbd8601676f6ab6fac48e01a53ce244,084068d932e60261de26b8f5424f78c92eda560f97951fa568d7fce898d22404
r6-tune2-b2.5-rho0.7,r6-tune2-b2.5-rho0.7,alw_win_w40_n512_d00,8e4c08ceeeb0df6be3d73f52c4cf1b444694750e0c64de2d12efea3cec8ef03a,d65db12dcf73037051e30ed2fb3f2521c106e8a3e29e502089c584811da786c9
r6-tune2-b2.5-rho0.7,r6-tune2-b2.5-rho0.7,alw_win_w40_n512_d02,2fdd897c3c0566bf31b026a8712e72f4eb3cfcbccc17fce586479f65c40fb75e,e787ab0299f4237e7a07a24d68c4a91d5b00c1d218e012c9fbfc5fc556f1b3be
r6-tune2-b2.5-rho0.7,r6-tune2-b2.5-rho0.7,alw_win_w40_n512_d04,2f9fd4393729593a99f612dc7b045a1b433c62b0c8ec1a2bf7fe9ffb5982d823,efcb936040b7c0c395289eb86b53ef9bda42c4ce4e98ca333659a6b6a3d742bf
r6-tune2-b2.5-rho0.7,r6-tune2-b2.5-rho0.7,alw_win_w40_n512_d06,a2b7bd6a96f271d200777daa77982bc138026b8d5a18b67e41fedb989b15f1d9,39003a8927a4a1b4aac3d013147cf76b0d30a4d900966ad1c90aac53058c31eb
r6-tune2-b2.5-rho0.7,r6-tune2-b2.5-rho0.7,alw_win_w40_n512_d08,7375711ec5348e59c534b8a09b186f3e403776d5fad16178b7be6c574c0340b3,c4b342c0f569bed16fc4185137bbbe82d18072003c5553c387649b07e5a61b31
r6-tune2-b2.5-rho0.7,r6-tune2-b2.5-rho0.7,alw_win_w40_n512_d10,c73da793a270482f1cd3d7823d479df4573b53f3eafc34617b555d1287322515,bb592670901682d1343faf4a58acc5dd998d49e01a4aa7e1b57118b13671f225
r6-tune2-b2.5-rho0.7,r6-tune2-b2.5-rho0.7,alw_win_w40_n512_d12,ed80adbdb1c15eddaecf02b86558e843d15d8cd2450521ab956b2dbe38435cff,69fa07e52e669bd3fbc3252dff0daa1a221acb73397a113ddb92d02a845cc010
r6-tune2-b2.5-rho0.7,r6-tune2-b2.5-rho0.7,alw_win_w40_n512_d14,efde4c8eb4a65b911b09c6d810503aeae58796ba60ebeea502e4665dfe54b8f3,b70a30f58f94bd4a1d4f1de0cec4e12eed3765669357a58b30d8a473e6259113
r6-tune2-b2.5-rho0.7,r6-tune2-b2.5-rho0.7,alw_win_w40_n512_d16,52444061641bdaa50d317e8e67bb0f26771e2117977fab307b9579c3494fd23e,1ca219a5b93e56b4b61534364671006e745c0c9d56050993dd5526956b721b43
r6-tune2-b2.5-rho0.7,r6-tune2-b2.5-rho0.7,alw_win_w40_n512_d18,dd9d0ba469ad6021483e5f03174af06f08c2b4b47a2010119519fc596f791ee5,09017955091bbdad6194fc999fba53183619911e5b8d7988f7f2246aac3bbf7d
r6-tune2-b2.5-rho0.7,r6-tune2-b2.5-rho0.7,alw_win_w40_n512_d20,80d16e673bf32a4fbc3016901659705e2e87417fb9446915b2022559121e5bb3,1869faaa405baefcf5c54d1d3f2579381f0be02b38003f8a3494a146ee541a66
r6-tune2-b2.5-rho0.7,r6-tune2-b2.5-rho0.7,alw_win_w40_n512_d25,3558dc16d82c8bd9484ea14964d9d36c813f3b24816dd20435b60a0c7265c0f9,4b5b61802325b76ea67abd0ea739b1b14c99b655a41d24aa35c6295e1330a845
r6-tune2-b2.5-rho0.7,r6-tune2-b2.5-rho0.7,alw_win_w40_n512_d30,91d7c18aaf2134b5d0da50eefd81f4b64226ad5b8064a6dd9ce15ef3f2337f76,0d8dce1e41030482367db6923f8fbcc4ce2ea0e7de2ad58d5454a7f97d7a8f3d
r6-tune2-b5-rho0,r6-tune2-b5-rho0,alw_coc_d00250_n064_d00,d20cf5eeb3d484228f672bca5c7ba08ed8e6e179134122445aa96eb9c22078f5,584ca9a6629a931fa49509e69637008ee4352e90ae55601bb909e9987335d321
r6-tune2-b5-rho0,r6-tune2-b5-rho0,alw_coc_d00250_n064_d02,3391ac92ed59dc8f52bc125ceec94ec157c3277b7bae76809d1f405b0521c899,ef9e0316b37b386cd819ac7dbff3a3a49efe44a6bc045d5878f30ab8c93813cb
r6-tune2-b5-rho0,r6-tune2-b5-rho0,alw_coc_d00250_n064_d04,7186f7e6552d0044939fb6379e584a12075168383d6145a30e4ac6e2429dea96,565a94c747734093ff01c947cf55c945371ce5a67fa82288147f18053f124ecf
r6-tune2-b5-rho0,r6-tune2-b5-rho0,alw_coc_d00250_n064_d06,78ca5a2a22a22d8075ad1f3ff66b57096af0656f48d7c504ef19390230ea4b45,28dd0c33b92318f435c8930c0cd7101c6728f4e64cee11ac27a8382afdb1d94f
r6-tune2-b5-rho0,r6-tune2-b5-rho0,alw_coc_d00250_n064_d08,d5f7c92c1d998cdf014e342d3b73da73f4c3749947f6a4a93daa7541fb4dcc8b,de7ac3b49b854224533a8533a8f7da88e67527ea77f8734a6efa533c926477ae
r6-tune2-b5-rho0,r6-tune2-b5-rho0,alw_coc_d00250_n064_d10,91235a8c5eeb4fded2f9be5d1920cba00de55635bd9f040450e28e08ebab7c2d,b2a016639d17c15b2dfce27156db99604f9c2f87ec5248e6efbfc641c9a8c0ae
r6-tune2-b5-rho0,r6-tune2-b5-rho0,alw_coc_d00250_n064_d12,8041242b349d10bad9de75b4a3db54fb46b3d1d5de14832142301648c4404fec,e2806ccf83a24c89a961b5d162c9d4850cc45aa97a204d168db3a25ce4583536
r6-tune2-b5-rho0,r6-tune2-b5-rho0,alw_coc_d00250_n064_d14,54ff6c3a00f79109614a4cc35c83fc402ee7e418bcf59def34a946da100364b1,72742926b41360e8238d87c62e6b8d56de05eac8a5769ebe767313941640b036
r6-tune2-b5-rho0,r6-tune2-b5-rho0,alw_coc_d00250_n064_d16,72cdc79d5f7997147657ba64a099f8a4e8f8012f92d70aab4a6ba68d75ca5c18,f2e57cb180c6a4edf18a7af9fcb2c3d9992494707cc86bcd0197bfa51243182a
r6-tune2-b5-rho0,r6-tune2-b5-rho0,alw_coc_d00250_n064_d18,469b08e756eeda450c8d028a2533684cb7b9003c178514dd1156a17a114fb85c,71483863511bc9ff80ed2d1c4f08be611fa9055d1ac17ca6d2cffb965e589b0c
r6-tune2-b5-rho0,r6-tune2-b5-rho0,alw_coc_d00250_n064_d20,c0f837b41213d5a6396fce3e0c9e95f15ede73476f38631750cfb866a231a0bd,51d0d103d60ad7a19bb1238c733c2eef021b282c13cdaebab6c3aa7d4230e3f3
r6-tune2-b5-rho0,r6-tune2-b5-rho0,alw_coc_d00250_n064_d25,9551d48b3a04b61378aedf71067b340713a3b9b7fdd0be1851f69db5665dfbc5,c46fd5486e6ab4e11470771109cf03461e4d1087c929e8ad4e3a3f45b71f0605
r6-tune2-b5-rho0,r6-tune2-b5-rho0,alw_coc_d00250_n064_d30,b60a9ab54f442508b9206c3114ff182e0710b0c17e4569c82e5f0673ac6d0220,1290937f3d753fdf2438e9bb7cc19be29750c7afb86975017c4a95d65a2a512f
r6-tune2-b5-rho0,r6-tune2-b5-rho0,alw_coc_d00250_n128_d00,5cdaecd13cedbb6ff42acc251f1b3e68723703336667612c2147ee6ef85fc123,7d68c767bbf62468e159f96cc02b1c50065cd5ccbd737d94858f1d067253331c
r6-tune2-b5-rho0,r6-tune2-b5-rho0,alw_coc_d00250_n128_d02,fd778c687f8b25e0e1ba245184b5ea39b1bd93cfff32f6b403c80999ce0ac405,164b7e381f7e0ae69870b366c8660174c08fca74fbaa5e61ca5cf68b9092c384
r6-tune2-b5-rho0,r6-tune2-b5-rho0,alw_coc_d00250_n128_d04,9627c771e7ac758005220aa3a065380452527cd28a4abff3c9c8d8879164879b,21098ba994469aef5a47e86fb9b66453efa62dfb9a1acb1a79fa0f3f0b5ade47
r6-tune2-b5-rho0,r6-tune2-b5-rho0,alw_coc_d00250_n128_d06,27322f9f72849e7ccd7d18e6b357e0a6413ae72189b877897d60dcae38002a41,7d3331bb1b3df0d6fae88efe23bfcc187f219b89ffc249d66da6cf28943b8fd0
r6-tune2-b5-rho0,r6-tune2-b5-rho0,alw_coc_d00250_n128_d08,b033807faca79c0d84f32acb736c9270ffef35ea29e0ad2d6fd9729172a938e8,f8f85ffa36b0304e977b0e1012a0692425cb277900ed58b472a4d4bb438fd20b
r6-tune2-b5-rho0,r6-tune2-b5-rho0,alw_coc_d00250_n128_d10,578701769b750aed8975c68698dd58bbccb42dba9679420eff941530cb105cab,32a0e2be6e21f350481495ba8c1be783d7700bac837db746304fbfe7bd980cb4
r6-tune2-b5-rho0,r6-tune2-b5-rho0,alw_coc_d00250_n128_d12,ca4226dd9d18bc7a091d24cff1fd3bb3f4a5e305e1094e10d57bf128ff78ca04,d0991af36b989cafea81923482e81dbe784dd444f0687b82a53e8f015da7a943
r6-tune2-b5-rho0,r6-tune2-b5-rho0,alw_coc_d00250_n128_d14,02cb17ca1ffebeeed3c36788d8130ae6cd3168769a0ca51186ea56ba369b8a1f,3fca0eaeb13cd3af14dfa44e525aec5b56e512e904c711b6bc866966ac31a986
r6-tune2-b5-rho0,r6-tune2-b5-rho0,alw_coc_d00250_n128_d16,7d8f4277ef73b940f79b13d65b9b64f01b330e27095b13f58dc17a3a60251cb6,45614520e4ae08ae85a57e076fbd8bde476438054cae4d2e9a47e17ed9287a8d
r6-tune2-b5-rho0,r6-tune2-b5-rho0,alw_coc_d00250_n128_d18,2683ed2ecc73a19efc78881337813af0d88ffa395f4d0773e6073b1266bb78aa,03c04d6db1d749bff0da7abc5b3586d0c9ad445893330ec1c34493fda1543d19
r6-tune2-b5-rho0,r6-tune2-b5-rho0,alw_coc_d00250_n128_d20,fb643e5e4eb01c11fcaaaf55ad6844cb9f6058b96f2e143ba41ef6a4895a9d9b,64a4b8d9eb8051d152aba83cfc9976d0e9e72971b4ccf5bd3880b07bef5e3adb
r6-tune2-b5-rho0,r6-tune2-b5-rho0,alw_coc_d00250_n128_d25,3d0b3c35ff99358943330b0860982c9f67774d33b194ac8db80387111f8f1684,d8c65e17b0b67346fde746fc3a9cad9cac5ad5fdc8181c10898b3f92a2bf352b
r6-tune2-b5-rho0,r6-tune2-b5-rho0,alw_coc_d00250_n128_d30,7effeb8efa47f26eb9d9b4412388521fa9bd7ba34b5b68934d2a6e5e1c2d3f37,80d2f08c130bda749a1823ccc3c33e93b46ac80d97fb2a4823b1e43a57b5ced8
r6-tune2-b5-rho0,r6-tune2-b5-rho0,alw_coc_d00500_n064_d00,2cc55a39b1870777d78a3026721dba577a0195e14badc4d1dd3c366bc29b6a1b,4487be454e5020baa06b51c0e35a34126f00ad3f71c1ceb904fd86be517decbc
r6-tune2-b5-rho0,r6-tune2-b5-rho0,alw_coc_d00500_n064_d02,122e5207611f084aff99a4f5823ca7fa295e775699df010500e8f1863330f982,2189c34aa25eac00cbf9571f82a23ca8f01ddbc3ead861c5484e3cee9c84c910
r6-tune2-b5-rho0,r6-tune2-b5-rho0,alw_coc_d00500_n064_d04,eb23e6e757aa33f08596c84e13e06c8473688e3e9d24aded1917df7272c44f9a,7ffabfc4fe9573e39cb7a7b89403b0b2221d2c23fafd5e56c49041c89a420800
r6-tune2-b5-rho0,r6-tune2-b5-rho0,alw_coc_d00500_n064_d06,6c08c507de9c8dfb29c353d507c1ceb2a253355cb67bcdd5606de3327f537d22,f1b0c2d84793b37d160eab272e0acdf9ad0ed23fd34f75ac345741ff5e60a74f
r6-tune2-b5-rho0,r6-tune2-b5-rho0,alw_coc_d00500_n064_d08,9a2c91d6ebb3edba25f8a2d04986f07adf68b02678b135eaf062293d74c930b5,24fd1667e8c4b3113f35c06adacaf35c35907e57d24d121e74eef6ef48edb0c7
r6-tune2-b5-rho0,r6-tune2-b5-rho0,alw_coc_d00500_n064_d10,ab90c1603245231d8638a03d14487de87a68fe846d65d97cee033698251f7f06,04b9eeee0aae1752fe209799df18f38e84d2ff37feda5b398dd603c91f771212
r6-tune2-b5-rho0,r6-tune2-b5-rho0,alw_coc_d00500_n064_d12,b68a9b38f38b953a08c9db32dddc9ea0d5bf1c9e04a00896cf41f85b60d6b233,24b1dcb2b15664c5feb5b2a1f98a0e0239e639a251be10bc1f3ab4dfceafa9c1
r6-tune2-b5-rho0,r6-tune2-b5-rho0,alw_coc_d00500_n064_d14,cbe7da708c56ef4668a8e09b22a44d2752ad6399e1ee81e7c136679d20933f5a,f0cf948a7265746e8cf1ae93fbdedbb26fd74bab64aed081f25b24006e611877
r6-tune2-b5-rho0,r6-tune2-b5-rho0,alw_coc_d00500_n064_d16,4bfed364f2ceb4774677db18aff337dd8ea085dfb17307ae792a3038748b0559,0c3a3860d58dd183385b654baf66cf02dcf2e10d2eb06213f2ab9b95087c981c
r6-tune2-b5-rho0,r6-tune2-b5-rho0,alw_coc_d00500_n064_d18,7439d870f75ba5f32122c23a501288956b0c80e8652cfd30b179409a72ee7df5,6fa3273509b74e331a944af9d474e9b0bb0d7140335515cef694588ec8da83bf
r6-tune2-b5-rho0,r6-tune2-b5-rho0,alw_coc_d00500_n064_d20,d30226c94eda1bb399fbc53917620a5244c62a8012d92445db297646d3aa2dd8,e4e911d63b493773fe21d1f89ab17e421974d004c396d9148535f4fb619043f5
r6-tune2-b5-rho0,r6-tune2-b5-rho0,alw_coc_d00500_n064_d25,66c0a342b2b67e6621fe0e64cf16f5949e0d1b01659ad644e333416db52a4d3d,3a782572aa73fdcec2a8d340aee834c6aba7264ccab28fe4fe92a9970152820d
r6-tune2-b5-rho0,r6-tune2-b5-rho0,alw_coc_d00500_n064_d30,faef0c8fa1d8217951d09eb926cbe0350324578a227cb14999f48b47b6cb81a2,94420da64d2a3e19ef215435041e520b99f958cfe39a0d27c24bf77e297e1299
r6-tune2-b5-rho0,r6-tune2-b5-rho0,alw_coc_d00500_n128_d00,0a59c06f47cf804c23710f46606a4035ef08002d8c47fb37f1335813f237b9ea,5eb35c20493e4daa3620f5e432c101b42b6fe3131770490c733e361670d2e953
r6-tune2-b5-rho0,r6-tune2-b5-rho0,alw_coc_d00500_n128_d02,3036852f48b7c559d606027e82478262acc82bc2160541ca4691c47cd855414d,d5a523750858638ec3915b2a30a9e5a2316deaa14c7608e4a992594a9da9d3cd
r6-tune2-b5-rho0,r6-tune2-b5-rho0,alw_coc_d00500_n128_d04,2272305b909ba89caee74951a163ee4ff22001d7133c7b4e32913a18816b0885,b7b5c5acf8e0a02808f776a10a006147137ed652868863e8b572e81cc91b13c2
r6-tune2-b5-rho0,r6-tune2-b5-rho0,alw_coc_d00500_n128_d06,465d12568975b77912e030b912b62d73961c91c13a5317258b5b4a49297cf8b3,43558c6e92cf6d13f77ad04843f32f721ec10fdfad7eff44dbf39234ba1e1304
r6-tune2-b5-rho0,r6-tune2-b5-rho0,alw_coc_d00500_n128_d08,a8ea4f8471201a06db686871610837d5881a803cc0d514cc8599bfb6fd8a17b5,27ad5abd82aa3198d5e6a6f73421b04ceee2ccd4aa1b4e9b0f632b8a7d96e4aa
r6-tune2-b5-rho0,r6-tune2-b5-rho0,alw_coc_d00500_n128_d10,138cd1e9351fa3fa47e6a7cd6af0eea0fd23894ce11a4e46da8a8f9b7cf253b4,9fb8655eedeb7313fdefb75e22dd5777edb2c74d0626a6ac5bde7f810f5dc013
r6-tune2-b5-rho0,r6-tune2-b5-rho0,alw_coc_d00500_n128_d12,0024b7179691f2b859db59da93008220d975e0ddc1d14dc9e3209f5b6a8cb634,0377bf3cc9f5712f33ac863284b51535bec3ea9dd7f8abb9d82396fe3712db4f
r6-tune2-b5-rho0,r6-tune2-b5-rho0,alw_coc_d00500_n128_d14,565e8d311797f2cff4bcdc801db0eb82c5b4d46a4569f1b3abbd57e82d575339,36048289e910f68300be389ec8202553f2c321805f003e45f2eaf8da581376f8
r6-tune2-b5-rho0,r6-tune2-b5-rho0,alw_coc_d00500_n128_d16,9c6d8de643dc9abf949b4c4286db558263ba37724cd88a7b5c0a3896dbbe8f3b,1d4331b1c67674ae672f0c77a365119b108a0df30085b159660e366ec4e60c88
r6-tune2-b5-rho0,r6-tune2-b5-rho0,alw_coc_d00500_n128_d18,367bf912782be3272a19eda304ba766e1d6e27e40605d133fd202975b9d79e13,ca441d5096f0666d51bbbcfa851eca3d1b7ed08b2b52330e8fbd48c6de393425
r6-tune2-b5-rho0,r6-tune2-b5-rho0,alw_coc_d00500_n128_d20,feac1e798c65f70a440a66fc3cc469307f842757df356582d2e1b34e6d48676b,c49af6cbf369eb61e97cf4cdd4a68bad2154ebfc2a80ad9455b3bcd95796b9e4
r6-tune2-b5-rho0,r6-tune2-b5-rho0,alw_coc_d00500_n128_d25,3d5c9d0f0f63db4268ed9c77e0f472e53d8bd4d3b8c3f490d13544de9e49788f,695249db204bd9cea596e7289c9e2f69ec0f5a9ae961a35441404165014d1e5c
r6-tune2-b5-rho0,r6-tune2-b5-rho0,alw_coc_d00500_n128_d30,793d3205dbcbda923ecacf6f0addeaed32d3b47b087ae03f8d4f5a5b258c3859,1cba622a7392a7813098f1d79ae658e5e1339fa88ffe436442dafa41319592c2
r6-tune2-b5-rho0,r6-tune2-b5-rho0,alw_coc_d00500_n256_d00,d3306a86caa42f7ada1ca1293cb949096277790bfd8f3f2f052d7caa0180771a,5a91020c2157e379d2881656c925864b51e497a47351d4aa333fafa86b30340c
r6-tune2-b5-rho0,r6-tune2-b5-rho0,alw_coc_d00500_n256_d02,2da65f480e0abcb39df10f9ddb8d3e59e7290b6e9fca3a99ea24870680fc756f,b3f53fdacc36bed6c18a5b8765003189502b564647715fd03fe541034734a0f6
r6-tune2-b5-rho0,r6-tune2-b5-rho0,alw_coc_d00500_n256_d04,298da9f3c638950ee818c22f4d9b09a84212f173b7c2a6bb81f0d3e5f1c45db2,cc27eceb498b57c2f49a59e7e4265f32aca55f4947caf74729f7566f0a0ca6d1
r6-tune2-b5-rho0,r6-tune2-b5-rho0,alw_coc_d00500_n256_d06,b719e30fb8855cad787e3b6735b8ee1ed7e4e08a008f4b6e82159bab57c6b315,3121c0b315e4417ed14126e26c399405886d63cccfa317a428a896b51572c78e
r6-tune2-b5-rho0,r6-tune2-b5-rho0,alw_coc_d00500_n256_d08,1e2c5f43de5c5dcf6ccf0a6423b335f5ad453d95a1b2b6f4c1e89a94de2283c4,7d17486c5601c24236cc35a8aaa2d13290777bca1957332e94160719d534aa26
r6-tune2-b5-rho0,r6-tune2-b5-rho0,alw_coc_d00500_n256_d10,318b0fc0af55909458a1dede80ae6d9532320a2216879648ac643ed0fbdb6dda,3b240318cfefe6e59ab0d4fc1f87c22804e4f0ea8bee796c08586793dc62eaea
r6-tune2-b5-rho0,r6-tune2-b5-rho0,alw_coc_d00500_n256_d12,9a065954d6789b65a2ed1e67d9515d77e831d14ac75a059b234af82fb4f557d8,a7f0d6167c87d6a2f7b4b6f71c29fda2f9845e0e3c87fe660c985cda259a2a52
r6-tune2-b5-rho0,r6-tune2-b5-rho0,alw_coc_d00500_n256_d14,6f81dc9549ca2306ef86884b60c45992f19667cbd6d042f3ce1dc351ee86e2f0,235f3234f7c51c703ff96cb6af846e457d417057c49def589f624568470d427d
r6-tune2-b5-rho0,r6-tune2-b5-rho0,alw_coc_d00500_n256_d16,7dd01a93e5a37a93c8cc95959f6294ed52d0a4fbf124fc849bb08da26bf8763b,11dfcdf4ae386bd4e4c2fabbb887911c04b70e65e4d578f07fc4680b87200422
r6-tune2-b5-rho0,r6-tune2-b5-rho0,alw_coc_d00500_n256_d18,0d05a0575a1ee4ca8c9681a9c275b8e5392af92590704068882437a814473c19,2d84334044314506e2dece223deb4590d5e81ff11d7e5144fce930a436d9bfdb
r6-tune2-b5-rho0,r6-tune2-b5-rho0,alw_coc_d00500_n256_d20,922b44f2d3da97e8efe185ef35f0eb293e2095756728d240263fff5b3d12401f,9c06353336e5e7e5faed67342f3cf496fb7f81ec6dffc30a88a46977be1dc5f8
r6-tune2-b5-rho0,r6-tune2-b5-rho0,alw_coc_d00500_n256_d25,2cff0e6b69844d1cfba2f000885dc572d51a7077c481533b7b10bbf9ef1b4b6e,343e096da6ece5555ccd0812ba873f5b4d3b7ba310f7d91ac39fab836e1e320a
r6-tune2-b5-rho0,r6-tune2-b5-rho0,alw_coc_d00500_n256_d30,5d50fd355e6c0f51ebe786f6dc4e36c68d1eaeceec7c81acc3786af503a58d47,56dfe3ffdd16d02c23943c068f2fab19d31fb455d8e71698e08c20d5ad31a1eb
r6-tune2-b5-rho0,r6-tune2-b5-rho0,alw_coc_d01000_n256_d00,45c9a2cd18709f8137656ea26347c9039ffc1f0eb02db7a4f79dce0565015ce0,6ffe4e24600d669c3f337886c2468ffe34b147478864f29cd450fb18413a2376
r6-tune2-b5-rho0,r6-tune2-b5-rho0,alw_coc_d01000_n256_d02,7bced8249ab3fac076931e201c0ebdd1ebb65cebd18709f79001abf588fce95f,e84331a522ac4a339c8aa9febbfe413ccdaf0676c8a3418ef137d496527d6f71
r6-tune2-b5-rho0,r6-tune2-b5-rho0,alw_coc_d01000_n256_d04,80943701f4e07e6917f5a390324b3f0f7739f0d701596a3d48fdd3faf58a2e45,167292e2f91623c1dbb5a1cacaaf3bb101f76a4304ce0218e321ca0d493c6e24
r6-tune2-b5-rho0,r6-tune2-b5-rho0,alw_coc_d01000_n256_d06,82cf74f33981685d0dc50fda7e7e19ba44e9b0abbf8d6c40e44c35d2db75c9d6,6d2f80bb1cbd480c5c3507e933bd36c017a915ba9f7ad00e4bb1d7aa358757f0
r6-tune2-b5-rho0,r6-tune2-b5-rho0,alw_coc_d01000_n256_d08,f33868d112a89258040f92bee44b15691818e12f27198b7a807ba73af137074d,35076c4b7a4ea14bb614c7a8070dfbcc1aece3294127a287d2097523fbd543b4
r6-tune2-b5-rho0,r6-tune2-b5-rho0,alw_coc_d01000_n256_d10,d1797f7d2438994f31e431509217192720679892c41d9e06bec6fa4e03e8c9a1,a88c550db80a692ea5631b95dc4961a77b0ef49b65a998bf5dd89479b44aa39f
r6-tune2-b5-rho0,r6-tune2-b5-rho0,alw_coc_d01000_n256_d12,e2e69c14d5ef534746e171fa200a7f7db9b374d7f99614076937cf707a415366,1ee39f983ad03dcd93b67da27c575fdae5aaf132e9473edb2002da009e2dac41
r6-tune2-b5-rho0,r6-tune2-b5-rho0,alw_coc_d01000_n256_d14,c49897a961dcf23d8c607ccf8b6938a575faf4d58bb424930979c3777edc1722,74727a1a15b4aaf372740cfab85c677f28b95fe87dbd5e9a1f2b0bdac57c2d06
r6-tune2-b5-rho0,r6-tune2-b5-rho0,alw_coc_d01000_n256_d16,54dc6587b44fd354ebdaf0e9de99926d53ab3ee1462b5883e115be7fe7a6f30e,9933fea6c3905df791b52ab91ac768d2b6ac4d122b0ba6b3023c99de9deb16dd
r6-tune2-b5-rho0,r6-tune2-b5-rho0,alw_coc_d01000_n256_d18,4246864ac3826aeb530831c1723d84c000c99eb405f94d3ab29504deb016053d,12ebc69b468666b26f57e646b7fd6d4c8bb541ae72bae72399149ed937483825
r6-tune2-b5-rho0,r6-tune2-b5-rho0,alw_coc_d01000_n256_d20,1a0c60f03711c41c47d28ce30ea0cdaccf077672618f5956acf666cbe901a079,bf1f207a28ac2c285a918eb9137437687ea94cc3db9b27fc095faf88486626ea
r6-tune2-b5-rho0,r6-tune2-b5-rho0,alw_coc_d01000_n256_d25,cd796a9f772cdadfd8481b4fdeaf920f02d25e1002bc989aac74b4b50bd8d306,4345cb243040eb94bd74545696b31e28bebb87b42375236b95b4773df2267d0d
r6-tune2-b5-rho0,r6-tune2-b5-rho0,alw_coc_d01000_n256_d30,2f0a5e4a32132fae73d6f4de825e5fede6ef8d7aa5218f7f75ff916d0a62e123,64cad6b26d68d1e87950358d28cbbcf140b9a9a2ed25bd67186eac230842f450
r6-tune2-b5-rho0,r6-tune2-b5-rho0,alw_coc_d02000_n256_d00,ec305ebe39f382515ff00731cb9c4e5a6a88b9ffa4cf7587b69c19412ab3e8a6,ec16e38435873883d13220e9b3b191cb712b742c06fc365403f196fa548b7db3
r6-tune2-b5-rho0,r6-tune2-b5-rho0,alw_coc_d02000_n256_d02,42fd38db55017a741eced867e42112914f99c9a06dcb32757978906efe275ee9,908c3b25b151908046a720a622bbae5275f58188c7a4b793a20328ee1eb38a30
r6-tune2-b5-rho0,r6-tune2-b5-rho0,alw_coc_d02000_n256_d04,c07b87b03d359f737a1a85336979dd60d2debb7fe068331abcad15fca65e870d,a57a0ed0adbb07a05d6e462e30c752ba56bb598c33e820c9e5bff3fd2dc138c9
r6-tune2-b5-rho0,r6-tune2-b5-rho0,alw_coc_d02000_n256_d06,806b69dcf608f625bd8e85809a15d83e1f8f916bb6799ea16aba642cfe07de57,97f155bf9a348e4099a4ad5a3a363b90d7e4356363ed7be6669b169bfe44b040
r6-tune2-b5-rho0,r6-tune2-b5-rho0,alw_coc_d02000_n256_d08,850911156247c0a24c9768d298010893d8b097e5d7963cddfa9f886474c59989,f8d61cd143269d5ae017c45250d488c610472f77aab83f9cbd2a5217832fc38b
r6-tune2-b5-rho0,r6-tune2-b5-rho0,alw_coc_d02000_n256_d10,09a4f4e9c792e6ab2da3f7b0f78a9339269ccb7c6968016ad737146fa84e1e02,3268f8c01f771db584bf8bacd63aa0aca634d08fd058c47a3c6c5dc0b5a26c68
r6-tune2-b5-rho0,r6-tune2-b5-rho0,alw_coc_d02000_n256_d12,69dfe3e2a3e4def63ee3861b37819911b8e03d59db99928d214c5147fa1a6ec4,c35d47d5a6a4c253108931f143bbc9f87b8676f88d816464e58d6a1a5238812c
r6-tune2-b5-rho0,r6-tune2-b5-rho0,alw_coc_d02000_n256_d14,9442aec9efbfc81236ac9665258ba3a68548ea8aa2e54ddc775803dd09e0e7ca,786cda9c0e989ef76302d1ba0fd31def1faa453e8b85ea1b1c00cc2bfb0c5934
r6-tune2-b5-rho0,r6-tune2-b5-rho0,alw_coc_d02000_n256_d16,72ade457cfea3a64e4c361d0d30e9ca824e50de3dbbd32e45bae379194904b80,db1b65f3460625dc9d380a52fff052896e19eb2d48951589bb58fedc1cda8413
r6-tune2-b5-rho0,r6-tune2-b5-rho0,alw_coc_d02000_n256_d18,9da37c24d049b4667456ce4011a69faae3ddca607ad24aebdc8e0ab95636dfca,7d9658e3626ef4a1afc5bdcaa8892c680e3c6e128dfe6bd2f97a2baee8a45c60
r6-tune2-b5-rho0,r6-tune2-b5-rho0,alw_coc_d02000_n256_d20,439b256272090ed4da67b062f154a5183174c3db091fa0b7bb2a5bb885df3193,deb22a5a2b77ca0ab49c9772bacb6a98e6946c484112b660bb3b115fda42b62a
r6-tune2-b5-rho0,r6-tune2-b5-rho0,alw_coc_d02000_n256_d25,fb0470ce8d36e681caa697f418c6190d243258dba2d87c264be86554bd095e6f,15879cfac0727c5058a28163a5dfe34fac9e1a0fa563414f7585e9f962f52c6c
r6-tune2-b5-rho0,r6-tune2-b5-rho0,alw_coc_d02000_n256_d30,d35db18fab57893fd67e577b35faa29e5bc18cbb894f3737495298ae09a631e6,14988ce88780225adae89e4dc0618bbf8fd4f71152e2eca74f8873f1dc73f06b
r6-tune2-b5-rho0,r6-tune2-b5-rho0,alw_coc_d04000_n256_d00,f6189d5f0759667e8d95b2313b36d9a03ffcd0af31e254f1bebcf98ef4323be4,d7b050e8bc26e4f08d7adba01fe3bb1fad2f8778b49c7bfd4c288208edbdc251
r6-tune2-b5-rho0,r6-tune2-b5-rho0,alw_coc_d04000_n256_d02,15f727327509916210bfa16cf59ed62862bc2265e7caf7c5ffb204d158d501a5,be6c6b89f2572036f9a428a980550e145756923a99b80ada231c41a99fc9d38f
r6-tune2-b5-rho0,r6-tune2-b5-rho0,alw_coc_d04000_n256_d04,10b8f21cfa1dff576f9e98a4dcda7b7145e93f4d97918a9e8ede53af06e3a34a,8209450869665e7789fb44ba12e2fc9115921e8bc09ca620488b5bfbf8c96c72
r6-tune2-b5-rho0,r6-tune2-b5-rho0,alw_coc_d04000_n256_d06,9c2c298a0956d9a85b633e0c5ec838bb437137566050158a85194b0e5422d6a1,9cc13f58df4b5bc70291ab06a55998a024bbca7678f6fba5ac5fe4ffc32ee9c8
r6-tune2-b5-rho0,r6-tune2-b5-rho0,alw_coc_d04000_n256_d08,c271dbbb78854e0adf1c060ae2eadef6464a7a9cb6cf4ab63b96c7733fcf630f,923f0967eb3165a273d1de07321656c3ee50929cbf1d9d8f92467e6b637a52b6
r6-tune2-b5-rho0,r6-tune2-b5-rho0,alw_coc_d04000_n256_d10,cf988f3476019f4cd298aacc655f072a02eb5cd15c28c5883b09e74ac0ea0fa2,e68c7db90d884f8fd459fef5439e508f6e6d4d3ed08cff461a33192bc6b03921
r6-tune2-b5-rho0,r6-tune2-b5-rho0,alw_coc_d04000_n256_d12,b2c88ba8927a10900621090c4023febe242606df694cea6934ce42f30b2671e0,ceb735c0679c532de3b0c11d7089966db17c3f6abbae4018a866a54cb35f657d
r6-tune2-b5-rho0,r6-tune2-b5-rho0,alw_coc_d04000_n256_d14,044a3883ae92fe7de217cf2c0c223defe69d0ace0dbd6bf48c15b9cc959cf2fe,c7df37ac801c15f726b3dfedf38afd8d27fc25c13306b559a6406328f20b719a
r6-tune2-b5-rho0,r6-tune2-b5-rho0,alw_coc_d04000_n256_d16,0e2774f40a631c8f9ccd461112a52625a5ec2a50ae70efcbfca8cb46809a06e5,7a39b0e39121693eca30e1b8717a653938a1a767c73bc69e870b9f3ceeb632a3
r6-tune2-b5-rho0,r6-tune2-b5-rho0,alw_coc_d04000_n256_d18,555342d0b32563fd36afe1a5f9b9821f8ea38cf8ce068f8e48aa0fdb5fda42bb,d2e13610ed7b9ebcd92596552159b5c706863fccde060a3a6a42b7b6e52f0d93
r6-tune2-b5-rho0,r6-tune2-b5-rho0,alw_coc_d04000_n256_d20,ef57faa6f76873d507014699dd70164d60fd99e6563a951d2ed2e21f3d8510c4,26f945aaa2e4eb5c9300aabb497e4d13aefce44aac8aa8472f63e65a6dc826c7
r6-tune2-b5-rho0,r6-tune2-b5-rho0,alw_coc_d04000_n256_d25,1e3a87bb388f8eba979e98cb33049268ec43512343ab5393ecf2e3b98187b218,bd3c93fa0f7931d8f9506e21b7a213cd1f7a02b33f119465445f2408605b118e
r6-tune2-b5-rho0,r6-tune2-b5-rho0,alw_coc_d04000_n256_d30,ab45f22bc941613dede60c6d3340984c5014a02aea43629581252b90c5cfba26,ae7ff70a49cda2371cdc603ae3a8e3116272061408c2c5eff8e605c73a43a3f0
r6-tune2-b5-rho0,r6-tune2-b5-rho0,alw_coc_d08000_n256_d00,c7d10d26a85b62d4bb4591897d96e91f3ebfb2a67ededc6e492270cbd04cc7fa,e873f5627ca20e110f2308982367172de72e231c9b571ca735c2bef78f471db9
r6-tune2-b5-rho0,r6-tune2-b5-rho0,alw_coc_d08000_n256_d02,01702df03d5e58d3ad2af4a8759bdb9ac9eea759149ad515adb03efe165f1740,0ac8572297e05a5fab90672f1991e8a26c5f78bb6ab3137bb0f9b36ae0f1d699
r6-tune2-b5-rho0,r6-tune2-b5-rho0,alw_coc_d08000_n256_d04,4d438d55fcbc45557e580b3fe8ed53d3a0d7c22af7c4d1586968dc7689023ddf,db5108bca8ee519027eeddf0936109d919d46ce2b13ba0bdf92b1cb1779a72b7
r6-tune2-b5-rho0,r6-tune2-b5-rho0,alw_coc_d08000_n256_d06,8f8fe826810f4881aeb9aa008e3cfd29f358d0b0c83e12bfac4bd150bc68f341,58ea88e0c228963b64bbda3330bb7371bd01730e2842bd2081afbf512cc4252b
r6-tune2-b5-rho0,r6-tune2-b5-rho0,alw_coc_d08000_n256_d08,a998c873a6e17181392a76ced1e00280fe4806b81aaea7ef7b62b9c07d70cd0d,b98763a28cbd11ae385b89e92636c1e6337ed867ab51e9890f3f53cf9415f619
r6-tune2-b5-rho0,r6-tune2-b5-rho0,alw_coc_d08000_n256_d10,3a2d1e72a145aae1eecd78becb2a926ee96e068458db7b8393e0dad8d009c70e,55c675a20db45305f2b5c8fcc1595909ffdc7f7b467c007956a23ef63d5b0d35
r6-tune2-b5-rho0,r6-tune2-b5-rho0,alw_coc_d08000_n256_d12,8b68fd0b3a46d1c7ed99f53be312d082fe04b693f3392a4e2ec5c33014364208,ac5c39cfb61a57b5de4076d3bc80cf7db42b099934d34e8e8e763be6f6dad10d
r6-tune2-b5-rho0,r6-tune2-b5-rho0,alw_coc_d08000_n256_d14,02f88f0d5a179fdd74b30930e020e8d0f1233009e81c7a8d875b83272db30660,d6ab67ada2d67faa031bd1d7bd01b91e04bb1071f6a3309bd93df9abcae9682e
r6-tune2-b5-rho0,r6-tune2-b5-rho0,alw_coc_d08000_n256_d16,8d9bdc834eea1e7344804613b968885749a706df6616ec0506ec1c07cb06a7fc,061e6e396d83e3d4f4f736d9c90904e9ff4079c4d2fb40121b22479c5af793f7
r6-tune2-b5-rho0,r6-tune2-b5-rho0,alw_coc_d08000_n256_d18,174aba66178f69ccd836a8393f985c464d8a2fbf08545c0410eeba21c5f64a7b,212044fe6da0b723907bac0ad01ccffabf000546419eced35725b4106a7f7415
r6-tune2-b5-rho0,r6-tune2-b5-rho0,alw_coc_d08000_n256_d20,6074731cfe758e1f57d53e21ef7d8715b301c214959237e4929fb41b94591fdf,7a0271f2f426495c81e9669916b0e842c45da6c8201b997ae38a0472c42b5d7a
r6-tune2-b5-rho0,r6-tune2-b5-rho0,alw_coc_d08000_n256_d25,8f7c7f4358eb52f01065735741bf31b83b6c144a2c4545b8b4ec00d851f8e128,8c52e5bc68d10866b6a0e6a62367c7352a6352ebb0cfe06ce4162d5fbe7752a6
r6-tune2-b5-rho0,r6-tune2-b5-rho0,alw_coc_d08000_n256_d30,0173218a2591e762855c16e71b756a601971c49f09d97c7211e22fddea790fa6,c35871cb5821978719bb2c62e9bef3cbb08ff3c9e1e899b67dfaabc7de2c9b6a
r6-tune2-b5-rho0,r6-tune2-b5-rho0,alw_coc_d16000_n256_d00,3de90a8db79b43b79ddfcf2f6655bf16ed5c1a065def827b61056853e2834638,6072ddb2a722e549a51705f628beca37c6519005f7caf61df8f9c559f72fba57
r6-tune2-b5-rho0,r6-tune2-b5-rho0,alw_coc_d16000_n256_d02,f47334e30cb2d986d453f93887d7ccf74751d186ae086bfc4b47cb6714037622,cf7193f2b1071c75f11aba213c8fd6d7de44783e5befae9008414a9caf89204c
r6-tune2-b5-rho0,r6-tune2-b5-rho0,alw_coc_d16000_n256_d04,d829ae2d763fba706870d7021770c59bd1883e1c0f835b8b2a3379aef84c2804,0afb7512acd064c4e03e98c46d74ed8fc34670b868be7666e187b09962d5566c
r6-tune2-b5-rho0,r6-tune2-b5-rho0,alw_coc_d16000_n256_d06,52b875f4b16860982e1b98cb08fa197656bbdc14b70a1a6815774c7ba184c7dd,3f65abb361bc121ef95b22f759a2b10f3fa7cb0e8f91059532cd034ae759e25d
r6-tune2-b5-rho0,r6-tune2-b5-rho0,alw_coc_d16000_n256_d08,eaa3741f2d76bdf153c63b1b101fa8b5d3876f3a9d9df110170c520d0c139a4a,e8591d65503adf2bc01551f211b212d4925ab0b78d1d3b24bc07ee4e2fe6bc4e
r6-tune2-b5-rho0,r6-tune2-b5-rho0,alw_coc_d16000_n256_d10,0367c77c99284284e4d73408fc9d5d970558190eb840f774e9ea96854b06f2dd,42ba670539ae885956fc7dd190bc1e3ad32b6e6c8b1e5437049dd5dd3fdfdee8
r6-tune2-b5-rho0,r6-tune2-b5-rho0,alw_coc_d16000_n256_d12,4e299f379dadbec3438102bdf502742ed75061cd27faa7d4e52563fe8ddbb6c8,1bc86a911c4f4cae6a976bec5395e8c12dc206850e49247a4fb6f878bece7ac4
r6-tune2-b5-rho0,r6-tune2-b5-rho0,alw_coc_d16000_n256_d14,5299214da05723203ea762aa4b417d6f749a38667a3f2e54ef50c5474e8c8a97,e6a357e5b0cd62dd51abcb36c691e7f107123ad9291684c1fd2cc508154f4682
r6-tune2-b5-rho0,r6-tune2-b5-rho0,alw_coc_d16000_n256_d16,335ff4dc4e8717050e72cb6dec12cb580c86c15dd5ec7ee9980b3eff29d885fc,b84fc2d7ca4ff1572cf82e29cdcb79911fb596335a913072380510328592e0f3
r6-tune2-b5-rho0,r6-tune2-b5-rho0,alw_coc_d16000_n256_d18,953c0f00d7fdf1b42644aef7bb1fcb9675b0589c241ba77c7a2a3adfc681a97f,3305bd3f943b242b0f63ab5064cb17798a6f815bf0165623081150573a1cdce0
r6-tune2-b5-rho0,r6-tune2-b5-rho0,alw_coc_d16000_n256_d20,74c39ad761a46882ccc8194cf33c14e7ecf5ed1a86eade8b496b6112baa433c8,01b8fc524402786e96d045380616b4cf5588111a1ac9debbe74e29b1af6c176e
r6-tune2-b5-rho0,r6-tune2-b5-rho0,alw_coc_d16000_n256_d25,7ea9cbaeb0f6d8ad5e8cfd4aebf5d6928941bc49446d3ce17d1b4cc08fe8175e,0408c7f1300d878850565ad6ceef824db27922f6207a3e970c2927d5a0cd7895
r6-tune2-b5-rho0,r6-tune2-b5-rho0,alw_coc_d16000_n256_d30,c6e7a6bdca0186b0bb1a2acb397d64b7de9c1f2f75a8877b0c5a0d39e006f443,00bb50b92fe91c7f06c7616f528e04fe9c5fd553a3ffad98ba76da319a4a5535
r6-tune2-b5-rho0,r6-tune2-b5-rho0,alw_nbh_k0_n064_d00,4b111ed1d85f51fa369449adea4b19bee75d02e59ff17b174a45dd1aa37b1b1c,977a06f1f3cc06ead8d4f6d17a2f8bb5c9d895e67da434304bb436db6f79d6a4
r6-tune2-b5-rho0,r6-tune2-b5-rho0,alw_nbh_k0_n064_d02,1c5ea14171fb398619d4dbfe48c89f62a9b1979d4819d68dee95e3ecfeea3552,9ae7c0819f5b91056705dbe8c51eab946e386874ce3e892d7db0ec95dbd339bf
r6-tune2-b5-rho0,r6-tune2-b5-rho0,alw_nbh_k0_n064_d04,b312321b9dcdc7ba3732f50c7f0cb0d10da54d7c8363f55c60509aa66e492540,de7eeda584fce1bf886c1d151a596e384a7e3ea96d9ad97291d058eee7f00d2d
r6-tune2-b5-rho0,r6-tune2-b5-rho0,alw_nbh_k0_n064_d06,c66d5fcdfbd16d532943dca25425278d2efcd08bc984dccb4c9184b2e5f2e0b7,10971c231dd18ca3892f5e4c20450e1c4900caa7b93350228bb711fb7bc00c6e
r6-tune2-b5-rho0,r6-tune2-b5-rho0,alw_nbh_k0_n064_d08,9e9d7c96a39aff13d6152e7f36693d7ad4ba964f54042599075c925957a12494,3cee497be28b90ce76480b76c2f3ec5dc43936877cf2161e04c7631315b5f630
r6-tune2-b5-rho0,r6-tune2-b5-rho0,alw_nbh_k0_n064_d10,e1c26ff0119647cb060121cbe97ea54a4c465174cebfd08cc24e8ccede4dd4cf,a0fdbe6f4c9a4f9c8c1562315e2088675cb181c038009e9e0226234eb322e24e
r6-tune2-b5-rho0,r6-tune2-b5-rho0,alw_nbh_k0_n064_d12,470660736859eeabdc5bd247b32ff8181d44ffb43e71d19b4498589e8d8381ce,c87df3b54d6196a6ecbd2a04f2899d796e17a469913bd425e8197bd5f686b4f5
r6-tune2-b5-rho0,r6-tune2-b5-rho0,alw_nbh_k0_n064_d14,b085ead9178cb66c24a7cc586fd75d16dc18e74d7d3e91f058853298f2b0cad1,f2881bc3235841942967dc068990ebe8b04d43e34c31a1235fe81f3b39235e1f
r6-tune2-b5-rho0,r6-tune2-b5-rho0,alw_nbh_k0_n064_d16,c730ff561836e2915afd58c255561a4a248dd899376382ba61e15d5ebe665eb1,2e2dbd438bbde19c04d91d1d7bfb86dba5aa917fd48dd2b04b7771d78aec05d8
r6-tune2-b5-rho0,r6-tune2-b5-rho0,alw_nbh_k0_n064_d18,866f2e0c315725c50f08a2026a4598a971f5410d07ac57f1dabd71aee1b6896d,6277ce1867886603457153e828cce6f35171bc612431eba8d631fc4e9d260d34
r6-tune2-b5-rho0,r6-tune2-b5-rho0,alw_nbh_k0_n064_d20,6c53ae35a79464da52a2c1ce6126953124e3cea95d7a0a9d48d355eb12dea72a,d0dc8e1d7627b4bedad5892428853a89c6625b5269f9d760cc0027b4bd78d81f
r6-tune2-b5-rho0,r6-tune2-b5-rho0,alw_nbh_k0_n064_d25,7e2672f387e50741335fc37e61b701c15a8ff1d16304b17c985a4cf6dee26529,2b2b0471f39a6b4b600b845ac21100d02e09ec630afe9b9d81a444b41d44d725
r6-tune2-b5-rho0,r6-tune2-b5-rho0,alw_nbh_k0_n064_d30,d70f3ebc7042c6f47f3869fc193564ca93323edeedfd15bd8cfc57965da02332,02fcfe84905e2bfaa033e765a2affca2f7b8904395d891a5e0f9ba4f7b1b5263
r6-tune2-b5-rho0,r6-tune2-b5-rho0,alw_nbh_k0_n128_d00,1d0a4a9e24ca8c3faaf0f4e3f31a3b908dabdbfd0751facdabc442592ef2f3f8,6962e441f2d5412b71f75358954ed3450526e6a57588352c232728a00917344f
r6-tune2-b5-rho0,r6-tune2-b5-rho0,alw_nbh_k0_n128_d02,a2d22de2a0fd670c4216591dc93b8ad2182f2b1200a30393bfa8ed33c284b8df,f36a8470dc93fed6a6c05e8bbfabf4468068a5d104c426b0627d0ee55a14a5ff
r6-tune2-b5-rho0,r6-tune2-b5-rho0,alw_nbh_k0_n128_d04,ed542e9fff83bda3099f4912a11056595d1c93cb055afa3845f9372bf807b836,21540042def151713db3bb3bfefdc441fa2979f7790b91cdd0aac0aaf2539b37
r6-tune2-b5-rho0,r6-tune2-b5-rho0,alw_nbh_k0_n128_d06,12620eb72740034d64a382a8614aba69c569dfb5e623bac889250690ffc5d9ea,bfd173c9506066eeb60d2c652e9a41c25ee539cb2268faaa472329f3987c8b66
r6-tune2-b5-rho0,r6-tune2-b5-rho0,alw_nbh_k0_n128_d08,04bd82f7c42c6953c690976c3a8e73418d25d919cfaf0f93457bf04eed091b2e,8ebabb85e6afd4c3e07117f74c918542c5c741d975604e4b7c062c078301874b
r6-tune2-b5-rho0,r6-tune2-b5-rho0,alw_nbh_k0_n128_d10,93a640782c067490898484062abd50835f216915d75d793bf6c23a973e53aa2d,2041e97374098de20dd254b47316554372b50dea5dac9854492f57bd54df6d5e
r6-tune2-b5-rho0,r6-tune2-b5-rho0,alw_nbh_k0_n128_d12,72560cf1e2e78b7145f5a08ca4e9bcfeb4c66e0a361bf8eb27337b0aa2e3244c,632fa2c928241c2d887132efafacc9309ad9c19d2ce1580c0c1f2d2e2f8bd6f4
r6-tune2-b5-rho0,r6-tune2-b5-rho0,alw_nbh_k0_n128_d14,9a55103c563eb65745a73727bcbd8d4423bdc656cc8b577420c5ab46f8d7808d,b0b4e8ebd36cebf43a1d104cbbc2a85a602fb93ef02d3e4a2952c3f3fad27d66
r6-tune2-b5-rho0,r6-tune2-b5-rho0,alw_nbh_k0_n128_d16,f4a37dfe0a31939273dedb4f216a744ee3c9c4815fb74196d34f999b62921fbb,496dd595ba433fd6b22cdb3ebb3adbce36a74b893f8c8ad89a00ef214825c972
r6-tune2-b5-rho0,r6-tune2-b5-rho0,alw_nbh_k0_n128_d18,2295a3e77ea99a5ab38be6af7dae7f0f943bdb092e651efcfe3267db98dc8108,16ee7eb203f1dc35d6045798e0c2eef241028679fd59c1811a1877e41f807172
r6-tune2-b5-rho0,r6-tune2-b5-rho0,alw_nbh_k0_n128_d20,c14192761c2c17373780678a3ec3427718359bc926ffdba5b679691f6a8aa551,9259258d21326a030932a51fa6175114b2127c3e28e5aef2b2d3cf92c5584a9d
r6-tune2-b5-rho0,r6-tune2-b5-rho0,alw_nbh_k0_n128_d25,55f6de2aab0b99ed5a841bb0c23227f66062c2c2c62399b5694ada535146b410,824b1a3f5c4e88fa9eee4e87777c0db435996050a8d1dbe1d8e351929164bbf3
r6-tune2-b5-rho0,r6-tune2-b5-rho0,alw_nbh_k0_n128_d30,66b104e8eee516188e4f6025fd7cb2301f9ae88332872c12acb5a2e76de8ae7f,912e41201ac0038539866dac542ee4cafaefe6318d6af0f424134032e716e622
r6-tune2-b5-rho0,r6-tune2-b5-rho0,alw_nbh_k1_n128_d00,80790377da444b1007a7a0d79beb6570e33640cf706733a02cf655697425eece,c38dde8434d3ea704692ac72053a5736a4dd31328f6f1d0eb4238f4cbc52d8c8
r6-tune2-b5-rho0,r6-tune2-b5-rho0,alw_nbh_k1_n128_d02,e8f5a46f66e35b37995a5aaf2f1617bc8494816007b4470d0b266cc5ebbd21f3,6a6cf57288ee79b2925054713613a22914cf6bda81cbaf66e78c3a3053ad62b3
r6-tune2-b5-rho0,r6-tune2-b5-rho0,alw_nbh_k1_n128_d04,6b85f4b9bb8aab46adf086e6fbcbcf09422f3c24b7b129686eed34c5fadc370c,8b0bc0781777cc1221dc7cc98667cfaf6dcdecb4ee0c666cb58c4678b68f38f4
r6-tune2-b5-rho0,r6-tune2-b5-rho0,alw_nbh_k1_n128_d06,7282a090bb23ec5256afa8bf2237ae8e673a5b20f27e3dc9fa619a3ecab9d2b0,c79f8377284cf30dcd992fea70c120cbd3f07f0b89650eafffb8cf98a3f3c408
r6-tune2-b5-rho0,r6-tune2-b5-rho0,alw_nbh_k1_n128_d08,b219df9f8a564d74720606eb5a14aa8d6c8f3fccf428dba20ee53d98948cad4c,e49c15331d276ee9fbf94b9954e2b9996430138d8b5d485ede782c479c89bbde
r6-tune2-b5-rho0,r6-tune2-b5-rho0,alw_nbh_k1_n128_d10,525fc731d4d0e34259eaa2d8955179066fc19c9927ba686973719c7b1f3883e9,c4bc90bb72fc49334da7f78fdb369a4ed49e8593b66666e75015e065a8d50ace
r6-tune2-b5-rho0,r6-tune2-b5-rho0,alw_nbh_k1_n128_d12,406b48c61593e6d02a2324d81b0ef52dd36f15306b1c54f3e3f31965d8fb8a7f,7b2b26ab8f2ddba1452673bc8948ade7b0aa04b41720188f36366bfb575b9010
r6-tune2-b5-rho0,r6-tune2-b5-rho0,alw_nbh_k1_n128_d14,2b338d3c971ae8c7cc1d136ec26dbe0b0d5e13bb16822beeaf1f15c7cb032f83,e133d071c95344c9e6f44a141b06dcce578d294f2d3692d1e43872cbe23af49c
r6-tune2-b5-rho0,r6-tune2-b5-rho0,alw_nbh_k1_n128_d16,66943a5756a91fd00096b463a2ba370c7bf6aeb61dd8d617d9b2055c7deeb027,2835b3b6842633923b40b60868b7a4bd3620ece9e0aacd83846de019f345608d
r6-tune2-b5-rho0,r6-tune2-b5-rho0,alw_nbh_k1_n128_d18,a70cd13541244ebee1ac12d6f450e0b9318c70b50bf866486ab503ec1bea6568,fcf1aeadb59b1e29f7d1a72f457c8ebb35fbc8b5de16c3cd6fbeab6b73c290bd
r6-tune2-b5-rho0,r6-tune2-b5-rho0,alw_nbh_k1_n128_d20,e7a29d80aed72b759b1909628e483de6e9635f4f81055a2fb71d745d4c15f77d,6cae9e108da9a679611effaa9f07a5d6e6c498884bd22bdd32c81a3b146b0596
r6-tune2-b5-rho0,r6-tune2-b5-rho0,alw_nbh_k1_n128_d25,df84e15450b5c4ffa0527034774a6fc38b56c24a1344e0e90f94a8eef8d7a7b0,56a216721f201e6222164017856fd5837aab796a9f9a9e60feb5e39253524e81
r6-tune2-b5-rho0,r6-tune2-b5-rho0,alw_nbh_k1_n128_d30,7e55fe83a27c258b4b7769bf702d142aadbc2a462080291afd46b1b60411ef10,16ca67b2baa008c48fd073bbc3adc8f81e049050e3659b9ad9a166697566b11a
r6-tune2-b5-rho0,r6-tune2-b5-rho0,alw_nbh_k1_n256_d00,8bd4dd4a6825e2901bc2f63bd4bfd4ea02ef4286c08f3f0411f516f8c4508286,866fd8c112b834219545731803e452f9ef4c2908ae97a659780636d31292aa2c
r6-tune2-b5-rho0,r6-tune2-b5-rho0,alw_nbh_k1_n256_d02,2ed2883fae3a595b90a50d1ab1067d060debc27a526fa7d0c3549bcaf1723f87,e517c8c012c7c0c2d12ef7a00763c9c427eae0d96cedd25a41e9b6e5e4b6c6be
r6-tune2-b5-rho0,r6-tune2-b5-rho0,alw_nbh_k1_n256_d04,c2622f83bc327edefac91d691417e0d6215e17ad00d223ceb49de27cf3a4bc8e,48cc74910e44e8da92a2fe08ad11201bec1eb1700efdf9851a62e86752794b1b
r6-tune2-b5-rho0,r6-tune2-b5-rho0,alw_nbh_k1_n256_d06,92a9a0345a2acb37932396560d421ce453084ea3e8c3d89247bd3ea0fff65096,860ba0c442b461a38363bcbbe7a4ae04e090813cb46451da00f6777184a5d7a7
r6-tune2-b5-rho0,r6-tune2-b5-rho0,alw_nbh_k1_n256_d08,7048a5c2b27be4edd65a891b366569de2ec6852a424692f374a2754483ea42cc,b0c1a77d5f7f27d73016a59fa48931f1a0e45c5dea822aa4d608887c64650af9
r6-tune2-b5-rho0,r6-tune2-b5-rho0,alw_nbh_k1_n256_d10,5b2bed2242e8292d927357966814e51b3045983fb89f446bb1cfdeff86610dc3,3515edb29cdbb9a16a2b6e7f6ec522ec365938fcae0720923bd93fff4637a82b
r6-tune2-b5-rho0,r6-tune2-b5-rho0,alw_nbh_k1_n256_d12,326f6383bb462d85caf6e4950e3be934e5b6a893d9ebe1281efd0a17893649d7,85db3cc72b509149a90b8c7c3a7f523998fe66bf45183669513e3643b3e7bb38
r6-tune2-b5-rho0,r6-tune2-b5-rho0,alw_nbh_k1_n256_d14,9f9bce91e93c35c5f41faf0668062680b13c8b1b0126eca43a153fec554183cf,637d3129b5db267c8a9e6d03414c74e2b8f7b577433a742e0586babfca76de0e
r6-tune2-b5-rho0,r6-tune2-b5-rho0,alw_nbh_k1_n256_d16,d52d024b5f0403c1af16700f4b5dddf226abc73dd88c9f910fee7f86cc6663ce,4e99c10a5a020d23c4438eb7ef7c8e2700ae5903b481783300e504b35bbc08f1
r6-tune2-b5-rho0,r6-tune2-b5-rho0,alw_nbh_k1_n256_d18,f5c48ba75d4d30e0bedbc70ac9dcd1ff9e96fbb6ea3518f3cfd760e892cbf87a,5445865d67dbd6d1bdeb24861c08ea4d090a6599d80a93b883bdad9b8730283c
r6-tune2-b5-rho0,r6-tune2-b5-rho0,alw_nbh_k1_n256_d20,065c0381a5150bc0479f3b3645ee1e0c1a0e7c80c8746a7f1330b2ce2652d69c,253ef3ca44115059bea078bbb93d194a6d0510f25654e8448d90bb74782bd2c0
r6-tune2-b5-rho0,r6-tune2-b5-rho0,alw_nbh_k1_n256_d25,321b1a52b0bb74cf17680ae5c75431354724f420d88236914d06dddcf5b4439a,380803a047e74bec5843892195904ff66541603778c30a4b2c9aadef49884bc7
r6-tune2-b5-rho0,r6-tune2-b5-rho0,alw_nbh_k1_n256_d30,5d05a85a35f8ca9ab979ac22a9ea178c5f421957d337e79f5807a535008b8644,53b120ab77ed0524830286d9eee2c4559982aafb94995e31c72fc21fae6aa289
r6-tune2-b5-rho0,r6-tune2-b5-rho0,alw_nbh_k2_n256_d00,1bec6f14d1fc93b3f8a19f78efde05a7f38d7872370a1652a545c86015e0321a,606b0f2f44996bb8bf009f62a83f50b02addbaea933f79ddc0818a705c503f87
r6-tune2-b5-rho0,r6-tune2-b5-rho0,alw_nbh_k2_n256_d02,faede76afec97583bcd55eb596c001f9cdb1b280837bc531cbeb9a87aa56b204,6809e9ca5882730013cda7a40d180f9162dba7095786958c9b84dd17f0156877
r6-tune2-b5-rho0,r6-tune2-b5-rho0,alw_nbh_k2_n256_d04,28c82011b9f7b8b39eec2d64d1b127b69deab739b025b8051ca3d1d4f25ac2f1,ce4810fe09e02a9533f0f084abc3f72013044422cdc3ec0c8f3811deb708659b
r6-tune2-b5-rho0,r6-tune2-b5-rho0,alw_nbh_k2_n256_d06,66d41d6a5e7b0530efc361e835fc9ad3159945208cb06b1a9561f20d62c47881,317e2c839620546db83367b977215c4d531ea8b5c394257acb7666398afce3b6
r6-tune2-b5-rho0,r6-tune2-b5-rho0,alw_nbh_k2_n256_d08,a22ea3fd2e01ca600f408511a00872c6f9e6351c655c638621750e264beae9d2,fb49b2f3d9f65403cef6c1103497b41900fb0a73d6b28ffe914debd728c2260b
r6-tune2-b5-rho0,r6-tune2-b5-rho0,alw_nbh_k2_n256_d10,74fdd8386f79835250a60e02ffc5e72c181f6c6860de2141958aed4efe4bbe2d,230e6bc12703eab92a394f2796bb370aee36bd504ec674e4220533186ad6a2ca
r6-tune2-b5-rho0,r6-tune2-b5-rho0,alw_nbh_k2_n256_d12,d4ba335bae77834126deab1c159ec0e9ab2e4c39ae5d6dce712ce51b9af20f58,3c09377ab0a111012a6956b4bceba0210b87f519bfc73d2c19d7cf3c9b1d9ca3
r6-tune2-b5-rho0,r6-tune2-b5-rho0,alw_nbh_k2_n256_d14,df3a77d9205264a43a35143c4d216d78a0966d7de200f1c4511d6089e14e4ebd,00653e61b01007fe0cc29705365b045c61fde687735baf6ed755c4a875b1f026
r6-tune2-b5-rho0,r6-tune2-b5-rho0,alw_nbh_k2_n256_d16,176ba56b05b3c16c7ae94c5882a16e3bd7c95a21cafe830ee052c41002484fe2,feeeeb356912c28b543160222863df8423de1bdb012161f833702b1be6ffad4d
r6-tune2-b5-rho0,r6-tune2-b5-rho0,alw_nbh_k2_n256_d18,8306a631f70ce3b47e04aa3215925cb1231f461642b6017adf38462c286b3a16,b316a76f659c8261c7cad2e568df7873330e0d47c0205734a7531365d9626b04
r6-tune2-b5-rho0,r6-tune2-b5-rho0,alw_nbh_k2_n256_d20,692408acabcb6879b0c97cc287b87aaa31e3f809ba81415b88d797ebe2be7a3a,73be59cddcfa0da06fc2baa62668f3105d8bf37f3772f4ebc745a6724feba54b
r6-tune2-b5-rho0,r6-tune2-b5-rho0,alw_nbh_k2_n256_d25,fc185e006d94a855c1adf8fa28b2c8de00454a150cec784ed46a94587fd55439,4f7d7dd3365b428e33fadc38626ccf267ff20207b0981b0a6f8ec7a7046467ee
r6-tune2-b5-rho0,r6-tune2-b5-rho0,alw_nbh_k2_n256_d30,28a54757a32bb918dabc01f0400dc51430cbfa8ab5e1be43269630cb9a83d058,c4fdfe7a682526dc1ca8d6b945b67baaaa8ca1f8d6eb0fc2e484dafaba775585
r6-tune2-b5-rho0,r6-tune2-b5-rho0,alw_nbh_k3_n256_d00,ef4cd69854f479d051fd246db986b92b9ef490f39b9aaee8e01abbf9ea6f5ed2,857ee03a8bbf859ef2ee15c1db340e2b0c616b17e5fe0d49b93c9ac8d254c617
r6-tune2-b5-rho0,r6-tune2-b5-rho0,alw_nbh_k3_n256_d02,6f2d838087cb3041685d830a5de963686ae8782a14b53f96f0d1f8309465f842,f4be323cc2f7d9532383d6c1c825c514b48256d98056bf09618ad7ddee797305
r6-tune2-b5-rho0,r6-tune2-b5-rho0,alw_nbh_k3_n256_d04,33477d76e651758d0e98fa71c71d3af91b58aefa87ac59b852fb807542d65b85,e89138ed55ddcd956f2681ed1f61257492c3531746b1369ab77cbffeae80d5af
r6-tune2-b5-rho0,r6-tune2-b5-rho0,alw_nbh_k3_n256_d06,c064b928ab2caaaf14bbe85045d018c79b0b54f98b3bbd85f4667fd6756ce84a,1507dc21a6bd620a78469f9ffeb849007015186b65f6758d2b701134d8c83bcb
r6-tune2-b5-rho0,r6-tune2-b5-rho0,alw_nbh_k3_n256_d08,fa0b08daf810c6ad4143bd251eba64d7d8b43b353f3c678df4ac8e1a24a72613,d2f8d28185f715eb4bc7494ed6850b709346e6c6501d26f9dd7d09fd6c3df80f
r6-tune2-b5-rho0,r6-tune2-b5-rho0,alw_nbh_k3_n256_d10,c014997fe93b674248f1c8b79b8b1ab1f878ec1a0f8db1f1e206bb29b1b3e7a6,0e3007b2497c96cc3a2023152fbcd7248630be73a3679329c61fa29e17f8685c
r6-tune2-b5-rho0,r6-tune2-b5-rho0,alw_nbh_k3_n256_d12,30b83afef2873e120893aff6260d64674a68775eeecbda45379db321ba22b8df,85a890c3713836be996c7a8d5990465d32c463f3bb3b773af424c3a0d6f8fbee
r6-tune2-b5-rho0,r6-tune2-b5-rho0,alw_nbh_k3_n256_d14,8d8e3d35d8a6557af7b2ee8aa7361280f1eccf418a797e14dcec556e827840e7,afecdd055a8aa85b9237488cd69d3d2b8b41b057aa5a0e031cdd94255394ec41
r6-tune2-b5-rho0,r6-tune2-b5-rho0,alw_nbh_k3_n256_d16,bab69e03398c30fa6302b1e514bc96eda6f80f3312f5a94adc4909a444e7e9c8,244207f15a4e49bf41499e43a01c3ff6b21704de726ca2e42f51886cb90e711f
r6-tune2-b5-rho0,r6-tune2-b5-rho0,alw_nbh_k3_n256_d18,729f3d052a354ab4fd531a61c45f08dd35a4837f1dce1fc96db2e976cf0229cc,d3d805b1ae3fc0bd781a07d43a529155011f0eca277fe414c272b9d93362951f
r6-tune2-b5-rho0,r6-tune2-b5-rho0,alw_nbh_k3_n256_d20,34942245c7e44d3e5dafc97cf0a588e319045885541fcbba5360d95a8d5e858a,3062ccd5eec19d528f7d3684862b2cbafa3273bada2ebcab369e2e8fee11b992
r6-tune2-b5-rho0,r6-tune2-b5-rho0,alw_nbh_k3_n256_d25,4e6c6c6235ef178031dc41af0efb992ca18e1a058c33049b04fb3a930b561374,b7a9fe4beb3ae706236f574920f5c46e7b6f4fe1c7ce8dbe0104cf97de257972
r6-tune2-b5-rho0,r6-tune2-b5-rho0,alw_nbh_k3_n256_d30,3fa9f603fbb23b1d544e3b70a6de360a6e429c00e8e2e336ec5f94c6317bc7e5,9af0cff8705a07ddf7a08959da72edbab679cb344d3095dc7b9661fad02317ea
r6-tune2-b5-rho0,r6-tune2-b5-rho0,alw_rung_d00,96c84e5703b00d673e35fcc93889e28dac0dc9b70f07dca94345f269229cc7cd,0a0b95c7f32a73c31a72c08df51c3c624541592a05b3c1c07e0ffc483ed1505e
r6-tune2-b5-rho0,r6-tune2-b5-rho0,alw_rung_d02,5629e841bd5fd1c1ce41d29cad6c46e2b2aebdce09fbbdebc22e706d1b2e4c4c,b3e4c7935a53f6ea667bf496664ed81f279ad81d911620b186c0f79f83bec3bc
r6-tune2-b5-rho0,r6-tune2-b5-rho0,alw_rung_d04,a256d1139b21a825bc6bb406bbcd54f2deb32deccd17f2705bd1c4aa9e63490c,d04ad1eccf94cdb83648c764a5cc57312e85b6abb09b5376fd4c8e8f031214fb
r6-tune2-b5-rho0,r6-tune2-b5-rho0,alw_rung_d06,178069c1040d276610dbf511a4372584b163196ad93602b2fa5cc13f7f1f40e9,3c341cb6abb1cd3727e642f1b1067309fd5f4543b86ad6fc23b2658d024a5e2f
r6-tune2-b5-rho0,r6-tune2-b5-rho0,alw_rung_d08,2c84888699bf03e702d7f643db2a2bc1232bbe40924e2183fdaabbbc2a45d0f9,b2a7f7302b1213c71b5d0921c52cd4c0041e29161c2b64fc020de1ff4b32d164
r6-tune2-b5-rho0,r6-tune2-b5-rho0,alw_rung_d10,c42cfa26cd583f916f296499190db6d9e8b5c6b1c0218f4caf538277e8c7f3a2,68c4e0848293249665170efa6e309f309d52cedc0128612c179db8957dd42f22
r6-tune2-b5-rho0,r6-tune2-b5-rho0,alw_rung_d12,a786247e53a4f0e652d0c35e3cc61ca99abaf53d1fc0ce63b49cc655d85ba2cf,1a61414d2921d4ae430c109e4f31e373d1085fdbee33f739ae8131a76e330d2b
r6-tune2-b5-rho0,r6-tune2-b5-rho0,alw_rung_d14,1848d16cbc29daf05e9845853b80a036942b2058706eee49af131763d6f1800e,724023a29bb4feb016c5b35cbfe927b80558198e8668d14c3f1da335f2f6decf
r6-tune2-b5-rho0,r6-tune2-b5-rho0,alw_rung_d16,692857fc0ecd754ef4b6f18b9a13b333c213099c8e2f8682e23725febd93cfe4,d2573360d8289ffb48c20925521de2594b2b74dfc4c11254e87f6a3f688074c0
r6-tune2-b5-rho0,r6-tune2-b5-rho0,alw_rung_d18,120220f260143d934adb5cae730cf87742584b2440d4732e128669c15ab33ac0,e671767e8c5923f5fee195e299297f18eff606ba8279cc16ab8de8d56ca6bc9a
r6-tune2-b5-rho0,r6-tune2-b5-rho0,alw_rung_d20,192d058a8e994feed9dcd3f187fc3975f5ccb1fa12d0395937a2387d21b77395,b5bfdcc8c447eb03b096987e2b8650b20adeec97f65461f3a8fac5b997ee8488
r6-tune2-b5-rho0,r6-tune2-b5-rho0,alw_rung_d25,c6491a7716a97fd6120af08a19b17962ce8f06761f57b61f6161a158b5f12ea7,89029eef3df878ecd32922957d800cc0b86641f835f2bcd29da67234acd54d1c
r6-tune2-b5-rho0,r6-tune2-b5-rho0,alw_rung_d30,732673a2a35c368fd7f9b5b8f4e2947f012ad5f23e0aabaf830fc8bea2872144,beb181bda56b4d534a756b24ac90be9cf2858da7c9b84c6698808fb502532540
r6-tune2-b5-rho0,r6-tune2-b5-rho0,alw_win_w05_n008_d00,177f8ada681e5f4ec7105ef58db214adf23403643073511b7245dd28c81a1ef2,a7b73ca8440415f9450f66281646320dfaaf471568ce0348d2786a341676b6bc
r6-tune2-b5-rho0,r6-tune2-b5-rho0,alw_win_w05_n008_d02,f57b03773bac00570d6cfed029aa530ab306cb8bfe91e26a4ff36b20a79d9366,fcf7d200dca11cbd6e371139463c13c2679bbf30db305e03c8487efe9e9a0eb1
r6-tune2-b5-rho0,r6-tune2-b5-rho0,alw_win_w05_n008_d04,ba42dba64ab58d8708c7d59a7895454bb2faad79435bb7866dd495a95c91c9e8,db021ffe7a25e3e915af4e71f81693632d5fa36ffe40e3307c7353d23d76555f
r6-tune2-b5-rho0,r6-tune2-b5-rho0,alw_win_w05_n008_d06,c51937698cf633faf6940d1207d662118c58e2f36f0b7a9928f4ca4a390857fc,b28be58452b41a3e76f33ec834d7ba16fe4729f4d8e3356181d1c52504b9cba7
r6-tune2-b5-rho0,r6-tune2-b5-rho0,alw_win_w05_n008_d08,51d19b2e5aa9b8da8fa4e283c71188e66c7a120147a0fe7010df2b8c3c6ab318,d6ee398b860208461378fc81b66481009b9ac19858c5bc5ab22b79208252ac9c
r6-tune2-b5-rho0,r6-tune2-b5-rho0,alw_win_w05_n008_d10,02751570db246b9baa8d1642be4647cbe7391ae06ac713967c91077a0e9b73ab,8580611d10205b505a572f4964781f3dbf5125719a8caad28a92ec15f7f10424
r6-tune2-b5-rho0,r6-tune2-b5-rho0,alw_win_w05_n008_d12,6f839976de99727d6b1c099bbdd5a338e77e589984774a6119bb476248ac4fa1,cb349438a2f55357796da03f673b6ce5aa94721092d7e755a9a872d512adac22
r6-tune2-b5-rho0,r6-tune2-b5-rho0,alw_win_w05_n008_d14,31cd204e288863a48fad9bd13aa84faa1d8440eba37882a1f5652f707e9ba019,accf1a88821d8af4ddeee9bf1a1e5b508c2fd1e11e0b6d00cfeb5f726f233285
r6-tune2-b5-rho0,r6-tune2-b5-rho0,alw_win_w05_n008_d16,48e2031c4251848a01113965e725b34fadf56a89fd88d72bf0983be32f86081c,692edfe9298ff21f66284fe1a922c44e75b01b67cda4405221d4ab9bf6e549ef
r6-tune2-b5-rho0,r6-tune2-b5-rho0,alw_win_w05_n008_d18,68180f7e0b735f0f92176b682d65f384bb649b8dd7d6208bbf25a6605c641547,3633b372371c1211024a1db5298967a2c0e73dbd772ebd81fd0462bf663227b3
r6-tune2-b5-rho0,r6-tune2-b5-rho0,alw_win_w05_n008_d20,2482d8220bbc327c68a00e7aa92507ed9ade0604d69df491205700db92392d70,94fb9a5cf911cce3ab2365be940e2f80753aa303a63e26011fefcee470690ccd
r6-tune2-b5-rho0,r6-tune2-b5-rho0,alw_win_w05_n008_d25,c899b52ac3dba8f92c61486c5f64ea2dd2515d755fd054151aeae00bce929988,3bbc5a11b47bdc7bd0179fbcaa015a08fc8db6ada88383b9050a00a61ce9fb31
r6-tune2-b5-rho0,r6-tune2-b5-rho0,alw_win_w05_n008_d30,779ab6792363d21645b85ab31dfa13d0c1de5043d7951d73b98c84d45703429b,af7638c881e2e9b7e572cc9ae3761e3578d54f142508255f86185de44ee9874e
r6-tune2-b5-rho0,r6-tune2-b5-rho0,alw_win_w05_n016_d00,ef09fd83abdc44abd42d7122358039bc1950c242e4718c3ba03ae827d6e4d354,144a92ba36a85959f74591f05857912ba6785695d5304a374741c13674185c22
r6-tune2-b5-rho0,r6-tune2-b5-rho0,alw_win_w05_n016_d02,812b0716aec08b197243ce7222725c79228ba7460b822d47a2730d4823412726,e8fc9fcff8523600e109c6776fc5bdff7af193b861d139853bd0c4e036ac7a4a
r6-tune2-b5-rho0,r6-tune2-b5-rho0,alw_win_w05_n016_d04,7863ed6a5e782e0ba45ad088b04f24cd7fd935c6c68d46687d495f76a727f7d9,ad80cb446fc1b3100896087af4a918e73cffd876548588cce4b0e4fd4a5208b0
r6-tune2-b5-rho0,r6-tune2-b5-rho0,alw_win_w05_n016_d06,1990d5797b85b491b83254afa9bc4eebb4fac3d91c37e064eeee6a599237498f,b551a29ca376f913f2a2836577bf35cded913c1eec0c643c1a17083c915290ec
r6-tune2-b5-rho0,r6-tune2-b5-rho0,alw_win_w05_n016_d08,88d1cddb387e99d22220605d6cacf09f0ea27436545cba3274346286413edd20,9fb96e43dd3fefd76edda6f7062b076cddc5b57bcdc9cb9108b47dbbf5067f48
r6-tune2-b5-rho0,r6-tune2-b5-rho0,alw_win_w05_n016_d10,9325e909a3a509b0f42302ff605d2de65ae1d00d37ca3d87c8c658bf776ee77c,801a61b8aa036b5bc372f764a8d45f99d92a91c8bb3598837ac45d906ebe3e5f
r6-tune2-b5-rho0,r6-tune2-b5-rho0,alw_win_w05_n016_d12,d0f3ac32e07e4b4900cad5ce5ca2abe57799a43e79dddf9898e4d90642e0542b,89890aaf9b586ec9b0007c6cfac8785f8697172c99ccfb0558183fb83f2d591c
r6-tune2-b5-rho0,r6-tune2-b5-rho0,alw_win_w05_n016_d14,1685741164007033de9e7430409bf9cf6a7f4227c2ca4909476541605ccf1b5e,d9062f98c29de18eeeeca530a1bd5a240ec87f22aa07663c0c248d322cbb2283
r6-tune2-b5-rho0,r6-tune2-b5-rho0,alw_win_w05_n016_d16,f457f9a90b8eadded5936ac6dd2dea5e097f0757dde3268944acba426ef6d650,33a5aa11f4663a62d55e54a31e3d9c6acc3292b98096da3d75a325ebaf6f62df
r6-tune2-b5-rho0,r6-tune2-b5-rho0,alw_win_w05_n016_d18,e20157454a951f930d62300e22d4023de64b430fbfe39592b647d6b86b576177,0c2766b5870b2612bd9db5ddb9faeb724a0546fa81b8e46225ba1febc96c896f
r6-tune2-b5-rho0,r6-tune2-b5-rho0,alw_win_w05_n016_d20,2f669a93b0a7e46e1b1b8862384cd496d462244e04bf91f5f26cc74a2c6b5211,567b01b7ae94351c5f3845589d94a749792b633c012223b2493d4b39d1f2ba4d
r6-tune2-b5-rho0,r6-tune2-b5-rho0,alw_win_w05_n016_d25,db0a70d56e7a0503ff4e062ff48a35d44d79482c46abdb0dadca4b9c1b6afa64,30616e40c940ce9b966bdcf1742c43bc0126b37ec2ff8c818840a06602d604b8
r6-tune2-b5-rho0,r6-tune2-b5-rho0,alw_win_w05_n016_d30,39180b09d07b99debcaa12c0e28155e6b4196b750b1285ddfd4dbeb398daa087,f518978cd111375f71cb1a266d2e1f4a6db3dff4f927b6b238b299bcc1cd35ce
r6-tune2-b5-rho0,r6-tune2-b5-rho0,alw_win_w05_n032_d00,c9ae0b3ec62a960da37f20cbfa6bd64728174a40f23d2b40b5600a1ea2ff0498,cf50e1f5be5dc2a8a3b0141669601632f5c8b3a59e09d835602abc21f52ba30f
r6-tune2-b5-rho0,r6-tune2-b5-rho0,alw_win_w05_n032_d02,3a7c7c3886d2de1ea3c3d785660043ab97419e7bb578ed12801a62757842e363,deac199094a5ff6bf9965bfe11dc38132536299d805d626ce6840c747b64662e
r6-tune2-b5-rho0,r6-tune2-b5-rho0,alw_win_w05_n032_d04,7b49878612b7e045a37d49beae4737a3f9d2ae228dfaf1a6233f808de649ae80,78b99819ca066f698aca40dff69e0f2168fe8685bd7b64484d43946243d0d931
r6-tune2-b5-rho0,r6-tune2-b5-rho0,alw_win_w05_n032_d06,6368e3510680498c092075222b6d6518d39e32084edd172b32ef0d2a84756b9a,2d4b7c230d2d90e0a2aca59c5214fde68b6f2d012c533148bc07eb86053b6064
r6-tune2-b5-rho0,r6-tune2-b5-rho0,alw_win_w05_n032_d08,358876753f4b204626a9997d1a5071088932a184702742d6ecb42dd5d253b271,908b85fd6d6577553f04b7e2b5ca4f71f37ac8fe8b4f85922dbe65674b4657c0
r6-tune2-b5-rho0,r6-tune2-b5-rho0,alw_win_w05_n032_d10,facfc74905294c09ea1a941afb0600186cd1e6c04ed56bf82b7d96cd9c3cec9c,8580abbf26e2697e67e0a17bd239ad6cc6e28f264dac8299682b6677f8308f5e
r6-tune2-b5-rho0,r6-tune2-b5-rho0,alw_win_w05_n032_d12,095b88898d3145953bcef4b6bc6b692c01385f55d7aeb11745301ee42236a939,0e726f364e593cb6ef09a3d169402514e5d050f87dcbaf4e36c53684cd4b59f0
r6-tune2-b5-rho0,r6-tune2-b5-rho0,alw_win_w05_n032_d14,08952cda764e573eebd2b2878e41decb2bae4c5b1f4163261d465e8abb57820a,8b86f8ddee24b590cf26c0caf265207db722a817e8e1abdf244431b39c9097b8
r6-tune2-b5-rho0,r6-tune2-b5-rho0,alw_win_w05_n032_d16,44ac0d2d6ea822151b973844791ec79871f421a69de793413a2468e43a8df1d3,242a36cb30ce65933c3f6609ef2ccf0b3a30af01675950c66afa561ccee57963
r6-tune2-b5-rho0,r6-tune2-b5-rho0,alw_win_w05_n032_d18,b4c7beafb39abad1ab7657c98c4f8023a73009f47f5950293bb682a1d58c4621,55d259f1e9375f03cc6efb4c948b2d9c28141e7e6fd45a9d19ded5fdb128a724
r6-tune2-b5-rho0,r6-tune2-b5-rho0,alw_win_w05_n032_d20,75bd37fba9657bf15fdf5cf7c14a6592906fc4fc0e27d775c533b81420ca4efa,5031a49b838e805d2a586c9ab669587891ec7624052be78117ccebd3ca2755be
r6-tune2-b5-rho0,r6-tune2-b5-rho0,alw_win_w05_n032_d25,21ad0b08715f61882f0adf1d06e426ed526c042c8bf8c4b53c3967b1a5264af6,0f12c4b95e612ce077cdcd4963f8c5d4c888fe41590e7cd539859951408413a7
r6-tune2-b5-rho0,r6-tune2-b5-rho0,alw_win_w05_n032_d30,5bba815390864a9ac4d0548813b96a12e9f6366cf2498b8e5e037a0bf4a1d704,07d801b57efe35fcf4d8c59c75a9e10968c65c54d5573eb67de92c100fd4b627
r6-tune2-b5-rho0,r6-tune2-b5-rho0,alw_win_w05_n064_d00,0640dcfc50a1ea45a23ef0efea3940f460b41e9bf13cffdb998c4a915f5d8abc,b3ae552887a2ba8b5a55eb0b9d8f74583550fc301e81496bebbc3ffc7d7f744c
r6-tune2-b5-rho0,r6-tune2-b5-rho0,alw_win_w05_n064_d02,41892d9ba807debfa601dde35ea3b1669918a85df4bf65fa62a4d715d2de41be,4e1df550796cb7fb6720b2e337fcc529880f8313005534f7834a7a3e14618a37
r6-tune2-b5-rho0,r6-tune2-b5-rho0,alw_win_w05_n064_d04,f42365d583a9359ca7c8ed20be20fe794d28db0f21ca06b12737833c5c90e369,b7df261efd1128e84a99df025441062280173450773373da8282ad7517fa464c
r6-tune2-b5-rho0,r6-tune2-b5-rho0,alw_win_w05_n064_d06,f4d2269ab4154ecc5cef670680bdf4f9d7b6833c055c2b4c4eb4aec316119b6f,7bc9b27af782a13a4572dceefc34e0d504fc73afbec5ae350873c35fd1d7edab
r6-tune2-b5-rho0,r6-tune2-b5-rho0,alw_win_w05_n064_d08,606701af4223f671c9de967b2e3dc763bc14ac823dfddff7e43dc27ee7c79fbd,437351a0b6cea9dedca92f8f13fa9032d8b10df221f4e588f2a0bda2b2a3737c
r6-tune2-b5-rho0,r6-tune2-b5-rho0,alw_win_w05_n064_d10,934ff5aade99e275fb48a704c53c34ef36d6b84fd282e3d25d03313815567610,8da4f11eec51178280c37eab595efe0380883c2f6dbb767d7cc956c822861344
r6-tune2-b5-rho0,r6-tune2-b5-rho0,alw_win_w05_n064_d12,1b1d7bf66ec176079943c4e48c13cf240955e3036c4ed9b927768fe2e4b2af43,ba066dccffa055f67e1828ef1895a7601970fdd81fe14a607b19a3a01ee3d141
r6-tune2-b5-rho0,r6-tune2-b5-rho0,alw_win_w05_n064_d14,3ab88782ee8f452debb2c2ab2db9d34a441e1e4c71a4119a9cfaabf2a0498e47,f46669a17f8415ec6c7561f4e84c469616b040b3ce06d5e985552d29f4a9db7f
r6-tune2-b5-rho0,r6-tune2-b5-rho0,alw_win_w05_n064_d16,9d25141f08e2fcb3ae7a5fbfcb75dc7310befc126c8949908cb25e430595cced,132a22291f6b14e4acae2799baf4a91f28a75ed77382d2c19cc4693f032672c7
r6-tune2-b5-rho0,r6-tune2-b5-rho0,alw_win_w05_n064_d18,23d59858780c82b6007d366a55936c724ea4e83a7d815de036c51bdb4a6b77fd,1120fa525b7312f830e2cdd954402df6e636d04a4f5133018783bd62f5fbe9e8
r6-tune2-b5-rho0,r6-tune2-b5-rho0,alw_win_w05_n064_d20,5d2780f2a8feabf090e92b59d6929ce3df38b4d67abc435f45d669b879443fa8,70154fa2b2dc14eac82189fa4dbb7f1622457fd6247bfbe2771b381f410523c9
r6-tune2-b5-rho0,r6-tune2-b5-rho0,alw_win_w05_n064_d25,cd4de5b6494846ea117a971ba36f0c7905c9b4467cec230417bdd9bfe8d38069,078cffb791cb6cc61bfefe860cc9e4d3d885f9019720e81427c66e4b0c16c9b2
r6-tune2-b5-rho0,r6-tune2-b5-rho0,alw_win_w05_n064_d30,df6d83ffd634446bd275b785674ef968f326613c1234007058066221f98ca297,bcf44203ae8719d0260dcbcfb37ac9c77169012334a89c75bd044c14957144d3
r6-tune2-b5-rho0,r6-tune2-b5-rho0,alw_win_w10_n064_d00,23921ab6c40c6303d1130fb28482544ca2fde9920ce4d2ce9bab95a8fcba7230,d01eb1d4310bf4468a2641b8e13d52f7f719ab01f6e00193eddfd866b632063e
r6-tune2-b5-rho0,r6-tune2-b5-rho0,alw_win_w10_n064_d02,1016a4e58318a3a953ae9c9b3b904435b440d28f445b84f353806bad8de20d49,65471847484a435260f72c5abb6ccd68825168ca7960322de8334104b1ff495e
r6-tune2-b5-rho0,r6-tune2-b5-rho0,alw_win_w10_n064_d04,1418a0f0a5bfd12b85134a80eedef998aef5343fb5db1b5c68253c8cd4ceeffe,b34c15c14b2d84e7d72d231dc9e1e1ca5937c8744829cd0ac4666c01c73c6c06
r6-tune2-b5-rho0,r6-tune2-b5-rho0,alw_win_w10_n064_d06,edb7edc8e63504b6d2c3cb9490826156e1b3cf532a48fc71a669a409c3cf83a7,013dd7da7e1de7a4e726b9bd52d474fd8d34ad3a55462fef0a4c49a7af7cc7bc
r6-tune2-b5-rho0,r6-tune2-b5-rho0,alw_win_w10_n064_d08,7d0e6df7306193eccac2379b904aa5b195dc933c2661e934c294371f71639feb,b491ca65f2854267bed2c5df452cb70101a882033614efee383813d510b1914c
r6-tune2-b5-rho0,r6-tune2-b5-rho0,alw_win_w10_n064_d10,e984c160a1f0ca95fcd4fa1cb6df75640fb6192d90e5c0dad7df20599f653769,6940af8d13f6f8ff964ddd41cf14c4b87141fc6ed5c59a03cc0a0bd4c2cafa98
r6-tune2-b5-rho0,r6-tune2-b5-rho0,alw_win_w10_n064_d12,434df8b01194b5277f988697251cfd6415e7848223a2a20f2671c9d778bcf520,8209f7be8b5b21493eeef22434f941046402d67053c0c4aa52f18b0139e000d0
r6-tune2-b5-rho0,r6-tune2-b5-rho0,alw_win_w10_n064_d14,2953fd20c92ff0827d1f682bfab1df070f60bf03e4198588b85fa17ba66c8704,8417dbe167b88f12179ea5da1f08661560731ad59ca2621ea975e9722693be97
r6-tune2-b5-rho0,r6-tune2-b5-rho0,alw_win_w10_n064_d16,0fd47c2cc4d9a4ce334d75300f715e688a9f8c061039eec420e12ae2c1714e12,6a10130ab3c611ebafa85c256702686a4ffe983c311976e791789444221592e7
r6-tune2-b5-rho0,r6-tune2-b5-rho0,alw_win_w10_n064_d18,fbfee3cf2fb9c49a6004c0b9ea08bb3669c6539d6be38a9305bfb8997de0d7ad,8d0525fcb1e58933fae7cb99df7386747ae261d52e282b89ae39ef5fa54bab5e
r6-tune2-b5-rho0,r6-tune2-b5-rho0,alw_win_w10_n064_d20,e2fdf5f01d255ff943e5dc7e7ad3c6ff66796f37e784486bb14a6fbee6673d9b,75620f5307dd27954a9f9c7111c345fb0ff01ee96bdf2a5cf9dbee4b20cecd0c
r6-tune2-b5-rho0,r6-tune2-b5-rho0,alw_win_w10_n064_d25,8e8d055e6238817a9b5913bd7a5810c179f641a206490a5317ca28e57ae1fdef,85febc7ef1456042533628b65a1a669c217cadc881392e18246bd6b0ed3b2260
r6-tune2-b5-rho0,r6-tune2-b5-rho0,alw_win_w10_n064_d30,8d7df8320ae6a5952ac3cd74844f20d89afb5f9f90989f759c8a94bc3202a728,3540e178b41177c660dc304b676a4498400b91e0cfd25592c6c7ab636c322c4e
r6-tune2-b5-rho0,r6-tune2-b5-rho0,alw_win_w10_n128_d00,c4241ad330dc016493063095bd351d1ee3113afef0f219897804ae77fd7d7bcc,c5ee24321d4ef5eb6e4272a78f4627c4cc3df4c7d2e3ce00db847aaf3e6b81ef
r6-tune2-b5-rho0,r6-tune2-b5-rho0,alw_win_w10_n128_d02,0d599125337ab6d03f79336d4cd73497ec413646324821277b6405cc099ee09f,42ea812adce11ca6da44a3472e2bf0affa7381972dcc6ed771ef4caee86e8532
r6-tune2-b5-rho0,r6-tune2-b5-rho0,alw_win_w10_n128_d04,3609c72634f261dc6947ecb102b61e3f379a8fc509ecc93a11613eb8cf54da12,610a747155cdbf06bd82f2c7a62b6cd2f2ae4631bb6f12e31b499316a2c68432
r6-tune2-b5-rho0,r6-tune2-b5-rho0,alw_win_w10_n128_d06,a0da9297e22dd2fe37d3f94e5ae20e0e7164f6ba14c02dbb526e6a7d9e39c732,6d5a9ce354df46072d4b61eeb733bfa41fe05d462a5e9d16a136d7790665a04f
r6-tune2-b5-rho0,r6-tune2-b5-rho0,alw_win_w10_n128_d08,d41953969aec4e28d57f5f092c11f0835c3ce3b1f25bda5d6a54d5e9a0a5adcd,c1fd6bb75ff08ebfae2c43a094e2742b0ad35d2d7671ccd6c25d5e8ca518beef
r6-tune2-b5-rho0,r6-tune2-b5-rho0,alw_win_w10_n128_d10,d8718c5a02789b4778beec4d130b86918837a91206bdb4bb00225db7b7bdce7d,477796c1a137cffc424cc1882d8e50c8559c109e43c554e7b0749dccaf8c0cfa
r6-tune2-b5-rho0,r6-tune2-b5-rho0,alw_win_w10_n128_d12,1d590bc62af4a1d2254a4092c04909d66aaf8eeb264efaf9d908fc2a8d08d49d,ed0f7d442bb9eada3eeb37f6b49de31d8fe1af2b173381cf5ba92aac96f2f13d
r6-tune2-b5-rho0,r6-tune2-b5-rho0,alw_win_w10_n128_d14,410c6075ccb3b6c37fca3201c179372cfcdebff6949389081694bb822c855dca,dae26c730e6deeac2464ea02fd6698dafcd0e2f8303364c653427ff1ba21f2f6
r6-tune2-b5-rho0,r6-tune2-b5-rho0,alw_win_w10_n128_d16,26bcd5e3216314970938d003e26808e8cd0dfeee72e98c9bfce082db817b2fa4,10a900756a9688fdf73eab76124c632757964a1ebab18d575764716ed0add373
r6-tune2-b5-rho0,r6-tune2-b5-rho0,alw_win_w10_n128_d18,7dccda1114a8e95e5dfaef6a3ac9229bf4b78301fe276f0bb02ed90b4f0cb726,a3ad7f572b819b1f35233cd909f5541e3c93a7e76a26774c5b7f121cc898dafc
r6-tune2-b5-rho0,r6-tune2-b5-rho0,alw_win_w10_n128_d20,d2bc103828d404fa27fda2813aed4932e179712cef29b65314d49769703f1d73,3b0e40f31d026f803dbc5077d75372c1ef227e654e1e6a5ae35f244d2e85c1ed
r6-tune2-b5-rho0,r6-tune2-b5-rho0,alw_win_w10_n128_d25,ec3bebd9061ab2741b7a63081ff6f7aabc04370d31669c5770b6d3f7a44c3f01,dd73296707d5a5d3f91a5003c2a08e15dd129539040e7305ff0b9a54fc1c8d21
r6-tune2-b5-rho0,r6-tune2-b5-rho0,alw_win_w10_n128_d30,223c0373154873362201e715d4739d9f1db863049a52e7922cbd410e8aa5a4d0,6041e3d2e8a0df3019c16b84b1d48479ad5ee24d52a9f8bf41a16206820209cc
r6-tune2-b5-rho0,r6-tune2-b5-rho0,alw_win_w20_n064_d00,b201d9e25c893689ac47c41fa19f5cbb590fa5ddc5e8d315722fabea94b446ed,df4396f6ec7a5eb3a98835046bd7252739dfd59df8da132c5f1d8508a3d0816a
r6-tune2-b5-rho0,r6-tune2-b5-rho0,alw_win_w20_n064_d02,fb1f44ccbbd5d0258a542ba5389264dae449af68f91e2fd3bf7950ab76af25fc,e90ee7c79ea984353d347af8f877b7389773b43983ad8a7d5341931d4e0e64ba
r6-tune2-b5-rho0,r6-tune2-b5-rho0,alw_win_w20_n064_d04,2bfffae88b3af37ab066a89f14d522fea945389f16ffbb6be4fe42ab19c15c40,69aa4cabf7edfdbe5f5b6b12f7f5d73cf95ad36f5a02b7541049c4e73d723fc7
r6-tune2-b5-rho0,r6-tune2-b5-rho0,alw_win_w20_n064_d06,48b3f5a1ec21ab2dbfa1e5cd536fab9e5cd1d724917832c9c5a9a586b997df8e,038dea2e813b9152ced751ec9b39229cda210282c7b60b5f32f3c020abf6e17d
r6-tune2-b5-rho0,r6-tune2-b5-rho0,alw_win_w20_n064_d08,95cd7bdc3905930d103621cd218e053e8943898cd72ab300b9838cb704840717,ada52cdcbbfbabb25e23580c286ca67bce26195eacde7ea7cb263f0f8bb4164e
r6-tune2-b5-rho0,r6-tune2-b5-rho0,alw_win_w20_n064_d10,8aad7f52d04ddbf6c126f64ce141aaedfbd4227b93797df1c0df1559d67a2bac,70de3396af68c0786473f24e58078a03f74599215c091cd339a0834b64da8328
r6-tune2-b5-rho0,r6-tune2-b5-rho0,alw_win_w20_n064_d12,c5401e8043eded230fbea63cc53e66bf90118fae0aac70d03ceb2b6eb95b87f7,b2725613f6bb4aa26afd8a4b820e987df517aa273bc894baf87e0d2a731a029d
r6-tune2-b5-rho0,r6-tune2-b5-rho0,alw_win_w20_n064_d14,dd027c730a3f6e162b2a3612d6679207d52999110f4f544c02e515e6417b4e72,04fba38a945c2005cfce9f8a8976b4584b756f8ca367fdbde56241c46709c430
r6-tune2-b5-rho0,r6-tune2-b5-rho0,alw_win_w20_n064_d16,41d5547c0509c270d09891faefb93b4a3fb62f3a1984561763f246bc747c1a14,3b106565177bc2a4576f471378a597af6ac3a405c21fa3e3d2564a1acbaf13cb
r6-tune2-b5-rho0,r6-tune2-b5-rho0,alw_win_w20_n064_d18,0419a40a96e0dae30ab83dea432fbfa5e7d40b7b973fcb9ac9fe029fbb29c1e5,16c4415eeef7d24a2da3240078caf250d56af7afe6a0beeaa4d1949554b790fe
r6-tune2-b5-rho0,r6-tune2-b5-rho0,alw_win_w20_n064_d20,0e2c3695a051288a866d86716b20332acd67adbc8d9ea58505196806e2f039ef,a94f22cb0f38392022831a2773fa553f2e5a482231df8aeafabcace1d9c08770
r6-tune2-b5-rho0,r6-tune2-b5-rho0,alw_win_w20_n064_d25,6a1d1f6ae5cee62db5ac102bb678453a0d7cc539071bb57af510268df6e675dd,941f9d3be19465c7e4eb510bd2fc22156c64f93e6b08847dfe83d015707959bb
r6-tune2-b5-rho0,r6-tune2-b5-rho0,alw_win_w20_n064_d30,741c43edd30f88b7a1142dd3ab3d342e9e2dfdf74998ec0f9496a369383dc94b,09b4278bf1e239ca739daa8d6492a6db7cf2080c516fcc55220362411d8d4674
r6-tune2-b5-rho0,r6-tune2-b5-rho0,alw_win_w20_n128_d00,df1189e85f589bf61151ecd415d50e9615bed3bffc125aab4c3e95392ac514b2,e8b813cb2e470f7316928ac34857c65ecbe7007d5dcaaf6f7f64c752b356b1a5
r6-tune2-b5-rho0,r6-tune2-b5-rho0,alw_win_w20_n128_d02,553a86f80f7ac24472808df7566607e8ec6fc9795ff7f4925f9eef9b33df7ed8,74e6119ac22717b2d5df494e89150d5d690d3134f69da178b2fd18a4b6512a2b
r6-tune2-b5-rho0,r6-tune2-b5-rho0,alw_win_w20_n128_d04,267280317721df27eb4728135fdf9483ec4de6375c8d0a6c00ec8d1f9ae6c9f0,094399288bef0e71d2962fbfe575cf6b1e9c35056a6fb1c9615204bdf4dd0ce0
r6-tune2-b5-rho0,r6-tune2-b5-rho0,alw_win_w20_n128_d06,025ef9c9736b62c6bc78c390dff65386332e0db297a5217e77802d1991cacd22,8e59a3a020b635921a088e586e747199aa38912c67da73c2f77c92e3ebc4cb08
r6-tune2-b5-rho0,r6-tune2-b5-rho0,alw_win_w20_n128_d08,a9dc406d077aa2c6dfbaca07ba46fa72f8900d60f2187209d418bf84692a7c29,2eab4e879227f66034de6249d02736c551d7c6c7ca66211a0361de530d3dee14
r6-tune2-b5-rho0,r6-tune2-b5-rho0,alw_win_w20_n128_d10,dd63eaf6e4d1a2e8d1c62f438a8c522b610d9323bc0fb0d38c1d44fd788db4e6,92773b9d146ddbf0f15d209026ee7a6e35e41bee38458f323aa27d34d016c9f7
r6-tune2-b5-rho0,r6-tune2-b5-rho0,alw_win_w20_n128_d12,22de6e36eb166fa15a0ad5a9792809e18a13e2afad484b75a7859451224909c9,93a7e7268c1f1c5fd659752890cfc7125b1c6ae6c27abc95efefa8e9eaeb73e6
r6-tune2-b5-rho0,r6-tune2-b5-rho0,alw_win_w20_n128_d14,4f1fdd7195785822afdaf4b81d2558f3e83ed01cc44465dd92c61dd21596cd32,a290d14ba4992c73821847d87496d82fd158dabe37b8c2171f930c4d206f66a0
r6-tune2-b5-rho0,r6-tune2-b5-rho0,alw_win_w20_n128_d16,025826076ba61fc3495ac1e8dca4459f1d9cd69aa78b1ea00d244c5bb10c5acf,62239d4acf27abe720dd47b8d30a4fed2b4f12d2f38d4808247cb6b58ea8c72c
r6-tune2-b5-rho0,r6-tune2-b5-rho0,alw_win_w20_n128_d18,42239423721e189421687c4a9c6ea50874d4345909c8b9295ca50607e1cbbe5a,2f5003d81aec450f158070e797bfd81c16996e30b9188cc0970687c96f8d5e7e
r6-tune2-b5-rho0,r6-tune2-b5-rho0,alw_win_w20_n128_d20,4cc9649090f27e9a5ee0f9d7b81fde0ec9f973d48071cfad7bd1eb792feff20a,d977673fbd2f295909fdabe8b7c97a1a493a4d6cec06da7f4de35e8ebfdb609a
r6-tune2-b5-rho0,r6-tune2-b5-rho0,alw_win_w20_n128_d25,36d2080510f2aac88f2ee8f8a93e8d4edc14e258b1ca9a0f6c3390c2df0b9f9b,ae25549ed318d187f076c51d4ac96f68618d359f16f985faf2a646ba79d7d5ea
r6-tune2-b5-rho0,r6-tune2-b5-rho0,alw_win_w20_n128_d30,09fed40b6965fd2630f47df3871e3f7e6c78702f783c188f6286ed2e078cbba2,3247d6953e54e59024aaab5cd311bdf7955a00c472d93a703bdc836d17243e49
r6-tune2-b5-rho0,r6-tune2-b5-rho0,alw_win_w20_n256_d00,c048d0acf50f77afcf3d09853fa7427c7a8caf54424d4b1c4efa71a7d60ecef9,87bc296bb34651e6e3a2050fb0b3ff39f754bbdb2104d94688385ebae2783f99
r6-tune2-b5-rho0,r6-tune2-b5-rho0,alw_win_w20_n256_d02,771a458d25f5b95224b2f64473aa61c2d0ef4e68757e9e0f039e4403d10f2ccc,e75ce5699e62673a1249e6de10a574e851e9db4944e5b49ec08dff824fa892cf
r6-tune2-b5-rho0,r6-tune2-b5-rho0,alw_win_w20_n256_d04,85b41571b6cc30354c2f8efb6e9cff911e106dec7b704e5e1d337b0ac40f1ac0,19e962c981e3aeaa2ffc77f5beec85d874d45bcdc048105bb6b4c51f5cfb3514
r6-tune2-b5-rho0,r6-tune2-b5-rho0,alw_win_w20_n256_d06,ec9149db4b4e5f266aedcbca621164786f8d03ea2a6d219dcb84eca64dd67405,01d698f3a5687f203263f816dcc8bb33072ecc8bbe56e30d11485a9950abdbba
r6-tune2-b5-rho0,r6-tune2-b5-rho0,alw_win_w20_n256_d08,c806d2b780be965bd39b6d8e48a9b088c1defa67368fa30c7cea883efbf3acfb,9cf679a6dbe8944044043872bd39afa9844f51d6e64edd1d0a9fd9f8ec2035ae
r6-tune2-b5-rho0,r6-tune2-b5-rho0,alw_win_w20_n256_d10,a031b8ab6a72f8a1f1224903a6cfccb138c3382509f435a2d98e2c39914acf27,d27a3552230e54ab1b6fd2bb447b5bff043fc7c32ae11c18428b375e3ed3bc73
r6-tune2-b5-rho0,r6-tune2-b5-rho0,alw_win_w20_n256_d12,e43e9b7215495fb64aedabab15bd495cad0b650179b88853309ed3664d665199,cb1cd35a468e83a15643e88675497c8f37a9219624c23c4685c3e76c12c99240
r6-tune2-b5-rho0,r6-tune2-b5-rho0,alw_win_w20_n256_d14,80a2030a16eacaa3144e2d129f8d9470bdc8df47722c28452b23b8baed9ef1c1,8af30720d59a9c4ead82915d38be21166a8f1b3eee8fa1251ecdbb2712e62ef0
r6-tune2-b5-rho0,r6-tune2-b5-rho0,alw_win_w20_n256_d16,dd24adae75968bfd2f842943a362de7bee3310dd432413966dbd0785d1a51519,c5d8f3a5ff8743ae08cd61d53ae2a0429d62c9492e3230a23c919d1637b5d0d8
r6-tune2-b5-rho0,r6-tune2-b5-rho0,alw_win_w20_n256_d18,702111c9820b6749e759d543d6efe6c9e5567ee072f037ee504f05074923911b,bb73252018b3e9deebf7e9fd643ccd041b2a584b4950f5bbf872e1a9aff73f5c
r6-tune2-b5-rho0,r6-tune2-b5-rho0,alw_win_w20_n256_d20,2051b3fcf398db074daccc2c150d4d0459d02a80a32482cb3ca3eea0f73fc254,4b8ae1c20dcab2d2658233a73bcb7974d6ea85429a1bb575fa0741df1b22ad15
r6-tune2-b5-rho0,r6-tune2-b5-rho0,alw_win_w20_n256_d25,e85c4f92d81ddbdd98b18cb170c8d477f02fdb7613a1104747e95ddb18e6774f,21eec262b1045ddb378f183120e2b559b8eb33b23e90334726f5860d6cac6504
r6-tune2-b5-rho0,r6-tune2-b5-rho0,alw_win_w20_n256_d30,c7fbe9559396dfb8c9d5c9d68876d6a8bb1478f99e09c6c30d8bd3c2ae45e8bc,9290b464f098d68d7ac6038ddb96503d2ad5f5705fce5aa11ba401eabb258c5e
r6-tune2-b5-rho0,r6-tune2-b5-rho0,alw_win_w40_n128_d00,dcbb9eeb3ca722131a72e5df142adbdf9b5e439ac8a4a9150d8d2c167f729d9a,082e6ecdd76e0491b5f066cbf932f6cf99ff195af08d6266f9138bb3091d4a55
r6-tune2-b5-rho0,r6-tune2-b5-rho0,alw_win_w40_n128_d02,61c34c67e5a87d3166e665d0077ef51b3f4733e14a231239f2b63a3e30759888,a05d6d90844c3f5164cb7d33f76ad5c5377cb07420417d54c5f09314d9acd68e
r6-tune2-b5-rho0,r6-tune2-b5-rho0,alw_win_w40_n128_d04,cc15ad28ffcd5d4a113b98602ad758cbdf7ee48f8c915fc77c6cd5d60c7ddcc7,97899c5a0c5a768dfc9d63f53b0d2763dfaa637a8c7cf35bd8d690e82168565d
r6-tune2-b5-rho0,r6-tune2-b5-rho0,alw_win_w40_n128_d06,f5e2f7b0c670f0f9cdf8d4e1f02a9dbfd728253a95862ef47653f5bcc77c990c,f7a9122ecf137df8973854da406f800a105d6ac37cf54bf830d4f9dcead84f2e
r6-tune2-b5-rho0,r6-tune2-b5-rho0,alw_win_w40_n128_d08,a056b08515ab7b2c4140ddb0000b93ce505d726b377a44005b9147b12d8ee1da,49ec46f28021f63092c389e4ea9009fc2cb9349658c41730489bd3783f03e9d2
r6-tune2-b5-rho0,r6-tune2-b5-rho0,alw_win_w40_n128_d10,04beded4fcc9be5df63935bc16e2f0ed57d590b546ff1ed395ac2aee55dfbcb4,0f513fbc179415bb351338c3e708924322e30c0fffe79066c812776fa121a23a
r6-tune2-b5-rho0,r6-tune2-b5-rho0,alw_win_w40_n128_d12,698d53a6b6cb62cd99339e6da0465171ac8d22e684a4a0fd21044071d8147c24,5f2375130d740bb404495206d5aae30c8ee8f7f72585e247a12ff906a0a27953
r6-tune2-b5-rho0,r6-tune2-b5-rho0,alw_win_w40_n128_d14,910b357a89babcf98edeeeff882b8be171fd5fdd4d87bdad432aa3904d1bd07c,45c4a929728278abf0a73050c9089dbade91b394483b3d85b186c121f612a2b4
r6-tune2-b5-rho0,r6-tune2-b5-rho0,alw_win_w40_n128_d16,601d9cc4c7c60b5bca0c8d9249a2b0749ada43e6b54e1f0b3c0ad0d457ac561e,a77ca4dca048a127c787a6666f2811bc401df5671ac1dacf98f8db7c266545c0
r6-tune2-b5-rho0,r6-tune2-b5-rho0,alw_win_w40_n128_d18,2b58aa8f33e853ecc67f2ad4cb131e8622a25445e7f5ad5c7aabc5076f7fab9f,66800d6a195b1b51416d17922fc09d9f7e5fa62a03333a81aa7de17ead6cfc0b
r6-tune2-b5-rho0,r6-tune2-b5-rho0,alw_win_w40_n128_d20,fa2fe872008d8cb128cbd9734d1448617f6115ba078ec61ef375895896891cae,8ed5e465159d3e48ec72a52367511cafa643d1678b486b9505e0ba81c68d50a7
r6-tune2-b5-rho0,r6-tune2-b5-rho0,alw_win_w40_n128_d25,a91905fbe1c4904ef8b534eb60ecc9eb6fc56be378cc426a085026337cadec5d,678a590b4cb50e2e2175302714da1f4d0bb9c6f376d2ceba10a85b6ada83da70
r6-tune2-b5-rho0,r6-tune2-b5-rho0,alw_win_w40_n128_d30,9e61c2df73b1352d9f97f25a5a9d8514abb9092fa64c1a0003f27b0ecb0ae42c,4d75eab6c4390834b5224df4d77eb4249d73d659f0e63865497c64d0130b6ab1
r6-tune2-b5-rho0,r6-tune2-b5-rho0,alw_win_w40_n256_d00,49cc211be2bae6a1753c74ddd668ff392166bc809e72f4335a4941ba663ce7b5,734a9864bc599ba63ecba0e8dd9bd0d68970509228bbc025fd22c7252a87fac6
r6-tune2-b5-rho0,r6-tune2-b5-rho0,alw_win_w40_n256_d02,c02a994fb7ccf43659473bd2e97349b73c943cc66b7fbcf8ede92fed860bbcf6,c4092ac5ce77fc6336e4dd6771c9e6a21a8095107034004b72fe15514706e091
r6-tune2-b5-rho0,r6-tune2-b5-rho0,alw_win_w40_n256_d04,ead3d88eba93df085cb2764182f3e881a98d2d1339857fcb7c87b0d43d57104b,78053107e06e6543e4c4cf72d5ca5d91577984026421812b12e40946c16a9f47
r6-tune2-b5-rho0,r6-tune2-b5-rho0,alw_win_w40_n256_d06,a7df8e25193f7fea3ab1f1ff5543ef133e2bdc383a09eac6bcf775cf87619d4f,d30c0ae63e79631cc9f828d4930658cbc0668c8337847978a18d0f0dd39d56e7
r6-tune2-b5-rho0,r6-tune2-b5-rho0,alw_win_w40_n256_d08,f86c0d53678941d22f4fcb627ed62904fee79f862ccde7b29a7180e22e19ffc6,d58cf5c85e1003bd127e5ad609e6e7db12f75091065afa4f7113c27aae83bcb2
r6-tune2-b5-rho0,r6-tune2-b5-rho0,alw_win_w40_n256_d10,9dd3abf301a6d36695b0dcb8518987e21204b7ebc471aae623dd21a6385c9faa,35ff512731c437a11de2aa378c33bc01bac76ad5305a6cc0f249dbb20d1458db
r6-tune2-b5-rho0,r6-tune2-b5-rho0,alw_win_w40_n256_d12,916e4135b68c502d3d797ed3292b13e4e6177bb493284b4216b718b35f248462,4812986bb21ece04909323d8ff98a2bf34eda620a3537b0c928ce6489b0b190a
r6-tune2-b5-rho0,r6-tune2-b5-rho0,alw_win_w40_n256_d14,434237a8d7a1616b0a6ded379079fd60dadc35d664d46d0ff1c73f3f0c60d3fb,edd9783b824dd52c522b374c0b4eb8162210599cae52cbf37ccd69caf9c841f3
r6-tune2-b5-rho0,r6-tune2-b5-rho0,alw_win_w40_n256_d16,f0e43b4939bb58b0a4f036b83fe23b571ef610660651abf4014585550845e80a,97250d0c38cc163b3eb26065812508808aaf72c9c64e76e7b10ac3dce3acee2b
r6-tune2-b5-rho0,r6-tune2-b5-rho0,alw_win_w40_n256_d18,d304727b9f912365b70f609a23129cdcd7eea26b04620872d8b397dd2696c4bb,f0a18099f2d56f4cb7f83e5eb49ba05e043cc3ccb0250418166bff979071ab35
r6-tune2-b5-rho0,r6-tune2-b5-rho0,alw_win_w40_n256_d20,605aea323c384cff78632008afadae53bae54c8ce8bbf395c0b4d4267e85c602,483b6ae804c82b6b422e8d7099dde3c26f4b4111829f7c335990fa64c8d0fc8a
r6-tune2-b5-rho0,r6-tune2-b5-rho0,alw_win_w40_n256_d25,08fb8d8697dfc6377b8040b523374e4ae6ef2cfa618cdeb3939197fa443885a9,83583489671e6b7cf8d3f2a7512584a17cc558da958cfd5f75fb1e7ed3e1afdd
r6-tune2-b5-rho0,r6-tune2-b5-rho0,alw_win_w40_n256_d30,f70bd30318406d70279d5a21bd22f693b4a2c09adc3654bd57b4ea4ca6f4b0ad,122251325e5220127d9d6b9715a381daada88ee1020f9bc50183ea14480f961d
r6-tune2-b5-rho0,r6-tune2-b5-rho0,alw_win_w40_n512_d00,869630d2cfdb8ef5b3763b80b1fcd4d3c51437dfb3a0fc052e5caed7161e3776,78e292d7569e5d6cb6f31a575d81153fff9c55943c57b2f221c36f1a9e0b1361
r6-tune2-b5-rho0,r6-tune2-b5-rho0,alw_win_w40_n512_d02,f90011b5332a135bb36484f752fba1580422f75751c5508605c45efd5b84b08f,b659ccc7ac7f347edaba5cd100b49187e1fdd67bf3c4b19af6498e1156bd6347
r6-tune2-b5-rho0,r6-tune2-b5-rho0,alw_win_w40_n512_d04,484158a9251736ce8fb61f50ce94374fce3dd0d48ccc3458a3b7c5df7fd5614b,a94ffb6c5be214d88baf62e16c2fe731ba02ffb11493b0becec6c20e1a1d51e8
r6-tune2-b5-rho0,r6-tune2-b5-rho0,alw_win_w40_n512_d06,f98ad333f860666e6ac4d3fb30a252617f34038740435039fad75c9032ecc64c,3e9e49033672cb46ba9fe392ecd581b8e34a902fba34043c2ce335bff371dea4
r6-tune2-b5-rho0,r6-tune2-b5-rho0,alw_win_w40_n512_d08,81a1ed05c6fd3b3af86e553faafe89e6da50e64c42707357736194e809b71956,2d3950eacb5eec5ad17eb03e82cec09b385feb98914ed27d39e641dec15f276c
r6-tune2-b5-rho0,r6-tune2-b5-rho0,alw_win_w40_n512_d10,3e9eecc7630e7ad4d4559451812c65f562bc79e52336bbaecd378a1bab2f3956,0fc1a67df2de4fd047365c44dbd9ce467ac82994b33aaa23a4aa5377ae8e298c
r6-tune2-b5-rho0,r6-tune2-b5-rho0,alw_win_w40_n512_d12,01f949da5c975672daa6638402574f8098f9b1ae0af65fbe302e00da64ef8ce9,834ec53e6c912cb1007764da50cd06560937cf73754fc48d251b813ea11497ec
r6-tune2-b5-rho0,r6-tune2-b5-rho0,alw_win_w40_n512_d14,150341dcc99a25d293a1b21c2f1789570823733968fd9614e3b7d42071ac3384,b405884fe504c192a2b58cf2602d27b6418bb63cbe32a36aa6f2fe1622dab794
r6-tune2-b5-rho0,r6-tune2-b5-rho0,alw_win_w40_n512_d16,6b4f819d1a75150ac08cb329286368bb97141f25895b57f7ac3eca7a9424bb9b,9449ec2af73a501980762b0e595c78266579198e7d5b93e137794e541e7067bf
r6-tune2-b5-rho0,r6-tune2-b5-rho0,alw_win_w40_n512_d18,5603847f1188627a9b993f8ab405b508fe584d4a7e721c1e0506db5b56318912,8847c5b3a70c06660e772995d8aa8ebf1398b1e0c26d17f72b7ba1c9d84c1447
r6-tune2-b5-rho0,r6-tune2-b5-rho0,alw_win_w40_n512_d20,ddbd783dca10abbd8f38f8af12cc42aaeffbb16e3c012f61f14d1956a5d589f6,ed3be33854d45282e32be16813086c9725811d24b0f68a550e6c01787d16bc7a
r6-tune2-b5-rho0,r6-tune2-b5-rho0,alw_win_w40_n512_d25,0e0fa290117e120d1e4565ea65e0c3a8d7a2636282c848d2e270bb1bad2419db,0057f7c5ff235505db700c1e46171a9b5ecdfeb62334c2bfe792b96e5506dd11
r6-tune2-b5-rho0,r6-tune2-b5-rho0,alw_win_w40_n512_d30,05b417b708585ccd4e2c30a3bfc5382abe0ecc6c69cef56fddd1e0ad4f33d5f1,b4ed026ba23939c4c950834ab9097e358b2ecea75d7ec3287570020043a02f7c
r6-tune2-b5-rho0.7,r6-tune2-b5-rho0.7,alw_coc_d00250_n064_d00,8fd3dd1ac8d7296dd9065148123e27a5cf4cef3665eba828f23357f59e05cc28,f08c80549d253d631af4c827da6ca2b3aca9740654554a085d0e4af0b3ff94ce
r6-tune2-b5-rho0.7,r6-tune2-b5-rho0.7,alw_coc_d00250_n064_d02,55f9e06f7d3d9d535379a4e5e6d09ad812719816a34d59d6d27fbd00466f3b41,8203dd4a468f1f34d2be48e9a5ffe0c4faff473e5983b64bb9fd7201c8624c18
r6-tune2-b5-rho0.7,r6-tune2-b5-rho0.7,alw_coc_d00250_n064_d04,97cc2a2cb58b4b0b072ff18a96515af96028e668fd59c2e90da9db18d02dcc4f,83724ada89e1f5f427b6e8ba05f679fb37a7942d1870cb8aecf0f918c3cb0755
r6-tune2-b5-rho0.7,r6-tune2-b5-rho0.7,alw_coc_d00250_n064_d06,79ed95881ac70cc2aa964473f52faea34b3e078a882674b48506dd966c54a9a1,75891f2c375afd316a5d93add9d87fe86c1158559b39583eedff3a1024da5613
r6-tune2-b5-rho0.7,r6-tune2-b5-rho0.7,alw_coc_d00250_n064_d08,6d43fb66e0df225a0636550b98da453cc5c06b965038da9cad89a3ca3e203c15,547cfe2e0f7955b9f5cef2a92e8628313089975ae06d337dcf03f7750d609324
r6-tune2-b5-rho0.7,r6-tune2-b5-rho0.7,alw_coc_d00250_n064_d10,4e9b8faf2eb27217eb66585c21c8482d272a0edbbe7dbfaaa3ba4bab561487c6,094c5fab24059e29bd3bed864e444d1fb6be042a2fd7cb66f0d5906cdd87470a
r6-tune2-b5-rho0.7,r6-tune2-b5-rho0.7,alw_coc_d00250_n064_d12,9a592eeefa4bfa5994b0b3a86f83ce4b2865d51d15ee3484f75510ef51808e79,5e53bb42375a612eeb72c9fcc0bdd75e48f878288184e04b37fe21b18bb51378
r6-tune2-b5-rho0.7,r6-tune2-b5-rho0.7,alw_coc_d00250_n064_d14,ce459559dafa9fc95ea0ec15cb243212d5ff62cf2101045ff82f84fdd04f5564,17e438b60d982825d96d2b77f1c60351ba7191d315b2b74d5d79e2c0486bff1a
r6-tune2-b5-rho0.7,r6-tune2-b5-rho0.7,alw_coc_d00250_n064_d16,64e2a971f9535d5caf1b1b31298f96f12f25eaf17dac50a8750a4e366314a5ab,70651f6a865fa360ab406c0bea438505053a80a2592e598379de6da5dd5eddc1
r6-tune2-b5-rho0.7,r6-tune2-b5-rho0.7,alw_coc_d00250_n064_d18,891a430a8a5a91627947082110f9ae47b1ac78352632920f5b1ea11686b95a1d,172b76840a315f359102ae3006f9a3d6946892c9fd5f2b2747ad33860e4d5cc0
r6-tune2-b5-rho0.7,r6-tune2-b5-rho0.7,alw_coc_d00250_n064_d20,82f89a7ef3c77b0641e1b265906604d160afc5f14b8b88f0d54ba4dd30cb8d1e,04231af84edfc216bd56495d7dbdc5a626b6548b0e452dbc4da17bc00b7dfa54
r6-tune2-b5-rho0.7,r6-tune2-b5-rho0.7,alw_coc_d00250_n064_d25,8f96953fcbc35768f9e8d4c63eac9eb92889bcff16f1302876c6ab0933071891,55360402e5835f44da917ed1058bb6c5446bf54e095752aa2664b31b8a986b63
r6-tune2-b5-rho0.7,r6-tune2-b5-rho0.7,alw_coc_d00250_n064_d30,8fa34b744b1bf535c1461d1f65554648a212529091b1bc2e35b078a625059eb4,3d8e18d6c671124c58675174b1c45112d7770b0c934efb1c903669f57ac680dc
r6-tune2-b5-rho0.7,r6-tune2-b5-rho0.7,alw_coc_d00250_n128_d00,77b4ab021d4e24291b4ce719107798e87aa10d79294804af7095f74f066fcc38,9eb58ef68dc2d96dfe4cec7f7c636d2267d2e3e6a5ed6b7c751051deee8a68b0
r6-tune2-b5-rho0.7,r6-tune2-b5-rho0.7,alw_coc_d00250_n128_d02,89c1bdf3713a43880a10a6d106d8b031f55151bd01e133eb93b99479ba4412a9,35870e382317ea385ac1f770a8eabfb3b3c2cac80419fde39bd79822cc03d009
r6-tune2-b5-rho0.7,r6-tune2-b5-rho0.7,alw_coc_d00250_n128_d04,67b6948d1fb36aaa0df6c63dd485326fb53acef063db2a2e117c1845eab7cc22,f0ce5044c52536bf9e27cb07b32e1d945024d211162eb5208644120d69f948c6
r6-tune2-b5-rho0.7,r6-tune2-b5-rho0.7,alw_coc_d00250_n128_d06,c0b204f9fd2fca5aa0eb2ff30ac0cf921f19992070b8d6cf1e1b02ebee8990ff,07d9246fe17b615a0baebdbeda6c3d442b2ddaec4a950b0b72b126cb96ee93b7
r6-tune2-b5-rho0.7,r6-tune2-b5-rho0.7,alw_coc_d00250_n128_d08,bd874c1ac1d0214d89b4e930318568000f2eaa5e85839ef7f19f46a4ce11d8d6,7e894a145734ee8bc5387099d5a795d7aa914a3cbc8af671c1210e0839d64827
r6-tune2-b5-rho0.7,r6-tune2-b5-rho0.7,alw_coc_d00250_n128_d10,9d255b86c790d352693394512c443d5b8262ab1604478a8ac683921de5a18bcd,7ebdbfda446a98be27cac4bf69e61ca72876d2612662275a6d40b73827151ddd
r6-tune2-b5-rho0.7,r6-tune2-b5-rho0.7,alw_coc_d00250_n128_d12,e0529464eb9620be1bd970cd53d2681f5a052d934acb9affa246fe3e09b0f916,533fbe04a5f9b18e1f6b20cd85524d9c2f111a3941588cb598f448ecd52dcc82
r6-tune2-b5-rho0.7,r6-tune2-b5-rho0.7,alw_coc_d00250_n128_d14,8e8dae59158bc8d4b436b3669f63164afffa3cbdb5868af351f243cac2bab1d4,ab87f8e4457035552dc37cad95a6bcd737fe3538552872aeede0f3fa4ead5d1f
r6-tune2-b5-rho0.7,r6-tune2-b5-rho0.7,alw_coc_d00250_n128_d16,ecb393f96ecb1e5f94b9cad21bbcea8701e137e0164acb85d0de2b30cab0be46,abf734bd73aa8dcae8ab0e6b3340aec7e859ee09bed4fce07ad1928bc66709b9
r6-tune2-b5-rho0.7,r6-tune2-b5-rho0.7,alw_coc_d00250_n128_d18,cae7c1ad8e6ee5c745119aa9d07dc1014757ca29a2c1e7c12096bfe9651d4af1,953a09c94c958bb5d44677897ad38df72f8303cab77cc1c49e3107be38bc834d
r6-tune2-b5-rho0.7,r6-tune2-b5-rho0.7,alw_coc_d00250_n128_d20,9706ecaa7ad23f6edff7076575300faccd4c58357489cf7c207fc8423e6300fc,fbd292ebbf59c1277671f0fc64387ed5cfbdb03696409e101f9bf0d19b59f0ad
r6-tune2-b5-rho0.7,r6-tune2-b5-rho0.7,alw_coc_d00250_n128_d25,0e2673d5d2e411b2e27cab47f5a5dbde6b40e0dfdcaa82cdbdf414cad7f37840,c339409d78658380ccd3e148c4d2ee3aa01346663446ec194b8ac60380eb03cd
r6-tune2-b5-rho0.7,r6-tune2-b5-rho0.7,alw_coc_d00250_n128_d30,ab7802210b16e9a844533d5f4ecbf51b41ecb68131fab05a0fce9c707ed9b03e,ffaf72edd4adbe60ab659450e0af756ee3dbebfc68497173e93b1f143a8eb27c
r6-tune2-b5-rho0.7,r6-tune2-b5-rho0.7,alw_coc_d00250_n256_d00,7d143fc6377bddaefc6d0fc342b2cf6f59459d68f2246928b51a7a5371ab364c,e3f4aa016af9ce63b86b73e02c9e656a7b327f99578e97a6231aaa3ec01547ec
r6-tune2-b5-rho0.7,r6-tune2-b5-rho0.7,alw_coc_d00250_n256_d02,f48b87238feed2bcb630206c984811c27ebb56a5eb8df2976012d779eca7fcea,4901f4b39a97059709c64e04e21e229e8f8e5218ea4e2cc33c31f749359801c5
r6-tune2-b5-rho0.7,r6-tune2-b5-rho0.7,alw_coc_d00250_n256_d04,68c0ad9d4fb8e22e517cf3f15f642ad0e9e9b3444cdcd58e1949837901d48afc,7b5b2e5fa8b9815d181b4433bf09e497cb3508b00358ff3e1498be112dbf5123
r6-tune2-b5-rho0.7,r6-tune2-b5-rho0.7,alw_coc_d00250_n256_d06,6ba31df176ed63563d79a1b5a16a07e07850dbcadb25d847abf25ce6e01d388c,582af3d2319700e19a90d98f3b7b4d8cdbd51913cd06326a9739f0cb134d8f3b
r6-tune2-b5-rho0.7,r6-tune2-b5-rho0.7,alw_coc_d00250_n256_d08,b92fb28ef263eee22f9854499f7ab754d8335773854481e122aa389fdfef959b,1644e3c8c606229153dfa7901eaf4814ace44046d23813a4c70443adb16859e1
r6-tune2-b5-rho0.7,r6-tune2-b5-rho0.7,alw_coc_d00250_n256_d10,573a0ade50dcd7e53192b30bd3b8d8e0578988283884d47c6ee6827676623f79,fec343b4c7fa5b2db5ab94e420d96c4d962379df44290130f75c9a95b8b0273f
r6-tune2-b5-rho0.7,r6-tune2-b5-rho0.7,alw_coc_d00250_n256_d12,ebe34dc240148fd307aa0f8e316094a7e6b59684d1e6fb647dc5f6279d62749d,b952e5a00035e863b193efdcde8892b878b679f7ea594574f05a4617192212da
r6-tune2-b5-rho0.7,r6-tune2-b5-rho0.7,alw_coc_d00250_n256_d14,e4609e2d407b16ed1e0bfacba0f056e2e7f6926a2230adca3a3c89157ddc222a,897051413b2f7918ea688e30eda624e7bbeca65d73fc5745bbd1f2d7ed1fcd4c
r6-tune2-b5-rho0.7,r6-tune2-b5-rho0.7,alw_coc_d00250_n256_d16,47bd3feb88ad60291e33d0b6cf3d56527a2f0a5eb085910713c0c10adf186b17,398c1b68d98462203f6462cc2d8ced7ff165cf15835c7cec9f1df834adb80959
r6-tune2-b5-rho0.7,r6-tune2-b5-rho0.7,alw_coc_d00250_n256_d18,b9130f7c3728396e659ba72166eb1dd579bb06efe8d87b66161517771000481d,4a2489a1927253dc19136ed082c937eb2fd4e34cc9088e1b9aeb3c32c981f63d
r6-tune2-b5-rho0.7,r6-tune2-b5-rho0.7,alw_coc_d00250_n256_d20,e4725f07f3cce99204a16820423a17971a169035e53f72dda11c87f5f98363aa,322a31485032b96287671d5880c986b31177e7b6d3a93af95657a32421333f54
r6-tune2-b5-rho0.7,r6-tune2-b5-rho0.7,alw_coc_d00250_n256_d25,05ecb744334d86cc89d9774e05cf8f3ffce3b08ec7bdc36a3fdf003ac51a2a62,26a688e2381dda0b80d1aac443e8b082e35fa3892d3f3b7ebd3eff1f525394b1
r6-tune2-b5-rho0.7,r6-tune2-b5-rho0.7,alw_coc_d00250_n256_d30,fb16a86986ebc6e9b9fa9eaf7af1001f54a2a7362f2de538ed61fee7933a4117,598e30b96da501670b54725b08e61d619c497a03a2ec593d236ea6238821478a
r6-tune2-b5-rho0.7,r6-tune2-b5-rho0.7,alw_coc_d00500_n256_d00,5e1d94605c87a409b14539539a0c55a0d297ab7f1a3bdb065dd178a881e26fe3,c621cfc67378d6de5de3e7096ec244a8fbf45eac7018ba58344bbeee1fbcfa16
r6-tune2-b5-rho0.7,r6-tune2-b5-rho0.7,alw_coc_d00500_n256_d02,3316c500a97263d1b0eb1fcc9f531d3d45a08141678681c13985aa9db8431e2e,a9265dd2f6f5ed9a2a52e6cfa20616960f3b2b4f28f968c0d5d3ae07f5d318ae
r6-tune2-b5-rho0.7,r6-tune2-b5-rho0.7,alw_coc_d00500_n256_d04,9210f35dbae50a7ab2a1387f668583c84d6060b508ce6fae964890b1d5373445,b646f5cf4a7202ea06b4ade3cbac1de7a9eedde491e75ade69d6589b4c425c43
r6-tune2-b5-rho0.7,r6-tune2-b5-rho0.7,alw_coc_d00500_n256_d06,c4cd4ab86c99dc715a1a5aa0d4683e31377553a9e0da5842fb878b21962cbd12,cef8289235fd914b7ab04506b7049fa945f6dac7bed641c20e116b4a5db40e95
r6-tune2-b5-rho0.7,r6-tune2-b5-rho0.7,alw_coc_d00500_n256_d08,1e55e3e7f65a639379343fc4acc572bde6ab1050a3335be7a3424959b7a6f931,3da77a51aa716f490518b679ace610e3fb0d032db5fed713c78f34d3493e6f83
r6-tune2-b5-rho0.7,r6-tune2-b5-rho0.7,alw_coc_d00500_n256_d10,5a0fa349a39db1b41ab0a43eeaf4be71b98a751d581ceeb32efe8813b369d52b,8d6ddebf3941fe58810c0ac9dd98d6498c24997d860a2b405804236cdfc9ab2c
r6-tune2-b5-rho0.7,r6-tune2-b5-rho0.7,alw_coc_d00500_n256_d12,d263722abcf7466d55f8ee2d78a93b6eadd32d1654c65d042ef408eb58d2ef71,ec3720b355eed89451af100cd42c52c307bb00c9b13919e4add4df3227d40a5a
r6-tune2-b5-rho0.7,r6-tune2-b5-rho0.7,alw_coc_d00500_n256_d14,9794ac84f9072464ab00daeb663aa961d7385a248b5da0f38497853a783eda65,7354b1ff7e4cb3d48f68d60bf92ea7d1702cc56dc2ab3a90ac1f45b381469c9e
r6-tune2-b5-rho0.7,r6-tune2-b5-rho0.7,alw_coc_d00500_n256_d16,c2281c984989a51b0e67f08972c5ffd705a40f666be6c309145727dcc79233cb,7a8a9af4591359817c7e06ccc194b17fe478fe9fef5af5e09ae8228b0e728b24
r6-tune2-b5-rho0.7,r6-tune2-b5-rho0.7,alw_coc_d00500_n256_d18,8f158b059d950d415f048061940c506f4d4b530fa517ddcd4d269e85da2f0bc3,5ed53af452fd7a8d5b61b6a1af70f370968b47f7565a453fb59ae57257cbb29c
r6-tune2-b5-rho0.7,r6-tune2-b5-rho0.7,alw_coc_d00500_n256_d20,3556210e9bc000dbfa1b94949e2d1dbaabc2feb522d0addb6d1c58b2302b134a,1ae090b3c20c8f6d377cc5caa0eacecee5778bc6b60b9cb0172d9cec62b8a267
r6-tune2-b5-rho0.7,r6-tune2-b5-rho0.7,alw_coc_d00500_n256_d25,9b70c25968512993bb318319434a0da4d5c123fa138a699ba5371b86925f3876,af9942b1e3e475f931a9e9e2a1d45c7be60f71b7adea2be4f172eb8e4f266720
r6-tune2-b5-rho0.7,r6-tune2-b5-rho0.7,alw_coc_d00500_n256_d30,0c657b15a177190573b96eef99bd60ae07f63e9f37b0b482d8e3318cb89c9932,a26d664dc186e85b1db8d2e4281337b395b3df29bd6918147565643f2ef452ca
r6-tune2-b5-rho0.7,r6-tune2-b5-rho0.7,alw_coc_d01000_n128_d00,aaee60937ab4347dc2b49d28f63acff8dbf40d7016854111851e11190acbd178,8387ea36f559cf0baaa18eb171c1f5b09bf85176f8661cd7f90cd4271f8fb5de
r6-tune2-b5-rho0.7,r6-tune2-b5-rho0.7,alw_coc_d01000_n128_d02,83bf4cb98de8c030465f9d586145cf1bff612f5af3f09cf2f90cbd0d04240bc4,ba60525e5850a99cc6aa1bb0feb5fa8ccc47e36610ee1aa593acf418bb7dd4d4
r6-tune2-b5-rho0.7,r6-tune2-b5-rho0.7,alw_coc_d01000_n128_d04,f188b6498ca8a05624b1b0c15c3592fd995bf4b3430a90818c5a5c5b72e669e7,1c6aab3621f685460efcbf51d04102ffd88bf9cda500d8aa734e0908cae60e91
r6-tune2-b5-rho0.7,r6-tune2-b5-rho0.7,alw_coc_d01000_n128_d06,065cf110010ad7be41811ba93f7c3040a8749cf1a1e36805204952671555ad01,088eff2bba40cdfd8d35cd3a67318aeafdcfbb8e516fb8ba7d7ecfc0198759ef
r6-tune2-b5-rho0.7,r6-tune2-b5-rho0.7,alw_coc_d01000_n128_d08,87cc46b71848588222edede05016a5d19cf1ea8d969b6437ee680443b44acba6,977d54bd250bcb33a38454194299721a651a4c3338344954d28a195c3a423de3
r6-tune2-b5-rho0.7,r6-tune2-b5-rho0.7,alw_coc_d01000_n128_d10,f5f039e9a2816ba45c113632154eff3caeabc8970afacd5cc94ad1b6a0555bc5,5e1ddde8e422e88e5a4ba9aa6797cfea41ad9b160e6cfa5cc8f08199e84f6d6f
r6-tune2-b5-rho0.7,r6-tune2-b5-rho0.7,alw_coc_d01000_n128_d12,8b3882a8504f7dca51c899a6f61eec13d139c1c291d4ae52655ca6b433e80eb9,606a41f1266297f58ec4ad6d5b950b62e1396839d182c328a9f5c6f1088eb6e9
r6-tune2-b5-rho0.7,r6-tune2-b5-rho0.7,alw_coc_d01000_n128_d14,47b128a05d7ce000fd7c475450568f4259752749e403e82d94ae93c8a7c5f007,a48783885257ba4d62ae5c68e4dbbe48570450ddfcfe366a19b55f3ec3a29832
r6-tune2-b5-rho0.7,r6-tune2-b5-rho0.7,alw_coc_d01000_n128_d16,ece0d9341bb3d3f92490475d0abd4dc5b1d8ca1ff8f313f64062a70192e3bc6e,3c649dc646b36fe473e7083fe941dfb9fc63d8b7eb5508e4a2a50ef6ff07361f
r6-tune2-b5-rho0.7,r6-tune2-b5-rho0.7,alw_coc_d01000_n128_d18,94f063667785c1cfead2f03c0504c458b7c00810c69f2e48b811acfc1e255787,5e010f69da226227a201ab817946705545e84209571bed8d4872a57d92cefbcd
r6-tune2-b5-rho0.7,r6-tune2-b5-rho0.7,alw_coc_d01000_n128_d20,6033a13c320577278acefb9c8566e4fde6d5762551ffb99ea664d8598a361e3a,17dd75e3f7ad15bdc4227bcf57ea3c602a098b367a4107c24e77e9a807ddd63b
r6-tune2-b5-rho0.7,r6-tune2-b5-rho0.7,alw_coc_d01000_n128_d25,efcc6b29f003f64eaed17c8e3d5ba903c7f62fbd74bee405fa3c55b26cfa0b0f,1f9ca319f82c66fa043d954be01979b6858b6d1c4965839d2a215466b9bd14dc
r6-tune2-b5-rho0.7,r6-tune2-b5-rho0.7,alw_coc_d01000_n128_d30,66ad573f75a7a4b656ec3058cfe7429e571be63fddaa33903beb3f3b11f89384,141a39f4c0dd96ce4ea716191eb03a279bd2a3e199294c98b01d5e6bd02b8dc8
r6-tune2-b5-rho0.7,r6-tune2-b5-rho0.7,alw_coc_d01000_n256_d00,6ca84f9bff36fbdb81d5263316b0da1da4359d358dbf4a52edd7a4fb004a5f7b,db52641c34c79860b7981f2e8a0a92d0f5dd068fa4427334677c75255f314632
r6-tune2-b5-rho0.7,r6-tune2-b5-rho0.7,alw_coc_d01000_n256_d02,9996d21261f35d0cff1b6cee18b61dd1503a5ee1e5621503c088295f650daf4a,0ee18ec8325bee191fccd2893922b5155dca7666081748a47c58fc3a71944689
r6-tune2-b5-rho0.7,r6-tune2-b5-rho0.7,alw_coc_d01000_n256_d04,6549fbe832217703a2d254d22de276ac44e8029fdd1fc0d03a7d3eddc7e49d41,203ba6ce28d804c36b27a37fbff556d2b079934c02beee267e332211cb2b45b8
r6-tune2-b5-rho0.7,r6-tune2-b5-rho0.7,alw_coc_d01000_n256_d06,2d6b67a9239931851dacec02ce162dbbca5840048f9d486caa826076357ca329,236af2f686e8a3ef04b29e10d0dcdef2e43d626217038889051e9a9041c3a6e7
r6-tune2-b5-rho0.7,r6-tune2-b5-rho0.7,alw_coc_d01000_n256_d08,0b6bce205ba3a922db34146c3988729367f280994c7e8487ff42b1a10b6410b3,98d90c2176c9c3720fb970759e3d23f35948ffa1f0a0b00d23f7ea4740dc7ddd
r6-tune2-b5-rho0.7,r6-tune2-b5-rho0.7,alw_coc_d01000_n256_d10,6544598a128afb49312387ab260a085da923ae995d79e6a3646b4f83be2e5dff,090bac0ce6b8b28976e8058d1ccfd566743b4a1f318eaf99c74c1b1dc3a06caf
r6-tune2-b5-rho0.7,r6-tune2-b5-rho0.7,alw_coc_d01000_n256_d12,8ce5f2dd8126ee54a97832b036fee67021ab17cad029b196a7e8afd26aa8262e,215581d5b0a68c9db95fa1b106978ea6afa76721c8aeffdeb69cc26f67526f00
r6-tune2-b5-rho0.7,r6-tune2-b5-rho0.7,alw_coc_d01000_n256_d14,afc46b07f175635ce6407f090a97811c8610d2e8d03ab1c1de51404013d375ab,115ae2ac340d83b454da371608eb52e45d89d7e9f4a52c0eced4c50a37530a8a
r6-tune2-b5-rho0.7,r6-tune2-b5-rho0.7,alw_coc_d01000_n256_d16,efb07f09c529f80ba3982b1806fea344a43125fdaca25ae95b1f357161f1852c,5549b59a4e507e848f2fad78aae3d3bb7ae023a6085c0d1be946c5ad9a4c82c9
r6-tune2-b5-rho0.7,r6-tune2-b5-rho0.7,alw_coc_d01000_n256_d18,c09a788bfbae7f786ca135752514153196fe9c6015317bc359ddc6eccfe5d721,ba4a9b658f9f1c6f5743495fbc4a5b89eb12a6d4aac1e4093d7f4b54f804ead2
r6-tune2-b5-rho0.7,r6-tune2-b5-rho0.7,alw_coc_d01000_n256_d20,1d1fcc20316c2de884bf386c57f66535d7016d1de8e1ec0d2b97714cba11ccb6,7044794897b5300ba27a29b9cbf60be8d57f7458011a7f68c6ca89addd90b7f5
r6-tune2-b5-rho0.7,r6-tune2-b5-rho0.7,alw_coc_d01000_n256_d25,4710e791458ef1135369423bb8743d5adc15475f677ddb4cec1fcbb417c3e9e5,6e20b7c9759ff0031650b4ed8c6f9cec1580727b74bdfee72da99e038d0de2ab
r6-tune2-b5-rho0.7,r6-tune2-b5-rho0.7,alw_coc_d01000_n256_d30,6d41ec395532f96eaf6513d47df2a6803a9822901bdd990cffe08be48a74364a,870fb70a418e030014ea5d276a25f841fc3b80116b9c7848c5983156a4f31303
r6-tune2-b5-rho0.7,r6-tune2-b5-rho0.7,alw_coc_d02000_n128_d00,b552846d9d45daf269a0d22e4fed283566bbdb7894c9f34f74051516de7e31eb,f19510a6202fafce2eb27cb769985816576fa5a195821c161916968bc4375816
r6-tune2-b5-rho0.7,r6-tune2-b5-rho0.7,alw_coc_d02000_n128_d02,c52cef93a5469aaa71af254c69f0aedad66017a512f9b7d36a4b65be2ca7ced8,67aa9d1e55c4138688255be581b4b227b394d7857e27d678ab904ee8d5aa2702
r6-tune2-b5-rho0.7,r6-tune2-b5-rho0.7,alw_coc_d02000_n128_d04,56d074df3e2d1d491fe397893178baa404a0b09ae53bea2e0c80f19ae3246fed,56ef3f0ab82406ae1feb9bc2ef7fec703e2dcdbd6284a3768a19c3afd06e1042
r6-tune2-b5-rho0.7,r6-tune2-b5-rho0.7,alw_coc_d02000_n128_d06,7bc69e59a068653fe7b35b8162ba57fc672b9254150f069eef508ebce9794a86,9e8f6673df0c0119f2950e47a9695244963362ce7a46dd6488ec06b1b2ee20c0
r6-tune2-b5-rho0.7,r6-tune2-b5-rho0.7,alw_coc_d02000_n128_d08,499a00f2fa941f2676379970f256ee3723bc4eb0ba6f527da598cb0a38fc63be,662bef2bdc7db946fb59b6fd66cc05312b7858a3f6f52da38320f2dcc3e6e20e
r6-tune2-b5-rho0.7,r6-tune2-b5-rho0.7,alw_coc_d02000_n128_d10,cbecaee1cfaaf4998be97f0517805a858ad8d38cbcb3b50b44d4a962be965772,3db41e0b7d663ba2b4e0f1ead238ee9ce7b23df1b281a6e713002e84a7387f60
r6-tune2-b5-rho0.7,r6-tune2-b5-rho0.7,alw_coc_d02000_n128_d12,9db4418491d339fe15933ebcb51ea131ce147ab5db95a911e295e446a1b8e952,98b74c0af3ff6801d7f732c46515a923e19b3b3f0c89c481fb0d61915fee71e6
r6-tune2-b5-rho0.7,r6-tune2-b5-rho0.7,alw_coc_d02000_n128_d14,54641157b6bf03489ab9db21fbcf203b116d371e2fedcfb4fc017512a89fb48c,d9eaa52e27afb661da585e992196ba6b13e94b07803bf4279dfaa02c512b8ea2
r6-tune2-b5-rho0.7,r6-tune2-b5-rho0.7,alw_coc_d02000_n128_d16,8a26bc92c8b78bcfab9c86312d3d8682679b7560b8b841b2ef058e07c983713f,ea31fa6bc0038d5e2a2295611f174b32639768d5eec6dbc1e7ebc5baefcd22e1
r6-tune2-b5-rho0.7,r6-tune2-b5-rho0.7,alw_coc_d02000_n128_d18,0a0fc055387f4091884fc538cc26848d487c0b79b6ba10deff8d52dfafea9f43,fe01ece82ae1d578ad40631a8e694c0d8d9765565e8449d3afa7aa2c0c27cba1
r6-tune2-b5-rho0.7,r6-tune2-b5-rho0.7,alw_coc_d02000_n128_d20,58504d4365235fcde967746e7ff592390d2c9990d0c4a602552752ef7baf7219,2e7ce4f3e1f1b2702fa8a9f163968c9d1290652e81ef19ef63e412089f0051b1
r6-tune2-b5-rho0.7,r6-tune2-b5-rho0.7,alw_coc_d02000_n128_d25,de60e6ee8a19d1836f46ccfa68ddec93e82ae3979e89b7c675be1d3d2cb5d4a8,97595555310492d76afe5049bbc095231ba4aa1e0f379acb842313e780c6f5d7
r6-tune2-b5-rho0.7,r6-tune2-b5-rho0.7,alw_coc_d02000_n128_d30,524e4c31fa4908dfd7e9bab96d9065057c26859c81cf0f19dd79cbd316421e70,f2c157017d843188d2461a688f47ff39ffbfcb6f267a9ec355bfe39503097149
r6-tune2-b5-rho0.7,r6-tune2-b5-rho0.7,alw_coc_d02000_n256_d00,8281b867d8f4859f6fe9b3fad4f05ab01539461aa6aded64b847e6a1d9af8e7a,8d8ef2e3143f241b9046f9efac92fa7deeef7b5b505863243aa1789da76069bb
r6-tune2-b5-rho0.7,r6-tune2-b5-rho0.7,alw_coc_d02000_n256_d02,904341b65c8b7b3815cb41fd3c026584eab91e896f9a625c9c26cfceaafabe48,d1ab2ba435de55a0aede63e148bf77c85f27099817501d97e6f55bd73c6d1d6b
r6-tune2-b5-rho0.7,r6-tune2-b5-rho0.7,alw_coc_d02000_n256_d04,e6a3b0abf4f06c1ec86c169643900bff16b2cef9c81e9dcd1741b8d11c4e3545,6a538b18290152c7ab2ad4a11238d4973a45ff078de60294c963564a25db4d5b
r6-tune2-b5-rho0.7,r6-tune2-b5-rho0.7,alw_coc_d02000_n256_d06,f2ffac234ae994604c39684ed8efd5f8a228ef27e183d450f6e9f2e2a2ac0636,d44636b7086470ddf14ebd1423e5d66b6002ef9100394129baf62054d73be674
r6-tune2-b5-rho0.7,r6-tune2-b5-rho0.7,alw_coc_d02000_n256_d08,d50fd0fceaca58701f544bc5fa286bf14444236f8ef81216767df3e4255c37d3,9374108882e6a76671f81896fc9eef49827acfaf79aec354f021587009813f61
r6-tune2-b5-rho0.7,r6-tune2-b5-rho0.7,alw_coc_d02000_n256_d10,2eb1a623e22fcf5118582ac63495331d6a84dd9d51c3334c39e4a3edce4648e0,ce772f410524bea13cb97ab0ea6161234dd9c3705fb30b269014f55477799ed1
r6-tune2-b5-rho0.7,r6-tune2-b5-rho0.7,alw_coc_d02000_n256_d12,e474160488127671889e152876a016d5d0fa09e78bbf7a0fe32a392f10053499,3883d7703045d829d77a4578d5b38ee93d42329c4d1127e4e0b96a42257d98f3
r6-tune2-b5-rho0.7,r6-tune2-b5-rho0.7,alw_coc_d02000_n256_d14,01a55765223b59d44c98176f9f36b2b715df515d3954c52c387bd5b0c38c08d0,b2a4ab53951ab11f3e0575e07618a633c7a72e456dba07fff37a8c36d670434e
r6-tune2-b5-rho0.7,r6-tune2-b5-rho0.7,alw_coc_d02000_n256_d16,bbf579dfd96fee5719f601695988d6cfd870cf630d4ada25ce0d398adab494fc,8473e90c15ec98df697e8f5a1311800a4a9750b8a497ecc6f18ef97cf97a00eb
r6-tune2-b5-rho0.7,r6-tune2-b5-rho0.7,alw_coc_d02000_n256_d18,fc8a7d803585a160ac3142d11f50f1a883e2398a8e1cc814403d6a6ad6c87678,108e092367625e7ee924401efbdfa82d40155c189b53d8f3fec0c89cffefdda6
r6-tune2-b5-rho0.7,r6-tune2-b5-rho0.7,alw_coc_d02000_n256_d20,a208cc1015b85b568f07ce675a18798941576f04f14804cb646b801d4373ab07,41d1dabec102e538358b6cc3d0678d0a0defab0f40ddaec8f9b9ada7508e9252
r6-tune2-b5-rho0.7,r6-tune2-b5-rho0.7,alw_coc_d02000_n256_d25,1ce6e2a76ecdb5356d32c746c4dc34709a7c0ad785e7c5a64e15039e06010944,0b9bfc455fce7c7789c55b60870af87d950e5ae3e83f06b3d34d0ac8d188d7ab
r6-tune2-b5-rho0.7,r6-tune2-b5-rho0.7,alw_coc_d02000_n256_d30,f6d82d8bcb510f6ebc6f47765aab060fe606d82c6b523fdf152e1184b9e62feb,2959129c95b608207df840d92e19156fe045ed070f22f9f40d82e041080c1146
r6-tune2-b5-rho0.7,r6-tune2-b5-rho0.7,alw_coc_d04000_n256_d00,937679b461ff8f5cdce5a56c9146e851fccfa9b4371abc0f1fecf33ee93e2e43,cf53c6d64a2e4a9a200b9496ff028598ce7813a1e08ac96e7f1de19fbde12f5b
r6-tune2-b5-rho0.7,r6-tune2-b5-rho0.7,alw_coc_d04000_n256_d02,241756979e4279729fa52d17d78765da27023a53128c2a21110dcde9224432e8,3e3e58f710972810859fa32846a53d7aeabcdcf61fff2deaf57e225f8de42211
r6-tune2-b5-rho0.7,r6-tune2-b5-rho0.7,alw_coc_d04000_n256_d04,a56ff8071646937929150b26acd10ae8fe774a837987075f93d57dd7778ec258,418fe3dd6a3238396be90a2dabc1eac16c71588cfb7b36544b9b8e1a8c0ca25f
r6-tune2-b5-rho0.7,r6-tune2-b5-rho0.7,alw_coc_d04000_n256_d06,f6badc99e291c8132f99f010845cc57500a018feecf6c59f83a6f387a3c59b2b,218c3f67cf1bd6455f19a303c3aff376062bd54d2efd6e6a2a9390ac9675b0f0
r6-tune2-b5-rho0.7,r6-tune2-b5-rho0.7,alw_coc_d04000_n256_d08,6c23f8c593c93f9fc17ff0b031038cbd3b25c39505f06b2d22cce03e0c43c691,fde149c0bf584e7190ceacf2e481ec4aed5bd25c078d69545e00c49030a62753
r6-tune2-b5-rho0.7,r6-tune2-b5-rho0.7,alw_coc_d04000_n256_d10,87460d763f991e3e35545d6dae2fecedfb341aad9962d52d8a56ab0ae3560c45,e487d068b38e37eafa786190fe003932b00cb4b45e2cadf9b78044e94edc11c5
r6-tune2-b5-rho0.7,r6-tune2-b5-rho0.7,alw_coc_d04000_n256_d12,449f46f72a4c78f290d449384a7ddc0f239d69035c7985a0bce42b1e76c9c8a4,9abd92cb62b8641a645edc9eb87da6e8192cc0152542f067dd34313dff02facb
r6-tune2-b5-rho0.7,r6-tune2-b5-rho0.7,alw_coc_d04000_n256_d14,18b918de2d0666dd7851916dedaae292318c280ba8fc3e18aecd5fe34198dcce,3a49ea16b80d6415e9f7cebe809fa48aa6b175013334424492f4315435dc9e39
r6-tune2-b5-rho0.7,r6-tune2-b5-rho0.7,alw_coc_d04000_n256_d16,34a063393501bed15cd3b5e31af9e4ac2bee317fb2811f2654be15d1a9b5aa9f,8383bf2251d4331b671044a4a58d0fc3249fc06cb59fb8c34a77da11fd0d4709
r6-tune2-b5-rho0.7,r6-tune2-b5-rho0.7,alw_coc_d04000_n256_d18,9359505bd71c562ee8bf76b62ad6091ec9a8a0ddcd33aff0d2eb6df30f2fa267,2039786eb016e79a9316ef00e494e3260c6a0f00a1960576d810937753c07af6
r6-tune2-b5-rho0.7,r6-tune2-b5-rho0.7,alw_coc_d04000_n256_d20,8da2c18f14292a3198dd00f40f381a75337b38a04df817c6d5db7a44dbade220,c07f981c544590705885017973fa5144309ec58aa795739a9bbf8637bf04a2e5
r6-tune2-b5-rho0.7,r6-tune2-b5-rho0.7,alw_coc_d04000_n256_d25,a6c2d4c3fcede071294ee8e9c2f3877d17680e1fe6adb57d19d68323ffc01f18,efe90e38b597f83bf5e4f112d189e8b7c576444b0419bfbc44a00651a60ee929
r6-tune2-b5-rho0.7,r6-tune2-b5-rho0.7,alw_coc_d04000_n256_d30,087ee1d6c70fb98097d277ada32b3fa38f3415ac28d5e250e104d51a2efee371,54447e4a724558149028c8f6aeb53b11ed7c08f738d76f17e42497e1270cb04b
r6-tune2-b5-rho0.7,r6-tune2-b5-rho0.7,alw_coc_d08000_n256_d00,d79536e1be1c83fa1e041c44a6bb8fa7351d066e98a58cc1b222ac78d7f5b3e4,019a138979ec5bf9af7ea6b4ddc3b954d819b8469fc5f0a8e11348ccccc363b3
r6-tune2-b5-rho0.7,r6-tune2-b5-rho0.7,alw_coc_d08000_n256_d02,0fa25a8349254010e0e80c0d36d6a341c12ac23aa9a63c3c91eb43e8c21e2f57,b2fe5a3c4e5a6fa99d6f0ba3bf427448820d741de433fb17dae1301ad64d2b01
r6-tune2-b5-rho0.7,r6-tune2-b5-rho0.7,alw_coc_d08000_n256_d04,f4f67dcd978b5a6c4b65938260cfdd470c49d0ecdcb101977018d6c89faa6133,380f5157778108cc972a19969fd42249f26569f3b2c275d97fc456ab3581315a
r6-tune2-b5-rho0.7,r6-tune2-b5-rho0.7,alw_coc_d08000_n256_d06,16d1b3b085f82e9f35047b652d31bf38c08579a10961660c3c14d1a724f70dce,87b1384c0027f3b23f141d07ceb8045c757799895ba6411d6d61bac8ecaa56f7
r6-tune2-b5-rho0.7,r6-tune2-b5-rho0.7,alw_coc_d08000_n256_d08,cf3e721fcc1e845f3062b0acf322cdd8009a1128654c75f4c7a0a7265e100077,4d43aa04817e1ebd068b2199f9e08b441cef092bea421b678da966d80adb6969
r6-tune2-b5-rho0.7,r6-tune2-b5-rho0.7,alw_coc_d08000_n256_d10,818c10808a3a650a2a07879543f77a916adcb151a59e31c6508097060d666ac6,a4e2b958987b1ebf82e3aa486d51684821772a518e6b692956cb9ddaecf2d3fc
r6-tune2-b5-rho0.7,r6-tune2-b5-rho0.7,alw_coc_d08000_n256_d12,c6e96097d29924ee77fe6c3fc92a9c0f9ad85e5b2638285ef64445e7339c79ae,828e30bf78f063e0503796001813b9f4d4ed3db91434e666813b1b360cd43af2
r6-tune2-b5-rho0.7,r6-tune2-b5-rho0.7,alw_coc_d08000_n256_d14,d5c52e54f04fa9b46c43e698826a2486ba26449132fd043dd2f1bb6ae543da78,c2c64dd8485c74eedc8685905a490a210481207f12aba83ecf90f5f7b09a07b7
r6-tune2-b5-rho0.7,r6-tune2-b5-rho0.7,alw_coc_d08000_n256_d16,015ce586305a27d13d312731c6c474d46d69c83e809e199fb8ebec7489612212,0527ef6932c69a42c02a67c2be3181d73505dae6724ec41040423f3cd70317ef
r6-tune2-b5-rho0.7,r6-tune2-b5-rho0.7,alw_coc_d08000_n256_d18,39fd145638b4e8fc7e02e6d558436d3a37e1940d2f1778ab938b050a2693e0c3,423156c3c71a82ead7f668be33e7c6196142df991e709d4b24817debdc79c09a
r6-tune2-b5-rho0.7,r6-tune2-b5-rho0.7,alw_coc_d08000_n256_d20,8a066a7c77a3aeed3edda44e87bb58142453de7a37986425fe8b075df1ed4644,537f51d74fdb6427fa0ed0ec5e24759c41b9c722ba4f4129af59bd3b44401142
r6-tune2-b5-rho0.7,r6-tune2-b5-rho0.7,alw_coc_d08000_n256_d25,d4f36ee88ce3d44585d0f755d3f519d5b0609156891b8ba24bbe7e160b293c93,52a277b09061feff7da4e02f579720417ba41330057233fb371be30ee001349e
r6-tune2-b5-rho0.7,r6-tune2-b5-rho0.7,alw_coc_d08000_n256_d30,ab92ab1c54ce4c779d13bca6aa25bcfd85ca70c0c9d1ef5cd0e4b8b31a97968f,5afbac5de68beb976752b62cda62f29720010a25d045c4127ab80b7e44f0c7f5
r6-tune2-b5-rho0.7,r6-tune2-b5-rho0.7,alw_coc_d16000_n256_d00,6057f46c67f45bb30d5362ef8d008530aa669cf739949c80ef4bdfa29b8bd342,53b45d21f6f612757224225f365bcbf096f3d6bc79295a3e58d16e8de50ce09e
r6-tune2-b5-rho0.7,r6-tune2-b5-rho0.7,alw_coc_d16000_n256_d02,67fcf760d749d610c90b9a7142cf5226400148c2db30ee86f41c6a8d9a68266c,df0e0bba3201c0e9616bbb66f48629f5e30e4ca3de1a4a42078291d0b68a979d
r6-tune2-b5-rho0.7,r6-tune2-b5-rho0.7,alw_coc_d16000_n256_d04,63d395e6c3571a5bf104037ff8352d826d09a33a0a4b7199a0009c06f80e5928,2ae2ccb647dba9bb01be2f30aa6db3908452d381b1149a55e3877dd4592c4944
r6-tune2-b5-rho0.7,r6-tune2-b5-rho0.7,alw_coc_d16000_n256_d06,3ed51d87188edadb2fb215a5573ce67dfeb5b7017d22c48fcbd328aa273d78b4,649b5da0392934ec7058f5dae6a5880b4c3d18e74391fbb68edd81d361fee54c
r6-tune2-b5-rho0.7,r6-tune2-b5-rho0.7,alw_coc_d16000_n256_d08,e27476fb11a91760944ab96f1a983d7081669eb07f7d3dea5f606f4df4a655c4,3384cca87a6e1e410b83f36c09d7ff273f7d8915c05edb3562bb2a2947c6de2a
r6-tune2-b5-rho0.7,r6-tune2-b5-rho0.7,alw_coc_d16000_n256_d10,c8297215abe61d685f410174fb8eb8210e2a4babf1c42e389ae7f40584218c0a,b82a645f633750e5e93895a4ea7f44a50e42de4d08f7d1da407ab422dc87cf89
r6-tune2-b5-rho0.7,r6-tune2-b5-rho0.7,alw_coc_d16000_n256_d12,ef60d79bae34d88dccaeeea0f0e60e80dc57cd297107ee355217da9013088abe,62f90ed4edba114c2b1c6bde118646ea809a58d83dae5e3ee34f4a7101c006ab
r6-tune2-b5-rho0.7,r6-tune2-b5-rho0.7,alw_coc_d16000_n256_d14,91d566d35628e89b9d48141a7435c942570bcfaf4c5e22b93a5f433d6e918700,54b9826788abe26d329fddddf6e8dfa7e01ae45d54c90501b676d5f2e9ba7fb6
r6-tune2-b5-rho0.7,r6-tune2-b5-rho0.7,alw_coc_d16000_n256_d16,088ff860fb51fbee219818fccb2bc0e4a9fb33dfd8a2f08a83f4a368d368c79e,5174f23ad2565e4808bc65f6efbbfa80e6307854580201478a4b3c600666c7d2
r6-tune2-b5-rho0.7,r6-tune2-b5-rho0.7,alw_coc_d16000_n256_d18,9cb9e9a8dd1cd44630b1fb9aa1279d4dd720aceeb2af3327f59a78e4d860ce89,7459cd797276a19f9af1fd8edbabffb6d920213b549425c5567a1ac01edbb0b4
r6-tune2-b5-rho0.7,r6-tune2-b5-rho0.7,alw_coc_d16000_n256_d20,1228868c205fc0f50f2d09c1c1fdab33548a3742142d0396a6f2ceb12771da45,2eabee3843a0cccad4c3e59f03d48bc6bee4fe30c9caabee1eba90099f456180
r6-tune2-b5-rho0.7,r6-tune2-b5-rho0.7,alw_coc_d16000_n256_d25,107843c96390b751d12c2a9ce2d600c56edb1e7a62040ba5825c349c23db5406,324aa7710b2fe0ed3182353bf14392ad084a8f4801e6928de3fb7d3aeebb7049
r6-tune2-b5-rho0.7,r6-tune2-b5-rho0.7,alw_coc_d16000_n256_d30,a16ff58bf266ad7d04311094d6d46d04545e7d36bf90b86ca6365de4d1261f0b,eb9ad7b80c1690f60887f7fde1a2b5ff5b49bf269abdbc6ba3b8aa3a2d02edd0
r6-tune2-b5-rho0.7,r6-tune2-b5-rho0.7,alw_nbh_k0_n064_d00,c15b26bdb4c8f6a305d172ff03523bfb617bde58a1df7c8a166813d6985ff426,af6cde6ad92fc9df253b29b77904bc10d9e1e73f0721b2f2fa69526dae7a9e85
r6-tune2-b5-rho0.7,r6-tune2-b5-rho0.7,alw_nbh_k0_n064_d02,c26392b777791c4d38a4c373dd046ac85f797dce5156b8bd0dae920a8bfc4509,c620271334f01895d3cede5de8786ab1426bca36a2c7b9d83333b8a2fbe359b4
r6-tune2-b5-rho0.7,r6-tune2-b5-rho0.7,alw_nbh_k0_n064_d04,a812a61214c569f1b3437544896bc42388480a88c545eb02789e59c50051ebfc,69a840b2141341a34306d8073ab6697be12e33402cfd4c032300a17f0caa27a4
r6-tune2-b5-rho0.7,r6-tune2-b5-rho0.7,alw_nbh_k0_n064_d06,2e9b7947e75b372dbe241bf2768d829537d73e72db67771d6a6285de1774a676,8dd418c440dc83a1d0b1420ea6344ce5b4699b57b02f67898daa236081e8a87d
r6-tune2-b5-rho0.7,r6-tune2-b5-rho0.7,alw_nbh_k0_n064_d08,ed0fa6da0036abab3bc674a0932a3d9c5708e55455831dbace32e0f04e44626a,043d34ac686ca926c3a037d353c955c8339151044fe3abfd4c408daa423949bc
r6-tune2-b5-rho0.7,r6-tune2-b5-rho0.7,alw_nbh_k0_n064_d10,a2ac0389cd00de8c533922cfeef1afa1dd2c4802f9eb989e3d3a38a7f8c3a890,d13ea0fcd56c991669015c07f7b113f4c8eac52faf36c7ae0c9b9e19daa24189
r6-tune2-b5-rho0.7,r6-tune2-b5-rho0.7,alw_nbh_k0_n064_d12,6f14338d38e2abf401d3f9168f5fa6d095adb69e81a53dcc39eb363c24c76c30,abeaa2e0cf00d667dc9f61eb79da011d886a7646834ac00f3e80ba39711ccbf3
r6-tune2-b5-rho0.7,r6-tune2-b5-rho0.7,alw_nbh_k0_n064_d14,0ad4f1a549068e2f4491143c37a78a5b308984f138c7b0a24f4e85c1551796a0,9679ba6b9c7b03f4be3c0ed2b8ec67ae52fc52040c223cb1606d26776318df7d
r6-tune2-b5-rho0.7,r6-tune2-b5-rho0.7,alw_nbh_k0_n064_d16,9b9c2df5a11ec4c4fc0b3128c321a2aceb66750604d2ebf274847757a8f13606,f3ebcc95e08c8278de064539cf2fc83a0c129974acbb77a72a99471cea04fa5f
r6-tune2-b5-rho0.7,r6-tune2-b5-rho0.7,alw_nbh_k0_n064_d18,f97fd154a454d32825cd3264c19a3825fddc7ae81a7ed041efd114d1f7f8b0a0,b8e9a15b8300e5126018a1e7bf67c775cd842c36b39f05f865623d6b187c5fef
r6-tune2-b5-rho0.7,r6-tune2-b5-rho0.7,alw_nbh_k0_n064_d20,bc3792c236af099d91348cc84c9bba5c357c988f9916532e6dba6c158f260b0f,93a68de7b18b7e8f98f3ab869baf66116078c36938f960953a32e6b1573cf644
r6-tune2-b5-rho0.7,r6-tune2-b5-rho0.7,alw_nbh_k0_n064_d25,0dbcc7ada10a330f8fdec312753c7a76b1a062d05b82eeddee929cc1d8529773,ca5fd0f003c728a9543322b862550800e1d0034f2f58acf479815ee06f04c8df
r6-tune2-b5-rho0.7,r6-tune2-b5-rho0.7,alw_nbh_k0_n064_d30,c71d48df733aa590327915d860df731e9f9aae7725a4c2823a94ab43dc652162,ba0066e0eb494e599b1c6d7efd10bd281324c56eae4b49174e85384e1aca4c96
r6-tune2-b5-rho0.7,r6-tune2-b5-rho0.7,alw_nbh_k1_n128_d00,928056a34d9e6e182294d4e45d336e9ac3203f2f9989b8eb6c5536a3ee770dd0,372c82f8e0f06926c6da0cd84794581a706b14e5c694cb1c79ca70a95ff8d546
r6-tune2-b5-rho0.7,r6-tune2-b5-rho0.7,alw_nbh_k1_n128_d02,c62890b79502c72e427be72481593e86e96a039f6209dd7f5bcfc7759d542fdb,5e2860ae2444e25117ddaa44309c9d323b1adc390603002697fb426584815293
r6-tune2-b5-rho0.7,r6-tune2-b5-rho0.7,alw_nbh_k1_n128_d04,4718fbb71fb18ed3ea7d30a51f96320014e6565505789052dfdcd57548e13b18,8b5cc8524828662dcd9a440ce7e4787dea8fadde7c3b60da55e03d844e7c1283
r6-tune2-b5-rho0.7,r6-tune2-b5-rho0.7,alw_nbh_k1_n128_d06,e4b1654884f0ae8d562a31ba83eb1d0dc0af4a290d6f08581f49f2be514a569c,4fee9ef22f7b5896d199001b3700d9e0bf9f4277ef4e8fa3c36bfb04d0ad53b0
r6-tune2-b5-rho0.7,r6-tune2-b5-rho0.7,alw_nbh_k1_n128_d08,97da598320b1a7f342057b9a51cc2cdbfddcee4ca4bd556280492e3e82e44f3f,483e44ad674289fa268e62590a5c2e02e16c358fefbcf478ddec9859407a0e21
r6-tune2-b5-rho0.7,r6-tune2-b5-rho0.7,alw_nbh_k1_n128_d10,30541d55991b8c4f770b248ac1989db0524fdbf9e9f24b288d61592bbf538452,703cca1b4fc99844b032bedfcc8bbd381e6a068698870bec9f4aef9e7303d31d
r6-tune2-b5-rho0.7,r6-tune2-b5-rho0.7,alw_nbh_k1_n128_d12,b10e32286584725a5f223a9f458db5918932fe0957575910f9cc5b2f59f8069f,2dffbd688624b448be7a55d079c467a6756c99f2a4ed33e0a50f72fb09bc3eaf
r6-tune2-b5-rho0.7,r6-tune2-b5-rho0.7,alw_nbh_k1_n128_d14,e10654febd455f69b29364f8b6202aa455a63e47bc3652db310829fbdb955ab5,5c9dbaffc0ffcbe71b2947f1d3869a8a4211c4e218960ab52235e1a3c264f5ce
r6-tune2-b5-rho0.7,r6-tune2-b5-rho0.7,alw_nbh_k1_n128_d16,7a7a957b84fd2cadb23afbebc0e92642b31554d886c3fb4e0d9001f08b6cc54e,a917a26d7377503261db528e9ea63a715d76eb63e154bf20197a7e3a6cede175
r6-tune2-b5-rho0.7,r6-tune2-b5-rho0.7,alw_nbh_k1_n128_d18,9bad5d52a1fae0bc977beee07888bb1b2a95bbe384816f4f05530931c0cfb2df,24dde0d831431c884f616ea2e2b73e89a3ced96924fa4f05df51f68540468821
r6-tune2-b5-rho0.7,r6-tune2-b5-rho0.7,alw_nbh_k1_n128_d20,79521988ed99caaf6c98604182168a490014758795a5f902b4a134ace017a61b,55e1a53786f67b51dab4b6b48274f70fcbe66726fc8e923c1550deef8cf1e38e
r6-tune2-b5-rho0.7,r6-tune2-b5-rho0.7,alw_nbh_k1_n128_d25,7eda2d95e200233118a749e8726292d2fc5f5c6e3a0a42eee692845d2a2277f3,b7a41073d368256d3d2a5d8f21337f923fb4e4d6bb5e4c49e7479e9e0c70d77f
r6-tune2-b5-rho0.7,r6-tune2-b5-rho0.7,alw_nbh_k1_n128_d30,34539ddf833949e8ccec1c48f068ffbcaab26e896ba2d3226a35f8fa92249eb4,583d26b461900812a63e06ca9dcfbcf84960d286c654cb0d467185cc76585c31
r6-tune2-b5-rho0.7,r6-tune2-b5-rho0.7,alw_nbh_k1_n256_d00,a069a5ba47920aa105d0c3a63179393a0e815814e8b9b0cae3e10a87a683387e,79cf1a68981eecb2054cac18ab2aaf5cb072a7bd77c042ed67c1e1adca0048a9
r6-tune2-b5-rho0.7,r6-tune2-b5-rho0.7,alw_nbh_k1_n256_d02,db8ccb2264533d5988506be9925c292414c3940612b9b254fbc6ab731c8cb80b,0e5f6ee52611c576c08af5abead1ddb7ad992aa73949d9b0f16a46ebeb035614
r6-tune2-b5-rho0.7,r6-tune2-b5-rho0.7,alw_nbh_k1_n256_d04,7dca3f311f52a72b87ad736b157da0f0174cb96e47a220ed0234a117229c19ea,4088a71fb8a0e484fd2bb5eb1c0ca03d1f34b556c0be34552a1bd6320b3ba7eb
r6-tune2-b5-rho0.7,r6-tune2-b5-rho0.7,alw_nbh_k1_n256_d06,726744b922326b1dc4dc98ab26ce1ab80220b708c1339cc7ed9187b8bd735751,bfd62d039006566dc1db02d2550e73eac36873fea0814b046bef261596b924f5
r6-tune2-b5-rho0.7,r6-tune2-b5-rho0.7,alw_nbh_k1_n256_d08,e4f6771112d8877e315917aa2bda77176dcaa0e26f1f7c5c55b505c6a80b6b83,20806e39e73b56463936df25309b4fc1278d0e9228d5aa8907cb725360a20e2b
r6-tune2-b5-rho0.7,r6-tune2-b5-rho0.7,alw_nbh_k1_n256_d10,9fc1d6ef3c49c4bc4d8fd402c36209124a47e188a845c554476f28175db0642c,828fe8f0ae453c4203616228a5ef7bb3fbb600f854117f39524720c3b748b54f
r6-tune2-b5-rho0.7,r6-tune2-b5-rho0.7,alw_nbh_k1_n256_d12,96378550cef51a49837ce715e2255f1cd5e2481d50a534fe7595058f2659023a,918dbdadf5b57e7cb0ffdbcc160fe6607a2da100a647561a9c4300acd5929927
r6-tune2-b5-rho0.7,r6-tune2-b5-rho0.7,alw_nbh_k1_n256_d14,ab090b839e92d0a665e7dcad25baadc5acafe2a9397b8bb4c0d655351801a69c,766990bce8c5e1e64d4c7e776bd1edf370e9a73d49f327df97972eff61f1680c
r6-tune2-b5-rho0.7,r6-tune2-b5-rho0.7,alw_nbh_k1_n256_d16,b9a6c4801a1fa1fd543f619797505e194adbb4c14a722eaeedcd2b7baeba8e97,383b3f033c9f3e8149deebafd7bbfe0903beb8fb9a1f8e868fa301c8af62e611
r6-tune2-b5-rho0.7,r6-tune2-b5-rho0.7,alw_nbh_k1_n256_d18,0832fdfd27aed873828899964a388f15c701f2cf01215417bf81f5cf539f3b25,f8c050f820b0a37ecfad81824179815b4db8dcc560673e399fe63792fcc3e02e
r6-tune2-b5-rho0.7,r6-tune2-b5-rho0.7,alw_nbh_k1_n256_d20,97b5eeece77e645c14d558bf7c775e4003516e5909a9d54ed895186e0b801cef,2080f5f0b223cd72cc175d73baac0493deb6b51dba67245446b7ef1b8594bc30
r6-tune2-b5-rho0.7,r6-tune2-b5-rho0.7,alw_nbh_k1_n256_d25,29d595e5769136b86ba2a49b2dc821e908fb299d92df1d57c91845c01550409a,98098d3f4266ef60c4bc0560527e33e00514e2bf6ecd5977d02bcc3946dea205
r6-tune2-b5-rho0.7,r6-tune2-b5-rho0.7,alw_nbh_k1_n256_d30,46d0c10b18858ffdfa59704ed2cf1207b15b1502b831437c88c2c0640314067e,83bc114cef805e919775015303239f96db9b22e9374325b32e4269a1aec0b475
r6-tune2-b5-rho0.7,r6-tune2-b5-rho0.7,alw_nbh_k2_n256_d00,680858ad84b8f967d4ef00cec76ef6a68a93ce5436a97c1c8643f51ff564383c,1268e596a5e820461e5d3bbd51b352686ad3ddf81a4e8b3e6a67582aa427e4b9
r6-tune2-b5-rho0.7,r6-tune2-b5-rho0.7,alw_nbh_k2_n256_d02,d297b8589a0798af4d7c91f3443f19b9d674ae3933cb9a4039b2585468131d39,4cf5050c486597a914c5d72262ea973f79f66b00fe35066125572af25de6bcb4
r6-tune2-b5-rho0.7,r6-tune2-b5-rho0.7,alw_nbh_k2_n256_d04,ef2b58e5ee8ec089d4ca08ed37be5cf58ad4adfb324051d52a57157edb3d3459,62200b03b5f10b1d987bec58ac47081ebd85b86dc58c1ec0c6befe8d95c02c9e
r6-tune2-b5-rho0.7,r6-tune2-b5-rho0.7,alw_nbh_k2_n256_d06,127d02119572743b7d3ba069a3d656c6b3d510e55f52ef21e00e42e9c6e97d72,654be50cf522f14a4e8d8f7f47a33134f6ae7b026d2f62750f6f70e776552276
r6-tune2-b5-rho0.7,r6-tune2-b5-rho0.7,alw_nbh_k2_n256_d08,7ae1967799cf92de435f36a9132571e00978d1ffbf23b14ba03949bf01f4acbe,79583e1dbf359126ede0cdfecea793eadee28658e34d9e79c09d2682e45cab24
r6-tune2-b5-rho0.7,r6-tune2-b5-rho0.7,alw_nbh_k2_n256_d10,1c19d056f3e16627a35d255e1ef86f2cdf3aad2b993f7f466eb7f8e25105d48b,2782c718b2242f88f6d95738bddb4b97f74e9981658cc2c5f842b1be8f9c469a
r6-tune2-b5-rho0.7,r6-tune2-b5-rho0.7,alw_nbh_k2_n256_d12,1de72d76ebfaa28fdd9e31037c108bcfe744e219bfec68b065d9bde8ff94aa63,675ea22841ad67bc1bab2cee5e7c723412b84c998b8f424f6dd7a4285d15f89a
r6-tune2-b5-rho0.7,r6-tune2-b5-rho0.7,alw_nbh_k2_n256_d14,7506b0ad37181ff90edb4077d82a8e7099efd93c2b61985610be877993b1bcf5,a7eaaadd0555d988a01a8826a38c32cc473c97d0e6cea2f5bd1c545c3306a81c
r6-tune2-b5-rho0.7,r6-tune2-b5-rho0.7,alw_nbh_k2_n256_d16,be01e2eb51c319484840683caccbb97cc1d6cd219a322acb99bfde998ac8f607,8b942245e91a6723352c2ebcd4907c29d0fcb118e48963322990138afce4ece6
r6-tune2-b5-rho0.7,r6-tune2-b5-rho0.7,alw_nbh_k2_n256_d18,8d577ecc9f14e9e611bc9cb9b3581d29c8e146f860a7f558815612fac8eacef8,41166e3c623b6d303beacbad5350c079339f87b58f278b9af549a13cb7313a5c
r6-tune2-b5-rho0.7,r6-tune2-b5-rho0.7,alw_nbh_k2_n256_d20,ce7d55c7abe264e52df2b9f63162f209c4573de44f5c368018377110c8b987d1,4c936cb4a8ebd234b6dd7c3528cfc5dc29889cc8f9de8f9a4ea74d8a2ed477ae
r6-tune2-b5-rho0.7,r6-tune2-b5-rho0.7,alw_nbh_k2_n256_d25,47f299a6f78b00d54c8874b4a36b86d4e02b42a82dbf65846213b02855001105,195ef27da1f384ded358bc3d8a8d4b43e63f19f0688fb64baec7ef519f8fef7c
r6-tune2-b5-rho0.7,r6-tune2-b5-rho0.7,alw_nbh_k2_n256_d30,eb32c7fa8145a5c3571ddcd290a95f1352a1e353e5dec0892badf7fc0d03cb88,77073b67984680d9609e78bae81e77ffb4a43822a64651e10ae756bffaab4f0b
r6-tune2-b5-rho0.7,r6-tune2-b5-rho0.7,alw_nbh_k3_n128_d00,099eae34ae1ecc344884aefa2fcd6d7bc67069f13bf6ac0165a00851a608c8cd,befa3b957a4917e05fc138ec1f2caca14dae6a7bb4491d37800ddf72a441793a
r6-tune2-b5-rho0.7,r6-tune2-b5-rho0.7,alw_nbh_k3_n128_d02,c66e6926a79df6cf22ba8324cafcecb55c951ad922dec1bd3442014a0905cd37,3855b6ba04387d62ab9bc4ead5a155be7cae4ba5f89c0044e94bbb2af6eadaa2
r6-tune2-b5-rho0.7,r6-tune2-b5-rho0.7,alw_nbh_k3_n128_d04,7511836e020b9b0491d3e9ff79209aaecad6f7de407935c51ab66a4a3c3511f7,0619990b9c7541fb61dddc3270240ef44cf166816f2d5c01a2dbd990595e1ed7
r6-tune2-b5-rho0.7,r6-tune2-b5-rho0.7,alw_nbh_k3_n128_d06,94f1eede57d43df90457fd2a8d3978f1645546dc5854ac3fdbfd5eb16514fa8b,abf1642deee55ff3a231ab261be07df2467cde28f4be6a10b80f77b0960103c8
r6-tune2-b5-rho0.7,r6-tune2-b5-rho0.7,alw_nbh_k3_n128_d08,10ed6c5058a55d21f38dc33599d4579f624bd9ad703b5d1e3350bab6c85ba31c,84d09e8e968789d787e3155e6f6eafd742f36c369e15b2a60510ece07f0a2b08
r6-tune2-b5-rho0.7,r6-tune2-b5-rho0.7,alw_nbh_k3_n128_d10,78284b498201531c54102522a58d3d7cdba865b77d964f821d30a284fea11942,23a113702a52d8805d43a8e4e024b923fd053216de2adedcb3efe5959f29cc75
r6-tune2-b5-rho0.7,r6-tune2-b5-rho0.7,alw_nbh_k3_n128_d12,a66a63da913b827135e2743e15d3f43dbfaea33536568cff813ad52ea68dd0ad,639ebda682602250f8888ebc2a37d9c72ccc1ef9dc56f9f0c2616f4404a4bd04
r6-tune2-b5-rho0.7,r6-tune2-b5-rho0.7,alw_nbh_k3_n128_d14,bdb5d3aa2284668ded86ef05580d3419306a26350a0698dcba00a26585b01284,40c632ebeb73fdc60a899bcff1d0dd242333dacc924ab2792ebc011bcf0c6d0e
r6-tune2-b5-rho0.7,r6-tune2-b5-rho0.7,alw_nbh_k3_n128_d16,473dc8aab47a148c9015570db2111737bc83d5a05c4a42185583ccc774ae8beb,bf8e203d5bc2d5b6d254bfa462bf5e3c603a33856f40b526b80dc3923e8cce61
r6-tune2-b5-rho0.7,r6-tune2-b5-rho0.7,alw_nbh_k3_n128_d18,6e364cb5ee8eacca779da21800b90ce86f03e6044aed2983235f3646097a5a83,52e83c05f212e4cce05cfedb90db43470ecdf655125c1f9578901d1e90aea0bb
r6-tune2-b5-rho0.7,r6-tune2-b5-rho0.7,alw_nbh_k3_n128_d20,08565446eb2717801cc4ed6e9697ebd420a397bd9c7290d0d7aa08415481e082,4923ac5faa42f9dcfde99cd83c2b2f18f16e56105a8624e9c4dc58bf5da480f1
r6-tune2-b5-rho0.7,r6-tune2-b5-rho0.7,alw_nbh_k3_n128_d25,5b52cabd4acac68df0a984310af6565b0f1286069bb31ec9d47e68b77c262a84,e4ccc268f78f43479f5602090304fb949b9ba3104f79864aefcdaf54151f593c
r6-tune2-b5-rho0.7,r6-tune2-b5-rho0.7,alw_nbh_k3_n128_d30,42af57558248bd8f2383a5bf9f51579edde61cff34cd1fcc3451c9dc3d746ebc,d95418d6d39658cb7d92a5df82a85c4c9592f0c1553ce178665704b251820c40
r6-tune2-b5-rho0.7,r6-tune2-b5-rho0.7,alw_nbh_k3_n256_d00,65474385aa247b044d615b1d1359acbcccd9b8dad3ae2e154d25f3c55f57e633,62804c338b17b3572fe03e247ae0795ddf390ea720846b1b85bc4ba9c95069dc
r6-tune2-b5-rho0.7,r6-tune2-b5-rho0.7,alw_nbh_k3_n256_d02,7af9c1bdc18f36a0a247af8bb959f2b8591c8461fdb5d03096372464219731cd,ae43bea84ca0f5c9c69952d153ea4a694c28f90fe3eb6b9d079e74b9c72ccde2
r6-tune2-b5-rho0.7,r6-tune2-b5-rho0.7,alw_nbh_k3_n256_d04,a905d64a8067d810712dea33f90607e768cc933763d0e6cb1944754a58faf1d7,3a4c81678c5f61af12cd022ad9b84532ce1c47d0d84f7ab539d3c681d66f2406
r6-tune2-b5-rho0.7,r6-tune2-b5-rho0.7,alw_nbh_k3_n256_d06,f5721db9736840a6eb7c7776af6a83df671ebffb1bd81060ae1c0a8602e6c399,0f3bc710358d008f8b908676283c363ccd5ad0ce6e8692f4ba8ce118f0443bd0
r6-tune2-b5-rho0.7,r6-tune2-b5-rho0.7,alw_nbh_k3_n256_d08,531c287dae0c75afb3a3f6697c6c3ecbfe98662b538731f19caa3c1831ff3f66,6ff0aa809a1a7d2032932360d5429221ed821f57a2760e51d5f9af63fc7f54fb
r6-tune2-b5-rho0.7,r6-tune2-b5-rho0.7,alw_nbh_k3_n256_d10,eb68dc5acaec7143455d561ac23a1fb1ed6e02fd6236b6c58eea9740da14a965,26cbe8bbc540635a1482f0f3dd30b589657278e09d7e17851c490f4bb429ae29
r6-tune2-b5-rho0.7,r6-tune2-b5-rho0.7,alw_nbh_k3_n256_d12,68dbaaa370cb87138fe7531f009b3ca38d7e72e03c91ebe29ad8120e984fc901,3de1613f4be85c9a4d2bc6a5ea5ee2738b5330d8bb40977c89264ce6f9795ec5
r6-tune2-b5-rho0.7,r6-tune2-b5-rho0.7,alw_nbh_k3_n256_d14,86935b63169e7addd4936306b5aa400d7fb89e8ab1474c5187df708bc3adf974,19132c91a7c3de29214ad016be4638aef716183f07902e9f75c9070211796abe
r6-tune2-b5-rho0.7,r6-tune2-b5-rho0.7,alw_nbh_k3_n256_d16,c71fe5da4f38872c4801aae7340daa4f886205c44e37a1b7aa4a7e3d18ab2d3a,d3365935820c7caec0c79ea1827ddde47e2247492c4b28312b9d2f7bb20243a8
r6-tune2-b5-rho0.7,r6-tune2-b5-rho0.7,alw_nbh_k3_n256_d18,00a987378d53832d53356b9661ec3aa2ffd686412ba3f9bda2e36cb4a6793654,89554b4ed5b5b1b67765ef2788d4600b0d1de5f4e05f80d744813867fbe42518
r6-tune2-b5-rho0.7,r6-tune2-b5-rho0.7,alw_nbh_k3_n256_d20,9260c9b3d8afcdd8e2935a0b4c74752fd5e95b97ada7a6bc0f0d153a0d6f574f,4e428082fe14f418da4fe1030776f27c72ab3458e1b00f055ec536f7904649a6
r6-tune2-b5-rho0.7,r6-tune2-b5-rho0.7,alw_nbh_k3_n256_d25,d093992add05ca1709b141b68de780da5936400326d5f3e9c98f90caae77b3b8,54e7728f5b25691820a32db254dc255bd1f5370152a79af157e220fa38016327
r6-tune2-b5-rho0.7,r6-tune2-b5-rho0.7,alw_nbh_k3_n256_d30,25575e25ef1b9e566562b93f524f7893da2d8b33b3a27b9401089e7113ada9bd,abded2767747ba654676765436840aea0d4137cd6b4ff8ede8ad2f43a2894d50
r6-tune2-b5-rho0.7,r6-tune2-b5-rho0.7,alw_nbh_k4_n256_d00,26c14e7fb0e30f5a56df04f69d8ac1256426b6f3ff9e665d989ec3b19af42ca3,73e81325066fffc516f408734e139c443ec486bfe546957299c8c6388900dac9
r6-tune2-b5-rho0.7,r6-tune2-b5-rho0.7,alw_nbh_k4_n256_d02,935bb15223e3eced8e795018f19f6c107110d75fbb8745b85c2e656271aa5455,388e5eb6f761ca2f1c72ce4000e85dc2e1756a410cce90766695813de9bac564
r6-tune2-b5-rho0.7,r6-tune2-b5-rho0.7,alw_nbh_k4_n256_d04,23643be6dc386ae914500185c80d83fe3ea815b3863167834ca66536992beb92,b3acc5c7242199207b6db101aaaf7e6e96915f6450bc101d60b995959a88c7f5
r6-tune2-b5-rho0.7,r6-tune2-b5-rho0.7,alw_nbh_k4_n256_d06,6608c51e0d385ddf7f38b2aed73a052f1b771d36b23a786b46b4af6fa6bdbbb6,ab26f7c000ba5ef6ba6abd5c703b2a17c49fca63b6fe5c30c975bcacffd9d3d4
r6-tune2-b5-rho0.7,r6-tune2-b5-rho0.7,alw_nbh_k4_n256_d08,1117e7d7e8baee808f03d2c653590f526b8b82b4499e27bdc4396cc4e38fda95,7139afffa7b39965f7b2145bffafb8020426ebb9e8d65d6d6af15114611730d5
r6-tune2-b5-rho0.7,r6-tune2-b5-rho0.7,alw_nbh_k4_n256_d10,b13d5e675bfc2acca4017ad89d6de5f7eb6021c90637e25f225e68aed87af90b,1ca669cca902634934e207b11088c0ff30dea865cc1d2d1b18d18568fa2583f4
r6-tune2-b5-rho0.7,r6-tune2-b5-rho0.7,alw_nbh_k4_n256_d12,c8060cf0bd674a67144fce0196eb03a7d6ba4a7a2a6e977fc6890075fd38d04e,343dc1d6e9115b84255b35a5462dc609947beb5376f59a580bcf3da3e3a60713
r6-tune2-b5-rho0.7,r6-tune2-b5-rho0.7,alw_nbh_k4_n256_d14,32dac2aa3912102f9de6b706b006dba4567324bd00e9b4ca4152cf1e0373173b,72d051518723b51199ec85fd051785adaef1b1cc07f7a76e4aa38cd851d44943
r6-tune2-b5-rho0.7,r6-tune2-b5-rho0.7,alw_nbh_k4_n256_d16,d74bb806203b26ca008fe2644f196b4506d42a99d31b3447e81e7e2907ef6979,b0714af689ad651c35b9d2fa927acea53253f331919d7e8e2394c27ac41f997e
r6-tune2-b5-rho0.7,r6-tune2-b5-rho0.7,alw_nbh_k4_n256_d18,d252bf0398507a86a9b2addd4e75dd66067b19d82db0c1148fb7335ed6ddb7d0,a198647c6c84d83ddb742e47f20ddd0a291f418b7f93951fdea374d2e379539f
r6-tune2-b5-rho0.7,r6-tune2-b5-rho0.7,alw_nbh_k4_n256_d20,3f2a82814fbfc983470a315c7467155b4410042b08fdbb9f0a64c1f047c2d3eb,d983d61c8620a5873a49ac178a9457d61374fba0afd4b636d808b8d19004ae32
r6-tune2-b5-rho0.7,r6-tune2-b5-rho0.7,alw_nbh_k4_n256_d25,462d12b057544833c2e1042da24c74c9551d0b2c6d554d0bf8ec819bd9a3d45e,a47242537a31b2c81f660ccc5fe3cf8396d0b7d6bb6d78af35ccbdffe7e42ae0
r6-tune2-b5-rho0.7,r6-tune2-b5-rho0.7,alw_nbh_k4_n256_d30,96eb7e9eecb7f9b3deb5e5c119fb8e873494a12535859ce0a8cc96549104c46c,131bd2d69671f9131619714717218e75593f970da454d81f49cf56536919a021
r6-tune2-b5-rho0.7,r6-tune2-b5-rho0.7,alw_rung_d00,6101c0f8316a2792af02c2141d73ca8608d6d5ec04958685b54ec1308cf6dfa6,06690aa256abf754b541d5262ca09310918968a22fb027f7fa387722d8ca3565
r6-tune2-b5-rho0.7,r6-tune2-b5-rho0.7,alw_rung_d02,dbf381b67c4ccff674f965701e589322d6944b837400e0a34219a0afb34b8c99,1689c2cc1501de9f800909703ea8e00b5ccd3dfc38413de0261af0aa9737e961
r6-tune2-b5-rho0.7,r6-tune2-b5-rho0.7,alw_rung_d04,076b78acdd120ce9b14b113172516380ad9444068d06821b13ddd83f582747ce,c83aacfc09500395e8073c2e4c8c595208038fc46e4bdddeb92658e207f303bd
r6-tune2-b5-rho0.7,r6-tune2-b5-rho0.7,alw_rung_d06,effd4209711aa76dc83ce99ef2a5d5684534793164181c90ddcacb31657b880d,629941c9cc5fb59ed151d9340ff1d218e801fab709cdc55a97aebee1bfe6b3a3
r6-tune2-b5-rho0.7,r6-tune2-b5-rho0.7,alw_rung_d08,18f6d62f089b7a47f36f4cecd09e92eb1afdcd126516115269263059bdf2f2dd,5a762b1fd51eda582bf79c76ecc0f2e99da3a1a07c6c0060b44128dc2f597873
r6-tune2-b5-rho0.7,r6-tune2-b5-rho0.7,alw_rung_d10,6715be8a0e3e29647f4af6a1c04bdae10f9bc955d99c39ce8d4410a424658f44,77e6d4ef4f9df0a914349bd5c2351fa82f02ce8eefb327e12e28f8928e6f099e
r6-tune2-b5-rho0.7,r6-tune2-b5-rho0.7,alw_rung_d12,36280714a44c1d54e2a002bacb27e9eff36741dc19353ca6c6d5dea9586ff0b6,7643fc03006cccf50e8f09b28c903778f2614c1b9750bb122d8352c3437186a9
r6-tune2-b5-rho0.7,r6-tune2-b5-rho0.7,alw_rung_d14,ae204646f89ed89a0bcd839ee80e49b2c54157ac71f0245cac14b798a0687459,b3b0547e0ec51659f46e71d2b079306bbdf800859c23826357e442f8a2d8adbd
r6-tune2-b5-rho0.7,r6-tune2-b5-rho0.7,alw_rung_d16,b1f6aab29c58198fac74599e0a5570f2753d7d2a668b66cb03ba179b719d7179,702d7c5595273d2d0a2096a22468acb03f502b029145ee60e1156fcb078ccb87
r6-tune2-b5-rho0.7,r6-tune2-b5-rho0.7,alw_rung_d18,6a10d6087ecd537c371301b0d5f890ddd66ca8685fd8ad9618a0c9ca45480938,daa6b54a7dcf6c1eb62b890cf8ef7ff8eb0c0139ecb36fd1a21b995d8fef6cdf
r6-tune2-b5-rho0.7,r6-tune2-b5-rho0.7,alw_rung_d20,5a818cb620e25c9a55fcc26f7f7324ae08f14218c532a8d1f34332bd6e31c28c,0e5489d43561f52663516dc4b57b7e42a80caceccd5e3975a7e6bd1610c2b041
r6-tune2-b5-rho0.7,r6-tune2-b5-rho0.7,alw_rung_d25,6cd1d5cee4bed77a9b590ecda0fdd4e4450f4a55435d97d924d4a3c2cc5fad3e,a1354855e7c5ef0d06259083ca2c0547cda27ea6b3dbdb3e4b16e8634ca7dbd7
r6-tune2-b5-rho0.7,r6-tune2-b5-rho0.7,alw_rung_d30,79e4f9f1902ae0215577da1e1585e06a25a1574cdbce6f0636e3e9da21624a89,84efc14d79c3046610436449d13388df078d66055f2ca29b2d93a75b39de0961
r6-tune2-b5-rho0.7,r6-tune2-b5-rho0.7,alw_win_w05_n008_d00,c3456f44366c150657fbff772abd63324668d6e2dd6911389adc33ed55c57f06,639cea4bc537f566128e920362c629deb6d85ddd57c327a5b18c80bf273b4964
r6-tune2-b5-rho0.7,r6-tune2-b5-rho0.7,alw_win_w05_n008_d02,2d40c1102bcad54daa3b50016ab510b9fc155a8e731a4b1e9d3d1661bd50eec9,bff0188b942f6bf70b36138da8570feb28709724e3b989feb07971a90e0818c4
r6-tune2-b5-rho0.7,r6-tune2-b5-rho0.7,alw_win_w05_n008_d04,47f7e21467541ec84d7da1f273e9df7a6119882ae285336864533013430ee9bd,67338adacf5988246ca6c4b669ca3c1084712cce6748c6d3bc586ba5964b69b2
r6-tune2-b5-rho0.7,r6-tune2-b5-rho0.7,alw_win_w05_n008_d06,82d0517837a8ac57f83a1ff422b66b80f95b5cf5b449908b17998d28f268fb02,406d8c66e9dc7700da9640763874b56e8a9a2fc594a846ba63cc366c47720187
r6-tune2-b5-rho0.7,r6-tune2-b5-rho0.7,alw_win_w05_n008_d08,99a67809c57de24444a8cc99600fe5b409287a67a58afa2a3a775fbf63d86641,851c94db3c9aac6fa63eb50657a95269e6a99f2378becf19c705998e0f27d50f
r6-tune2-b5-rho0.7,r6-tune2-b5-rho0.7,alw_win_w05_n008_d10,30c9684aed7493dee13da65684627ed6c9e3bce5953ff2b6c849e9b07b304edf,2580e7606ca168be677573f1521e8a1d054ad53a233a77f170c03f2883f1e7cd
r6-tune2-b5-rho0.7,r6-tune2-b5-rho0.7,alw_win_w05_n008_d12,fb994d71445ac0addda3884071c8019b487a33b6e80cdfc10f61dfc9d99fa214,4a47b63bac36d7b777c87dcf8d25debeaca5538b71019d5c11c15b80f437f46d
r6-tune2-b5-rho0.7,r6-tune2-b5-rho0.7,alw_win_w05_n008_d14,39a1a86f9f3d1c692b716918a3a828d4e8ac8431a4f3813d133dd0108a995fad,3c389c088a9567bcab674d60e1fb979990c2120436f3aa4d8282b9e97f15710f
r6-tune2-b5-rho0.7,r6-tune2-b5-rho0.7,alw_win_w05_n008_d16,f869e80b805b6a87c4c520a80f6f701a622ea7cc196cdcc29351c10fc6fd6a13,ce76dab1977551332061e201b15f03d38f38ea3aaa2e5d189b22f04c8b6699e4
r6-tune2-b5-rho0.7,r6-tune2-b5-rho0.7,alw_win_w05_n008_d18,80c6fedf5fe92fe56dd9d8b823823680e631ad6ea1ab51c8c2079679ed3d03b2,e77d5c3cf9b6fe079a8e2649b937f8a9d137fe4b4d85273712c328c583356ff9
r6-tune2-b5-rho0.7,r6-tune2-b5-rho0.7,alw_win_w05_n008_d20,8fac800a54d7d74f31f3c4b4dbe19fdf1798d9a85428ee930a13929209425105,1a509889b22262646348bb029ee0df555ff74bece9416b01eafe72b3492f5da4
r6-tune2-b5-rho0.7,r6-tune2-b5-rho0.7,alw_win_w05_n008_d25,90da68c0845528a532bfececd63c7f4e57a7967b2472044ba98ee45236321f4b,18da70a78dbacdba1346767d739d6ad8a99104fa958dd4d30250e6556325f5a0
r6-tune2-b5-rho0.7,r6-tune2-b5-rho0.7,alw_win_w05_n008_d30,f7d6d3d892cf6a51fe806e964c91ebd7c0053750747b746fd73d2c9e8c6fa41c,8087e7cb117bd9b59debf62ccc3a311a168387a0853d665dd693ea637ba03348
r6-tune2-b5-rho0.7,r6-tune2-b5-rho0.7,alw_win_w05_n016_d00,1a397b73cca8dd3883f7acdd5234fd621c6a55bb248257a1cb91c60b3bfd2730,c387924d5d6a15c5544a5bea94982eff1fe73ad9fc9d2d6acb8a9b8d5236567c
r6-tune2-b5-rho0.7,r6-tune2-b5-rho0.7,alw_win_w05_n016_d02,48d97f888236015f7ae383373352179b08d8d46665186515fe90dbce8f89d4f0,ec41af546392797b3a6b567a569ea7f6da0249c86d1e96a3c555641622237bf4
r6-tune2-b5-rho0.7,r6-tune2-b5-rho0.7,alw_win_w05_n016_d04,0ce24f56f552b55daa3a7eba346960aaeb1ca6e28fe4eb0ea12619dd01fe27e8,f349a097329215a70412ea09b9188c800ab38bef254ce12e50ef116b8fe5f8e8
r6-tune2-b5-rho0.7,r6-tune2-b5-rho0.7,alw_win_w05_n016_d06,523bed731c24e41f99a0a5f80158533277cb20db5a6443b93c94a717c3344e2f,3ca674d06af66195460c1d7f076465a478680b3fd98e233a9b4a020ba6e7af1d
r6-tune2-b5-rho0.7,r6-tune2-b5-rho0.7,alw_win_w05_n016_d08,4bd1c9fc82f8c2dc7676114109e653f66487749bf8dd912c484a4344f48b0b3c,b9e8bd51e3f2654855861e9f3563a3e5adab7fcf2c99aabe695a54574a85bbb3
r6-tune2-b5-rho0.7,r6-tune2-b5-rho0.7,alw_win_w05_n016_d10,8a22be062eb0a4b6ea0feff7bacb7704576f555db49eaedee4d9e09400c93112,84bd2ee65ca4588d8881a68fb76fb8a5504a7b9279b2c10f20bde77601f710f4
r6-tune2-b5-rho0.7,r6-tune2-b5-rho0.7,alw_win_w05_n016_d12,c784137c1439319a2db76df56e035bdea124c5e0c71ccf77220f9e40bca8ebb3,54a6fc3473aa3ba711f5fe05758d34d79af0421fa4e4488e642d6628aa865ece
r6-tune2-b5-rho0.7,r6-tune2-b5-rho0.7,alw_win_w05_n016_d14,22cf4b889bc9663050c07546cf206b62a1d1fd4a13cd18c19775985d0ce43232,7fccbc6dac694633ecf8c687578fb7d09dbb9d07fe770f4e01997b5da9bf0bc8
r6-tune2-b5-rho0.7,r6-tune2-b5-rho0.7,alw_win_w05_n016_d16,b44c4e40b989b26c102b3ca611e68f72202500472d7d62125664fe1ddee0d109,f65ed5795e58696b731b3d76162f7bdc241de4d894ccbf591722842603bec610
r6-tune2-b5-rho0.7,r6-tune2-b5-rho0.7,alw_win_w05_n016_d18,40503fac7f5a38b986fef01d575b699c648ec3c96e861ef30d8134b8b3ed5797,4089695d8502551ecaf71164de2bd40ae19c0088699acd6354eed3f8034bb879
r6-tune2-b5-rho0.7,r6-tune2-b5-rho0.7,alw_win_w05_n016_d20,a523e48623163888b4179bebb2941a2a79c04b538729410ab812166dd1a182e6,5d524ffe71cc09432fb118e565a6af145880dc7d7fa1757a41ff934edd9969b4
r6-tune2-b5-rho0.7,r6-tune2-b5-rho0.7,alw_win_w05_n016_d25,f8cd9d685fd564229657910703be1198d4c01d91b7a7dd5938785bb4c66b3035,d4c851c3ec6d4d5b8a794cb419f4a1edb3371384506084e6996bb5fd49d722d9
r6-tune2-b5-rho0.7,r6-tune2-b5-rho0.7,alw_win_w05_n016_d30,4864649396bf8e9934bc9e5864435240e5ebaf12193c5c524dbf686fa9bdb88a,8bd42c025e8529adfb395e123ed1cb316aa46ddb326998f03e3253a37f8f137e
r6-tune2-b5-rho0.7,r6-tune2-b5-rho0.7,alw_win_w05_n032_d00,9ecb10ace1740b3a4670085cb2cd23090c436a91350ba5df4b08b6b0cd260b59,67e7991cb3f4909978780ad3a78b895e922c486da041374dc5a9948d7683f98d
r6-tune2-b5-rho0.7,r6-tune2-b5-rho0.7,alw_win_w05_n032_d02,0f6a5ca18de4574c6c24f06972c1429223bda0c46fe5b1c4f058726f35fc515d,ceeceb1b6ac629f8e55dcd68f40f26d7d2df80191a862610f5e4d6c37f7c9bb0
r6-tune2-b5-rho0.7,r6-tune2-b5-rho0.7,alw_win_w05_n032_d04,a0a259a14c6717805534db8405e3f270f5a0f020fec9986b7cace64619e26c5d,d64f30d881cc28ae50d68bef2bb978ced8317607eb253422901448dbd5040aab
r6-tune2-b5-rho0.7,r6-tune2-b5-rho0.7,alw_win_w05_n032_d06,401293588036cde072cdd3f81216872f7f85a4f08ecc62e6e98667fcfd3d4bc0,996e38370a34422a32b85827dce68e39924216151bb4cb034f5bb30cf56beab4
r6-tune2-b5-rho0.7,r6-tune2-b5-rho0.7,alw_win_w05_n032_d08,26ee38b5f7657f52f5f04f1f279b8f6cfd485a046dc035c5b9f2ecb84f8dcdbc,34fde901df6ab0ad5001577ab9e543f194d27d9b558d2113fcce8fc0b68f6046
r6-tune2-b5-rho0.7,r6-tune2-b5-rho0.7,alw_win_w05_n032_d10,aa2c512cd9b1b472f72530ebf734e95bcdab65b3b44013d15e42c44cd9453055,046672af84c95a4d5252981b5fe8f7886c080581ccba8f5e35fbe387eb273a96
r6-tune2-b5-rho0.7,r6-tune2-b5-rho0.7,alw_win_w05_n032_d12,0a2e6f703c3555207413265a94ef33051eb8fa01affa49c35ca470d2e6889a7e,cb0bcb35c8222aef3b5373ea9deb3df4e6680bbaad9d7a28a6061b46584172b7
r6-tune2-b5-rho0.7,r6-tune2-b5-rho0.7,alw_win_w05_n032_d14,24e8f111ac830bffd0a3edd3ab1f14b9064f3cc0394868c07836f46661202543,608725f642e82b494656cf187fc6cc33313cc251f1ab3ffc0d7c4c6188398e3c
r6-tune2-b5-rho0.7,r6-tune2-b5-rho0.7,alw_win_w05_n032_d16,3d4c47ba68d29120dcb368bf248ef7bf195e011b3ee6536e67643b8d751dfce1,aaefd45b08a8ce53adc348087c77a6b94c7ca6dc9d412af2fc3c323fc0430aad
r6-tune2-b5-rho0.7,r6-tune2-b5-rho0.7,alw_win_w05_n032_d18,ebef1c3b6c60f5d868413a21b9c0d38960cfa300456c94d992aade1b7b23d49d,25943b6ac682fc2fc81a8228adff1e452ae4fa20f1fd5011ad76bfa118b7153c
r6-tune2-b5-rho0.7,r6-tune2-b5-rho0.7,alw_win_w05_n032_d20,e2ea381cd3d54143bedfccebf3f8ec8f27d003e6ff9a08dcc4d3dc79765ed36c,0a292d2e2c77e3b1d684b2b555ea7848690374d80e50fd512715f2a56384bcde
r6-tune2-b5-rho0.7,r6-tune2-b5-rho0.7,alw_win_w05_n032_d25,fbee15329a2438848a3ea4a2e2571b90870dcc35f86af99dc9db8900d79ab67c,ef9e5b7babafa7f6922955734d4b6f5231e61a35c1e79f879285268a39a16f82
r6-tune2-b5-rho0.7,r6-tune2-b5-rho0.7,alw_win_w05_n032_d30,0635ef73d5bd742efb68ce03a3c3e562f4ca223efb792c75e8b55fb8ddc4687d,8ff483e2b3713049bf188046346bfb40f16554ab476c48ba74904edac0fe36c6
r6-tune2-b5-rho0.7,r6-tune2-b5-rho0.7,alw_win_w05_n064_d00,ef04c92e485120a6c2d0e495baa1d491342f9d8910a5ddf6d535bec4835ceb0f,82bab121678ed7336e6d26857f5b76482092fa19810a2ea11db32057ac024f74
r6-tune2-b5-rho0.7,r6-tune2-b5-rho0.7,alw_win_w05_n064_d02,21712c2682b1cb8eacc816db28ba94ba2f10dde88b51c1e2df2fb4121e1f4063,72c4e6aa3cad1a72da23927d3519fdac1b1ff65ff01f3a2c2b16701c3f4bc57e
r6-tune2-b5-rho0.7,r6-tune2-b5-rho0.7,alw_win_w05_n064_d04,644b98acbfcd7be6aedf5cd3ae4d18825c94e26e2c79b6ebdd747082da4a259f,f4e2f7fa7aae65a2aedaa31ebfd7be2bc5a384c00c02fc34442f09946d3f16e1
r6-tune2-b5-rho0.7,r6-tune2-b5-rho0.7,alw_win_w05_n064_d06,907f80e54104c2a3626d5d933238d3f39e731ab95b04c27b37a20f4b37ab6314,62092c371326203e9fd424463263473fead692470494ab8735426a324ef01ab6
r6-tune2-b5-rho0.7,r6-tune2-b5-rho0.7,alw_win_w05_n064_d08,ef7b3ad0f77821960b65e44779c07f5fff1bfaab7f15041253f54409180cb68d,2cea1e9e6994c7b5bf2467abaa45f382f6b13f13aae6c097f4e2b3a9ee137074
r6-tune2-b5-rho0.7,r6-tune2-b5-rho0.7,alw_win_w05_n064_d10,f4e70203cfd028b35c3656625013135583a78765480f3173e29040be9342f639,f84d1d3dd92dd9597622e8ede5c49f27fc729e38bfb91e022d354dac0ee85528
r6-tune2-b5-rho0.7,r6-tune2-b5-rho0.7,alw_win_w05_n064_d12,47c7ad14783104f77fcab7763765fd98a0d37aa56376f786f3d5bd63a737ea8a,0631a46d1e91ebb5feaca9512e673b5f93bc5f5bdf0ab7767ba2669b8c468285
r6-tune2-b5-rho0.7,r6-tune2-b5-rho0.7,alw_win_w05_n064_d14,51428473329acc499f7f90ff1e214bc4408ec1cd6fcf7179b0ce6e1236e6a37a,7f45480eab88091651659247950374f993c50e31c0a7f3f752f703ad6203f619
r6-tune2-b5-rho0.7,r6-tune2-b5-rho0.7,alw_win_w05_n064_d16,84122dddd975964717f0237e773afb78808f0434a7f77e406748097b01e08920,44faf75f21bb1f19d0c09f4adbcfb89f3d5bf3336884a7727d2dbe524c2d7dc8
r6-tune2-b5-rho0.7,r6-tune2-b5-rho0.7,alw_win_w05_n064_d18,5cb7dda87a84edc8435a1b44151d1618e57f0fc895d6a230c48f305be1b730d4,c85ee2587fb79a8e404b86cf0a6555c07a093ed5d464eb194a3e9ec75ceeb6a2
r6-tune2-b5-rho0.7,r6-tune2-b5-rho0.7,alw_win_w05_n064_d20,eb10ca1125cc27784a355925684be0c406d74f53d2defd4cf9f1f01a9c2b1356,7d0311d7cf4ce23414cc8f574cb584af95e14ef56f4ef3046a03a20d0ef0d0af
r6-tune2-b5-rho0.7,r6-tune2-b5-rho0.7,alw_win_w05_n064_d25,a13f3be5d9b9bbac43ba23cb4fffb813d50356c678f9cb5db139b0bf0c287cd0,959682f47fe6eba294b337e5b6dff364357d7fdfc90a8b7ac9c30c39b4c0e18b
r6-tune2-b5-rho0.7,r6-tune2-b5-rho0.7,alw_win_w05_n064_d30,d890f1652c3b208c58595074b0f88a084e6fc7cb4b09aa48894a892e947e85f2,c3543df40616b7b2709ad532d59a14a030acf6dfba00ee208dab3a6803d70bf5
r6-tune2-b5-rho0.7,r6-tune2-b5-rho0.7,alw_win_w10_n064_d00,763ccf04450c7e2f98d6294934d7c764d6ac98d2fc1d847a3c2b313ed6a453ac,0f4f084e4dcdbdf74251af905db434190dc97697c304b3752a2b7975fcf2e229
r6-tune2-b5-rho0.7,r6-tune2-b5-rho0.7,alw_win_w10_n064_d02,64f1f0ffd666af786737c7d828d9473b400d9026dbdf53b3d2f7868324380f17,6ccaa5b239d16ce48cb474ec9a178d7ad5337839651998de4864309e1bc84593
r6-tune2-b5-rho0.7,r6-tune2-b5-rho0.7,alw_win_w10_n064_d04,5b4f93e23f25cbf623b22e139354a8b05a294505e85c636f3eccb4e9906c41c0,47da5758977746426ac3a51273f9499d11ea6d5f560b3e9d445b86c63089b77a
r6-tune2-b5-rho0.7,r6-tune2-b5-rho0.7,alw_win_w10_n064_d06,8e5a79f013681648c284a99629f75e93c3b707a10f7b72ab35a6d6655789262d,53928f029982e9f63125b843dbc540ca01c9feef0efc5d8948e905e01fa4dde3
r6-tune2-b5-rho0.7,r6-tune2-b5-rho0.7,alw_win_w10_n064_d08,aa9cee5cf31dfe68a123e480a8a35eb576a9ab34e63147301959039c3aa8010f,1525cc7ca65008b52591d57ad1e49b186f6949570039fd7fc16891b6c2a8c638
r6-tune2-b5-rho0.7,r6-tune2-b5-rho0.7,alw_win_w10_n064_d10,9c51fb3e1bc2f6d79389ca447c2d9e08003372366be917735d2f6e06533ca38d,061810bbaa6c3e1c238c5986f24218be6fafd32ba16d5328c8cc5e69111cd5de
r6-tune2-b5-rho0.7,r6-tune2-b5-rho0.7,alw_win_w10_n064_d12,7cf0a78e1dd5df109ed505fe03c0431d048715f6a39379054ee0ada4f954db91,19e5a8365fce4fc6393bbf9709e30761611a816f726c063cb056cc2cb32a9adf
r6-tune2-b5-rho0.7,r6-tune2-b5-rho0.7,alw_win_w10_n064_d14,a0ff5d92e5f9353556237f3a9a30c80233a0b561b0fe51975eefbf3de3d35015,ed368be88200975b04cf519da7d8e4f8642c69e4ad54a34c5f13b3f1b73d2bc5
r6-tune2-b5-rho0.7,r6-tune2-b5-rho0.7,alw_win_w10_n064_d16,4f8b851a43eacfd3d39d1de9d0f17250f45e35d7ffc8b8f00fd4dd0561f50de2,fabc7c468340775e2299f9a49dc1ea224273fcc14f072a558dfbb8d97456a0af
r6-tune2-b5-rho0.7,r6-tune2-b5-rho0.7,alw_win_w10_n064_d18,ff2967a229990011496ecfa046174ae09b9d70176bd6573cd29301c6d8a869ec,4de286bfa4f529851945e8def567329ff8358800a222d270cb56749d8fd8b8e5
r6-tune2-b5-rho0.7,r6-tune2-b5-rho0.7,alw_win_w10_n064_d20,ef57461790eff8c4e2ba1e77c2445602b09237ee694d53f98a9480f56674ff94,44b6a767d63dd4cb9cf8469d43c10f82c84f68f0ad4630acf92dbec7e755a039
r6-tune2-b5-rho0.7,r6-tune2-b5-rho0.7,alw_win_w10_n064_d25,2f46f1ede3796221bcf6cbcac935b9fd30c4aaf73e89b80c9669de992e5f24cf,f32c0353d2b96c8a98fd4b8ef893985f23177568c3d30036390a2ef51adefd23
r6-tune2-b5-rho0.7,r6-tune2-b5-rho0.7,alw_win_w10_n064_d30,f38636c04959fd9258e1a62a59649e87f494278fa15925520441bb484f2b4084,0ee26bfef65a0f7afdfeeb3db2a92054b2619af7bc3f9e45111b5e0bbef8a587
r6-tune2-b5-rho0.7,r6-tune2-b5-rho0.7,alw_win_w10_n128_d00,2cf4e729842e59de4c0f6245113bcc6464969784510a799f9235c1a43de4d2b2,7135c138317e643290be6c7f92a5f258221ad0893cd483059f9ae492ddd6c26e
r6-tune2-b5-rho0.7,r6-tune2-b5-rho0.7,alw_win_w10_n128_d02,a8bf5a873070a1862c15eb2e38c98b52ebf3f2c7ef298573f8cc77e25e35a6ee,e40042b482bb2b1b2ddbf00a80e00246d4528aab6c87fec05e01e5a0733f6852
r6-tune2-b5-rho0.7,r6-tune2-b5-rho0.7,alw_win_w10_n128_d04,d1e5f9300696bc5ba79af0473e6de6eacf0ae5ef513eef9d0a8a4f3f55c1ec20,a9f897f94bfb974d80261a47aa92fd58d9bbea32710c959a9cf8a9892a93922e
r6-tune2-b5-rho0.7,r6-tune2-b5-rho0.7,alw_win_w10_n128_d06,e2ab69299f68e7ce3ab8f671a53410cee62c62ec32750d26cb66ba4bab9e3509,b79b7814137ab02fb9b05320f513b3d366eecb8b6db1cbacd92e19e089feb681
r6-tune2-b5-rho0.7,r6-tune2-b5-rho0.7,alw_win_w10_n128_d08,d284079e25b340d33ae99f45e257fedc5375e7553b4697e6d218f39c8a861ba8,7d8129d4ea87857f005981cd76a40916e29647b09936c9008991b0daf6a08c2a
r6-tune2-b5-rho0.7,r6-tune2-b5-rho0.7,alw_win_w10_n128_d10,1eafbfc31a2c9433ff339fd459ee72068a326f889b2f64e2f4668235600cc6fe,1617fafb65fdadecadf822d8b376eb025e0fd56287731eded9e3874921945958
r6-tune2-b5-rho0.7,r6-tune2-b5-rho0.7,alw_win_w10_n128_d12,f021d1e4a6d4709d60fb5fa1ded0e5ecc610952cc487a9aff9dafb56b426aab4,8905827e0ed686c9850e744c284bbf89620a7bf793afd7c33b92ccac9417146b
r6-tune2-b5-rho0.7,r6-tune2-b5-rho0.7,alw_win_w10_n128_d14,19b78e32b4041e0ffa9851698a21ee60ffee552d991561ea970898837dc4dff1,8a4c37cac9e37ebf12cbc1ef6e8bbffc22f094d02284bc6074396bffdb5d8446
r6-tune2-b5-rho0.7,r6-tune2-b5-rho0.7,alw_win_w10_n128_d16,8e91ca29f6db36ff8a2ac406800c55cd659b5e2fa1607e23ae1260e95fe10e11,d26447aaab9772fc1bc3db5fc2ae18f6738a90c6c8d33c8cdff770f841692622
r6-tune2-b5-rho0.7,r6-tune2-b5-rho0.7,alw_win_w10_n128_d18,82e5e38670f1ee029680b5634a4603ad2790be73eac18185843d58af7f74f1b3,b9644e4d80b5231e4834a65a9da229114398d9b1c50f1737fe85638d17d8f662
r6-tune2-b5-rho0.7,r6-tune2-b5-rho0.7,alw_win_w10_n128_d20,f2b29aba2f2c4c9c324fa6b58966ceb4ca92a97928d1d076901e65b263880bfe,2c6b0d9730a6950abf37de3084eadd7b5e234a376a639aac7cf2ba02b039168e
r6-tune2-b5-rho0.7,r6-tune2-b5-rho0.7,alw_win_w10_n128_d25,33288fb01b2ca810b80bf56be7badf8e81938dfe94afca9aad2c02ce34c7c7ac,fe01faa50568dab9ef9862d1084a45d34a45fde1d334b1d5212bd4f4ad1f363d
r6-tune2-b5-rho0.7,r6-tune2-b5-rho0.7,alw_win_w10_n128_d30,1a85cac45ddc5478f7321d5feee7549b5c2bf0265ebb3e897e62f52ebd074981,20ba172d8bdf991624f63e2078c30e6fec1182815cc2e1d335366020aa01059e
r6-tune2-b5-rho0.7,r6-tune2-b5-rho0.7,alw_win_w20_n128_d00,ffc1f96928441963dc4b89b73e08728dca4cb7bb449599d6b09faadc31e8e100,f020a2b27945b20a0ce205c8bb5de1444021b450232a139ca673b7292332ff4a
r6-tune2-b5-rho0.7,r6-tune2-b5-rho0.7,alw_win_w20_n128_d02,9d79d2fd3f837308ba0079bf15959753339b106c3488c49626aabb04d8372e20,5625d69c72792165c9cdb34b9de16bdc9c3fc08e46bbdbaf2b69b514393a51d3
r6-tune2-b5-rho0.7,r6-tune2-b5-rho0.7,alw_win_w20_n128_d04,8c08af60fa513b50a22ebb5a05efed3c0c214bcce2dd5b472932577b20b4f2f8,6c131e8a114cecdc2ee09b210f3ffb58c77271664a551ac06167656c4c9e7a9c
r6-tune2-b5-rho0.7,r6-tune2-b5-rho0.7,alw_win_w20_n128_d06,84a268a06b7ecd6ea0560a9d8ea044b37187bd829f1eeeb020c1bed8fdda035d,4e2491dcab4555055fa30befc73240a9302d0978ef91f2e2d96e5764136897e0
r6-tune2-b5-rho0.7,r6-tune2-b5-rho0.7,alw_win_w20_n128_d08,e3e8af01501fba0d25dacb45ca83b493b8883fe2c1604ece40dc70f55582f6cb,eb068d2b1f588ff960319d0bd3cc620ae9ebedccd74b80b2ee6076ea668510d1
r6-tune2-b5-rho0.7,r6-tune2-b5-rho0.7,alw_win_w20_n128_d10,c118490d60cadd443c44e014afaee39d02cdeb7e6702316b53e8a4f1b7681d90,327afaa8460bf42adb0fc1225821cf7582257465675643b224f4a99f495320be
r6-tune2-b5-rho0.7,r6-tune2-b5-rho0.7,alw_win_w20_n128_d12,e1b57922166f2091b0143478efd80cac497a7011f76db8ed6dc71b637fb84385,10eac7d5e732def2322271c6d0dcdb7d8ad06e2e51bb7d5b091442d28c4e3a3f
r6-tune2-b5-rho0.7,r6-tune2-b5-rho0.7,alw_win_w20_n128_d14,c0fa2cdffecc19d8fb00bf32bc64f3d951e322d6daf65d3ce5f8b508f5c1053f,d7164801f9c2f0bbcae674a12d6ca6896acf51cb3ba78e6a219919882cc84950
r6-tune2-b5-rho0.7,r6-tune2-b5-rho0.7,alw_win_w20_n128_d16,29a943ce5a01d36df76a89ba51899d8f5905c829ccc08b8087d10c7efc70ad63,deb98ee23db6717ff36a7bc410058b26334a20e9b421db39a406402439306bf5
r6-tune2-b5-rho0.7,r6-tune2-b5-rho0.7,alw_win_w20_n128_d18,204a2219c5c5162579996049ecd1e0e862c407df86d0ba7397d56b79c9f60f87,02978b5df74d2660c49ecc31bec56ef2733f49354e5f04d6f33e916188d8a2cc
r6-tune2-b5-rho0.7,r6-tune2-b5-rho0.7,alw_win_w20_n128_d20,759e9371afd798c60738c27d6c404e234f65f55e1fcb8053d0364da09c5f7f4c,01eb6d8a3733f1a3837a6edc148f49bfeecc264cfac0ee2754e46ff37aa85003
r6-tune2-b5-rho0.7,r6-tune2-b5-rho0.7,alw_win_w20_n128_d25,c291187d798a8c24875a9db9d8d37d7c4fa73c8f270f051dd0ba67a96e0ad6c7,ff8c2f0757214dbf347f883ab41046592d239e3be3ca96c375326280bb8c3c6a
r6-tune2-b5-rho0.7,r6-tune2-b5-rho0.7,alw_win_w20_n128_d30,f46781b40f515da3ab7113f30201bbe35fdee7b25a601a406ac8b0dfd382eb1e,a25c5daa34efd71b3f31822959796792a794667ae053f05223fc181142ef2219
r6-tune2-b5-rho0.7,r6-tune2-b5-rho0.7,alw_win_w20_n256_d00,ea64d6643d617c5e48602ce688b203dbc11a3ffc3732587f78ad3729afc9d462,924a2e6fee8f2065e7200a01208f5ca4b429ac7d53253aa583f2afc497ff560a
r6-tune2-b5-rho0.7,r6-tune2-b5-rho0.7,alw_win_w20_n256_d02,ed2cbbd9f371c7cfdc84e54159cac322f04dff482ba9c86a3b08544a99bef64e,87ab611a23741914643a54d0474e06d22feb5b060710696734506bea731d81b2
r6-tune2-b5-rho0.7,r6-tune2-b5-rho0.7,alw_win_w20_n256_d04,444788815cc4b5f736caa4532f983add64f5b2cfe2fa4b73c9e12510543cddde,25be84b97ffb8dc6465db68340d325a362cb2a889660646a0acff60c8329d2b3
r6-tune2-b5-rho0.7,r6-tune2-b5-rho0.7,alw_win_w20_n256_d06,9252ae56ff78629c65a8a45c776ec2905f5faea298117e0bf0a9ecaa7d41b98a,c9140dd59da909e50468ce3060378830bf9b30dbaf9ded2bd3978be16650ff85
r6-tune2-b5-rho0.7,r6-tune2-b5-rho0.7,alw_win_w20_n256_d08,b83c052f4d3ccd12b03720613fb32ad0848251944c8965d3fa44ef80d33fca59,8975ed7a3b6c071e602b36b9938ee81cc0d757f04f022eb4e2f46654b117e70b
r6-tune2-b5-rho0.7,r6-tune2-b5-rho0.7,alw_win_w20_n256_d10,e283361b0f47c38978d4f37ece32d576dfdfaecbb51c8c806e8db0ff94bc8134,127b3a7190a076a28f796257e0ddd06b7765f130949d2705ce2cbaf98fe5e0f9
r6-tune2-b5-rho0.7,r6-tune2-b5-rho0.7,alw_win_w20_n256_d12,afc64c51d1acab15a1218d66ebfd035afb52454b749a842b5f4b8b2e838b0727,eb2c667bbb3eb655d85268adac98cdf7788997b57849189b1fedf81cb78b1385
r6-tune2-b5-rho0.7,r6-tune2-b5-rho0.7,alw_win_w20_n256_d14,be9ca65b120efe33acad51ceed2637c20690920385f4392afebb45dfa791962f,70f8e17d83a3cb527ff1de8fe3be406bc632273059e928aeebaf8e8ee683a1e5
r6-tune2-b5-rho0.7,r6-tune2-b5-rho0.7,alw_win_w20_n256_d16,c9e1ab96c0092255c6e9cc5ff13e30be046e18c3ce217550fec17fa571e587ad,cfba41c3dcf630f17a4cb4fb0704ef173f75317e70ce2a365953b71e686eb47f
r6-tune2-b5-rho0.7,r6-tune2-b5-rho0.7,alw_win_w20_n256_d18,54c8db6f8fa52d1a30008c37ff68e0b2253f4f4e23690d61a5eec52cbff02ee0,c7556fe9372a67c5432581d40209baff914a495c12bd867b6363fcea9e1910f3
r6-tune2-b5-rho0.7,r6-tune2-b5-rho0.7,alw_win_w20_n256_d20,c4287c1791fd49abef60fc33a722bf2cd30c4c4a2313e28b2b62aedae8cb6bd2,14a464c763640faf0c1b7f69e6c595b2d8c3e9f67aff856ab7bd0dea66b9f3a7
r6-tune2-b5-rho0.7,r6-tune2-b5-rho0.7,alw_win_w20_n256_d25,f8c09467748bbf8b2ffd0cf3400badb75cbf326e13124d70456a7f0bd73f272d,0ac08e6f4eb52ac98cf2bc595927d9e71e433b33b13b7e7143ead587c2dec3d3
r6-tune2-b5-rho0.7,r6-tune2-b5-rho0.7,alw_win_w20_n256_d30,6a398e462635a2a3dde94b2d443e959ed5ec86fc505a29ff74321c41fd5412ee,fbb188141f505b181d6d40edc0f188b380e0ec6dbe2f91bd35273c82503b22cd
r6-tune2-b5-rho0.7,r6-tune2-b5-rho0.7,alw_win_w40_n256_d00,79e09a3664988de82ffa040c54157c91803501befe523ba94af688ce118db1ec,0327a9f68696f5e6e952f2fbf37c6164fb9bf2a4220776a1d7f12ac62de3c4b4
r6-tune2-b5-rho0.7,r6-tune2-b5-rho0.7,alw_win_w40_n256_d02,3726c07e3626b679d481588e13e9cb8dd97b0e944f278138d7e9f202fbbd60ba,b62fb4e37b31fae390f449d39607daf393c7ce3e2c8230e7abb5938b2982352a
r6-tune2-b5-rho0.7,r6-tune2-b5-rho0.7,alw_win_w40_n256_d04,85ac0c373f7a9b63b5f0b193d2f011e357834554916eea1cab823d254697a9b2,ae30c5280beef0f8df4e60a030bdc8463b2741f510a31373fc849a5a4023bdfc
r6-tune2-b5-rho0.7,r6-tune2-b5-rho0.7,alw_win_w40_n256_d06,b12831d79d0885481ab4774a217f48f2b3649474e8fcedf7073d452caf92cb5d,bc91ea3b693c0d027d51051b81165fd7c11eb5c1a037d6be6a11e16a2585a106
r6-tune2-b5-rho0.7,r6-tune2-b5-rho0.7,alw_win_w40_n256_d08,aa91621f51e7af6fa9294b9495a4641f71f402de000d1c66d76322aeae8e2f35,45cc4d0695414a023ca7eeacdcf93bf3b8f9dd16b4bdbdd6e0bdc99c006accd0
r6-tune2-b5-rho0.7,r6-tune2-b5-rho0.7,alw_win_w40_n256_d10,128cb812aff2b4c3222ee1d0830a3897e6e28e76f8fa1cb52a0b19c2b387aee7,43a79dc3687ef71b7659dfb62d0789e7f2a4aec37c04fb4f87b11c6c8787193e
r6-tune2-b5-rho0.7,r6-tune2-b5-rho0.7,alw_win_w40_n256_d12,1b0ebc1acd36a48c6bdae118c73cf60e39a9541103196685626e76b41490be5c,13162f54426849fea4076144c95d530692d5e0cfe68c7ddc8dde9e284df3be29
r6-tune2-b5-rho0.7,r6-tune2-b5-rho0.7,alw_win_w40_n256_d14,4cabfc507f8b246c71809b8a9bed78bd9c1a1399d21564702f87110ec4126a16,b1ea02427a3d238394f661d682613b33730f6c152d7d97481fadcf7d1f1d9a38
r6-tune2-b5-rho0.7,r6-tune2-b5-rho0.7,alw_win_w40_n256_d16,7ab1544d7bc2d387eee2b69037f7fc6f97e570ebbf7d93c40d37e8db949eefb8,1c6cf71c5c7743ab2e5c86336ca2b129954f6f06d4f8da56cc735a60199055cc
r6-tune2-b5-rho0.7,r6-tune2-b5-rho0.7,alw_win_w40_n256_d18,44f191f6a163259f78c850c3bb809d48a3f02faed668c09aece2b34546f7f65c,5ca01cf3846899174948ba242025c8453c1bba911e052d2dabd2fe77cf9a4906
r6-tune2-b5-rho0.7,r6-tune2-b5-rho0.7,alw_win_w40_n256_d20,ef2d9da2e1ec16f3dd08eadba3006cf60c67b32764ed2b2434462aed5a5b4c0f,ae73cc5c4ce62365a69699e62801a4d17e117d6064df2b5307c2f48466dbf398
r6-tune2-b5-rho0.7,r6-tune2-b5-rho0.7,alw_win_w40_n256_d25,8135b8192bcd1cae3e80008fd0894af0c7db4a630c296c5639cb1d61b94b4903,abc622386a7d461c2eee74acbb36555323bb8d6b47427d4c75ed4d762bb885cd
r6-tune2-b5-rho0.7,r6-tune2-b5-rho0.7,alw_win_w40_n256_d30,7f351378d0324ae82a6fe416dda5ce4dbb6f8bb06b7877f790263ef1b64c64b3,d26c553f2c02e7c97ded35a82ae4d1091cc9b20addf7e6c8dd559e2c4d3a7438
r6-tune2-b5-rho0.7,r6-tune2-b5-rho0.7,alw_win_w80_n512_d00,2dc1cf2fd2b699e330138dbb2209f636eff4dda37699e8662d183c2d43923407,0f3aef19be4c27da002ee95518faef50a0ae85ea693192833a04205ef3dea85b
r6-tune2-b5-rho0.7,r6-tune2-b5-rho0.7,alw_win_w80_n512_d02,465d629344c98434842834c47b4436b794d69e20d4b158e1f776b1bd8a740c7d,f416c6fd053f7b025cfe5b95ab4b6a6d51300c89225b2d2f58acdcba20fa9bcf
r6-tune2-b5-rho0.7,r6-tune2-b5-rho0.7,alw_win_w80_n512_d04,2f565817657b6c8c48b0eb19f750e63a547829f495899fd4f0f93ad09862a986,ad2331f918b731f6e1a30294122a167b069ac69cfc1fa780c5c1a7f08eba5a04
r6-tune2-b5-rho0.7,r6-tune2-b5-rho0.7,alw_win_w80_n512_d06,f7d01dc47191a77ed49669fab6ba5738846e488c06c37fb420ef1d320c5dc434,6128e89fb495911446c4dc3c51834ae8508fc67e22e94d05c1e8e4ba053cab94
r6-tune2-b5-rho0.7,r6-tune2-b5-rho0.7,alw_win_w80_n512_d08,a5739ac93ecf2049c1a2806dcca499371f9502f42b790393354cc8b772dd3d55,4552b17871217fc093739b38ab30a7ef924c0382c31de8ef41dbed7a4c993e7e
r6-tune2-b5-rho0.7,r6-tune2-b5-rho0.7,alw_win_w80_n512_d10,b230b4088bbc615570b6379e31d659e8960eeed4c163f502edd0e0a81c672472,c71853bad9337e0b611c003b562c190a1081aa35493b78cc85e252524f16d10b
r6-tune2-b5-rho0.7,r6-tune2-b5-rho0.7,alw_win_w80_n512_d12,f6fbd9042a687063b7250a80559aae551c2a6bc08560ca2d3a411339b404643f,8bf6246cf4db1cb833cf16e50c85ef013f2f015758538df9908c36af130e7c71
r6-tune2-b5-rho0.7,r6-tune2-b5-rho0.7,alw_win_w80_n512_d14,9ebaec98f393e54103c3d906ccc5bcbb7c175d1ccad14ab5d2560d87cfe2837f,981900151c60018f813334097b301b087e422796a2d73ee02a080311c747400c
r6-tune2-b5-rho0.7,r6-tune2-b5-rho0.7,alw_win_w80_n512_d16,ae5cbcd13b6cecaaee0bd6b8ccd014632398e6071cba6a0523eb7541214faa50,2f69dbba515880cde40cddf44dac5328a5d071d5bf6b90f95cd1f6574f7a244a
r6-tune2-b5-rho0.7,r6-tune2-b5-rho0.7,alw_win_w80_n512_d18,08f86ffa54fb622c317d1138a781717056c3d06c862a7c5879ec0b73ada7877c,2e7e86ad9e56c26f6f284f47219073ce5d15eda76c76f9b560ccdb7f96253304
r6-tune2-b5-rho0.7,r6-tune2-b5-rho0.7,alw_win_w80_n512_d20,9efe7835092438f950b83f0a7b38b76907565bb525c93c85d77b2694dca1507b,d8a2c29d379d31b7d4c8784e1c20a959bb0db3190b872a84e6d9436873170c55
r6-tune2-b5-rho0.7,r6-tune2-b5-rho0.7,alw_win_w80_n512_d25,743d7bef15caf43eb44f4168dc6ea080ab78bba89612b0b8eb96e2597c2b3896,1c9ebb5a99bbc387e372637a95629cdbd715431587c23181d8957489d1518d12
r6-tune2-b5-rho0.7,r6-tune2-b5-rho0.7,alw_win_w80_n512_d30,03b876d00f0ead9c237e751f064a3278710baa86cec919786c65238293e32777,d159b14c5f5f0078e353d1e16864993dcecb939d1f91f2c8bd9d876e1299d45c
r6-tune2-b8-rho0,r6-tune2-b8-rho0,alw_coc_d00250_n064_d00,9e376c9dfdef352fcc0752019009fafeb4961197e9e1ff0fa673ac32d7dbb56f,6bd77d568d1a4d47719e1465117485a30cb20281040391b4a09423fdf77626aa
r6-tune2-b8-rho0,r6-tune2-b8-rho0,alw_coc_d00250_n064_d02,0d36afd1640200bc404077db03fa4fb5cb8905099fbfb03dbb363fe30964a6d7,820f554a716c5a5afe6260c988f054639ebd3ae98272bc2deeeb2dbeebb2a907
r6-tune2-b8-rho0,r6-tune2-b8-rho0,alw_coc_d00250_n064_d04,602710ec9b62d68bb203675bae0540a40e334739082145afd2f91dc1d7c840ca,e1acfe3a13a7ead16404d97c1a76bf4f45e316da430464b7513a3b7d506a3e21
r6-tune2-b8-rho0,r6-tune2-b8-rho0,alw_coc_d00250_n064_d06,280d1af87073ab63ff6bcfbd64bcda8ec7cad65de84489fe1175e7038ceac202,008ffac5a8d5c12b4ddffd16d855c7068dba8cb5da85d3c43e6baf990d5e65ef
r6-tune2-b8-rho0,r6-tune2-b8-rho0,alw_coc_d00250_n064_d08,2087c94b8a9491a5af2e2f78ce6a72eb1d4ee6ddaeb7edc95627e51b0b6f0273,a04ce7bae038b2ddc94df1848f042b50e33352e4d728159ea05f34a2b4946b3c
r6-tune2-b8-rho0,r6-tune2-b8-rho0,alw_coc_d00250_n064_d10,2f8688a164c87d64a94490b61a684a9061a6ae0da17dae0917ebadf7bf4b311d,3e72d86042ae632d288edb5b7878f180c4ef6cc1a0e003bfe9a0d943b9664c2f
r6-tune2-b8-rho0,r6-tune2-b8-rho0,alw_coc_d00250_n064_d12,24fae9cb05cd885e5f5cc6df36bcd1d0969865de172742b76a6c3a2a80d88d5a,7feaae65b29669c39ff65e92970e7e098ce7227690153c17469a518aca18a665
r6-tune2-b8-rho0,r6-tune2-b8-rho0,alw_coc_d00250_n064_d14,7fa79a8123370738cc84b3f08e1fc2bb437a71d4bad2268df667aed63bdda449,1674217e2a1b9fa17aeec15dcd1559fce618f9b36723016e9adea77126186ebd
r6-tune2-b8-rho0,r6-tune2-b8-rho0,alw_coc_d00250_n064_d16,6ac62fa2182f7e0de9bf6f97a98653177cd0e7946c913a4581def8c0fe5d7982,44fbe8800baa19c96c1f269c7336855fda4bb4be10018048b391c7798fb9f270
r6-tune2-b8-rho0,r6-tune2-b8-rho0,alw_coc_d00250_n064_d18,eb339fb0ea1221d44f60ecd2191eb8ef510b7de74952effe909e3c92c7d30e4b,9655bd78675ea3db7691ce483b9b55b90dd26b0b30df13c9cd61d3c6417c8dfb
r6-tune2-b8-rho0,r6-tune2-b8-rho0,alw_coc_d00250_n064_d20,7192988fca02cdce96ebeeffd93f692258a66838ea12e017696309811bab4a40,c213cd526cdb0eaadbb20b3f7ea1c929a4581df60ee7f171c333e0f33a248d70
r6-tune2-b8-rho0,r6-tune2-b8-rho0,alw_coc_d00250_n064_d25,e9da701397415d5b77f6bb35ef7b7719304f915754d3633c8cbc6a4241c81f09,0a241f4c322856941b0b408ff3b4ab7819c19be8d59db2dc10ff089b933efeac
r6-tune2-b8-rho0,r6-tune2-b8-rho0,alw_coc_d00250_n064_d30,addfc3f8a374e361d9ff7a766a75a90e2755df7762feaeaae7cff357f6107489,364b8933c7a55774c555d9825cd63f704ad5739c0a699c14f21fd4df5ae25f26
r6-tune2-b8-rho0,r6-tune2-b8-rho0,alw_coc_d00250_n128_d00,baa20c3eb07ad16a0db7cd8186255905ed0c02d286a30b9501930186ab5b5e89,15c91723bba91119e9f6b4c306bf99fb37f3ab0977c3192f172a84bf043b04bc
r6-tune2-b8-rho0,r6-tune2-b8-rho0,alw_coc_d00250_n128_d02,4e9327a40565bc4fb85e6d39274cf544863033f1c1e205a89c55ea0914d22c5d,ea8c4123b5d488f59ce630db28f803e8c28c05e1bee9752b53798f42734475b0
r6-tune2-b8-rho0,r6-tune2-b8-rho0,alw_coc_d00250_n128_d04,4e6ea17326ff70a71ec15777840e9f9a9343230e1b59990eb4aec8b0e9e89671,e591a78c977bdb911f6b61a0b8746864e185314278cb48cbad659379e449e574
r6-tune2-b8-rho0,r6-tune2-b8-rho0,alw_coc_d00250_n128_d06,7fcf82aea23793ba26ae843a9e907385a4c4c8c2b5d9092c30460b07b6b8800f,84ada5ccfe5f474955d32c142a2bc018abf005307b9a52f0f560a2a545de2bd6
r6-tune2-b8-rho0,r6-tune2-b8-rho0,alw_coc_d00250_n128_d08,50abf516ba28eae4589c9ccf93959f1b9311fd806ad4bf371a4fd623b3f198a7,e44a98cb7d124e36c8bfbc50cc7c2bfa0d84b8dc8686207658f39eaed3255cee
r6-tune2-b8-rho0,r6-tune2-b8-rho0,alw_coc_d00250_n128_d10,d849a54fc6cb08677481a441579279391ef24e83e4f85ec88fa6cfbae455b8b4,a3275bfcd441a50395c3c9636534f4b07ae0ed4bd74d5b090cae813b1acd9e09
r6-tune2-b8-rho0,r6-tune2-b8-rho0,alw_coc_d00250_n128_d12,3f5725825506d6245117ce36f06eed8824ecb102f2a2706126739fba1de92e91,ed75b5d905f63be1de377434e3d1dd9057a24214fac5e8bdf8295cbf5c25237b
r6-tune2-b8-rho0,r6-tune2-b8-rho0,alw_coc_d00250_n128_d14,a8972cdc71a08ec36ae6404744eddd8d1f85b8f3b5e62c072fc744d71eacc109,e8a640da16c9d15055c696d6ae8f64701bb01a21be15825792d5610c891e7c13
r6-tune2-b8-rho0,r6-tune2-b8-rho0,alw_coc_d00250_n128_d16,2a9b18f6595444697aede64f5c017bca89e2bec656630e5659f48ccd6463dbd9,748945f9d1ad63f81320fe2b5363d56c5c5481bb4e041e25afd4e3c96be33281
r6-tune2-b8-rho0,r6-tune2-b8-rho0,alw_coc_d00250_n128_d18,748af5a139586e55594095a7e23fcdb307512b33f5353f660121505bee74dc3b,e44b102fed7a772da97d927ab7597868abc96430f7b2972f1791b2b7c281144e
r6-tune2-b8-rho0,r6-tune2-b8-rho0,alw_coc_d00250_n128_d20,7435e667e2941dcc879ee493d693dba185e4a9efda2f12de8600d9818d827b6c,8ee855aca06281a826640c6292f85280a4b81e5b4d1eae0d133730be69a190de
r6-tune2-b8-rho0,r6-tune2-b8-rho0,alw_coc_d00250_n128_d25,7d132d24f598f585496baccb0b0b750cca107666a1ccb250c62226feebc00a0f,9bb7ab27a70c6b1fb464ac4b5beb9adeacf2def279dd815059e9b42269ae2db7
r6-tune2-b8-rho0,r6-tune2-b8-rho0,alw_coc_d00250_n128_d30,317444ede7f3fd572bc64ae97e792e61b8cd3ec6288a4578e0bc179e7a5dd54b,f6ed703a75e3b0d658aa970ff1cbcd8b79122fda7bb12f76b0ac1d3bd6452939
r6-tune2-b8-rho0,r6-tune2-b8-rho0,alw_coc_d00250_n256_d00,64ae1b7b71a3fd0d398e2956a1ee82765cc987a55b685cde50c019a15d6e9a7d,c3ef4007746a3e64e0914f230d12cc749ffbdc452d7ce8cf8ca2574d417ace7b
r6-tune2-b8-rho0,r6-tune2-b8-rho0,alw_coc_d00250_n256_d02,3242079b6278fb46828655734974dd43df054f627e9c439523f62cdf53894b44,63c4be515a6eeb5ead8f72248789dff46d261401f03e5aa5932d7eb6242c0f40
r6-tune2-b8-rho0,r6-tune2-b8-rho0,alw_coc_d00250_n256_d04,5ded79beec4f13f0502e5264a7c2f51bf14fc08f332b4c6ad983b9a22f475d25,c3b1477934d5a797c07a921754ed5b2aea2c717cf5df7212c524835a4bbcc49b
r6-tune2-b8-rho0,r6-tune2-b8-rho0,alw_coc_d00250_n256_d06,2fcf46586a98b59f50621d4b6cb3d4795297252a058da6b6633424218a0a40e7,53bfb5daaef9cb9b2c1c9a3458245f69877ecd3b70176da6d019642cfc977744
r6-tune2-b8-rho0,r6-tune2-b8-rho0,alw_coc_d00250_n256_d08,7e1e16037064512452bfaa4cffa21d986b7623f8b26e66ba4d2b776dbde87d21,14b6960f797cdf10e4d69ac3083e93d19d6ebb5f4c2c5084b3805c46c604e70e
r6-tune2-b8-rho0,r6-tune2-b8-rho0,alw_coc_d00250_n256_d10,093d25b357466572223d74a478c1784ee62ce592dbfa9ffe26d1772c4e4b8b17,89780c7529fef9514bfef86a8785853153f5fc3ba313fcaaf4df2ca92f788c5f
r6-tune2-b8-rho0,r6-tune2-b8-rho0,alw_coc_d00250_n256_d12,cff75748acd9a7dfeabb2e6a8e2f11ecbecc70d53fef6e15c87a988adc75647b,37519db4a7c156da3e950044810080aaf813e97308bc92334fd0177d0a2dcb6a
r6-tune2-b8-rho0,r6-tune2-b8-rho0,alw_coc_d00250_n256_d14,73b2bac3c188f1ea4c7af14ca752c69e7993eebd92dc56ced36b4bb2deb74e10,ca5cde46429c104c24d8c1ba525c127318c2302382304f9450edce19c3ae419f
r6-tune2-b8-rho0,r6-tune2-b8-rho0,alw_coc_d00250_n256_d16,dd5ca6f66e8efab2ffaaab9ab4b87fb59a0ba58d9907d144ee1ca6bd607e5196,79a7e5e598807f3f8ea016258c8529281c93bddfb62d37832dcec3b678167d33
r6-tune2-b8-rho0,r6-tune2-b8-rho0,alw_coc_d00250_n256_d18,0b22016cd747f291b680be5be4dc85a66cb1b29a1c75485dec602f450544e9fc,06b4e062b933f6f3bed3ea5c40f90b5dde3dc7fcae61cc3244be8fcab097fb39
r6-tune2-b8-rho0,r6-tune2-b8-rho0,alw_coc_d00250_n256_d20,4ec3ef7df6bed7a57e4d21c65fbedde60ae5b9c361deed0edaa964892a39ff85,5442589ebacd9dffa9b8f232f6fce568894bb77edc70bb1948e6d75c64f95ea3
r6-tune2-b8-rho0,r6-tune2-b8-rho0,alw_coc_d00250_n256_d25,121c53adc4b509a04b58a66de5697798cb71e3dfaebbc1e77f96b96e27322339,80de676883835e562caef5ad3cc32ae0e597ddf4e03bb02e091765435e01c465
r6-tune2-b8-rho0,r6-tune2-b8-rho0,alw_coc_d00250_n256_d30,9fe01f2fb506eaee6690a6f0bcb9f0c46c32d77e5af08717334ee7b8080ce7a7,89ab1c827d536873fc0f4538866f57642873400d8fb1535ec36bc9956cc79836
r6-tune2-b8-rho0,r6-tune2-b8-rho0,alw_coc_d00500_n256_d00,76ba5f4f7cc9d64f16072fa97019d4e5adb3cb05816628775a446514029ba9b9,f1f2643544e18951e70bf2e9e568bcb5fcaaa687324737181fb8694fbc9d0773
r6-tune2-b8-rho0,r6-tune2-b8-rho0,alw_coc_d00500_n256_d02,4866d83edf179702a612f46517676b568fa9af9d3312a126863a9e45042f8890,2e20e6f8d729517ef314f3f324d170ceaf0dd8c6fab7ca48a7dca947cb22453e
r6-tune2-b8-rho0,r6-tune2-b8-rho0,alw_coc_d00500_n256_d04,e59af2aa9805be7a1958e9c2728be0ac1585006d87bfd4b7eb61e68dd69c8467,0ea7a859acf5fc234a4d0e3e5eddda16cf632db32fce1a8e379989b8ad56849d
r6-tune2-b8-rho0,r6-tune2-b8-rho0,alw_coc_d00500_n256_d06,242c35250c952e3bbdc423ce5a9d18c008d06ec8514ec6b833d074cbc72f61e6,207bf2679d3301782ee634c2cf37f0e1d56625a11eef866339d68efcf27d5e2d
r6-tune2-b8-rho0,r6-tune2-b8-rho0,alw_coc_d00500_n256_d08,4e96365001ea746bf5e5a84b30f0f4832372d957b290f7588441865c8948e10a,1b1b249be9bb4635b05685096cd9811bd094983bb006e5820200d355e1d6dea8
r6-tune2-b8-rho0,r6-tune2-b8-rho0,alw_coc_d00500_n256_d10,0d62b82807f7c552a6a65946dbb8e78196a457233dc85357b628d29eae7f78e4,268b861e465893bc19de51cb660b29b59f0b8c05c8e2e36de775969aac945e61
r6-tune2-b8-rho0,r6-tune2-b8-rho0,alw_coc_d00500_n256_d12,bb8de7b66113437b9a5eebd7e447635aff34d5c9c7bccfe8ca3729a0b519cdee,45022b4a5b918df509f3e5351e397a3a0a971f623000502472c12124e2a5c7df
r6-tune2-b8-rho0,r6-tune2-b8-rho0,alw_coc_d00500_n256_d14,5626ef8a7da797f17d956422ef454a4212778ec2504e5b2a45cc379174c64f33,169480a160f6c484360f1d346ef5fdc8968ea6215863af9502ee97f100f949ce
r6-tune2-b8-rho0,r6-tune2-b8-rho0,alw_coc_d00500_n256_d16,476fdef2f3954f5b60179a96b0e92ebc19880d8e1469a30ab096b6a71ac9246b,2045d4b3840640240ebd1cdebb1eb21ad4c0bc7562b43515af3095e65e1fe9a8
r6-tune2-b8-rho0,r6-tune2-b8-rho0,alw_coc_d00500_n256_d18,12fd047114abcbbec0b9364fc967f46b634ca224bff015f5daa13655a75391ee,ea3e4fbffd8bf416438768d212842b07a4b865cb9169474017d74a457cb3b90f
r6-tune2-b8-rho0,r6-tune2-b8-rho0,alw_coc_d00500_n256_d20,bc41272b1d217dc671025ad7eb34b013345c0d2c4b5ed4c2e87c8383e14a20cf,4072055c4ec6f916dc2db4d68a1d496a95223541f5919ed8aa35deaf0bbe0f1c
r6-tune2-b8-rho0,r6-tune2-b8-rho0,alw_coc_d00500_n256_d25,ab71418e22da04030781d44828af15145cf968f5d5dd33ec8186603ae52366e7,f79f7a566d5184b5c17f94322b2210a12b002bca6c8300a7518215b8a8777f06
r6-tune2-b8-rho0,r6-tune2-b8-rho0,alw_coc_d00500_n256_d30,736e726134c49e8787b57df63e2e98f6869da248c502b60c3fc45476bee1608c,d44542d7a1614ea01b2f2f91071dff5bcb28d6905084f89c4e5fd2e94661046b
r6-tune2-b8-rho0,r6-tune2-b8-rho0,alw_coc_d01000_n256_d00,7a3f2c67c4b5116a5c502ad80b127a1d3f73b56804954d1aa19b6ba5c350941b,e93406abefc590cdb0cc21c2648cdc6e1c7b50c8a282d111acdd397ae7454ff5
r6-tune2-b8-rho0,r6-tune2-b8-rho0,alw_coc_d01000_n256_d02,ddcdc4bb4a4bf4c4fdae8069b93836633a7feca1bd3d5175940fd598c2ef9d72,c9d1cd71379e503ddc3b23c4c2a62d20b6cc92eae77044b73e6c67a2f27b9b67
r6-tune2-b8-rho0,r6-tune2-b8-rho0,alw_coc_d01000_n256_d04,c98139e0bf8757c41cd5f58968b89677b52c1e97e3de78800c034742ae0e1c1f,fadb368d9a1d337ee729c90c2efb327653baab5d3583fdb37231b16a7a1b2ecf
r6-tune2-b8-rho0,r6-tune2-b8-rho0,alw_coc_d01000_n256_d06,61b15fe809e6060bec60024605b05c35dbb24305076e254ac3e198cb959bb213,f43032779e5f9d4c99b29031664947462e0a337fd6f790a3ebe7a7f60c6da921
r6-tune2-b8-rho0,r6-tune2-b8-rho0,alw_coc_d01000_n256_d08,ce0f8984651366af72c2aa997ea8ae0701141df5d2b8a1622fd90325ed116e4a,69b15aaf58f937fe7863eec7eb8bc23ec88da462b1f604e1dcb770894298eda2
r6-tune2-b8-rho0,r6-tune2-b8-rho0,alw_coc_d01000_n256_d10,e108f78a97b47e58b4592b3404a5c14063533a008961454e178a71fa80e89f3e,7ec06b35cc919959eace740bb88be1752c2b0f988997e2ea9babd9f44f3d6c08
r6-tune2-b8-rho0,r6-tune2-b8-rho0,alw_coc_d01000_n256_d12,be43a05e39cec584b51ce761e548dfd57863cadb0c0cffc70bdb78628558b121,90128af6e513434e55cf56f0a7600a37e7ee6845997ce7d7dad65f7bdb846401
r6-tune2-b8-rho0,r6-tune2-b8-rho0,alw_coc_d01000_n256_d14,4f52f266dad6ad68ba4d2bcf955643dc6237fa49a7bc76392e97a09d62766f91,97b3e6e6815fda7d9050bb098b5ae4080c96b47095cbc56742b097351844f730
r6-tune2-b8-rho0,r6-tune2-b8-rho0,alw_coc_d01000_n256_d16,ba3bf5f0d4a98e3220b3c93e8c2ae41091080760f93d25d0d86bac2f4cc765c1,d458d3e01771bc9789588dbad09d50f97cb975f3411adea0647a1860d9cdc64b
r6-tune2-b8-rho0,r6-tune2-b8-rho0,alw_coc_d01000_n256_d18,df70845a94850b5aba1c87edf72a72fc833423d0ad3d646d2848e73fd2713123,e4e54d414f89c210d7d7ca3200f34fdaf9546ca02c4fbdd7082f77f38c47e100
r6-tune2-b8-rho0,r6-tune2-b8-rho0,alw_coc_d01000_n256_d20,5745233058f078c1d1ac3289c501f53193704683932e8d7663cef4d7d6309436,0ca55ab6f72922a646f9c3624ff6daff77b41dc08ea03f3eb1fbe2f84a517be9
r6-tune2-b8-rho0,r6-tune2-b8-rho0,alw_coc_d01000_n256_d25,58f83de29dca43610e2f8e3d5d59c59dd32294780497a27e4b1a4a46ea8e5e64,2cbceeccdedd84be858dc129693e0cb7e3f4e98ec2d1c7425215868e1b567645
r6-tune2-b8-rho0,r6-tune2-b8-rho0,alw_coc_d01000_n256_d30,a73be52fffbb11f404feaed05ce8d5ee983aa7a97b88d5d40fe46fcb9e0b5e13,09d3f2104bff56d352b0835b607893c0600581d7d1737402488a94ef9dc72b94
r6-tune2-b8-rho0,r6-tune2-b8-rho0,alw_coc_d04000_n256_d00,d34e84d1f4a17a33f49faceaee45ae4e5cac669dbfc682449b61edfd2a6d6487,6b9fd4c9b46280fa1afd27c699c5ac1798ebe5c7e7d26a7794e9031a51d089ca
r6-tune2-b8-rho0,r6-tune2-b8-rho0,alw_coc_d04000_n256_d02,2eeb67ba8bb66980e9c5e697bbd7b134b50388ee89a8309003171ef1bd46e162,acc5c32d5e4b86c007dbe3ae7b36807e038fa20de8ccfdf959fb8a4b63bc6ff4
r6-tune2-b8-rho0,r6-tune2-b8-rho0,alw_coc_d04000_n256_d04,e36b5c479fa6342973bd4541ba468eae4ad6e7166fa669f0a423f9d804f97545,5bde16eaf856ed2aec50d728250e46cad3529daedefb69d46374e3aab3e79e1a
r6-tune2-b8-rho0,r6-tune2-b8-rho0,alw_coc_d04000_n256_d06,0c700bc132ffd37b2663fd7d3f7ddb1882f6a99ce16eb0d2daa85be89b8179d3,f46a7a564b91239f794729e882767a2ac6293c4f1e3352d30382d37a6d8988fd
r6-tune2-b8-rho0,r6-tune2-b8-rho0,alw_coc_d04000_n256_d08,e16205dae554df44811b2a891b74ca621e179801cd2a643d2bdacd7b592bf132,9d598cb69f69a39a1944d93cc9569b46ad8155dff39aa0df21ab85ca765702a7
r6-tune2-b8-rho0,r6-tune2-b8-rho0,alw_coc_d04000_n256_d10,9b20d9a82bcb4fdd5ebc39564afd4c6ee886d4bd6811f19b26c17ec48e6a8bb8,2ac19caeefb3355a46bc5c6c0c6a85db1bb8f25a893746d18d49870a1221a59f
r6-tune2-b8-rho0,r6-tune2-b8-rho0,alw_coc_d04000_n256_d12,15da4be6320bc2373e5b80288a0227399a37e56b75688cc805275ba9e8e06810,e935916601812f57011dca787386e9a55f8f50ab9bee37ebb4ae26c252908def
r6-tune2-b8-rho0,r6-tune2-b8-rho0,alw_coc_d04000_n256_d14,5b39884e2e6fcce94d15f76af3216fe0d2ac908e1d3c1243115a28169783b024,bc586fd081e89fcb8acd4400694ecb61ee6fed405bf5a6beadc35737c6997acd
r6-tune2-b8-rho0,r6-tune2-b8-rho0,alw_coc_d04000_n256_d16,9291b6a2f1a6ddf8157ce83b8f54353900c8639f30f6f42e2c0b4b34956ccd0f,fe5c3e5038f3507e1a1bad11dd41f68c389af03b2b2dedc55cee438e07871743
r6-tune2-b8-rho0,r6-tune2-b8-rho0,alw_coc_d04000_n256_d18,8b450ee84ac29cc60c51abb42fa685b6dc9635c1096ea81c05550e0bc9cd17dc,2f9df07f3aca8b1fb24e0b441b70982d4d6b672a75b1a463c12ea5ccd1f36333
r6-tune2-b8-rho0,r6-tune2-b8-rho0,alw_coc_d04000_n256_d20,15b258491b75bb797211dbe628b8db8f237bfc6651a4ca42f2ff2bfd57849ee2,09b87b0ed5b4132e422fcee4a04effd846418d045c2eb52ceef4a3ef17333a4c
r6-tune2-b8-rho0,r6-tune2-b8-rho0,alw_coc_d04000_n256_d25,a2ffc77e78f715c3fee8dc4c4896aeac4a81eaf0011d58df6780373dd173c067,9ca0a38ab4ec23e6c8ed3f72153662596b77c93fc7958a676fe17a7f91436e76
r6-tune2-b8-rho0,r6-tune2-b8-rho0,alw_coc_d04000_n256_d30,d08f8b6e54b982628933055718f379df2a961bdbfb07388a7676156770079ec4,b077681e7fc01ab692d47401cd78932905c2525cc792058ae4b3573f31b1c83e
r6-tune2-b8-rho0,r6-tune2-b8-rho0,alw_coc_d08000_n256_d00,e7c3d34f7975b3b84fc215c316354ac47c31c8a043af7d9adccdf46023459213,71adc1aedbe09830f04fa0516949b4239a885c8e68f97b18a1b9da7791d4485a
r6-tune2-b8-rho0,r6-tune2-b8-rho0,alw_coc_d08000_n256_d02,d12e4c2ce2d96f8094b951ee0a9bef9e731b757806a8b71736005e7b26162d3b,fdb8cf6a53d8afdf3f2c6f69d7b0cdb4d6f477bcd4724eb3698a2a78ac2c0ddd
r6-tune2-b8-rho0,r6-tune2-b8-rho0,alw_coc_d08000_n256_d04,e1368835ec74f4eed2bb2b43d493cc70f71e7d1c6b7929e066d393ade0f75886,dfa2beeacfa848ed4285112bcd793b2418882ba10600dad6c1b76abd972d74a5
r6-tune2-b8-rho0,r6-tune2-b8-rho0,alw_coc_d08000_n256_d06,a75e67f3d0669aea4aec9f1b6b323e682b9e2828ef01278749636537a379b360,d0737c62f36b1388dd6409399384378ff22118395437c20f1dd8de96c4cf0177
r6-tune2-b8-rho0,r6-tune2-b8-rho0,alw_coc_d08000_n256_d08,5979019fa414ed29762682e1e2ef54e094986efead5eae49ee94d529c249c5d8,e28abef85bd31cf8e4cd5d142842f73125ec86058c5b41b1b1b0fae9647f4cc8
r6-tune2-b8-rho0,r6-tune2-b8-rho0,alw_coc_d08000_n256_d10,d04c77f5e067fd22ec44778074cf8d3e79084ec3c98693d4e5540636c43ee50e,22bacae1d11ab08c2d0b8851e32eefd9de263845df6e0f6cfaad8ba514b771fe
r6-tune2-b8-rho0,r6-tune2-b8-rho0,alw_coc_d08000_n256_d12,ec8b9083cb27f170c945c04d03ec368a412bbf27353daa0d7bef1486e17b2af2,ae8f1bfd6718322d596ff94af72ace0a1dca39e075f1e1e9bb751010a4852fea
r6-tune2-b8-rho0,r6-tune2-b8-rho0,alw_coc_d08000_n256_d14,a0231c060bb38b2c7fc9f93cad28a411344594c4c806559cf0f13fc69ec40dcd,3f745a86ed074ef106e5513a1524285a4a373e06bfed0c1a0d2477cbb0606e42
r6-tune2-b8-rho0,r6-tune2-b8-rho0,alw_coc_d08000_n256_d16,eb129ecc65cb6948dd95ab51cb36af276cbb1ba45bd77b2cf5bc64293842215d,99d98f510e751108f07d05fc9efb7da0e042aef245e5f6733a06a2599f4e34d6
r6-tune2-b8-rho0,r6-tune2-b8-rho0,alw_coc_d08000_n256_d18,b8554e6d508e8a5fe6b390877cb296a09011dce46681a5c282dbaf6d3b18828c,ca068c250b49ee2d8b25d5e10dd64f49d3c0f4b456f0b8f2af48b0a71fbf2443
r6-tune2-b8-rho0,r6-tune2-b8-rho0,alw_coc_d08000_n256_d20,f994a7151667f6bdce15cb42a612daa98b85cd6cbc1500d0d702f03288eeac35,446fc339315f2108194e233236391b81c61e641036eca2b8dfd9e61beeac1a6f
r6-tune2-b8-rho0,r6-tune2-b8-rho0,alw_coc_d08000_n256_d25,fd107e9983f396b871ab6dcbe6471da5b695ad66fc45551e531172ef1dc56545,2df630067e3909e73a3cf3ec3400f7ba892f47159cc7d842009c26fd1915b9b3
r6-tune2-b8-rho0,r6-tune2-b8-rho0,alw_coc_d08000_n256_d30,8996e99c7319dbded13d5083010fe626c5403a1cb65cda111cd4e31f771eaff3,6170eab5838817acd9b29fbbf0c43a4f7e38944a93a6a3b33a5ff1d54dd3c1c0
r6-tune2-b8-rho0,r6-tune2-b8-rho0,alw_coc_d16000_n256_d00,e1f645cdc6bb0fbabc5b81dba7d15a43a87e84d69044066ed918d5856b8b4adf,0266fc87975e9bb8a0f0c4d219fda15e3e2e190660357a72bfb57b85e867576f
r6-tune2-b8-rho0,r6-tune2-b8-rho0,alw_coc_d16000_n256_d02,060e68fa852c67555b415574bb4b031ed400c320c88be26e5c43c9e08aece232,afe0aae94efc7c02d6c49221e8fe2b11b5924e32e53ca0e26a5b52599e55f697
r6-tune2-b8-rho0,r6-tune2-b8-rho0,alw_coc_d16000_n256_d04,a1e9ca0e5ac943c958adb321fb0f5eb01e937c59c46e4cfb95bee24318aa3d41,4ff0fb005df5ff2ab0b800944f98a84905ee50400814970af60dfda4b2e12255
r6-tune2-b8-rho0,r6-tune2-b8-rho0,alw_coc_d16000_n256_d06,72332b2d3cda95c78e3de3fb1158531fcbece132505f01fa8b34c375df30f5dd,e6d3973076de82a915c2b0acae59ecbc9e061942354c8cd785f776088176bc9e
r6-tune2-b8-rho0,r6-tune2-b8-rho0,alw_coc_d16000_n256_d08,2a61315cc0d7a57ca8e1dc43bc401b15f875c9f7681d8e010a39649e5c74b946,4054bde0d3a648c2f72be1b96c7f46e3e60ba79844d03c482bb4aa35386bdc79
r6-tune2-b8-rho0,r6-tune2-b8-rho0,alw_coc_d16000_n256_d10,49e9d3f5a057c1db9771dfbf4fb20cda8ff77b8323cea92404b19dc4e5ef163a,f8247fc994ffafb9ff07b59e8a8b86aaefd8cbde0de85ece1a7070fae432d54d
r6-tune2-b8-rho0,r6-tune2-b8-rho0,alw_coc_d16000_n256_d12,ae8f001b3986a29c73f26402394c32b92943e5d8148ad3f2d53baae3db618eec,7744878bd3c159d08d3cd475d4c4b84c1aab88a7515d60196afda427d42a06d2
r6-tune2-b8-rho0,r6-tune2-b8-rho0,alw_coc_d16000_n256_d14,1ac0aebf62dd1ab3ba9a6f9ed0ec42671df1d2cf6e5b140e208f2cc5a1e4cf15,3c464e1e6650eb1a913c4813966d80f04fff3e98244162560e618e472dacce5d
r6-tune2-b8-rho0,r6-tune2-b8-rho0,alw_coc_d16000_n256_d16,0abc2868f1efb21ab5ce98d58f9684a65eeb71ad76fc42a0313a90913c88d804,099e9010ed472994a9d0e8a6986006470ccc54ac02c5f030005973c84a6523af
r6-tune2-b8-rho0,r6-tune2-b8-rho0,alw_coc_d16000_n256_d18,b431f248c134190c5e0ba37372fd919806cff92448d67876dacf2d25be08a950,66337a8196e36a4d2c432cc79400e64eb9ec3adb175bf82a07ef28a5145ea3f1
r6-tune2-b8-rho0,r6-tune2-b8-rho0,alw_coc_d16000_n256_d20,61534a8a00390a65636886db46b73ba63bf0953854bc17b97f46dc0027aa4c00,194032b7369fdd8aac39e69e7f940b1061c4162596c844eb07c0b93fdcbd07be
r6-tune2-b8-rho0,r6-tune2-b8-rho0,alw_coc_d16000_n256_d25,a89fe5ca57b812c2ddaf55c7eca74a896a37ee39affbb67699fe92a5770d78ba,ed71cf8bd2e9b237489d7e37e4d48629c8b17669e8698c7dede731174f5a6745
r6-tune2-b8-rho0,r6-tune2-b8-rho0,alw_coc_d16000_n256_d30,910414baea268f0c7e10d9a2fee53a92510debdb8579860e72018e31c4289b97,1ccb52db653ba3c3c0ba7aefe4f09f87cee4cbcaf613b126d0dce95374460aef
r6-tune2-b8-rho0,r6-tune2-b8-rho0,alw_nbh_k0_n064_d00,65381b0323a7996dd26a450ca04923f8b2a0995718ba1003f55c203bad3c8072,0e6326d670bfb3b824a816d6dab71e9a93f97847c8876ee2d05cfe593778657b
r6-tune2-b8-rho0,r6-tune2-b8-rho0,alw_nbh_k0_n064_d02,0ad411e060b965d422b98c0a1def9ed4033730fd1d695fff5858545b12757294,e503e80e2074b1862bed4eb41f7417adbd855ea58413e99422c3120bb978deba
r6-tune2-b8-rho0,r6-tune2-b8-rho0,alw_nbh_k0_n064_d04,e7303b8975fea64de1dde1937fff0ce614018e3591d4835b5bc0308705bcc121,b88831d90669410870015e1be3bfcb920b15a5509b94730cefd398155f039eec
r6-tune2-b8-rho0,r6-tune2-b8-rho0,alw_nbh_k0_n064_d06,ba725a82fe2ecd47b0959e38170d01d88530475b28f665b8ecc219c4713c4a8a,4bb3a0fc89a5c9a0f04d5c10a2643408b94447c592323205f449318910be5eb6
r6-tune2-b8-rho0,r6-tune2-b8-rho0,alw_nbh_k0_n064_d08,c6d730278d2e98e92aed6fad4dc0c1734353b515d6faf6fb121e664a7e6c6511,df6e11efa81436a61865d7b72f918142fe5e93131e1e3f4c6e1cd1e2b3afbfdb
r6-tune2-b8-rho0,r6-tune2-b8-rho0,alw_nbh_k0_n064_d10,d2848e709da859e53f141b237f328952378869f29f2833d23bc958ba3c681221,500fd1cddfd7d5a968c77ef44656e84541a15b532d3b252303dd2e22bad42ec1
r6-tune2-b8-rho0,r6-tune2-b8-rho0,alw_nbh_k0_n064_d12,803d64d119d9ec57d3d4f68ff0327714cc6323d077e6c318b23e4b669bb744a6,634c21a6d2b3df63a7ad6c48d67dd56c0ec65593f136bb9b1e78fbe1b8bb0b01
r6-tune2-b8-rho0,r6-tune2-b8-rho0,alw_nbh_k0_n064_d14,5a2b242cb843b6db81ba62da854eb4557c81bb37e0abfdd19585b5088373a2e6,07ccea869cb6e23b21109d56f30f93f7716d24a7b96c873ff8425a862fc0f115
r6-tune2-b8-rho0,r6-tune2-b8-rho0,alw_nbh_k0_n064_d16,509a4b665b71672ecaa3ae5b12b63f28cd69be72affc912cb93692d17ded3ca4,59218fd4a5a8e1ead0b9d23308ccac9601e6fd9543e23a70e89aeb275ebfb2c4
r6-tune2-b8-rho0,r6-tune2-b8-rho0,alw_nbh_k0_n064_d18,bc3dbd33c1a2cfe6b79f07a7ff2cc16738fda1ae3ff4424b6fd0eb141d8b4863,9d318b7f506b18093f92aa01240b0b70bb11aba23be80a24369b8686c28b2712
r6-tune2-b8-rho0,r6-tune2-b8-rho0,alw_nbh_k0_n064_d20,84c9005043b0589b4afe0e65046b6d798bd68a614a26223c83a41df2c688da36,173cbaa8859e3d5237d016d356fd778e21890ddeb02a03289390f0e963738fec
r6-tune2-b8-rho0,r6-tune2-b8-rho0,alw_nbh_k0_n064_d25,2a63d7f267bdc10e216d6a40b84d1ff0601dd738c25bb07962d97a3cecc108b2,aab3a1413ce3593255d1a78af657bd256c161a02df47a1e7d9f2afa7f237b009
r6-tune2-b8-rho0,r6-tune2-b8-rho0,alw_nbh_k0_n064_d30,e715e911f930061f266688d29de83335251e32e0fb7ab014988b42c30637e231,33e05889482fa628ab6ca21c1117a22dd825845c0e0a4262d78dbf1f9dfa300d
r6-tune2-b8-rho0,r6-tune2-b8-rho0,alw_nbh_k0_n128_d00,41b21baedcbc2e48e720bb10c7a880814f5b86a6e0b9a4f0f46b8d8efdf9afe8,ed5e32a71e79f10c668d23a09d212ee1fd7af0d96d3c221a1319d762eef95a90
r6-tune2-b8-rho0,r6-tune2-b8-rho0,alw_nbh_k0_n128_d02,f0bb5ccc0a5c3ef94098b6f5e826bfdb402ba93925c0a2e0bbe8d0c2e58c01b1,55353bd4f031c284205514a08360e4cc7778a1c37f6dde07cb6597b63cd0b87b
r6-tune2-b8-rho0,r6-tune2-b8-rho0,alw_nbh_k0_n128_d04,bfea5e4852d2e3a98f8d07c66493f4b0b0cb281987a342c187fe1abf3a24e950,7ae577fef22f492b40e00de0e7fa7f6c9695714418e368e019f338c6cf78baf2
r6-tune2-b8-rho0,r6-tune2-b8-rho0,alw_nbh_k0_n128_d06,cacc8c0de919620e6c517cef885e09566b68951a0172808cc1ba2d882cd6e966,3f3556088a934131b2361098a8cb05818c21c2a1e419e012d91bf7172bbe1f97
r6-tune2-b8-rho0,r6-tune2-b8-rho0,alw_nbh_k0_n128_d08,48ff4cc5fe26796be3d0f580455e257c3aa58b50a44b82311cde4f42994696d7,6ee727a19a4f627db2ea2174376ecc3d5ce1114f46b27c7eb23c5e120af8147b
r6-tune2-b8-rho0,r6-tune2-b8-rho0,alw_nbh_k0_n128_d10,3f0a01c5b85d70b2fc592a2c99d9f64863dee6856a1a81c8031285c7996ceffa,0956218a5f7f04cf6e4967ef71235dd6aec040b528b6b8ff812d4727aa838b9e
r6-tune2-b8-rho0,r6-tune2-b8-rho0,alw_nbh_k0_n128_d12,eef77559bb680e0ad7222a50a2f6f40866ba958af0f199e160471b2116f0da4c,9e874467fbd191968939455919e242728a8275d09a2af4df5222c47bc5368de6
r6-tune2-b8-rho0,r6-tune2-b8-rho0,alw_nbh_k0_n128_d14,c767ac53b36eb0ed7b4d03be3b15fe89293cd98158db4518c65084b4f2e9f3ac,c172ae955849351e02720be2c649de2b519be7f79eb583f0762dffc06015e489
r6-tune2-b8-rho0,r6-tune2-b8-rho0,alw_nbh_k0_n128_d16,0ff48769c19c1ac347a0a19b4ac1bef88ee6638c4868313ee567aa95986d2caf,af7759f02f7aa4bcb91df34bb4e59e78a63e5086c452bab81b73f0a183e644ea
r6-tune2-b8-rho0,r6-tune2-b8-rho0,alw_nbh_k0_n128_d18,36cb16588788136129313f62f3b8e88e545f160062d582ca6a94a8c8879ca021,731570f2f74f9b4eb7df3b9766e361b7474353eded2b6415de30933dd0fdfd6a
r6-tune2-b8-rho0,r6-tune2-b8-rho0,alw_nbh_k0_n128_d20,ad1f98f217cbb104d7a002475ec88a8dd4e6f0196f771ba1468c72f7e7f9f977,c323149757d9e24c0c1e904c114877a9fbe7995db55c32f212b14d16adec1131
r6-tune2-b8-rho0,r6-tune2-b8-rho0,alw_nbh_k0_n128_d25,2a59f549d82f60373980d00d709f723fbae6136e5b8f8684976c6b445544684d,a1837db1ed2991c6baf4b35d6e6a4340e291ec241034f8d588c74945d38d934c
r6-tune2-b8-rho0,r6-tune2-b8-rho0,alw_nbh_k0_n128_d30,7739ea3d06ee78cb5f0506093c3d2d718bc0003314682a5b9700597a8d368447,1a105d3c711dad2c0387716df02705693b3314964fc6951aa4ff7018df46cbc5
r6-tune2-b8-rho0,r6-tune2-b8-rho0,alw_nbh_k1_n128_d00,27f2a99af4c492205cff6d09198405fc0472daf0727e8ff11a5417340fc7a2fa,dcccafafd3d010098404b2b72af47b83be817839b5e1eaed126d0f4b69c289ba
r6-tune2-b8-rho0,r6-tune2-b8-rho0,alw_nbh_k1_n128_d02,923e5cb2bcd1670efae6dfe7eac8ef79fe56ad6e6c4e2dc27e82ff39015b0b1f,a69b8f0b2c07fc60a4deaaa24579b22cd4e79388c17d94ea6887a3d5d2f08031
r6-tune2-b8-rho0,r6-tune2-b8-rho0,alw_nbh_k1_n128_d04,a2c7ee255cb0ab95f11a465c64314d300c3eef0dbf03b0a90f4cd81e0989bf33,8d2bafa21eb91c94d6219d14302e8c21c3c3abaf870cc6386ed9c2d4c543a86c
r6-tune2-b8-rho0,r6-tune2-b8-rho0,alw_nbh_k1_n128_d06,7ff70f5d3c86f52e0f61c0a612850171da9b7355c6832f1c73b149a3a9f62aae,24ead99e86342be796412fcf07cf0dbad204c959b9409b4cea146aaaf76d230c
r6-tune2-b8-rho0,r6-tune2-b8-rho0,alw_nbh_k1_n128_d08,75b2f90cbc96571bae930ca35be1221a27c7d611ae8c58f96c8d221972e1cdab,b7ecb4ec75e9f73d23ba6372b43ee768f7dac96793581fef713ff7f08eeed61d
r6-tune2-b8-rho0,r6-tune2-b8-rho0,alw_nbh_k1_n128_d10,fa06559f6d617281f3f689234855115618e44b3335944b06df2d57baf99e5c59,84584a7135f38135d70e14a71b47ea0e72db32ece626419eed86122d81e3a328
r6-tune2-b8-rho0,r6-tune2-b8-rho0,alw_nbh_k1_n128_d12,7ac4263d9aaa8529187749e3a622013211dd1c599d5498cf97c073f0e990b042,728f9c34b7613c19785dae9bfad4f1eaef341afbd2fcccf29e7d4d102b9cc909
r6-tune2-b8-rho0,r6-tune2-b8-rho0,alw_nbh_k1_n128_d14,1f0670c8c9c3f956afc523e751cea5ad3ad1d2146e498784be9533537633172e,0292bcc06db4f8459f7edfec14241ab2cec2b398e73675b5029353cd427bc3d4
r6-tune2-b8-rho0,r6-tune2-b8-rho0,alw_nbh_k1_n128_d16,625092dc3fc41d9e17da61c9ceda2672ac5ebf1a13098e3bc195dd72640fcdc2,d7066f66b88ca38d5e9ceaf9545a47681fdb05198f4ada9cac1e9c9943fc1a0f
r6-tune2-b8-rho0,r6-tune2-b8-rho0,alw_nbh_k1_n128_d18,a8e88efc3d617c6faa2683325af58280d66e7a9fa0a1c2826dc86d954aa35997,105376c84088a17d360c6c21de5599f548353c43b7300134dc7b8351f630c992
r6-tune2-b8-rho0,r6-tune2-b8-rho0,alw_nbh_k1_n128_d20,348a97948de4ff1346c6b34bf47cd1710c7c8f4810d249c5b2168568ac9282ad,54c102e7705c46e9918e930ad305efa7ae27d21de1b0be2dcefbc3bce8ee08e9
r6-tune2-b8-rho0,r6-tune2-b8-rho0,alw_nbh_k1_n128_d25,7311fd377a58665815822208decc441c7fb3d1f68ebb526b97e6a41ddda36860,cfaf01d38ed06404c12d34502e8eb0da6f4ef9539ed3e6b82648bda7bd495927
r6-tune2-b8-rho0,r6-tune2-b8-rho0,alw_nbh_k1_n128_d30,9e412b58c3c37fdd1b3cf5c7abe67f1a2652b1a878014b70b4388a1a44dcc104,6d1351df14f7fb9e83d7816be8fd77cb2beecc510fc240b6a4ac6f9bc353a259
r6-tune2-b8-rho0,r6-tune2-b8-rho0,alw_nbh_k2_n256_d00,fd91102d67e5a85a68a707a4fc7b2923dba9cb106aca5bbf4b384d0cd767d918,bfd1e313fdbcb59de04dd172c0bb7afb105ae948c500d1f0103ba36a2f190479
r6-tune2-b8-rho0,r6-tune2-b8-rho0,alw_nbh_k2_n256_d02,72297e4674920bdf130065f23641e5fc68c823531c8a7227593756fa88aff951,fe5783557918bf5c209174301b64fac6f9467467d87cb208f25814e08eb2179c
r6-tune2-b8-rho0,r6-tune2-b8-rho0,alw_nbh_k2_n256_d04,1d5aa43dd787a5d41c46d0975667bcf991150fe410f8a0a8582f72421a8bbfc5,75c0ba80dc2c6264a53325333b649de81387af3dfef2503bae8d1f163e63d43a
r6-tune2-b8-rho0,r6-tune2-b8-rho0,alw_nbh_k2_n256_d06,e2227fcc6d27215bf3091a079a01d31a928701adbe63009cac4f1c117295def1,2448918035102940f9dbe9e0d421dac2ae2790d77294713a0b97f1f8f2ede21d
r6-tune2-b8-rho0,r6-tune2-b8-rho0,alw_nbh_k2_n256_d08,ace334e97efa07c3fd93bbdd9191cdfefce2ad7bd30c57cf40221d75b42184d8,3519dfa931c822b6cf6b2161607bbf121c9ff91d1258bf64027ce197ede7786d
r6-tune2-b8-rho0,r6-tune2-b8-rho0,alw_nbh_k2_n256_d10,d20b66026db10a59d38cc849bfb02246e2c7a42277c8ddccac562598b0c5e29d,33d93fffb4b2b045dbf7d77f095d264963f8c947802507643f2cc02052390af0
r6-tune2-b8-rho0,r6-tune2-b8-rho0,alw_nbh_k2_n256_d12,eb19aea7d98912f937a264779f60f4dc9bca7d18dd09336c3b5f211ffcf00986,9926b51666ec15b9a47593b184824dadde078968da6fab5a7964e7a1c8d3f644
r6-tune2-b8-rho0,r6-tune2-b8-rho0,alw_nbh_k2_n256_d14,3987ca55db7d373b80cb7cd5ad594f9d2a7c91e6045491e1b8a2c5634ed24848,110a7aa2d4e519d07fb6507035eacdec064e4952d4631af6cf2be2a89ee131bb
r6-tune2-b8-rho0,r6-tune2-b8-rho0,alw_nbh_k2_n256_d16,a1a3df6336ed9db03e94ae7aa08bba8811bb5b35d5e4a6459a08db333ff6320b,054f2b4b46e41067b64750b2cf6db5e7fdf0a73cbf38cb210b7518753888deb0
r6-tune2-b8-rho0,r6-tune2-b8-rho0,alw_nbh_k2_n256_d18,3c1363f9d9adfd14a7d166f57ae023fabac5d7aba575767f2a1d430694e71604,0708078c99968f0a37fd4f6d590bfd17498e5ef9f6bcd877b75a62f8bb3ee479
r6-tune2-b8-rho0,r6-tune2-b8-rho0,alw_nbh_k2_n256_d20,62b5869631d2a6b13ea71b74d740e7eb0a31c11a58717ddd6242ef13cbe7d595,498a804a3649c508330d3c4e1919005a3697788b179fa011c1d583154801718a
r6-tune2-b8-rho0,r6-tune2-b8-rho0,alw_nbh_k2_n256_d25,61602bf59c8bd710c201ef5bc3f4ca1ea673679d1f0cea1014a279daa9210bf5,0e6e5be4ede1cf99b90670678d1062c5e6ca6b214686f3e2edc7da38c13d5d44
r6-tune2-b8-rho0,r6-tune2-b8-rho0,alw_nbh_k2_n256_d30,651c8b77c9911bddeec7ad82f4923d0fc8fd99e710a5c0391e1099a088aaddf3,436131268663bde82d42c54f06eefa6869cf44afbf986e7015ec1b22a7c35672
r6-tune2-b8-rho0,r6-tune2-b8-rho0,alw_nbh_k3_n256_d00,fa9b3c848c9038904ad823990d40e92f6e4e8ed44afcb2864d125ce0e93bf568,3a03127cdcb3b919b4ad9f400e474f6ddaeb284822390d7636a5de6404713aad
r6-tune2-b8-rho0,r6-tune2-b8-rho0,alw_nbh_k3_n256_d02,8f0c7b5ab4fa6eb0e70266e2d066b2f8cfb81522b6bbde436b6a6afad587c789,37c8923731e026a70b29dd8756fea68d23ec4d3a60d91938a5cff9c31fbcf71d
r6-tune2-b8-rho0,r6-tune2-b8-rho0,alw_nbh_k3_n256_d04,6ec090a9c58b02540a4c85ad40dae60358202a9401f0dae272e8df2af38726e3,71ca4c189a0b1aea25a7ea49b52cc853971b54d26d34b191e0d5466601ca6f98
r6-tune2-b8-rho0,r6-tune2-b8-rho0,alw_nbh_k3_n256_d06,103ae400f41181faddccc2f51ddeb59f11c4f23e915dae5ac4832fcc148ddd42,4eb130eded3dbe3330458987dc8dc85c67c944e0f2623e081d974d8cfd85c73b
r6-tune2-b8-rho0,r6-tune2-b8-rho0,alw_nbh_k3_n256_d08,a96a2db60d7efa340c109965d713bcd7428e527e8640e9c956e4739c12007e9d,349f9319b37ff72023efba78ceb745329c75772928549eebd3db9c4062611a69
r6-tune2-b8-rho0,r6-tune2-b8-rho0,alw_nbh_k3_n256_d10,d8cafb6bfbb1c39b4d682dc8e2e9b52cbd44b3d0e05fd8e5d3b52b799a97133b,b534e7c4b945fd03c04e9074f4a75824f9f737e8f2a8073b3769f4a76b320721
r6-tune2-b8-rho0,r6-tune2-b8-rho0,alw_nbh_k3_n256_d12,98af1f94379965a1dd70259a7067f8c12cb415f9c1026a05ba368d66b931983e,337e682d75e67d8a7e7474bb2867221ada693441b46bcfd405e52eb66ac8fce9
r6-tune2-b8-rho0,r6-tune2-b8-rho0,alw_nbh_k3_n256_d14,1a3d9e22541bd2f4aa09087d7d897ffb95b3fc83028f65dc47de72e267457c55,0814baec58e2babf68da455983454e234b1abe235595543b3d2cfc482bbbb6b2
r6-tune2-b8-rho0,r6-tune2-b8-rho0,alw_nbh_k3_n256_d16,4a9fa69c7208be2f24957aa70797228b28de9f11718ab5673a416b1b4e761ef4,0d2ed2ae5c9be26fa799d48e2de3a55420ad6b9dd70b7a9b783149147c8a4049
r6-tune2-b8-rho0,r6-tune2-b8-rho0,alw_nbh_k3_n256_d18,06245b64e6b6d162d0a08af533ab05880b1204c7a15c01990b689e6683add470,88569dd6763f9618258a777a17f8f10dde7352bca5492aac0390b8d02f142d39
r6-tune2-b8-rho0,r6-tune2-b8-rho0,alw_nbh_k3_n256_d20,620fc7ee96379581675e6fd757ae7ad7b67bf82cf36d9d07d173edf1d3029e51,bd1dd83a4ecbdd05f85a218c316ed328175ae6b7e83c52086eedfd7e4981c7e9
r6-tune2-b8-rho0,r6-tune2-b8-rho0,alw_nbh_k3_n256_d25,d28fd9c0dea2f2130368c64ee826884be98e8070c6aa75aa4eb5ed1839cde8ef,69d1eee26816b532872e53c836c8baae2b18c2800ef688fa0d804023bdd38f05
r6-tune2-b8-rho0,r6-tune2-b8-rho0,alw_nbh_k3_n256_d30,fcb6572c1a2d8458eed0eda420e644a99a2603c80fce1bc8c4005eccb6ad6c63,0e4829a336d95671ca1fb15d2b85d8c243ae26ecea088efc1b8ddf5d2365cbc1
r6-tune2-b8-rho0,r6-tune2-b8-rho0,alw_rung_d00,5b3e6a61a9685cad9fd9fc8d8b42701ef64f2c520b6faf557824326526d24aab,910bec6894728535d4e76d9fde361e5cc5897d9be6e9c9ca70d9269103fdb4eb
r6-tune2-b8-rho0,r6-tune2-b8-rho0,alw_rung_d02,07105a8c92b11a29bdd78dd59aa5d468f3729c248856a589cf7ddd46e02357a4,045f164ae86f683c775009a11697afe0b20459f01dcb2911bbef84021d747e91
r6-tune2-b8-rho0,r6-tune2-b8-rho0,alw_rung_d04,1d168c388e76d351a7b6155464df51e9d62533390b5aef6c473c1883e76c2a46,d4b0e6095d1794f6dd16cd0dce0acdfda2e315299842130c30bff98d0594dafe
r6-tune2-b8-rho0,r6-tune2-b8-rho0,alw_rung_d06,b0eef3a6e332367abbdca2b37b5121e2d183defeccdd7c309472cde109b3aed2,31c65e092d3c975f2cb44c7ecb8a2258fb25f18308d550a34436c4029433bfc0
r6-tune2-b8-rho0,r6-tune2-b8-rho0,alw_rung_d08,ca0b3298aa7e3b15443b91633fb99c5aead775ea9c095bf0e587d583cc56000e,787369b3cee7598548833ac8ab8ae51a233cc02583aa708a41ac1d3a1686287a
r6-tune2-b8-rho0,r6-tune2-b8-rho0,alw_rung_d10,287c12a916a3f1db0b7ec9630b9774f8d360f406fa953d1689590a42989ebe90,5277a218e8cba8454a4a1ea416e1105d433045e521559b08217940ad0de926e5
r6-tune2-b8-rho0,r6-tune2-b8-rho0,alw_rung_d12,ee0c4b1877eb0b864b2578e9be531c46a9de1fb8d4f67cce27d038992407069c,51e05d441fc2c9e898768956bc3235883137ce97141dab0cfb464229155f0c6d
r6-tune2-b8-rho0,r6-tune2-b8-rho0,alw_rung_d14,96ea301f6c6b19c5c5c85d3da7885b9ba1e96195941f9066a08a32e33ae16ce7,803cd80b6b789f746702bb04a8e7f749a8460dd8b25853fef7d5c2393bf2f84e
r6-tune2-b8-rho0,r6-tune2-b8-rho0,alw_rung_d16,1af3193dd3987d6de44dfa8e8b88147286090a6dd023508901ad28216f1db007,739b38caeb3dde1bf0c2d6a013940e0a6aff6301b3b0ad0c5aec91806fc6e878
r6-tune2-b8-rho0,r6-tune2-b8-rho0,alw_rung_d18,d63333cdf4c863da7dc4c46f132ba5fa319583a2b464f5019f52a6b51abdb027,33e3cd1bda98e6c7b2bb50fe30f9431558a57315a73cdce0735691c7b6016556
r6-tune2-b8-rho0,r6-tune2-b8-rho0,alw_rung_d20,b8278d5176f1326f80a5650a66c4cdd86421ce4b74e9a48c67d90bae8eec0731,c1a21ca8f68288a56daaa79a7de9e859cd91833c7760761729a738c0459ef1a0
r6-tune2-b8-rho0,r6-tune2-b8-rho0,alw_rung_d25,bdad8bb2ddbc3f29e4e3a6632eb0ad59a3628a3d9ecff7fc9ee0b7950437bf85,2981671dda2e4476fc46759241688b8dada7fafe94e10ab18a61c20e821659a0
r6-tune2-b8-rho0,r6-tune2-b8-rho0,alw_rung_d30,25844c3aa6f8eb778a6342363e0ee62a42bc12c50ce0e36342cd7a215e55bf85,262e7648737cae2c2114620eeb9eac8cf1c43e98dad22460400d4d988c6b0674
r6-tune2-b8-rho0,r6-tune2-b8-rho0,alw_win_w05_n008_d00,667e6671bf353ec02a8033ace767ea7e0ea705f7c00aa62702cdae412f4fd22f,c50e09caef27319f3aba66d351743ca1c65aab8b7cca1c509bda1b4895595337
r6-tune2-b8-rho0,r6-tune2-b8-rho0,alw_win_w05_n008_d02,e66fd6762edc54545d557a02b2106743da1b2a129faccba4f50a2418859e5d4c,61faa057f4f686fd72d823f12185b7e72a5b59fb35b1ebc75a5cc079e27c1dff
r6-tune2-b8-rho0,r6-tune2-b8-rho0,alw_win_w05_n008_d04,906e97d54c6e9c6ecc9b6673592ecfa67363a338d48fd3891e78669c0ddbcdf1,9e528c0c5dd8e82c423506c1ef31321ffe46925ddd392a15c9e39ea59e9ba235
r6-tune2-b8-rho0,r6-tune2-b8-rho0,alw_win_w05_n008_d06,c56373e7241ed2d9dbf7423c2ba361cfcb2948d7585990e7c4c4bf496fb88a4c,3fcb86fba95dbd7cafade60b2697c09d1a7bc73b419d0f53577e35077025bdda
r6-tune2-b8-rho0,r6-tune2-b8-rho0,alw_win_w05_n008_d08,c86a6df8d76185d7f2223df33b6b964fdc6337a8a3ef521ceef802490f3fa422,55415ef5cf8f496b40d38500251973d173d31bf18a14fe67978db648760cc584
r6-tune2-b8-rho0,r6-tune2-b8-rho0,alw_win_w05_n008_d10,62ae88fa352972a94227808c08cf6cc7e7224074d231d8f0542411d89e9375cf,4e2d02969fc68038e86f789bb698023b3bdf373eefb310e54800f0d1434477a8
r6-tune2-b8-rho0,r6-tune2-b8-rho0,alw_win_w05_n008_d12,6be6d499469b18215e2585c1de9d1e2db28fdfa7771f39643307f37282437875,18e5703a877c397f50ed453c185a29ccf1ac69ad49ca14b1efe15b688b4ac0bc
r6-tune2-b8-rho0,r6-tune2-b8-rho0,alw_win_w05_n008_d14,183343cb44a905afc38f806b9d6fb02a6b360e554e9aacaa1343b3ec50b36217,6794fea5a98ea6b63d7fa299d2bb7a9dfb001430648ef1b9771dd2407aafdd80
r6-tune2-b8-rho0,r6-tune2-b8-rho0,alw_win_w05_n008_d16,060c921293f62a6877a167c6d9856628e5ac0e6865c99e63729f65cdfc909a3c,dc4c52c423e3a2e857d3d907864a648e96da9c86a476c06673fdb464a32f7ca2
r6-tune2-b8-rho0,r6-tune2-b8-rho0,alw_win_w05_n008_d18,0111d1d003063879ee5cf910c491774d149cb4dbc75ca189426b1f6c9280b120,c02216ceaaafa8edfc383cbe4d83206532ec323f2acaa0645b4eed37014041bf
r6-tune2-b8-rho0,r6-tune2-b8-rho0,alw_win_w05_n008_d20,467a5126ff5ee69b027189d13552387681551e096a10cabdd1fcd33d88fb4a0a,5f749986ff246b5247bdddbaaa9c7b1a71a0534ae3a4bf6557cca42d83412000
r6-tune2-b8-rho0,r6-tune2-b8-rho0,alw_win_w05_n008_d25,48ed8e5666a6a4868e0233cee5d01738cb467303dbc5aca721a71f8e54e90bd1,ed90d51b96dfc17cabd3f549142235b17c1697a7f476572e611a2f70db32f087
r6-tune2-b8-rho0,r6-tune2-b8-rho0,alw_win_w05_n008_d30,ffe887ffab7082798be3253c46c75fbaa12234ac8fd719021baa65830ec63e2d,894e871cc611df710e2b3e0541ccf9183c469ce7c8e2773a66783c59387d0a2b
r6-tune2-b8-rho0,r6-tune2-b8-rho0,alw_win_w05_n016_d00,754538d653a80efa6be857e07244f93995c1fcfa778d6c55adf4562250a42e15,ad4fdcfa0706dfdd40429932313ff5b9209876c536d33c627bcf51582132917b
r6-tune2-b8-rho0,r6-tune2-b8-rho0,alw_win_w05_n016_d02,9a57b607e9bba1f0210d38d51c7d5c1cedb70f5cd44c3ae247919a88653ae6d7,3b8d57143fef8426801c182f4cc2b8d37de0436778509311cf625a042700004a
r6-tune2-b8-rho0,r6-tune2-b8-rho0,alw_win_w05_n016_d04,38048278b8a9c2c49cb97b67d2284ccb9720e91592fd1e1e30724bc6f0e79dd0,55b767d3d3c9ac2bc787b921c3521cd0309ffd687456d282402b377724777f87
r6-tune2-b8-rho0,r6-tune2-b8-rho0,alw_win_w05_n016_d06,e4a950599a184a368b73749a8416965b813f100bda0cc64f4d4f9dc772015002,fefcf84924a12606af81859a9337f72361474eebcd39b75d891d1c4eb18c4939
r6-tune2-b8-rho0,r6-tune2-b8-rho0,alw_win_w05_n016_d08,9e2c4419e3b834abae37d5a43705896a8a0ca810628465b5489bb71918190f37,239b95b812d1470df1688778a19d0d443243f173c563e89b773e6621d547bce4
r6-tune2-b8-rho0,r6-tune2-b8-rho0,alw_win_w05_n016_d10,991e020fd552831ef040a08d45e5845666ff8024d5d9a3886f85236a369e4443,ed68110d691b9a9b098a2c931d72f50804e9a28a9b5d72f2d69c886f7508445a
r6-tune2-b8-rho0,r6-tune2-b8-rho0,alw_win_w05_n016_d12,0b9945be5d314d2180705dd5952a650a3ad8bb6ccdedb513bcdc74a4a51e9960,d754ed88eb581acbb9569c80861a357682cd7b603e1bfd7df10ac47a2f2ae2a0
r6-tune2-b8-rho0,r6-tune2-b8-rho0,alw_win_w05_n016_d14,45f67b48367416eac67d403807cc900e896e66e8c1ce5660600ce5a4de6d7a64,24f2d43ce2a9cb2b3d17afb3d0dc33243710065b4260694b72bf9e0da99ae6f0
r6-tune2-b8-rho0,r6-tune2-b8-rho0,alw_win_w05_n016_d16,58fea9209a921a74f73f59d9e96c4b97a12bb6d4878fca2476c490424b9e0cdf,e0a4da24f4b9804727864c34face3c047afc6dfaea6ba2f04851556116f1f0ff
r6-tune2-b8-rho0,r6-tune2-b8-rho0,alw_win_w05_n016_d18,9eeb9041ce75f4896abb687bb3455b2aad9e50e4721749428c80850588c9555c,4a8ad1fd8125ac6051016b18b77c743983497e4b9531717be1317d9773728e9f
r6-tune2-b8-rho0,r6-tune2-b8-rho0,alw_win_w05_n016_d20,80a94232105177241439e64522e61560bb87a2a23851cec736ca7a3bedacf95d,6d5730148f27429271f5da953a5d390d86b6ff21c4b84882c460bce0d8dec162
r6-tune2-b8-rho0,r6-tune2-b8-rho0,alw_win_w05_n016_d25,f63ae45880a6554a0b515185cad15b0525fa421888d05817b88f5207473d904c,1d87f205ab6f58e1983ef332d800e95bdc9e054e41e233406d696466890c5465
r6-tune2-b8-rho0,r6-tune2-b8-rho0,alw_win_w05_n016_d30,e28b9cc3fc19230dfcba79407ac7734dfb789e39e8646b92269d10f85e3fe33d,5173becddac62d69ec9097020d731ab304acbfc9a38901dc23060284b492939e
r6-tune2-b8-rho0,r6-tune2-b8-rho0,alw_win_w05_n032_d00,da27bd071dad8c5a6c759def6a8ab9686d8c032f9804a78c9ee71faca1605d96,62293c15cf5c30013b65bb23cc16ed7ce66d48d2b92040fdfb13307456229645
r6-tune2-b8-rho0,r6-tune2-b8-rho0,alw_win_w05_n032_d02,8fe164dbf4f6596cf44faa8f167d0b627a27314539f18da3bae61cb03f52f53a,29677c0c25d3c3891202744ce0e6c8bea619a60c44221ae5d2642a8cab8fa652
r6-tune2-b8-rho0,r6-tune2-b8-rho0,alw_win_w05_n032_d04,4bbac1925b2ac5431659b83924d52914774cd9efbc05cfadceaee935a747be3d,c8f010366fa58964deb14fdd34c886f9a6ceea7145fcc313c914ca41735cd7f3
r6-tune2-b8-rho0,r6-tune2-b8-rho0,alw_win_w05_n032_d06,f05be60381ba3fc11722ba335a2a9aef239a96815555e0344d34b8b8fe1eaf6d,e4668bbe4654182fbd70fd4919a3756f8999ba0b5f38bd6741681b2479066dd8
r6-tune2-b8-rho0,r6-tune2-b8-rho0,alw_win_w05_n032_d08,def3053f8f51ca6979ed4098854224733d5e11000316091d8ac714d3aad2d4d9,1a8776a119383fe4da8f3a4361f8efc7270938126090c170f607fc4dff44c973
r6-tune2-b8-rho0,r6-tune2-b8-rho0,alw_win_w05_n032_d10,fa42eef646165ac9f69ba5637cd47440617343a22e810366c4e4145eb2974a56,a547fdffe78eb8c33a2d3fee024677cb9f9efd73ca2cc4f8e5fd45a243c68b2c
r6-tune2-b8-rho0,r6-tune2-b8-rho0,alw_win_w05_n032_d12,c1d7861aa4aa7cc0ad2e04b99109745d691a9a47cd5a263c9743ff12eca4720b,2131140bcffbc7d19a04b54807e6a7f087c8f50caede1fa0c4abc7c9cd2dc3c7
r6-tune2-b8-rho0,r6-tune2-b8-rho0,alw_win_w05_n032_d14,bdcc28880c8d20759951ad5dcd6ab647e41334ba9d2b4b557a60de6af1150a5b,51d49f4ee16ca5932306c30d2f4490e78a77ec6212ee9c789bd4c0ed04627652
r6-tune2-b8-rho0,r6-tune2-b8-rho0,alw_win_w05_n032_d16,b0acf7eac4ac1113511c572d3f128b76633dceffbdd564e268320f9ada86a250,1a8c5f10341aadb099185032e3b24a33656a703f7de7a92fddf205d00dcddcd1
r6-tune2-b8-rho0,r6-tune2-b8-rho0,alw_win_w05_n032_d18,1c758f8b520a4692c903eca197ed9b59e96bf8f01420019eb8574e3da39e5738,6d5b977a24dfcf82d241a1a508691805b4989707e0ba0005e6844444a6ee8b5c
r6-tune2-b8-rho0,r6-tune2-b8-rho0,alw_win_w05_n032_d20,c39d3f534aecb5f1c72d53440c371ace662f152125223ff8cbd10c17d12bf86f,6d6a5c74cad3bd4db832ed1d637f029af5f6ce067a27d931521f066a4a1122e1
r6-tune2-b8-rho0,r6-tune2-b8-rho0,alw_win_w05_n032_d25,f16f39b5165d72159056b16e26f56bce55e665e8e598c49a207afff0ce4cbb29,a1aee072fc5b7cd21c38518a54cd449b98f7d783e1d3298cb98854954afa8a94
r6-tune2-b8-rho0,r6-tune2-b8-rho0,alw_win_w05_n032_d30,c6c340f583646e9f3af2a5f4072ed3c3a0567075d8c020cbf974e9a52da46a84,401d45f71ffafbb9b886ee6115106c53cf682e7711a9469165db5a639fd72007
r6-tune2-b8-rho0,r6-tune2-b8-rho0,alw_win_w05_n064_d00,b8fb3fd98b276eaa2e3e7cea2223f3256ccc85e37c90cad4d7bce1607b7f3e92,a21195dbd6c79d36c5f318503fafd46bd9d77a4c6a425f3682326a1ec8e6b304
r6-tune2-b8-rho0,r6-tune2-b8-rho0,alw_win_w05_n064_d02,6a4e3d605df3b7c14a4f29628c7156430c4ab1ccff307126ca3efe47148cf597,b1cbddbccb65ff6f6002d3b2bc4e9333299713941a84e8f0fbb1df7487d71bf0
r6-tune2-b8-rho0,r6-tune2-b8-rho0,alw_win_w05_n064_d04,b28fba3ef8a924101b9db07517ac26b5ef9a3caae4d216558c9c4c9d2feba2cc,50bef3b50c2c4465a61ad8652c52d45ff529f1d1ca895af650f9ed576191211b
r6-tune2-b8-rho0,r6-tune2-b8-rho0,alw_win_w05_n064_d06,42ce63839e2be5859e7a1ad76cb791682ba139f1ca784f7275e0a3c871b9b591,f42ca1c3ae79b9863a5b1b66751ae84f376018361987024f50bb8e747c45adb3
r6-tune2-b8-rho0,r6-tune2-b8-rho0,alw_win_w05_n064_d08,661a83594d7a1b2c4c3e65303d90da182add0b5891aa08f1237ce962e93c3166,28e96894d6cba9f90b2008dc34411ab55def5ddd6e797764f14dca989ab56702
r6-tune2-b8-rho0,r6-tune2-b8-rho0,alw_win_w05_n064_d10,e688c0f705e6db7f94d450e0e1346afb4a62295ddaa50ba2147c2ce77998fc3d,3e7c4969765034d881cf5e4deb03594c8b39a3ebc61be0bb78fce1e6ad11f40c
r6-tune2-b8-rho0,r6-tune2-b8-rho0,alw_win_w05_n064_d12,01539b1ae2b4b0c25d094d0b71e0cb4bacc182294a6a904a9a20596ad4b1228f,ea38712ee71df6178ca5ed109b07bf7fafa9626f27a78bdb254410dee17734a5
r6-tune2-b8-rho0,r6-tune2-b8-rho0,alw_win_w05_n064_d14,2b4986c2202c4a9fc952af1e252fb1bd75f5e480afe6f1c0e07e037d7cd2bbc0,3a152d21bf6386ac144a061ddcc6c5395d69547593147516617afca19e3fcc32
r6-tune2-b8-rho0,r6-tune2-b8-rho0,alw_win_w05_n064_d16,8f078e7efda46c5c94c4ce7384498b1341ac949d1789c867cbbad44f4211aed4,3c749a9aa2f7a19c5837cfc8aaadd9ebc43f72ef025e25d4cc042eb90fae80e8
r6-tune2-b8-rho0,r6-tune2-b8-rho0,alw_win_w05_n064_d18,5520d842458336072995043407da860d52066ead7d653ec0bede0c06176f23c9,2529b40c01b48399f8ff7a15432be357a1f9c437a365ba44f09a431b21d26624
r6-tune2-b8-rho0,r6-tune2-b8-rho0,alw_win_w05_n064_d20,fa0dd5b2b6f24f9ee178c3892dffaabae44008dbc40892904e0eb0136b121b7f,9fff9b30247d83d27c729b5a1f29275714df701701e5d379a98f68b3dafb798b
r6-tune2-b8-rho0,r6-tune2-b8-rho0,alw_win_w05_n064_d25,2821abf9669a734899edadf5ff2ebecf8e89f7ca0de60b061f4899107ceb74eb,f98ff25c4c3616399d81c3136cb82616c303d3247f9aa8131dc4e0d1fc708a9a
r6-tune2-b8-rho0,r6-tune2-b8-rho0,alw_win_w05_n064_d30,80c8dcf65303b864a930b4cf84b9bf2f3790974a8a8d009b1b0bec87a880fade,27f0e674ccb465fe89084417fbda457fd335b687d38c406c826b38ca9bde0543
r6-tune2-b8-rho0,r6-tune2-b8-rho0,alw_win_w10_n032_d00,e84c00c2e64870c25212e6ad737b0e86f03806cbe1901162967206254ff17f7e,6a88ce5161e40fa5017df10aed8e1ba22c091a916043e2a7ae600a9335424b8f
r6-tune2-b8-rho0,r6-tune2-b8-rho0,alw_win_w10_n032_d02,e9c5d094af43a095dee6de405fced9f2a8c22eaf875da5c6beb3927d19209b99,50cf4d69c1a129e8448b0cc51e277c43d780618f476503bb694c536b05a3a920
r6-tune2-b8-rho0,r6-tune2-b8-rho0,alw_win_w10_n032_d04,a2d7d7654906ecf2a81e75d232fbadc943c036384c93d4802b760c72b541e14e,d83309ccd8a40c19e044013025f25a07c07d4bc7256eb8a407e8f89bfad249b9
r6-tune2-b8-rho0,r6-tune2-b8-rho0,alw_win_w10_n032_d06,216abdab2daaff15181434afa359a83e38bae689c89f35547d22707ebaee9475,c626c5633639c814d4e29f0f9ae3bd0397ec6ec10d3e0eba86253682f80b24c3
r6-tune2-b8-rho0,r6-tune2-b8-rho0,alw_win_w10_n032_d08,f3d228dc8e46e9559d94aad5911ad6579c31f224865a8d1f77823840a40fd9a9,2be20648d98cfe64a4d071a3fae6639dcd8f70c4ce5b08565961a5b83c7fdebe
r6-tune2-b8-rho0,r6-tune2-b8-rho0,alw_win_w10_n032_d10,039c40a40be7bd235b175b768fc9babdd71c44abd5febeeba9d36a33af201946,d9d967aefbed71dad91084cddf159416b457d492b46f433dcc5344593026bd34
r6-tune2-b8-rho0,r6-tune2-b8-rho0,alw_win_w10_n032_d12,87521d2170bd4cfd6763f3e766c9168d2e3c7e7ad88ae48917776c48e0f21108,33873823975ab2df45aae073453d99bbb6cd9b9c150de64d0bb4c10d9c237e8a
r6-tune2-b8-rho0,r6-tune2-b8-rho0,alw_win_w10_n032_d14,fccb375df7b0f3169d08b0347ae710c0d0ab75c79c99c7829a1bb64b458838c6,59a0ccc46744146b8f321b3c320f8cb35f53341f9f0b785d860bca926344d261
r6-tune2-b8-rho0,r6-tune2-b8-rho0,alw_win_w10_n032_d16,fdd52d031e30e889ccbaf114e09b2cad1189bc6c4eda05a5ecf64d93638b683d,481556dcfbb1d3e2c0c1e280e3e8c85a5ae465892c4ba67ccb3f4a44e0b72966
r6-tune2-b8-rho0,r6-tune2-b8-rho0,alw_win_w10_n032_d18,68e3a1b6341d65fd8fe068a0bf2d989415e15fb1dbde5f0489e71b8d098ad76d,db12a6a7fac50a04132f49b1afdab418c2c5369012c1dbbcbcbc3133e0bdb709
r6-tune2-b8-rho0,r6-tune2-b8-rho0,alw_win_w10_n032_d20,ad65eb8e9115651f3bb4b7f6cb0ef6be094d7e23709e8b64f5d28cdc65c59a46,4bdab3e7bda700f10b72aedb8a2ec7b06d1b794af9ed87035bf29b9d3d3ea9eb
r6-tune2-b8-rho0,r6-tune2-b8-rho0,alw_win_w10_n032_d25,f6fb3a216dfd4b0949104c73c8b7ad794d41b727982fcde783d34cab019c1c0e,7af6add743d19b25a8069d86a8d50487b3717ab5e5c0ee5dfaab9e2fc52f9aed
r6-tune2-b8-rho0,r6-tune2-b8-rho0,alw_win_w10_n032_d30,f6334c5d9c8a31ff3af23cdab9f0e0172aa91fb34f3fa4ec48391c00c22a29d1,4d228e3ce01d0f0e2fbddc43caedd067ad1c763c523c4b56f676c70d860483b3
r6-tune2-b8-rho0,r6-tune2-b8-rho0,alw_win_w10_n064_d00,7f233f8898694650da36889449bbab78175ff1043a372a5b8295e459a27204e6,c39044ac2a941c58b31134df66e8f0564e6fc53fc689701ed04bcec9879dac10
r6-tune2-b8-rho0,r6-tune2-b8-rho0,alw_win_w10_n064_d02,ce12decc10538f806a537736506a5910361afcfc295f58b16abaf9a9dcdb242d,6483bc245ca52e58aef91b22e2bfdfb441063ff42392ec2503bbd4bb97893ba6
r6-tune2-b8-rho0,r6-tune2-b8-rho0,alw_win_w10_n064_d04,28b63f468ddc407bed4148c2100c0debbde7e4bd28f5d91f8b5ae47b39285254,f9f67a75fe8e44160c05e8c0df12cdfe6ce38b7031e7fa81a54473a821e7fb62
r6-tune2-b8-rho0,r6-tune2-b8-rho0,alw_win_w10_n064_d06,6f2842e94a69ab0ce5db6e36ad462aa7ef2fac8fe326908a3099d2c430dc8542,c91d6736136c41d94746bffa26da3fae155b8bdd78c5bf9533b4e9810c1fc6a2
r6-tune2-b8-rho0,r6-tune2-b8-rho0,alw_win_w10_n064_d08,fd2b22bdf85f1cff403ab92399e6945127e3ff95cb4812f9ad698acdd7d72336,29ffd71e7caa8a87047444d113c0dd79e11f656084f6f457ea2f56c8708d9daa
r6-tune2-b8-rho0,r6-tune2-b8-rho0,alw_win_w10_n064_d10,95cb591c064cd2340f8fc1a0bdfbd62c4e706a21fe6048d19ce15431086575a1,23bb26d82bd8a5ae0342460eaa08d2c0082e595dcaa8b186caa9d2cdd626080a
r6-tune2-b8-rho0,r6-tune2-b8-rho0,alw_win_w10_n064_d12,df1c7deefeaeaba4ae9fc706138cd90bbadae41324e0aa64aad9bdd8a447b116,7861d0f9a317fa10f142176a665d9328de6916c28df7ce8b085058ac2219c173
r6-tune2-b8-rho0,r6-tune2-b8-rho0,alw_win_w10_n064_d14,f40a3c288a6cf709abc9c9b238a0500d53c3b53b7f2550684ebff5ed11ca3cd8,4e2fb7fb3c27a90ddd26e613249745e41aaf813662ade1a0f24f8d82beaf7149
r6-tune2-b8-rho0,r6-tune2-b8-rho0,alw_win_w10_n064_d16,b605f80319433fbd4c0a08e074dd975b2282b46e72d0c01c99a79a1dd3cad1a7,9e78e4fd1364db868bdaba5a1cce0bad2ca1c608c8f924a4beaa20eede0cffa3
r6-tune2-b8-rho0,r6-tune2-b8-rho0,alw_win_w10_n064_d18,bf3703f322c02515ceb5683606fff91bc8e4edfc6e32bcf343f56cf1c1409520,058a453aa774b2be26538dd6e8e2e9a4618da8cc057df3d0bfa4729e0a437dbd
r6-tune2-b8-rho0,r6-tune2-b8-rho0,alw_win_w10_n064_d20,9f8d7e62dfefe1812eedf37bce4f10857127e1e3a7d1cef29df848cee05ca9ea,52f82fc3bd07a9c9378e82c584b11b9d3a2adbe674a45e86490555cf80c0d66b
r6-tune2-b8-rho0,r6-tune2-b8-rho0,alw_win_w10_n064_d25,47c8c307f4a25a2306326e3aa542c45280889d04cd0c4b5396c20824f790f7a8,2f7c9100036156b43ac2e951210734da7aa0e31afc578d73256f117cdfc46120
r6-tune2-b8-rho0,r6-tune2-b8-rho0,alw_win_w10_n064_d30,4decf6074cf3b26069a60d15398e58f6a4322da50dc4cee85294668f401c44a6,7df4c47371adb482fc7f8f6b728316ee20335c153db76232c32fb63ab00499d3
r6-tune2-b8-rho0,r6-tune2-b8-rho0,alw_win_w10_n128_d00,ae8cc1f40e88aaa12cb168acd9ed9f4c7b4e54cfa0bbdde80660e40d72f34a33,553102b1a1abd9327860584804daf770fff0bf220ce2749e37b150d7b9b4014c
r6-tune2-b8-rho0,r6-tune2-b8-rho0,alw_win_w10_n128_d02,12173a0aefed390e276b5e5dcae2bca864901e27c9ed67eb76a5fc66eda30b80,c1eb2a87e6a176a368f7953635f7fcb6842312df456aeb877c249f5f507d91c8
r6-tune2-b8-rho0,r6-tune2-b8-rho0,alw_win_w10_n128_d04,c800559700a4c5a5ff8228dbaf0d569739b243fa48f4547a225e4e34d38c573d,05a797e013599213dc02ad9b1240700df7699a3d7755557019ded866db4da820
r6-tune2-b8-rho0,r6-tune2-b8-rho0,alw_win_w10_n128_d06,f01b27baca27f339e4cc052ac1a7ff946fbffd33d6ff18534d6359974b890a83,7f88b80ee4ad2dc59146640e74e6e3d5b773f0b5462ccf69faf379b6d6c1fbaf
r6-tune2-b8-rho0,r6-tune2-b8-rho0,alw_win_w10_n128_d08,db2b66090351b483bcb9474fb382ad929b4191a5616cfb9e2d2b86fd91776eff,e1c09ed39c569f0d3b1fe7a249591b065e3c48c92e9c48ceafcc7fafaceb5561
r6-tune2-b8-rho0,r6-tune2-b8-rho0,alw_win_w10_n128_d10,d32484ccf2e85eb23ee7bd0eff781d3477173a65c0b44e25b72bd6bc066f7be7,a0c5bf4321f5db039ebeef9f1c9cacffa269d9e0f5a9820fa3416625939bf59e
r6-tune2-b8-rho0,r6-tune2-b8-rho0,alw_win_w10_n128_d12,1e80b7e5cb3f455c267d531d76f76d9cf3ea56ebf9da3c5598f44de47face7e5,eece14799cb0b22f03687c34ba29eda56858f6dcbcd941c15e62d7780c4bd62b
r6-tune2-b8-rho0,r6-tune2-b8-rho0,alw_win_w10_n128_d14,ee1a3caed2571c48968b26d66b4cb85330a020c14bb97c0e8b39ee0e99638969,0222daff3f03ef2147622bd1970c1851bafbb77fd7670834596f8f1a84cf0ac5
r6-tune2-b8-rho0,r6-tune2-b8-rho0,alw_win_w10_n128_d16,bc1c34c0285f8654d78307d4c4d78f488e54fab3c558843af9f376df2753d59d,8a5888590325340747b2074e2d14a328923f85afc11beec4ad45ba79391ad2f5
r6-tune2-b8-rho0,r6-tune2-b8-rho0,alw_win_w10_n128_d18,d019fffc0c34b317e2ba3fa737aecd5092a46ead1eaac6e05f6bdc555c6abb00,90c0a9c2fa9ca540b966d37e5b475b0153bba35baa38dec3c3bfd7be889d2dd8
r6-tune2-b8-rho0,r6-tune2-b8-rho0,alw_win_w10_n128_d20,7121856756b3c716377758769173fb42e06ff4d827f91ee80b7684aa7be09c04,1d9c8d16eefad49e4f6d04ee2180b1253efc4bd7618dbb14f89d066633ad23ea
r6-tune2-b8-rho0,r6-tune2-b8-rho0,alw_win_w10_n128_d25,2de7fb21f926c82c1eb4605c535f1cdd9b1d40c5cf2390a9915ee541c77a3dd1,5d6451ee18dfe609cabde3f397227050188f1a127f7245358bdbb08695f98eb5
r6-tune2-b8-rho0,r6-tune2-b8-rho0,alw_win_w10_n128_d30,dbef60fd4ab27c8f4487341759f6282a4ce15d5fe88b84f43715e04e662ac943,387e19e7d562569718be47b858b95865a7fe200fb8dcf50436be4a9641290e6a
r6-tune2-b8-rho0,r6-tune2-b8-rho0,alw_win_w20_n128_d00,084d60e8c58285e6abd9983310c050ba456585815627897166019b0447a5d6d3,df2c4cbdae971da536be2a47399250098a115ed767103c06126d8cec6c63dcfd
r6-tune2-b8-rho0,r6-tune2-b8-rho0,alw_win_w20_n128_d02,d02b1a4bc1abd66ce527effe4a149362ebe56b5c84e2c1b1bf7e23d0bed91967,ee7afe20ffb09db4f6fa94f18e1e48adaf1375382a38c978760c0be0efc4f018
r6-tune2-b8-rho0,r6-tune2-b8-rho0,alw_win_w20_n128_d04,c681f972625f4ff8f483301c99b10c4634dbe47e3fd4646925b551cf75dff30e,38267fd8b75eb315d1195acd72991a4087574b2f6f77dcf7ca31098cd84cd7ff
r6-tune2-b8-rho0,r6-tune2-b8-rho0,alw_win_w20_n128_d06,608b2d3e5ca5f54da6322cde9ab5d61e67bfa40c1db9c7efa70db4ef223e7879,79e7a6158512843b77f607c07c939c0feafd4ff7a08ccb04eb4d5eb6a17e137d
r6-tune2-b8-rho0,r6-tune2-b8-rho0,alw_win_w20_n128_d08,c3185eccbd93913e8c81d46f56cdc89d7db3a36c99a19a40d1d997a2f8d803d7,7a4025baff7022eb8a5d587c2e98da5b30496f348016cd5a4e67a7cf3488beb0
r6-tune2-b8-rho0,r6-tune2-b8-rho0,alw_win_w20_n128_d10,6d7ac613b17102b2d5cdc3ced8a42494b92e28c968edb3bc8f9a688674fe004c,4ff580fad99449c6d98caf412afffc06371d2cd76b0bc487d9229dd585ff7bbb
r6-tune2-b8-rho0,r6-tune2-b8-rho0,alw_win_w20_n128_d12,640a4173f38fdaaf71219dbe84f8e471943c181c8185d68f09cdbb1de6894cb0,4e1ca1676c5dbb5da3d7b3f2033762043698e807f7212d9f627fc18e5779033b
r6-tune2-b8-rho0,r6-tune2-b8-rho0,alw_win_w20_n128_d14,b421abf6b29312d436553d69dde5ae682e03341d9a42aff2f284484598d835fa,af9845f382598fa9795fcd869e9a87aaf6398d6428b9397aac2f808f30e84bc0
r6-tune2-b8-rho0,r6-tune2-b8-rho0,alw_win_w20_n128_d16,abc77046dad430e5dd49fa3d91d23a254d050a7911bd4eb4df2de03b98e87cc8,875ab8e8d31b2e367cea42f16f03242fb489aa81c8785d65d4555a653b3a11f5
r6-tune2-b8-rho0,r6-tune2-b8-rho0,alw_win_w20_n128_d18,691a35fe5522d6252aece38473e61502e4f144f400dfb0b57126cfff438d68f3,03879960a968dec06acd173a875aa31106a1f244f3f05d4c6b451d77a4b7aee8
r6-tune2-b8-rho0,r6-tune2-b8-rho0,alw_win_w20_n128_d20,8b5c989f8bea8ee12a35e36c485bcd31bd2961646c846931e75119dd5fbdac61,b233dd82608ed3f17a375438a184273996958f9cb7d216e4f8fe5cb1c706f169
r6-tune2-b8-rho0,r6-tune2-b8-rho0,alw_win_w20_n128_d25,00da7ffb9bfabe282d5a79008ba15a09aa41836ba00380198180b315c1a367db,6cfb28da9c57ac28c7210c135bf09d0d9b2ffb044cda16dd0c0eeae8fd351579
r6-tune2-b8-rho0,r6-tune2-b8-rho0,alw_win_w20_n128_d30,73d0cccc4d3eb57184cde3f46e70644972af564c253c4260eb095b378d4ebde4,1e5ba61236bba0b39a400185d821da6f8daea65839becf63e95adc5ba9895001
r6-tune2-b8-rho0,r6-tune2-b8-rho0,alw_win_w20_n256_d00,a00ec1e69d12c7b4dd9fb0941e4a8b962dcb0b9d1d89daea87afd0f1d62ab518,b7a1038d98fabf1e214301da8ed95b5c3478b5a765c284ffe593b87708feeead
r6-tune2-b8-rho0,r6-tune2-b8-rho0,alw_win_w20_n256_d02,a563f6adba02143103c64ddb833fb6bf3875d9c33a8cbf314520f15b84e7b7c8,23097626bd90f0c0590b0989edf506027486f3875b8d6309e991dca152c45d94
r6-tune2-b8-rho0,r6-tune2-b8-rho0,alw_win_w20_n256_d04,fdfa2aeeec6c8685abe95ea224b9dcfd2113743ed30cfc91fd86dc9238693ef6,e8e6ce6b7310c1def81c61f49e0d7b05e45b75fe04ea6916be287bb72ac6ce29
r6-tune2-b8-rho0,r6-tune2-b8-rho0,alw_win_w20_n256_d06,d99fb62f9e55d45e8416bdced7bbbc0ee48b98b9ad7da60981202a2788e80cef,8bb9cffd90c7d44aae4d9e629b2602c4ad8182bdf9e19ca8fd68ae9ac2cb2bb9
r6-tune2-b8-rho0,r6-tune2-b8-rho0,alw_win_w20_n256_d08,8d2f11ae8f3c29f0aa08e7597e347039fa50e19e54a5205a65b54674d1770317,1b06237aa039a13acd1672da6e7533e37f676fb1aafdaeeec6471f93ea617717
r6-tune2-b8-rho0,r6-tune2-b8-rho0,alw_win_w20_n256_d10,38b01895c7b8779a953a2224a6d9ffe80cd72e7a9bba7eb15ab82c991e5633c9,6bb4fb27bdbe333e0497ecb132621151b3cb9d16059d2fb267f6bb33ed87ad1e
r6-tune2-b8-rho0,r6-tune2-b8-rho0,alw_win_w20_n256_d12,809ca2a94929aa8a3d4c600e3f45ded332e0e00361e4004974fd3489c9a5002f,f8a9e1cc0c1885f9a3635f434c8325e9ba5220e2d28cc19e4ee954597e607607
r6-tune2-b8-rho0,r6-tune2-b8-rho0,alw_win_w20_n256_d14,8f63c4e502f5e7777047fcc37bd4a96b9131627d3eb3ed11e9286e09614fcde3,2ec1efed3f96f65915c6f299daf1f679acd87e2e51428c75fa162e560973b4a4
r6-tune2-b8-rho0,r6-tune2-b8-rho0,alw_win_w20_n256_d16,b34561b0201e173b570f2c9c11c71b02cc8d8f705aca24ad5e9f8e278fe8278c,3d9c0583af4ada2531d10f5dfac02516a876a39cb0607fa5cb616c426c49231a
r6-tune2-b8-rho0,r6-tune2-b8-rho0,alw_win_w20_n256_d18,70a95d1a58894a907064f4cbfc344c287c11b2a03f2197bcd18e1c7b332ebf27,9a472fb1465189f34bedca5861bff22c03307a3a0d03a98b37326259ac736262
r6-tune2-b8-rho0,r6-tune2-b8-rho0,alw_win_w20_n256_d20,d23633118dff9403f826242986f6c483e5c123fbd655bc20860970e4d6340ae7,a16f5e837041d98297bdabf5b4ad8438354469e4dca6e0f3d4de52466034bc07
r6-tune2-b8-rho0,r6-tune2-b8-rho0,alw_win_w20_n256_d25,3dabcfc8cf16deb775f0a8440501b381928513467844869ae1474bcce3d27127,aad91b8c9ddc266df736431c461365495d253f807c0aa7f930a3203defa933e3
r6-tune2-b8-rho0,r6-tune2-b8-rho0,alw_win_w20_n256_d30,49108c362205f24727ebe244aee70ac371f97d58099cbd0801fbb2e379bcdd3c,5c3b9f6e5169a76b118110ff9c2bc568e8d39f75ca3c6cdc54c7b19e19acfc32
r6-tune2-b8-rho0,r6-tune2-b8-rho0,alw_win_w40_n256_d00,d82bad1dc1e77fe352c041e171f4c7f04f2f3e8307f8fde8afe1140c5278dcb6,171b1ad4c90c6fccc05864aec86ef3874a8bebe551657c98bbf98539f14a7202
r6-tune2-b8-rho0,r6-tune2-b8-rho0,alw_win_w40_n256_d02,ffd9badc3a80e14404b8d5071321d4835d2a1be75ec901f1e3081f3ff1bdb992,3004bb03735e945802e093bca5c9ec83f04e5c44c63eb415702ffac5f89876dd
r6-tune2-b8-rho0,r6-tune2-b8-rho0,alw_win_w40_n256_d04,629cfd38ef717ea1c9a4be1412a433122a0a968fd380526f5133d89f76b34c51,f1af8d0b52b3b2da163c4cad0e6f2d3ed8268978149d71be13d69e39f415ce7c
r6-tune2-b8-rho0,r6-tune2-b8-rho0,alw_win_w40_n256_d06,898e4615aeb39e58b913f96417e0361b1f2478006ce172d808cc90b64bf43d0a,e4209545b51e8550a69722a5a2ab2c502cc4af11031e1ff39ee4f2b65015d6fc
r6-tune2-b8-rho0,r6-tune2-b8-rho0,alw_win_w40_n256_d08,8346bc01bdcb9134cb5ca3d4b4fa449af70078dbd7162bb0f800db5a4303ab1f,40f1483c4a1fdbcabfa22318f05c7ebf30dd0f78c42f32aeddf64f1917665701
r6-tune2-b8-rho0,r6-tune2-b8-rho0,alw_win_w40_n256_d10,32dbf012b06a8e5891ffed235fed6cfcbc1c6dd5c5a0bda9a44e384c508992b1,e9806a162acb54d44c6a026955262de07707eb6e93a369051866a63483ef910c
r6-tune2-b8-rho0,r6-tune2-b8-rho0,alw_win_w40_n256_d12,42feb5703b17703a52ef87a8a0058015d5c8ab80a48c59003543b0924286d24f,dcbebe4693fb5a9221f86677c1115c3e9983bd9b01bc3eaaf3a151da0854626d
r6-tune2-b8-rho0,r6-tune2-b8-rho0,alw_win_w40_n256_d14,a3756355c6ecf58bd38a00e30547df6095dcb5f75feef8684449750a54c8d3fa,a5840f7322a5d5a8b73a4503a71188d9c668f22ad0e0b39f32e9664acd702d23
r6-tune2-b8-rho0,r6-tune2-b8-rho0,alw_win_w40_n256_d16,8bc7662eae4ee8ec5efafddc11198fbcf148dc7a96fba504fc5d53f2de6c0181,555fb4d39ed2a74704fc75541a4b64be3ed1285261941be9e93ab33f23e7d01c
r6-tune2-b8-rho0,r6-tune2-b8-rho0,alw_win_w40_n256_d18,de4ad6f16d63b729fd8b0b2432c9c59cc717e469783b91b63018ebd156e40676,0663996b35c5a7fa4676233d6cff79670dc608c6ac5558915c8c58579072dd02
r6-tune2-b8-rho0,r6-tune2-b8-rho0,alw_win_w40_n256_d20,236ec8e7845a68ed0f2791df39c7dfa79fe37dcf5d53c2cabe086a22cb1016d5,198085224eaa0a87ef21900789f286a98079763d4557ff4b25faf8d5ccf531d1
r6-tune2-b8-rho0,r6-tune2-b8-rho0,alw_win_w40_n256_d25,b91b8ae645836fe4758efcf5e7a7b21ce503c91507e909deb327fe650c248593,f88a2d364e7cbcf6860e167fb3c945de52303ce0746476c4d68a5817ac563315
r6-tune2-b8-rho0,r6-tune2-b8-rho0,alw_win_w40_n256_d30,4fa0c53e4f6c4cc4ec50dd3a139b022bc5cfdff79183c9741552de335f805679,b0bb33507bb181c8bbb6d141eb64363cd9ccca935b17c110f7e88ef72fe108b4
r6-tune2-b8-rho0,r6-tune2-b8-rho0,alw_win_w40_n512_d00,83fcb6942a1bf7a591397ba61fd870267525572338e23ac8d4d09a3e705c2c6b,f1f1dce168f96e5efb900f6a7609a6b8f9953eaae45ad460a6a631863a29bf06
r6-tune2-b8-rho0,r6-tune2-b8-rho0,alw_win_w40_n512_d02,e2b8868f9c8829ed5eebfdbc54600cd971ca1677cfff1ab5bdaa946d053ea282,e51920a2f8da26fbbe37158c5545c639444594da5eacd233726cd16bf10f44d5
r6-tune2-b8-rho0,r6-tune2-b8-rho0,alw_win_w40_n512_d04,ade89d300ea8590a6783998adaa1681fbcb89f814b39d3550dfd98ad0b682667,fe3dd15136e060de04480127fae22f5403d99577a5e0c865fa9330b5b5d7e90d
r6-tune2-b8-rho0,r6-tune2-b8-rho0,alw_win_w40_n512_d06,3568d7242b0581e6da21b71479ae7c0536d9dbd77a4b4f4e5ad1779b3e39dac8,3c16455583148bc0c1cfbeb382011d233476efff1007c74e59384812a3a9e196
r6-tune2-b8-rho0,r6-tune2-b8-rho0,alw_win_w40_n512_d08,0fd06cdf3aab79dcb1ae86af82c97792e1087c0c27b87a0f7166f01706267006,638e736eaea0e651999f656f4a518a625fd32c0f10dc36f534d38215b917bb77
r6-tune2-b8-rho0,r6-tune2-b8-rho0,alw_win_w40_n512_d10,8d07c0ed111acb4d8d75d707f2df2f67d18951a49ce0df3249bd6577cfdc6426,2220d278da2ef32237bbe1eac388eff59ca460e0cd71daeb75b9f155d9568623
r6-tune2-b8-rho0,r6-tune2-b8-rho0,alw_win_w40_n512_d12,d95a1f6fa14f58f07473cf6d253c306f651c23aa770e9e0e06b5a28a13d8441c,54e0e2241e9c40edb9a143c1b70e94b04a7e59791072fb9ad9ccf464f7c881e4
r6-tune2-b8-rho0,r6-tune2-b8-rho0,alw_win_w40_n512_d14,460bab4d5c796fc025ca84b3b2c7c1f65ab513963ddcc802c6068052953166e1,166cc7e0e046879ad97e8bd996d246a930d87b59d0df0544b2afbe237bcc4304
r6-tune2-b8-rho0,r6-tune2-b8-rho0,alw_win_w40_n512_d16,87295ec0e12f345e12ee07e64244f595bf663511bc3cffacd529fb21ec788052,0683da7b2b63a891d8ced462855d8a0ce825c1dd3c559675b1291d9fbffe3023
r6-tune2-b8-rho0,r6-tune2-b8-rho0,alw_win_w40_n512_d18,e528275f0f4fac3dd3eb24b55bbbf2d813a73f29d2aa8ef842d77b419616680e,46aa701d44b328bd5fdfb806302afffc2ba1f090ef6ebe4810f5343ef6a8e5e3
r6-tune2-b8-rho0,r6-tune2-b8-rho0,alw_win_w40_n512_d20,5c3c5973dfe6cd031fa0042d8a416fa13160dce2f88c5b7eb825fe430018af72,863a24a3b9989ce705d8efb553dcc0a9291543dc78b3dd791047ef3f9b11a8d5
r6-tune2-b8-rho0,r6-tune2-b8-rho0,alw_win_w40_n512_d25,f7c4531c0f063e18e5bd7670b736a492d61ae489f2066764d508ec479eeedc11,3d7d3a053a8b45e92c62d6719d82ecdbb7c8b21a9a57e53687466bbee4d125bc
r6-tune2-b8-rho0,r6-tune2-b8-rho0,alw_win_w40_n512_d30,f5cf6c6deaa0eeb3f9f7b2da4441e4be2d24926f588fb264fd3d97904b75f01e,68d801f028f0f9e6fa63560141e87f07a38528d5e6ec8995ab8f10065fd7f640
r6-tune2-b8-rho0.7,r6-tune2-b8-rho0.7,alw_coc_d00250_n064_d00,73397da6049978633b58cd93dca1944295988e27b2a0a426b4fd599c9a07bc6b,46863f188a00c26be1987cc654ba376f7f06089fb22e9bb13bbe3ca8ac30875b
r6-tune2-b8-rho0.7,r6-tune2-b8-rho0.7,alw_coc_d00250_n064_d02,ab15bb253b412d266960c2b75e76da8dd393302f839779b4950a7ff4ceaf369f,007ae9517ebd2ea64f7e9734ca4101b74f6a96dc97d53f975e53e5194626edbd
r6-tune2-b8-rho0.7,r6-tune2-b8-rho0.7,alw_coc_d00250_n064_d04,f42b6e04433a1046307729716b99e0890add702db87f215b888370450c4ee644,4651c42ed857c001c8e8c0edcd09b5cbbf09b43622e797249b846f0d870ac295
r6-tune2-b8-rho0.7,r6-tune2-b8-rho0.7,alw_coc_d00250_n064_d06,ac1beb375fd43a519ec15f4091c61b67ccfd488a5e167703f10a5cd6075f17c1,fd25660552253fc8c4011d29ef535a77b5925e23654f8ecccb46964728729346
r6-tune2-b8-rho0.7,r6-tune2-b8-rho0.7,alw_coc_d00250_n064_d08,1293a2a6b9a3bcf49789240295faad884acc574cf4235b506ae8f97c004e6b6a,00249e8502dd4a6df8e9a4828caec45e89ea03e8a7b88dac4c734f9085feb9b9
r6-tune2-b8-rho0.7,r6-tune2-b8-rho0.7,alw_coc_d00250_n064_d10,5dee5092c59dbbbdc05ffb269a04c05759a7284a8fce2466922d7c4816433342,59844e89f57a604f1cc1c38067c5ced7292d3c355149baa78011f5ccd5b52a03
r6-tune2-b8-rho0.7,r6-tune2-b8-rho0.7,alw_coc_d00250_n064_d12,0026555ea19820e776063f1560a3047a2dc447d9c0ece3efd54f06c713825121,05b099f789f7e63cfcd60afba8a5f48ce7c7b110c35495658224b81eea5b8571
r6-tune2-b8-rho0.7,r6-tune2-b8-rho0.7,alw_coc_d00250_n064_d14,c08fe2b3bd6f3da362842e6f8f7420ef2cd8c350aa62528d47509b037c0376f7,cc173ba4d1b87bafe267c2a657dc07e82d8c9b19ffc091bc855889b8ba550590
r6-tune2-b8-rho0.7,r6-tune2-b8-rho0.7,alw_coc_d00250_n064_d16,16636af2b1631585820843527336a35d542c25a8afaa3cdc44215677ac4083ff,c2eed1462f0664020cc579624c2ec492af82b30bc6465cfd31195295c2d176ff
r6-tune2-b8-rho0.7,r6-tune2-b8-rho0.7,alw_coc_d00250_n064_d18,9062b4f4a0f3be1417b39fb855dbac6b0283a4c659c32e6dbd294ed2ac737cd7,ef0b5f56499b8dca4e07a2582b7e49b3f8758eb6ae7fec7c0a0fc47b23bddc6d
r6-tune2-b8-rho0.7,r6-tune2-b8-rho0.7,alw_coc_d00250_n064_d20,c0df44f0bc99b49b3e07f66966a3a2fcff0881fe75d57ace37365d2c1b022578,8c560c4f42f183a147f0bd72abcf35f7f90aeaffd11e2cfed3052ee9ec4ba2bc
r6-tune2-b8-rho0.7,r6-tune2-b8-rho0.7,alw_coc_d00250_n064_d25,e942c18c99ebe881fea21efe129318099e1206dabfbe6ba26fcaa6ddbd740c7a,30460ac8545af5d1f160cbc177a47114711e91ea33c09667c0f394d576f33905
r6-tune2-b8-rho0.7,r6-tune2-b8-rho0.7,alw_coc_d00250_n064_d30,2dfe240fe990f2f19297721c8b3ea0140c0c9cb615b35113d3408bd6c0463e8d,142e9a59c8b9ac4e6695e26b226e78f1f7616faa141743eba2aaa62de7211040
r6-tune2-b8-rho0.7,r6-tune2-b8-rho0.7,alw_coc_d00250_n128_d00,22ab4f6af9ab30e5123f114fc8a162676839bcab300917226a94d3cc65e30c1b,52097c51bde10a47729461d71433aaa446422866022374dc2edcc2653b5d2065
r6-tune2-b8-rho0.7,r6-tune2-b8-rho0.7,alw_coc_d00250_n128_d02,5a12545974c6e5d419f4ec9b6a98b3cd023c1be649b284db24927107ccd6b8d5,8724fe3e00a269f8919b35dfc63ba805391fb078ed51d533e04028d4fe0ee35a
r6-tune2-b8-rho0.7,r6-tune2-b8-rho0.7,alw_coc_d00250_n128_d04,1991a69496a52a0aec1bc4aa6364e45932e3cd65ea1e4855ca6476f432fca264,5b2dac00833c0f6d51e78f3ee3101a8a4fd692342448d09ccc95e45fccf030c3
r6-tune2-b8-rho0.7,r6-tune2-b8-rho0.7,alw_coc_d00250_n128_d06,c0e2a4c3c39b1b565d39a06f8cf9bc3c33c7597c90d53d9f177c2144ab9c6705,4ad7c8b4e65e289658680617bb649b6fd30c345806cd2b1c0a1dd8077ebe7d7a
r6-tune2-b8-rho0.7,r6-tune2-b8-rho0.7,alw_coc_d00250_n128_d08,88325db39b9712b8d25800ebe8bb6986828b88682ddab546d1fa1bb0c90f0ad1,170ee56fdd9709d767ae1614af240182b9f84fae25d459f07efc6157185a45e4
r6-tune2-b8-rho0.7,r6-tune2-b8-rho0.7,alw_coc_d00250_n128_d10,eefd022498394e2debb54c777756131be6e6311765e841fbde695c17aeaa3b6e,fcf3ae1400495bd25c1483cb7a1f83aed0475cbb8b4fe296e759dee2695df80c
r6-tune2-b8-rho0.7,r6-tune2-b8-rho0.7,alw_coc_d00250_n128_d12,08c4da2f65a0c0bbfe346352b65eeb0e94b62036c720a702ef8cf84cc81494d3,97cb67b05ceaf1376760cc2f3690898d46e6b67b36edbdff6e4a55cc4f6d7c71
r6-tune2-b8-rho0.7,r6-tune2-b8-rho0.7,alw_coc_d00250_n128_d14,93c6f91c5aba8e8668c30ddecb57ef022680b0961036a36ec6670259e515d948,29e9af830c1f910e31493ec03d29f43b194c7aae4e5c90c11f39f607cec6946b
r6-tune2-b8-rho0.7,r6-tune2-b8-rho0.7,alw_coc_d00250_n128_d16,be409837c36744867b3ea789c6c02dbec2e433b765677a3241384907070ca04d,6fa0120d34429a32a3e46423ed66c41d85111877a8c9e60fc803da9939eb3fbc
r6-tune2-b8-rho0.7,r6-tune2-b8-rho0.7,alw_coc_d00250_n128_d18,360aa0dbff14c82e79140d9d3c4a284dac49be4ceb9c43f1a808b7a06ed96165,28342f7b86ebf9910cc0e883bcd97423127c78cc4cf287b5eb14264d245bdf1e
r6-tune2-b8-rho0.7,r6-tune2-b8-rho0.7,alw_coc_d00250_n128_d20,e0d60b1d1ced6c90ec5ae021bec1a79f6d2fd9a92547ba905c773697a52e446a,478d25e4ab48407756bcbb0e589785af9285b8a8ea0bc76ddc34553dc05cc024
r6-tune2-b8-rho0.7,r6-tune2-b8-rho0.7,alw_coc_d00250_n128_d25,4cde76e2cda54858c59847d1f49d2916bafe79b6a24c68fee7226a668a59b1dc,fcf083d4917ca585a19f6e10b33bdb1c5608ad4974b3823c64b7cdb9059b7320
r6-tune2-b8-rho0.7,r6-tune2-b8-rho0.7,alw_coc_d00250_n128_d30,0188a00c10e0c560159b386feda0633b0370ee54b7258eb6891f2e47fc1a5063,0e90b37cce8e1848fcd1f5d3d5832bd6ff9c02e591d50f845cf7d62027e1c275
r6-tune2-b8-rho0.7,r6-tune2-b8-rho0.7,alw_coc_d00250_n256_d00,2e658edfb499f8c4c1d11a91448d0fa86f2cb39b9fcf8a319bfb6b98d8ecb68f,13fbb5fbcbcd0c0694cb99d1eb548160dcdc2bfe64e929fd156ba648be17afb9
r6-tune2-b8-rho0.7,r6-tune2-b8-rho0.7,alw_coc_d00250_n256_d02,1521ae1319818d1d7a59e031df9fcee2ba859b5ccdb5aa8c1cdf945dc8d23642,16977d9bc8472e8ad3049c5ef53320513884af2fc99e724b58f562c919f41421
r6-tune2-b8-rho0.7,r6-tune2-b8-rho0.7,alw_coc_d00250_n256_d04,64cae871ffc5eb4fcff89b941f9bcef76ece824b0bc0fee7b6f0560fb5595f11,11413d0e49703bf0083e796f02d1555c244a9446673dd96c1baab7adf8a7be8b
r6-tune2-b8-rho0.7,r6-tune2-b8-rho0.7,alw_coc_d00250_n256_d06,fda4c87749c8396a61defb194e747a9d71fbfdecfddb3f7d38d6719447e2c76b,3667558aea5c86a096b61ca2c0591d12b2d64f3d9d4ebfa263794b98725d53f4
r6-tune2-b8-rho0.7,r6-tune2-b8-rho0.7,alw_coc_d00250_n256_d08,a128b1e6f08386c026a56b2d897aed9941888cc46ceb50a4567fbc7a9291a81f,6c992d73d8aa8da24a1ac188daa53a88c01503d06d87bad3b490c96063fdcccd
r6-tune2-b8-rho0.7,r6-tune2-b8-rho0.7,alw_coc_d00250_n256_d10,476aef32658db442852ca406927f9c92fb2041392dbda014bb0cee1bd47506a9,94a46243bf366dbc752b765b70f0b6d557b1f207a4d03485e203618323137aa6
r6-tune2-b8-rho0.7,r6-tune2-b8-rho0.7,alw_coc_d00250_n256_d12,505a79c1aa6cc653df0f3844a1c195acedc29336a74afb60418d752d834bedec,a526847eac60848e8b1dc439d1e9dd74858bd9703b0ef93ea4567562a1a37af6
r6-tune2-b8-rho0.7,r6-tune2-b8-rho0.7,alw_coc_d00250_n256_d14,4239027a809852713b7137671d570cc7ec550d9242aebafe7a735039d0814952,8e395716988439a1b85d5096b6ffd4f5e8d3412547028b8fec35218b7e093c2a
r6-tune2-b8-rho0.7,r6-tune2-b8-rho0.7,alw_coc_d00250_n256_d16,38c9568a09a7d963787fbee78c54a46e2ce9f374c54ee71898720b07f1aacd39,54e9e1cdc7705f77e43334a6a9b940154beeb5c223d65e5b1f677d19999fb622
r6-tune2-b8-rho0.7,r6-tune2-b8-rho0.7,alw_coc_d00250_n256_d18,908ce5022066bc137e177c77b8dce1ee08a40847521a9314c77bc97f337dae00,0fed6725e3e825bcc2ef8103ca1e771c0521f4e5e3bc3ca97dd9b5f1f1d4e885
r6-tune2-b8-rho0.7,r6-tune2-b8-rho0.7,alw_coc_d00250_n256_d20,ce04e8cf14918a9b7412ce0ced926b36285309cddbef6cdd5c87b35ca5ea4bd6,6f0c95a2cd83eded91fe3ac61b82a0de5231c582688867f374d44947c33e2da2
r6-tune2-b8-rho0.7,r6-tune2-b8-rho0.7,alw_coc_d00250_n256_d25,478345d09b6f683dfa32b6d2751b3710bf6827c80481a9c0540940c8eccedaaf,5676dcee9f98eeb91f61c6b7117a8e06304a1682240551dc62c3cd1f69ad2704
r6-tune2-b8-rho0.7,r6-tune2-b8-rho0.7,alw_coc_d00250_n256_d30,2e7e305e6f7b99ccd3410060ed1e36e6ee16cb2ad3bf801a17aa91300addebd3,dd7f25eec7dd7b0f3e04793588bdfcc9795870df6dc5c84c3d68fad6f4f45628
r6-tune2-b8-rho0.7,r6-tune2-b8-rho0.7,alw_coc_d00500_n256_d00,4adc603741de7469efbc2b1627b1e7a6a22b652a53a33a7e6d409a0b08b4594c,9817dac52f1ceaa4d96421c98322c0a1a40d114e31d79e1e046bccfb2ce3fa9f
r6-tune2-b8-rho0.7,r6-tune2-b8-rho0.7,alw_coc_d00500_n256_d02,1d11cdcb43853f27417de9a990fc27cccb82d12de65ec773962b72e798089b1e,f101a3410d4a5f8d1eb2d01462523b5361a94536fc6e8551718a59844e4299bc
r6-tune2-b8-rho0.7,r6-tune2-b8-rho0.7,alw_coc_d00500_n256_d04,b520a80958e0d3120e55b2884b49c1be3f4b1cdd3ac76d6b15a4cd380959fc04,71675c74771d4c2efe882cf70ae5d0e01c03e5467e19e148cf5e73c54df4407f
r6-tune2-b8-rho0.7,r6-tune2-b8-rho0.7,alw_coc_d00500_n256_d06,fdf46f1a25ea8e04d91122b7002ec635d12424538eb95be1561f435079985abb,d8db65d3bef76d2583c1260e62bd9b33d1487b8883f75722da2a733ccd82526e
r6-tune2-b8-rho0.7,r6-tune2-b8-rho0.7,alw_coc_d00500_n256_d08,75dd1853c3211d27337238e0c28b19b33bc8674cf0af8fef0231b78de3669ded,f5bcc6c99b95ff9fea749d8a59d0f8171fd70458959af5ba4b1c1227c2354bcd
r6-tune2-b8-rho0.7,r6-tune2-b8-rho0.7,alw_coc_d00500_n256_d10,93a36c548c74a4069cda1baca61448d702716dca93d63bde2e5aaaea81b996ba,b796096403bf6f5ee7a3e72035e62026b860cb93bd1b717dc8de256d468804c1
r6-tune2-b8-rho0.7,r6-tune2-b8-rho0.7,alw_coc_d00500_n256_d12,9a928c1595b132440bdb1ac5073a8a54e6fddf5fa65a2e48f978bc3f3e455d11,b009f0e02a91059d90b0f5084301cd73d608b6d2364537d166abdb68a9af102c
r6-tune2-b8-rho0.7,r6-tune2-b8-rho0.7,alw_coc_d00500_n256_d14,f4539799ade19d3512e128760c237c14c8027e472923a37580ab3eef61d8ed8a,1607caedc6ffcaccf9ab7e052ce89e2880654747c9bf1c20dfd66d4d8d7d3bfb
r6-tune2-b8-rho0.7,r6-tune2-b8-rho0.7,alw_coc_d00500_n256_d16,0323785551c83a7c1bb4b38603844f102a3c42304d0820705754f534c6cd7d79,2e04dcc3e379085c465d35ca51b135c1ad1959f74985cd75a9842df2e8ddbf5c
r6-tune2-b8-rho0.7,r6-tune2-b8-rho0.7,alw_coc_d00500_n256_d18,4f591cea2003d3ec708eb6c907fb770b17d1d72a4652abcdf6da644cbc52fdd2,a7b3e346b3aa818a81156dcec571de7178185c2d8fe32b6d41d3a8cce236c650
r6-tune2-b8-rho0.7,r6-tune2-b8-rho0.7,alw_coc_d00500_n256_d20,11e8ef2e36776c288833fa09a361e2994b532a63a9c858e25e24dff755e37bf4,e272623b8d724e9704a00549d68806e90b1eb3dfbba8d8734ea63eea4208ac6f
r6-tune2-b8-rho0.7,r6-tune2-b8-rho0.7,alw_coc_d00500_n256_d25,209154665a64bf64b984768bd189d7339a81c44b130aed91e8b3d8783011ecc2,e7248b7b43ab6fe7ef44001267defdf4a10d2328c40c1748dacdcf7daad2ed5f
r6-tune2-b8-rho0.7,r6-tune2-b8-rho0.7,alw_coc_d00500_n256_d30,46c9e6bbd5f052577da6859ce5a9e690d66bdb82ee8603a7633413d54779b73c,dae8a4fb1424ecf2d105ec4e22e8b86c47c967b81327ee394ba6c1e3cf1edf4c
r6-tune2-b8-rho0.7,r6-tune2-b8-rho0.7,alw_coc_d01000_n256_d00,0fe361ad3e565ea430d876c8627fb7a52268c63f4f90e378f4ae22a083c97b7d,e3350b0b415e5451417677ba6806e17bcef2ad091eac14d3c066f41426ae12e8
r6-tune2-b8-rho0.7,r6-tune2-b8-rho0.7,alw_coc_d01000_n256_d02,266af9ae26a632084ccd4e3efe5915e86869807a24cb932fe28d8c2ff7b09dd9,0ccb04bc68739ccb431bf8cb2c4fb9b170d6854ab88b8578cf99ab8a23969288
r6-tune2-b8-rho0.7,r6-tune2-b8-rho0.7,alw_coc_d01000_n256_d04,7bf0376362051fb6ed2b23aaed05c62843e589559d98bbaa8aea572c7387ffb3,65afcd11ce803897a1e43fa1095c1b7adb435528b6a31a51a9c4c2d3e2ff28d0
r6-tune2-b8-rho0.7,r6-tune2-b8-rho0.7,alw_coc_d01000_n256_d06,c02520db8ae47e51a70c1b62f06422b8cb55f7443493d09233ed586cfe2bcfdf,b3e209a5b3f951a0a9ec1e437cf5af520a0829de02bc4a7d96a82673a647ef79
r6-tune2-b8-rho0.7,r6-tune2-b8-rho0.7,alw_coc_d01000_n256_d08,f123a9c58146b1a0b9b0fb39f620a4e8d22290abe590f140bf7307283d005dfa,31060deded0064a725d87304858c399a8d40db08bf1cfda1d407b74ed9c4456a
r6-tune2-b8-rho0.7,r6-tune2-b8-rho0.7,alw_coc_d01000_n256_d10,7afec3ed8a2d77daa1df02d69d041a2b137b0add2f4b1e3a96ab619a802be15c,0970e1a52fa8d5d9d546e6b05778a0d9d3614c20e9633945a16f4fe083913235
r6-tune2-b8-rho0.7,r6-tune2-b8-rho0.7,alw_coc_d01000_n256_d12,87d7ed8e6e5a019f9d6fd4efd3caafeedf1edabfa7be16a0d11e8a01b409ab6c,92c547d2cb42e5a513752988c27fe52284022ba23d2399065b3b600f3557463d
r6-tune2-b8-rho0.7,r6-tune2-b8-rho0.7,alw_coc_d01000_n256_d14,1adabfc7be4b163ebf06f560700259621e86ae6eb328b8ad1b122b9b9d5b3551,4a6a4bbe5f19c5e427207a1c98a5f219ef59d0a1311a017e12fd582ed8b18d20
r6-tune2-b8-rho0.7,r6-tune2-b8-rho0.7,alw_coc_d01000_n256_d16,231b729c00ea23902c4f6648594c8e4f569b476eacbc59f4038c5333379a03fb,36393cc8848d9789bbee5fcfcbde8166a5428dada2a4db4821e85a8d518e64c2
r6-tune2-b8-rho0.7,r6-tune2-b8-rho0.7,alw_coc_d01000_n256_d18,d7dbf216ac00d60bf6c98931c47589d71895b8c7824730ac677e6032eb61d03a,0ec5cfdf513b2e6f79034f2f4b535b93633e665abb539d589a309a94cf2bad62
r6-tune2-b8-rho0.7,r6-tune2-b8-rho0.7,alw_coc_d01000_n256_d20,2b2022809572300bc27ab0d742f0d5238494be9c812a4a73f375918c91384b81,b8081da7f5eb33195820ba8e65c3a4caa8824c6262be67c1c2a546ad30a0cfe9
r6-tune2-b8-rho0.7,r6-tune2-b8-rho0.7,alw_coc_d01000_n256_d25,94a28c16f4faf9d12d3f9f3b72c0039bd48bd4c20825c2c4eeb9eeddafac4475,893dd3cf79a565072e00e3ccb4e8b493c7243cd9b83865d1fe2179c904fb816e
r6-tune2-b8-rho0.7,r6-tune2-b8-rho0.7,alw_coc_d01000_n256_d30,254b9488c52418fbd08159ed01e9d5b0058c7e19f9d0c60503e7f3bc0d862cd8,9b75c9b6bfda0322736552d0697830fa5619f28cfca74bf8bbd390a471f1bc6b
r6-tune2-b8-rho0.7,r6-tune2-b8-rho0.7,alw_coc_d04000_n256_d00,ab4653ff58ced5db6a29ae580ae23232e2acba8feebddcec885bbb08f10e9a9e,716be27dad13890f478f25642cc4bfa47f025d659e956e794214966f74c0121d
r6-tune2-b8-rho0.7,r6-tune2-b8-rho0.7,alw_coc_d04000_n256_d02,9989765f4532b1b9e4b0d0bb431ab486b44fa137f7abea3b13551869bc36c8c3,bacfa3b4c6a48ea784e8399976bc661a80e2795a6f47474198b8ae522eab6f85
r6-tune2-b8-rho0.7,r6-tune2-b8-rho0.7,alw_coc_d04000_n256_d04,1c844cb0afa071773a574831a1ccd6c125b9aa55bbf46acca71a54d09f3598c9,43c07a80ddb8c7b0bea30b28e1145dc3f58daff383e45ad177817a6e96191ecf
r6-tune2-b8-rho0.7,r6-tune2-b8-rho0.7,alw_coc_d04000_n256_d06,52cd1f765a971eb41719d79a03a054a1f6008f5a5ace04337710ed22ed507f1d,93f85f0a4c0352ee07dbc9207fd4687b254d857b36a393cbab324cd88fd9b4d7
r6-tune2-b8-rho0.7,r6-tune2-b8-rho0.7,alw_coc_d04000_n256_d08,fbacf5d47f8f9fb684251cff2de449b3deed6768840b83f5e491599d7fdd2120,3747ee4d5050a7ecc93979a1b490122748de3aab82ff3e2f8b58768f467642bd
r6-tune2-b8-rho0.7,r6-tune2-b8-rho0.7,alw_coc_d04000_n256_d10,971f8dde4bed8f0c2399af752c67927218d4b815ea62b724594050b2d9d66a93,fe5ada03ab151b38920c25f7f0294b6159ff492383ce46cc027c8349c802e75a
r6-tune2-b8-rho0.7,r6-tune2-b8-rho0.7,alw_coc_d04000_n256_d12,4702079b72fd3247bab52f9a10e130d1a9fda9041771d16808c12bd221068695,353bd29ecc7b5c13e7789b01b06be3e59ae8c9bf8089b7e67385bd04dab37c92
r6-tune2-b8-rho0.7,r6-tune2-b8-rho0.7,alw_coc_d04000_n256_d14,8ad3b1f50598335b0caa2a606be7dc04a69f2baf432643206e78d837ba0cb745,0433b78611f705f3084ad638197f037d3e0c743d18034f5f54352c8083b5ed39
r6-tune2-b8-rho0.7,r6-tune2-b8-rho0.7,alw_coc_d04000_n256_d16,34eda41eb629a456a59bc0f60e3eecf5afbef714a391d30c599959396c495230,af9bb3abeb42e27bfc5902f3c387d158a40e304016879695ff99834d10132f18
r6-tune2-b8-rho0.7,r6-tune2-b8-rho0.7,alw_coc_d04000_n256_d18,5c6a0507c2b05a51a2932268b202b4880bb11fea5a7a1e926961d4779692668e,227ae29fd61a32e0b4e9c09f241dcf9dcf1bf15e20d2da55580b8ffd05edfd8f
r6-tune2-b8-rho0.7,r6-tune2-b8-rho0.7,alw_coc_d04000_n256_d20,f68d8d80e5ae57f4340a7c1269e4f999ae4b983e50740e182cf083ceb0b8b058,1828f8d123b0163c083c7e4ce2fbf98cf9e60cb015fd5bf23d4c0c57139b8515
r6-tune2-b8-rho0.7,r6-tune2-b8-rho0.7,alw_coc_d04000_n256_d25,e5e531328fdb5c433aa40cc645ad1f597b68cb05937226b26adeddf2ccce39bf,9a563af8e68a09a05e02084620e37fbe124f1039676ff9f76417f8685b41d093
r6-tune2-b8-rho0.7,r6-tune2-b8-rho0.7,alw_coc_d04000_n256_d30,fde36d85bdf2156e9b5f84eb3cecb843bc00070f42f5e435cdc4bda5667ba07f,aa49edfe8bc3de88c31dd6de742e0ae4a2bddb1c94842d565265c9c4e2ea453f
r6-tune2-b8-rho0.7,r6-tune2-b8-rho0.7,alw_coc_d08000_n256_d00,974f28da8071e492bb79d888b3ebb234668d0081d5dd3544cfd4993bff5d765e,2b958aa8e69fdb78ad4d5cb27e862c52713d46a77d6e36d16268842807a1a3af
r6-tune2-b8-rho0.7,r6-tune2-b8-rho0.7,alw_coc_d08000_n256_d02,b175c3c8eefa22f3bb3d99cc803939424de65fd377b5af50df21207c2975a459,110309f5dd0d07f65b6cdc76f9b039a82d796625c1a97d167fa4afccf93e3c2c
r6-tune2-b8-rho0.7,r6-tune2-b8-rho0.7,alw_coc_d08000_n256_d04,19fa712ad2fc7a75078d8f4aaceb012660631ef3fc0907b058e910ced15c61ba,02b98ab2d115e80eb9c9a86e8f61c0eec5ac1d6c1e6c6985549b6089273acf6c
r6-tune2-b8-rho0.7,r6-tune2-b8-rho0.7,alw_coc_d08000_n256_d06,e3637288d00c49e2c3ebe38ff873a4c9a4e0017a5533d9aba7a4f682a05b8bf4,bac475f80f0138376f9e4b5ae29dc9470e388dd25b2bdb974064ee3b35837b4e
r6-tune2-b8-rho0.7,r6-tune2-b8-rho0.7,alw_coc_d08000_n256_d08,1c155dc991a583eb5767a103a30a39e312fe666a2a47fe8340ee6ea8f50d07e0,aab368574f218adde4c21db11327640022f2f1e360d734b44bacdc7db99750d7
r6-tune2-b8-rho0.7,r6-tune2-b8-rho0.7,alw_coc_d08000_n256_d10,37ccd2ad1a296a29c566fb9579f497c93b68441eac7250b3d8b0f6163546df8d,40f09a32b60440f5d80c7092f3313c3172a30bb12d46966537332159030dc1ac
r6-tune2-b8-rho0.7,r6-tune2-b8-rho0.7,alw_coc_d08000_n256_d12,0761436d35cbf227fedf8b2921ae2c8ed00dfd211002c4a8ea961f91c987780d,51b30dce641f3bc35b827efae858d93639adaa6a81fcd7c3b1a88f8e12878c16
r6-tune2-b8-rho0.7,r6-tune2-b8-rho0.7,alw_coc_d08000_n256_d14,2004596b8696910794eb4ce144f8b4599cfdc80e16356c200fb30e315641a954,bee6fe235c9ad3b222f7eeca3d6d25ba6ae8dac20d47a0a5fede2c985ef2e770
r6-tune2-b8-rho0.7,r6-tune2-b8-rho0.7,alw_coc_d08000_n256_d16,af43b9bc7d5b8c5747c0b77ed8c4539a866eed340ded499299330e8eb99fbed7,7f300ec8f4215aef865a607645a0589604106f9783f21427796b926b76699d7d
r6-tune2-b8-rho0.7,r6-tune2-b8-rho0.7,alw_coc_d08000_n256_d18,b16e97c87236ab28485b80995bf63d9996a886c33c7c4a9c7ca22f6e009abf02,cba4c8200ae08d4939a7186f7b5c47c2d71a53af7a9a923ed7c57afa6bdc9735
r6-tune2-b8-rho0.7,r6-tune2-b8-rho0.7,alw_coc_d08000_n256_d20,94c2f50e8715a4fddc5a42b13f750e66822dbbc9fc8bed2b8e9c39c0db92cb7c,c58d732168381b3ae511f5194891915185d201e7c847231a04dd839aeedcc9ab
r6-tune2-b8-rho0.7,r6-tune2-b8-rho0.7,alw_coc_d08000_n256_d25,f9d7e425873468eff4d3cd381fd772749fea964f525c4561021c7c480d2c2497,fe7b319abdb0f1586389af72c22ec7d6acb9ad29e104a27e05c60d042c70ac70
r6-tune2-b8-rho0.7,r6-tune2-b8-rho0.7,alw_coc_d08000_n256_d30,b980b15447af54c1e2c7e473a8b59338e5e352ae637361851d8b1dc16239ee25,d98727229301064f33df36cc982c004a5770a31dff20f887c5a17ea1c32d5acb
r6-tune2-b8-rho0.7,r6-tune2-b8-rho0.7,alw_coc_d16000_n256_d00,40064ef03ea5b4e2e4faf8bdc015a72e8d90e621d60d9741059260b0ac79a39d,1fe159629c6f01b185224eb60a7b8a330a96a173da7a4d6df8f85260f0de2980
r6-tune2-b8-rho0.7,r6-tune2-b8-rho0.7,alw_coc_d16000_n256_d02,d7d9b2f1b0ab2f2deac3cccbb27f1fbb76d5756dd8bb103d477d8ee4ef0f1113,9bdabd1d49e596b2dea206c08ce3ddb7b99172472c1dc700b3fb18baaf27b599
r6-tune2-b8-rho0.7,r6-tune2-b8-rho0.7,alw_coc_d16000_n256_d04,b93219d9208e2763ec681bc956286f110ff741b31a10d00dd785e6b3e3a528c8,5c820ae30161a4002859e8a90ea22ad3d32035f22727e569773dad51cf8b848e
r6-tune2-b8-rho0.7,r6-tune2-b8-rho0.7,alw_coc_d16000_n256_d06,f72cb3b7fcfd7f794e6fb907344d3a459e521b9aaaf178005494134448491f2e,f5c778fd5258ee73f979ac817bf617934d522860dd1ca3b953ec405576f3598f
r6-tune2-b8-rho0.7,r6-tune2-b8-rho0.7,alw_coc_d16000_n256_d08,be10e56f6e4d9837d4f6fd7515e504ff8993db4a403103cb9517d9e2e561a3b2,0721ff53032523b8e8a57b0fe35f13fcc7298f33ec02c8d99393f7109ba1f896
r6-tune2-b8-rho0.7,r6-tune2-b8-rho0.7,alw_coc_d16000_n256_d10,3b487fa1695daf7063bd0e404d2826c7639de082031228732cf27d1288411b5e,84ee4046ce548a1027c7d3b961bc3d0d114d8ac41ffb3bd38c5d0c8906160196
r6-tune2-b8-rho0.7,r6-tune2-b8-rho0.7,alw_coc_d16000_n256_d12,7425dd2e3f56370217acc680779673e78b64a417bb7fee0ba8ea0e135a076848,eee5e6e43c2d0a625367a3bac361281eb5e2a46e87535b0f7fb97af97c17d680
r6-tune2-b8-rho0.7,r6-tune2-b8-rho0.7,alw_coc_d16000_n256_d14,67a4d4a193b380cc3555ca64f3d227020e0a3d7ead01ff96b0d50df2dd3e9693,2a962494453936a4a0444cd5e5abc0f89a3622b901dc9edc56264b026f9626f0
r6-tune2-b8-rho0.7,r6-tune2-b8-rho0.7,alw_coc_d16000_n256_d16,74dc09070fbcbca19158bd9a509389fb2f24cd5a106068a44495e1cde636d704,c97c712215d60b195a9860577919c552e629f4c61931a70ca629f632079b9693
r6-tune2-b8-rho0.7,r6-tune2-b8-rho0.7,alw_coc_d16000_n256_d18,bfb63582c617b27121e692201f47a516f734b95082969ddcfd163fc1b2f6c796,930afb5383952a7c10fca310f61675db956ffbd3bf979948467cc98ece6580db
r6-tune2-b8-rho0.7,r6-tune2-b8-rho0.7,alw_coc_d16000_n256_d20,5b806ca94e361d0379eb91afc2b911f3f3315fda85712097112ea36b90bfb0ef,72fa98495184e7a4f209eb7d2c06784c31b6acfa080e66c13e23acf6afbe4e54
r6-tune2-b8-rho0.7,r6-tune2-b8-rho0.7,alw_coc_d16000_n256_d25,b6ac77b22d37d9619b3c157cb7a5942e60e68a64845521adae2ecdb9cdad3f20,6154b1b3a5219dbe972fc4c0fe764cc43d3ee6db8923d9ba93efbc5b49d91032
r6-tune2-b8-rho0.7,r6-tune2-b8-rho0.7,alw_coc_d16000_n256_d30,0335cf65e1d53c9cb0a4ec3cabb816892704c5601a52352b7f007a94fc0db9e2,f0dd0f6381fc3297d543abfab07eaa3d958b5893e15733acb3306a3507bd21af
r6-tune2-b8-rho0.7,r6-tune2-b8-rho0.7,alw_nbh_k0_n064_d00,9fc0b514def181f2f5e452bca56ee42d5fbe280f77e8e9781e0682df76060a8a,71024af0ae4c669c931460614244bc4834055b03fbf6ac61b405726e09b6886e
r6-tune2-b8-rho0.7,r6-tune2-b8-rho0.7,alw_nbh_k0_n064_d02,2ee8c9e8eeac7179a349813fd3258083ca719b8a2fa191df3b1f5c3eb13ac2e3,7fca755f6ba141e400bd7592e9e72663f016c48f955995608ebe1bc1a9ebf8b6
r6-tune2-b8-rho0.7,r6-tune2-b8-rho0.7,alw_nbh_k0_n064_d04,0eaf6640aca3b498df864cd2055d10e12f6a417b83d856a09b025a58f0a11888,6f48c8b6cf9bc1c86fae2158c8739f445635541ec031320ad19913aafadc47e3
r6-tune2-b8-rho0.7,r6-tune2-b8-rho0.7,alw_nbh_k0_n064_d06,14bf443158ddc37ca5b2ebd2393925ddd7264777e662e29ee8e03e7424ab5b75,459411654d89323ff8e9941c6268981d2261a229d00e82dbf11f0e658a71b311
r6-tune2-b8-rho0.7,r6-tune2-b8-rho0.7,alw_nbh_k0_n064_d08,6eb04b494553644a5d4ce93aeeaa4796754f0dfd02afd027001f137a43fa7357,30168a9ad20e66272934f9cf01e711b7b13714490789d01890817a2dcacbe288
r6-tune2-b8-rho0.7,r6-tune2-b8-rho0.7,alw_nbh_k0_n064_d10,3f2d000fe346b2b1e4d62d6ba2e1923ae1079e9b737ce4f318036d449d864778,ae82b4ee697d922aaeb0704e0c2b630b34c26ba03e15d517a8b8c62d76a2d764
r6-tune2-b8-rho0.7,r6-tune2-b8-rho0.7,alw_nbh_k0_n064_d12,2171b1a98832df634c063dc33f1eca7490986f1ef3e4f22ffa508fe24354aad9,82c127d175dc70f7a3dde0f41b96d1330daff26756822c7ee18ce90ec2cac228
r6-tune2-b8-rho0.7,r6-tune2-b8-rho0.7,alw_nbh_k0_n064_d14,4ad095b07b8282185abc98092410fd125be67f4446638ed45fa68b57f4b7bcd6,2fcc84478879f81e0075b13197f419a5cecfb66041ad5baeed60ef5898cffd7b
r6-tune2-b8-rho0.7,r6-tune2-b8-rho0.7,alw_nbh_k0_n064_d16,cdb7d8fa8d99ea7a586c31d84b910de58f91c0ffdd626dfdfe23aa173bb22a97,df3d56a4380b839db0089ec00adf23486a154f2fab75667c3b303e8b5be4153e
r6-tune2-b8-rho0.7,r6-tune2-b8-rho0.7,alw_nbh_k0_n064_d18,b1f43fc7b320d1367153e855f4816ec43721549318733b5f3fea5d7a49dac743,45eed537da54389aab7af7a50f3f597714a770f8b9b2f60f96d3d7223df713f8
r6-tune2-b8-rho0.7,r6-tune2-b8-rho0.7,alw_nbh_k0_n064_d20,fa2b51cfe57cf4a92f99948bb05ea5b3f1982af23cd3811026d00ce5594a7cb0,cc78da2cfc98b359975f807340efdeb3292736946f226f56a1479b6e0678cbe8
r6-tune2-b8-rho0.7,r6-tune2-b8-rho0.7,alw_nbh_k0_n064_d25,37366d8133c39e7c1b1bbfbad2e4b7e1b75449323f25e57fa0162194877db2f7,95de7a26a0d21e09d28e5369021e6d8fdbc87d98df1f7fb4636ea13ddf95b8a9
r6-tune2-b8-rho0.7,r6-tune2-b8-rho0.7,alw_nbh_k0_n064_d30,7d423918f8f6371960943cc8a981914f782855e1d7a0cd0be6eff10ee1402d01,5decac2e6b1676e0824ad88a41ce85a109b34b3eb88e3d3a716e885db9b10145
r6-tune2-b8-rho0.7,r6-tune2-b8-rho0.7,alw_nbh_k0_n128_d00,ee27489978974b5b9ce66b277cfc05f06fe1338626605cb3a526478de0ad72e5,3140134eaadd3cf82906c5f28c7747efd7bc0561d9dc649a007264e3fa78e11f
r6-tune2-b8-rho0.7,r6-tune2-b8-rho0.7,alw_nbh_k0_n128_d02,ca8c96a2f1f51447544f78c01352868e697f7c3aba9e869843d2a015a621e053,19a8983404c9db37f659279304c453f922ff1d0c6cc030474439642bfb5412cf
r6-tune2-b8-rho0.7,r6-tune2-b8-rho0.7,alw_nbh_k0_n128_d04,8f756930e449aa9700358c86762c3b3bb6af76dc23a6956f80e6d94655419814,ba82945c728d80488fb59f93a3646242817d8b7789156d3680673d944103e3ca
r6-tune2-b8-rho0.7,r6-tune2-b8-rho0.7,alw_nbh_k0_n128_d06,3c7b47b67400ef1e8f1aa2660524e749fc5712faf985118081f586eaea5306fe,8ff177c8add5792a1984adad2c61312118faecd987aa7df8948270360e271113
r6-tune2-b8-rho0.7,r6-tune2-b8-rho0.7,alw_nbh_k0_n128_d08,e4ae800f2238dbd2a0f4d121fd95bffcaf2ca945c0bc4b4845fb1e93251d7fe4,b18e354efc7195886b63be737e04b5d51db309ad81f81e8c4dc25783fcb6d237
r6-tune2-b8-rho0.7,r6-tune2-b8-rho0.7,alw_nbh_k0_n128_d10,1fd2a71276893f1e878196166c549ad6c4c32e64e233a69591b5cac62f0f64a8,47b0ce0ab5a21d61286531c2f34c279aded73ced0a09b9df517ded077baa99c5
r6-tune2-b8-rho0.7,r6-tune2-b8-rho0.7,alw_nbh_k0_n128_d12,4faf8ec7e75540e9ebdbf3a975331b970213341c63e6c00e7c5307658fc88b94,1234781175fd8ae4b0c677f8671bb381e5d43e697aaf201f16ad5983e430c2a7
r6-tune2-b8-rho0.7,r6-tune2-b8-rho0.7,alw_nbh_k0_n128_d14,bb8731d1e59403fb9c134db0f34ff1363ae9e8cec149f8ffb27417e22a0f6827,461420f0193507f01131b01e5588c7fe8c24d8c5cbe0bc779dabe7b254b8826e
r6-tune2-b8-rho0.7,r6-tune2-b8-rho0.7,alw_nbh_k0_n128_d16,4f94e53890731615ac841e351a3ca5653b860e1ba465c86d40e6f71678a98a5a,23e2e18cde383397b810ea9cb4a043c840af1fe052a0a6bc14a08de84ef13566
r6-tune2-b8-rho0.7,r6-tune2-b8-rho0.7,alw_nbh_k0_n128_d18,d641498f79e1e99e1a65cd1a54ef72c03e565851875b45fb968f6e06a180c64a,f8d4bcd469253e894ea53275766038612f93344880ecc6851b357ba6580a9aca
r6-tune2-b8-rho0.7,r6-tune2-b8-rho0.7,alw_nbh_k0_n128_d20,caae91c5281da0458b3d7fbedb96df9a2e704f61288d7b1cdfa2b46792f4b221,4792df658c4b8d931306092cd725e929d03a26ec6bf3677dc6710ea6b22eada9
r6-tune2-b8-rho0.7,r6-tune2-b8-rho0.7,alw_nbh_k0_n128_d25,87c5b0c6813197d2f6e1e218cb10963ab01cee4a662d1466a2ecc613f4b0dd6b,ef80ef2b2030a0e83f0820c09c424af03c63fac3039570cd6101ab063045bbf2
r6-tune2-b8-rho0.7,r6-tune2-b8-rho0.7,alw_nbh_k0_n128_d30,ae4d69519feafc7e910ebb1e13b2726f71da4a9caba4af0661406731ae2bb6ff,84d193407de06d9281d5bf556ec3c59d2585fd38840573478a5685cc7ca44a42
r6-tune2-b8-rho0.7,r6-tune2-b8-rho0.7,alw_nbh_k1_n128_d00,32da3483df2edf89cc9869a3b23913a97b696e7341ac9a69ea86c428a442fe5e,99bc2b677249ae2d33863427493a1fdbc4e88552c864757232ae49b95758e3fe
r6-tune2-b8-rho0.7,r6-tune2-b8-rho0.7,alw_nbh_k1_n128_d02,5c7ed1741e294d1f6cf5763323347e12710b943ddac38c263fbe1e7d780177c4,9c7ec123773227405057d32e0feb242b2d17498f36e0c01f4b2dd0da1af34503
r6-tune2-b8-rho0.7,r6-tune2-b8-rho0.7,alw_nbh_k1_n128_d04,00f23c66e5dd3934f21de9168bedcf8732fb04cb8a5e7e2b6b3b0a9e6abb5051,d240f55a3e412e0268a12174a6103712832c80b6bb016750ce4c2a51a4622d99
r6-tune2-b8-rho0.7,r6-tune2-b8-rho0.7,alw_nbh_k1_n128_d06,5e7b25851e881e6ab9f3ace93f8c34a3390b2f7097d912f2eee37746d8405cad,146abdf44dc95df898b996ee6d636e5a3e6ad3909eb90351ebc272a8805446ee
r6-tune2-b8-rho0.7,r6-tune2-b8-rho0.7,alw_nbh_k1_n128_d08,bd7db88e78e6382fd0ca212e64e6a06fef6c2e5ddbf082b3bd801135cf01d344,4031de31e0d7d12442859bd264ce382bbcaaf9e16beb1653718632458ff531b6
r6-tune2-b8-rho0.7,r6-tune2-b8-rho0.7,alw_nbh_k1_n128_d10,37d1f84d8a3ac2f2665a87e495c75444234e8e3f7ced50cf01775c778be96483,7342df4252fc467e063ff5f1a4ea46e9eb549a97df5c36e65fd16842e9fc0936
r6-tune2-b8-rho0.7,r6-tune2-b8-rho0.7,alw_nbh_k1_n128_d12,c57f87811354c4abdd0c57e30ffde76a95ab11d0fd9b2ca1b27e2f4f930fcbbe,f682acfbf232b08e2115972e62123de991f68d24b5aa0000b8cfad1ac46c56be
r6-tune2-b8-rho0.7,r6-tune2-b8-rho0.7,alw_nbh_k1_n128_d14,ee1d4ae02a6d3fc9eb6c8b3596cebd1a879a844c70a6fd09294bf65298d963bf,ab344232c4632df6d00fb48cb33ced425d6fbb591c66bb5467fed3434b1fa110
r6-tune2-b8-rho0.7,r6-tune2-b8-rho0.7,alw_nbh_k1_n128_d16,d67c23b13de35e8c069a2c6846d8c81d41b0eb60c1894ad194c6ae0bd11515f8,b152a775e52caccda9c46977078afaa85c120bf0ae67617dd7325427d3a89eee
r6-tune2-b8-rho0.7,r6-tune2-b8-rho0.7,alw_nbh_k1_n128_d18,ca3b5fedf6fb51f098a4eed009ad7cbacc8df296b557d64fae079a6f75384912,f3c67bc93361f5dca730c2750fdfd03cb9d552594f07965ff4cef718ca184693
r6-tune2-b8-rho0.7,r6-tune2-b8-rho0.7,alw_nbh_k1_n128_d20,8c18fcaef5db73a29cfc2e9fbae52928a922391d79d353d11e428e4265cd5fc3,d750779d9bcaa82dadd102e5c317a502befcddf50977603ad9ae12f23548259f
r6-tune2-b8-rho0.7,r6-tune2-b8-rho0.7,alw_nbh_k1_n128_d25,8c7025cf4ef5d1d2de203a8e194b1d705f9b6da804882a4e9530832a2716a4fa,77dd8695a97a2d1f2987a0c7524070a72d2223083be4f3beda4198df68e2c599
r6-tune2-b8-rho0.7,r6-tune2-b8-rho0.7,alw_nbh_k1_n128_d30,2fa541386729f35350c6e206d395a8d5452999e37473b9fd5e03094089da3088,efda2b99b7362821e83f9ed33bdf8b24f027605423e95b945d4bddc9f945cccf
r6-tune2-b8-rho0.7,r6-tune2-b8-rho0.7,alw_nbh_k1_n256_d00,d141d77c75a9c40c91b61d0bf64065a0d5f6c086534cf8fddb72fe5e82284e8e,80eac9fc6a1f75a14239f01ee05e52b1543b4775963e71a64e8002ab46f31d49
r6-tune2-b8-rho0.7,r6-tune2-b8-rho0.7,alw_nbh_k1_n256_d02,df4a3062e9b2a4cd65f7b942143a88a96006db36911ad1ef21c0c0998bbd2a09,0478e11fe3785297e5a6003d79c4344588df84cff62c03f5d2f2b00d06fff973
r6-tune2-b8-rho0.7,r6-tune2-b8-rho0.7,alw_nbh_k1_n256_d04,87d02df3124c9fe7be393870bb5ae9f42e3b74317051d8836be0c168f4ebc4f0,0eabd367fdd4e976e62480ed82cfb2b5da5eb73d8f8120056d420f619f636592
r6-tune2-b8-rho0.7,r6-tune2-b8-rho0.7,alw_nbh_k1_n256_d06,cb460a78b68cf16449e5ba19cf2c91343fb6df2303966533f8021fdc6530abed,19d7dda2d4fb89c0577a604f7bdf53bb08519ac24687675f0065e436a7a1bc92
r6-tune2-b8-rho0.7,r6-tune2-b8-rho0.7,alw_nbh_k1_n256_d08,a2f0f3e73a04e3fec087b35f4a12511def0d37548b5b821bb5f6b5f795e00dfc,bf796c57d0eeabec5b347a1654240b52a32826a79e6ea3c599554c456ce2e6f2
r6-tune2-b8-rho0.7,r6-tune2-b8-rho0.7,alw_nbh_k1_n256_d10,9165e0d67e8592928906553d5381e878b17b48e5bd0147997624816e3904e96e,1f186e09b3508be9667d9b3a9e3d617ca3c94af1abaf4baf281cdd026697fe00
r6-tune2-b8-rho0.7,r6-tune2-b8-rho0.7,alw_nbh_k1_n256_d12,31d1783f8ac5ef12df7eba4f1357646166c92bf1d7d089bf465a1b817de065ae,5a2e56ca3a73610794d000abe79cf98dc64442c1c52b2ddbc9e3e4685d2a4a10
r6-tune2-b8-rho0.7,r6-tune2-b8-rho0.7,alw_nbh_k1_n256_d14,68813e68e4a5932933eaecb2dfd4154948e5c379332f1271efadbb5d3256e234,8bf9bdbd875160a19aa77959a7bffcbc9dc24a370984963ddbb01789979def5b
r6-tune2-b8-rho0.7,r6-tune2-b8-rho0.7,alw_nbh_k1_n256_d16,21bd44b450817324d229f51264bb046e9b71455ec6333a2d66ee1a230651a135,025ee2c5b8609e2c6368c5f703daca77a4ffa6e6a3e46bbc391f385aa270f94b
r6-tune2-b8-rho0.7,r6-tune2-b8-rho0.7,alw_nbh_k1_n256_d18,a995f49a4a9b1ada23d8494857d9d1eb4cb1fd87fea0003c72b6d0900ccd0e50,9ffb36782d64c0c37a1ad4d281c05ce1363159c6fcac537064671192e5df77ee
r6-tune2-b8-rho0.7,r6-tune2-b8-rho0.7,alw_nbh_k1_n256_d20,cc72bc91aed08af87568e804b0334be7bae6cee3c825017d11d91a26a0b56ca4,5fd9498a8380976b745ce1c5db1a8d15f0a5693aca6a9fd180f2efc53d73f3e5
r6-tune2-b8-rho0.7,r6-tune2-b8-rho0.7,alw_nbh_k1_n256_d25,892b3b950e8d57015e5ac3d7a9b017ca90464bedbfad2febd4b52a99626841d3,9fabc0baaf3a6cf6373d4d185d9c03b20a931658ffc5e79807ce00a775172280
r6-tune2-b8-rho0.7,r6-tune2-b8-rho0.7,alw_nbh_k1_n256_d30,062e386e637453b63c42c85c02194fb0252068d3bd981534ddadd1315079bff9,95c7c74c42d291fb7dae5b04a7a038247a0ecb37fa1f79735c1d61d8a31e4001
r6-tune2-b8-rho0.7,r6-tune2-b8-rho0.7,alw_nbh_k2_n256_d00,0a004fc1f65945a0c9f853847a6813726195339ff46a4fcec24891bc0185dba9,76d3d0ef5a2d7fefe4d176f2de4058a1bfe0313cf0632259c7e0301bc299a6a9
r6-tune2-b8-rho0.7,r6-tune2-b8-rho0.7,alw_nbh_k2_n256_d02,719a13f285b160c5d88aad447ef4af9c0855b7062d777728c76d082d9d20592e,a78f7889eabd018d663de3b6bd63da3ec8a523c26258156e351247c2dc36debd
r6-tune2-b8-rho0.7,r6-tune2-b8-rho0.7,alw_nbh_k2_n256_d04,6959519f0a44efdaeb8b47b5ce310cedb4e5d33e7371cf5c5fe3d2b5afdde328,148bf7f9178e2eb0ce8a3463eacd02578513120d1f20d252b0e12152189aa5a8
r6-tune2-b8-rho0.7,r6-tune2-b8-rho0.7,alw_nbh_k2_n256_d06,eb1597ba837516ecf265104eba7faf26da290d235e7c06d6fdde5f5764940496,869809a76de6c28f11b7e96f958c62b4600824f898d3f7b41ca3e973fb494d0d
r6-tune2-b8-rho0.7,r6-tune2-b8-rho0.7,alw_nbh_k2_n256_d08,d94de947b46957da1823fe70bacb35ea1d38e765d78292aa0d09260ca2fc489f,fdd0c189f1bf0468b480faed1489f4f32bfe91c8c034e15e53f4ee51d79b55c5
r6-tune2-b8-rho0.7,r6-tune2-b8-rho0.7,alw_nbh_k2_n256_d10,2f129d0ab5458add9ff70711976be2a47ddb4708c635e8c1a4d2e735da47314f,1c95c64476afce66587e830e42bb8d22bc29ac9562f25750179e8d0eede6173c
r6-tune2-b8-rho0.7,r6-tune2-b8-rho0.7,alw_nbh_k2_n256_d12,5a8a6b20d8d5c01296b9e5a95b396a93b626215154f2f6b0076545032cb1f540,1c17b24ecf61bf78db30c3d43bf4a80fbcc1326a6e4d97aac70f96ec4faeb97f
r6-tune2-b8-rho0.7,r6-tune2-b8-rho0.7,alw_nbh_k2_n256_d14,59932a2e66fc2deae3bee885050ab8607eed82955e6d4dd10e75453c18842c23,f69f37755ab10db7c02d8eb84c84417d82b85f9777b7949990bd862a1b513a27
r6-tune2-b8-rho0.7,r6-tune2-b8-rho0.7,alw_nbh_k2_n256_d16,7904c07ac8d99abed705abfb4a85f0b8a7cb9f1779b732c7f83d308370706071,115c78eaa12a875837359147d81a8efd6f4320aff04eceb45c9d35c6289fd807
r6-tune2-b8-rho0.7,r6-tune2-b8-rho0.7,alw_nbh_k2_n256_d18,f03705dcc4d4233b9bbff4ff24f75391748045dfb2ac524404a26d26f7ab4f6e,788ee41cac10a2427ed265b50c9ef331f36d930a40ed83d576c93eb9835b5417
r6-tune2-b8-rho0.7,r6-tune2-b8-rho0.7,alw_nbh_k2_n256_d20,f4998338a110f21eb8d20ac719d5d28cb85e1bf03cc6b3a1a0efb570039291e2,f80bf1830a3f3a0288ca1ad1ae67589e7cd63714ee487cff59189d617b1a2ad9
r6-tune2-b8-rho0.7,r6-tune2-b8-rho0.7,alw_nbh_k2_n256_d25,8bcbd447d3f74f57e8982e1f113c1173c1fd28b7f68789079ad38c67612968f9,e54f820820d20f3d83b05cfb546cd8b5febca834c5be6673d36b57bf74493b2b
r6-tune2-b8-rho0.7,r6-tune2-b8-rho0.7,alw_nbh_k2_n256_d30,1e0e0036eed0f0254981cec64713a93ccde4d49dca923b32d33a8c62665fd75e,d467104183588b51a604bd6b71aa1a1dd8558260ebeb73b4191093605eb33e4c
r6-tune2-b8-rho0.7,r6-tune2-b8-rho0.7,alw_nbh_k3_n256_d00,f3c1e9843044ca681c0abace9a286e92e9f4a5d2c74435773ab67afbfd4850da,0ac2919154864524965c2c5a1ac82718d91f319cabde5a63135f1619ccc11224
r6-tune2-b8-rho0.7,r6-tune2-b8-rho0.7,alw_nbh_k3_n256_d02,f8691f9b045b3622391d14a1797e83d9fd13e993c912a82220ef5c6348f7ae09,dfe1ea03a4587cd409a23e94a92390e6afd8c8e9c8db93bef619217f629fb065
r6-tune2-b8-rho0.7,r6-tune2-b8-rho0.7,alw_nbh_k3_n256_d04,c777221eb7b1d03fa164eb4878e61b57028c2e622454d1c3f6c5c1580b63e005,aa7d84145b7566d173db0b5d4aaf88cf9b0ca466626026b1b1829bf9e97c9a96
r6-tune2-b8-rho0.7,r6-tune2-b8-rho0.7,alw_nbh_k3_n256_d06,fc5cfd1f036c62de16bee95976379c6541e74008851c570bc6cae4f752678967,082ef85b69447c934674724271d83dce3b73b3dc5e6bbcd5ffc783204e11cbe0
r6-tune2-b8-rho0.7,r6-tune2-b8-rho0.7,alw_nbh_k3_n256_d08,600e7d860641fb34a1103d830032794aee353fbc020c13a32dc75cf8e21e1ac8,9c3d7a695d3a62aa306f595451dd7e99dc2fbf701e742f3aeeec0701d3444077
r6-tune2-b8-rho0.7,r6-tune2-b8-rho0.7,alw_nbh_k3_n256_d10,605748d389e5449feb3d98a956a15af5ee7a0819c468588d8909fe393e8b66b2,fc97cd3c9179d0561cf7b9ea5fa056368ba6f16da467c4c66c8ef7c4cd7c6d4f
r6-tune2-b8-rho0.7,r6-tune2-b8-rho0.7,alw_nbh_k3_n256_d12,71af01933a3c89001a1f4e3b72623e920c16275d44d0e88409f177a45e757a18,6541f010664d07f637537eb4f8b8091e5e2c600fe4e710c3cd38b746ceee1daf
r6-tune2-b8-rho0.7,r6-tune2-b8-rho0.7,alw_nbh_k3_n256_d14,59ce0a41f45cb13ec7d8fc57b25f770483861a50f994744daa7648398ba7fadb,3221d5ff9d6baefed8edd0d152b134d17dba6af61227c50e1e566a566f5bda0d
r6-tune2-b8-rho0.7,r6-tune2-b8-rho0.7,alw_nbh_k3_n256_d16,38a10e2903b9c4af6d02df25beab9f6dd659dee42c9f4cf3fff349a5b37fa90a,4c331dcc86ed5d8b0edd9d8b7a65c49a38ae38f55952d6d748520dfadc841ba0
r6-tune2-b8-rho0.7,r6-tune2-b8-rho0.7,alw_nbh_k3_n256_d18,ec4a8b1d177a5fd51876555c6b67e208f6ff01d16cc123ca0ce951500af17656,89bcec7d5c53724331962565700fc69de06db275cff1316bff35f95fabe89ecf
r6-tune2-b8-rho0.7,r6-tune2-b8-rho0.7,alw_nbh_k3_n256_d20,4ae68e73ccb6329df192f7dc132cf154f5d0242ac43750ea01d2f2857d7ad4f3,0ef0f7ce628c13036052ca28e67962b3c2b1da26c5437784327f791c000cd39e
r6-tune2-b8-rho0.7,r6-tune2-b8-rho0.7,alw_nbh_k3_n256_d25,5180bace4dd64dadc406a4d5ae30b733996655a6c8b9404a0698d177c9a767a0,c479306adffc4012a04332cf18b58967b8578647980c34b6d7f245bed4d408dc
r6-tune2-b8-rho0.7,r6-tune2-b8-rho0.7,alw_nbh_k3_n256_d30,7eca48c6cbdcafc90293197a2666effd64fef103531fae5b88ef7c6730b732c5,d42e4874a61ec16256e381ab52acd7fa753a99d8376311a12b3f1135da079d93
r6-tune2-b8-rho0.7,r6-tune2-b8-rho0.7,alw_rung_d00,06380e1bba7e1c82aa7d1c0c74c9d41ddc1f78c18c920e65f1ffdc6b10c66700,a7af1777b9b99b60175207a2bb36c97cd832c8567c48f23f9e371e66f44d1c69
r6-tune2-b8-rho0.7,r6-tune2-b8-rho0.7,alw_rung_d02,47c7b6cb89b79cde5e330ddbcfc8126d75ebbe488eb7fbce752bec3d1311ba49,8a330d552b0e50683203fc4660dcc693d3ffc5ca1e947b1532a1fc1f36e96e2d
r6-tune2-b8-rho0.7,r6-tune2-b8-rho0.7,alw_rung_d04,c44273436044073cd30241a36fd42fe9f7bfa1e69aef025e63491669fede6538,a8b1ede0737b5a7a5398b31caaca5dbba7b3d74edc338302b617d560e6b3cb04
r6-tune2-b8-rho0.7,r6-tune2-b8-rho0.7,alw_rung_d06,a216eb6d5183d785a6e499ed3dc27e8250c1064438aa2187bd72955b19231873,c76496d60e98b3c96bc857792588815b3c022df98fbc265ba6713f6ed6e6174d
r6-tune2-b8-rho0.7,r6-tune2-b8-rho0.7,alw_rung_d08,219c8ca83a5009c9f41a8f539b35b29c762730d202c999867b746d79b46f3827,1da55077909aabc183f970030f8ee473816e0919a50cf07a53d9126236fdeac7
r6-tune2-b8-rho0.7,r6-tune2-b8-rho0.7,alw_rung_d10,d0acaa9e27c4f7415f8d5441c12f2f622e3965387027dd5d2510d50e1d79d752,c5f0fa43c04925353506ab47e2d842fd82f992c30a16aab765b7fc5803813054
r6-tune2-b8-rho0.7,r6-tune2-b8-rho0.7,alw_rung_d12,506ebc5ede2041b428f1719eaa9263471aabbb8881215c77e79f01ba8e0fc945,565d615d9e118c49d02edb102c68e0b2ae09d507017c3760d718e8f5e4f6880d
r6-tune2-b8-rho0.7,r6-tune2-b8-rho0.7,alw_rung_d14,5d8686c8c44a5697ab8ae15716d3efe8288a992099dd780c92d4dca8b10fd5fd,40a16850903fd5163e0f3f047a40b2db4b16def3fe3ec134d2766a9caf110d31
r6-tune2-b8-rho0.7,r6-tune2-b8-rho0.7,alw_rung_d16,9e965be49e0b3c6297cb77d9e7a6516ed0abc823917c6b9caaa226171cbb544b,8bc9a67fc616da854fbb25616870b917f5f500b95fd7eeacba58ebb97a4120f8
r6-tune2-b8-rho0.7,r6-tune2-b8-rho0.7,alw_rung_d18,45fa058eaf051938e49c1803e4bd197e408e2521e1ac2c4ea2826f2feaaa02d3,6211e99342303eb534a146f2d80f65c0439ea097a47a25b89e3fb6af9070565a
r6-tune2-b8-rho0.7,r6-tune2-b8-rho0.7,alw_rung_d20,887c01ab53123671f48fa685e018ce39bef459d86d773a64b81e12b597191f1b,aad822ca138dc8b4a9914a5c6c5b08b3ec476e890f7170a46e774153ecf6e155
r6-tune2-b8-rho0.7,r6-tune2-b8-rho0.7,alw_rung_d25,a8acc21568d3591af72dba788c927aabb014923fdbf80db62cbc27e2d0e03b55,a01ae3ed4a7c41f5731b7fb5f6f01c9c63e3439e36530e22ab5b40b0ac62cc6e
r6-tune2-b8-rho0.7,r6-tune2-b8-rho0.7,alw_rung_d30,d4654a0c30851ac277cf733d4880d8d9cebd13a277073e503c997a6cd32d48f2,7325ad9fc50696097100c91ba3ef6720efb7ba8ac11a7a7b150e79d4d771a8c7
r6-tune2-b8-rho0.7,r6-tune2-b8-rho0.7,alw_win_w05_n008_d00,21f873aa62a06759d3a2921168ffaa62bd5e463ca5822ce058a97fe2ce2bc117,4f17ebd1125d543cf9b543aa34f2f07ff16e2cd7021e97cdca82453fa2f42f6e
r6-tune2-b8-rho0.7,r6-tune2-b8-rho0.7,alw_win_w05_n008_d02,e4ddd6f1a276739d627d5891e297dd0014b8d51bab7f34b7845e12526804d467,23a2b4a7586fbb2f33dadf4afc506c875e0e1558f83af3319674aa1b72850ca1
r6-tune2-b8-rho0.7,r6-tune2-b8-rho0.7,alw_win_w05_n008_d04,772e0e0e1c04305b42309b3295c6985f1167d1cc43e31f157a3d35f8632847c8,f62c0f5b1fcef917bbb24cc5b96f5bffd180dea2d083cb23525283f1ca0de6c7
r6-tune2-b8-rho0.7,r6-tune2-b8-rho0.7,alw_win_w05_n008_d06,8a817bb04d96f0ebce522e25dca03ef34b248ce2327dde7ced89dd1ca9ae4aa6,7a15e8cc8f9a541d9fe09254332b019a9909cc4d895ade806220dad775203af4
r6-tune2-b8-rho0.7,r6-tune2-b8-rho0.7,alw_win_w05_n008_d08,57536f2cc2262e4dc98b3fca10c38fb66d424a8ec4e96e0d4d56aad45fcf708e,1141fb1374cd7f6d04c72a5613014d43aa5a5d12802bccbd67de91225c0b8d62
r6-tune2-b8-rho0.7,r6-tune2-b8-rho0.7,alw_win_w05_n008_d10,30bf2d62be06df25a574f61a885f198d7a6989462cb9af90f8a679b62738f082,ecc163ac466ca5824d66897cc3f648befb95500e8d22bdb25b83e34c66b5f8fd
r6-tune2-b8-rho0.7,r6-tune2-b8-rho0.7,alw_win_w05_n008_d12,b368a004f49ca324a07721733461f55147fef8780f48193a8a5c5101fcbcb608,2b66f1c4e693f6b9e6047cb7e1789119f8a2f9145fe4692263919cc563705b65
r6-tune2-b8-rho0.7,r6-tune2-b8-rho0.7,alw_win_w05_n008_d14,e214820612c8cb441bea83791d1e825cdf7d508590d6b5525e3e0ff0249ad6df,49ed003207c359d3e0e53eb04ce812cf3c1d6c407a7fc3740466745f0d365047
r6-tune2-b8-rho0.7,r6-tune2-b8-rho0.7,alw_win_w05_n008_d16,6c5bcb1927d8b0d84647690ab0c0b232518fc05e95040e8f1c3f6043fb7c6062,1129eec7fd1549bd8fc1298475a5a3e24c2d7e0b699b620ad8960e7c1451f363
r6-tune2-b8-rho0.7,r6-tune2-b8-rho0.7,alw_win_w05_n008_d18,d2c3711ccf29328daa809e5c96f50e5237b5523fd07a51efde05a5b909036841,47d96065f7530b31838a88565ffc2e901193b2bd9fd62ecff085adf89f620604
r6-tune2-b8-rho0.7,r6-tune2-b8-rho0.7,alw_win_w05_n008_d20,ea38f81ca9530f2c76738278f1fc283dd3f7ee43ae42b832feca29966e1794e3,da61f9c7d694ccd9c789fea321df7cd7cc674a11dda547dde23697c36217977d
r6-tune2-b8-rho0.7,r6-tune2-b8-rho0.7,alw_win_w05_n008_d25,6b732d451e1f3790149ad3b35e222caf2f7b816640a61d93e5a7e1673499a2c5,c8791646486a501337c372461a14e56791b19f9118061234f5189d29195ce342
r6-tune2-b8-rho0.7,r6-tune2-b8-rho0.7,alw_win_w05_n008_d30,d591b00a6c7ccda552377eeabd7406d9d13c7ee34ba964283956e6ede49cf2b2,44988d0eb394fcb8a1bf8bdc1277f7823f879661124e35fbff291034a3ed1304
r6-tune2-b8-rho0.7,r6-tune2-b8-rho0.7,alw_win_w05_n016_d00,c9ef4abf8f40c95af7cdf1ca269178fc868a479ef808a8833b9b4aab3ab73ebb,2ac9f66f6ec6b6021d0d3d5494ae94b4b5aa5a5d5bd0138d2cce10496c591bde
r6-tune2-b8-rho0.7,r6-tune2-b8-rho0.7,alw_win_w05_n016_d02,571a1eea42b45dbcdbe082e37e31cdda91b3c317446f1d4a99e91a51645f5d5f,56437db29b18846e0f9e15602cc5ab8eecaf5c61e76a315e975f1e96fc8eba33
r6-tune2-b8-rho0.7,r6-tune2-b8-rho0.7,alw_win_w05_n016_d04,5ed506298a5c89ecd00edd7e9aab024bf3ab6935a61c16a639f04260edb57fff,a8ce202fa1bb49ab2f98ee59905549e5a7c6cbc6c6f486f231c328f3fdc4ece3
r6-tune2-b8-rho0.7,r6-tune2-b8-rho0.7,alw_win_w05_n016_d06,eec7cfe0a34393e65f410d012654d03e76917c6ec88299325e50bac1e5225de8,01bd2ec320d86b0f5065de04dd184a74f20d97530354729b44ab3ec2530d0d84
r6-tune2-b8-rho0.7,r6-tune2-b8-rho0.7,alw_win_w05_n016_d08,666c2f2a3ba8be7405d5519da2b480b4faadf344b921dfbf8870cacf3050e50e,935c850864096a89236eeccd5b61a81833fe175e0f88e5a86c37fd569a2cfe77
r6-tune2-b8-rho0.7,r6-tune2-b8-rho0.7,alw_win_w05_n016_d10,4f74077d692f8e0ad1d5b45c2c413189d10853c744021c16bd1e17d0f1d74397,db50b7112e01cf7f988da4d4cf3b9095dedf5cc74681693e46c4a0dbd9a9f9a3
r6-tune2-b8-rho0.7,r6-tune2-b8-rho0.7,alw_win_w05_n016_d12,d53085017149d0f7dbc2409ef924d459e4d97e76c237bdd322bda9aacd37f37a,4bf953976369f7f97b103e66ae60670672cd2e9ac8e081e2477672d1ea9b4030
r6-tune2-b8-rho0.7,r6-tune2-b8-rho0.7,alw_win_w05_n016_d14,38c1c84d25a12842b8be62d04fcef0c2f93a91f2f6fb18f96fa746553c46f0e8,7a42311755f6ee4964e49d2dcdecca9341459e2968248a22c62d5815f6c9ac03
r6-tune2-b8-rho0.7,r6-tune2-b8-rho0.7,alw_win_w05_n016_d16,d63736718792b42616ec7a11ba4e1711e8e5a29424193d11d694ebfd2b31b4d7,b14b61cd9986f990d0f0ae40c47fab5c264be332444360a93725a0ca7b0003ec
r6-tune2-b8-rho0.7,r6-tune2-b8-rho0.7,alw_win_w05_n016_d18,a30e57525edb10c1e2abb33961b4d747798d48f4b1fc1bcb617a60e0b1601296,9f302b78ecc6fb3d51abd2043f75185f10abf6395381f4e74e02371a7b424aa7
r6-tune2-b8-rho0.7,r6-tune2-b8-rho0.7,alw_win_w05_n016_d20,968ddd8a7311c0284771449afc6a79eced762031de5a50572450fe883d83a5e3,b03389ea0ee90b3651b166d87c04a5528108dc7c7f8ba60b259d15e8df465ea1
r6-tune2-b8-rho0.7,r6-tune2-b8-rho0.7,alw_win_w05_n016_d25,96cea9a3788b38527d765f0426efa5b1767bdf4ffd27912f08c385e6e36ee7c8,409782138ff275bd0b65cc6554f8009e98994ab2b50e2df760dd6e301fb962a8
r6-tune2-b8-rho0.7,r6-tune2-b8-rho0.7,alw_win_w05_n016_d30,2936cefb053bc7efe087349d2b9d1d737cd7d0ba346b9f7f03f3399a786e91e0,33df04af7c877b719a29ede25f21480036534c34bc30417da67187fb69c501f3
r6-tune2-b8-rho0.7,r6-tune2-b8-rho0.7,alw_win_w05_n032_d00,4c8e147d8559f93e0af45aa20c1668101c2d2793c2d69051d44adc277965aa78,12de4a3adfb1182a88b76fd72b1fed62e9614c9952945b132ec35d3216d89344
r6-tune2-b8-rho0.7,r6-tune2-b8-rho0.7,alw_win_w05_n032_d02,88da337b8676a4146a4d7d0ba16e89317f4fb7e7ebacb63ced1d010c22a6cfb9,5d3b8840a7280294533d8552daaedfea78a23dee70ea6744a4f5d33111650016
r6-tune2-b8-rho0.7,r6-tune2-b8-rho0.7,alw_win_w05_n032_d04,8cc7966dc349952255f2efc7285b3d5f134d7ad17a70bc81eabfd755d579d4da,dc771dc2bceab7854678069135a7968d089425c3fcf43be591eab63706ccfd59
r6-tune2-b8-rho0.7,r6-tune2-b8-rho0.7,alw_win_w05_n032_d06,aeffa9b16fb8c866bc34ce6f48b66f776d063a060734e9a654edd6b6ac5ee037,ad97b593c9dc6441255ef3be2c8c9121e8f97c323876b8ba7009ccc8adda1e8e
r6-tune2-b8-rho0.7,r6-tune2-b8-rho0.7,alw_win_w05_n032_d08,3f08afb9963a14de471351f39ed92476b28152ce7e8bbbac9262674eefde2c9a,0f70001a011c86a31b69c1fd08875cccddcfe0f38d04a55986948fbd16a89fd1
r6-tune2-b8-rho0.7,r6-tune2-b8-rho0.7,alw_win_w05_n032_d10,e20b92e6b80b975d0242863cf2a5b11587150288e284fec398fb43bde6b9a0a0,8ff893b183eedcc0704fd5098cbe61c36a7b81ca00e3c47480bed6c0da2c6105
r6-tune2-b8-rho0.7,r6-tune2-b8-rho0.7,alw_win_w05_n032_d12,847a2ba507cb14205aab404152c7f08ddf5aae74749adfe587111b0660cf1410,c6a07cfd8787b55fc77dce2d148d3697c98831eb529198826355c10947a6af8c
r6-tune2-b8-rho0.7,r6-tune2-b8-rho0.7,alw_win_w05_n032_d14,66bc32945aa0ce1a041d007652cab89c7a4ee7675dd1e2fa208fa98c85d3b430,916a313d0f25178ba9fb764e20b438c2a5e84fc9959ba3c11f3204e71d5ae66b
r6-tune2-b8-rho0.7,r6-tune2-b8-rho0.7,alw_win_w05_n032_d16,b6b86b56edaf630b0256755e76b6bec0c6ec9e3f1aa9a1b0a0a7466086ecd95f,aee19bfc8ea712ef984c28b661236f56bdc877489dd9dd9207c2c02d35b3e84e
r6-tune2-b8-rho0.7,r6-tune2-b8-rho0.7,alw_win_w05_n032_d18,67dcb66e4c25663a6f6fb0f888d0c1a550dbf2693e501ba4485be46c7996df72,f91fc9b45e3c0410b58d7a6b7138f15d7696cd084df821bf98f7aafce239edb8
r6-tune2-b8-rho0.7,r6-tune2-b8-rho0.7,alw_win_w05_n032_d20,810b083759c395c8efcf179a46a9bc24d6156391bf06359afde7cd8074283afe,404938eae04755d20ebe2977048617abc54a7b1dec26b8c3c5305f4449e5a671
r6-tune2-b8-rho0.7,r6-tune2-b8-rho0.7,alw_win_w05_n032_d25,f61189f3f9accb98f6b806848d365cc3110a5354d3b98dc8151075904807020c,054f1b53b7cea584fc90a8f8aae6f194611ae58181a67ba5bee9728c7ed1855a
r6-tune2-b8-rho0.7,r6-tune2-b8-rho0.7,alw_win_w05_n032_d30,cf51d50e051afaa0675b0262f4f16dd529af47e2d1a9d0a47991e7c7205eb31e,3859ad789170d9be3234ff808b4c5446fb4096eed6824748465e0d5b30080381
r6-tune2-b8-rho0.7,r6-tune2-b8-rho0.7,alw_win_w05_n064_d00,44eed452b2a82cefffac9e54853c58821964687297d7382bd07923be28f277b1,241ab1899a0c981bf1c654d87eaa01c4d3c41210f8b35ddca13fa0d7dff12e64
r6-tune2-b8-rho0.7,r6-tune2-b8-rho0.7,alw_win_w05_n064_d02,be04c774d4cdf60fd9b82fb3032de23d9afda3c55b0e1a069fe43fe7722122e0,6a292efc81119eb70e3d7f994006d1516e47e01e3211944089a62d1a83afd5f7
r6-tune2-b8-rho0.7,r6-tune2-b8-rho0.7,alw_win_w05_n064_d04,a86e6ada6f573cb0c129f6568fd4685eff03fb1fdc441db721d07cfafdda8c18,070b254879ad230d14617fc8768cb477670bdaeb97785d66136f74bee9443b9d
r6-tune2-b8-rho0.7,r6-tune2-b8-rho0.7,alw_win_w05_n064_d06,ddff2fbe83dfb7b8faa498128e2330092a1c2288a14ca53d494676fd6457c884,694f3b816452eb721ef1c14098af57ce7a27d22d24c2cfdd29b1f1f004697ead
r6-tune2-b8-rho0.7,r6-tune2-b8-rho0.7,alw_win_w05_n064_d08,f476adce69d754ac7fef9c06d700bc98b064a320bff9ec9e2951b6d1f1b94cd8,c213e5557a28eda7494b36878eeee59c31ba8b6df95108d340a6f36e459c4f52
r6-tune2-b8-rho0.7,r6-tune2-b8-rho0.7,alw_win_w05_n064_d10,8e5d24469e133e8666b887b6b1f283011d3c467e55f0233859ebdf902e6bae30,92ae1a168798e8dd40b21706872fa8c2af6e6f274027e3f62c6ea7d30906e5df
r6-tune2-b8-rho0.7,r6-tune2-b8-rho0.7,alw_win_w05_n064_d12,a5f3a5e35b7420436981588f97f0def98cfbe235f1e7ec0e93d84bcc84f4e251,3613d4821921da14f080518c10c1f2cdbbb39b39b400d0d188667f8667cc07e2
r6-tune2-b8-rho0.7,r6-tune2-b8-rho0.7,alw_win_w05_n064_d14,d84b30b9660e2084c53367bcbdfe75fecfc14ae230d72a3de96979f2735414f2,07985f1034f80bd3cbac48a4a7333daf2a656970d7bb6a5ccd611fd1d3079db9
r6-tune2-b8-rho0.7,r6-tune2-b8-rho0.7,alw_win_w05_n064_d16,898a730bacf9cca5c0b7a64d21fd38433788c8b01dbd04a6f77e8087742263e4,3a2adfa3a46b0c5ef33ea6234c6acec15eb1f23024a8aa86f44209860252c25b
r6-tune2-b8-rho0.7,r6-tune2-b8-rho0.7,alw_win_w05_n064_d18,f84989f3465ec70cb0e4138b8ea82c7e0af639c93dd7640f8b4a3d226387f33b,7a5834a34dcd1eb235f11a721b411fa997b3dd732f0d0acb73e20cf15469acfa
r6-tune2-b8-rho0.7,r6-tune2-b8-rho0.7,alw_win_w05_n064_d20,67f4e1aaa6b7244b2130545892d0b9e03569d91f70f5cfb90c7931eb170b6b50,d97bf0b71e353475475d23517ab1e413085c1ceb186c6728dfc669df539e933c
r6-tune2-b8-rho0.7,r6-tune2-b8-rho0.7,alw_win_w05_n064_d25,7fd4b01c2cdaf5c4850a7515eb03b628b90d9d81c04b76ab37a33edd7595088e,8e8847f5d5ed27f2b6595cb3bba86ff3baa6c336d1cffd2c57519feca7fa81ff
r6-tune2-b8-rho0.7,r6-tune2-b8-rho0.7,alw_win_w05_n064_d30,2a0f0f5394c226c965bba9783820348e2826018c997b780321227718fb103eb8,951ac6d675885e18f3a6535895bb0810f531aebf639b19241b29bda654bb62cc
r6-tune2-b8-rho0.7,r6-tune2-b8-rho0.7,alw_win_w10_n032_d00,28c6e5638374e8fecae397ac1a335c124efeb40b58e96e840e8d0b611380c8ef,1229f918fdb6ada49f1bda904bf3933892d78dc05546176a602a45bc517fe16c
r6-tune2-b8-rho0.7,r6-tune2-b8-rho0.7,alw_win_w10_n032_d02,91f42fac8ced427b95f660975ad7e97c2cf1d963934b80236fb797911e92aaa3,3cce3a696714f0325f2171015c76fd5576dc10665c79ea745c3882085f64f381
r6-tune2-b8-rho0.7,r6-tune2-b8-rho0.7,alw_win_w10_n032_d04,6a6f33aa24289903e721f5ce9986b1509cb358c7f5a5ccf9aad85ad1de0c96c4,fcefbc9512389bd533d01931ad71b4e55b5640257c30be2389ec0581a9419976
r6-tune2-b8-rho0.7,r6-tune2-b8-rho0.7,alw_win_w10_n032_d06,f26db46618d59da34ecaa1b0d8349cc87c29439a634c451b8792f8623e61b1b5,46a582612c7ac86d30122b79c78c502f19588e9d8c522881d592016c57741b57
r6-tune2-b8-rho0.7,r6-tune2-b8-rho0.7,alw_win_w10_n032_d08,5322d26431485b755d574326332c1b12743678740d4d494506f07c5e3f69e41d,fe8d639c87fa1e7b824c01a95f15cf120b9add61283d3e0845cc7cc8fecbc192
r6-tune2-b8-rho0.7,r6-tune2-b8-rho0.7,alw_win_w10_n032_d10,7c01866703ff7f4076a160dabed9a1aebedaf275aa987cf280e139ed36457a96,dd8cc0dcf663a9333505ac8e2654bb01d6b8b96a63bc4e430740b32afd4ebbd5
r6-tune2-b8-rho0.7,r6-tune2-b8-rho0.7,alw_win_w10_n032_d12,42e4daa58e6a330de5a427396ad201f8420f51751d1fb924da7c5edadba8f7ea,bf9708e69019e652d5d28cf63e6966ed0264269aa632b053b7c7500ad2f60273
r6-tune2-b8-rho0.7,r6-tune2-b8-rho0.7,alw_win_w10_n032_d14,9b09eacb3f1e0cbbc2e6b312de6c084b36fc20f90529ffa0109fead6a167e48d,59848b7ad20f02c463d829fabbc63358179b51b1ec347b07109257998e229db2
r6-tune2-b8-rho0.7,r6-tune2-b8-rho0.7,alw_win_w10_n032_d16,7a17e013c6e69e0ff79794b87e2ca71332a2363fd36344d4e0fa6afe786b638a,8e2816a0bedb01e5dc8b3049eaf6952f67ae7f6b36f2341e3ecd8b1e57e1cdae
r6-tune2-b8-rho0.7,r6-tune2-b8-rho0.7,alw_win_w10_n032_d18,487130d37a1b000a785a729c985b4af31a95a0e15007058ad4db08308cb89efc,adbc951fa8aa87ad4d864ce994a6e4fb15d08d411b53426c8c02e47debb9d0b7
r6-tune2-b8-rho0.7,r6-tune2-b8-rho0.7,alw_win_w10_n032_d20,8825f83909ae1b66e00f8b07887faa3e5378351655c17da7a90b6a8a0953711c,efb4eca1cc8e05fbe718db1051919066cb7f3a44d8fdbdf8f5fb7a656d17f5fe
r6-tune2-b8-rho0.7,r6-tune2-b8-rho0.7,alw_win_w10_n032_d25,a803f55b8588c9b38cbba20e02c126fdb3beaa01e441ef86e60b919d7dc808ad,4e8719ab460baaf3ed19fb57bde7090ed73ece40a529fcdc9ffadb6b479db3a5
r6-tune2-b8-rho0.7,r6-tune2-b8-rho0.7,alw_win_w10_n032_d30,5cc4cc8870552a8e7602a5fe65d233fc8d8b650ac453ca833134042197e4a7df,e629402360bd2e5f6afad5fcff760b6117cf13a89db5ec3c78e515f27bca9933
r6-tune2-b8-rho0.7,r6-tune2-b8-rho0.7,alw_win_w10_n064_d00,d4ea81a3d5c878c2d935d76c03c7e1cd8daee14d240d2691945a83471835a422,020fd97ebc0e82161a42a1b462bda06322633334364b31c439a88b7a30b68708
r6-tune2-b8-rho0.7,r6-tune2-b8-rho0.7,alw_win_w10_n064_d02,e4247278279141a9251681cfbb988e6c5057c2ece9919e57c6e44dc84a88965d,419dd367ff1e263b51f7390e7c509caea6df082708dab318a3c7181c0303e1a5
r6-tune2-b8-rho0.7,r6-tune2-b8-rho0.7,alw_win_w10_n064_d04,6169a9131fd3a6365485f7818de4b86b43f80dd145af05a57ec4ed29a9b26244,aa99889376003201582482c7c87440251c5218c8e810cf331db4e258c9ab5370
r6-tune2-b8-rho0.7,r6-tune2-b8-rho0.7,alw_win_w10_n064_d06,17d00ffd6b21c2a0b0df0f89fd2c40a7a72aace8ed00cdaf6a67d9aa57a91079,2b1702fe78316de2f898d93d03e692575eebfde32901064d1f652fa18d9caf7b
r6-tune2-b8-rho0.7,r6-tune2-b8-rho0.7,alw_win_w10_n064_d08,7dd50d5b0bfd1b82788e7f4f2eaf904ab594e03a602eb4ecd06818a7cff697e3,3aa49028f24824e30c2fcca47c34e0948a212a3ff7b844c5d83e392b6f739a0b
r6-tune2-b8-rho0.7,r6-tune2-b8-rho0.7,alw_win_w10_n064_d10,c649a573bd3f65611a3c1aa13da278961717d29237d8ef0b6485a3b4a6ec9b38,3367f1355835df083049fc7b9fa0bf7f497c2df365094c0d49b5421b8c2b59fb
r6-tune2-b8-rho0.7,r6-tune2-b8-rho0.7,alw_win_w10_n064_d12,51d35bae94dea0f456ed7a79a102325f6db9333071906894615c26415c2a42bf,ddc175a5a9cf53155251e827995ec3bc9ae3841445b926586e3f8ca68ad2554a
r6-tune2-b8-rho0.7,r6-tune2-b8-rho0.7,alw_win_w10_n064_d14,ef5541295fb242e599c6a93a7522ec6f18bfd98d383aa23706062f82ad234496,73c099081e4898a5639bd398f27934ca465150300f2f4ad37f8439b40a33b719
r6-tune2-b8-rho0.7,r6-tune2-b8-rho0.7,alw_win_w10_n064_d16,f9ff4617bea887db45b9d648cd92824cc54af9ae78b3ba606d3e99ef840d3bb0,6590e58e78216afa3662108272ce06baa874355f8cc5e07ee5622e310160bc6b
r6-tune2-b8-rho0.7,r6-tune2-b8-rho0.7,alw_win_w10_n064_d18,14dd66b40a6b11b93bd7c8adc4344ac1afa1c8753bf9e68eb38d8b2ad93a07f2,b45289d82b565b79d3509c8f88c1364b74c54894184b67b170239c0872d7ccbe
r6-tune2-b8-rho0.7,r6-tune2-b8-rho0.7,alw_win_w10_n064_d20,e9313c736d2a7c0c6d2c0bf538891ad82fca26a6a421ba4c2485e0734479e20c,69fe8849f65be97634b08abab5c482a31cf6ed986f4a6fa032650b150a3326e0
r6-tune2-b8-rho0.7,r6-tune2-b8-rho0.7,alw_win_w10_n064_d25,48d0a747e472fbd1c737eaf8b0e5ccebbe581d8ea62431e1c0b2f5ff899c0add,584f599fa16627cc8c4651b3cae93e7acf113c8ac92c87e1839df2bfc2e8b84f
r6-tune2-b8-rho0.7,r6-tune2-b8-rho0.7,alw_win_w10_n064_d30,7e0e2e021fea7ac2d1d9ed6ec58e324fc1b4247aff58adbc92f2ab2bfdb82955,3b68054a271308caf9f155fdcee6d1f783ce9fe722b99e84f7746de0235b985d
r6-tune2-b8-rho0.7,r6-tune2-b8-rho0.7,alw_win_w10_n128_d00,be794f1125065ef9c3ad1d1ca5507012207579af321e25ee342e3c61edc23a42,e64a4a3280ab1bc4471e1b4b12debde219b105179ada8bbe9d7b06e082edffe7
r6-tune2-b8-rho0.7,r6-tune2-b8-rho0.7,alw_win_w10_n128_d02,f16efed77574a96cc2d090ca8d40591a4c3ca24ce62ee3b1eb3c6f76d65ff6f3,051ef2183d1fc5a8340f7e5942a264b29ecdf30dc5c11d28330525176176ce5c
r6-tune2-b8-rho0.7,r6-tune2-b8-rho0.7,alw_win_w10_n128_d04,bf22d3ec949ecc3b90cd08fb12732b69acaa4a09a8046467cdb7e024e7309a32,231115413059a0d1ef730c6ee5d4dfec92bd6285b14bd54cd6a103101a5c6883
r6-tune2-b8-rho0.7,r6-tune2-b8-rho0.7,alw_win_w10_n128_d06,40f308d553ea2bcc5c2b97deb526c14910d64eeb0b94d3aafdbc0b93aad18330,2217222e684f7bfa451276e344ff853851d1926d1e198169786850ea4806d5c4
r6-tune2-b8-rho0.7,r6-tune2-b8-rho0.7,alw_win_w10_n128_d08,8a34c29a92673e26786500117e75d340002c9d167a6b0647044bbaef4958661b,31b499b9ee273e307f1b7a5b28d8c4d435bb594df99a979c1467ca42940720dc
r6-tune2-b8-rho0.7,r6-tune2-b8-rho0.7,alw_win_w10_n128_d10,b8126d8e30eee6daa173bf00b741b7bf620bc2348f5bf6a0aa20509b72b14977,88da3a081cca67f378e937d87a865769898ab8f8138870bd0cb04a543b9c5959
r6-tune2-b8-rho0.7,r6-tune2-b8-rho0.7,alw_win_w10_n128_d12,666f19d526a9ba2b1b9a895401605f95f4033cceccef498976401424736b9e47,385bf0930b08cac0317fdb031bdb2f8b3a1e428e4b472fe4d51ed579a1456575
r6-tune2-b8-rho0.7,r6-tune2-b8-rho0.7,alw_win_w10_n128_d14,b3c2848536d125fc535c486d67f1c6e268536062ca7961cc4e027c10612c983f,7f87d289a26eeadfac9e98b78c2a8bbbe0b41aac8ec577ae3dce2bbb5c1940f3
r6-tune2-b8-rho0.7,r6-tune2-b8-rho0.7,alw_win_w10_n128_d16,9740a60e6973724f42dfe442b8fe708ecb02776da471e9bb4254a099feefc8c4,7729407c324ac3f6544b200d3b887ac89f727ead409b07710ae85473982eda73
r6-tune2-b8-rho0.7,r6-tune2-b8-rho0.7,alw_win_w10_n128_d18,6a9d47a3a261137d598f2a5913d5773cbce549a608118c51bca4ffc3f0add45b,691fccfd2b9b1e784dde0cec9393920dc1cdf82623a8969a2c1c899a4b97ed3e
r6-tune2-b8-rho0.7,r6-tune2-b8-rho0.7,alw_win_w10_n128_d20,33e86c0056f5074f1149a58039a941d4a02e385bb694e82f9cd100c45f7d11b1,a0e0016eff2aac9f69d6a20872c8ad1aabb459cad9a7348a6d1f9b192f6884fc
r6-tune2-b8-rho0.7,r6-tune2-b8-rho0.7,alw_win_w10_n128_d25,981ba66186da1004efeb891d816e23d8cbf8b2e7eee23b6cf73902667f08a9eb,206bc9469afba0d4caa8f9cb2520a17f73315c47a1b10a0ecbc92c18239105b1
r6-tune2-b8-rho0.7,r6-tune2-b8-rho0.7,alw_win_w10_n128_d30,c1f0d9b237d3542864d28057b2353da43bb7cd64397e7645acc2f2c80d24ec17,b79c2761c7c8b837ce948c11001ccf4903bbc033ccf05e8ff3d051544cc2ab3a
r6-tune2-b8-rho0.7,r6-tune2-b8-rho0.7,alw_win_w20_n128_d00,53bf109f71c27b67053fab812a570c4e567dd30c6fec5b52903580e0885a6423,ec514f9bb39231974d18a4487daa2425e45e7adc4fe0102addb9dd0e988c27a1
r6-tune2-b8-rho0.7,r6-tune2-b8-rho0.7,alw_win_w20_n128_d02,da041579a8f8fbf35faaca8b25010677e36a51910bac614837f05e667379cf56,741fca5688f680430aaa069802f5e648132b05bdb780d0c5759d754e382e7c7c
r6-tune2-b8-rho0.7,r6-tune2-b8-rho0.7,alw_win_w20_n128_d04,0a3e7033a7062079f12f4db854e9302a821addbeca2f9b1057116e02e090bc53,94614d228fa425ef5b6483e65c70e3c8761cb1f4216000474a9c6cd9c7bd4185
r6-tune2-b8-rho0.7,r6-tune2-b8-rho0.7,alw_win_w20_n128_d06,c1c90cdd0602e77717db667238d8a0ce55d10a4ffde02dc5eee4192aa1f236dd,173c57b61313dc4318766378a428f14ff2bb69422fda4a017a93d2417e62eaba
r6-tune2-b8-rho0.7,r6-tune2-b8-rho0.7,alw_win_w20_n128_d08,bdf0857f2d3f0827fe32f5e51f45c298ee63a7def99bfbf03b8f902ee6452ce9,b50ab22ec36cbc36c46a12ae1453409e142b8cc301f59c939d5d283289faf52b
r6-tune2-b8-rho0.7,r6-tune2-b8-rho0.7,alw_win_w20_n128_d10,129b3daefa0d86fc8cc6fec64082b53d215175101244298d1f4cc7818cbf6c6d,1faaa9f41eec9498d80670e312b6ec9608bb3108504d5ffd556eb974078b3f20
r6-tune2-b8-rho0.7,r6-tune2-b8-rho0.7,alw_win_w20_n128_d12,549693e3317934fa9849f5ff71ecd64cf7bc8d20aee39fd68ef82d05e4369994,c3a0fb3884b360c377ee6fb57b57d928334cc3370ef3ec2bceff586e821de23a
r6-tune2-b8-rho0.7,r6-tune2-b8-rho0.7,alw_win_w20_n128_d14,7c84a89fcfe4242ed9043e9e0cb5f49cd8aa4f0a9226bfd9a866c1f5eeedc4fe,6ef5976fe11b1264c33c9b89cc6c224c13b00b4d68ec8017980db7bf11cedfb8
r6-tune2-b8-rho0.7,r6-tune2-b8-rho0.7,alw_win_w20_n128_d16,7a04cd62784011d3b7462cefa49e277a002df2727c761e7d6aae3c23353b7ddf,2aa2f4ec7d7530e89711bc8cf53148ac868d207c20a4330a367a77f2bfc3b8a4
r6-tune2-b8-rho0.7,r6-tune2-b8-rho0.7,alw_win_w20_n128_d18,0d3541ce3eb1c5bed89a30a2c9f6b47a8d1e2f49f1ab835e99dcd1dfde15bd2f,c523763df3763fe4acff382b136313724857b9ddcaa8467b1199ddbd5293c6c0
r6-tune2-b8-rho0.7,r6-tune2-b8-rho0.7,alw_win_w20_n128_d20,33f2564792da99881a06b3904ebfd21e5f9c8927b9275e1b7ec21524b880cd65,94839eabd83d59bd25c769ebe4430f3211c90cfa8b5a5bbaafbe625b9fb8f9cd
r6-tune2-b8-rho0.7,r6-tune2-b8-rho0.7,alw_win_w20_n128_d25,7612dd3d160c7795cdd836e6c37c04892d8ecb63c024920f18402c6416e1f4f4,96b8992722b7944f7fc5388e6a255112e9c122b6fe2ed8eb0f3b4e27f1aa80f4
r6-tune2-b8-rho0.7,r6-tune2-b8-rho0.7,alw_win_w20_n128_d30,5f9638fee25dcc944a71e68f258ccbddc6a89914c71ae3070e10b84ca8a55d99,361798a604c67a7424b1920a577aa676bb7fea399872e5828f9260a4fc20214e
r6-tune2-b8-rho0.7,r6-tune2-b8-rho0.7,alw_win_w20_n256_d00,0025d5d79454879bfb1a4c1c6a42064586a0246b24ca100bf23636433319a70b,0058715d62c0f7ec132bc41cb30f64fca8527a1cc2332ab8c1e4a89d9f22a670
r6-tune2-b8-rho0.7,r6-tune2-b8-rho0.7,alw_win_w20_n256_d02,d05bcd6d4a36e0bdc7098b66ba7493222150bf0e894e5ecf54d09e421d03d0f4,82c22a54bea44fd0bacbb49c1331cdfa6f8ec1091cc37d515cd295cbe8438c44
r6-tune2-b8-rho0.7,r6-tune2-b8-rho0.7,alw_win_w20_n256_d04,0303b401f9cfeef060f660c80e09dd0c5edce347ce2e432a154a818f1bb6389c,8f307af3cf936a4afab5a16e47c0edf67350fdaee1595d5c8fecbceda40eaac4
r6-tune2-b8-rho0.7,r6-tune2-b8-rho0.7,alw_win_w20_n256_d06,a1c530f2f07bb07beab7307549ce327b3e29b210fe9781578f9aac1aebe12358,a029fce342b4df482f77ca8fa8255ed38ccd044aaefa8ff30c84160aa4b61592
r6-tune2-b8-rho0.7,r6-tune2-b8-rho0.7,alw_win_w20_n256_d08,3d403665981d999fd55f357ea6404df2220b0bed256263e8954449ad8baee815,8c6f719214dc828b5cf91fec33cd02d8642dde23a4127fe53a388d3f0e146061
r6-tune2-b8-rho0.7,r6-tune2-b8-rho0.7,alw_win_w20_n256_d10,7d728f637bc1c9ecb4be0c64668dc770502b7e6dc3689291b6eeb87b8c672ecb,84aa08ebfd666569fcaeedc787122d9435ca6a832d4bde7c440829370cfba69b
r6-tune2-b8-rho0.7,r6-tune2-b8-rho0.7,alw_win_w20_n256_d12,c8369400933cc8efcfa538a75708521646175b5a2ab7a696beb25cb39693e27d,97f4f44712a8eeef917fce1b93db5eca030199c912d45e63beb8021aa536fa68
r6-tune2-b8-rho0.7,r6-tune2-b8-rho0.7,alw_win_w20_n256_d14,80a9105b4d9ca04c2ae3912da5dd70d9ca6bc0611a13705a7c9abe13f3cfe103,6bf49cb91bb8671f7f6967d2abab4d99b7eec1139246797007b9f441ebb9326c
r6-tune2-b8-rho0.7,r6-tune2-b8-rho0.7,alw_win_w20_n256_d16,7635f2e8f88e09d73cfe35bb11196cd700a62c9bcadc44f8bc5555bde7eeedd9,ab7393d84ed26f362182ab06f52ee6ff35a763a4c3db52a1b079793ea0522833
r6-tune2-b8-rho0.7,r6-tune2-b8-rho0.7,alw_win_w20_n256_d18,77f78267f33528f106fd5f955973f706cef5af8468661c218dbb487df868a1a6,624aee6508b3b2323df7ef03147622676fb473d6a1afadc61eaf18831b37aec5
r6-tune2-b8-rho0.7,r6-tune2-b8-rho0.7,alw_win_w20_n256_d20,2c1b767be1e9c223ecf981164a9e8d53c6106e2d810639adeed817fe42546da8,990cac3770de13d67a3137d1af8888bcb5dca156fc524e19de92c13e8c44a7a3
r6-tune2-b8-rho0.7,r6-tune2-b8-rho0.7,alw_win_w20_n256_d25,6741e738687a037000afa4b94fc8f04c83e86ee9f1a389f7a975aad2f05b883b,d5d2d4056ae1ac8404996ee287c6ac34b8bda2bfa8922cbd6ac17ced7caf3bbc
r6-tune2-b8-rho0.7,r6-tune2-b8-rho0.7,alw_win_w20_n256_d30,1b37684a52431969fa08bc4a352dc2af9ad68c6b2241fe60895b657bc898d7b1,a99b9a2a4318e999f580a9101daa9f529a8293408cd1b96981650481b78b08f0
r6-tune2-b8-rho0.7,r6-tune2-b8-rho0.7,alw_win_w40_n256_d00,5f7e8f436832d568c2e99dabe4aeac454d908cdaf92206f90c5ee595e503a46b,ee0ad6fb2d2c33ecf9cb656d1e3679bcc349579d36f2f883516ed8d7d669d64e
r6-tune2-b8-rho0.7,r6-tune2-b8-rho0.7,alw_win_w40_n256_d02,6463354522b514b99d33d176423f3eabf250c25203649c9e3f232199ff0dbdca,5eb18c9eccdc8b633c1c03e8d3346474e202529585921aeb86e501fe402c17a8
r6-tune2-b8-rho0.7,r6-tune2-b8-rho0.7,alw_win_w40_n256_d04,722261176dda752ccc6a7fd5bf78cf3339aafabaf5efe5588f8f083cbb84ef64,47a1c990a4e81a4a21630061dc8ca060e27930f6544684990b6ef7c9a7fa1379
r6-tune2-b8-rho0.7,r6-tune2-b8-rho0.7,alw_win_w40_n256_d06,3cb45b7979067bfff9ba5167771329de03a3b9f4698b713448dfb310806d545f,3b95e2a8e824a514b896b4d5aadc051131ffc88379eecbd67550a94d284d93d4
r6-tune2-b8-rho0.7,r6-tune2-b8-rho0.7,alw_win_w40_n256_d08,a08349cad040b779097ff1420ec4c84b85fba9192b6064ae503a47e99a5e798e,fc1b8cca10f83a293ba8790bf4e0155aae91baf5c183ae387aa69944968569fe
r6-tune2-b8-rho0.7,r6-tune2-b8-rho0.7,alw_win_w40_n256_d10,86134d574770fd13adcae172f5ccda94bd1c28a4d3d5e90d129c952df5aed6fd,14f00d3b709d94057f67cfd78b9e7a2ddc11a3dd7b2d0671a7f7a19de570b1f0
r6-tune2-b8-rho0.7,r6-tune2-b8-rho0.7,alw_win_w40_n256_d12,128c5084e25e5d2c6d52f23711e5f8c3d26d94f30bc19c7a81b3faab58c468ee,3109638b22909f55a350c85faccae99b62ed4aa9ce3780e86213098323c79c0f
r6-tune2-b8-rho0.7,r6-tune2-b8-rho0.7,alw_win_w40_n256_d14,ed2e6399f3fb7a8249aef86d7c2785e8cb8288f15a8af31faf08092ee6cbc011,6ca7280ea2bb9bb79a6a7915b1a20cbe06cedd444124fd6b7ad4ee7ef0ffbc76
r6-tune2-b8-rho0.7,r6-tune2-b8-rho0.7,alw_win_w40_n256_d16,2185b579822bb88c598a74907a09fa1d8988ca8c31a3d86b5b385439f4b85106,d122f8aae2879d58e6ae505eb0611494c1b1739bf37a4ed511f1b13c50b5b1df
r6-tune2-b8-rho0.7,r6-tune2-b8-rho0.7,alw_win_w40_n256_d18,4797a45e63198dfd62afc950a2ba0b3ee5b2d6460310b33d23af4466cb68ece8,75116fa79624605241818678f80329256c19c04ce45e370a24259e46a169da9a
r6-tune2-b8-rho0.7,r6-tune2-b8-rho0.7,alw_win_w40_n256_d20,57f908766a27311e72d1c01205550af9d4622d1c296f3de35b410f2329ea8f9f,285e893732db9b5bbd8198076a1aea7418bb150aba2b66013e82ae3e8f5998be
r6-tune2-b8-rho0.7,r6-tune2-b8-rho0.7,alw_win_w40_n256_d25,122aa2eab020bd660321d0c9fb5fbf77519d69d0dc1f0675d7702d853d2c86d2,94c67c7b8092a68b099c28c151c38ce5e46e0a6ce86a8e548a9b621f56909c90
r6-tune2-b8-rho0.7,r6-tune2-b8-rho0.7,alw_win_w40_n256_d30,08c96d708c441e80da1be667568a9a86c58ce1b06ac13237b97211a3830b156f,47e89e12380855ddb2e82f67f5ffe18bc93165e7986d54c0d1a2f602a47eb32a
r6-tune2-b8-rho0.7,r6-tune2-b8-rho0.7,alw_win_w40_n512_d00,da409eded5b4b13b853c295f7812c29440cdaad7e61301dc50252ec3ac88a65c,ea16d9215d1a4dda77d224803e0571d74cf18f4ab65cdafa4c4216182b6b43ae
r6-tune2-b8-rho0.7,r6-tune2-b8-rho0.7,alw_win_w40_n512_d02,7b6553b80a195daf94aafd7bd475a2ac16f32abf31b5eb7814d32935efcd0f6d,a76c541199aa716e99caea3a5326b28e837d1a13fe0d33a6579c0106a3d1591b
r6-tune2-b8-rho0.7,r6-tune2-b8-rho0.7,alw_win_w40_n512_d04,d8c8eed923cef9d4dc316c276b56cea80f1646f9acb88cca6bf8fda4d42e3e9d,fda187b8594679c5c949e11d856d6bd15656b4f2f50d1814f61a611552f16b4c
r6-tune2-b8-rho0.7,r6-tune2-b8-rho0.7,alw_win_w40_n512_d06,55dede0b8a38025243faa64da18685a5276a6ad3051909c43542f7ef50b26d33,ccbbba543d3fc9da7375acc0b22f80c03cc0cfe9071867612a072b48e37f35c7
r6-tune2-b8-rho0.7,r6-tune2-b8-rho0.7,alw_win_w40_n512_d08,313b8d1b87a89257f04865271aceddf04db1bd66dfe1eba9cf9681681514c22f,3c2dd822a3d83cf0c1cd2ab7af378ddaf514197d5449daff420ee261a85b2b8b
r6-tune2-b8-rho0.7,r6-tune2-b8-rho0.7,alw_win_w40_n512_d10,cf0028d929cdb8bfe4c7a7586a9d3b9b335ce48a154e38f51ae8898607291d3b,aeb309d4398c09287315021c2c6071e9d3a9a614bada59ef566b9ec90c2e6e05
r6-tune2-b8-rho0.7,r6-tune2-b8-rho0.7,alw_win_w40_n512_d12,a818982e42b82d7b171876f671aea3a9572e9bcb6852174f85423084ec3accac,bf9620debe712f7e4f9912bc0bf88be3c4b1046f2b55ba61f4273eddbb1584b5
r6-tune2-b8-rho0.7,r6-tune2-b8-rho0.7,alw_win_w40_n512_d14,b176c8d585642e3afbdac7387f093c1c661d2ce1b07993737f78e973306194b0,ebb1c37d75eba7fb9d141193d1e275725ba4f5bab78b28c579e044ab353e90d0
r6-tune2-b8-rho0.7,r6-tune2-b8-rho0.7,alw_win_w40_n512_d16,26903a3c21dfed535153920a3b6fbcad6f3f5dc65401e6b4e581519be056db68,226ef065bd17a394369fadbac3a3fbb73456c825fe9b399afa8d9db497aa7286
r6-tune2-b8-rho0.7,r6-tune2-b8-rho0.7,alw_win_w40_n512_d18,7ba050ef09d7686f5e0068a094603582ab83a872ae867d60a94ae309462e7a42,7834595d599e8034a066976970a6a902ef9c507c6633ef99d97a0ab365d51bec
r6-tune2-b8-rho0.7,r6-tune2-b8-rho0.7,alw_win_w40_n512_d20,27a62d59d1a6b8e6cddac99c80eb9ec85db0f69f0f1221b2d7d777dc2177ceda,4bd265dd52634badcc2ffecd90792f5e73ffa63987f31e222ee609e1be98496d
r6-tune2-b8-rho0.7,r6-tune2-b8-rho0.7,alw_win_w40_n512_d25,4165435483b5ada17c8bacf3af630f75e6ce931a0677b975c0a8b733a90cc166,f20a15437237e2c20804bbdaf438386cbfc55154bb87af4430f011132911546c
r6-tune2-b8-rho0.7,r6-tune2-b8-rho0.7,alw_win_w40_n512_d30,6070c937f1b06d30b43a9e5877eb37871d3a51e889d32159320671a180357758,46eff3fb4ca3311de9e87bc97f49fca25020df585c5b36637b997703b72acbfd
xcheck-r5-heldout-b2.5-rho0,r5-heldout-b2.5-rho0,ablation_hidden_rules,c89e9a3647158566d07407285a92e7373b0b483d44757c0b0a10d459cda24cdd,a8f9bdfe36eabcb3ebe9ac0bc059ea8a954a9292e9d1430bb6f4e961f112d59f
xcheck-r5-heldout-b2.5-rho0,r5-heldout-b2.5-rho0,always_d00,a27fe19d59da34c3cfec0ee5b29be643e146f6d023832ff7ab60901eacd73627,f4198705aac0d03fbfbfdf7079d93797cb5f00bb8cec1bca4a99b7300d342bec
xcheck-r5-heldout-b2.5-rho0,r5-heldout-b2.5-rho0,always_d04,570876c152e4da5951213070438faca1b8609ed4c0f02c89e15ca32352cde07f,1cb7c7d1d36b70b208aef26c571619fc6d716210eba035d7e00cb04ac3c7a71d
xcheck-r5-heldout-b2.5-rho0,r5-heldout-b2.5-rho0,always_d06,8d3b666dfab3b6c46b513755d95b3bb9b06bcef6e6cdd8c6beac9f9bfd96b521,39a5a338ab1fcb3179cd68c5dd7aeb570c69b4bb1dac86b17ed3514d3e432cfc
xcheck-r5-heldout-b2.5-rho0,r5-heldout-b2.5-rho0,always_d08,47ac28c8c11b471ec998e712a2c418e39a6bbd527e5db412519467db06775c1d,0aa704c1724ebaf9c452bea93444b9f62535a5d3fe3dcad61200565c79c4a031
xcheck-r5-heldout-b2.5-rho0,r5-heldout-b2.5-rho0,always_d10,1e2b386cedc8f8cef9639a17348c1d69e6ccc4c824eec8a0ebaf7367462b02a0,264e502e007e237dd7b7cd338107201f9f48214f3861e8054f28661d0c8fa7b6
xcheck-r5-heldout-b2.5-rho0,r5-heldout-b2.5-rho0,always_d14,7c4efa0f317dfc228da7b6b10faa2ab05d034c4d1072fa519f1739815ecad783,9c0d9a74707a5a12a914f87a9c300167f827fbb25a0f1328fc6d0259a27e036f
xcheck-r5-heldout-b2.5-rho0,r5-heldout-b2.5-rho0,change_triggered,e4852d60dbb0c5a69537e496215d0f6cb978665521f66ebeeaf8eac050f5b13c,d0255aaaa369178ad689c239756d9ea5c7f6c9a541da561d04e14ed8c7eb5d6e
xcheck-r5-heldout-b2.5-rho0,r5-heldout-b2.5-rho0,contra_d00_p00,c9567f17c82be685114a2e3d593d2f5bccea6ee3bf10e3d7e81771b9b1129532,45033647e12f9c98e0d0aa58bbdee8d64f3653030c500ade1716d9924b726e75
xcheck-r5-heldout-b2.5-rho0,r5-heldout-b2.5-rho0,contra_d04_p00,7b31fba9dfb7e37892713049bf5a037a7766a89baea0be145316e5c3532e1811,06172f0cad337f9c2da8518caac0b0de3c566c999f4c2053af27a447686fd127
xcheck-r5-heldout-b2.5-rho0,r5-heldout-b2.5-rho0,contra_d06_p00,e9866f6e15aa8595846fa9073dca5c54ec25a774efbf8c46ba918a95a9bf132b,5f649d418031eade29d617a8b96f390da57d857096b8f86a1461577636164913
xcheck-r5-heldout-b2.5-rho0,r5-heldout-b2.5-rho0,contra_d08_p02,d61d2787da069d411d07791de58eba8cfa902ed5cf9c58afae729e22d98c25c3,66ef312bb20104d47587a6f8d86c953c05683d1d7fac1589a6304d2ceaa389de
xcheck-r5-heldout-b2.5-rho0,r5-heldout-b2.5-rho0,contra_d10_p00,c5b5e99ca3f304b4a8e718ee58133db54af533d91c7dd8db421853fef6393a48,c2653c8a156ab856718816ddfd6dec4f3ee48fd5d322abc664862b2f79e04f82
xcheck-r5-heldout-b2.5-rho0,r5-heldout-b2.5-rho0,contra_d14_p00,e3fb53c276ba68984117fa2a8a984c04de73226a58533795b7d62801dfd89cbd,68027e6d8f6677c843dc6289727a50169e1e61f217ecb0d92e447aad87699c37
xcheck-r5-heldout-b2.5-rho0,r5-heldout-b2.5-rho0,never_escalate,79c7c1ffba04996158f5b6685299d98bf31f3867992a8d27549f4d218591e569,823509afa90cdbc68b8fa9a573ce52008ca447777821450e8254511d3bcfc6f7
xcheck-r5-heldout-b2.5-rho0,r5-heldout-b2.5-rho0,oracle_decoy_privileged,fb3511934bfb65fad920f67ce11c1fc35a0e40337422675b2914889ec1ca13ec,65290c2bf2b7750395af0dcb773f8198b0bde3238508091c11bcd6cc1ff9d964
xcheck-r5-heldout-b2.5-rho0,r5-heldout-b2.5-rho0,oracle_escalation_privileged,1dca0057b820fff93cae6657ac61b4c2728f3de2f3ae848e0a04b731f4c4c34d,f50016f8b8d23cf842d230df8cadce772a985c3d3d4dcb18193765f8a926a15f
xcheck-r5-heldout-b2.5-rho0,r5-heldout-b2.5-rho0,oracle_selection_d14_privileged,532041c19b17f8e972a5768e4975ef69bd911fe041319cb4291e69ad410fde3e,08b15376b7b03805b2d0a7dd65bb7365ba18dde1c435b2911fc672f9643706bf
xcheck-r5-heldout-b2.5-rho0,r5-heldout-b2.5-rho0,periodic_t30,e71199fc2216b91d6610454e2cd0adff45da67ff3ff6ef87114b5c3de0125186,496c187b0a3b1094c2d8b22380663337dc3c3fc1602f268fb02e503dd5000450
xcheck-r5-heldout-b2.5-rho0,r5-heldout-b2.5-rho0,periodic_t45,aa6a3211621c9eaa7c0df9541cc69083fb149d4f2f8151e476b31430bbcba50c,02908b6f937d5db9cb65c20223d3835377ae5d49ca03814e54c961700180183d
xcheck-r5-heldout-b2.5-rho0,r5-heldout-b2.5-rho0,random_p003_d00,9290577d449ae862835d6267689032b10fa75344da5b8023f65019e1c45326a3,dfaecc00d5bd6b3f52944d83b332b9c46b1f95e390bf0b30ca90f7b7b8015952
xcheck-r5-heldout-b2.5-rho0,r5-heldout-b2.5-rho0,random_p003_d10,a1c24c2c584bdee8b438f50120b6d0197b68edb1a3db3ce310460ed0d8f7e3c6,5dc5df0bec6c2fd22696355e188a082f728065172905c9a3a243ad3114c7c33d
xcheck-r5-heldout-b2.5-rho0,r5-heldout-b2.5-rho0,random_p003_d14,f95cc1ec52a7c8b53787a0649e18f34b552c88af610d64abfe7ee45558864a7d,4c80b8160645352ee7d625b29d52f7b052252c43c89d6e882469323350dbc683
xcheck-r5-heldout-b2.5-rho0,r5-heldout-b2.5-rho0,random_p006_d14,69db475b8d88d6444460dbfed3e6ed1cb8fc370b9649c479fc709c2c6aaaf546,45b8c6eeb80b000899066a3846ea84d4fa6bdf039490929f1c04a913a7ffa15d
xcheck-r5-heldout-b2.5-rho0,r5-heldout-b2.5-rho0,random_p012_d14,7ca72d3be51eb6d2c574199db690c856002657bb06f34e085cc935d0fa1c767e,683e62888c3498586b17d3d158d7757100eeb2bbaa78ca1cd91b685bb438beec
xcheck-r5-heldout-b2.5-rho0,r5-heldout-b2.5-rho0,random_p025_d10,1c4842ec4a760c9167ed64b80321b0a51818dff03f3978a7a322125db18252ba,849a367d682a8040236f25a2a8751a773a826f6cd6e2a3c435d0a0c89165891a
xcheck-r5-heldout-b2.5-rho0,r5-heldout-b2.5-rho0,random_p025_d14,8fea3e224a7a50346f8f72e25b561ff1dadc51d30e0873fd37722bf4b81a07fc,3b34758aab24f1f1278c93edc1e4d6301d5fa536effca6d5e291dc9ee2dc7453
xcheck-r5-heldout-b2.5-rho0,r5-heldout-b2.5-rho0,random_p050_d10,c46f23c072f3e1f389d1044a4edd0bcd18b0daca32226916817e3b7648fa8662,ebe19fd91fc3b7eb63840d9d51c5879ce37e46545df7835212af8be08bb58f74
xcheck-r5-heldout-b2.5-rho0,r5-heldout-b2.5-rho0,random_p050_d14,b75e1a4bfdb0b99e12168b08e2d230b4f1fea20917541503db2f7cfe608e6d83,e324678119023a9f0c4e6cb418442d228c01c5aaecad0d37dcee78450020f362
xcheck-r5-heldout-b2.5-rho0,r5-heldout-b2.5-rho0,random_p080_d14,71bfecde930fd5fb0c511643f3c87cacdcec283bbec5d142e0de97b71de7c862,1a239705ad04374db92460163334ffa6ef9f0d80e7e7042fb4548f4d1658809c
xcheck-r5-heldout-b2.5-rho0,r5-heldout-b2.5-rho0,thr_tau20_w02,94b79ba9aacea0a7f087106b0a5428fd3d98daa152da1bd7c33d97a4e46f7f91,d32e4d1f6a1c9ac8abc1ce2f337fe8361bf43b79e9305fadee58af1377285ee6
xcheck-r5-heldout-b2.5-rho0,r5-heldout-b2.5-rho0,thr_tau20_w06,d90effac97ef9bee86fde6818427422d84c52ace1ce726e9d0732eef85dc39b6,6bed1602c9da60334944b4ecbd8b3540b2b09919e9385f5910108a3f245178ed
xcheck-r5-heldout-b2.5-rho0,r5-heldout-b2.5-rho0,thr_tau20_w12,24d679a237385fab57694d3f7aa2c1a6a0d5c095e70ffe621ca77336c5ae2f51,97019889e994fdcf898989e724050fc7ed2c889082a4d5a31982d19006e11043
xcheck-r5-heldout-b2.5-rho0,r5-heldout-b2.5-rho0,thr_tau20_w20,24098546808f4f4cd0a817578aebfd0ddb3c0dd77be343e8538136bc470a5f4b,5f5b8e090740cee9928339836c89ac8a65e9d9a1c8dac9abe40c3cd9e8feb861
xcheck-r5-heldout-b2.5-rho0,r5-heldout-b2.5-rho0,thr_tau20_w40,6f148c3208061275e4ddbfac27c28320786032db4735ec7368b8471964356c04,c57661e5c615e0885e859875f5e4e44b32a2ce05d8dbcc5738e833dd7f177f77
xcheck-r5-heldout-b2.5-rho0,r5-heldout-b2.5-rho0,thr_tau4_w40,e8be11f14e820b03eff5400f248d1d63c930da85786100ca86bc3375c7762462,7b58d712d3f9ee172812fee4293a71281c4bbefe0b878e47afb54791a2de34bd
xcheck-r5-heldout-b2.5-rho0,r5-heldout-b2.5-rho0,thr_tau6_w06,d1daf3ac92147fbacb7ecfe18ad06beb8dcea8e516c0bee7ffa01f8862494fdf,c6df5049e2b90f88be0e41fa884957a9dd2c737798ab865251bf0c631819d16a
xcheck-r5-heldout-b2.5-rho0,r5-heldout-b2.5-rho0,thr_tau6_w12,80614720c0c7f6754379130096c0274d87ff4eb798c7cec84bb683c60b260846,0e60f620c40e7098404032b8c375419cc288d49e2d964cd5f8f1fcb4f0e33b66
xcheck-r5-heldout-b2.5-rho0,r5-heldout-b2.5-rho0,thr_tau6_w20,923eff3c3094b97588f5c36764ccd79381b5e04d64402a476274ebfa74c50fff,c334045164394ee681bb9de5745e913a6bb459625d2bd49e8f262f55e7e932fc
xcheck-r5-heldout-b2.5-rho0,r5-heldout-b2.5-rho0,thr_tau6_w40,c932c18a1f4f5c6778ed891f532591ae258b694886d35bf1ffe8530372cfbd03,272d54832df46ee40908ef32f92692eff3760591296c99fe26756267a5483377
xcheck-r5-heldout-b2.5-rho0,r5-heldout-b2.5-rho0,thr_tau8_w12,19486b54fcb6ce135e126bd6b9e5bf9da6e2e314c891747e59c2ac909054e383,34a6504de41665f4798da213d1f6e5ab70561c924328d75d09bb045732296f41
xcheck-r5-heldout-b2.5-rho0.7,r5-heldout-b2.5-rho0.7,ablation_hidden_rules,928a6fb1ae9f329024b448e54592de18a9c6d4843273e91980f81c010b32a8b5,8b8b40e4c1616f84f595e693d397b5dc6428dec35ca076d43196d43a9547bbae
xcheck-r5-heldout-b2.5-rho0.7,r5-heldout-b2.5-rho0.7,always_d00,212c044cd60ccd7b64e0ad4b2b17d59a41defecf80c423020b14dd61ba5f4567,f40a6f028447c025e26664ffb286efb213528fc5550f0fb7e759794dc1e5287d
xcheck-r5-heldout-b2.5-rho0.7,r5-heldout-b2.5-rho0.7,always_d02,6c4251a85a21f47fdb2a9ce745435b3189a3be46aa60b32ac99ce2e1e3dce34d,ca0bc9baa99ed16b02e8a889817406795b3e6e497805d9d4d69388fd89ee19aa
xcheck-r5-heldout-b2.5-rho0.7,r5-heldout-b2.5-rho0.7,always_d04,dcc39bc5ed26cf83420ed6da6ff4f3c8561c81ab12f050b344a124a5a572891c,1316eedc6d8ff74bb95004f0abcc0de7c24a7f07d2b3af5aff2e60c3f307719e
xcheck-r5-heldout-b2.5-rho0.7,r5-heldout-b2.5-rho0.7,always_d06,8131243c2c8dc01c8d0d1a22625cdb82cd2e6e436c35139edde54898ba819c28,9215749b2ceceb17f84594225fcdc40e9c977dcfc56ee6365b7afc5c71fd4db0
xcheck-r5-heldout-b2.5-rho0.7,r5-heldout-b2.5-rho0.7,always_d08,45d3264d9808d01773e7eee97a677a8ce92db0bb6d3f00702757bf0822c7c300,49522854a0f5697c49ba2ed910f91cff72111ad001907aa426678833b5276b5d
xcheck-r5-heldout-b2.5-rho0.7,r5-heldout-b2.5-rho0.7,always_d10,f8a0a1336d4b40bdab632296fbde2b5ce1ff663f1f01ed567274d2d21f6bb66b,53c42b23e6b36eb74405c1319931bea783fea06ea229eb53cc644eebbbd055cf
xcheck-r5-heldout-b2.5-rho0.7,r5-heldout-b2.5-rho0.7,always_d12,6805a1e6de1cf4384b69b43911ecddda0fad73e68c299ecaa77e255f96031e33,2056e97ea24b8b739c41edb640944b04b652854da6d0b2d8d4cc527fa8fb111d
xcheck-r5-heldout-b2.5-rho0.7,r5-heldout-b2.5-rho0.7,always_d14,1e51df5c6ce602a1c07e8e8655c0e9610d0816834b718555996384d2c13c00aa,ae04cb4c1bae3c1d354ce36acf970a74eff90f50d76a00e5132851aaea5c80ad
xcheck-r5-heldout-b2.5-rho0.7,r5-heldout-b2.5-rho0.7,always_d16,2c2a45dbc00c0532f8a333071b8ccd9fdff5e71574e4d586fff4735aef2aa612,f077a0d5679f87c466a7d79c192e507971d8536f5a3f2caf08f4fbbaa93c16d0
xcheck-r5-heldout-b2.5-rho0.7,r5-heldout-b2.5-rho0.7,change_triggered,e48525a3355e63dd2dc3ad04d55d8defb4b5841a28b13bd8a070488ca0afef07,bb0b9aaa4da88abbd14337baecc3548ac873d997034f3896abc3e3d9830a983a
xcheck-r5-heldout-b2.5-rho0.7,r5-heldout-b2.5-rho0.7,contra_d00_p00,2332bbcfd3529e73e09668ac6790b116a91466ca9d3f3f46eadd38752de3a517,5c57d2fea1e765bb627bd9c587e815b794d28ffdb3351def77d6e828e4c807f5
xcheck-r5-heldout-b2.5-rho0.7,r5-heldout-b2.5-rho0.7,contra_d00_p01,dad46d69fe12b0cd8c532e92b59e6461b1b1732a9ba09d002e6d620411a109cf,213e499e14c83d61b779b75dc9ae12dc5030f281ff3965d721c816a596d93a7f
xcheck-r5-heldout-b2.5-rho0.7,r5-heldout-b2.5-rho0.7,contra_d04_p01,318c5d3863a947ae1fa11d2fa496a1bf039bc7dbfa4ff78d326d8799fab38d65,f9de18366e6178507dc20afc86d848ec8cbf176da8a9cb6c0596acb9c3a5ff0b
xcheck-r5-heldout-b2.5-rho0.7,r5-heldout-b2.5-rho0.7,contra_d04_p02,061921e034b73fe9899c7425a87c3501bd5c0fae9f00ed81d5ff8d6e157dce36,ce731b2c16369b11bcff2eaa773233e09a10f2d8dbc03dde240c59c63fe66b69
xcheck-r5-heldout-b2.5-rho0.7,r5-heldout-b2.5-rho0.7,contra_d08_p00,1ec6c8c8a6cb6f267401ef0068e09020c8988e2c4fb15b027aca4b0540a23782,8070a9a5e1c654d3942e6fe9976346df4b63a1c7a1f7bf0ff06485c69b791a41
xcheck-r5-heldout-b2.5-rho0.7,r5-heldout-b2.5-rho0.7,contra_d08_p01,5ddc414a64d49dbadb8deec186b2c89f38e2624f945e42a00c8173747011f1bc,2d22a421cdae3c407bd8c0fc75a039de0ead26b7951c8e042069abeab6fa85eb
xcheck-r5-heldout-b2.5-rho0.7,r5-heldout-b2.5-rho0.7,contra_d08_p02,00cafdfc9a4716df935f1772bcbf69fa4b83597170e96077133b684b910e12d8,2bc3e8c4dce13ae2aec82989ea788704df709811712c914c12a5ec03be226baa
xcheck-r5-heldout-b2.5-rho0.7,r5-heldout-b2.5-rho0.7,contra_d10_p00,2de14fe52a267fe11ee72a712b48d48c33fd41a5bbbe09ce2f5e472bd2830c40,8c827b55dc2f977c040ed8c896ecbfb1b0af10fbcfb7f9387d825448ab98324d
xcheck-r5-heldout-b2.5-rho0.7,r5-heldout-b2.5-rho0.7,contra_d10_p02,9e028155b803d5f3ed6626be0ee897f6d71dc8f57ae495566fa3f50625213be4,571fbf811ceedb9ce097f880b95ecebaf4d21b2b6e930f23f42cb73e6de0d02a
xcheck-r5-heldout-b2.5-rho0.7,r5-heldout-b2.5-rho0.7,contra_d12_p00,ad24bcb7ff3748bf94850ffca9d61032ea7aefd2f94b77a5b3db069c93bbbbc8,7fe92d9d821068e4c990b3af7a00b97c42b67ecc8bba380dad304304fbb3c59f
xcheck-r5-heldout-b2.5-rho0.7,r5-heldout-b2.5-rho0.7,contra_d12_p02,ad625084abdc0e6cf301d7bf2b138ed26443e5d39c140ac62e1dba611672eccd,a9e4e0d7855f1c21e1a92ff851f9887f6d7ef54dddf30f4dce52ec07f1dd096b
xcheck-r5-heldout-b2.5-rho0.7,r5-heldout-b2.5-rho0.7,contra_d14_p00,07c8ad7c2f37fd012ba436afa770f4b6b75019291a274d72a319122ce6af5f4a,eca1ee8b60e8dbc7ab0341e90168107ae74426f0489a58b3efd2c31489b9d780
xcheck-r5-heldout-b2.5-rho0.7,r5-heldout-b2.5-rho0.7,contra_d14_p01,ae266db5c135030354e6da00008e76824990a9863aa66f9510130eeed8791a34,62ef8318c6880a86a2f6c59e486f73f40cff60e69522fddbd550c6e039bbadd8
xcheck-r5-heldout-b2.5-rho0.7,r5-heldout-b2.5-rho0.7,contra_d16_p00,12552c421f21d6fdafc632b885f499e2da9ebfa42bba489f4add157dffc764c7,15e66253f086a33c1e22367a48065c13fb3d38a4826b666e4d7f86303c688c82
xcheck-r5-heldout-b2.5-rho0.7,r5-heldout-b2.5-rho0.7,never_escalate,b6c564d85c84a75127f3b01f50253bb01fb4ead90e8faf5e326b2f55bb4fa162,b3a91015074c3e61699d62a7ad29d6454d05b9616178ab474ab2a977faebec88
xcheck-r5-heldout-b2.5-rho0.7,r5-heldout-b2.5-rho0.7,oracle_decoy_privileged,81db61c7c1957cdb3ea678b99cfc9d5e22132099668ca054c293139867582b78,258535ccde913454a4076dc6db7ae929eb117811fb5f4a20ce83f21b5cc9aed7
xcheck-r5-heldout-b2.5-rho0.7,r5-heldout-b2.5-rho0.7,oracle_escalation_privileged,a2378ca0b19274f41fafce69306147267481d598fd1bd0b7ba6684b8ffc3b281,fb394acd923acc807b00912f64415df7f9b2ffea0e98a45efff1695bfa60a3a5
xcheck-r5-heldout-b2.5-rho0.7,r5-heldout-b2.5-rho0.7,oracle_selection_d16_privileged,11d082002abe71670ab83708ab0b13ce5ff21c80b5d4e27af0bb4be3d158da1d,60b1edc6fb57db55a1c31904d524033abf91da63d9c584041ddc5d07d48893ac
xcheck-r5-heldout-b2.5-rho0.7,r5-heldout-b2.5-rho0.7,periodic_t30,e0d5ae74bba805e2abc22b67fcc3d33a8d41fdd9dd1d865d3f3ba63f4301ae3a,efe3c91ede254d58480959cfda495885d59051ee0e0cba8aa3062f95e5cc923b
xcheck-r5-heldout-b2.5-rho0.7,r5-heldout-b2.5-rho0.7,periodic_t45,491a3b220a513c9ca8969045760004519e350e2e3e47e27b5686bea2325f9995,484455b792bfbb2b0d4dd323dc232c3355b321b1bfad9973cff44b610d70f5da
xcheck-r5-heldout-b2.5-rho0.7,r5-heldout-b2.5-rho0.7,random_p003_d00,d9d82cd5af5d18ff4c6204d40f79d1e80ea36cf3feb360fa615f099691770bdb,ac89e1fad0fb644ca5c141beb13d02f8d166c57a87f4ec6c566bb030c1f553fe
xcheck-r5-heldout-b2.5-rho0.7,r5-heldout-b2.5-rho0.7,random_p003_d14,af7f0c016779669fe6fc551739102d28a374615bdb3d408f40260042dfd16dde,c2c9ed1fe4a5fc19f7fc79934156bb9c31405ebb796397d290f9bf90bfc6f614
xcheck-r5-heldout-b2.5-rho0.7,r5-heldout-b2.5-rho0.7,random_p006_d10,91058f358afff78714f2a9c63e33e46d7b3666a0a573468c426c4f19c12cff07,3c2587660f5e13a36d8d6141e5fedbc67a92594d4eb011691602df312309d217
xcheck-r5-heldout-b2.5-rho0.7,r5-heldout-b2.5-rho0.7,random_p006_d14,444c04a14201ad7baeb4bf82635329e132671abc58e093991b507a5ea5e93f75,7e8ffa587ce31537e70ee10143963c8a6a1099e0e31683ac79caf605d86499ad
xcheck-r5-heldout-b2.5-rho0.7,r5-heldout-b2.5-rho0.7,random_p012_d14,36cc57834b62ef14915bf65f1b5eebe3c4ca0978f30aa62534dbd372c3a4a18d,e00fc6031c022fcccbf19f43ff1d3b25fd518504f58ef25c0bb6f0b07b2b7499
xcheck-r5-heldout-b2.5-rho0.7,r5-heldout-b2.5-rho0.7,random_p025_d10,1c45567124701c96a07c63e141207da7d30957e19dc726584f049c5c6fa0aa32,3a608de4dc52dea6431d96a7f70ff7e98d28f31d2babe3c7518f786cfaa93c17
xcheck-r5-heldout-b2.5-rho0.7,r5-heldout-b2.5-rho0.7,random_p025_d14,20b28d01baeeb5ce6b244e67ffbcb3925ae222ed391906fd51c0e9815430a648,a3b83a831128e9159f28a301129ec8609f58da0618ca2e9c77c00467d2f67281
xcheck-r5-heldout-b2.5-rho0.7,r5-heldout-b2.5-rho0.7,random_p050_d10,98e8e381d75fe8ccb64cba43c190b9604dfdd65d553fcd77db0d047710e5731a,01b200295843273301196f4d99affdf8f03ec7d316bad3f963fba0a5caa66315
xcheck-r5-heldout-b2.5-rho0.7,r5-heldout-b2.5-rho0.7,random_p050_d14,06fac901a6a498e700f5bbd8c33638bb8dc41fb9f2366c25054609a9650b84e6,3a0573107ccdde26e6e08048dc1913dcdaa5bc882e42312a8402f3649636651a
xcheck-r5-heldout-b2.5-rho0.7,r5-heldout-b2.5-rho0.7,random_p050_d18,2bd030636c48b137a425d2abcfed8a50d4ea70dfd2196e34aecc6c0cc077d65d,2acf8e7d00043b4ae023bbb95ae7f6c62faba7b9dafba4916235270d94e31dfb
xcheck-r5-heldout-b2.5-rho0.7,r5-heldout-b2.5-rho0.7,random_p080_d10,d6aa883b74506c443472ac8b5cd5a891ff0949f6386bd56d53709000d4bb6236,5ad4a9b6fb792002ecdf0ed74e59c979714d731fed8de82194952fa9e6254161
xcheck-r5-heldout-b2.5-rho0.7,r5-heldout-b2.5-rho0.7,random_p080_d14,da39bf376e3a36456c4359f1851c97829474dd66d5adb0de23bf0002564db675,62e1ce8a3bd29a51effb63550ea65718c03365c6708c428a285c2c50c1c2dbf0
xcheck-r5-heldout-b2.5-rho0.7,r5-heldout-b2.5-rho0.7,thr_tau20_w02,df751a1e87e4f1f8e25c2d88becebbda395cc07aa49f5cd61f45dc6f2537a280,64ff17e0b7b625d2d5107ab8832aa93b6f550f109d0947baea23b99b9be275bf
xcheck-r5-heldout-b2.5-rho0.7,r5-heldout-b2.5-rho0.7,thr_tau20_w06,0210c06905503ff7e6c1163d5fef1066d04a068c5feb2e4c5ee715437a002ebe,a9562ff3cdf3905e230424b92dfdb57cce50187f6088ca7aff44fe1c0b3c43d4
xcheck-r5-heldout-b2.5-rho0.7,r5-heldout-b2.5-rho0.7,thr_tau20_w12,55775829f7e39a3dee40d3825463394832e580f2085a6c94db7b75a4fd1f5ca4,4e330b99b1afa724a764fbeffe983aeba07232e1c5a2c54861f56f2124a7e296
xcheck-r5-heldout-b2.5-rho0.7,r5-heldout-b2.5-rho0.7,thr_tau20_w20,09d4de481c2f05fb83ceff64e5c318c8cc2cb406b3b49befd07ee3d36cdcd90c,2b5edc707ceafc89ab818b5052209d022de7381f70697c91c269ade219f88d13
xcheck-r5-heldout-b2.5-rho0.7,r5-heldout-b2.5-rho0.7,thr_tau20_w40,5b1fb8e63666967df7cfd787cf678866d15d5d0d30951392deae7102a7588775,86122e2e47583339632844872884850fbd7e004e921dd9fa2d072fb250290492
xcheck-r5-heldout-b2.5-rho0.7,r5-heldout-b2.5-rho0.7,thr_tau4_w40,0dc01d5c85ecaef97ad94862d6f7706d4afb48b9dfbd1f704a4a50129462a947,78fc8095bae9b51efd02503c2529038a2733a9d07c3b0043c604913e9fd40b18
xcheck-r5-heldout-b2.5-rho0.7,r5-heldout-b2.5-rho0.7,thr_tau5_w20,0006168bc45d20b0f15b40f1b082a4bc8c9e8e5f56d488edd3371f613476f0d5,e7e8365411ed7aecb764be335c54bcdbb29d524e79ae692bb2d25e31ba3df174
xcheck-r5-heldout-b2.5-rho0.7,r5-heldout-b2.5-rho0.7,thr_tau5_w40,06fd1b3a61da1d4365ce60cdfd7913886d9f44034f8eea24b287da787dfb3c58,57daef9c5b51fe6e4030eb11e6875ae8a059d24b883a014c3462582937714553
xcheck-r5-heldout-b2.5-rho0.7,r5-heldout-b2.5-rho0.7,thr_tau6_w06,28b4898e1b3b0d86364b9c29b3c7bbaf55b6077f9bee18213998fa6c49d151be,93c9719ccf5263c26005b860635496aeb1bd7752c090f13e7488051247e8293d
xcheck-r5-heldout-b2.5-rho0.7,r5-heldout-b2.5-rho0.7,thr_tau6_w20,4cee340fb8a8786d009be17dc2a93bb01f62c621580f741b46288faabe0b3bf7,03d1645965239dd373f5611144cd61da1ea00b167901f7b820e7493fb31a714d
xcheck-r5-heldout-b2.5-rho0.7,r5-heldout-b2.5-rho0.7,thr_tau6_w40,9da2685d3262df929561ecfb63f3b78a0f118a49a9710c430e15833141ab101d,946aa41d0f70aab52db56dccbe85026fc67c90f6194bcf0c1c1ddee0d633208e
xcheck-r5-heldout-b5-rho0,r5-heldout-b5-rho0,ablation_hidden_rules,c0aad31fd76528ce5261936a2f6bc5a8d3b8a3b16b11fee8c0cfea911e2609e7,fd1a914f72ba25425a4d15c5ec398f6de35ff1cebb941792932081b1b575a18e
xcheck-r5-heldout-b5-rho0,r5-heldout-b5-rho0,always_d00,7631edacd19b1ff84f8549df0cb0201be087e5cf7ebfd814aafd56da79385b32,daddcd230b3fae805dfca44b30463a5780c2c2e771dfe0e96f14643e4359dc15
xcheck-r5-heldout-b5-rho0,r5-heldout-b5-rho0,always_d02,a3d02b3c893c448641bcf08a8d3b4eb69d64eab191dbdb52ea5faf4c2ea926de,2f1d74622097e683559e9f3b96af6eda8a98653530a05153a3094399b0425a22
xcheck-r5-heldout-b5-rho0,r5-heldout-b5-rho0,always_d04,dac4ceca17eddc41eb81c151da870edeccd0fcc429877b35f27ccde52ae6569f,f30c91b81da6eb8681ea44c5b04a8f2d4267d5609e3d125161d00cdb1cad132a
xcheck-r5-heldout-b5-rho0,r5-heldout-b5-rho0,always_d06,c5296bc723954f49c11d9915ee9ad1a3d9899dcfadf10208b2ba33fcd75477b8,2e294a93689312ce7e53d17185589b4efd1e20c41e22333a2e047371b927c38a
xcheck-r5-heldout-b5-rho0,r5-heldout-b5-rho0,always_d08,acc89ae95158adc4aa2e7750497e17a856b7ed3fafa4e71f6fe6490cb56cffdd,1250333df09bdf17d22ee4fa50a913d71279dab47044393d9e834afe204ea116
xcheck-r5-heldout-b5-rho0,r5-heldout-b5-rho0,always_d10,209d1b01a50d57ae5401189f1acf065b00e7b367bdb0a96d487788993a73971c,d0501a585deea1f8765241bfd41550fb371f39bec54935d953b8727c7c7a5d9e
xcheck-r5-heldout-b5-rho0,r5-heldout-b5-rho0,always_d12,e8f16c84a821437e678dacbc1a5f8fcbb610344d995c74b53d9ccec8e281b5ee,49f7e801b651a6a2ad1f25ef911341ec32c44eddb4a24ac58b28d47670fdab48
xcheck-r5-heldout-b5-rho0,r5-heldout-b5-rho0,always_d14,a2b4fc78b81673e92b48d8c5f0e5fa05b74171fadad22098ae5d2446de06d75c,34cd87357740e72e6970f764fd98dcb07cee24f4925b9b298908a4bfaade4208
xcheck-r5-heldout-b5-rho0,r5-heldout-b5-rho0,always_d16,eb401eb99bc973262ccbaaa5c4d44e23fafbb3b1b229ec6d855e6d5dcc8c61b8,78bbc36040f7b6f0a9533b1687638c2a767c96d22e656477e2428d25ab0423f6
xcheck-r5-heldout-b5-rho0,r5-heldout-b5-rho0,change_triggered,1679b17261e7ff1bbafd8140739b9687bbd80c797d8afff7e83e939c5ea8aa8b,e132107a4c03751e44cd9a4ad5a8d14f807cd6d6543c46c129fd83a9da6fcffb
xcheck-r5-heldout-b5-rho0,r5-heldout-b5-rho0,contra_d00_p00,7ed9892692ec22f71afbed356aad960bc831dd8867ecdfc30d363e57dd13fa3c,8799399585706590cce56542968089fe56747a2ba694a13c0849c98f95888517
xcheck-r5-heldout-b5-rho0,r5-heldout-b5-rho0,contra_d00_p02,6abf8abf9395391a2febce18d0b9216ba5c1ecc3c964fc75cbc237d526f273b3,a7dcd83807aca6b5cb8e4a6f208fe4223c9bc6bf343a457203b531d40ffdaea1
xcheck-r5-heldout-b5-rho0,r5-heldout-b5-rho0,contra_d02_p00,301c4f290673b07acdf3b0be274464df04f8c6f0fadfef591dd4963eb8a2ecb4,c34b2b0acb7a58617ac5d056877493333518d86c52125c2f82c006ca955b0e62
xcheck-r5-heldout-b5-rho0,r5-heldout-b5-rho0,contra_d02_p02,d0f3acf2860abd38e0bbaaa454cc54012f1750a1be143db8cf0bfabfb01bbdb7,14748f2dfe67c8e80455edb63addb9ef389afbdd720d731d89e5cc65f99cdc01
xcheck-r5-heldout-b5-rho0,r5-heldout-b5-rho0,contra_d04_p00,90c282d6812d8b5b189c44905fccc148994251b924506e857cfce2a514f374e2,d99c26e66b5d710ad0d25ea160db0e9cd3e878274a17b29719e95026632a2531
xcheck-r5-heldout-b5-rho0,r5-heldout-b5-rho0,contra_d04_p02,abd8d8a59ea2f09e68e0458c123c1ba29e4269bc66cd0941d0c803bc3697eb7c,3eb5c2068012d52a1c489442936febc032191ceaf3d2ed7b734b4dac037bf7b9
xcheck-r5-heldout-b5-rho0,r5-heldout-b5-rho0,contra_d06_p00,731616f324d8f664115693c680a83554fc24bb09bb93a7a4dd6881609dc4ebf0,d320512664a32513910cbf1ebb762eb0564fa62abe65ea4c24647f67a9f998ce
xcheck-r5-heldout-b5-rho0,r5-heldout-b5-rho0,contra_d08_p00,c1c1db7c87f6580262c2bfc0de785d0cd3da988d2518a29b96fbf3f91c2a6486,5f197ef949e0d6d0eb8c874ede9d94d3921490ab237acaa03ee2ce2576f9fa2b
xcheck-r5-heldout-b5-rho0,r5-heldout-b5-rho0,contra_d08_p02,50948595acf9e15ab599ddca50c0a6d75bc5d62a5d499d90117a9921175a500c,24a509783d459aa67b3a479ff5eaa704111995465ffa462f2e88a20543d76508
xcheck-r5-heldout-b5-rho0,r5-heldout-b5-rho0,contra_d10_p00,02d067c2deb49182a98a37425d3181d6823312a103df6a6f6cca16cdf3cf6ca9,9d5e2998b9708a69db6510ecb4f987df285547f2522cd0bc1441dcba873501db
xcheck-r5-heldout-b5-rho0,r5-heldout-b5-rho0,contra_d12_p00,5df40c254f43811edb46667e298b0b682cbd47c054266b6ead491b3de05fc595,6b3a132cd5f215d1d345dcd13a57053a9cd497aa99ac2ab1846e1d115c907daf
xcheck-r5-heldout-b5-rho0,r5-heldout-b5-rho0,contra_d14_p00,0b7f162f7e3149ecc6f5206f96657d62f4226509ccdd5ab3fea6e99e266825fc,d713b8d66a2f67b782f921220470c83d507c3fac66e46c82af5fa2e433c78545
xcheck-r5-heldout-b5-rho0,r5-heldout-b5-rho0,never_escalate,ff839b46017bddcd33e21afea806732ed1b65fc436bc306f0328488518a04d4d,baa8d73fa2f1749c22a0b208457f8841edf806739c4b3560deddbc9d31921311
xcheck-r5-heldout-b5-rho0,r5-heldout-b5-rho0,oracle_decoy_privileged,8ffaa2c6e4f1aecbf9b43e502a16b1d443438089e899f8d49d334d1c08f9f035,eba7a0d07e6593e6b3e8f509da030ae2c2587b04ec66bf4a6b10af1c78987b3d
xcheck-r5-heldout-b5-rho0,r5-heldout-b5-rho0,oracle_escalation_privileged,037321e81283e15a5c8fc147753616b0a89926a191439062dc3334b5abffaa53,1afa62a2d4d819331cf5a93c42b7c701556e5ddbe5645b23aff919d45a313340
xcheck-r5-heldout-b5-rho0,r5-heldout-b5-rho0,oracle_selection_d16_privileged,9af965b55f65a7a3b58e2557285393ab4dcbda216d60fcccdc52cacafe294802,bff11f978aab91db5d7e59968e8c5927b59ef7d4d04bad3b1a481aceb7752032
xcheck-r5-heldout-b5-rho0,r5-heldout-b5-rho0,periodic_t30,2d53e9d343a194bd7e8328ce63d7e6c8d4d70649365036dda87c9db36b201a39,14fb5e5c17149a86ef497175056c4df6f756e3271d018ac912522f0a0c70a5e8
xcheck-r5-heldout-b5-rho0,r5-heldout-b5-rho0,periodic_t45,76d55330f14822c7dc5d04c18470309bd4ecaf64a60ce275d74fa5bdacf40f1c,ac8d5831f1924b9221c7dba79af346c3afe8089dc6c650585ff7ccb8ddbe70ae
xcheck-r5-heldout-b5-rho0,r5-heldout-b5-rho0,random_p003_d00,293c0022ebfec336f3703d9e862128935e82d99914d9e91fe5ef7e553f80a32e,7f9d4da7246cf3e95e6ab6d2b5061f0b8811795f8137e55b85cc93b271f59247
xcheck-r5-heldout-b5-rho0,r5-heldout-b5-rho0,random_p003_d10,fc6c41c92302e6cabf035a0aa27d7430ed465f342a8e4265cc661d67e0639cc7,a93a8f69dfd5976be5516c9f4c2816053e8073b4be1b0f9c607d35ae53b7ad3d
xcheck-r5-heldout-b5-rho0,r5-heldout-b5-rho0,random_p003_d14,03a74c4e04fa1d155bb0e4bbb087580253231974e208ecfb03d3eb997e8d3962,cff4841253dca8c4757a2f57b9c48357ac543d7e8370ba5971ea6a03d6ee9a42
xcheck-r5-heldout-b5-rho0,r5-heldout-b5-rho0,random_p003_d18,51dcc2f69ba22100a86dc91fdbb3c0d6a4dccd9e7bbd9621761a371da81d5ddc,206cf8a3a049d679c91ab69d0d655ec7224b015dcde65b5beada465b2ad9f8db
xcheck-r5-heldout-b5-rho0,r5-heldout-b5-rho0,random_p006_d10,ba742a7a87cdc56779fa7527d5feced24672ca5a7668e738e014b98eaded50a9,ec0b3040e81319ce7725ef75834dbfb3eab4c0f07e9a803250a160f854e6fef7
xcheck-r5-heldout-b5-rho0,r5-heldout-b5-rho0,random_p006_d14,026b85c8ac7920b513d6dee7daf1fe3b8043e1afca545763c20b51dfac403c69,ebcc770efb6c1316b487e74e4aa71f93bfb6e7d6406c640bc3ccaae791c95763
xcheck-r5-heldout-b5-rho0,r5-heldout-b5-rho0,random_p006_d18,4c56aa58d6670b9464d04f9cbba1729633f6e1aa1dfe6fd51dff1c4696fb332e,7ff31be3b379c3e5936f5fc703b8e6029f336bc6b010d4a2efc0b1fa7a1a44b7
xcheck-r5-heldout-b5-rho0,r5-heldout-b5-rho0,random_p012_d14,11c7cef4e707749fdf23774ecb639b3dcb30dd04afba9d36e64e2c098f7d64bf,5578018922b4cf81f0748416db0d3c95abd852942f6eebdb90094e9a5266d2e4
xcheck-r5-heldout-b5-rho0,r5-heldout-b5-rho0,random_p025_d10,485252243df4f5e044b7a29039f2c5acdb3e7310ac9123740b30fc20cc7a26da,e851f047aa064e31de95aff8957a5f81952fe3ef50846dc9dcc1c606f3cc48e3
xcheck-r5-heldout-b5-rho0,r5-heldout-b5-rho0,random_p025_d14,7c3e39e663e637af9866faa989b201e67c706410331c5e32f4e224906eb2c256,6facfe9cd1fa503e1d033e81b1940c528540fdb10500d600ee729fa29b4699ea
xcheck-r5-heldout-b5-rho0,r5-heldout-b5-rho0,random_p050_d10,8d6ded3254d6f9ac6a62011143d5cb1dc50a4f38381f5a5154bf34fbf04758e6,39fa46c4137dc6d477fba22a4608580f0aa5347c4ee9eada6bc79034f1e15c78
xcheck-r5-heldout-b5-rho0,r5-heldout-b5-rho0,random_p050_d14,a460ff8d399045f84adcf56d88cfa95fae330757776295c874408109b021c621,80b44b35c3d2815f6744c7e96cee7605610c64496f55ac2f665dcf04b98c48c3
xcheck-r5-heldout-b5-rho0,r5-heldout-b5-rho0,random_p080_d14,f186e9c4f7429786d43e381d50664196697501b27a3189dc05c9196befdf6b87,91df026a1a14a95ee3722301fb3a53939f3b50fcc7ea56d6aea64649154228cb
xcheck-r5-heldout-b5-rho0,r5-heldout-b5-rho0,thr_tau20_w02,aef3a228630567f50a66e95cf078611018ebf0dcaa02a4e9944dea5963a4e33b,e54252f2aed3edaac19f4f296dfca5d2cb361cda8397d60dd6874ef41a470982
xcheck-r5-heldout-b5-rho0,r5-heldout-b5-rho0,thr_tau20_w06,b96a81be9be8c50a1e31ffaa49d0ba0b3280b8d8608f4e8e00a959b8084a5a4d,a61f74ef62ece88f1c4ab193f7881813d3637ba338aa97c2d53112a7ea8209b7
xcheck-r5-heldout-b5-rho0,r5-heldout-b5-rho0,thr_tau20_w12,a4268ce1d94a648ffcb302f78cc3ec3be9e12604d6d3507466b57fb736c4de94,9c833171c0eb40d1e66fdf44c633a2db3c9302192f2c57900b93d640ca831f15
xcheck-r5-heldout-b5-rho0,r5-heldout-b5-rho0,thr_tau20_w20,4ec7f42c9ec7b67950a9d3db3c33674302aadc6f7f49e0dbcc5e8da4a5e96a62,41ef33cfe8a6002b5f72de6c09c4c1b6d5c8c13bbf408afb321495b43ef5dd63
xcheck-r5-heldout-b5-rho0,r5-heldout-b5-rho0,thr_tau20_w40,8a9128f2e515857a6291a20c3eece565e5df373b3eddd00dd9802336e1595445,994ffc668d6f202c9c1b0b6844a5831aceb182e209e8246073352bb0945e8512
xcheck-r5-heldout-b5-rho0,r5-heldout-b5-rho0,thr_tau4_w20,8bd0bec01c060461f48392a87d9899cee689f2bfe8198c32dfadc3bd5950eabf,503285d7f3ee784845c14c74d076f471ad4f9fe40531a39ac8d14672afa315f4
xcheck-r5-heldout-b5-rho0,r5-heldout-b5-rho0,thr_tau4_w40,a043b59d50651599dabe4f418ad0dbb98d1776355c427eb2d6c0a539511002ed,9f9ee19f64b2904b19dbe07c98186f8878e57b11705661a5030eef98a0d828aa
xcheck-r5-heldout-b5-rho0,r5-heldout-b5-rho0,thr_tau5_w40,24739082a66b152d874d72c7488c625628f8d5db2d93ea6587c131219372c021,a95df211cc9d47f915a611633b6b88cb3eae8857e02cda0671e84c1c6f9d283e
xcheck-r5-heldout-b5-rho0,r5-heldout-b5-rho0,thr_tau6_w12,be4c0870f5737d6ae7b264c23da2e371df752442c23ababe627f3e2634bd626a,c6f54b78d84857da36655122c123952cddfa97342936d308c70bfffaf89edc90
xcheck-r5-heldout-b5-rho0,r5-heldout-b5-rho0,thr_tau6_w20,c83a37e5801b5abcd5416c364e5a46663fda64dbedcefd48257764a57b7a46cb,ec7266c3cade93b15a5f82508e3312f8d5e674df16ce9226b1c030ad8b914b2d
xcheck-r5-heldout-b5-rho0,r5-heldout-b5-rho0,thr_tau6_w40,86f7aa58771103e431ffb9859bd0b9331847a6b62d095f13ed3e0d4f688fec2f,93cb4565a6e2ffeb86ce97619cb21eb740f753ec07e073913690b743fdd44fd2
xcheck-r5-heldout-b5-rho0,r5-heldout-b5-rho0,thr_tau8_w12,1a9feb4951de9bf717739a232870349a3dc8d5654dbd28c54dfb17ca62abb7a0,4b8e5b0f781eaa979254e63931e7bb364ccc501174cbf878ff756fb4aea25c07
xcheck-r5-heldout-b5-rho0.7,r5-heldout-b5-rho0.7,ablation_hidden_rules,48bd9b1fb12813b91bb3c47e725fb5a5af67bce33be8cce4a3485409698ff117,b10dd47560cf2f71d9ef6c8f24f7f214daa8be2223d62c25e5ea985ebeb6faa1
xcheck-r5-heldout-b5-rho0.7,r5-heldout-b5-rho0.7,always_d00,13b6f323bab1ca0628c8558adf93654aabd20d65d679c1659397a73074f8485d,f1706c7cd968cf1ed47a6510463f9d6dba19b20498bdc616c793fad870e38951
xcheck-r5-heldout-b5-rho0.7,r5-heldout-b5-rho0.7,always_d02,ccafb175a0a03da72f5c2cbba60667e36f38c527d9b63e5c5251e754e31c08c5,dcc96f65f62732614d22ac3001efacb1ca7738e4799eeb0b3065f40e9e77d3c2
xcheck-r5-heldout-b5-rho0.7,r5-heldout-b5-rho0.7,always_d04,0088364e2520d6ef29ec865962e763decb01461d4605bdce5bbcf497d347a602,b67b49cccd7e11d544252346e3771eb0d840e0c66bed6848fe619cb5ab21e470
xcheck-r5-heldout-b5-rho0.7,r5-heldout-b5-rho0.7,always_d06,b421b5a3a84eb4cb9422f5ed15db196f776f9bf95fd896f473b4ca9158a40fdf,39759b8d3551912f6f31567238cb7ef522569407a6b1febfb46bf8ca34ba9133
xcheck-r5-heldout-b5-rho0.7,r5-heldout-b5-rho0.7,always_d08,b06627d9aec45591f11b56e90fa60433850decef474a90a7e1049d8fd8f1dbf4,31a122c16f82069f009537f1eacbd0e4c7686be597c7d6faa1ad1f9523905d27
xcheck-r5-heldout-b5-rho0.7,r5-heldout-b5-rho0.7,always_d10,246c3c11cca54150ec2e2aee7e8b129592cd6ed9b9d6b8d9ad9aa50e6f4cd8ad,7f72ba80aa75144719716ee93b1a8361dc94fb1f5ffa9be28ed6c7303b0f4ee4
xcheck-r5-heldout-b5-rho0.7,r5-heldout-b5-rho0.7,always_d12,36803ff195ef5484993d96ceb96eaded7c026809f5f02f66ba7a6558de74a760,adbfdd282998632a85084058d798a407a810fdb04c9e0043a273e82b6508d651
xcheck-r5-heldout-b5-rho0.7,r5-heldout-b5-rho0.7,always_d14,2253beb2e77b0a3df9459929111ac57cba94b89180949beafc1c91b1fc927cdf,45d9194fb46e5384a42673acee074a5a7b2317753e6b3213c76b332ba833d665
xcheck-r5-heldout-b5-rho0.7,r5-heldout-b5-rho0.7,always_d16,c8ca37c47ec45a7d50f0065d537760bfca3d79c6789d1465aec86478a0d8009a,ca5910eda4209379a48d4482a43be470dfa8831a772ef6f27b0575f3f52d50f2
xcheck-r5-heldout-b5-rho0.7,r5-heldout-b5-rho0.7,change_triggered,c6775dc8eb3108de5fff28c0c61f4124342aa30aad1946b301a5327dcb28feef,0bbc971f92ff9d9a4b44fe7653ed12721b6ddf812b26f050ae504b2af83eb23f
xcheck-r5-heldout-b5-rho0.7,r5-heldout-b5-rho0.7,contra_d00_p00,50007a4d9feea69ceff897bcfc80b6c0a8cc2abc522f7746c601f457a842894b,ba6717cd158b2ad0b4aafcba0d711aa1d8681638072e9b35005a087333ebcfec
xcheck-r5-heldout-b5-rho0.7,r5-heldout-b5-rho0.7,contra_d00_p01,0c0dde2aceef28182d869a196ecc0781419e1b9dcebc91f669f10b5d91c09774,3a8bdf6b568238b4491000f0720e458b5ea14982a8319a1f4d60b4657f3913df
xcheck-r5-heldout-b5-rho0.7,r5-heldout-b5-rho0.7,contra_d04_p00,f86da0071760f06bfa452ca04be8f703a5585a7811f07bed8c44d24113f8c68d,999f745064e09319492a82941140a1dd8cb4d5c9f1128582209b506e697c9f00
xcheck-r5-heldout-b5-rho0.7,r5-heldout-b5-rho0.7,contra_d04_p02,89b597e1a1d0309f749cdec89d038663be7b7c083ab921e0fa8baefa17d2b1f5,c0d2b0de1ce54eb881cce63a712958d03f67c150d5799e0e2fc6c6f730b9a7b7
xcheck-r5-heldout-b5-rho0.7,r5-heldout-b5-rho0.7,contra_d06_p00,a4026e37e861c1e7f352369004bc660b67709d702151ff1a597af7f0bd2816b8,fbf219e8d1ec6bb3c89266393a9e90ac766a7692b0c04b30570024c329be05c6
xcheck-r5-heldout-b5-rho0.7,r5-heldout-b5-rho0.7,contra_d08_p00,c6633ba4554f79e62d31d4fbca198d81260fc1d86281b6c806c089b859e1e0ee,573855329d7f3d8ecea9fc640e5e1d2a3f6508d2b6c6d3afc44b3fec6d727a8e
xcheck-r5-heldout-b5-rho0.7,r5-heldout-b5-rho0.7,contra_d10_p00,d1dd63f1ae8a418854edd987dc43c972b7da656e0d951a89ec49e7e81161c15b,ab5e1a8008784cb9d73e499d59f11132cc4ccdf63ea40de0c8bfdd51775bad1e
xcheck-r5-heldout-b5-rho0.7,r5-heldout-b5-rho0.7,contra_d12_p00,1382d723ddfb5544c1c5187f8cc12ec0d8324f30debb01b840ae66c93babbf35,b314dad2a3ed234d97ba0ff0db35c0a42349a46b83e5f41dd371b50c03a6d82b
xcheck-r5-heldout-b5-rho0.7,r5-heldout-b5-rho0.7,contra_d14_p00,a5886dfe39244b7d7aad2a516a0fa0d7ffa933bf9b25c2b709add7397dc5a3a4,7c78f9be521a3354e0cb701c3edf6baa90e5c74a085d2ea356f4c59aaac7e685
xcheck-r5-heldout-b5-rho0.7,r5-heldout-b5-rho0.7,contra_d18_p02,e5301ecce22c3c9ce637fbb948f581480aad3818f3553d20b76e6deab5bf505c,693c59660533350f826b85fb1bc679ff2a9a225cda88a331045072df9bde4711
xcheck-r5-heldout-b5-rho0.7,r5-heldout-b5-rho0.7,never_escalate,f434706ac50d6d1bada51a2a35c1844f224c6d355b19eb345c33faa3c8a60a44,c5a8371674302efb57809daffda0ef2a82265dc71f091ee1b18a6755324fcf05
xcheck-r5-heldout-b5-rho0.7,r5-heldout-b5-rho0.7,oracle_decoy_privileged,0310eaa8af9ac63f7b001b9e8852a30b43fde8ad987239030131d39bd75dfaa6,faf3a218d7a46fdc5825da02b2ac7c7aaf8c946dc5c82df9ddec97ad6ba14f10
xcheck-r5-heldout-b5-rho0.7,r5-heldout-b5-rho0.7,oracle_escalation_privileged,427b19f7b598dc8e277141225a8af8c4ef4f6838fbb4b4cbd6a97f7fc24c9d0d,e4b82a219b321abefd0ed15c02038ba101ea0b3ce989d514b3a13c2ecd472c84
xcheck-r5-heldout-b5-rho0.7,r5-heldout-b5-rho0.7,oracle_selection_d16_privileged,a5098eb8aa49ab98f9bf3e1c69505e2829f76e0afa26ca4fccda93b95bebd59b,7075f2d96d793666580975affd9938257cbff628b05331b0ec6c36c888b74210
xcheck-r5-heldout-b5-rho0.7,r5-heldout-b5-rho0.7,periodic_t30,9891323d19b5c388fa0946924789b6c34588f5367575da74ad08bdf8eb25c6d3,df84adc47bab59854ca53a3e3657b731b1ec99cebadfbb5e9f8515507499fadb
xcheck-r5-heldout-b5-rho0.7,r5-heldout-b5-rho0.7,periodic_t45,a78645ccba1b44827abd5f332419a589ccdb14f2102cba8cc5453d8a6da257ee,b62a417f0b7f450058c13b363167d0dd08f6fd9f2a3b4f8040aef97b287534b7
xcheck-r5-heldout-b5-rho0.7,r5-heldout-b5-rho0.7,random_p003_d00,b395870f25c809efa79afb3433655e38306b315fde0aa473abc5abc03c3a2aff,0b61b91f6b3682f3f26add0f0ebcd498e48216cc97c28645b483a6b9a4d87fe2
xcheck-r5-heldout-b5-rho0.7,r5-heldout-b5-rho0.7,random_p003_d10,4034227bcad687898940b8f69fe33e68e8765fd8e42644bb9e1f65c491c5f056,35d0a43670f2ba870ec942211827368d1ef8babaf3c1e4d66db5026a8cebfd7f
xcheck-r5-heldout-b5-rho0.7,r5-heldout-b5-rho0.7,random_p003_d14,4a271e6942cbdaf78b6842f436bf31796507e5db892b0e3a1a4af154d343bb21,0b336f3d7df1689bdb2cc46141e74afd47bb454538df805b984da934bcb15731
xcheck-r5-heldout-b5-rho0.7,r5-heldout-b5-rho0.7,random_p006_d10,05245544d2b0e2aa077b1b7d56a9cd31b1bbf255db609ceae96a9d7e244f6797,020d654b137282fdf55fed1cffe813856498f21ef2e624cbe8327efa42aa7dbf
xcheck-r5-heldout-b5-rho0.7,r5-heldout-b5-rho0.7,random_p006_d14,982c77ff9ea7d7f4c20f70acd2785c91a07f3d900a6dc231516e2eb285f374a1,7f0cea3e7fdcb1e35fb7b3f173e8de5e0f7efd4babeae19e113e017419cf9947
xcheck-r5-heldout-b5-rho0.7,r5-heldout-b5-rho0.7,random_p006_d18,6d0cc547f8743c98aa05833728109d805f9d21ba0d9fadad938523776a76b67e,2e4270b7151aa190dd137bfca7d349a2953f0a5d5059eae373ae3ff7dd4d655b
xcheck-r5-heldout-b5-rho0.7,r5-heldout-b5-rho0.7,random_p012_d14,6162f45ab07fddeeefe49ca083fc71bffaa14117a1f08e54cd7ded47cf71db76,14e6318ca82294827253d0e1c90ca1b9c7cfea05f80e08c0c601d6db5a75e10e
xcheck-r5-heldout-b5-rho0.7,r5-heldout-b5-rho0.7,random_p025_d10,67f2cd39e6be72bb4144fb7d1f2ea8300d761b3eb0e3a2845532058363ab69cd,1621a8acdb62df81274ef33cfe6d7faf89fd80fef3f943df1fc3deebcc9e4e71
xcheck-r5-heldout-b5-rho0.7,r5-heldout-b5-rho0.7,random_p025_d14,69bb6c8991ae81a1f7e1aa2f11b1c9c2dc15d2c0bbe657cd0e2bfd440c7540a7,648a573defc98ddc2639d61bd73ebad4f9bc4d97d772352341f8ecbf5cff9a10
xcheck-r5-heldout-b5-rho0.7,r5-heldout-b5-rho0.7,random_p050_d10,0db23ea3a13c93bcb9d881640b3e84d83f0cc1015a182df2bb6121f2d0e7880c,4e30e97076851236cdd28845fd805e8eda41541d7a5355c88f20ea561b6d6a1b
xcheck-r5-heldout-b5-rho0.7,r5-heldout-b5-rho0.7,random_p050_d14,d728f3dbe7f298fb831ed6a5f9ab267188a293c3b375a144c36da4d06bc26c37,c857a63e599a3650facc2caed8d7af4004311cc6041a812eafbea5001833e3f6
xcheck-r5-heldout-b5-rho0.7,r5-heldout-b5-rho0.7,random_p050_d18,e0b3121f61a7fcb82f3adb5cea857a0932b0bbd1479b03b62d07e9b7f0454a80,70762d9fa767d4125674e715af479d1f67d024feefd708113630b195c7841a17
xcheck-r5-heldout-b5-rho0.7,r5-heldout-b5-rho0.7,random_p080_d10,09b28128af53b32458e108c016690701cdf31fe0cdc14ae012b73c81a75d9968,260b5800b9b0c9e6bde80a75a6157278a3ccf193708351a3d1b161f56faa8b9d
xcheck-r5-heldout-b5-rho0.7,r5-heldout-b5-rho0.7,random_p080_d14,35c2b3892d71a12a6bf9b1ae41845b97b53048e5b62a3313b35defd781b3f21f,2ea47641afeb4fcad10f760903f65249305377ffff37c2ee75950fbc75f120ff
xcheck-r5-heldout-b5-rho0.7,r5-heldout-b5-rho0.7,thr_tau20_w02,7080d7761b32da382caa1aec2d1c90b6e741ac1f6b519a39fdd29a43bf663794,95eae5ab17b929bf0cce3a2d5dadce2e0ed6beabc52ad03d3674e09a7226aac2
xcheck-r5-heldout-b5-rho0.7,r5-heldout-b5-rho0.7,thr_tau20_w06,6d2cd4c1e9cbc387a76fa3d2d805a568f3c54967da30e35a20cfeb79bca9ca10,d297616e09263510510e644a60f36a365950aa2a6d49bc7c01770341e3659e5a
xcheck-r5-heldout-b5-rho0.7,r5-heldout-b5-rho0.7,thr_tau20_w12,bfa00801800321920f8104434f73afd32eb03cc430a00667bbc90546776db0ea,64fc13fc3745ce5c2fefb79f7c77052fad16471a81fea9639d2cb4d66935c6bc
xcheck-r5-heldout-b5-rho0.7,r5-heldout-b5-rho0.7,thr_tau20_w20,355635e623d31cb2b9cec3fba670d04185d24f17c1483f007bbfdf9a4ff0af20,b1d413162f2921f07c0d74dfa4cf1f1f4c9bc0e6ad5ea38a421fa95e951324c9
xcheck-r5-heldout-b5-rho0.7,r5-heldout-b5-rho0.7,thr_tau20_w40,d25d5f056c265af756ba578e14a947d01224beb42a0625a13b02a79c839a0e45,7080f3c9eba1cccc585f68487c32e84c41c2c5276357ecfd366e7d0e76b7c273
xcheck-r5-heldout-b5-rho0.7,r5-heldout-b5-rho0.7,thr_tau4_w40,c5fc54f1038e5119f4c997541074163ebba0d872687dd1eac490232eb4e383bb,6ff392776c58eadb8b9df55dded64b2b7bed7f45dcc739e84f3f769c6b2e7506
xcheck-r5-heldout-b5-rho0.7,r5-heldout-b5-rho0.7,thr_tau5_w20,14e2ad3823b45b8e7b95ebe0e3a2c37644e9389c5c715250c1a634dbf5c07280,3379120fcee42c8dc269605313cbc32f9c4ab424a27f0bdb066e76fa3ad0ef17
xcheck-r5-heldout-b5-rho0.7,r5-heldout-b5-rho0.7,thr_tau5_w40,2f8a0b4f5973e40d483b5bd095a12e697cdc5735cf42591228645349d7fd182f,234d15d271ec59d6047ba7d69cf6dcd10e15e125338178974e31fb8d053f2ca4
xcheck-r5-heldout-b5-rho0.7,r5-heldout-b5-rho0.7,thr_tau6_w12,4395ffa069f0823976e9d6b338e1bf18448501b31bf1c15231b2ac51aed86aa5,1c4ce77a8399d71a819c03d0f5d6ab7e353b823c93df027a8699835fea5ad2b1
xcheck-r5-heldout-b5-rho0.7,r5-heldout-b5-rho0.7,thr_tau6_w20,906fd3e6b1acc454a7ce37f17fbcb03391d7b6e36c2b257773dea678d4224923,eed751d4927453c4cd1d44bd27b39c939bcee133eec0e9783282db23ef685114
xcheck-r5-heldout-b5-rho0.7,r5-heldout-b5-rho0.7,thr_tau6_w40,6eee9bb6d29c4e746a8d7829730b61bc118bfaeb36f8ac580be396dec0118324,1ae04390d20ca895407843a40467d0c2be918aa7ee63598cbc8ae5303f0bdc5d
xcheck-r5-heldout-b5-rho0.7,r5-heldout-b5-rho0.7,thr_tau8_w12,f5459a7fe59bf3bf1f2d97554f4b7fc8a4b51a13c20116a5c674c3172e6f088b,216912311d632de5098dc14ea0360c5705904c936564a4e629b14c6bd6388d03
xcheck-r5-heldout-b8-rho0,r5-heldout-b8-rho0,ablation_hidden_rules,2b8fece46bfab88cb291e8f3171382004f0a17fca2fe3fbfe000e6ea93a4ef91,b3a7e206fe8136bc13751478b4e4b8a7054ed4644220aa400bd5bb6c8d5e575e
xcheck-r5-heldout-b8-rho0,r5-heldout-b8-rho0,always_d00,06a2fbe14f4655eaf20bc797ab60cb703b35582d283e375506a94c3c29f00361,7f83bdd95d98adfd16b54b69d30b00c381aa006606c43975c5eed6643bbec90b
xcheck-r5-heldout-b8-rho0,r5-heldout-b8-rho0,always_d02,f5115546c180af157c7bc51bc51d088377ef00837aae2161d34776e516956fd2,59f2ea34b14eadd0fad82a6a538e7d96aad6d24d316833bfb85c83886f363d96
xcheck-r5-heldout-b8-rho0,r5-heldout-b8-rho0,always_d04,d446e167cd8054599eb7c4bc03426a37fd3029a74c67c1a69fb8f31a94ad24c6,e27c6f34116119912f91aa326bb41fae2435ad041e32da97d6dc0f2104ca423f
xcheck-r5-heldout-b8-rho0,r5-heldout-b8-rho0,always_d06,0a7a890acbf4ecde9d3154cab2366371f6d239dbee082d81f5c0cc64e3417129,3601930ed318722f64575cb5274ceac2ea169ee9c0e0387df5e9f2a8ae7d6dab
xcheck-r5-heldout-b8-rho0,r5-heldout-b8-rho0,always_d08,30a204ee84fbbc4058b70be15518f5145b5c3271ad9ac9b3751c20d6c2da867f,698d64639829a11a18b05c93daf111d01700401243ddbc5ca62e8716a3edde2e
xcheck-r5-heldout-b8-rho0,r5-heldout-b8-rho0,always_d10,0364da1768821a3890708bb08bf6a829af303be46bf6f662a7dc81e5f11a0d97,bb8b161338683df6ac1ec8beb49f8161f52251780d909b1dac49a568a70a329a
xcheck-r5-heldout-b8-rho0,r5-heldout-b8-rho0,always_d12,d6c241dcea889480f4f4aea2950e27965d660e62176fad7d4d6bff6b11112a42,0494a87b7393e9da883238b7c3f1587ff847d1fbbab03721c303273ddf2b5562
xcheck-r5-heldout-b8-rho0,r5-heldout-b8-rho0,always_d14,b7d4ae84eb726cc8b5067aa46c6920a15174fbf039be62e473d6c266975928c3,fdad0004ece874ff491953555211fc15209689d6c4490f4df4280c964f4f1804
xcheck-r5-heldout-b8-rho0,r5-heldout-b8-rho0,always_d16,5d45395a6a528c2b7a3257bca8b68dc38e4453cf3f8700834d32555f84817bfb,eeaa6619224cdd9953e5a080ef581db87e232047b98307cf442250dd08e31ace
xcheck-r5-heldout-b8-rho0,r5-heldout-b8-rho0,change_triggered,32182f27d8cf90d05091db86d5aada28b3d2b4a1dca04b9e73a7cb271496fe5e,9945523cac52f3bea9e0145eb530ddb3c391ecd237233238f2cc5ad90b3c849a
xcheck-r5-heldout-b8-rho0,r5-heldout-b8-rho0,contra_d00_p00,307a74a213a7f1f35cfd8af85f34281d3ce7f039176bff8711cebb160926cef0,735c25d42197e1d4cd4ec29e00bba4950f78dfa37856ad640f86003e530d61dd
xcheck-r5-heldout-b8-rho0,r5-heldout-b8-rho0,contra_d00_p01,a268dc745d406c158a1881d5f83db97c4ac779880942c09209d6f920396c810a,da122a26d24518f997c99f34a2291736b2505dddbc3b6bee37f6a9e6cb970a12
xcheck-r5-heldout-b8-rho0,r5-heldout-b8-rho0,contra_d00_p02,92a1e5cdcd28c4baac245a3487666c26262c94153ae604e0e0c66a1046448934,bc17a4ae7cab1cb9e96ef12de195c9adb376100ebace31bf4f11d55b11a378aa
xcheck-r5-heldout-b8-rho0,r5-heldout-b8-rho0,contra_d02_p01,3f066c2394a00ad97efcdb43a19bd4cfca72851cd15f67001a72314403247706,e991f0b6d315f90157781093809481e5a35da7cdff705816d53479ff5bf4bffe
xcheck-r5-heldout-b8-rho0,r5-heldout-b8-rho0,contra_d02_p02,f9ff26dbedb4991c0af4309d324c67db6d461af1c7356cfc60ec3d590cd8bc8f,739f2a32b5217b539a1e067501316688f177c707d4b91ee191c1f9f19b6b0720
xcheck-r5-heldout-b8-rho0,r5-heldout-b8-rho0,contra_d04_p00,7ea102d2976ddff97333800797d4b6310abdbe8b223d67ac3a9118064cc49ef9,2086c64957889af495e295329abc1daaf59b3abd65cf39bd323e4936d2387c45
xcheck-r5-heldout-b8-rho0,r5-heldout-b8-rho0,contra_d04_p01,35cbeb29f10fb574a0d50f7b1e492e5607e6ad4448b257eea673485a4115bfbd,c9ac80684d234e2738f7cfab61b08b48617f7888b425ecd1b4d7ef634f621091
xcheck-r5-heldout-b8-rho0,r5-heldout-b8-rho0,contra_d04_p02,d8a041933d2a4cb7c9c727b288a511bc3a21c3da5a6bc17acb771b5fbdf4fa11,0e83bc5ea25b479de86a90455e912025f2df9d155a6d60b9bae38e57a691dace
xcheck-r5-heldout-b8-rho0,r5-heldout-b8-rho0,contra_d06_p00,cf6c6f0389b00d3940df93c36621c092eeb6de99cf6d14700a026dcd0b23d33f,55592c450e8af150aa27e190397afdc8ad386f7bd4d1c905517bcef43a7da830
xcheck-r5-heldout-b8-rho0,r5-heldout-b8-rho0,contra_d08_p00,14070e1714c79e7989473a10ea16204fd35bfb6e8a477df5e860b9aa6123ef7e,3942389e9026811e4dca6831f989d411ed3c1fcddf50078fe8860fb04294f586
xcheck-r5-heldout-b8-rho0,r5-heldout-b8-rho0,contra_d10_p00,b698647c6b0e1afa61c8ea98d1a44d438082c9a637f752a00dc94cfd02c7c5c8,cc789e76f64cca34bdcebd19357da016afba0337657f38837428a06b6288fb35
xcheck-r5-heldout-b8-rho0,r5-heldout-b8-rho0,contra_d12_p00,c40057d32fcc6bc5468990d5a5ed597fe63119f3347ef6ef27ec01261ed55830,65ae3af29a44e9f6b7ec2495158477684ac1e79b90d8616f3101e4ba59fd0760
xcheck-r5-heldout-b8-rho0,r5-heldout-b8-rho0,contra_d14_p00,5719e22d16e41255f3ee28fcf99dafd5db13ec24ee2b4150e8a082359fa2ec00,e892500c52c5cce1a65fc1db8ac1f229465cd837b2f4b4b9e0a23c818b459a49
xcheck-r5-heldout-b8-rho0,r5-heldout-b8-rho0,contra_d16_p00,2348e992b5769d0f1b34ad00cc52cfe8192b4adc33bfccef4bfda78a050a000b,5b91db9a88ad76d5e55d193b7e1b3079a376b1a9974e9b022e0700f41bf5ce54
xcheck-r5-heldout-b8-rho0,r5-heldout-b8-rho0,never_escalate,42ea4f2240cc96e861bef8a9ba771b58a9dbe3ff3288d85f21cab10de3af6aa6,6406ea12d71455844e3b104e27f9ff466c0d6dafe2b694ea5ce213ddc4646547
xcheck-r5-heldout-b8-rho0,r5-heldout-b8-rho0,oracle_decoy_privileged,ae8e2313cc4cf3ceef1da7098594bfb32734f86c9f9624c23d79ef50a55c9858,c52b438c31e420b1ad9c85b7e77a19bd49359f39a7bd0d3c3ca9e57069f29e59
xcheck-r5-heldout-b8-rho0,r5-heldout-b8-rho0,oracle_escalation_privileged,1c2a9cc4ad02c2e0f6a9e36877acf13a1873df53ee7cfdc1870335518f31c4be,d9cd9d95f6857b0807bbf0725c885816b97c0ca29864d53234decf9a8aff9419
xcheck-r5-heldout-b8-rho0,r5-heldout-b8-rho0,oracle_selection_d16_privileged,034ca511c718b9dfecfb92b09047c31b021348f1e154d0300fb49220916f9e30,733e75fcf81f6029bc2f06f16aad6193718990ffd74f320c0fdb2754069b546b
xcheck-r5-heldout-b8-rho0,r5-heldout-b8-rho0,periodic_t30,52f3208ff37b2ff00be38ef3987b498be9361627d0bf7469bdead065e01b6292,c4546b21eb31e3c4cbc458695c07481d7c5299089aab5d437da96dd3c8eea6b7
xcheck-r5-heldout-b8-rho0,r5-heldout-b8-rho0,periodic_t45,430a667fd1704f8989cd101c33cf514e5a03ea7cdf324b1c33ecd496a823f84e,80af46da9e4cb73722a653d2df15c93787ede83601dcd252e45d263b6b5609f1
xcheck-r5-heldout-b8-rho0,r5-heldout-b8-rho0,random_p003_d00,d24b5caf42c57279d4b943b15e8aedd4eddb1bf36078997a60ce05bae313c2fd,8e901ccd86da890bd199a7a049a918798962d5e5ad2d4025b8dbf84ba247a1ff
xcheck-r5-heldout-b8-rho0,r5-heldout-b8-rho0,random_p003_d06,bc947b7a12b43fb370e6896d11937341083d6157f0d6252de33701a2cb0da102,e81ac22e53d07a071006efd22b7deb5ee18c86af5d064ad2b845794cb97165fa
xcheck-r5-heldout-b8-rho0,r5-heldout-b8-rho0,random_p003_d10,684cb25709d4026eb4132b1687457a9c28954cd5d22ef17957192b3f10d2e2a6,cf49078b5cc564eb7cbb01d498a021345697d5978031a3523301a224702b2a3e
xcheck-r5-heldout-b8-rho0,r5-heldout-b8-rho0,random_p003_d14,8430f38634bd339b84d77cfcfe3b9cd37b0d2dde87e5016083497a87fc766049,0d58017d9594f4fae198c03da73b73ac81132307a93b0ad9562ab3e0f2e02cc5
xcheck-r5-heldout-b8-rho0,r5-heldout-b8-rho0,random_p003_d18,37b2e8c09ca44c272bd6cf97d9b9cb1e4441b78d24397243bd6a91f8feb7ebac,cc9b9aa0830b1e2ba156dffcbc1893cc0f89933991793246913c6220d7649f56
xcheck-r5-heldout-b8-rho0,r5-heldout-b8-rho0,random_p006_d10,68d8b2d1cbf20b7935570b84ce4baa09556eb5217fc24391103e3c95c2a3f69b,ad3b7df2bece89d1985902127bc8428559be753ae47e1c3bde473e07c3d7693a
xcheck-r5-heldout-b8-rho0,r5-heldout-b8-rho0,random_p006_d14,492bf165cdc607a37df0ff88e67f6a2c17f9fb521cc9f450e03477c38b6cf218,e31a09cfb1eba8bac494b3df9c5ef2f906ec7288f2bf44bb9d6df95c776a1525
xcheck-r5-heldout-b8-rho0,r5-heldout-b8-rho0,random_p006_d18,c9a3893093c20fe8c63ad83bc1d943385825d7bc835440150aff10e37f1244d5,da831cc1be3b83ebe728678b2a7379d9d62758c3840a1ba54fde74ef69147e1c
xcheck-r5-heldout-b8-rho0,r5-heldout-b8-rho0,random_p012_d14,2cc9cfea6a44758f25e8c8408ef6ab3d76de8f03304ee9ee8ebdf69d2ec27813,b52f60133dd5ba43e93a8eb9230d4a38c55c1031e1c8882abbf9bc0841770529
xcheck-r5-heldout-b8-rho0,r5-heldout-b8-rho0,random_p025_d10,9cc8c8975317e4a4eda893b22b35073b5b732f03c37f172a3a511ed5d0974fa1,f53ba454596588e4676fa1b6075ac552d6d12111ff614d3954715226b50296b9
xcheck-r5-heldout-b8-rho0,r5-heldout-b8-rho0,random_p025_d14,1e5938707a201dde7e30f5edc3c094df639ac7f31b1806738a5583e4a7d8dacd,524d84dc128d137792eede08c8ca6ad12379f057db4bcc1cf5c423ee4300aa2a
xcheck-r5-heldout-b8-rho0,r5-heldout-b8-rho0,random_p050_d10,7132893a7e82273cc3e1dc74dfc50173df64f366495a36f3724c02be3b736fac,3ec473c4ccea446321a45550b8285ee77d3cf93e665751c66910dff62a4ad2bd
xcheck-r5-heldout-b8-rho0,r5-heldout-b8-rho0,random_p050_d14,126b57b4d250362dc890e8a8bb21b9e8c5b14fd3d73de7fa6a886053cda947a4,15f971fc9bd098bea1a76398f6bd5a71ec2868bd698c1cae7e0aea443a9f416d
xcheck-r5-heldout-b8-rho0,r5-heldout-b8-rho0,random_p080_d10,e2adfb73bf9195e99026d170cee5e2051e5ce788ea741488192ddceabb34c844,01dafd73c5f17ed8ccf7c0ecb4ddc1e1248d89d412fc41320762ae72262c6e47
xcheck-r5-heldout-b8-rho0,r5-heldout-b8-rho0,random_p080_d14,8eecc1bc05030dbdd14cba0257fc45220bfc1ad91deb528fa47565dec3f1d45f,57787f9fdddfd270a7d73e12ec3c7818c15035b0c2d67cf5c149e6dc8e34fbe3
xcheck-r5-heldout-b8-rho0,r5-heldout-b8-rho0,thr_tau20_w02,046509fcf18bf8bcdf9d0aaa232d8487d9bc672fc554aee8d632056439cb1f81,91f15d3dc3e2059116388c4c90aba63a90373eb08c16084cb57a80f8b46c54eb
xcheck-r5-heldout-b8-rho0,r5-heldout-b8-rho0,thr_tau20_w06,b16db32e14349d0ad17ffd46b942187ce9cf2c6838d8e21a340c6750227d44c1,f4e818720d7f5f30975b169d218c1cf8502abca6ecaac07b93daae8c58330ae9
xcheck-r5-heldout-b8-rho0,r5-heldout-b8-rho0,thr_tau20_w12,afd0d0d374e022d5bbafe71eed25f9f6ef79cd7b4b2a860962c21769805275df,4d3a5ed72ea349584d79e46192c963282c81b4d69cd5d8f76901d96577203d8f
xcheck-r5-heldout-b8-rho0,r5-heldout-b8-rho0,thr_tau20_w20,705c55941c62628a1b288ceda3029a30fffae23e568287d8810173992ef03dea,6aca5fadccda034e0977ca398f3ad5867819271b0b3f780dc2a209105b94ee71
xcheck-r5-heldout-b8-rho0,r5-heldout-b8-rho0,thr_tau20_w40,b32ff2961704891e6f5f3f39ecad9cd18249e43fa4486722cf155d681fe47e29,bd5f703365a8d4756bdb00949dd74144b43a55a1e8864390d1698041bb94aa96
xcheck-r5-heldout-b8-rho0,r5-heldout-b8-rho0,thr_tau4_w20,ecdd74c97858b0a62944a74df2af69a6a2af4c24dd2a6587dbc9c8bb2955f24c,d548a98356f2873eeb8e85440cd3d945c536545724fb78d5fa26df41c251c537
xcheck-r5-heldout-b8-rho0,r5-heldout-b8-rho0,thr_tau4_w40,4a8cefa967810ca9d7acf8ba9e2a290e3363fb0ecf7c3ce8f10a2b79ac93103f,e4a227219f88086cd5eec56ff1d4ae4205947d70404d9b8b3c4dfb03c80d8add
xcheck-r5-heldout-b8-rho0,r5-heldout-b8-rho0,thr_tau5_w12,37e62eca5e77bc17a4064a33fbcee1d27101c443cfd9c0901da259a9385ab04e,8363ac58b1e10f2d7d04cab7b8be503b377b4644df828d57e3a40a929159e53e
xcheck-r5-heldout-b8-rho0,r5-heldout-b8-rho0,thr_tau5_w20,ca061d7804afe367f68db3f4a171558b8576160bae850ae8d64cfd1ecc8b2a99,ba4d2eace3cca6e32839246857605c30cba277d976a0f6a54e6cf6ca51d5db32
xcheck-r5-heldout-b8-rho0,r5-heldout-b8-rho0,thr_tau5_w40,98c6402837a7541cab7e3cec66940df5e2e495ad91b29ad16068b3649fc2ab1a,4a88083bba35f69bb4f4c74d15c910a8a0918d21ca6cdffb89c2ed6473421cb4
xcheck-r5-heldout-b8-rho0,r5-heldout-b8-rho0,thr_tau6_w12,dc1620bbae3ed14be0db72689fc33c40a2105b79062b99eb7eb84d40281a5ade,a0572a7ad404c04d5315e03eeee1722d01c64337509c9b8072df6a9395134f59
xcheck-r5-heldout-b8-rho0,r5-heldout-b8-rho0,thr_tau6_w20,2d2238e7df3b94289ce16c6ae4e69fa6698087c1a3269030c61c39ca19ace5d9,77df94ccdeb4c9c910640894e0f5dc3ad862d5a6b82fb0f85c7b84ac84525deb
xcheck-r5-heldout-b8-rho0,r5-heldout-b8-rho0,thr_tau6_w40,5cbebe0cbcf5be71b8baedd92cdffdfd1bb41cf96ac5dbd316f62f5b2380c21a,4dbc25a408920a7401fe0c7d962b606b73094d8ba26d788238292370aa46468d
xcheck-r5-heldout-b8-rho0,r5-heldout-b8-rho0,thr_tau8_w12,6d5c5dcaa6a3ddf66275cea6cff03164c3f2b5e333368ab2811710667de9664b,87ee052840df8c809e3af1250dd15009e6d7e168541e5c39c435c40556950243
xcheck-r5-heldout-b8-rho0.7,r5-heldout-b8-rho0.7,ablation_hidden_rules,a3cbe8fff52a53855ed0766436cf5309653cda0d7183953e2166f821d380a116,dde102a0a4a9a92da96118741a90c8a79a5ed461f83bb73cfbd27783fe4dbb30
xcheck-r5-heldout-b8-rho0.7,r5-heldout-b8-rho0.7,always_d00,f332ffe09743a5cb61dbe4625788edb1060cb07a22109e5560d379509ecd4d10,5b0536e072592d20cd17a401e0f82506bae2542c43c3779bd24c555953f37fb1
xcheck-r5-heldout-b8-rho0.7,r5-heldout-b8-rho0.7,always_d02,2bccdb621e7c1af3872933454fd2b1d3234bd9913a7c7ad51415ab32110da745,fa418aa47149304b1dcc099de44ad4c891320510e035318a359c32aaf53f13f1
xcheck-r5-heldout-b8-rho0.7,r5-heldout-b8-rho0.7,always_d04,e2b056c3c00e380ecb0d20842cf041d68d22e6a2eb20acf947f98a106e1fc0f0,e0b2bb57b06264ff5f9913db84c9c71a6f383a6c1acff5cb88bebc3d1fcab70e
xcheck-r5-heldout-b8-rho0.7,r5-heldout-b8-rho0.7,always_d06,8303611de604fa9456c4f5437c94a2881cc7139e41601f853008df986025a0ed,70a86babfc9eb3e6de951066db0e070b949b5cde744e59f4a570aa6c73224f29
xcheck-r5-heldout-b8-rho0.7,r5-heldout-b8-rho0.7,always_d08,0a653e4374fcfe47dbf9b5733c899ec013e14013312de66ca0ffc0e8c3c371db,f0617db9aa758a1ef306e9660ee82db45445f51ca391a64e07f5f87140ac5a1a
xcheck-r5-heldout-b8-rho0.7,r5-heldout-b8-rho0.7,always_d10,cd472bd82edba96dc8a24d04116ae01f6a72de8e9289ca34ace724603e46b183,03b6ac9144606e31a2ada5d305e8ce514ccf3ddb9b08c336fcc26331eac301e3
xcheck-r5-heldout-b8-rho0.7,r5-heldout-b8-rho0.7,always_d12,57f716ddc29d0c70b07d066d4457c0d3d25ee5ae15ab7ce215e779f8e93129ff,6de6e3d1e9719694b8bce0ddf62990669c845cadc3b234cb8e1cf412f7b2bc5f
xcheck-r5-heldout-b8-rho0.7,r5-heldout-b8-rho0.7,always_d14,5db643d4edeb38c409d8efc3c0404a279346e729a50ec13389a27ae76a5ed7e6,517839f7ac4960b4eb149c3335a23fb3939725ff1cbfd6459747d67785431ff7
xcheck-r5-heldout-b8-rho0.7,r5-heldout-b8-rho0.7,always_d16,a70dcbfb6ef6ef5a884f34956e444f4a3da4f56d606dc1d9753cc0bb42fec501,c808ec992a96b16bfa83b0747db9298c0b9e79fc4120d0d1a906fce908f1a2b8
xcheck-r5-heldout-b8-rho0.7,r5-heldout-b8-rho0.7,change_triggered,c752be56f0553b7d4abef181c9eb5c0443771c5354edbbd12a69606ab73105c5,bd3f446d8a3e4e4fa08c44b76040fc91ccf50e611a54b8c517f17af65c3dbd1e
xcheck-r5-heldout-b8-rho0.7,r5-heldout-b8-rho0.7,contra_d00_p00,c04928a5425aed8bef48e251c4a348ff636d2a08f77a2af2864ea2f69b1b5ced,e9615308b940b991ad109f01dfe3877fdc46eec77d0b5e8f4b7865660dc4be33
xcheck-r5-heldout-b8-rho0.7,r5-heldout-b8-rho0.7,contra_d00_p01,6fd797bffde1df4896563e8a17d1588586ff41090cd2becb6a5a1d5743b3a060,95d9cbca8fd52a60417f2a6d5d9f3101cf4b89ebdd501e386951de39b7c4b719
xcheck-r5-heldout-b8-rho0.7,r5-heldout-b8-rho0.7,contra_d00_p02,6126bf78a77e2a502792aca87bac8912d4fc27a2fb5be4888e2dc2f73ed918cb,6dcea982d00c74b9f45a36893f2c66d2d532368f2a93d2e70f17d541e4e7fdc7
xcheck-r5-heldout-b8-rho0.7,r5-heldout-b8-rho0.7,contra_d02_p00,192c431e6e9e087037025ebbd872deb117a17d559bffec5719f867d4464cb9f6,fd2ef0424ebbd2dfbe9aa935288a4ec7977a657d2479659865db7b3fb7997fc4
xcheck-r5-heldout-b8-rho0.7,r5-heldout-b8-rho0.7,contra_d02_p02,5b42e61650a3e8ee8858df1039978b06a9dc928888947d76c4a6dcf9e1193b52,df52f9c5046423a40ea9d513cbff76fb722804cac6606a1b4318cc3ae61b66b4
xcheck-r5-heldout-b8-rho0.7,r5-heldout-b8-rho0.7,contra_d04_p00,c9be46347c7aba4e5fd503fc45725b1d2840038ef86d1e86d23dd8fbf3463e33,f23cb46a84531650711fbce81a349731025c6afc218f50882c93abf0ac22ce33
xcheck-r5-heldout-b8-rho0.7,r5-heldout-b8-rho0.7,contra_d04_p02,9d92155bfbe4af790dfb1ad379a6bd75bceecfa301319584cbe784fbc44ecf4e,bfd0419be047fa1bee78847d1b9cf917583b3615219bedd239ca269804f2e266
xcheck-r5-heldout-b8-rho0.7,r5-heldout-b8-rho0.7,contra_d06_p00,4c535e91015b8281efb64b8f5557c6c0b4becc4f9344b5fbc46c6312da3e766e,e0162f0318424aa11e12f99cad267dc826b68406ca36749e522151cd23002f5b
xcheck-r5-heldout-b8-rho0.7,r5-heldout-b8-rho0.7,contra_d08_p00,579ec34734d2e4b8b6281ecf754221fccf55a9101c28031631e3e2e0e16864f3,baf0b97b513932fe93f19aad9106b9cb32ac0b297cb02bd52cc4bd20b312b364
xcheck-r5-heldout-b8-rho0.7,r5-heldout-b8-rho0.7,contra_d10_p00,b84ef86591b719f1a567b8a4f773f3bab7b2528f11b9a6b08315dd3758282c7a,860c7afcdd2884be5f29b5a289d6fa092c85082580d24676d680d1bf6406cf3e
xcheck-r5-heldout-b8-rho0.7,r5-heldout-b8-rho0.7,contra_d12_p00,5443152f7fb03b40bc196e0d691ebd6181707d5b09ff24790b5a7bf3966d3bf6,17618f7df0d3410448398c53df5219db46a7cb2a2bc32abd6df6480638ab694b
xcheck-r5-heldout-b8-rho0.7,r5-heldout-b8-rho0.7,contra_d14_p00,50485d3bdbb725cfddd8dc99eb95da7effd2e799aa18481b69baed1e1106f693,580926775cb79301fcbfe19c1c93f6c21e833bc04d6cda56360b07654b0939e1
xcheck-r5-heldout-b8-rho0.7,r5-heldout-b8-rho0.7,never_escalate,b32df73ce12a062bc7f0525841c68c59348b3765fdda23363905f0a5cf8d40eb,c82175e344bd216e2ba4220c4f0755452875a5774280287c63c14236f487d2ca
xcheck-r5-heldout-b8-rho0.7,r5-heldout-b8-rho0.7,oracle_decoy_privileged,ddfc4df660023f6227e4c918d8d8263f0196c43c429c866e9a056425d0afcf5d,42895c732e7e3bd11ad005141f6dbe2d0504a9f6c91fedce26cf59446e2c0da5
xcheck-r5-heldout-b8-rho0.7,r5-heldout-b8-rho0.7,oracle_escalation_privileged,99f7d9fd5060e26d80a5de2e9d7ae09c8eae3b45c3315e01331e5bc74a4dc239,9ccaa97047885e68dd6dc220e64453051530d3a09a2ce1a83947ba54438ddb45
xcheck-r5-heldout-b8-rho0.7,r5-heldout-b8-rho0.7,oracle_selection_d16_privileged,3ea08c50a2f034594e8bdeb9296ce1d9c5357710a75caac0ccf933ecfd8b192a,74572326994a31e52ae27da13237b93e8d6279f82e46b175fd0d1055bc1ad8cd
xcheck-r5-heldout-b8-rho0.7,r5-heldout-b8-rho0.7,periodic_t30,a3bf05eb7193bf607facf8de6f9a9a6420468a47589ee939b5f3100e8f8c050f,5254d171a9d05e2602358b1080e389e04a82dfb6d579d7fa31dbeda05091376b
xcheck-r5-heldout-b8-rho0.7,r5-heldout-b8-rho0.7,periodic_t45,9d55107bb7d08d105d422471085ada0f4f4452cc69d38c1387f31f30cc673083,b2bb8038c6411fdec82cf70c77dc2b4c3db0cc243de9fa2d814112903326dc40
xcheck-r5-heldout-b8-rho0.7,r5-heldout-b8-rho0.7,random_p003_d00,078801afff9ece0cdb2d895785713f0e8c305295cc2ebc9722852bd528c57c26,6cadb8fc857c883f8f7a4a3d0dd073f68f097e2575f9ff19bfc605fe462c4538
xcheck-r5-heldout-b8-rho0.7,r5-heldout-b8-rho0.7,random_p003_d06,77ef0ee35f9b14fc7bfb16b4b3cbfd7dd6d823038a406b6f877149ddda93bb46,6dff19def3109f374b83592a2b0f55d53bbb4995e7c04bfd533b303a0a16f237
xcheck-r5-heldout-b8-rho0.7,r5-heldout-b8-rho0.7,random_p003_d10,8977159e78352682ba9db39bdbc6b8d3cc2f327eecd9c3f39de7c91409d518d0,8e7c41ec34eeb3b372c72082ca73e495db106bc9a97aabc48aa0dfeecb8c0b8f
xcheck-r5-heldout-b8-rho0.7,r5-heldout-b8-rho0.7,random_p003_d14,7b93a63d8a8dc0f9d19a2e6951861435456efcfed49374562c9f90d35e92703e,00384036cd5102c8dea3e3beb241b400ef5b56ec807aaedcbc6f4e10939d158c
xcheck-r5-heldout-b8-rho0.7,r5-heldout-b8-rho0.7,random_p006_d10,d63dd0e2bafbed23eedcaea4d2baced0acedc2ecce4602e6fa450b3e82df13da,80063a21c1f26b9178cba531b25ff2d321cae3b30b3417fb44e0505dda36bae8
xcheck-r5-heldout-b8-rho0.7,r5-heldout-b8-rho0.7,random_p006_d14,0f502500ff8270cf47410c458bed573babad47ae733ebad7246873a5a9ec5333,b60c040b180c1e2e5dabefd891aacfd7ac687b3af60fcc22e7b409ce88cfecfb
xcheck-r5-heldout-b8-rho0.7,r5-heldout-b8-rho0.7,random_p012_d14,181acdd3fa24390403a49072a1624efc58736e68deccef48d8cf2cb0955c5b59,ad60853e84bb463d1049a906bc65fdfde72e46f62bbda4637449d70173fa07e5
xcheck-r5-heldout-b8-rho0.7,r5-heldout-b8-rho0.7,random_p025_d10,f13cda6ca51a322deff8108654dce7c46734b7d47c558188ae9f68786a5593ff,54a215fa4532be79610c3e1d9171b80843bf2c91446b4b171ccc2524a668249b
xcheck-r5-heldout-b8-rho0.7,r5-heldout-b8-rho0.7,random_p025_d14,499df5162bd6f209a8f9bed0137e8350fb18a0e45bdcb9ae08e1e0e21855a46d,e977bbe8797efebca9d94f3b5c78a9756b5a28cfd6512299eb49fbb448d9c062
xcheck-r5-heldout-b8-rho0.7,r5-heldout-b8-rho0.7,random_p050_d10,4c6286ec270ff1369d98e264ecd6e155a639cee306cd5fa3c5b65abea7907d59,d1f0c35be90fbc471cc43b4c2574603b7d19c99314698f9f850c0c5820febcf6
xcheck-r5-heldout-b8-rho0.7,r5-heldout-b8-rho0.7,random_p050_d14,9f82b15dcfb4f59ca99d79a933da2410ff1cd346a3780fdd69a64191598a506e,b6f1fe4d08100fabba26d69cbc667423c2db75e285666e97cffd750bb907c273
xcheck-r5-heldout-b8-rho0.7,r5-heldout-b8-rho0.7,random_p080_d10,8d19dc2090e57d0c413a15114189547310460ecf8f4cdc5c84790fda9434c27c,1b9e61c38a47298cd1b666e4c418141b0bff0cd0662cc6c5499f9039a12f1574
xcheck-r5-heldout-b8-rho0.7,r5-heldout-b8-rho0.7,random_p080_d14,f86e60d6bf3a84707d914459b457729adf045ea021aeae4c462fbdd91d0d240b,6cbb62921ef8432bdd23c610f3e11475fe07bbb79853805fbd6866b5b70e1990
xcheck-r5-heldout-b8-rho0.7,r5-heldout-b8-rho0.7,thr_tau20_w02,838282fb8bfc612069b8ea26a55a259b168a868a45a45d1669f99aa63c7e1949,05d32bb6b7864c91f155cd40abbaf384d9800b967e84429fd0168fa7fbc4c73a
xcheck-r5-heldout-b8-rho0.7,r5-heldout-b8-rho0.7,thr_tau20_w06,ba832f8998045e3560d3fefc8f9527882151d07277f4a810d5b191c4058ee0aa,a43a35bc4bc6f5c9948b03b39f4e23ef7782484a2d402f98d5ec3ab52b8b8b2a
xcheck-r5-heldout-b8-rho0.7,r5-heldout-b8-rho0.7,thr_tau20_w12,b08e77ef0b4baf473ab1555a522e16b6fb11b9ef9f1ee9acf7e068318d483496,94e88c8704976b2ea6d68d5b11e4cebbd7173b5837339e374278bf146b8e2438
xcheck-r5-heldout-b8-rho0.7,r5-heldout-b8-rho0.7,thr_tau20_w20,57ec052e60b259f4accc21b9a1bac656fd0f4489b3e1f7a6074e8f24c845deb1,1a76ecd38a25c1a6f44ef967914614f2a08c87a26df063a07bb3d93537265cf4
xcheck-r5-heldout-b8-rho0.7,r5-heldout-b8-rho0.7,thr_tau20_w40,c9e3737b8e9a13663bca0dba7e0bfb66aeefdd87b0d5cba0ea4666c8933f00da,eddffa0dcdf2ae1176f9098e57041f16b9adf865fc7c9f7b1a1af5540217d421
xcheck-r5-heldout-b8-rho0.7,r5-heldout-b8-rho0.7,thr_tau4_w20,c3739ddfb6a997fb51938ca5a42b4d16f662fb103a6464d244e6cd5cfcc7ae35,071c1a579bdea6e44fe02235da71f6ca6a266d8234e8091ede975984cf24ffac
xcheck-r5-heldout-b8-rho0.7,r5-heldout-b8-rho0.7,thr_tau4_w40,8c451c3dfb3b4818c70d2ec1dd3d6bb2dc31e2a8b62f32118577f52fcc068d59,192d7847cffdccf3767a219a341124aad9128a034c6f0757f14240c575d91842
xcheck-r5-heldout-b8-rho0.7,r5-heldout-b8-rho0.7,thr_tau5_w20,5882b10abb59af474d87d31836722091fa4e791992ea83ff5fce209faaf76b29,834c45a56f187c863400bfa08be8bacc4ed397c96ac69c5340825f057506a471
xcheck-r5-heldout-b8-rho0.7,r5-heldout-b8-rho0.7,thr_tau5_w40,481536b07db9b9509a69df5791715507467bbbe5c0a7370760c9580199ce863a,f4bba2d467d4c0bd37b79fb63ff07d4ab05deb9c2f8cd5dacd4865268e96b9f9
xcheck-r5-heldout-b8-rho0.7,r5-heldout-b8-rho0.7,thr_tau6_w12,7ca277b8aa2e9f32d69e4a3652fb7352ca387618a289793e22b9297f186da470,bc43816824be27e4bf53f0d8c6453ccd37793f7dc27471e74d35b913a4841105
xcheck-r5-heldout-b8-rho0.7,r5-heldout-b8-rho0.7,thr_tau6_w20,f8327ff1b8dbb1d7f84d85718a3459839133f3002d2da2bc49a3dd2da1956acc,b16af31ff10a09be86d87ed7a4c67cf40b1192c02981009c1457028b9949ffa7
xcheck-r5-heldout-b8-rho0.7,r5-heldout-b8-rho0.7,thr_tau6_w40,cac424ef3221f545edd86422fccf0857bf1bb08fbff3b171042f9f16d025bf76,4c9cc6c490bb2847312b40bb077f9b94754069b621ac452f9816b717334db510
xcheck-r5-heldout-b8-rho0.7,r5-heldout-b8-rho0.7,thr_tau8_w12,9dd5363979e22bc0054864f54bbe7c95e671bdc86a9715a5bd33c6141c1dd3d1,a0a933f1c3f8b618081823de5ecd4cf53be8d2ed2268d7e54e8153181d0bbd8e
