arm,kind,seed,incident,family,call_at_s,onset_to_call_s,decisive,arrived,in_context,context_refs,status,predicted_context_matches
sel_coc_d08000_n256_privileged,cooccur,31000,30,slow_leak,562.5,38.650537083,3,3,0,161,lacking,True
sel_coc_d08000_n256_privileged,cooccur,31001,2,slow_leak,80.5,32.693058688,3,3,2,131,lacking,True
sel_coc_d08000_n256_privileged,cooccur,31002,9,slow_leak,183.5,56.738628882,3,3,2,256,lacking,True
sel_coc_d08000_n256_privileged,cooccur,31002,14,split_brain,274.5,22.892062346,7,7,7,244,complete,True
sel_coc_d08000_n256_privileged,cooccur,31003,5,split_brain,142.0,16.525284706,6,6,6,131,complete,True
sel_coc_d08000_n256_privileged,cooccur,31003,13,split_brain,219.5,23.344976849,7,7,7,256,complete,True
sel_coc_d08000_n256_privileged,cooccur,31003,15,split_brain,321.5,23.96105172,6,6,6,217,complete,True
sel_coc_d08000_n256_privileged,cooccur,31004,22,split_brain,541.0,21.43241657,3,3,3,204,complete,True
sel_coc_d08000_n256_privileged,cooccur,31005,11,slow_leak,235.5,31.007414208,3,3,3,148,complete,True
sel_coc_d08000_n256_privileged,cooccur,31005,21,compound,436.5,16.30732197,5,5,5,183,complete,True
sel_coc_d08000_n256_privileged,cooccur,31005,26,split_brain,494.5,21.054575877,8,8,8,164,complete,True
sel_coc_d08000_n256_privileged,cooccur,31006,15,split_brain,352.0,23.076252156,8,8,8,178,complete,True
sel_coc_d08000_n256_privileged,cooccur,31008,19,compound,490.5,22.872966883,4,4,4,196,complete,True
sel_coc_d08000_n256_privileged,cooccur,31009,18,cascade,395.0,21.379454748,6,6,6,140,complete,True
sel_coc_d08000_n256_privileged,cooccur,31009,21,split_brain,464.5,20.779782143,8,8,8,129,complete,True
sel_coc_d08000_n256_privileged,cooccur,31010,9,cascade,364.0,23.720776938,6,6,6,142,complete,True
sel_coc_d08000_n256_privileged,cooccur,31011,16,compound,405.5,21.02888302,7,7,7,142,complete,True
sel_coc_d08000_n256_privileged,cooccur,31013,12,slow_leak,344.0,35.119159391,3,3,0,145,lacking,True
sel_coc_d08000_n256_privileged,cooccur,31013,15,split_brain,409.000007948,16.34227666,7,7,7,166,complete,True
sel_coc_d08000_n256_privileged,cooccur,31013,23,split_brain,486.0,19.468673024,8,8,8,225,complete,True
sel_coc_d08000_n256_privileged,cooccur,31014,3,split_brain,101.5,21.994782629,7,7,7,198,complete,True
sel_coc_d08000_n256_privileged,cooccur,31014,7,cascade,201.0,17.51208274,8,8,8,170,complete,True
sel_coc_d08000_n256_privileged,cooccur,31015,2,split_brain,68.0,20.32167158,4,4,4,170,complete,True
sel_coc_d08000_n256_privileged,cooccur,31015,6,slow_leak,143.5,31.059074992,5,5,2,194,lacking,True
sel_coc_d08000_n256_privileged,cooccur,31015,17,split_brain,331.0,23.459078621,4,4,4,256,complete,True
sel_coc_d08000_n256_privileged,cooccur,31016,5,compound,56.0,18.470324064,4,4,4,182,complete,True
sel_coc_d08000_n256_privileged,cooccur,31016,19,cascade,394.5,17.571090019,9,9,9,153,complete,True
sel_coc_d08000_n256_privileged,cooccur,31016,21,compound,437.0,20.593607551,4,4,4,174,complete,True
sel_coc_d08000_n256_privileged,cooccur,31017,12,split_brain,440.0,19.362123786,4,4,4,145,complete,True
sel_coc_d08000_n256_privileged,cooccur,31019,9,split_brain,365.5,19.83403221,8,8,8,150,complete,True
sel_coc_d08000_n256_privileged,cooccur,31019,13,cascade,466.5,17.507965758,10,10,10,178,complete,True
sel_coc_d08000_n256_privileged,cooccur,31020,10,split_brain,214.5,16.057070906,7,7,7,136,complete,True
sel_coc_d08000_n256_privileged,cooccur,31020,23,slow_leak,575.5,44.937448033,3,3,2,256,lacking,True
sel_coc_d08000_n256_privileged,cooccur,31022,18,cascade,385.5,21.186455883,6,6,6,160,complete,True
sel_coc_d08000_n256_privileged,cooccur,31024,7,cascade,138.0,18.342500678,5,5,5,179,complete,True
sel_coc_d08000_n256_privileged,cooccur,31024,11,slow_leak,305.0,28.598960995,3,3,2,149,lacking,True
sel_coc_d08000_n256_privileged,cooccur,31024,13,cascade,360.5,17.216638508,5,5,5,124,complete,True
sel_coc_d08000_n256_privileged,cooccur,31025,5,cascade,217.0,19.377759786,3,3,3,203,complete,True
sel_coc_d08000_n256_privileged,cooccur,31026,7,split_brain,156.5,48.411870614,7,7,0,256,lacking,True
sel_coc_d08000_n256_privileged,cooccur,31026,15,split_brain,300.0,23.074921067,3,3,3,239,complete,True
sel_coc_d08000_n256_privileged,cooccur,31026,26,compound,458.5,17.455136422,5,5,5,183,complete,True
sel_coc_d08000_n256_privileged,cooccur,31026,28,split_brain,542.0,41.981941804,8,8,0,256,lacking,True
sel_coc_d08000_n256_privileged,cooccur,31026,28,split_brain,597.0,96.981941804,8,8,0,256,lacking,True
sel_coc_d08000_n256_privileged,cooccur,31027,8,cascade,222.0,19.540594096,5,5,5,214,complete,True
sel_coc_d08000_n256_privileged,cooccur,31028,9,split_brain,174.0,19.704870598,8,8,8,203,complete,True
sel_coc_d08000_n256_privileged,cooccur,31030,10,split_brain,205.0,17.314422269,7,7,7,215,complete,True
sel_coc_d08000_n256_privileged,cooccur,31031,6,cascade,189.0,18.492037136,9,9,9,156,complete,True
sel_coc_d08000_n256_privileged,cooccur,31031,24,compound,510.0,22.233295655,8,8,8,163,complete,True
sel_coc_d08000_n256_privileged,cooccur,31032,13,slow_leak,408.5,30.902714073,3,3,3,125,complete,True
sel_coc_d08000_n256_privileged,cooccur,31033,2,split_brain,92.0,19.95225382,6,6,6,161,complete,True
sel_coc_d08000_n256_privileged,cooccur,31033,9,compound,204.5,20.076461646,4,4,4,206,complete,True
sel_coc_d08000_n256_privileged,cooccur,31033,24,compound,511.0,16.03831132,3,3,3,170,complete,True
sel_coc_d08000_n256_privileged,cooccur,31034,0,slow_leak,33.0,29.514051459,4,4,3,156,lacking,True
sel_coc_d08000_n256_privileged,cooccur,31034,7,compound,164.0,31.374230088,5,5,3,180,lacking,True
sel_coc_d08000_n256_privileged,cooccur,31034,15,slow_leak,267.0,35.291260481,4,4,3,182,lacking,True
sel_coc_d08000_n256_privileged,cooccur,31035,2,cascade,94.0,16.51320421,8,8,8,171,complete,True
sel_coc_d08000_n256_privileged,cooccur,31036,5,cascade,149.0,16.234560188,8,8,4,118,lacking,True
sel_coc_d08000_n256_privileged,cooccur,31036,6,slow_leak,193.5,31.665439099,4,4,1,131,lacking,True
sel_coc_d08000_n256_privileged,cooccur,31037,18,slow_leak,434.0,29.605088824,4,4,4,256,complete,True
sel_coc_d08000_n256_privileged,cooccur,31038,9,split_brain,270.5,23.689332476,5,5,5,200,complete,True
sel_coc_d08000_n256_privileged,cooccur,31038,12,compound,342.0,16.032408185,3,3,3,119,complete,True
sel_coc_d08000_n256_privileged,cooccur,31038,13,slow_leak,386.5,33.65349188,5,5,1,220,lacking,True
sel_coc_d08000_n256_privileged,cooccur,31040,5,split_brain,63.0,16.374519678,3,3,3,148,complete,True
sel_coc_d08000_n256_privileged,cooccur,31040,9,split_brain,178.5,60.929878153,3,3,0,256,lacking,True
sel_coc_d08000_n256_privileged,cooccur,31040,12,split_brain,232.5,21.459261621,6,6,6,198,complete,True
sel_coc_d08000_n256_privileged,cooccur,31040,21,slow_leak,382.0,34.878383819,4,4,0,188,lacking,True
sel_coc_d08000_n256_privileged,cooccur,31040,30,slow_leak,542.0,29.521031193,5,5,5,206,complete,True
sel_coc_d08000_n256_privileged,cooccur,31041,1,compound,44.0,18.371515046,8,8,8,139,complete,True
sel_coc_d08000_n256_privileged,cooccur,31041,5,compound,162.0,20.019066384,7,7,7,167,complete,True
sel_coc_d08000_n256_privileged,cooccur,31042,10,compound,226.0,19.004747839,3,3,3,198,complete,True
sel_coc_d08000_n256_privileged,cooccur,31042,11,compound,265.0,16.753167793,4,4,4,129,complete,True
sel_coc_d08000_n256_privileged,cooccur,31042,19,compound,451.5,19.554523664,4,4,4,122,complete,True
sel_coc_d08000_n256_privileged,cooccur,31042,21,compound,555.5,16.261674331,4,4,4,117,complete,True
sel_coc_d08000_n256_privileged,cooccur,31043,6,cascade,205.0,20.013917527,4,4,4,145,complete,True
sel_coc_d08000_n256_privileged,cooccur,31044,10,split_brain,300.5,44.858904884,4,4,0,211,lacking,True
sel_coc_d08000_n256_privileged,cooccur,31045,22,compound,368.0,22.572069003,6,6,6,168,complete,True
sel_coc_d08000_n256_privileged,cooccur,31046,0,compound,37.5,19.125832169,8,8,8,132,complete,True
sel_coc_d08000_n256_privileged,cooccur,31046,12,compound,194.0,18.95070339,6,6,6,157,complete,True
sel_coc_d08000_n256_privileged,cooccur,31046,26,compound,373.5,29.004127088,5,5,5,241,complete,True
sel_coc_d08000_n256_privileged,cooccur,31046,33,compound,439.5,19.816505012,5,5,5,186,complete,True
sel_coc_d08000_n256_privileged,cooccur,31047,27,compound,415.0,17.327713509,4,4,4,157,complete,True
sel_coc_d08000_n256_privileged,cooccur,31047,31,compound,498.5,17.796420208,5,5,5,196,complete,True
sel_coc_d08000_n256_privileged,cooccur,31048,13,compound,180.5,23.763299493,6,6,6,225,complete,True
sel_coc_d08000_n256_privileged,cooccur,31048,18,cascade,314.5,22.145223352,9,9,8,207,lacking,True
sel_coc_d08000_n256_privileged,cooccur,31048,34,compound,549.0,28.593310259,4,4,4,174,complete,True
sel_coc_d08000_n256_privileged,cooccur,31049,29,cascade,370.0,20.090962089,8,8,8,256,complete,True
sel_coc_d08000_n256_privileged,cooccur,31049,34,compound,470.5,19.758046438,5,5,5,192,complete,True
sel_coc_d08000_n256_privileged,cooccur,31050,15,split_brain,390.0,17.368416906,5,5,5,142,complete,True
sel_coc_d08000_n256_privileged,cooccur,31051,10,cascade,129.0,22.030040954,7,7,7,183,complete,True
sel_coc_d08000_n256_privileged,cooccur,31051,13,split_brain,196.0,45.17089353,5,5,0,256,lacking,True
sel_coc_d08000_n256_privileged,cooccur,31051,19,split_brain,294.0,22.065385879,5,5,5,175,complete,True
sel_coc_d08000_n256_privileged,cooccur,31051,25,split_brain,435.0,20.792014883,4,4,4,256,complete,True
sel_coc_d08000_n256_privileged,cooccur,31051,29,split_brain,551.0,16.244248953,3,3,3,124,complete,True
sel_coc_d08000_n256_privileged,cooccur,31052,0,split_brain,20.5,19.050639391,6,6,6,109,complete,True
sel_coc_d08000_n256_privileged,cooccur,31052,4,slow_leak,77.5,32.876866484,3,3,3,250,complete,True
sel_coc_d08000_n256_privileged,cooccur,31052,6,split_brain,84.5,20.963941779,3,3,3,174,complete,True
sel_coc_d08000_n256_privileged,cooccur,31052,10,split_brain,247.5,23.309181052,4,4,4,184,complete,True
sel_coc_d08000_n256_privileged,cooccur,31052,20,compound,504.5,16.346043885,7,7,7,159,complete,True
sel_coc_d08000_n256_privileged,cooccur,31055,12,slow_leak,206.5,33.568142969,5,5,3,185,lacking,True
sel_coc_d08000_n256_privileged,cooccur,31056,13,compound,307.5,17.73485221,6,6,6,187,complete,True
sel_coc_d08000_n256_privileged,cooccur,31057,2,slow_leak,73.0,32.683342457,5,5,2,228,lacking,True
sel_coc_d08000_n256_privileged,cooccur,31057,29,slow_leak,572.5,33.68734963,3,3,3,157,complete,True
sel_coc_d08000_n256_privileged,cooccur,31058,9,split_brain,261.0,20.923922323,4,4,4,174,complete,True
sel_coc_d08000_n256_privileged,cooccur,31058,11,compound,327.0,19.110220914,5,5,5,136,complete,True
sel_coc_d08000_n256_privileged,cooccur,31058,17,cascade,467.0,20.093058712,4,4,4,179,complete,True
sel_coc_d08000_n256_privileged,cooccur,31058,18,compound,476.5,16.47525379,5,5,5,163,complete,True
sel_coc_d08000_n256_privileged,cooccur,31058,19,split_brain,554.5,21.018451895,6,6,6,151,complete,True
sel_coc_d08000_n256_privileged,cooccur,31059,0,compound,33.0,18.94340204,3,3,3,114,complete,True
sel_coc_d08000_n256_privileged,cooccur,31059,15,slow_leak,388.0,35.974610988,5,5,2,241,lacking,True
sel_coc_d08000_n256_privileged,cooccur,31059,27,cascade,466.0,18.487357015,6,6,6,253,complete,True
sel_coc_d08000_n256_privileged,cooccur,31059,33,split_brain,545.0,18.633400976,8,8,8,185,complete,True
sel_coc_d08000_n256_privileged,cooccur,31060,8,slow_leak,223.0,31.624785237,3,3,3,194,complete,True
sel_coc_d08000_n256_privileged,cooccur,31060,19,slow_leak,435.5,32.744903322,3,3,0,252,lacking,True
sel_coc_d08000_n256_privileged,cooccur,31061,21,split_brain,456.5,22.622436495,3,3,3,193,complete,True
sel_coc_d08000_n256_privileged,cooccur,31061,23,split_brain,511.5,27.854306784,7,7,2,187,lacking,True
sel_coc_d08000_n256_privileged,cooccur,31062,4,slow_leak,168.5,31.51356403,5,5,4,184,lacking,True
sel_coc_d08000_n256_privileged,cooccur,31062,15,compound,367.5,19.884531111,4,4,4,183,complete,True
sel_coc_d08000_n256_privileged,cooccur,31063,2,compound,76.0,21.767042335,5,5,5,138,complete,True
sel_coc_d08000_n256_privileged,cooccur,31063,18,slow_leak,343.0,31.985603071,5,5,2,195,lacking,True
sel_coc_d08000_n256_privileged,cooccur,31064,0,compound,77.0,18.160491085,4,4,4,104,complete,True
sel_coc_d08000_n256_privileged,cooccur,31064,8,compound,313.500003407,17.38583372,5,5,5,109,complete,True
sel_coc_d08000_n256_privileged,cooccur,31065,2,cascade,167.500003664,19.906355868,8,8,7,127,lacking,True
sel_coc_d08000_n256_privileged,cooccur,31066,19,cascade,402.5,19.530520733,3,3,3,175,complete,True
sel_coc_d08000_n256_privileged,cooccur,31068,2,split_brain,100.0,16.220134193,5,5,5,142,complete,True
sel_coc_d08000_n256_privileged,cooccur,31068,11,split_brain,233.0,23.988057278,3,3,3,211,complete,True
sel_coc_d08000_n256_privileged,cooccur,31068,15,cascade,329.5,19.573453738,7,7,7,173,complete,True
sel_coc_d08000_n256_privileged,cooccur,31068,29,split_brain,553.5,17.031217834,4,4,4,195,complete,True
sel_coc_d08000_n256_privileged,cooccur,31068,29,split_brain,559.5,23.031217834,4,4,4,256,complete,True
sel_coc_d08000_n256_privileged,cooccur,31069,0,compound,56.000004155,16.302551397,4,4,4,112,complete,True
sel_coc_d08000_n256_privileged,cooccur,31069,4,split_brain,149.0,19.603179456,6,6,6,180,complete,True
sel_coc_d08000_n256_privileged,cooccur,31069,11,split_brain,310.5,17.133663993,5,5,5,149,complete,True
sel_coc_d08000_n256_privileged,cooccur,31069,15,split_brain,409.5,19.116424553,7,7,7,169,complete,True
sel_coc_d08000_n256_privileged,cooccur,31069,21,split_brain,543.5,19.684697896,6,6,6,165,complete,True
sel_coc_d08000_n256_privileged,cooccur,31070,8,compound,110.0,20.497575428,6,6,6,251,complete,True
sel_coc_d08000_n256_privileged,cooccur,31070,14,compound,234.5,17.173480424,7,7,7,171,complete,True
sel_coc_d08000_n256_privileged,cooccur,31071,5,compound,163.500003887,16.373832602,5,5,5,157,complete,True
sel_coc_d08000_n256_privileged,cooccur,31071,9,compound,179.5,16.292353251,5,5,5,222,complete,True
sel_coc_d08000_n256_privileged,cooccur,31071,6,slow_leak,190.0,39.509220496,4,4,0,240,lacking,True
sel_coc_d08000_n256_privileged,cooccur,31072,12,cascade,289.0,20.518207928,3,3,3,243,complete,True
sel_coc_d08000_n256_privileged,cooccur,31072,19,cascade,421.0,19.326727135,5,5,5,245,complete,True
sel_coc_d08000_n256_privileged,cooccur,31072,26,compound,534.5,16.438184925,6,6,6,160,complete,True
sel_coc_d08000_n256_privileged,cooccur,31073,2,split_brain,64.5,16.367897508,4,4,4,159,complete,True
sel_coc_d08000_n256_privileged,cooccur,31073,2,split_brain,67.0,18.867897508,4,4,4,178,complete,True
sel_coc_d08000_n256_privileged,cooccur,31073,12,split_brain,216.5,21.607626511,5,5,5,205,complete,True
sel_coc_d08000_n256_privileged,cooccur,31073,13,split_brain,285.0,18.238541912,3,3,3,120,complete,True
sel_coc_d08000_n256_privileged,cooccur,31073,24,split_brain,455.5,16.174833142,5,5,5,140,complete,True
sel_coc_d08000_n256_privileged,cooccur,31074,0,split_brain,61.5,18.054193902,4,4,4,89,complete,True
sel_coc_d08000_n256_privileged,cooccur,31074,5,split_brain,158.5,20.832423093,4,4,4,198,complete,True
sel_coc_d08000_n256_privileged,cooccur,31074,6,slow_leak,193.0,42.068574385,4,4,0,167,lacking,True
sel_coc_d08000_n256_privileged,cooccur,31074,22,split_brain,479.0,23.38788574,5,5,5,157,complete,True
sel_coc_d08000_n256_privileged,cooccur,31075,2,cascade,74.5,18.532893191,8,8,8,171,complete,True
sel_coc_d08000_n256_privileged,cooccur,31077,0,cascade,19.0,16.118267672,3,3,3,111,complete,True
sel_coc_d08000_n256_privileged,cooccur,31077,27,compound,473.0,20.787592724,4,4,4,178,complete,True
sel_coc_d08000_n256_privileged,cooccur,31078,5,slow_leak,60.0,31.016312408,3,3,2,256,lacking,True
sel_coc_d08000_n256_privileged,cooccur,31078,16,compound,341.5,22.027262983,3,3,3,191,complete,True
sel_coc_d08000_n256_privileged,cooccur,31078,18,cascade,394.5,20.625995838,5,5,5,171,complete,True
sel_coc_d08000_n256_privileged,cooccur,31079,6,split_brain,198.5,21.973622939,3,3,3,166,complete,True
sel_coc_d08000_n256_privileged,cooccur,31079,12,split_brain,270.5,21.5227449,3,3,3,220,complete,True
sel_coc_d08000_n256_privileged,cooccur,31080,9,compound,106.5,16.239001141,4,4,4,256,complete,True
sel_coc_d08000_n256_privileged,cooccur,31080,30,compound,449.5,21.064798668,5,5,5,256,complete,True
sel_coc_d08000_n256_privileged,cooccur,31080,33,slow_leak,517.5,40.057028695,4,4,3,256,lacking,True
sel_coc_d08000_n256_privileged,cooccur,31081,11,compound,315.5,24.150486731,5,5,5,228,complete,True
sel_coc_d08000_n256_privileged,cooccur,31081,17,compound,409.0,18.668520404,6,6,6,218,complete,True
sel_coc_d08000_n256_privileged,cooccur,31081,18,cascade,414.5,18.359201571,10,10,10,216,complete,True
sel_coc_d08000_n256_privileged,cooccur,31082,12,split_brain,209.5,19.108881937,7,7,7,201,complete,True
sel_coc_d08000_n256_privileged,cooccur,31082,18,compound,344.0,23.104114617,8,8,8,142,complete,True
sel_coc_d08000_n256_privileged,cooccur,31083,10,compound,108.5,21.230351004,4,4,4,256,complete,True
sel_coc_d08000_n256_privileged,cooccur,31083,12,compound,121.0,21.132128112,5,5,5,256,complete,True
sel_coc_d08000_n256_privileged,cooccur,31083,21,cascade,437.0,19.922311997,7,7,7,154,complete,True
sel_coc_d08000_n256_privileged,cooccur,31084,9,compound,180.0,16.422442252,4,4,4,213,complete,True
sel_coc_d08000_n256_privileged,cooccur,31084,15,compound,263.5,16.210646572,4,4,4,170,complete,True
sel_coc_d08000_n256_privileged,cooccur,31084,24,compound,419.5,22.579775711,6,6,6,241,complete,True
sel_coc_d08000_n256_privileged,cooccur,31084,27,split_brain,452.0,21.201865256,7,7,7,161,complete,True
sel_coc_d08000_n256_privileged,cooccur,31085,20,split_brain,442.5,31.029298276,6,6,1,256,lacking,True
sel_coc_d08000_n256_privileged,cooccur,31086,21,split_brain,298.5,22.373936907,8,8,8,182,complete,True
sel_coc_d08000_n256_privileged,cooccur,31086,31,compound,469.0,21.799828866,4,4,4,235,complete,True
sel_coc_d08000_n256_privileged,cooccur,31087,1,cascade,25.5,16.355634742,5,5,5,150,complete,True
sel_coc_d08000_n256_privileged,cooccur,31088,33,compound,476.5,22.703614117,5,5,4,256,lacking,True
sel_coc_d08000_n256_privileged,cooccur,31089,23,compound,389.000008902,18.577210217,5,5,5,165,complete,True
sel_coc_d08000_n256_privileged,cooccur,31089,34,compound,544.0,16.20824963,5,5,5,114,complete,True
sel_coc_d08000_n256_privileged,cooccur,31090,6,compound,72.000003609,20.616879044,4,4,4,256,complete,True
sel_coc_d08000_n256_privileged,cooccur,31090,11,compound,160.0,22.902928275,7,7,7,95,complete,True
sel_coc_d08000_n256_privileged,cooccur,31090,22,compound,300.0,22.328237004,4,4,4,214,complete,True
sel_coc_d08000_n256_privileged,cooccur,31090,23,split_brain,309.0,23.319939724,6,6,6,231,complete,True
sel_coc_d08000_n256_privileged,cooccur,31091,4,compound,125.0,16.490202693,4,4,4,152,complete,True
sel_coc_d08000_n256_privileged,cooccur,31091,10,cascade,247.0,16.482694117,5,5,5,130,complete,True
sel_coc_d08000_n256_privileged,cooccur,31091,14,compound,469.0,16.529904112,7,7,7,134,complete,True
sel_coc_d08000_n256_privileged,cooccur,31093,13,split_brain,439.5,17.970049841,8,8,8,151,complete,True
sel_coc_d08000_n256_privileged,cooccur,31095,0,compound,16.5,16.387931028,5,5,5,91,complete,True
sel_coc_d08000_n256_privileged,cooccur,31095,2,compound,183.0,16.119972369,4,4,4,93,complete,True
sel_coc_d08000_n256_privileged,cooccur,31096,18,split_brain,370.5,18.501204442,6,6,6,167,complete,True
sel_coc_d08000_n256_privileged,cooccur,31097,1,compound,28.0,18.668322226,5,5,5,143,complete,True
sel_coc_d08000_n256_privileged,cooccur,31097,4,compound,117.5,29.010799498,6,6,5,137,lacking,True
sel_coc_d08000_n256_privileged,cooccur,31097,9,compound,184.0,19.522162384,6,6,6,149,complete,True
sel_coc_d08000_n256_privileged,cooccur,31097,12,compound,318.5,20.059593,6,6,6,162,complete,True
sel_coc_d08000_n256_privileged,cooccur,31097,22,split_brain,558.5,18.951859296,7,7,2,145,lacking,True
sel_coc_d08000_n256_privileged,cooccur,31099,2,compound,93.5,16.046215922,3,3,3,146,complete,True
sel_coc_d08000_n256_privileged,cooccur,31099,14,compound,280.0,16.069623643,5,5,5,177,complete,True
sel_coc_d08000_n256_privileged,cooccur,31099,19,cascade,418.5,16.444193925,4,4,4,180,complete,True
sel_coc_d16000_n256_privileged,cooccur,31000,30,slow_leak,562.5,38.650537083,3,3,0,191,lacking,True
sel_coc_d16000_n256_privileged,cooccur,31001,2,slow_leak,80.5,32.693058688,3,3,2,131,lacking,True
sel_coc_d16000_n256_privileged,cooccur,31002,9,slow_leak,183.5,56.738628882,3,3,2,256,lacking,True
sel_coc_d16000_n256_privileged,cooccur,31002,14,split_brain,274.5,22.892062346,7,7,7,244,complete,True
sel_coc_d16000_n256_privileged,cooccur,31003,5,split_brain,142.0,16.525284706,6,6,6,178,complete,True
sel_coc_d16000_n256_privileged,cooccur,31003,13,split_brain,219.5,23.344976849,7,7,7,256,complete,True
sel_coc_d16000_n256_privileged,cooccur,31003,15,split_brain,321.5,23.96105172,6,6,6,217,complete,True
sel_coc_d16000_n256_privileged,cooccur,31004,22,split_brain,541.0,21.43241657,3,3,3,204,complete,True
sel_coc_d16000_n256_privileged,cooccur,31005,11,slow_leak,235.5,31.007414208,3,3,3,148,complete,True
sel_coc_d16000_n256_privileged,cooccur,31005,21,compound,436.5,16.30732197,5,5,5,214,complete,True
sel_coc_d16000_n256_privileged,cooccur,31005,26,split_brain,494.5,21.054575877,8,8,8,193,complete,True
sel_coc_d16000_n256_privileged,cooccur,31006,15,split_brain,352.0,23.076252156,8,8,8,178,complete,True
sel_coc_d16000_n256_privileged,cooccur,31008,19,compound,490.5,22.872966883,4,4,4,227,complete,True
sel_coc_d16000_n256_privileged,cooccur,31009,18,cascade,395.0,21.379454748,6,6,6,177,complete,True
sel_coc_d16000_n256_privileged,cooccur,31009,21,split_brain,464.5,20.779782143,8,8,8,166,complete,True
sel_coc_d16000_n256_privileged,cooccur,31010,9,cascade,364.0,23.720776938,6,6,6,201,complete,True
sel_coc_d16000_n256_privileged,cooccur,31011,16,compound,405.5,21.02888302,7,7,7,148,complete,True
sel_coc_d16000_n256_privileged,cooccur,31013,12,slow_leak,344.0,35.119159391,3,3,0,183,lacking,True
sel_coc_d16000_n256_privileged,cooccur,31013,15,split_brain,409.000007948,16.34227666,7,7,7,166,complete,True
sel_coc_d16000_n256_privileged,cooccur,31013,23,split_brain,486.0,19.468673024,8,8,8,231,complete,True
sel_coc_d16000_n256_privileged,cooccur,31014,3,split_brain,101.5,21.994782629,7,7,7,198,complete,True
sel_coc_d16000_n256_privileged,cooccur,31014,7,cascade,201.0,17.51208274,8,8,8,170,complete,True
sel_coc_d16000_n256_privileged,cooccur,31015,2,split_brain,68.0,20.32167158,4,4,4,170,complete,True
sel_coc_d16000_n256_privileged,cooccur,31015,6,slow_leak,143.5,31.059074992,5,5,2,202,lacking,True
sel_coc_d16000_n256_privileged,cooccur,31015,17,split_brain,331.0,23.459078621,4,4,4,256,complete,True
sel_coc_d16000_n256_privileged,cooccur,31016,5,compound,56.0,18.470324064,4,4,4,191,complete,True
sel_coc_d16000_n256_privileged,cooccur,31016,19,cascade,394.5,17.571090019,9,9,9,153,complete,True
sel_coc_d16000_n256_privileged,cooccur,31016,21,compound,437.0,20.593607551,4,4,4,174,complete,True
sel_coc_d16000_n256_privileged,cooccur,31017,12,split_brain,440.0,19.362123786,4,4,4,145,complete,True
sel_coc_d16000_n256_privileged,cooccur,31019,9,split_brain,365.5,19.83403221,8,8,8,158,complete,True
sel_coc_d16000_n256_privileged,cooccur,31019,13,cascade,466.5,17.507965758,10,10,10,183,complete,True
sel_coc_d16000_n256_privileged,cooccur,31020,10,split_brain,214.5,16.057070906,7,7,7,143,complete,True
sel_coc_d16000_n256_privileged,cooccur,31020,23,slow_leak,575.5,44.937448033,3,3,2,256,lacking,True
sel_coc_d16000_n256_privileged,cooccur,31022,18,cascade,385.5,21.186455883,6,6,6,160,complete,True
sel_coc_d16000_n256_privileged,cooccur,31024,7,cascade,138.0,18.342500678,5,5,5,205,complete,True
sel_coc_d16000_n256_privileged,cooccur,31024,11,slow_leak,305.0,28.598960995,3,3,2,149,lacking,True
sel_coc_d16000_n256_privileged,cooccur,31024,13,cascade,360.5,17.216638508,5,5,5,139,complete,True
sel_coc_d16000_n256_privileged,cooccur,31025,5,cascade,217.0,19.377759786,3,3,3,203,complete,True
sel_coc_d16000_n256_privileged,cooccur,31026,7,split_brain,156.5,48.411870614,7,7,0,256,lacking,True
sel_coc_d16000_n256_privileged,cooccur,31026,15,split_brain,300.0,23.074921067,3,3,3,239,complete,True
sel_coc_d16000_n256_privileged,cooccur,31026,26,compound,458.5,17.455136422,5,5,5,201,complete,True
sel_coc_d16000_n256_privileged,cooccur,31026,28,split_brain,542.0,41.981941804,8,8,0,256,lacking,True
sel_coc_d16000_n256_privileged,cooccur,31026,28,split_brain,597.0,96.981941804,8,8,0,256,lacking,True
sel_coc_d16000_n256_privileged,cooccur,31027,8,cascade,222.0,19.540594096,5,5,5,214,complete,True
sel_coc_d16000_n256_privileged,cooccur,31028,9,split_brain,174.0,19.704870598,8,8,8,203,complete,True
sel_coc_d16000_n256_privileged,cooccur,31030,10,split_brain,205.0,17.314422269,7,7,7,215,complete,True
sel_coc_d16000_n256_privileged,cooccur,31031,6,cascade,189.0,18.492037136,9,9,9,156,complete,True
sel_coc_d16000_n256_privileged,cooccur,31031,24,compound,510.0,22.233295655,8,8,8,174,complete,True
sel_coc_d16000_n256_privileged,cooccur,31032,13,slow_leak,408.5,30.902714073,3,3,3,182,complete,True
sel_coc_d16000_n256_privileged,cooccur,31033,2,split_brain,92.0,19.95225382,6,6,6,161,complete,True
sel_coc_d16000_n256_privileged,cooccur,31033,9,compound,204.5,20.076461646,4,4,4,206,complete,True
sel_coc_d16000_n256_privileged,cooccur,31033,24,compound,511.0,16.03831132,3,3,3,170,complete,True
sel_coc_d16000_n256_privileged,cooccur,31034,0,slow_leak,33.0,29.514051459,4,4,3,156,lacking,True
sel_coc_d16000_n256_privileged,cooccur,31034,7,compound,164.0,31.374230088,5,5,3,180,lacking,True
sel_coc_d16000_n256_privileged,cooccur,31034,15,slow_leak,267.0,35.291260481,4,4,3,182,lacking,True
sel_coc_d16000_n256_privileged,cooccur,31035,2,cascade,94.0,16.51320421,8,8,8,171,complete,True
sel_coc_d16000_n256_privileged,cooccur,31036,5,cascade,149.0,16.234560188,8,8,8,131,complete,True
sel_coc_d16000_n256_privileged,cooccur,31036,6,slow_leak,193.5,31.665439099,4,4,1,131,lacking,True
sel_coc_d16000_n256_privileged,cooccur,31037,18,slow_leak,434.0,29.605088824,4,4,4,256,complete,True
sel_coc_d16000_n256_privileged,cooccur,31038,9,split_brain,270.5,23.689332476,5,5,5,200,complete,True
sel_coc_d16000_n256_privileged,cooccur,31038,12,compound,342.0,16.032408185,3,3,3,148,complete,True
sel_coc_d16000_n256_privileged,cooccur,31038,13,slow_leak,386.5,33.65349188,5,5,1,220,lacking,True
sel_coc_d16000_n256_privileged,cooccur,31040,5,split_brain,63.0,16.374519678,3,3,3,161,complete,True
sel_coc_d16000_n256_privileged,cooccur,31040,9,split_brain,178.5,60.929878153,3,3,0,256,lacking,True
sel_coc_d16000_n256_privileged,cooccur,31040,12,split_brain,232.5,21.459261621,6,6,6,212,complete,True
sel_coc_d16000_n256_privileged,cooccur,31040,21,slow_leak,382.0,34.878383819,4,4,0,188,lacking,True
sel_coc_d16000_n256_privileged,cooccur,31040,30,slow_leak,542.0,29.521031193,5,5,5,206,complete,True
sel_coc_d16000_n256_privileged,cooccur,31041,1,compound,44.0,18.371515046,8,8,8,148,complete,True
sel_coc_d16000_n256_privileged,cooccur,31041,5,compound,162.0,20.019066384,7,7,7,174,complete,True
sel_coc_d16000_n256_privileged,cooccur,31042,10,compound,226.0,19.004747839,3,3,3,212,complete,True
sel_coc_d16000_n256_privileged,cooccur,31042,11,compound,265.0,16.753167793,4,4,4,161,complete,True
sel_coc_d16000_n256_privileged,cooccur,31042,19,compound,451.5,19.554523664,4,4,4,150,complete,True
sel_coc_d16000_n256_privileged,cooccur,31042,21,compound,555.5,16.261674331,4,4,4,123,complete,True
sel_coc_d16000_n256_privileged,cooccur,31043,6,cascade,205.0,20.013917527,4,4,4,156,complete,True
sel_coc_d16000_n256_privileged,cooccur,31044,10,split_brain,300.5,44.858904884,4,4,1,234,lacking,True
sel_coc_d16000_n256_privileged,cooccur,31045,22,compound,368.0,22.572069003,6,6,6,182,complete,True
sel_coc_d16000_n256_privileged,cooccur,31046,0,compound,37.5,19.125832169,8,8,8,156,complete,True
sel_coc_d16000_n256_privileged,cooccur,31046,12,compound,194.0,18.95070339,6,6,6,168,complete,True
sel_coc_d16000_n256_privileged,cooccur,31046,26,compound,373.5,29.004127088,5,5,4,256,lacking,True
sel_coc_d16000_n256_privileged,cooccur,31046,33,compound,439.5,19.816505012,5,5,5,239,complete,True
sel_coc_d16000_n256_privileged,cooccur,31047,27,compound,415.0,17.327713509,4,4,4,157,complete,True
sel_coc_d16000_n256_privileged,cooccur,31047,31,compound,498.5,17.796420208,5,5,5,196,complete,True
sel_coc_d16000_n256_privileged,cooccur,31048,13,compound,180.5,23.763299493,6,6,6,256,complete,True
sel_coc_d16000_n256_privileged,cooccur,31048,18,cascade,314.5,22.145223352,9,9,9,220,complete,True
sel_coc_d16000_n256_privileged,cooccur,31048,34,compound,549.0,28.593310259,4,4,4,174,complete,True
sel_coc_d16000_n256_privileged,cooccur,31049,29,cascade,370.0,20.090962089,8,8,8,256,complete,True
sel_coc_d16000_n256_privileged,cooccur,31049,34,compound,470.5,19.758046438,5,5,5,192,complete,True
sel_coc_d16000_n256_privileged,cooccur,31050,15,split_brain,390.0,17.368416906,5,5,5,150,complete,True
sel_coc_d16000_n256_privileged,cooccur,31051,10,cascade,129.0,22.030040954,7,7,7,232,complete,True
sel_coc_d16000_n256_privileged,cooccur,31051,13,split_brain,196.0,45.17089353,5,5,0,256,lacking,True
sel_coc_d16000_n256_privileged,cooccur,31051,19,split_brain,294.0,22.065385879,5,5,5,185,complete,True
sel_coc_d16000_n256_privileged,cooccur,31051,25,split_brain,435.0,20.792014883,4,4,4,256,complete,True
sel_coc_d16000_n256_privileged,cooccur,31051,29,split_brain,551.0,16.244248953,3,3,3,133,complete,True
sel_coc_d16000_n256_privileged,cooccur,31052,0,split_brain,20.5,19.050639391,6,6,6,120,complete,True
sel_coc_d16000_n256_privileged,cooccur,31052,4,slow_leak,77.5,32.876866484,3,3,3,250,complete,True
sel_coc_d16000_n256_privileged,cooccur,31052,6,split_brain,84.5,20.963941779,3,3,3,226,complete,True
sel_coc_d16000_n256_privileged,cooccur,31052,10,split_brain,247.5,23.309181052,4,4,4,184,complete,True
sel_coc_d16000_n256_privileged,cooccur,31052,20,compound,504.5,16.346043885,7,7,7,186,complete,True
sel_coc_d16000_n256_privileged,cooccur,31055,12,slow_leak,206.5,33.568142969,5,5,3,226,lacking,True
sel_coc_d16000_n256_privileged,cooccur,31056,13,compound,307.5,17.73485221,6,6,6,213,complete,True
sel_coc_d16000_n256_privileged,cooccur,31057,2,slow_leak,73.0,32.683342457,5,5,2,228,lacking,True
sel_coc_d16000_n256_privileged,cooccur,31057,29,slow_leak,572.5,33.68734963,3,3,3,202,complete,True
sel_coc_d16000_n256_privileged,cooccur,31058,9,split_brain,261.0,20.923922323,4,4,4,178,complete,True
sel_coc_d16000_n256_privileged,cooccur,31058,11,compound,327.0,19.110220914,5,5,5,146,complete,True
sel_coc_d16000_n256_privileged,cooccur,31058,17,cascade,467.0,20.093058712,4,4,4,189,complete,True
sel_coc_d16000_n256_privileged,cooccur,31058,18,compound,476.5,16.47525379,5,5,5,163,complete,True
sel_coc_d16000_n256_privileged,cooccur,31058,19,split_brain,554.5,21.018451895,6,6,6,158,complete,True
sel_coc_d16000_n256_privileged,cooccur,31059,0,compound,33.0,18.94340204,3,3,3,129,complete,True
sel_coc_d16000_n256_privileged,cooccur,31059,15,slow_leak,388.0,35.974610988,5,5,2,241,lacking,True
sel_coc_d16000_n256_privileged,cooccur,31059,27,cascade,466.0,18.487357015,6,6,6,253,complete,True
sel_coc_d16000_n256_privileged,cooccur,31059,33,split_brain,545.0,18.633400976,8,8,8,185,complete,True
sel_coc_d16000_n256_privileged,cooccur,31060,8,slow_leak,223.0,31.624785237,3,3,3,194,complete,True
sel_coc_d16000_n256_privileged,cooccur,31060,19,slow_leak,435.5,32.744903322,3,3,0,252,lacking,True
sel_coc_d16000_n256_privileged,cooccur,31061,21,split_brain,456.5,22.622436495,3,3,3,252,complete,True
sel_coc_d16000_n256_privileged,cooccur,31061,23,split_brain,511.5,27.854306784,7,7,7,221,complete,True
sel_coc_d16000_n256_privileged,cooccur,31062,4,slow_leak,168.5,31.51356403,5,5,4,184,lacking,True
sel_coc_d16000_n256_privileged,cooccur,31062,15,compound,367.5,19.884531111,4,4,4,183,complete,True
sel_coc_d16000_n256_privileged,cooccur,31063,2,compound,76.0,21.767042335,5,5,5,162,complete,True
sel_coc_d16000_n256_privileged,cooccur,31063,18,slow_leak,343.0,31.985603071,5,5,2,195,lacking,True
sel_coc_d16000_n256_privileged,cooccur,31064,0,compound,77.0,18.160491085,4,4,4,134,complete,True
sel_coc_d16000_n256_privileged,cooccur,31064,8,compound,313.500003407,17.38583372,5,5,5,120,complete,True
sel_coc_d16000_n256_privileged,cooccur,31065,2,cascade,167.500003664,19.906355868,8,8,8,159,complete,True
sel_coc_d16000_n256_privileged,cooccur,31066,19,cascade,402.5,19.530520733,3,3,3,193,complete,True
sel_coc_d16000_n256_privileged,cooccur,31068,2,split_brain,100.0,16.220134193,5,5,5,142,complete,True
sel_coc_d16000_n256_privileged,cooccur,31068,11,split_brain,233.0,23.988057278,3,3,3,218,complete,True
sel_coc_d16000_n256_privileged,cooccur,31068,15,cascade,329.5,19.573453738,7,7,7,173,complete,True
sel_coc_d16000_n256_privileged,cooccur,31068,29,split_brain,553.5,17.031217834,4,4,4,195,complete,True
sel_coc_d16000_n256_privileged,cooccur,31068,29,split_brain,559.5,23.031217834,4,4,4,256,complete,True
sel_coc_d16000_n256_privileged,cooccur,31069,0,compound,56.000004155,16.302551397,4,4,4,117,complete,True
sel_coc_d16000_n256_privileged,cooccur,31069,4,split_brain,149.0,19.603179456,6,6,6,180,complete,True
sel_coc_d16000_n256_privileged,cooccur,31069,11,split_brain,310.5,17.133663993,5,5,5,174,complete,True
sel_coc_d16000_n256_privileged,cooccur,31069,15,split_brain,409.5,19.116424553,7,7,7,197,complete,True
sel_coc_d16000_n256_privileged,cooccur,31069,21,split_brain,543.5,19.684697896,6,6,6,171,complete,True
sel_coc_d16000_n256_privileged,cooccur,31070,8,compound,110.0,20.497575428,6,6,6,251,complete,True
sel_coc_d16000_n256_privileged,cooccur,31070,14,compound,234.5,17.173480424,7,7,7,171,complete,True
sel_coc_d16000_n256_privileged,cooccur,31071,5,compound,163.500003887,16.373832602,5,5,5,186,complete,True
sel_coc_d16000_n256_privileged,cooccur,31071,9,compound,179.5,16.292353251,5,5,5,222,complete,True
sel_coc_d16000_n256_privileged,cooccur,31071,6,slow_leak,190.0,39.509220496,4,4,0,240,lacking,True
sel_coc_d16000_n256_privileged,cooccur,31072,12,cascade,289.0,20.518207928,3,3,3,243,complete,True
sel_coc_d16000_n256_privileged,cooccur,31072,19,cascade,421.0,19.326727135,5,5,5,245,complete,True
sel_coc_d16000_n256_privileged,cooccur,31072,26,compound,534.5,16.438184925,6,6,6,160,complete,True
sel_coc_d16000_n256_privileged,cooccur,31073,2,split_brain,64.5,16.367897508,4,4,4,185,complete,True
sel_coc_d16000_n256_privileged,cooccur,31073,2,split_brain,67.0,18.867897508,4,4,4,209,complete,True
sel_coc_d16000_n256_privileged,cooccur,31073,12,split_brain,216.5,21.607626511,5,5,5,205,complete,True
sel_coc_d16000_n256_privileged,cooccur,31073,13,split_brain,285.0,18.238541912,3,3,3,124,complete,True
sel_coc_d16000_n256_privileged,cooccur,31073,24,split_brain,455.5,16.174833142,5,5,5,140,complete,True
sel_coc_d16000_n256_privileged,cooccur,31074,0,split_brain,61.5,18.054193902,4,4,4,102,complete,True
sel_coc_d16000_n256_privileged,cooccur,31074,5,split_brain,158.5,20.832423093,4,4,4,204,complete,True
sel_coc_d16000_n256_privileged,cooccur,31074,6,slow_leak,193.0,42.068574385,4,4,0,190,lacking,True
sel_coc_d16000_n256_privileged,cooccur,31074,22,split_brain,479.0,23.38788574,5,5,5,174,complete,True
sel_coc_d16000_n256_privileged,cooccur,31075,2,cascade,74.5,18.532893191,8,8,8,171,complete,True
sel_coc_d16000_n256_privileged,cooccur,31077,0,cascade,19.0,16.118267672,3,3,3,122,complete,True
sel_coc_d16000_n256_privileged,cooccur,31077,27,compound,473.0,20.787592724,4,4,4,178,complete,True
sel_coc_d16000_n256_privileged,cooccur,31078,5,slow_leak,60.0,31.016312408,3,3,2,256,lacking,True
sel_coc_d16000_n256_privileged,cooccur,31078,16,compound,341.5,22.027262983,3,3,3,191,complete,True
sel_coc_d16000_n256_privileged,cooccur,31078,18,cascade,394.5,20.625995838,5,5,5,171,complete,True
sel_coc_d16000_n256_privileged,cooccur,31079,6,split_brain,198.5,21.973622939,3,3,3,191,complete,True
sel_coc_d16000_n256_privileged,cooccur,31079,12,split_brain,270.5,21.5227449,3,3,3,220,complete,True
sel_coc_d16000_n256_privileged,cooccur,31080,9,compound,106.5,16.239001141,4,4,4,256,complete,True
sel_coc_d16000_n256_privileged,cooccur,31080,30,compound,449.5,21.064798668,5,5,5,256,complete,True
sel_coc_d16000_n256_privileged,cooccur,31080,33,slow_leak,517.5,40.057028695,4,4,2,256,lacking,True
sel_coc_d16000_n256_privileged,cooccur,31081,11,compound,315.5,24.150486731,5,5,5,248,complete,True
sel_coc_d16000_n256_privileged,cooccur,31081,17,compound,409.0,18.668520404,6,6,6,218,complete,True
sel_coc_d16000_n256_privileged,cooccur,31081,18,cascade,414.5,18.359201571,10,10,10,216,complete,True
sel_coc_d16000_n256_privileged,cooccur,31082,12,split_brain,209.5,19.108881937,7,7,7,214,complete,True
sel_coc_d16000_n256_privileged,cooccur,31082,18,compound,344.0,23.104114617,8,8,8,156,complete,True
sel_coc_d16000_n256_privileged,cooccur,31083,10,compound,108.5,21.230351004,4,4,4,256,complete,True
sel_coc_d16000_n256_privileged,cooccur,31083,12,compound,121.0,21.132128112,5,5,5,256,complete,True
sel_coc_d16000_n256_privileged,cooccur,31083,21,cascade,437.0,19.922311997,7,7,7,154,complete,True
sel_coc_d16000_n256_privileged,cooccur,31084,9,compound,180.0,16.422442252,4,4,4,213,complete,True
sel_coc_d16000_n256_privileged,cooccur,31084,15,compound,263.5,16.210646572,4,4,4,170,complete,True
sel_coc_d16000_n256_privileged,cooccur,31084,24,compound,419.5,22.579775711,6,6,6,241,complete,True
sel_coc_d16000_n256_privileged,cooccur,31084,27,split_brain,452.0,21.201865256,7,7,7,208,complete,True
sel_coc_d16000_n256_privileged,cooccur,31085,20,split_brain,442.5,31.029298276,6,6,1,256,lacking,True
sel_coc_d16000_n256_privileged,cooccur,31086,21,split_brain,298.5,22.373936907,8,8,8,242,complete,True
sel_coc_d16000_n256_privileged,cooccur,31086,31,compound,469.0,21.799828866,4,4,4,235,complete,True
sel_coc_d16000_n256_privileged,cooccur,31087,1,cascade,25.5,16.355634742,5,5,5,150,complete,True
sel_coc_d16000_n256_privileged,cooccur,31088,33,compound,476.5,22.703614117,5,5,4,256,lacking,True
sel_coc_d16000_n256_privileged,cooccur,31089,23,compound,389.000008902,18.577210217,5,5,5,180,complete,True
sel_coc_d16000_n256_privileged,cooccur,31089,34,compound,544.0,16.20824963,5,5,5,148,complete,True
sel_coc_d16000_n256_privileged,cooccur,31090,6,compound,72.000003609,20.616879044,4,4,4,256,complete,True
sel_coc_d16000_n256_privileged,cooccur,31090,11,compound,160.0,22.902928275,7,7,7,144,complete,True
sel_coc_d16000_n256_privileged,cooccur,31090,22,compound,300.0,22.328237004,4,4,4,230,complete,True
sel_coc_d16000_n256_privileged,cooccur,31090,23,split_brain,309.0,23.319939724,6,6,6,231,complete,True
sel_coc_d16000_n256_privileged,cooccur,31091,4,compound,125.0,16.490202693,4,4,4,175,complete,True
sel_coc_d16000_n256_privileged,cooccur,31091,10,cascade,247.0,16.482694117,5,5,5,130,complete,True
sel_coc_d16000_n256_privileged,cooccur,31091,14,compound,469.0,16.529904112,7,7,7,134,complete,True
sel_coc_d16000_n256_privileged,cooccur,31093,13,split_brain,439.5,17.970049841,8,8,8,151,complete,True
sel_coc_d16000_n256_privileged,cooccur,31095,0,compound,16.5,16.387931028,5,5,5,109,complete,True
sel_coc_d16000_n256_privileged,cooccur,31095,2,compound,183.0,16.119972369,4,4,4,118,complete,True
sel_coc_d16000_n256_privileged,cooccur,31096,18,split_brain,370.5,18.501204442,6,6,6,167,complete,True
sel_coc_d16000_n256_privileged,cooccur,31097,1,compound,28.0,18.668322226,5,5,5,143,complete,True
sel_coc_d16000_n256_privileged,cooccur,31097,4,compound,117.5,29.010799498,6,6,5,141,lacking,True
sel_coc_d16000_n256_privileged,cooccur,31097,9,compound,184.0,19.522162384,6,6,6,166,complete,True
sel_coc_d16000_n256_privileged,cooccur,31097,12,compound,318.5,20.059593,6,6,6,175,complete,True
sel_coc_d16000_n256_privileged,cooccur,31097,22,split_brain,558.5,18.951859296,7,7,7,153,complete,True
sel_coc_d16000_n256_privileged,cooccur,31099,2,compound,93.5,16.046215922,3,3,3,146,complete,True
sel_coc_d16000_n256_privileged,cooccur,31099,14,compound,280.0,16.069623643,5,5,5,177,complete,True
sel_coc_d16000_n256_privileged,cooccur,31099,19,cascade,418.5,16.444193925,4,4,4,180,complete,True
sel_nbh_k3_n256_privileged,neighbourhood,31000,30,slow_leak,562.5,38.650537083,3,3,0,191,lacking,True
sel_nbh_k3_n256_privileged,neighbourhood,31001,2,slow_leak,80.5,32.693058688,3,3,2,128,lacking,True
sel_nbh_k3_n256_privileged,neighbourhood,31002,9,slow_leak,183.5,56.738628882,3,3,2,256,lacking,True
sel_nbh_k3_n256_privileged,neighbourhood,31002,14,split_brain,274.5,22.892062346,7,7,7,244,complete,True
sel_nbh_k3_n256_privileged,neighbourhood,31003,5,split_brain,142.0,16.525284706,6,6,6,178,complete,True
sel_nbh_k3_n256_privileged,neighbourhood,31003,13,split_brain,219.5,23.344976849,7,7,7,256,complete,True
sel_nbh_k3_n256_privileged,neighbourhood,31003,15,split_brain,321.5,23.96105172,6,6,6,217,complete,True
sel_nbh_k3_n256_privileged,neighbourhood,31004,22,split_brain,541.0,21.43241657,3,3,3,162,complete,True
sel_nbh_k3_n256_privileged,neighbourhood,31005,11,slow_leak,235.5,31.007414208,3,3,3,129,complete,True
sel_nbh_k3_n256_privileged,neighbourhood,31005,21,compound,436.5,16.30732197,5,5,5,214,complete,True
sel_nbh_k3_n256_privileged,neighbourhood,31005,26,split_brain,494.5,21.054575877,8,8,8,141,complete,True
sel_nbh_k3_n256_privileged,neighbourhood,31006,15,split_brain,352.0,23.076252156,8,8,8,178,complete,True
sel_nbh_k3_n256_privileged,neighbourhood,31008,19,compound,490.5,22.872966883,4,4,4,227,complete,True
sel_nbh_k3_n256_privileged,neighbourhood,31009,18,cascade,395.0,21.379454748,6,6,6,177,complete,True
sel_nbh_k3_n256_privileged,neighbourhood,31009,21,split_brain,464.5,20.779782143,8,8,8,166,complete,True
sel_nbh_k3_n256_privileged,neighbourhood,31010,9,cascade,364.0,23.720776938,6,6,6,201,complete,True
sel_nbh_k3_n256_privileged,neighbourhood,31011,16,compound,405.5,21.02888302,7,7,7,134,complete,True
sel_nbh_k3_n256_privileged,neighbourhood,31013,12,slow_leak,344.0,35.119159391,3,3,0,183,lacking,True
sel_nbh_k3_n256_privileged,neighbourhood,31013,15,split_brain,409.000007948,16.34227666,7,7,7,166,complete,True
sel_nbh_k3_n256_privileged,neighbourhood,31013,23,split_brain,486.0,19.468673024,8,8,8,231,complete,True
sel_nbh_k3_n256_privileged,neighbourhood,31014,3,split_brain,101.5,21.994782629,7,7,7,198,complete,True
sel_nbh_k3_n256_privileged,neighbourhood,31014,7,cascade,201.0,17.51208274,8,8,8,170,complete,True
sel_nbh_k3_n256_privileged,neighbourhood,31015,2,split_brain,68.0,20.32167158,4,4,4,128,complete,True
sel_nbh_k3_n256_privileged,neighbourhood,31015,6,slow_leak,143.5,31.059074992,5,5,2,138,lacking,True
sel_nbh_k3_n256_privileged,neighbourhood,31015,17,split_brain,331.0,23.459078621,4,4,4,150,complete,True
sel_nbh_k3_n256_privileged,neighbourhood,31016,5,compound,56.0,18.470324064,4,4,4,191,complete,True
sel_nbh_k3_n256_privileged,neighbourhood,31016,19,cascade,394.5,17.571090019,9,9,9,153,complete,True
sel_nbh_k3_n256_privileged,neighbourhood,31016,21,compound,437.0,20.593607551,4,4,4,174,complete,True
sel_nbh_k3_n256_privileged,neighbourhood,31017,12,split_brain,440.0,19.362123786,4,4,4,145,complete,True
sel_nbh_k3_n256_privileged,neighbourhood,31019,9,split_brain,365.5,19.83403221,8,8,8,158,complete,True
sel_nbh_k3_n256_privileged,neighbourhood,31019,13,cascade,466.5,17.507965758,10,10,10,183,complete,True
sel_nbh_k3_n256_privileged,neighbourhood,31020,10,split_brain,214.5,16.057070906,7,7,7,131,complete,True
sel_nbh_k3_n256_privileged,neighbourhood,31020,23,slow_leak,575.5,44.937448033,3,3,2,256,lacking,True
sel_nbh_k3_n256_privileged,neighbourhood,31022,18,cascade,385.5,21.186455883,6,6,6,160,complete,True
sel_nbh_k3_n256_privileged,neighbourhood,31024,7,cascade,138.0,18.342500678,5,5,2,193,lacking,True
sel_nbh_k3_n256_privileged,neighbourhood,31024,11,slow_leak,305.0,28.598960995,3,3,2,138,lacking,True
sel_nbh_k3_n256_privileged,neighbourhood,31024,13,cascade,360.5,17.216638508,5,5,2,128,lacking,True
sel_nbh_k3_n256_privileged,neighbourhood,31025,5,cascade,217.0,19.377759786,3,3,3,194,complete,True
sel_nbh_k3_n256_privileged,neighbourhood,31026,7,split_brain,156.5,48.411870614,7,7,0,256,lacking,True
sel_nbh_k3_n256_privileged,neighbourhood,31026,15,split_brain,300.0,23.074921067,3,3,2,222,lacking,True
sel_nbh_k3_n256_privileged,neighbourhood,31026,26,compound,458.5,17.455136422,5,5,5,201,complete,True
sel_nbh_k3_n256_privileged,neighbourhood,31026,28,split_brain,542.0,41.981941804,8,8,0,256,lacking,True
sel_nbh_k3_n256_privileged,neighbourhood,31026,28,split_brain,597.0,96.981941804,8,8,0,256,lacking,True
sel_nbh_k3_n256_privileged,neighbourhood,31027,8,cascade,222.0,19.540594096,5,5,5,214,complete,True
sel_nbh_k3_n256_privileged,neighbourhood,31028,9,split_brain,174.0,19.704870598,8,8,8,203,complete,True
sel_nbh_k3_n256_privileged,neighbourhood,31030,10,split_brain,205.0,17.314422269,7,7,7,215,complete,True
sel_nbh_k3_n256_privileged,neighbourhood,31031,6,cascade,189.0,18.492037136,9,9,4,124,lacking,True
sel_nbh_k3_n256_privileged,neighbourhood,31031,24,compound,510.0,22.233295655,8,8,8,163,complete,True
sel_nbh_k3_n256_privileged,neighbourhood,31032,13,slow_leak,408.5,30.902714073,3,3,3,186,complete,True
sel_nbh_k3_n256_privileged,neighbourhood,31033,2,split_brain,92.0,19.95225382,6,6,6,170,complete,True
sel_nbh_k3_n256_privileged,neighbourhood,31033,9,compound,204.5,20.076461646,4,4,4,206,complete,True
sel_nbh_k3_n256_privileged,neighbourhood,31033,24,compound,511.0,16.03831132,3,3,3,170,complete,True
sel_nbh_k3_n256_privileged,neighbourhood,31034,0,slow_leak,33.0,29.514051459,4,4,3,156,lacking,True
sel_nbh_k3_n256_privileged,neighbourhood,31034,7,compound,164.0,31.374230088,5,5,3,180,lacking,True
sel_nbh_k3_n256_privileged,neighbourhood,31034,15,slow_leak,267.0,35.291260481,4,4,3,193,lacking,True
sel_nbh_k3_n256_privileged,neighbourhood,31035,2,cascade,94.0,16.51320421,8,8,8,171,complete,True
sel_nbh_k3_n256_privileged,neighbourhood,31036,5,cascade,149.0,16.234560188,8,8,8,131,complete,True
sel_nbh_k3_n256_privileged,neighbourhood,31036,6,slow_leak,193.5,31.665439099,4,4,1,129,lacking,True
sel_nbh_k3_n256_privileged,neighbourhood,31037,18,slow_leak,434.0,29.605088824,4,4,4,256,complete,True
sel_nbh_k3_n256_privileged,neighbourhood,31038,9,split_brain,270.5,23.689332476,5,5,5,200,complete,True
sel_nbh_k3_n256_privileged,neighbourhood,31038,12,compound,342.0,16.032408185,3,3,3,148,complete,True
sel_nbh_k3_n256_privileged,neighbourhood,31038,13,slow_leak,386.5,33.65349188,5,5,1,220,lacking,True
sel_nbh_k3_n256_privileged,neighbourhood,31040,5,split_brain,63.0,16.374519678,3,3,3,161,complete,True
sel_nbh_k3_n256_privileged,neighbourhood,31040,9,split_brain,178.5,60.929878153,3,3,1,256,lacking,True
sel_nbh_k3_n256_privileged,neighbourhood,31040,12,split_brain,232.5,21.459261621,6,6,6,212,complete,True
sel_nbh_k3_n256_privileged,neighbourhood,31040,21,slow_leak,382.0,34.878383819,4,4,0,188,lacking,True
sel_nbh_k3_n256_privileged,neighbourhood,31040,30,slow_leak,542.0,29.521031193,5,5,5,206,complete,True
sel_nbh_k3_n256_privileged,neighbourhood,31041,1,compound,44.0,18.371515046,8,8,8,147,complete,True
sel_nbh_k3_n256_privileged,neighbourhood,31041,5,compound,162.0,20.019066384,7,7,7,167,complete,True
sel_nbh_k3_n256_privileged,neighbourhood,31042,10,compound,226.0,19.004747839,3,3,3,212,complete,True
sel_nbh_k3_n256_privileged,neighbourhood,31042,11,compound,265.0,16.753167793,4,4,4,161,complete,True
sel_nbh_k3_n256_privileged,neighbourhood,31042,19,compound,451.5,19.554523664,4,4,4,150,complete,True
sel_nbh_k3_n256_privileged,neighbourhood,31042,21,compound,555.5,16.261674331,4,4,4,123,complete,True
sel_nbh_k3_n256_privileged,neighbourhood,31043,6,cascade,205.0,20.013917527,4,4,4,156,complete,True
sel_nbh_k3_n256_privileged,neighbourhood,31044,10,split_brain,300.5,44.858904884,4,4,1,234,lacking,True
sel_nbh_k3_n256_privileged,neighbourhood,31045,22,compound,368.0,22.572069003,6,6,6,192,complete,True
sel_nbh_k3_n256_privileged,neighbourhood,31046,0,compound,37.5,19.125832169,8,8,8,156,complete,True
sel_nbh_k3_n256_privileged,neighbourhood,31046,12,compound,194.0,18.95070339,6,6,6,177,complete,True
sel_nbh_k3_n256_privileged,neighbourhood,31046,26,compound,373.5,29.004127088,5,5,4,256,lacking,True
sel_nbh_k3_n256_privileged,neighbourhood,31046,33,compound,439.5,19.816505012,5,5,5,239,complete,True
sel_nbh_k3_n256_privileged,neighbourhood,31047,27,compound,415.0,17.327713509,4,4,4,167,complete,True
sel_nbh_k3_n256_privileged,neighbourhood,31047,31,compound,498.5,17.796420208,5,5,5,196,complete,True
sel_nbh_k3_n256_privileged,neighbourhood,31048,13,compound,180.5,23.763299493,6,6,6,247,complete,True
sel_nbh_k3_n256_privileged,neighbourhood,31048,18,cascade,314.5,22.145223352,9,9,8,160,lacking,True
sel_nbh_k3_n256_privileged,neighbourhood,31048,34,compound,549.0,28.593310259,4,4,4,194,complete,True
sel_nbh_k3_n256_privileged,neighbourhood,31049,29,cascade,370.0,20.090962089,8,8,8,256,complete,True
sel_nbh_k3_n256_privileged,neighbourhood,31049,34,compound,470.5,19.758046438,5,5,5,192,complete,True
sel_nbh_k3_n256_privileged,neighbourhood,31050,15,split_brain,390.0,17.368416906,5,5,5,150,complete,True
sel_nbh_k3_n256_privileged,neighbourhood,31051,10,cascade,129.0,22.030040954,7,7,7,232,complete,True
sel_nbh_k3_n256_privileged,neighbourhood,31051,13,split_brain,196.0,45.17089353,5,5,0,256,lacking,True
sel_nbh_k3_n256_privileged,neighbourhood,31051,19,split_brain,294.0,22.065385879,5,5,5,185,complete,True
sel_nbh_k3_n256_privileged,neighbourhood,31051,25,split_brain,435.0,20.792014883,4,4,4,256,complete,True
sel_nbh_k3_n256_privileged,neighbourhood,31051,29,split_brain,551.0,16.244248953,3,3,3,133,complete,True
sel_nbh_k3_n256_privileged,neighbourhood,31052,0,split_brain,20.5,19.050639391,6,6,6,120,complete,True
sel_nbh_k3_n256_privileged,neighbourhood,31052,4,slow_leak,77.5,32.876866484,3,3,3,250,complete,True
sel_nbh_k3_n256_privileged,neighbourhood,31052,6,split_brain,84.5,20.963941779,3,3,3,226,complete,True
sel_nbh_k3_n256_privileged,neighbourhood,31052,10,split_brain,247.5,23.309181052,4,4,4,184,complete,True
sel_nbh_k3_n256_privileged,neighbourhood,31052,20,compound,504.5,16.346043885,7,7,7,186,complete,True
sel_nbh_k3_n256_privileged,neighbourhood,31055,12,slow_leak,206.5,33.568142969,5,5,3,226,lacking,True
sel_nbh_k3_n256_privileged,neighbourhood,31056,13,compound,307.5,17.73485221,6,6,6,213,complete,True
sel_nbh_k3_n256_privileged,neighbourhood,31057,2,slow_leak,73.0,32.683342457,5,5,2,228,lacking,True
sel_nbh_k3_n256_privileged,neighbourhood,31057,29,slow_leak,572.5,33.68734963,3,3,3,202,complete,True
sel_nbh_k3_n256_privileged,neighbourhood,31058,9,split_brain,261.0,20.923922323,4,4,4,178,complete,True
sel_nbh_k3_n256_privileged,neighbourhood,31058,11,compound,327.0,19.110220914,5,5,5,146,complete,True
sel_nbh_k3_n256_privileged,neighbourhood,31058,17,cascade,467.0,20.093058712,4,4,4,179,complete,True
sel_nbh_k3_n256_privileged,neighbourhood,31058,18,compound,476.5,16.47525379,5,5,5,163,complete,True
sel_nbh_k3_n256_privileged,neighbourhood,31058,19,split_brain,554.5,21.018451895,6,6,6,147,complete,True
sel_nbh_k3_n256_privileged,neighbourhood,31059,0,compound,33.0,18.94340204,3,3,3,129,complete,True
sel_nbh_k3_n256_privileged,neighbourhood,31059,15,slow_leak,388.0,35.974610988,5,5,2,241,lacking,True
sel_nbh_k3_n256_privileged,neighbourhood,31059,27,cascade,466.0,18.487357015,6,6,6,253,complete,True
sel_nbh_k3_n256_privileged,neighbourhood,31059,33,split_brain,545.0,18.633400976,8,8,8,193,complete,True
sel_nbh_k3_n256_privileged,neighbourhood,31060,8,slow_leak,223.0,31.624785237,3,3,3,194,complete,True
sel_nbh_k3_n256_privileged,neighbourhood,31060,19,slow_leak,435.5,32.744903322,3,3,0,252,lacking,True
sel_nbh_k3_n256_privileged,neighbourhood,31061,21,split_brain,456.5,22.622436495,3,3,3,252,complete,True
sel_nbh_k3_n256_privileged,neighbourhood,31061,23,split_brain,511.5,27.854306784,7,7,7,179,complete,True
sel_nbh_k3_n256_privileged,neighbourhood,31062,4,slow_leak,168.5,31.51356403,5,5,4,184,lacking,True
sel_nbh_k3_n256_privileged,neighbourhood,31062,15,compound,367.5,19.884531111,4,4,4,183,complete,True
sel_nbh_k3_n256_privileged,neighbourhood,31063,2,compound,76.0,21.767042335,5,5,5,172,complete,True
sel_nbh_k3_n256_privileged,neighbourhood,31063,18,slow_leak,343.0,31.985603071,5,5,2,166,lacking,True
sel_nbh_k3_n256_privileged,neighbourhood,31064,0,compound,77.0,18.160491085,4,4,4,134,complete,True
sel_nbh_k3_n256_privileged,neighbourhood,31064,8,compound,313.500003407,17.38583372,5,5,5,120,complete,True
sel_nbh_k3_n256_privileged,neighbourhood,31065,2,cascade,167.500003664,19.906355868,8,8,8,159,complete,True
sel_nbh_k3_n256_privileged,neighbourhood,31066,19,cascade,402.5,19.530520733,3,3,3,193,complete,True
sel_nbh_k3_n256_privileged,neighbourhood,31068,2,split_brain,100.0,16.220134193,5,5,5,143,complete,True
sel_nbh_k3_n256_privileged,neighbourhood,31068,11,split_brain,233.0,23.988057278,3,3,3,218,complete,True
sel_nbh_k3_n256_privileged,neighbourhood,31068,15,cascade,329.5,19.573453738,7,7,7,173,complete,True
sel_nbh_k3_n256_privileged,neighbourhood,31068,29,split_brain,553.5,17.031217834,4,4,4,195,complete,True
sel_nbh_k3_n256_privileged,neighbourhood,31068,29,split_brain,559.5,23.031217834,4,4,4,256,complete,True
sel_nbh_k3_n256_privileged,neighbourhood,31069,0,compound,56.000004155,16.302551397,4,4,4,85,complete,True
sel_nbh_k3_n256_privileged,neighbourhood,31069,4,split_brain,149.0,19.603179456,6,6,6,180,complete,True
sel_nbh_k3_n256_privileged,neighbourhood,31069,11,split_brain,310.5,17.133663993,5,5,5,168,complete,True
sel_nbh_k3_n256_privileged,neighbourhood,31069,15,split_brain,409.5,19.116424553,7,7,7,197,complete,True
sel_nbh_k3_n256_privileged,neighbourhood,31069,21,split_brain,543.5,19.684697896,6,6,6,171,complete,True
sel_nbh_k3_n256_privileged,neighbourhood,31070,8,compound,110.0,20.497575428,6,6,6,251,complete,True
sel_nbh_k3_n256_privileged,neighbourhood,31070,14,compound,234.5,17.173480424,7,7,7,171,complete,True
sel_nbh_k3_n256_privileged,neighbourhood,31071,5,compound,163.500003887,16.373832602,5,5,5,186,complete,True
sel_nbh_k3_n256_privileged,neighbourhood,31071,9,compound,179.5,16.292353251,5,5,5,222,complete,True
sel_nbh_k3_n256_privileged,neighbourhood,31071,6,slow_leak,190.0,39.509220496,4,4,0,213,lacking,True
sel_nbh_k3_n256_privileged,neighbourhood,31072,12,cascade,289.0,20.518207928,3,3,3,243,complete,True
sel_nbh_k3_n256_privileged,neighbourhood,31072,19,cascade,421.0,19.326727135,5,5,5,245,complete,True
sel_nbh_k3_n256_privileged,neighbourhood,31072,26,compound,534.5,16.438184925,6,6,6,160,complete,True
sel_nbh_k3_n256_privileged,neighbourhood,31073,2,split_brain,64.5,16.367897508,4,4,4,179,complete,True
sel_nbh_k3_n256_privileged,neighbourhood,31073,2,split_brain,67.0,18.867897508,4,4,4,209,complete,True
sel_nbh_k3_n256_privileged,neighbourhood,31073,12,split_brain,216.5,21.607626511,5,5,5,205,complete,True
sel_nbh_k3_n256_privileged,neighbourhood,31073,13,split_brain,285.0,18.238541912,3,3,3,124,complete,True
sel_nbh_k3_n256_privileged,neighbourhood,31073,24,split_brain,455.5,16.174833142,5,5,5,167,complete,True
sel_nbh_k3_n256_privileged,neighbourhood,31074,0,split_brain,61.5,18.054193902,4,4,4,112,complete,True
sel_nbh_k3_n256_privileged,neighbourhood,31074,5,split_brain,158.5,20.832423093,4,4,4,204,complete,True
sel_nbh_k3_n256_privileged,neighbourhood,31074,6,slow_leak,193.0,42.068574385,4,4,0,190,lacking,True
sel_nbh_k3_n256_privileged,neighbourhood,31074,22,split_brain,479.0,23.38788574,5,5,5,154,complete,True
sel_nbh_k3_n256_privileged,neighbourhood,31075,2,cascade,74.5,18.532893191,8,8,8,171,complete,True
sel_nbh_k3_n256_privileged,neighbourhood,31077,0,cascade,19.0,16.118267672,3,3,3,122,complete,True
sel_nbh_k3_n256_privileged,neighbourhood,31077,27,compound,473.0,20.787592724,4,4,4,134,complete,True
sel_nbh_k3_n256_privileged,neighbourhood,31078,5,slow_leak,60.0,31.016312408,3,3,2,241,lacking,True
sel_nbh_k3_n256_privileged,neighbourhood,31078,16,compound,341.5,22.027262983,3,3,3,191,complete,True
sel_nbh_k3_n256_privileged,neighbourhood,31078,18,cascade,394.5,20.625995838,5,5,5,204,complete,True
sel_nbh_k3_n256_privileged,neighbourhood,31079,6,split_brain,198.5,21.973622939,3,3,3,191,complete,True
sel_nbh_k3_n256_privileged,neighbourhood,31079,12,split_brain,270.5,21.5227449,3,3,3,220,complete,True
sel_nbh_k3_n256_privileged,neighbourhood,31080,9,compound,106.5,16.239001141,4,4,4,256,complete,True
sel_nbh_k3_n256_privileged,neighbourhood,31080,30,compound,449.5,21.064798668,5,5,5,256,complete,True
sel_nbh_k3_n256_privileged,neighbourhood,31080,33,slow_leak,517.5,40.057028695,4,4,3,256,lacking,True
sel_nbh_k3_n256_privileged,neighbourhood,31081,11,compound,315.5,24.150486731,5,5,5,248,complete,True
sel_nbh_k3_n256_privileged,neighbourhood,31081,17,compound,409.0,18.668520404,6,6,6,218,complete,True
sel_nbh_k3_n256_privileged,neighbourhood,31081,18,cascade,414.5,18.359201571,10,10,10,216,complete,True
sel_nbh_k3_n256_privileged,neighbourhood,31082,12,split_brain,209.5,19.108881937,7,7,7,214,complete,True
sel_nbh_k3_n256_privileged,neighbourhood,31082,18,compound,344.0,23.104114617,8,8,8,139,complete,True
sel_nbh_k3_n256_privileged,neighbourhood,31083,10,compound,108.5,21.230351004,4,4,4,256,complete,True
sel_nbh_k3_n256_privileged,neighbourhood,31083,12,compound,121.0,21.132128112,5,5,5,256,complete,True
sel_nbh_k3_n256_privileged,neighbourhood,31083,21,cascade,437.0,19.922311997,7,7,7,162,complete,True
sel_nbh_k3_n256_privileged,neighbourhood,31084,9,compound,180.0,16.422442252,4,4,4,213,complete,True
sel_nbh_k3_n256_privileged,neighbourhood,31084,15,compound,263.5,16.210646572,4,4,4,170,complete,True
sel_nbh_k3_n256_privileged,neighbourhood,31084,24,compound,419.5,22.579775711,6,6,6,241,complete,True
sel_nbh_k3_n256_privileged,neighbourhood,31084,27,split_brain,452.0,21.201865256,7,7,7,243,complete,True
sel_nbh_k3_n256_privileged,neighbourhood,31085,20,split_brain,442.5,31.029298276,6,6,1,256,lacking,True
sel_nbh_k3_n256_privileged,neighbourhood,31086,21,split_brain,298.5,22.373936907,8,8,8,212,complete,True
sel_nbh_k3_n256_privileged,neighbourhood,31086,31,compound,469.0,21.799828866,4,4,4,235,complete,True
sel_nbh_k3_n256_privileged,neighbourhood,31087,1,cascade,25.5,16.355634742,5,5,5,150,complete,True
sel_nbh_k3_n256_privileged,neighbourhood,31088,33,compound,476.5,22.703614117,5,5,5,150,complete,True
sel_nbh_k3_n256_privileged,neighbourhood,31089,23,compound,389.000008902,18.577210217,5,5,5,162,complete,True
sel_nbh_k3_n256_privileged,neighbourhood,31089,34,compound,544.0,16.20824963,5,5,5,155,complete,True
sel_nbh_k3_n256_privileged,neighbourhood,31090,6,compound,72.000003609,20.616879044,4,4,4,256,complete,True
sel_nbh_k3_n256_privileged,neighbourhood,31090,11,compound,160.0,22.902928275,7,7,7,162,complete,True
sel_nbh_k3_n256_privileged,neighbourhood,31090,22,compound,300.0,22.328237004,4,4,4,230,complete,True
sel_nbh_k3_n256_privileged,neighbourhood,31090,23,split_brain,309.0,23.319939724,6,6,6,231,complete,True
sel_nbh_k3_n256_privileged,neighbourhood,31091,4,compound,125.0,16.490202693,4,4,4,175,complete,True
sel_nbh_k3_n256_privileged,neighbourhood,31091,10,cascade,247.0,16.482694117,5,5,5,130,complete,True
sel_nbh_k3_n256_privileged,neighbourhood,31091,14,compound,469.0,16.529904112,7,7,7,134,complete,True
sel_nbh_k3_n256_privileged,neighbourhood,31093,13,split_brain,439.5,17.970049841,8,8,8,151,complete,True
sel_nbh_k3_n256_privileged,neighbourhood,31095,0,compound,16.5,16.387931028,5,5,5,113,complete,True
sel_nbh_k3_n256_privileged,neighbourhood,31095,2,compound,183.0,16.119972369,4,4,4,118,complete,True
sel_nbh_k3_n256_privileged,neighbourhood,31096,18,split_brain,370.5,18.501204442,6,6,6,167,complete,True
sel_nbh_k3_n256_privileged,neighbourhood,31097,1,compound,28.0,18.668322226,5,5,5,143,complete,True
sel_nbh_k3_n256_privileged,neighbourhood,31097,4,compound,117.5,29.010799498,6,6,5,154,lacking,True
sel_nbh_k3_n256_privileged,neighbourhood,31097,9,compound,184.0,19.522162384,6,6,6,166,complete,True
sel_nbh_k3_n256_privileged,neighbourhood,31097,12,compound,318.5,20.059593,6,6,6,175,complete,True
sel_nbh_k3_n256_privileged,neighbourhood,31097,22,split_brain,558.5,18.951859296,7,7,7,153,complete,True
sel_nbh_k3_n256_privileged,neighbourhood,31099,2,compound,93.5,16.046215922,3,3,3,146,complete,True
sel_nbh_k3_n256_privileged,neighbourhood,31099,14,compound,280.0,16.069623643,5,5,5,177,complete,True
sel_nbh_k3_n256_privileged,neighbourhood,31099,19,cascade,418.5,16.444193925,4,4,4,180,complete,True
sel_nbh_k4_n256_privileged,neighbourhood,31000,30,slow_leak,562.5,38.650537083,3,3,0,191,lacking,True
sel_nbh_k4_n256_privileged,neighbourhood,31001,2,slow_leak,80.5,32.693058688,3,3,2,137,lacking,True
sel_nbh_k4_n256_privileged,neighbourhood,31002,9,slow_leak,183.5,56.738628882,3,3,2,256,lacking,True
sel_nbh_k4_n256_privileged,neighbourhood,31002,14,split_brain,274.5,22.892062346,7,7,7,244,complete,True
sel_nbh_k4_n256_privileged,neighbourhood,31003,5,split_brain,142.0,16.525284706,6,6,6,178,complete,True
sel_nbh_k4_n256_privileged,neighbourhood,31003,13,split_brain,219.5,23.344976849,7,7,7,256,complete,True
sel_nbh_k4_n256_privileged,neighbourhood,31003,15,split_brain,321.5,23.96105172,6,6,6,217,complete,True
sel_nbh_k4_n256_privileged,neighbourhood,31004,22,split_brain,541.0,21.43241657,3,3,3,204,complete,True
sel_nbh_k4_n256_privileged,neighbourhood,31005,11,slow_leak,235.5,31.007414208,3,3,3,169,complete,True
sel_nbh_k4_n256_privileged,neighbourhood,31005,21,compound,436.5,16.30732197,5,5,5,214,complete,True
sel_nbh_k4_n256_privileged,neighbourhood,31005,26,split_brain,494.5,21.054575877,8,8,8,193,complete,True
sel_nbh_k4_n256_privileged,neighbourhood,31006,15,split_brain,352.0,23.076252156,8,8,8,178,complete,True
sel_nbh_k4_n256_privileged,neighbourhood,31008,19,compound,490.5,22.872966883,4,4,4,227,complete,True
sel_nbh_k4_n256_privileged,neighbourhood,31009,18,cascade,395.0,21.379454748,6,6,6,177,complete,True
sel_nbh_k4_n256_privileged,neighbourhood,31009,21,split_brain,464.5,20.779782143,8,8,8,166,complete,True
sel_nbh_k4_n256_privileged,neighbourhood,31010,9,cascade,364.0,23.720776938,6,6,6,201,complete,True
sel_nbh_k4_n256_privileged,neighbourhood,31011,16,compound,405.5,21.02888302,7,7,7,154,complete,True
sel_nbh_k4_n256_privileged,neighbourhood,31013,12,slow_leak,344.0,35.119159391,3,3,0,183,lacking,True
sel_nbh_k4_n256_privileged,neighbourhood,31013,15,split_brain,409.000007948,16.34227666,7,7,7,166,complete,True
sel_nbh_k4_n256_privileged,neighbourhood,31013,23,split_brain,486.0,19.468673024,8,8,8,231,complete,True
sel_nbh_k4_n256_privileged,neighbourhood,31014,3,split_brain,101.5,21.994782629,7,7,7,198,complete,True
sel_nbh_k4_n256_privileged,neighbourhood,31014,7,cascade,201.0,17.51208274,8,8,8,170,complete,True
sel_nbh_k4_n256_privileged,neighbourhood,31015,2,split_brain,68.0,20.32167158,4,4,4,155,complete,True
sel_nbh_k4_n256_privileged,neighbourhood,31015,6,slow_leak,143.5,31.059074992,5,5,2,202,lacking,True
sel_nbh_k4_n256_privileged,neighbourhood,31015,17,split_brain,331.0,23.459078621,4,4,4,230,complete,True
sel_nbh_k4_n256_privileged,neighbourhood,31016,5,compound,56.0,18.470324064,4,4,4,191,complete,True
sel_nbh_k4_n256_privileged,neighbourhood,31016,19,cascade,394.5,17.571090019,9,9,9,153,complete,True
sel_nbh_k4_n256_privileged,neighbourhood,31016,21,compound,437.0,20.593607551,4,4,4,174,complete,True
sel_nbh_k4_n256_privileged,neighbourhood,31017,12,split_brain,440.0,19.362123786,4,4,4,145,complete,True
sel_nbh_k4_n256_privileged,neighbourhood,31019,9,split_brain,365.5,19.83403221,8,8,8,158,complete,True
sel_nbh_k4_n256_privileged,neighbourhood,31019,13,cascade,466.5,17.507965758,10,10,10,183,complete,True
sel_nbh_k4_n256_privileged,neighbourhood,31020,10,split_brain,214.5,16.057070906,7,7,7,143,complete,True
sel_nbh_k4_n256_privileged,neighbourhood,31020,23,slow_leak,575.5,44.937448033,3,3,2,256,lacking,True
sel_nbh_k4_n256_privileged,neighbourhood,31022,18,cascade,385.5,21.186455883,6,6,6,160,complete,True
sel_nbh_k4_n256_privileged,neighbourhood,31024,7,cascade,138.0,18.342500678,5,5,5,205,complete,True
sel_nbh_k4_n256_privileged,neighbourhood,31024,11,slow_leak,305.0,28.598960995,3,3,2,149,lacking,True
sel_nbh_k4_n256_privileged,neighbourhood,31024,13,cascade,360.5,17.216638508,5,5,5,139,complete,True
sel_nbh_k4_n256_privileged,neighbourhood,31025,5,cascade,217.0,19.377759786,3,3,3,203,complete,True
sel_nbh_k4_n256_privileged,neighbourhood,31026,7,split_brain,156.5,48.411870614,7,7,0,256,lacking,True
sel_nbh_k4_n256_privileged,neighbourhood,31026,15,split_brain,300.0,23.074921067,3,3,3,239,complete,True
sel_nbh_k4_n256_privileged,neighbourhood,31026,26,compound,458.5,17.455136422,5,5,5,201,complete,True
sel_nbh_k4_n256_privileged,neighbourhood,31026,28,split_brain,542.0,41.981941804,8,8,0,256,lacking,True
sel_nbh_k4_n256_privileged,neighbourhood,31026,28,split_brain,597.0,96.981941804,8,8,0,256,lacking,True
sel_nbh_k4_n256_privileged,neighbourhood,31027,8,cascade,222.0,19.540594096,5,5,5,214,complete,True
sel_nbh_k4_n256_privileged,neighbourhood,31028,9,split_brain,174.0,19.704870598,8,8,8,203,complete,True
sel_nbh_k4_n256_privileged,neighbourhood,31030,10,split_brain,205.0,17.314422269,7,7,7,215,complete,True
sel_nbh_k4_n256_privileged,neighbourhood,31031,6,cascade,189.0,18.492037136,9,9,9,156,complete,True
sel_nbh_k4_n256_privileged,neighbourhood,31031,24,compound,510.0,22.233295655,8,8,8,174,complete,True
sel_nbh_k4_n256_privileged,neighbourhood,31032,13,slow_leak,408.5,30.902714073,3,3,3,186,complete,True
sel_nbh_k4_n256_privileged,neighbourhood,31033,2,split_brain,92.0,19.95225382,6,6,6,170,complete,True
sel_nbh_k4_n256_privileged,neighbourhood,31033,9,compound,204.5,20.076461646,4,4,4,206,complete,True
sel_nbh_k4_n256_privileged,neighbourhood,31033,24,compound,511.0,16.03831132,3,3,3,170,complete,True
sel_nbh_k4_n256_privileged,neighbourhood,31034,0,slow_leak,33.0,29.514051459,4,4,3,156,lacking,True
sel_nbh_k4_n256_privileged,neighbourhood,31034,7,compound,164.0,31.374230088,5,5,3,180,lacking,True
sel_nbh_k4_n256_privileged,neighbourhood,31034,15,slow_leak,267.0,35.291260481,4,4,3,193,lacking,True
sel_nbh_k4_n256_privileged,neighbourhood,31035,2,cascade,94.0,16.51320421,8,8,8,171,complete,True
sel_nbh_k4_n256_privileged,neighbourhood,31036,5,cascade,149.0,16.234560188,8,8,8,131,complete,True
sel_nbh_k4_n256_privileged,neighbourhood,31036,6,slow_leak,193.5,31.665439099,4,4,1,137,lacking,True
sel_nbh_k4_n256_privileged,neighbourhood,31037,18,slow_leak,434.0,29.605088824,4,4,4,256,complete,True
sel_nbh_k4_n256_privileged,neighbourhood,31038,9,split_brain,270.5,23.689332476,5,5,5,200,complete,True
sel_nbh_k4_n256_privileged,neighbourhood,31038,12,compound,342.0,16.032408185,3,3,3,148,complete,True
sel_nbh_k4_n256_privileged,neighbourhood,31038,13,slow_leak,386.5,33.65349188,5,5,1,220,lacking,True
sel_nbh_k4_n256_privileged,neighbourhood,31040,5,split_brain,63.0,16.374519678,3,3,3,161,complete,True
sel_nbh_k4_n256_privileged,neighbourhood,31040,9,split_brain,178.5,60.929878153,3,3,0,256,lacking,True
sel_nbh_k4_n256_privileged,neighbourhood,31040,12,split_brain,232.5,21.459261621,6,6,6,212,complete,True
sel_nbh_k4_n256_privileged,neighbourhood,31040,21,slow_leak,382.0,34.878383819,4,4,0,188,lacking,True
sel_nbh_k4_n256_privileged,neighbourhood,31040,30,slow_leak,542.0,29.521031193,5,5,5,206,complete,True
sel_nbh_k4_n256_privileged,neighbourhood,31041,1,compound,44.0,18.371515046,8,8,8,158,complete,True
sel_nbh_k4_n256_privileged,neighbourhood,31041,5,compound,162.0,20.019066384,7,7,7,174,complete,True
sel_nbh_k4_n256_privileged,neighbourhood,31042,10,compound,226.0,19.004747839,3,3,3,212,complete,True
sel_nbh_k4_n256_privileged,neighbourhood,31042,11,compound,265.0,16.753167793,4,4,4,161,complete,True
sel_nbh_k4_n256_privileged,neighbourhood,31042,19,compound,451.5,19.554523664,4,4,4,150,complete,True
sel_nbh_k4_n256_privileged,neighbourhood,31042,21,compound,555.5,16.261674331,4,4,4,123,complete,True
sel_nbh_k4_n256_privileged,neighbourhood,31043,6,cascade,205.0,20.013917527,4,4,4,156,complete,True
sel_nbh_k4_n256_privileged,neighbourhood,31044,10,split_brain,300.5,44.858904884,4,4,1,234,lacking,True
sel_nbh_k4_n256_privileged,neighbourhood,31045,22,compound,368.0,22.572069003,6,6,6,192,complete,True
sel_nbh_k4_n256_privileged,neighbourhood,31046,0,compound,37.5,19.125832169,8,8,8,156,complete,True
sel_nbh_k4_n256_privileged,neighbourhood,31046,12,compound,194.0,18.95070339,6,6,6,177,complete,True
sel_nbh_k4_n256_privileged,neighbourhood,31046,26,compound,373.5,29.004127088,5,5,4,256,lacking,True
sel_nbh_k4_n256_privileged,neighbourhood,31046,33,compound,439.5,19.816505012,5,5,5,239,complete,True
sel_nbh_k4_n256_privileged,neighbourhood,31047,27,compound,415.0,17.327713509,4,4,4,167,complete,True
sel_nbh_k4_n256_privileged,neighbourhood,31047,31,compound,498.5,17.796420208,5,5,5,196,complete,True
sel_nbh_k4_n256_privileged,neighbourhood,31048,13,compound,180.5,23.763299493,6,6,6,256,complete,True
sel_nbh_k4_n256_privileged,neighbourhood,31048,18,cascade,314.5,22.145223352,9,9,9,220,complete,True
sel_nbh_k4_n256_privileged,neighbourhood,31048,34,compound,549.0,28.593310259,4,4,4,206,complete,True
sel_nbh_k4_n256_privileged,neighbourhood,31049,29,cascade,370.0,20.090962089,8,8,8,256,complete,True
sel_nbh_k4_n256_privileged,neighbourhood,31049,34,compound,470.5,19.758046438,5,5,5,192,complete,True
sel_nbh_k4_n256_privileged,neighbourhood,31050,15,split_brain,390.0,17.368416906,5,5,5,150,complete,True
sel_nbh_k4_n256_privileged,neighbourhood,31051,10,cascade,129.0,22.030040954,7,7,7,232,complete,True
sel_nbh_k4_n256_privileged,neighbourhood,31051,13,split_brain,196.0,45.17089353,5,5,0,256,lacking,True
sel_nbh_k4_n256_privileged,neighbourhood,31051,19,split_brain,294.0,22.065385879,5,5,5,185,complete,True
sel_nbh_k4_n256_privileged,neighbourhood,31051,25,split_brain,435.0,20.792014883,4,4,4,256,complete,True
sel_nbh_k4_n256_privileged,neighbourhood,31051,29,split_brain,551.0,16.244248953,3,3,3,133,complete,True
sel_nbh_k4_n256_privileged,neighbourhood,31052,0,split_brain,20.5,19.050639391,6,6,6,120,complete,True
sel_nbh_k4_n256_privileged,neighbourhood,31052,4,slow_leak,77.5,32.876866484,3,3,3,250,complete,True
sel_nbh_k4_n256_privileged,neighbourhood,31052,6,split_brain,84.5,20.963941779,3,3,3,226,complete,True
sel_nbh_k4_n256_privileged,neighbourhood,31052,10,split_brain,247.5,23.309181052,4,4,4,184,complete,True
sel_nbh_k4_n256_privileged,neighbourhood,31052,20,compound,504.5,16.346043885,7,7,7,186,complete,True
sel_nbh_k4_n256_privileged,neighbourhood,31055,12,slow_leak,206.5,33.568142969,5,5,3,226,lacking,True
sel_nbh_k4_n256_privileged,neighbourhood,31056,13,compound,307.5,17.73485221,6,6,6,213,complete,True
sel_nbh_k4_n256_privileged,neighbourhood,31057,2,slow_leak,73.0,32.683342457,5,5,2,228,lacking,True
sel_nbh_k4_n256_privileged,neighbourhood,31057,29,slow_leak,572.5,33.68734963,3,3,3,202,complete,True
sel_nbh_k4_n256_privileged,neighbourhood,31058,9,split_brain,261.0,20.923922323,4,4,4,178,complete,True
sel_nbh_k4_n256_privileged,neighbourhood,31058,11,compound,327.0,19.110220914,5,5,5,146,complete,True
sel_nbh_k4_n256_privileged,neighbourhood,31058,17,cascade,467.0,20.093058712,4,4,4,189,complete,True
sel_nbh_k4_n256_privileged,neighbourhood,31058,18,compound,476.5,16.47525379,5,5,5,163,complete,True
sel_nbh_k4_n256_privileged,neighbourhood,31058,19,split_brain,554.5,21.018451895,6,6,6,158,complete,True
sel_nbh_k4_n256_privileged,neighbourhood,31059,0,compound,33.0,18.94340204,3,3,3,129,complete,True
sel_nbh_k4_n256_privileged,neighbourhood,31059,15,slow_leak,388.0,35.974610988,5,5,2,241,lacking,True
sel_nbh_k4_n256_privileged,neighbourhood,31059,27,cascade,466.0,18.487357015,6,6,6,253,complete,True
sel_nbh_k4_n256_privileged,neighbourhood,31059,33,split_brain,545.0,18.633400976,8,8,8,193,complete,True
sel_nbh_k4_n256_privileged,neighbourhood,31060,8,slow_leak,223.0,31.624785237,3,3,3,194,complete,True
sel_nbh_k4_n256_privileged,neighbourhood,31060,19,slow_leak,435.5,32.744903322,3,3,0,252,lacking,True
sel_nbh_k4_n256_privileged,neighbourhood,31061,21,split_brain,456.5,22.622436495,3,3,3,252,complete,True
sel_nbh_k4_n256_privileged,neighbourhood,31061,23,split_brain,511.5,27.854306784,7,7,7,221,complete,True
sel_nbh_k4_n256_privileged,neighbourhood,31062,4,slow_leak,168.5,31.51356403,5,5,4,184,lacking,True
sel_nbh_k4_n256_privileged,neighbourhood,31062,15,compound,367.5,19.884531111,4,4,4,183,complete,True
sel_nbh_k4_n256_privileged,neighbourhood,31063,2,compound,76.0,21.767042335,5,5,5,172,complete,True
sel_nbh_k4_n256_privileged,neighbourhood,31063,18,slow_leak,343.0,31.985603071,5,5,2,195,lacking,True
sel_nbh_k4_n256_privileged,neighbourhood,31064,0,compound,77.0,18.160491085,4,4,4,134,complete,True
sel_nbh_k4_n256_privileged,neighbourhood,31064,8,compound,313.500003407,17.38583372,5,5,5,120,complete,True
sel_nbh_k4_n256_privileged,neighbourhood,31065,2,cascade,167.500003664,19.906355868,8,8,8,159,complete,True
sel_nbh_k4_n256_privileged,neighbourhood,31066,19,cascade,402.5,19.530520733,3,3,3,193,complete,True
sel_nbh_k4_n256_privileged,neighbourhood,31068,2,split_brain,100.0,16.220134193,5,5,5,143,complete,True
sel_nbh_k4_n256_privileged,neighbourhood,31068,11,split_brain,233.0,23.988057278,3,3,3,218,complete,True
sel_nbh_k4_n256_privileged,neighbourhood,31068,15,cascade,329.5,19.573453738,7,7,7,173,complete,True
sel_nbh_k4_n256_privileged,neighbourhood,31068,29,split_brain,553.5,17.031217834,4,4,4,195,complete,True
sel_nbh_k4_n256_privileged,neighbourhood,31068,29,split_brain,559.5,23.031217834,4,4,4,256,complete,True
sel_nbh_k4_n256_privileged,neighbourhood,31069,0,compound,56.000004155,16.302551397,4,4,4,117,complete,True
sel_nbh_k4_n256_privileged,neighbourhood,31069,4,split_brain,149.0,19.603179456,6,6,6,180,complete,True
sel_nbh_k4_n256_privileged,neighbourhood,31069,11,split_brain,310.5,17.133663993,5,5,5,199,complete,True
sel_nbh_k4_n256_privileged,neighbourhood,31069,15,split_brain,409.5,19.116424553,7,7,7,197,complete,True
sel_nbh_k4_n256_privileged,neighbourhood,31069,21,split_brain,543.5,19.684697896,6,6,6,171,complete,True
sel_nbh_k4_n256_privileged,neighbourhood,31070,8,compound,110.0,20.497575428,6,6,6,251,complete,True
sel_nbh_k4_n256_privileged,neighbourhood,31070,14,compound,234.5,17.173480424,7,7,7,171,complete,True
sel_nbh_k4_n256_privileged,neighbourhood,31071,5,compound,163.500003887,16.373832602,5,5,5,186,complete,True
sel_nbh_k4_n256_privileged,neighbourhood,31071,9,compound,179.5,16.292353251,5,5,5,222,complete,True
sel_nbh_k4_n256_privileged,neighbourhood,31071,6,slow_leak,190.0,39.509220496,4,4,0,240,lacking,True
sel_nbh_k4_n256_privileged,neighbourhood,31072,12,cascade,289.0,20.518207928,3,3,3,243,complete,True
sel_nbh_k4_n256_privileged,neighbourhood,31072,19,cascade,421.0,19.326727135,5,5,5,245,complete,True
sel_nbh_k4_n256_privileged,neighbourhood,31072,26,compound,534.5,16.438184925,6,6,6,160,complete,True
sel_nbh_k4_n256_privileged,neighbourhood,31073,2,split_brain,64.5,16.367897508,4,4,4,185,complete,True
sel_nbh_k4_n256_privileged,neighbourhood,31073,2,split_brain,67.0,18.867897508,4,4,4,209,complete,True
sel_nbh_k4_n256_privileged,neighbourhood,31073,12,split_brain,216.5,21.607626511,5,5,5,205,complete,True
sel_nbh_k4_n256_privileged,neighbourhood,31073,13,split_brain,285.0,18.238541912,3,3,3,124,complete,True
sel_nbh_k4_n256_privileged,neighbourhood,31073,24,split_brain,455.5,16.174833142,5,5,5,167,complete,True
sel_nbh_k4_n256_privileged,neighbourhood,31074,0,split_brain,61.5,18.054193902,4,4,4,112,complete,True
sel_nbh_k4_n256_privileged,neighbourhood,31074,5,split_brain,158.5,20.832423093,4,4,4,204,complete,True
sel_nbh_k4_n256_privileged,neighbourhood,31074,6,slow_leak,193.0,42.068574385,4,4,0,190,lacking,True
sel_nbh_k4_n256_privileged,neighbourhood,31074,22,split_brain,479.0,23.38788574,5,5,5,174,complete,True
sel_nbh_k4_n256_privileged,neighbourhood,31075,2,cascade,74.5,18.532893191,8,8,8,171,complete,True
sel_nbh_k4_n256_privileged,neighbourhood,31077,0,cascade,19.0,16.118267672,3,3,3,122,complete,True
sel_nbh_k4_n256_privileged,neighbourhood,31077,27,compound,473.0,20.787592724,4,4,4,178,complete,True
sel_nbh_k4_n256_privileged,neighbourhood,31078,5,slow_leak,60.0,31.016312408,3,3,2,256,lacking,True
sel_nbh_k4_n256_privileged,neighbourhood,31078,16,compound,341.5,22.027262983,3,3,3,191,complete,True
sel_nbh_k4_n256_privileged,neighbourhood,31078,18,cascade,394.5,20.625995838,5,5,5,204,complete,True
sel_nbh_k4_n256_privileged,neighbourhood,31079,6,split_brain,198.5,21.973622939,3,3,3,191,complete,True
sel_nbh_k4_n256_privileged,neighbourhood,31079,12,split_brain,270.5,21.5227449,3,3,3,220,complete,True
sel_nbh_k4_n256_privileged,neighbourhood,31080,9,compound,106.5,16.239001141,4,4,4,256,complete,True
sel_nbh_k4_n256_privileged,neighbourhood,31080,30,compound,449.5,21.064798668,5,5,5,256,complete,True
sel_nbh_k4_n256_privileged,neighbourhood,31080,33,slow_leak,517.5,40.057028695,4,4,2,256,lacking,True
sel_nbh_k4_n256_privileged,neighbourhood,31081,11,compound,315.5,24.150486731,5,5,5,248,complete,True
sel_nbh_k4_n256_privileged,neighbourhood,31081,17,compound,409.0,18.668520404,6,6,6,218,complete,True
sel_nbh_k4_n256_privileged,neighbourhood,31081,18,cascade,414.5,18.359201571,10,10,10,216,complete,True
sel_nbh_k4_n256_privileged,neighbourhood,31082,12,split_brain,209.5,19.108881937,7,7,7,214,complete,True
sel_nbh_k4_n256_privileged,neighbourhood,31082,18,compound,344.0,23.104114617,8,8,8,156,complete,True
sel_nbh_k4_n256_privileged,neighbourhood,31083,10,compound,108.5,21.230351004,4,4,4,256,complete,True
sel_nbh_k4_n256_privileged,neighbourhood,31083,12,compound,121.0,21.132128112,5,5,5,256,complete,True
sel_nbh_k4_n256_privileged,neighbourhood,31083,21,cascade,437.0,19.922311997,7,7,7,162,complete,True
sel_nbh_k4_n256_privileged,neighbourhood,31084,9,compound,180.0,16.422442252,4,4,4,213,complete,True
sel_nbh_k4_n256_privileged,neighbourhood,31084,15,compound,263.5,16.210646572,4,4,4,170,complete,True
sel_nbh_k4_n256_privileged,neighbourhood,31084,24,compound,419.5,22.579775711,6,6,6,241,complete,True
sel_nbh_k4_n256_privileged,neighbourhood,31084,27,split_brain,452.0,21.201865256,7,7,7,243,complete,True
sel_nbh_k4_n256_privileged,neighbourhood,31085,20,split_brain,442.5,31.029298276,6,6,1,256,lacking,True
sel_nbh_k4_n256_privileged,neighbourhood,31086,21,split_brain,298.5,22.373936907,8,8,8,242,complete,True
sel_nbh_k4_n256_privileged,neighbourhood,31086,31,compound,469.0,21.799828866,4,4,4,235,complete,True
sel_nbh_k4_n256_privileged,neighbourhood,31087,1,cascade,25.5,16.355634742,5,5,5,150,complete,True
sel_nbh_k4_n256_privileged,neighbourhood,31088,33,compound,476.5,22.703614117,5,5,5,256,complete,True
sel_nbh_k4_n256_privileged,neighbourhood,31089,23,compound,389.000008902,18.577210217,5,5,5,180,complete,True
sel_nbh_k4_n256_privileged,neighbourhood,31089,34,compound,544.0,16.20824963,5,5,5,155,complete,True
sel_nbh_k4_n256_privileged,neighbourhood,31090,6,compound,72.000003609,20.616879044,4,4,4,256,complete,True
sel_nbh_k4_n256_privileged,neighbourhood,31090,11,compound,160.0,22.902928275,7,7,7,162,complete,True
sel_nbh_k4_n256_privileged,neighbourhood,31090,22,compound,300.0,22.328237004,4,4,4,230,complete,True
sel_nbh_k4_n256_privileged,neighbourhood,31090,23,split_brain,309.0,23.319939724,6,6,6,231,complete,True
sel_nbh_k4_n256_privileged,neighbourhood,31091,4,compound,125.0,16.490202693,4,4,4,175,complete,True
sel_nbh_k4_n256_privileged,neighbourhood,31091,10,cascade,247.0,16.482694117,5,5,5,130,complete,True
sel_nbh_k4_n256_privileged,neighbourhood,31091,14,compound,469.0,16.529904112,7,7,7,134,complete,True
sel_nbh_k4_n256_privileged,neighbourhood,31093,13,split_brain,439.5,17.970049841,8,8,8,151,complete,True
sel_nbh_k4_n256_privileged,neighbourhood,31095,0,compound,16.5,16.387931028,5,5,5,113,complete,True
sel_nbh_k4_n256_privileged,neighbourhood,31095,2,compound,183.0,16.119972369,4,4,4,118,complete,True
sel_nbh_k4_n256_privileged,neighbourhood,31096,18,split_brain,370.5,18.501204442,6,6,6,167,complete,True
sel_nbh_k4_n256_privileged,neighbourhood,31097,1,compound,28.0,18.668322226,5,5,5,143,complete,True
sel_nbh_k4_n256_privileged,neighbourhood,31097,4,compound,117.5,29.010799498,6,6,5,154,lacking,True
sel_nbh_k4_n256_privileged,neighbourhood,31097,9,compound,184.0,19.522162384,6,6,6,166,complete,True
sel_nbh_k4_n256_privileged,neighbourhood,31097,12,compound,318.5,20.059593,6,6,6,175,complete,True
sel_nbh_k4_n256_privileged,neighbourhood,31097,22,split_brain,558.5,18.951859296,7,7,7,153,complete,True
sel_nbh_k4_n256_privileged,neighbourhood,31099,2,compound,93.5,16.046215922,3,3,3,146,complete,True
sel_nbh_k4_n256_privileged,neighbourhood,31099,14,compound,280.0,16.069623643,5,5,5,177,complete,True
sel_nbh_k4_n256_privileged,neighbourhood,31099,19,cascade,418.5,16.444193925,4,4,4,180,complete,True
sel_rung_privileged,rung,31000,30,slow_leak,562.5,38.650537083,3,3,0,34,lacking,True
sel_rung_privileged,rung,31001,2,slow_leak,80.5,32.693058688,3,3,2,36,lacking,True
sel_rung_privileged,rung,31002,9,slow_leak,183.5,56.738628882,3,3,2,67,lacking,True
sel_rung_privileged,rung,31002,14,split_brain,274.5,22.892062346,7,7,2,52,lacking,True
sel_rung_privileged,rung,31003,5,split_brain,142.0,16.525284706,6,6,2,45,lacking,True
sel_rung_privileged,rung,31003,13,split_brain,219.5,23.344976849,7,7,2,67,lacking,True
sel_rung_privileged,rung,31003,15,split_brain,321.5,23.96105172,6,6,2,63,lacking,True
sel_rung_privileged,rung,31004,22,split_brain,541.0,21.43241657,3,3,2,42,lacking,True
sel_rung_privileged,rung,31005,11,slow_leak,235.5,31.007414208,3,3,3,34,complete,True
sel_rung_privileged,rung,31005,21,compound,436.5,16.30732197,5,5,5,65,complete,True
sel_rung_privileged,rung,31005,26,split_brain,494.5,21.054575877,8,8,3,33,lacking,True
sel_rung_privileged,rung,31006,15,split_brain,352.0,23.076252156,8,8,3,39,lacking,True
sel_rung_privileged,rung,31008,19,compound,490.5,22.872966883,4,4,4,36,complete,True
sel_rung_privileged,rung,31009,18,cascade,395.0,21.379454748,6,6,2,39,lacking,True
sel_rung_privileged,rung,31009,21,split_brain,464.5,20.779782143,8,8,3,38,lacking,True
sel_rung_privileged,rung,31010,9,cascade,364.0,23.720776938,6,6,2,42,lacking,True
sel_rung_privileged,rung,31011,16,compound,405.5,21.02888302,7,7,7,41,complete,True
sel_rung_privileged,rung,31013,12,slow_leak,344.0,35.119159391,3,3,0,42,lacking,True
sel_rung_privileged,rung,31013,15,split_brain,409.000007948,16.34227666,7,7,2,42,lacking,True
sel_rung_privileged,rung,31013,23,split_brain,486.0,19.468673024,8,8,3,43,lacking,True
sel_rung_privileged,rung,31014,3,split_brain,101.5,21.994782629,7,7,2,49,lacking,True
sel_rung_privileged,rung,31014,7,cascade,201.0,17.51208274,8,8,3,54,lacking,True
sel_rung_privileged,rung,31015,2,split_brain,68.0,20.32167158,4,4,2,27,lacking,True
sel_rung_privileged,rung,31015,6,slow_leak,143.5,31.059074992,5,5,2,32,lacking,True
sel_rung_privileged,rung,31015,17,split_brain,331.0,23.459078621,4,4,2,35,lacking,True
sel_rung_privileged,rung,31016,5,compound,56.0,18.470324064,4,4,4,30,complete,True
sel_rung_privileged,rung,31016,19,cascade,394.5,17.571090019,9,9,2,50,lacking,True
sel_rung_privileged,rung,31016,21,compound,437.0,20.593607551,4,4,4,39,complete,True
sel_rung_privileged,rung,31017,12,split_brain,440.0,19.362123786,4,4,2,35,lacking,True
sel_rung_privileged,rung,31019,9,split_brain,365.5,19.83403221,8,8,3,46,lacking,True
sel_rung_privileged,rung,31019,13,cascade,466.5,17.507965758,10,10,3,56,lacking,True
sel_rung_privileged,rung,31020,10,split_brain,214.5,16.057070906,7,7,2,47,lacking,True
sel_rung_privileged,rung,31020,23,slow_leak,575.5,44.937448033,3,3,2,58,lacking,True
sel_rung_privileged,rung,31022,18,cascade,385.5,21.186455883,6,6,2,33,lacking,True
sel_rung_privileged,rung,31024,7,cascade,138.0,18.342500678,5,5,2,33,lacking,True
sel_rung_privileged,rung,31024,11,slow_leak,305.0,28.598960995,3,3,2,39,lacking,True
sel_rung_privileged,rung,31024,13,cascade,360.5,17.216638508,5,5,2,36,lacking,True
sel_rung_privileged,rung,31025,5,cascade,217.0,19.377759786,3,3,2,39,lacking,True
sel_rung_privileged,rung,31026,7,split_brain,156.5,48.411870614,7,7,2,70,lacking,True
sel_rung_privileged,rung,31026,15,split_brain,300.0,23.074921067,3,3,2,39,lacking,True
sel_rung_privileged,rung,31026,26,compound,458.5,17.455136422,5,5,5,41,complete,True
sel_rung_privileged,rung,31026,28,split_brain,542.0,41.981941804,8,8,3,64,lacking,True
sel_rung_privileged,rung,31026,28,split_brain,597.0,96.981941804,8,8,0,59,lacking,True
sel_rung_privileged,rung,31027,8,cascade,222.0,19.540594096,5,5,3,67,lacking,True
sel_rung_privileged,rung,31028,9,split_brain,174.0,19.704870598,8,8,3,40,lacking,True
sel_rung_privileged,rung,31030,10,split_brain,205.0,17.314422269,7,7,2,44,lacking,True
sel_rung_privileged,rung,31031,6,cascade,189.0,18.492037136,9,9,3,35,lacking,True
sel_rung_privileged,rung,31031,24,compound,510.0,22.233295655,8,8,8,41,complete,True
sel_rung_privileged,rung,31032,13,slow_leak,408.5,30.902714073,3,3,3,31,complete,True
sel_rung_privileged,rung,31033,2,split_brain,92.0,19.95225382,6,6,2,32,lacking,True
sel_rung_privileged,rung,31033,9,compound,204.5,20.076461646,4,4,4,46,complete,True
sel_rung_privileged,rung,31033,24,compound,511.0,16.03831132,3,3,3,66,complete,True
sel_rung_privileged,rung,31034,0,slow_leak,33.0,29.514051459,4,4,3,26,lacking,True
sel_rung_privileged,rung,31034,7,compound,164.0,31.374230088,5,5,3,50,lacking,True
sel_rung_privileged,rung,31034,15,slow_leak,267.0,35.291260481,4,4,3,41,lacking,True
sel_rung_privileged,rung,31035,2,cascade,94.0,16.51320421,8,8,2,29,lacking,True
sel_rung_privileged,rung,31036,5,cascade,149.0,16.234560188,8,8,2,38,lacking,True
sel_rung_privileged,rung,31036,6,slow_leak,193.5,31.665439099,4,4,1,32,lacking,True
sel_rung_privileged,rung,31037,18,slow_leak,434.0,29.605088824,4,4,4,47,complete,True
sel_rung_privileged,rung,31038,9,split_brain,270.5,23.689332476,5,5,3,47,lacking,True
sel_rung_privileged,rung,31038,12,compound,342.0,16.032408185,3,3,3,59,complete,True
sel_rung_privileged,rung,31038,13,slow_leak,386.5,33.65349188,5,5,1,35,lacking,True
sel_rung_privileged,rung,31040,5,split_brain,63.0,16.374519678,3,3,2,39,lacking,True
sel_rung_privileged,rung,31040,9,split_brain,178.5,60.929878153,3,3,2,95,lacking,True
sel_rung_privileged,rung,31040,12,split_brain,232.5,21.459261621,6,6,2,55,lacking,True
sel_rung_privileged,rung,31040,21,slow_leak,382.0,34.878383819,4,4,0,34,lacking,True
sel_rung_privileged,rung,31040,30,slow_leak,542.0,29.521031193,5,5,5,40,complete,True
sel_rung_privileged,rung,31041,1,compound,44.0,18.371515046,8,8,8,39,complete,True
sel_rung_privileged,rung,31041,5,compound,162.0,20.019066384,7,7,7,45,complete,True
sel_rung_privileged,rung,31042,10,compound,226.0,19.004747839,3,3,3,37,complete,True
sel_rung_privileged,rung,31042,11,compound,265.0,16.753167793,4,4,4,54,complete,True
sel_rung_privileged,rung,31042,19,compound,451.5,19.554523664,4,4,4,50,complete,True
sel_rung_privileged,rung,31042,21,compound,555.5,16.261674331,4,4,4,42,complete,True
sel_rung_privileged,rung,31043,6,cascade,205.0,20.013917527,4,4,2,38,lacking,True
sel_rung_privileged,rung,31044,10,split_brain,300.5,44.858904884,4,4,1,54,lacking,True
sel_rung_privileged,rung,31045,22,compound,368.0,22.572069003,6,6,6,35,complete,True
sel_rung_privileged,rung,31046,0,compound,37.5,19.125832169,8,8,8,37,complete,True
sel_rung_privileged,rung,31046,12,compound,194.0,18.95070339,6,6,6,33,complete,True
sel_rung_privileged,rung,31046,26,compound,373.5,29.004127088,5,5,5,54,complete,True
sel_rung_privileged,rung,31046,33,compound,439.5,19.816505012,5,5,5,38,complete,True
sel_rung_privileged,rung,31047,27,compound,415.0,17.327713509,4,4,4,35,complete,True
sel_rung_privileged,rung,31047,31,compound,498.5,17.796420208,5,5,5,69,complete,True
sel_rung_privileged,rung,31048,13,compound,180.5,23.763299493,6,6,6,38,complete,True
sel_rung_privileged,rung,31048,18,cascade,314.5,22.145223352,9,9,2,37,lacking,True
sel_rung_privileged,rung,31048,34,compound,549.0,28.593310259,4,4,4,34,complete,True
sel_rung_privileged,rung,31049,29,cascade,370.0,20.090962089,8,8,2,45,lacking,True
sel_rung_privileged,rung,31049,34,compound,470.5,19.758046438,5,5,5,57,complete,True
sel_rung_privileged,rung,31050,15,split_brain,390.0,17.368416906,5,5,3,28,lacking,True
sel_rung_privileged,rung,31051,10,cascade,129.0,22.030040954,7,7,3,37,lacking,True
sel_rung_privileged,rung,31051,13,split_brain,196.0,45.17089353,5,5,3,73,lacking,True
sel_rung_privileged,rung,31051,19,split_brain,294.0,22.065385879,5,5,3,34,lacking,True
sel_rung_privileged,rung,31051,25,split_brain,435.0,20.792014883,4,4,2,31,lacking,True
sel_rung_privileged,rung,31051,29,split_brain,551.0,16.244248953,3,3,2,41,lacking,True
sel_rung_privileged,rung,31052,0,split_brain,20.5,19.050639391,6,6,2,36,lacking,True
sel_rung_privileged,rung,31052,4,slow_leak,77.5,32.876866484,3,3,3,43,complete,True
sel_rung_privileged,rung,31052,6,split_brain,84.5,20.963941779,3,3,2,34,lacking,True
sel_rung_privileged,rung,31052,10,split_brain,247.5,23.309181052,4,4,2,40,lacking,True
sel_rung_privileged,rung,31052,20,compound,504.5,16.346043885,7,7,7,51,complete,True
sel_rung_privileged,rung,31055,12,slow_leak,206.5,33.568142969,5,5,3,42,lacking,True
sel_rung_privileged,rung,31056,13,compound,307.5,17.73485221,6,6,6,44,complete,True
sel_rung_privileged,rung,31057,2,slow_leak,73.0,32.683342457,5,5,2,38,lacking,True
sel_rung_privileged,rung,31057,29,slow_leak,572.5,33.68734963,3,3,3,37,complete,True
sel_rung_privileged,rung,31058,9,split_brain,261.0,20.923922323,4,4,2,30,lacking,True
sel_rung_privileged,rung,31058,11,compound,327.0,19.110220914,5,5,5,36,complete,True
sel_rung_privileged,rung,31058,17,cascade,467.0,20.093058712,4,4,2,32,lacking,True
sel_rung_privileged,rung,31058,18,compound,476.5,16.47525379,5,5,5,32,complete,True
sel_rung_privileged,rung,31058,19,split_brain,554.5,21.018451895,6,6,2,36,lacking,True
sel_rung_privileged,rung,31059,0,compound,33.0,18.94340204,3,3,3,32,complete,True
sel_rung_privileged,rung,31059,15,slow_leak,388.0,35.974610988,5,5,2,34,lacking,True
sel_rung_privileged,rung,31059,27,cascade,466.0,18.487357015,6,6,2,29,lacking,True
sel_rung_privileged,rung,31059,33,split_brain,545.0,18.633400976,8,8,3,34,lacking,True
sel_rung_privileged,rung,31060,8,slow_leak,223.0,31.624785237,3,3,3,38,complete,True
sel_rung_privileged,rung,31060,19,slow_leak,435.5,32.744903322,3,3,0,37,lacking,True
sel_rung_privileged,rung,31061,21,split_brain,456.5,22.622436495,3,3,2,37,lacking,True
sel_rung_privileged,rung,31061,23,split_brain,511.5,27.854306784,7,7,2,49,lacking,True
sel_rung_privileged,rung,31062,4,slow_leak,168.5,31.51356403,5,5,4,48,lacking,True
sel_rung_privileged,rung,31062,15,compound,367.5,19.884531111,4,4,4,42,complete,True
sel_rung_privileged,rung,31063,2,compound,76.0,21.767042335,5,5,5,39,complete,True
sel_rung_privileged,rung,31063,18,slow_leak,343.0,31.985603071,5,5,2,26,lacking,True
sel_rung_privileged,rung,31064,0,compound,77.0,18.160491085,4,4,4,38,complete,True
sel_rung_privileged,rung,31064,8,compound,313.500003407,17.38583372,5,5,5,36,complete,True
sel_rung_privileged,rung,31065,2,cascade,167.500003664,19.906355868,8,8,3,36,lacking,True
sel_rung_privileged,rung,31066,19,cascade,402.5,19.530520733,3,3,2,32,lacking,True
sel_rung_privileged,rung,31068,2,split_brain,100.0,16.220134193,5,5,3,31,lacking,True
sel_rung_privileged,rung,31068,11,split_brain,233.0,23.988057278,3,3,2,44,lacking,True
sel_rung_privileged,rung,31068,15,cascade,329.5,19.573453738,7,7,2,33,lacking,True
sel_rung_privileged,rung,31068,29,split_brain,553.5,17.031217834,4,4,2,35,lacking,True
sel_rung_privileged,rung,31068,29,split_brain,559.5,23.031217834,4,4,2,47,lacking,True
sel_rung_privileged,rung,31069,0,compound,56.000004155,16.302551397,4,4,4,27,complete,True
sel_rung_privileged,rung,31069,4,split_brain,149.0,19.603179456,6,6,2,30,lacking,True
sel_rung_privileged,rung,31069,11,split_brain,310.5,17.133663993,5,5,3,30,lacking,True
sel_rung_privileged,rung,31069,15,split_brain,409.5,19.116424553,7,7,2,32,lacking,True
sel_rung_privileged,rung,31069,21,split_brain,543.5,19.684697896,6,6,2,33,lacking,True
sel_rung_privileged,rung,31070,8,compound,110.0,20.497575428,6,6,6,71,complete,True
sel_rung_privileged,rung,31070,14,compound,234.5,17.173480424,7,7,7,59,complete,True
sel_rung_privileged,rung,31071,5,compound,163.500003887,16.373832602,5,5,5,36,complete,True
sel_rung_privileged,rung,31071,9,compound,179.5,16.292353251,5,5,5,34,complete,True
sel_rung_privileged,rung,31071,6,slow_leak,190.0,39.509220496,4,4,0,28,lacking,True
sel_rung_privileged,rung,31072,12,cascade,289.0,20.518207928,3,3,2,37,lacking,True
sel_rung_privileged,rung,31072,19,cascade,421.0,19.326727135,5,5,2,37,lacking,True
sel_rung_privileged,rung,31072,26,compound,534.5,16.438184925,6,6,6,54,complete,True
sel_rung_privileged,rung,31073,2,split_brain,64.5,16.367897508,4,4,2,16,lacking,True
sel_rung_privileged,rung,31073,2,split_brain,67.0,18.867897508,4,4,2,46,lacking,True
sel_rung_privileged,rung,31073,12,split_brain,216.5,21.607626511,5,5,3,43,lacking,True
sel_rung_privileged,rung,31073,13,split_brain,285.0,18.238541912,3,3,2,36,lacking,True
sel_rung_privileged,rung,31073,24,split_brain,455.5,16.174833142,5,5,3,37,lacking,True
sel_rung_privileged,rung,31074,0,split_brain,61.5,18.054193902,4,4,2,34,lacking,True
sel_rung_privileged,rung,31074,5,split_brain,158.5,20.832423093,4,4,2,32,lacking,True
sel_rung_privileged,rung,31074,6,slow_leak,193.0,42.068574385,4,4,0,24,lacking,True
sel_rung_privileged,rung,31074,22,split_brain,479.0,23.38788574,5,5,3,39,lacking,True
sel_rung_privileged,rung,31075,2,cascade,74.5,18.532893191,8,8,3,33,lacking,True
sel_rung_privileged,rung,31077,0,cascade,19.0,16.118267672,3,3,2,33,lacking,True
sel_rung_privileged,rung,31077,27,compound,473.0,20.787592724,4,4,4,38,complete,True
sel_rung_privileged,rung,31078,5,slow_leak,60.0,31.016312408,3,3,2,31,lacking,True
sel_rung_privileged,rung,31078,16,compound,341.5,22.027262983,3,3,3,37,complete,True
sel_rung_privileged,rung,31078,18,cascade,394.5,20.625995838,5,5,2,38,lacking,True
sel_rung_privileged,rung,31079,6,split_brain,198.5,21.973622939,3,3,2,34,lacking,True
sel_rung_privileged,rung,31079,12,split_brain,270.5,21.5227449,3,3,2,39,lacking,True
sel_rung_privileged,rung,31080,9,compound,106.5,16.239001141,4,4,4,73,complete,True
sel_rung_privileged,rung,31080,30,compound,449.5,21.064798668,5,5,5,60,complete,True
sel_rung_privileged,rung,31080,33,slow_leak,517.5,40.057028695,4,4,4,46,complete,True
sel_rung_privileged,rung,31081,11,compound,315.5,24.150486731,5,5,5,39,complete,True
sel_rung_privileged,rung,31081,17,compound,409.0,18.668520404,6,6,6,48,complete,True
sel_rung_privileged,rung,31081,18,cascade,414.5,18.359201571,10,10,3,52,lacking,True
sel_rung_privileged,rung,31082,12,split_brain,209.5,19.108881937,7,7,2,40,lacking,True
sel_rung_privileged,rung,31082,18,compound,344.0,23.104114617,8,8,8,39,complete,True
sel_rung_privileged,rung,31083,10,compound,108.5,21.230351004,4,4,4,47,complete,True
sel_rung_privileged,rung,31083,12,compound,121.0,21.132128112,5,5,5,38,complete,True
sel_rung_privileged,rung,31083,21,cascade,437.0,19.922311997,7,7,3,37,lacking,True
sel_rung_privileged,rung,31084,9,compound,180.0,16.422442252,4,4,4,68,complete,True
sel_rung_privileged,rung,31084,15,compound,263.5,16.210646572,4,4,4,69,complete,True
sel_rung_privileged,rung,31084,24,compound,419.5,22.579775711,6,6,6,47,complete,True
sel_rung_privileged,rung,31084,27,split_brain,452.0,21.201865256,7,7,2,39,lacking,True
sel_rung_privileged,rung,31085,20,split_brain,442.5,31.029298276,6,6,2,60,lacking,True
sel_rung_privileged,rung,31086,21,split_brain,298.5,22.373936907,8,8,3,41,lacking,True
sel_rung_privileged,rung,31086,31,compound,469.0,21.799828866,4,4,4,34,complete,True
sel_rung_privileged,rung,31087,1,cascade,25.5,16.355634742,5,5,3,49,lacking,True
sel_rung_privileged,rung,31088,33,compound,476.5,22.703614117,5,5,5,49,complete,True
sel_rung_privileged,rung,31089,23,compound,389.000008902,18.577210217,5,5,5,37,complete,True
sel_rung_privileged,rung,31089,34,compound,544.0,16.20824963,5,5,5,58,complete,True
sel_rung_privileged,rung,31090,6,compound,72.000003609,20.616879044,4,4,4,39,complete,True
sel_rung_privileged,rung,31090,11,compound,160.0,22.902928275,7,7,7,43,complete,True
sel_rung_privileged,rung,31090,22,compound,300.0,22.328237004,4,4,4,40,complete,True
sel_rung_privileged,rung,31090,23,split_brain,309.0,23.319939724,6,6,2,54,lacking,True
sel_rung_privileged,rung,31091,4,compound,125.0,16.490202693,4,4,4,38,complete,True
sel_rung_privileged,rung,31091,10,cascade,247.0,16.482694117,5,5,2,45,lacking,True
sel_rung_privileged,rung,31091,14,compound,469.0,16.529904112,7,7,7,57,complete,True
sel_rung_privileged,rung,31093,13,split_brain,439.5,17.970049841,8,8,3,50,lacking,True
sel_rung_privileged,rung,31095,0,compound,16.5,16.387931028,5,5,5,36,complete,True
sel_rung_privileged,rung,31095,2,compound,183.0,16.119972369,4,4,4,37,complete,True
sel_rung_privileged,rung,31096,18,split_brain,370.5,18.501204442,6,6,2,56,lacking,True
sel_rung_privileged,rung,31097,1,compound,28.0,18.668322226,5,5,5,44,complete,True
sel_rung_privileged,rung,31097,4,compound,117.5,29.010799498,6,6,5,36,lacking,True
sel_rung_privileged,rung,31097,9,compound,184.0,19.522162384,6,6,6,50,complete,True
sel_rung_privileged,rung,31097,12,compound,318.5,20.059593,6,6,6,37,complete,True
sel_rung_privileged,rung,31097,22,split_brain,558.5,18.951859296,7,7,2,35,lacking,True
sel_rung_privileged,rung,31099,2,compound,93.5,16.046215922,3,3,3,42,complete,True
sel_rung_privileged,rung,31099,14,compound,280.0,16.069623643,5,5,5,49,complete,True
sel_rung_privileged,rung,31099,19,cascade,418.5,16.444193925,4,4,2,54,lacking,True
sel_win_w40_n256_privileged,window,31000,30,slow_leak,562.5,38.650537083,3,3,3,256,complete,True
sel_win_w40_n256_privileged,window,31001,2,slow_leak,80.5,32.693058688,3,3,3,256,complete,True
sel_win_w40_n256_privileged,window,31002,9,slow_leak,183.5,56.738628882,3,3,0,256,lacking,True
sel_win_w40_n256_privileged,window,31002,14,split_brain,274.5,22.892062346,7,7,7,256,complete,True
sel_win_w40_n256_privileged,window,31003,5,split_brain,142.0,16.525284706,6,6,6,256,complete,True
sel_win_w40_n256_privileged,window,31003,13,split_brain,219.5,23.344976849,7,7,7,256,complete,True
sel_win_w40_n256_privileged,window,31003,15,split_brain,321.5,23.96105172,6,6,6,256,complete,True
sel_win_w40_n256_privileged,window,31004,22,split_brain,541.0,21.43241657,3,3,3,256,complete,True
sel_win_w40_n256_privileged,window,31005,11,slow_leak,235.5,31.007414208,3,3,3,256,complete,True
sel_win_w40_n256_privileged,window,31005,21,compound,436.5,16.30732197,5,5,5,256,complete,True
sel_win_w40_n256_privileged,window,31005,26,split_brain,494.5,21.054575877,8,8,8,256,complete,True
sel_win_w40_n256_privileged,window,31006,15,split_brain,352.0,23.076252156,8,8,8,256,complete,True
sel_win_w40_n256_privileged,window,31008,19,compound,490.5,22.872966883,4,4,4,256,complete,True
sel_win_w40_n256_privileged,window,31009,18,cascade,395.0,21.379454748,6,6,6,256,complete,True
sel_win_w40_n256_privileged,window,31009,21,split_brain,464.5,20.779782143,8,8,8,256,complete,True
sel_win_w40_n256_privileged,window,31010,9,cascade,364.0,23.720776938,6,6,6,256,complete,True
sel_win_w40_n256_privileged,window,31011,16,compound,405.5,21.02888302,7,7,7,256,complete,True
sel_win_w40_n256_privileged,window,31013,12,slow_leak,344.0,35.119159391,3,3,3,256,complete,True
sel_win_w40_n256_privileged,window,31013,15,split_brain,409.000007948,16.34227666,7,7,7,256,complete,True
sel_win_w40_n256_privileged,window,31013,23,split_brain,486.0,19.468673024,8,8,8,256,complete,True
sel_win_w40_n256_privileged,window,31014,3,split_brain,101.5,21.994782629,7,7,7,256,complete,True
sel_win_w40_n256_privileged,window,31014,7,cascade,201.0,17.51208274,8,8,8,256,complete,True
sel_win_w40_n256_privileged,window,31015,2,split_brain,68.0,20.32167158,4,4,4,256,complete,True
sel_win_w40_n256_privileged,window,31015,6,slow_leak,143.5,31.059074992,5,5,5,256,complete,True
sel_win_w40_n256_privileged,window,31015,17,split_brain,331.0,23.459078621,4,4,4,256,complete,True
sel_win_w40_n256_privileged,window,31016,5,compound,56.0,18.470324064,4,4,4,256,complete,True
sel_win_w40_n256_privileged,window,31016,19,cascade,394.5,17.571090019,9,9,9,256,complete,True
sel_win_w40_n256_privileged,window,31016,21,compound,437.0,20.593607551,4,4,4,256,complete,True
sel_win_w40_n256_privileged,window,31017,12,split_brain,440.0,19.362123786,4,4,4,256,complete,True
sel_win_w40_n256_privileged,window,31019,9,split_brain,365.5,19.83403221,8,8,8,241,complete,True
sel_win_w40_n256_privileged,window,31019,13,cascade,466.5,17.507965758,10,10,10,256,complete,True
sel_win_w40_n256_privileged,window,31020,10,split_brain,214.5,16.057070906,7,7,7,256,complete,True
sel_win_w40_n256_privileged,window,31020,23,slow_leak,575.5,44.937448033,3,3,1,256,lacking,True
sel_win_w40_n256_privileged,window,31022,18,cascade,385.5,21.186455883,6,6,6,256,complete,True
sel_win_w40_n256_privileged,window,31024,7,cascade,138.0,18.342500678,5,5,5,256,complete,True
sel_win_w40_n256_privileged,window,31024,11,slow_leak,305.0,28.598960995,3,3,3,256,complete,True
sel_win_w40_n256_privileged,window,31024,13,cascade,360.5,17.216638508,5,5,5,242,complete,True
sel_win_w40_n256_privileged,window,31025,5,cascade,217.0,19.377759786,3,3,3,256,complete,True
sel_win_w40_n256_privileged,window,31026,7,split_brain,156.5,48.411870614,7,7,1,256,lacking,True
sel_win_w40_n256_privileged,window,31026,15,split_brain,300.0,23.074921067,3,3,3,256,complete,True
sel_win_w40_n256_privileged,window,31026,26,compound,458.5,17.455136422,5,5,5,256,complete,True
sel_win_w40_n256_privileged,window,31026,28,split_brain,542.0,41.981941804,8,8,2,256,lacking,True
sel_win_w40_n256_privileged,window,31026,28,split_brain,597.0,96.981941804,8,8,0,256,lacking,True
sel_win_w40_n256_privileged,window,31027,8,cascade,222.0,19.540594096,5,5,5,256,complete,True
sel_win_w40_n256_privileged,window,31028,9,split_brain,174.0,19.704870598,8,8,8,256,complete,True
sel_win_w40_n256_privileged,window,31030,10,split_brain,205.0,17.314422269,7,7,7,256,complete,True
sel_win_w40_n256_privileged,window,31031,6,cascade,189.0,18.492037136,9,9,9,256,complete,True
sel_win_w40_n256_privileged,window,31031,24,compound,510.0,22.233295655,8,8,8,249,complete,True
sel_win_w40_n256_privileged,window,31032,13,slow_leak,408.5,30.902714073,3,3,3,256,complete,True
sel_win_w40_n256_privileged,window,31033,2,split_brain,92.0,19.95225382,6,6,6,256,complete,True
sel_win_w40_n256_privileged,window,31033,9,compound,204.5,20.076461646,4,4,4,256,complete,True
sel_win_w40_n256_privileged,window,31033,24,compound,511.0,16.03831132,3,3,3,256,complete,True
sel_win_w40_n256_privileged,window,31034,0,slow_leak,33.0,29.514051459,4,4,4,224,complete,True
sel_win_w40_n256_privileged,window,31034,7,compound,164.0,31.374230088,5,5,5,256,complete,True
sel_win_w40_n256_privileged,window,31034,15,slow_leak,267.0,35.291260481,4,4,4,256,complete,True
sel_win_w40_n256_privileged,window,31035,2,cascade,94.0,16.51320421,8,8,8,256,complete,True
sel_win_w40_n256_privileged,window,31036,5,cascade,149.0,16.234560188,8,8,8,256,complete,True
sel_win_w40_n256_privileged,window,31036,6,slow_leak,193.5,31.665439099,4,4,4,256,complete,True
sel_win_w40_n256_privileged,window,31037,18,slow_leak,434.0,29.605088824,4,4,4,256,complete,True
sel_win_w40_n256_privileged,window,31038,9,split_brain,270.5,23.689332476,5,5,5,256,complete,True
sel_win_w40_n256_privileged,window,31038,12,compound,342.0,16.032408185,3,3,3,256,complete,True
sel_win_w40_n256_privileged,window,31038,13,slow_leak,386.5,33.65349188,5,5,3,256,lacking,True
sel_win_w40_n256_privileged,window,31040,5,split_brain,63.0,16.374519678,3,3,3,256,complete,True
sel_win_w40_n256_privileged,window,31040,9,split_brain,178.5,60.929878153,3,3,0,256,lacking,True
sel_win_w40_n256_privileged,window,31040,12,split_brain,232.5,21.459261621,6,6,6,256,complete,True
sel_win_w40_n256_privileged,window,31040,21,slow_leak,382.0,34.878383819,4,4,2,256,lacking,True
sel_win_w40_n256_privileged,window,31040,30,slow_leak,542.0,29.521031193,5,5,5,256,complete,True
sel_win_w40_n256_privileged,window,31041,1,compound,44.0,18.371515046,8,8,8,256,complete,True
sel_win_w40_n256_privileged,window,31041,5,compound,162.0,20.019066384,7,7,7,256,complete,True
sel_win_w40_n256_privileged,window,31042,10,compound,226.0,19.004747839,3,3,3,256,complete,True
sel_win_w40_n256_privileged,window,31042,11,compound,265.0,16.753167793,4,4,4,256,complete,True
sel_win_w40_n256_privileged,window,31042,19,compound,451.5,19.554523664,4,4,4,256,complete,True
sel_win_w40_n256_privileged,window,31042,21,compound,555.5,16.261674331,4,4,4,229,complete,True
sel_win_w40_n256_privileged,window,31043,6,cascade,205.0,20.013917527,4,4,4,256,complete,True
sel_win_w40_n256_privileged,window,31044,10,split_brain,300.5,44.858904884,4,4,3,256,lacking,True
sel_win_w40_n256_privileged,window,31045,22,compound,368.0,22.572069003,6,6,6,256,complete,True
sel_win_w40_n256_privileged,window,31046,0,compound,37.5,19.125832169,8,8,8,235,complete,True
sel_win_w40_n256_privileged,window,31046,12,compound,194.0,18.95070339,6,6,6,256,complete,True
sel_win_w40_n256_privileged,window,31046,26,compound,373.5,29.004127088,5,5,5,256,complete,True
sel_win_w40_n256_privileged,window,31046,33,compound,439.5,19.816505012,5,5,5,256,complete,True
sel_win_w40_n256_privileged,window,31047,27,compound,415.0,17.327713509,4,4,4,256,complete,True
sel_win_w40_n256_privileged,window,31047,31,compound,498.5,17.796420208,5,5,5,256,complete,True
sel_win_w40_n256_privileged,window,31048,13,compound,180.5,23.763299493,6,6,6,256,complete,True
sel_win_w40_n256_privileged,window,31048,18,cascade,314.5,22.145223352,9,9,9,256,complete,True
sel_win_w40_n256_privileged,window,31048,34,compound,549.0,28.593310259,4,4,4,256,complete,True
sel_win_w40_n256_privileged,window,31049,29,cascade,370.0,20.090962089,8,8,8,256,complete,True
sel_win_w40_n256_privileged,window,31049,34,compound,470.5,19.758046438,5,5,5,256,complete,True
sel_win_w40_n256_privileged,window,31050,15,split_brain,390.0,17.368416906,5,5,5,256,complete,True
sel_win_w40_n256_privileged,window,31051,10,cascade,129.0,22.030040954,7,7,7,256,complete,True
sel_win_w40_n256_privileged,window,31051,13,split_brain,196.0,45.17089353,5,5,0,256,lacking,True
sel_win_w40_n256_privileged,window,31051,19,split_brain,294.0,22.065385879,5,5,5,256,complete,True
sel_win_w40_n256_privileged,window,31051,25,split_brain,435.0,20.792014883,4,4,4,256,complete,True
sel_win_w40_n256_privileged,window,31051,29,split_brain,551.0,16.244248953,3,3,3,252,complete,True
sel_win_w40_n256_privileged,window,31052,0,split_brain,20.5,19.050639391,6,6,6,120,complete,True
sel_win_w40_n256_privileged,window,31052,4,slow_leak,77.5,32.876866484,3,3,3,256,complete,True
sel_win_w40_n256_privileged,window,31052,6,split_brain,84.5,20.963941779,3,3,3,256,complete,True
sel_win_w40_n256_privileged,window,31052,10,split_brain,247.5,23.309181052,4,4,4,256,complete,True
sel_win_w40_n256_privileged,window,31052,20,compound,504.5,16.346043885,7,7,7,256,complete,True
sel_win_w40_n256_privileged,window,31055,12,slow_leak,206.5,33.568142969,5,5,5,256,complete,True
sel_win_w40_n256_privileged,window,31056,13,compound,307.5,17.73485221,6,6,6,256,complete,True
sel_win_w40_n256_privileged,window,31057,2,slow_leak,73.0,32.683342457,5,5,5,256,complete,True
sel_win_w40_n256_privileged,window,31057,29,slow_leak,572.5,33.68734963,3,3,3,256,complete,True
sel_win_w40_n256_privileged,window,31058,9,split_brain,261.0,20.923922323,4,4,4,256,complete,True
sel_win_w40_n256_privileged,window,31058,11,compound,327.0,19.110220914,5,5,5,256,complete,True
sel_win_w40_n256_privileged,window,31058,17,cascade,467.0,20.093058712,4,4,4,256,complete,True
sel_win_w40_n256_privileged,window,31058,18,compound,476.5,16.47525379,5,5,5,256,complete,True
sel_win_w40_n256_privileged,window,31058,19,split_brain,554.5,21.018451895,6,6,6,256,complete,True
sel_win_w40_n256_privileged,window,31059,0,compound,33.0,18.94340204,3,3,3,182,complete,True
sel_win_w40_n256_privileged,window,31059,15,slow_leak,388.0,35.974610988,5,5,3,256,lacking,True
sel_win_w40_n256_privileged,window,31059,27,cascade,466.0,18.487357015,6,6,6,256,complete,True
sel_win_w40_n256_privileged,window,31059,33,split_brain,545.0,18.633400976,8,8,8,256,complete,True
sel_win_w40_n256_privileged,window,31060,8,slow_leak,223.0,31.624785237,3,3,3,256,complete,True
sel_win_w40_n256_privileged,window,31060,19,slow_leak,435.5,32.744903322,3,3,1,256,lacking,True
sel_win_w40_n256_privileged,window,31061,21,split_brain,456.5,22.622436495,3,3,3,256,complete,True
sel_win_w40_n256_privileged,window,31061,23,split_brain,511.5,27.854306784,7,7,7,256,complete,True
sel_win_w40_n256_privileged,window,31062,4,slow_leak,168.5,31.51356403,5,5,5,256,complete,True
sel_win_w40_n256_privileged,window,31062,15,compound,367.5,19.884531111,4,4,4,256,complete,True
sel_win_w40_n256_privileged,window,31063,2,compound,76.0,21.767042335,5,5,5,256,complete,True
sel_win_w40_n256_privileged,window,31063,18,slow_leak,343.0,31.985603071,5,5,5,256,complete,True
sel_win_w40_n256_privileged,window,31064,0,compound,77.0,18.160491085,4,4,4,224,complete,True
sel_win_w40_n256_privileged,window,31064,8,compound,313.500003407,17.38583372,5,5,5,245,complete,True
sel_win_w40_n256_privileged,window,31065,2,cascade,167.500003664,19.906355868,8,8,8,226,complete,True
sel_win_w40_n256_privileged,window,31066,19,cascade,402.5,19.530520733,3,3,3,256,complete,True
sel_win_w40_n256_privileged,window,31068,2,split_brain,100.0,16.220134193,5,5,5,256,complete,True
sel_win_w40_n256_privileged,window,31068,11,split_brain,233.0,23.988057278,3,3,3,256,complete,True
sel_win_w40_n256_privileged,window,31068,15,cascade,329.5,19.573453738,7,7,7,256,complete,True
sel_win_w40_n256_privileged,window,31068,29,split_brain,553.5,17.031217834,4,4,4,256,complete,True
sel_win_w40_n256_privileged,window,31068,29,split_brain,559.5,23.031217834,4,4,4,256,complete,True
sel_win_w40_n256_privileged,window,31069,0,compound,56.000004155,16.302551397,4,4,4,215,complete,True
sel_win_w40_n256_privileged,window,31069,4,split_brain,149.0,19.603179456,6,6,6,256,complete,True
sel_win_w40_n256_privileged,window,31069,11,split_brain,310.5,17.133663993,5,5,5,256,complete,True
sel_win_w40_n256_privileged,window,31069,15,split_brain,409.5,19.116424553,7,7,7,256,complete,True
sel_win_w40_n256_privileged,window,31069,21,split_brain,543.5,19.684697896,6,6,6,256,complete,True
sel_win_w40_n256_privileged,window,31070,8,compound,110.0,20.497575428,6,6,6,256,complete,True
sel_win_w40_n256_privileged,window,31070,14,compound,234.5,17.173480424,7,7,7,256,complete,True
sel_win_w40_n256_privileged,window,31071,5,compound,163.500003887,16.373832602,5,5,5,256,complete,True
sel_win_w40_n256_privileged,window,31071,9,compound,179.5,16.292353251,5,5,5,256,complete,True
sel_win_w40_n256_privileged,window,31071,6,slow_leak,190.0,39.509220496,4,4,0,256,lacking,True
sel_win_w40_n256_privileged,window,31072,12,cascade,289.0,20.518207928,3,3,3,256,complete,True
sel_win_w40_n256_privileged,window,31072,19,cascade,421.0,19.326727135,5,5,5,256,complete,True
sel_win_w40_n256_privileged,window,31072,26,compound,534.5,16.438184925,6,6,6,256,complete,True
sel_win_w40_n256_privileged,window,31073,2,split_brain,64.5,16.367897508,4,4,4,256,complete,True
sel_win_w40_n256_privileged,window,31073,2,split_brain,67.0,18.867897508,4,4,4,256,complete,True
sel_win_w40_n256_privileged,window,31073,12,split_brain,216.5,21.607626511,5,5,5,256,complete,True
sel_win_w40_n256_privileged,window,31073,13,split_brain,285.0,18.238541912,3,3,3,213,complete,True
sel_win_w40_n256_privileged,window,31073,24,split_brain,455.5,16.174833142,5,5,5,256,complete,True
sel_win_w40_n256_privileged,window,31074,0,split_brain,61.5,18.054193902,4,4,4,203,complete,True
sel_win_w40_n256_privileged,window,31074,5,split_brain,158.5,20.832423093,4,4,4,256,complete,True
sel_win_w40_n256_privileged,window,31074,6,slow_leak,193.0,42.068574385,4,4,0,256,lacking,True
sel_win_w40_n256_privileged,window,31074,22,split_brain,479.0,23.38788574,5,5,5,251,complete,True
sel_win_w40_n256_privileged,window,31075,2,cascade,74.5,18.532893191,8,8,8,256,complete,True
sel_win_w40_n256_privileged,window,31077,0,cascade,19.0,16.118267672,3,3,3,126,complete,True
sel_win_w40_n256_privileged,window,31077,27,compound,473.0,20.787592724,4,4,4,256,complete,True
sel_win_w40_n256_privileged,window,31078,5,slow_leak,60.0,31.016312408,3,3,2,256,lacking,True
sel_win_w40_n256_privileged,window,31078,16,compound,341.5,22.027262983,3,3,3,256,complete,True
sel_win_w40_n256_privileged,window,31078,18,cascade,394.5,20.625995838,5,5,5,256,complete,True
sel_win_w40_n256_privileged,window,31079,6,split_brain,198.5,21.973622939,3,3,3,256,complete,True
sel_win_w40_n256_privileged,window,31079,12,split_brain,270.5,21.5227449,3,3,3,256,complete,True
sel_win_w40_n256_privileged,window,31080,9,compound,106.5,16.239001141,4,4,4,256,complete,True
sel_win_w40_n256_privileged,window,31080,30,compound,449.5,21.064798668,5,5,5,256,complete,True
sel_win_w40_n256_privileged,window,31080,33,slow_leak,517.5,40.057028695,4,4,1,256,lacking,True
sel_win_w40_n256_privileged,window,31081,11,compound,315.5,24.150486731,5,5,5,256,complete,True
sel_win_w40_n256_privileged,window,31081,17,compound,409.0,18.668520404,6,6,6,256,complete,True
sel_win_w40_n256_privileged,window,31081,18,cascade,414.5,18.359201571,10,10,10,256,complete,True
sel_win_w40_n256_privileged,window,31082,12,split_brain,209.5,19.108881937,7,7,7,256,complete,True
sel_win_w40_n256_privileged,window,31082,18,compound,344.0,23.104114617,8,8,8,234,complete,True
sel_win_w40_n256_privileged,window,31083,10,compound,108.5,21.230351004,4,4,4,256,complete,True
sel_win_w40_n256_privileged,window,31083,12,compound,121.0,21.132128112,5,5,5,256,complete,True
sel_win_w40_n256_privileged,window,31083,21,cascade,437.0,19.922311997,7,7,7,256,complete,True
sel_win_w40_n256_privileged,window,31084,9,compound,180.0,16.422442252,4,4,4,256,complete,True
sel_win_w40_n256_privileged,window,31084,15,compound,263.5,16.210646572,4,4,4,256,complete,True
sel_win_w40_n256_privileged,window,31084,24,compound,419.5,22.579775711,6,6,6,256,complete,True
sel_win_w40_n256_privileged,window,31084,27,split_brain,452.0,21.201865256,7,7,7,256,complete,True
sel_win_w40_n256_privileged,window,31085,20,split_brain,442.5,31.029298276,6,6,3,256,lacking,True
sel_win_w40_n256_privileged,window,31086,21,split_brain,298.5,22.373936907,8,8,8,256,complete,True
sel_win_w40_n256_privileged,window,31086,31,compound,469.0,21.799828866,4,4,4,256,complete,True
sel_win_w40_n256_privileged,window,31087,1,cascade,25.5,16.355634742,5,5,5,186,complete,True
sel_win_w40_n256_privileged,window,31088,33,compound,476.5,22.703614117,5,5,5,256,complete,True
sel_win_w40_n256_privileged,window,31089,23,compound,389.000008902,18.577210217,5,5,5,256,complete,True
sel_win_w40_n256_privileged,window,31089,34,compound,544.0,16.20824963,5,5,5,256,complete,True
sel_win_w40_n256_privileged,window,31090,6,compound,72.000003609,20.616879044,4,4,4,256,complete,True
sel_win_w40_n256_privileged,window,31090,11,compound,160.0,22.902928275,7,7,7,256,complete,True
sel_win_w40_n256_privileged,window,31090,22,compound,300.0,22.328237004,4,4,4,256,complete,True
sel_win_w40_n256_privileged,window,31090,23,split_brain,309.0,23.319939724,6,6,6,256,complete,True
sel_win_w40_n256_privileged,window,31091,4,compound,125.0,16.490202693,4,4,4,256,complete,True
sel_win_w40_n256_privileged,window,31091,10,cascade,247.0,16.482694117,5,5,5,256,complete,True
sel_win_w40_n256_privileged,window,31091,14,compound,469.0,16.529904112,7,7,7,224,complete,True
sel_win_w40_n256_privileged,window,31093,13,split_brain,439.5,17.970049841,8,8,8,256,complete,True
sel_win_w40_n256_privileged,window,31095,0,compound,16.5,16.387931028,5,5,5,113,complete,True
sel_win_w40_n256_privileged,window,31095,2,compound,183.0,16.119972369,4,4,4,225,complete,True
sel_win_w40_n256_privileged,window,31096,18,split_brain,370.5,18.501204442,6,6,6,256,complete,True
sel_win_w40_n256_privileged,window,31097,1,compound,28.0,18.668322226,5,5,5,180,complete,True
sel_win_w40_n256_privileged,window,31097,4,compound,117.5,29.010799498,6,6,6,256,complete,True
sel_win_w40_n256_privileged,window,31097,9,compound,184.0,19.522162384,6,6,6,256,complete,True
sel_win_w40_n256_privileged,window,31097,12,compound,318.5,20.059593,6,6,6,256,complete,True
sel_win_w40_n256_privileged,window,31097,22,split_brain,558.5,18.951859296,7,7,7,256,complete,True
sel_win_w40_n256_privileged,window,31099,2,compound,93.5,16.046215922,3,3,3,256,complete,True
sel_win_w40_n256_privileged,window,31099,14,compound,280.0,16.069623643,5,5,5,256,complete,True
sel_win_w40_n256_privileged,window,31099,19,cascade,418.5,16.444193925,4,4,4,256,complete,True
sel_win_w80_n512_privileged,window,31000,30,slow_leak,562.5,38.650537083,3,3,3,512,complete,True
sel_win_w80_n512_privileged,window,31001,2,slow_leak,80.5,32.693058688,3,3,3,507,complete,True
sel_win_w80_n512_privileged,window,31002,9,slow_leak,183.5,56.738628882,3,3,3,512,complete,True
sel_win_w80_n512_privileged,window,31002,14,split_brain,274.5,22.892062346,7,7,7,512,complete,True
sel_win_w80_n512_privileged,window,31003,5,split_brain,142.0,16.525284706,6,6,6,512,complete,True
sel_win_w80_n512_privileged,window,31003,13,split_brain,219.5,23.344976849,7,7,7,512,complete,True
sel_win_w80_n512_privileged,window,31003,15,split_brain,321.5,23.96105172,6,6,6,504,complete,True
sel_win_w80_n512_privileged,window,31004,22,split_brain,541.0,21.43241657,3,3,3,512,complete,True
sel_win_w80_n512_privileged,window,31005,11,slow_leak,235.5,31.007414208,3,3,3,512,complete,True
sel_win_w80_n512_privileged,window,31005,21,compound,436.5,16.30732197,5,5,5,512,complete,True
sel_win_w80_n512_privileged,window,31005,26,split_brain,494.5,21.054575877,8,8,8,512,complete,True
sel_win_w80_n512_privileged,window,31006,15,split_brain,352.0,23.076252156,8,8,8,512,complete,True
sel_win_w80_n512_privileged,window,31008,19,compound,490.5,22.872966883,4,4,4,512,complete,True
sel_win_w80_n512_privileged,window,31009,18,cascade,395.0,21.379454748,6,6,6,512,complete,True
sel_win_w80_n512_privileged,window,31009,21,split_brain,464.5,20.779782143,8,8,8,512,complete,True
sel_win_w80_n512_privileged,window,31010,9,cascade,364.0,23.720776938,6,6,6,512,complete,True
sel_win_w80_n512_privileged,window,31011,16,compound,405.5,21.02888302,7,7,7,501,complete,True
sel_win_w80_n512_privileged,window,31013,12,slow_leak,344.0,35.119159391,3,3,3,512,complete,True
sel_win_w80_n512_privileged,window,31013,15,split_brain,409.000007948,16.34227666,7,7,7,512,complete,True
sel_win_w80_n512_privileged,window,31013,23,split_brain,486.0,19.468673024,8,8,8,512,complete,True
sel_win_w80_n512_privileged,window,31014,3,split_brain,101.5,21.994782629,7,7,7,512,complete,True
sel_win_w80_n512_privileged,window,31014,7,cascade,201.0,17.51208274,8,8,8,512,complete,True
sel_win_w80_n512_privileged,window,31015,2,split_brain,68.0,20.32167158,4,4,4,414,complete,True
sel_win_w80_n512_privileged,window,31015,6,slow_leak,143.5,31.059074992,5,5,5,512,complete,True
sel_win_w80_n512_privileged,window,31015,17,split_brain,331.0,23.459078621,4,4,4,512,complete,True
sel_win_w80_n512_privileged,window,31016,5,compound,56.0,18.470324064,4,4,4,475,complete,True
sel_win_w80_n512_privileged,window,31016,19,cascade,394.5,17.571090019,9,9,9,512,complete,True
sel_win_w80_n512_privileged,window,31016,21,compound,437.0,20.593607551,4,4,4,512,complete,True
sel_win_w80_n512_privileged,window,31017,12,split_brain,440.0,19.362123786,4,4,4,512,complete,True
sel_win_w80_n512_privileged,window,31019,9,split_brain,365.5,19.83403221,8,8,8,487,complete,True
sel_win_w80_n512_privileged,window,31019,13,cascade,466.5,17.507965758,10,10,10,512,complete,True
sel_win_w80_n512_privileged,window,31020,10,split_brain,214.5,16.057070906,7,7,7,512,complete,True
sel_win_w80_n512_privileged,window,31020,23,slow_leak,575.5,44.937448033,3,3,3,512,complete,True
sel_win_w80_n512_privileged,window,31022,18,cascade,385.5,21.186455883,6,6,6,512,complete,True
sel_win_w80_n512_privileged,window,31024,7,cascade,138.0,18.342500678,5,5,5,512,complete,True
sel_win_w80_n512_privileged,window,31024,11,slow_leak,305.0,28.598960995,3,3,3,512,complete,True
sel_win_w80_n512_privileged,window,31024,13,cascade,360.5,17.216638508,5,5,5,503,complete,True
sel_win_w80_n512_privileged,window,31025,5,cascade,217.0,19.377759786,3,3,3,505,complete,True
sel_win_w80_n512_privileged,window,31026,7,split_brain,156.5,48.411870614,7,7,7,512,complete,True
sel_win_w80_n512_privileged,window,31026,15,split_brain,300.0,23.074921067,3,3,3,512,complete,True
sel_win_w80_n512_privileged,window,31026,26,compound,458.5,17.455136422,5,5,5,512,complete,True
sel_win_w80_n512_privileged,window,31026,28,split_brain,542.0,41.981941804,8,8,8,512,complete,True
sel_win_w80_n512_privileged,window,31026,28,split_brain,597.0,96.981941804,8,8,0,512,lacking,True
sel_win_w80_n512_privileged,window,31027,8,cascade,222.0,19.540594096,5,5,5,512,complete,True
sel_win_w80_n512_privileged,window,31028,9,split_brain,174.0,19.704870598,8,8,8,512,complete,True
sel_win_w80_n512_privileged,window,31030,10,split_brain,205.0,17.314422269,7,7,7,512,complete,True
sel_win_w80_n512_privileged,window,31031,6,cascade,189.0,18.492037136,9,9,9,512,complete,True
sel_win_w80_n512_privileged,window,31031,24,compound,510.0,22.233295655,8,8,8,512,complete,True
sel_win_w80_n512_privileged,window,31032,13,slow_leak,408.5,30.902714073,3,3,3,512,complete,True
sel_win_w80_n512_privileged,window,31033,2,split_brain,92.0,19.95225382,6,6,6,483,complete,True
sel_win_w80_n512_privileged,window,31033,9,compound,204.5,20.076461646,4,4,4,512,complete,True
sel_win_w80_n512_privileged,window,31033,24,compound,511.0,16.03831132,3,3,3,512,complete,True
sel_win_w80_n512_privileged,window,31034,0,slow_leak,33.0,29.514051459,4,4,4,224,complete,True
sel_win_w80_n512_privileged,window,31034,7,compound,164.0,31.374230088,5,5,5,512,complete,True
sel_win_w80_n512_privileged,window,31034,15,slow_leak,267.0,35.291260481,4,4,4,512,complete,True
sel_win_w80_n512_privileged,window,31035,2,cascade,94.0,16.51320421,8,8,8,494,complete,True
sel_win_w80_n512_privileged,window,31036,5,cascade,149.0,16.234560188,8,8,8,512,complete,True
sel_win_w80_n512_privileged,window,31036,6,slow_leak,193.5,31.665439099,4,4,4,512,complete,True
sel_win_w80_n512_privileged,window,31037,18,slow_leak,434.0,29.605088824,4,4,4,512,complete,True
sel_win_w80_n512_privileged,window,31038,9,split_brain,270.5,23.689332476,5,5,5,493,complete,True
sel_win_w80_n512_privileged,window,31038,12,compound,342.0,16.032408185,3,3,3,512,complete,True
sel_win_w80_n512_privileged,window,31038,13,slow_leak,386.5,33.65349188,5,5,5,512,complete,True
sel_win_w80_n512_privileged,window,31040,5,split_brain,63.0,16.374519678,3,3,3,500,complete,True
sel_win_w80_n512_privileged,window,31040,9,split_brain,178.5,60.929878153,3,3,3,512,complete,True
sel_win_w80_n512_privileged,window,31040,12,split_brain,232.5,21.459261621,6,6,6,512,complete,True
sel_win_w80_n512_privileged,window,31040,21,slow_leak,382.0,34.878383819,4,4,4,512,complete,True
sel_win_w80_n512_privileged,window,31040,30,slow_leak,542.0,29.521031193,5,5,5,512,complete,True
sel_win_w80_n512_privileged,window,31041,1,compound,44.0,18.371515046,8,8,8,298,complete,True
sel_win_w80_n512_privileged,window,31041,5,compound,162.0,20.019066384,7,7,7,512,complete,True
sel_win_w80_n512_privileged,window,31042,10,compound,226.0,19.004747839,3,3,3,512,complete,True
sel_win_w80_n512_privileged,window,31042,11,compound,265.0,16.753167793,4,4,4,512,complete,True
sel_win_w80_n512_privileged,window,31042,19,compound,451.5,19.554523664,4,4,4,512,complete,True
sel_win_w80_n512_privileged,window,31042,21,compound,555.5,16.261674331,4,4,4,469,complete,True
sel_win_w80_n512_privileged,window,31043,6,cascade,205.0,20.013917527,4,4,4,461,complete,True
sel_win_w80_n512_privileged,window,31044,10,split_brain,300.5,44.858904884,4,4,4,512,complete,True
sel_win_w80_n512_privileged,window,31045,22,compound,368.0,22.572069003,6,6,6,512,complete,True
sel_win_w80_n512_privileged,window,31046,0,compound,37.5,19.125832169,8,8,8,235,complete,True
sel_win_w80_n512_privileged,window,31046,12,compound,194.0,18.95070339,6,6,6,512,complete,True
sel_win_w80_n512_privileged,window,31046,26,compound,373.5,29.004127088,5,5,5,512,complete,True
sel_win_w80_n512_privileged,window,31046,33,compound,439.5,19.816505012,5,5,5,512,complete,True
sel_win_w80_n512_privileged,window,31047,27,compound,415.0,17.327713509,4,4,4,512,complete,True
sel_win_w80_n512_privileged,window,31047,31,compound,498.5,17.796420208,5,5,5,512,complete,True
sel_win_w80_n512_privileged,window,31048,13,compound,180.5,23.763299493,6,6,6,512,complete,True
sel_win_w80_n512_privileged,window,31048,18,cascade,314.5,22.145223352,9,9,9,512,complete,True
sel_win_w80_n512_privileged,window,31048,34,compound,549.0,28.593310259,4,4,4,512,complete,True
sel_win_w80_n512_privileged,window,31049,29,cascade,370.0,20.090962089,8,8,8,512,complete,True
sel_win_w80_n512_privileged,window,31049,34,compound,470.5,19.758046438,5,5,5,512,complete,True
sel_win_w80_n512_privileged,window,31050,15,split_brain,390.0,17.368416906,5,5,5,512,complete,True
sel_win_w80_n512_privileged,window,31051,10,cascade,129.0,22.030040954,7,7,7,512,complete,True
sel_win_w80_n512_privileged,window,31051,13,split_brain,196.0,45.17089353,5,5,5,512,complete,True
sel_win_w80_n512_privileged,window,31051,19,split_brain,294.0,22.065385879,5,5,5,512,complete,True
sel_win_w80_n512_privileged,window,31051,25,split_brain,435.0,20.792014883,4,4,4,512,complete,True
sel_win_w80_n512_privileged,window,31051,29,split_brain,551.0,16.244248953,3,3,3,485,complete,True
sel_win_w80_n512_privileged,window,31052,0,split_brain,20.5,19.050639391,6,6,6,120,complete,True
sel_win_w80_n512_privileged,window,31052,4,slow_leak,77.5,32.876866484,3,3,3,512,complete,True
sel_win_w80_n512_privileged,window,31052,6,split_brain,84.5,20.963941779,3,3,3,512,complete,True
sel_win_w80_n512_privileged,window,31052,10,split_brain,247.5,23.309181052,4,4,4,509,complete,True
sel_win_w80_n512_privileged,window,31052,20,compound,504.5,16.346043885,7,7,7,512,complete,True
sel_win_w80_n512_privileged,window,31055,12,slow_leak,206.5,33.568142969,5,5,5,512,complete,True
sel_win_w80_n512_privileged,window,31056,13,compound,307.5,17.73485221,6,6,6,512,complete,True
sel_win_w80_n512_privileged,window,31057,2,slow_leak,73.0,32.683342457,5,5,5,512,complete,True
sel_win_w80_n512_privileged,window,31057,29,slow_leak,572.5,33.68734963,3,3,3,512,complete,True
sel_win_w80_n512_privileged,window,31058,9,split_brain,261.0,20.923922323,4,4,4,512,complete,True
sel_win_w80_n512_privileged,window,31058,11,compound,327.0,19.110220914,5,5,5,512,complete,True
sel_win_w80_n512_privileged,window,31058,17,cascade,467.0,20.093058712,4,4,4,512,complete,True
sel_win_w80_n512_privileged,window,31058,18,compound,476.5,16.47525379,5,5,5,512,complete,True
sel_win_w80_n512_privileged,window,31058,19,split_brain,554.5,21.018451895,6,6,6,512,complete,True
sel_win_w80_n512_privileged,window,31059,0,compound,33.0,18.94340204,3,3,3,182,complete,True
sel_win_w80_n512_privileged,window,31059,15,slow_leak,388.0,35.974610988,5,5,5,512,complete,True
sel_win_w80_n512_privileged,window,31059,27,cascade,466.0,18.487357015,6,6,6,512,complete,True
sel_win_w80_n512_privileged,window,31059,33,split_brain,545.0,18.633400976,8,8,8,512,complete,True
sel_win_w80_n512_privileged,window,31060,8,slow_leak,223.0,31.624785237,3,3,3,512,complete,True
sel_win_w80_n512_privileged,window,31060,19,slow_leak,435.5,32.744903322,3,3,3,512,complete,True
sel_win_w80_n512_privileged,window,31061,21,split_brain,456.5,22.622436495,3,3,3,512,complete,True
sel_win_w80_n512_privileged,window,31061,23,split_brain,511.5,27.854306784,7,7,7,512,complete,True
sel_win_w80_n512_privileged,window,31062,4,slow_leak,168.5,31.51356403,5,5,5,512,complete,True
sel_win_w80_n512_privileged,window,31062,15,compound,367.5,19.884531111,4,4,4,512,complete,True
sel_win_w80_n512_privileged,window,31063,2,compound,76.0,21.767042335,5,5,5,507,complete,True
sel_win_w80_n512_privileged,window,31063,18,slow_leak,343.0,31.985603071,5,5,5,512,complete,True
sel_win_w80_n512_privileged,window,31064,0,compound,77.0,18.160491085,4,4,4,384,complete,True
sel_win_w80_n512_privileged,window,31064,8,compound,313.500003407,17.38583372,5,5,5,512,complete,True
sel_win_w80_n512_privileged,window,31065,2,cascade,167.500003664,19.906355868,8,8,8,435,complete,True
sel_win_w80_n512_privileged,window,31066,19,cascade,402.5,19.530520733,3,3,3,512,complete,True
sel_win_w80_n512_privileged,window,31068,2,split_brain,100.0,16.220134193,5,5,5,486,complete,True
sel_win_w80_n512_privileged,window,31068,11,split_brain,233.0,23.988057278,3,3,3,512,complete,True
sel_win_w80_n512_privileged,window,31068,15,cascade,329.5,19.573453738,7,7,7,512,complete,True
sel_win_w80_n512_privileged,window,31068,29,split_brain,553.5,17.031217834,4,4,4,512,complete,True
sel_win_w80_n512_privileged,window,31068,29,split_brain,559.5,23.031217834,4,4,4,512,complete,True
sel_win_w80_n512_privileged,window,31069,0,compound,56.000004155,16.302551397,4,4,4,296,complete,True
sel_win_w80_n512_privileged,window,31069,4,split_brain,149.0,19.603179456,6,6,6,512,complete,True
sel_win_w80_n512_privileged,window,31069,11,split_brain,310.5,17.133663993,5,5,5,512,complete,True
sel_win_w80_n512_privileged,window,31069,15,split_brain,409.5,19.116424553,7,7,7,512,complete,True
sel_win_w80_n512_privileged,window,31069,21,split_brain,543.5,19.684697896,6,6,6,512,complete,True
sel_win_w80_n512_privileged,window,31070,8,compound,110.0,20.497575428,6,6,6,512,complete,True
sel_win_w80_n512_privileged,window,31070,14,compound,234.5,17.173480424,7,7,7,512,complete,True
sel_win_w80_n512_privileged,window,31071,5,compound,163.500003887,16.373832602,5,5,5,512,complete,True
sel_win_w80_n512_privileged,window,31071,9,compound,179.5,16.292353251,5,5,5,512,complete,True
sel_win_w80_n512_privileged,window,31071,6,slow_leak,190.0,39.509220496,4,4,4,512,complete,True
sel_win_w80_n512_privileged,window,31072,12,cascade,289.0,20.518207928,3,3,3,512,complete,True
sel_win_w80_n512_privileged,window,31072,19,cascade,421.0,19.326727135,5,5,5,512,complete,True
sel_win_w80_n512_privileged,window,31072,26,compound,534.5,16.438184925,6,6,6,512,complete,True
sel_win_w80_n512_privileged,window,31073,2,split_brain,64.5,16.367897508,4,4,4,441,complete,True
sel_win_w80_n512_privileged,window,31073,2,split_brain,67.0,18.867897508,4,4,4,465,complete,True
sel_win_w80_n512_privileged,window,31073,12,split_brain,216.5,21.607626511,5,5,5,512,complete,True
sel_win_w80_n512_privileged,window,31073,13,split_brain,285.0,18.238541912,3,3,3,495,complete,True
sel_win_w80_n512_privileged,window,31073,24,split_brain,455.5,16.174833142,5,5,5,512,complete,True
sel_win_w80_n512_privileged,window,31074,0,split_brain,61.5,18.054193902,4,4,4,319,complete,True
sel_win_w80_n512_privileged,window,31074,5,split_brain,158.5,20.832423093,4,4,4,512,complete,True
sel_win_w80_n512_privileged,window,31074,6,slow_leak,193.0,42.068574385,4,4,4,512,complete,True
sel_win_w80_n512_privileged,window,31074,22,split_brain,479.0,23.38788574,5,5,5,483,complete,True
sel_win_w80_n512_privileged,window,31075,2,cascade,74.5,18.532893191,8,8,8,487,complete,True
sel_win_w80_n512_privileged,window,31077,0,cascade,19.0,16.118267672,3,3,3,126,complete,True
sel_win_w80_n512_privileged,window,31077,27,compound,473.0,20.787592724,4,4,4,512,complete,True
sel_win_w80_n512_privileged,window,31078,5,slow_leak,60.0,31.016312408,3,3,3,512,complete,True
sel_win_w80_n512_privileged,window,31078,16,compound,341.5,22.027262983,3,3,3,512,complete,True
sel_win_w80_n512_privileged,window,31078,18,cascade,394.5,20.625995838,5,5,5,512,complete,True
sel_win_w80_n512_privileged,window,31079,6,split_brain,198.5,21.973622939,3,3,3,512,complete,True
sel_win_w80_n512_privileged,window,31079,12,split_brain,270.5,21.5227449,3,3,3,512,complete,True
sel_win_w80_n512_privileged,window,31080,9,compound,106.5,16.239001141,4,4,4,512,complete,True
sel_win_w80_n512_privileged,window,31080,30,compound,449.5,21.064798668,5,5,5,512,complete,True
sel_win_w80_n512_privileged,window,31080,33,slow_leak,517.5,40.057028695,4,4,4,512,complete,True
sel_win_w80_n512_privileged,window,31081,11,compound,315.5,24.150486731,5,5,5,512,complete,True
sel_win_w80_n512_privileged,window,31081,17,compound,409.0,18.668520404,6,6,6,512,complete,True
sel_win_w80_n512_privileged,window,31081,18,cascade,414.5,18.359201571,10,10,10,512,complete,True
sel_win_w80_n512_privileged,window,31082,12,split_brain,209.5,19.108881937,7,7,7,512,complete,True
sel_win_w80_n512_privileged,window,31082,18,compound,344.0,23.104114617,8,8,8,512,complete,True
sel_win_w80_n512_privileged,window,31083,10,compound,108.5,21.230351004,4,4,4,512,complete,True
sel_win_w80_n512_privileged,window,31083,12,compound,121.0,21.132128112,5,5,5,512,complete,True
sel_win_w80_n512_privileged,window,31083,21,cascade,437.0,19.922311997,7,7,7,512,complete,True
sel_win_w80_n512_privileged,window,31084,9,compound,180.0,16.422442252,4,4,4,512,complete,True
sel_win_w80_n512_privileged,window,31084,15,compound,263.5,16.210646572,4,4,4,512,complete,True
sel_win_w80_n512_privileged,window,31084,24,compound,419.5,22.579775711,6,6,6,512,complete,True
sel_win_w80_n512_privileged,window,31084,27,split_brain,452.0,21.201865256,7,7,7,512,complete,True
sel_win_w80_n512_privileged,window,31085,20,split_brain,442.5,31.029298276,6,6,6,512,complete,True
sel_win_w80_n512_privileged,window,31086,21,split_brain,298.5,22.373936907,8,8,8,512,complete,True
sel_win_w80_n512_privileged,window,31086,31,compound,469.0,21.799828866,4,4,4,512,complete,True
sel_win_w80_n512_privileged,window,31087,1,cascade,25.5,16.355634742,5,5,5,186,complete,True
sel_win_w80_n512_privileged,window,31088,33,compound,476.5,22.703614117,5,5,5,512,complete,True
sel_win_w80_n512_privileged,window,31089,23,compound,389.000008902,18.577210217,5,5,5,512,complete,True
sel_win_w80_n512_privileged,window,31089,34,compound,544.0,16.20824963,5,5,5,512,complete,True
sel_win_w80_n512_privileged,window,31090,6,compound,72.000003609,20.616879044,4,4,4,512,complete,True
sel_win_w80_n512_privileged,window,31090,11,compound,160.0,22.902928275,7,7,7,512,complete,True
sel_win_w80_n512_privileged,window,31090,22,compound,300.0,22.328237004,4,4,4,512,complete,True
sel_win_w80_n512_privileged,window,31090,23,split_brain,309.0,23.319939724,6,6,6,512,complete,True
sel_win_w80_n512_privileged,window,31091,4,compound,125.0,16.490202693,4,4,4,512,complete,True
sel_win_w80_n512_privileged,window,31091,10,cascade,247.0,16.482694117,5,5,5,512,complete,True
sel_win_w80_n512_privileged,window,31091,14,compound,469.0,16.529904112,7,7,7,463,complete,True
sel_win_w80_n512_privileged,window,31093,13,split_brain,439.5,17.970049841,8,8,8,512,complete,True
sel_win_w80_n512_privileged,window,31095,0,compound,16.5,16.387931028,5,5,5,113,complete,True
sel_win_w80_n512_privileged,window,31095,2,compound,183.0,16.119972369,4,4,4,414,complete,True
sel_win_w80_n512_privileged,window,31096,18,split_brain,370.5,18.501204442,6,6,6,512,complete,True
sel_win_w80_n512_privileged,window,31097,1,compound,28.0,18.668322226,5,5,5,180,complete,True
sel_win_w80_n512_privileged,window,31097,4,compound,117.5,29.010799498,6,6,6,512,complete,True
sel_win_w80_n512_privileged,window,31097,9,compound,184.0,19.522162384,6,6,6,512,complete,True
sel_win_w80_n512_privileged,window,31097,12,compound,318.5,20.059593,6,6,6,492,complete,True
sel_win_w80_n512_privileged,window,31097,22,split_brain,558.5,18.951859296,7,7,7,512,complete,True
sel_win_w80_n512_privileged,window,31099,2,compound,93.5,16.046215922,3,3,3,512,complete,True
sel_win_w80_n512_privileged,window,31099,14,compound,280.0,16.069623643,5,5,5,512,complete,True
sel_win_w80_n512_privileged,window,31099,19,cascade,418.5,16.444193925,4,4,4,512,complete,True
