arm,role,streams,quality,quality_correct,quality_incidents,leak_rate,refs_per_call,calls_per_stream,refs_per_stream,tokens_per_stream,cost_s,reasoner_cost_s,plain_acc,critical_misses,critical_incidents,false_alarms_per_stream,wrong_per_stream,refused,compound_correct,compound_n,compound_rate,cascade_correct,cascade_n,cascade_rate,split_brain_correct,split_brain_n,split_brain_rate,slow_leak_correct,slow_leak_n,slow_leak_rate,setting,builder,kind,p_w,p_n,p_d_ms,p_k,frontier,chosen
sel_rung_privileged,privileged,100,0.256281,51,199,0.0227273,41.9849,1.99,83.55,2467,0.617093,0.61675,0.750711,155,422,5.48,6.87,0,27,72,0.375,12,63,0.190476,12,64,0.1875,1,44,0.0227273,b2.5-rho0,rung,rung,,,,,True,True
sel_win_w05_n008_privileged,privileged,100,0.0100503,2,199,0,8,1.99,15.92,1114.4,0.278943,0.2786,0.750711,164,422,5.48,7.39,0,1,72,0.0138889,1,63,0.015873,0,64,0,0,44,0,b2.5-rho0,win_w05_n008,window,5,8,,,True,True
sel_win_w05_n016_privileged,privileged,100,0.0351759,7,199,0,16,1.99,31.84,1432.8,0.358543,0.3582,0.750711,163,422,5.48,7.38,0,3,72,0.0416667,4,63,0.0634921,0,64,0,0,44,0,b2.5-rho0,win_w05_n016,window,5,16,,,True,True
sel_win_w05_n032_privileged,privileged,100,0.0502513,10,199,0,31.593,1.99,62.87,2053.4,0.513693,0.51335,0.750711,164,422,5.48,7.28,0,4,72,0.0555556,5,63,0.0793651,1,64,0.015625,0,44,0,b2.5-rho0,win_w05_n032,window,5,32,,,True,True
sel_win_w05_n064_privileged,privileged,100,0.0653266,13,199,0,43.191,1.99,85.95,2515,0.629093,0.62875,0.750711,163,422,5.48,7.23,0,4,72,0.0555556,5,63,0.0793651,4,64,0.0625,0,44,0,b2.5-rho0,win_w05_n064,window,5,64,,,True,True
sel_win_w05_n128_privileged,privileged,100,0.0703518,14,199,0,43.3166,1.99,86.2,2520,0.630343,0.63,0.750711,163,422,5.48,7.21,0,5,72,0.0694444,5,63,0.0793651,4,64,0.0625,0,44,0,b2.5-rho0,win_w05_n128,window,5,128,,,True,True
sel_win_w05_n256_privileged,privileged,100,0.0703518,14,199,0,43.3166,1.99,86.2,2520,0.630343,0.63,0.750711,163,422,5.48,7.21,0,5,72,0.0694444,5,63,0.0793651,4,64,0.0625,0,44,0,b2.5-rho0,win_w05_n256,window,5,256,,,False,False
sel_win_w05_n512_privileged,privileged,100,0.0703518,14,199,0,43.3166,1.99,86.2,2520,0.630343,0.63,0.750711,163,422,5.48,7.21,0,5,72,0.0694444,5,63,0.0793651,4,64,0.0625,0,44,0,b2.5-rho0,win_w05_n512,window,5,512,,,False,False
sel_win_w10_n008_privileged,privileged,100,0.0100503,2,199,0,8,1.99,15.92,1114.4,0.278943,0.2786,0.750711,164,422,5.48,7.39,0,1,72,0.0138889,1,63,0.015873,0,64,0,0,44,0,b2.5-rho0,win_w10_n008,window,10,8,,,False,False
sel_win_w10_n016_privileged,privileged,100,0.0351759,7,199,0,16,1.99,31.84,1432.8,0.358543,0.3582,0.750711,163,422,5.48,7.38,0,3,72,0.0416667,4,63,0.0634921,0,64,0,0,44,0,b2.5-rho0,win_w10_n016,window,10,16,,,False,False
sel_win_w10_n032_privileged,privileged,100,0.0502513,10,199,0,32,1.99,63.68,2069.6,0.517743,0.5174,0.750711,164,422,5.48,7.25,0,5,72,0.0694444,4,63,0.0634921,1,64,0.015625,0,44,0,b2.5-rho0,win_w10_n032,window,10,32,,,False,False
sel_win_w10_n064_privileged,privileged,100,0.201005,40,199,0,63.5829,1.99,126.53,3326.6,0.831993,0.83165,0.750711,154,422,5.48,7.06,0,10,72,0.138889,18,63,0.285714,12,64,0.1875,0,44,0,b2.5-rho0,win_w10_n064,window,10,64,,,True,True
sel_win_w10_n128_privileged,privileged,100,0.246231,49,199,0,86.9095,1.99,172.95,4255,1.06409,1.06375,0.750711,154,422,5.48,6.99,0,15,72,0.208333,24,63,0.380952,10,64,0.15625,0,44,0,b2.5-rho0,win_w10_n128,window,10,128,,,True,True
sel_win_w10_n256_privileged,privileged,100,0.246231,49,199,0,86.9648,1.99,173.06,4257.2,1.06464,1.0643,0.750711,155,422,5.48,6.99,0,14,72,0.194444,25,63,0.396825,10,64,0.15625,0,44,0,b2.5-rho0,win_w10_n256,window,10,256,,,False,False
sel_win_w10_n512_privileged,privileged,100,0.246231,49,199,0,86.9648,1.99,173.06,4257.2,1.06464,1.0643,0.750711,155,422,5.48,6.99,0,14,72,0.194444,25,63,0.396825,10,64,0.15625,0,44,0,b2.5-rho0,win_w10_n512,window,10,512,,,False,False
sel_win_w20_n008_privileged,privileged,100,0.0100503,2,199,0,8,1.99,15.92,1114.4,0.278943,0.2786,0.750711,164,422,5.48,7.39,0,1,72,0.0138889,1,63,0.015873,0,64,0,0,44,0,b2.5-rho0,win_w20_n008,window,20,8,,,False,False
sel_win_w20_n016_privileged,privileged,100,0.0351759,7,199,0,16,1.99,31.84,1432.8,0.358543,0.3582,0.750711,163,422,5.48,7.38,0,3,72,0.0416667,4,63,0.0634921,0,64,0,0,44,0,b2.5-rho0,win_w20_n016,window,20,16,,,False,False
sel_win_w20_n032_privileged,privileged,100,0.0502513,10,199,0,32,1.99,63.68,2069.6,0.517743,0.5174,0.750711,164,422,5.48,7.25,0,5,72,0.0694444,4,63,0.0634921,1,64,0.015625,0,44,0,b2.5-rho0,win_w20_n032,window,20,32,,,False,False
sel_win_w20_n064_privileged,privileged,100,0.19598,39,199,0,64,1.99,127.36,3343.2,0.836143,0.8358,0.750711,154,422,5.48,7.03,0,10,72,0.138889,16,63,0.253968,13,64,0.203125,0,44,0,b2.5-rho0,win_w20_n064,window,20,64,,,False,False
sel_win_w20_n128_privileged,privileged,100,0.306533,61,199,0.0227273,127.503,1.99,253.73,5870.6,1.46799,1.46765,0.750711,145,422,5.48,6.86,0,24,72,0.333333,17,63,0.269841,20,64,0.3125,1,44,0.0227273,b2.5-rho0,win_w20_n128,window,20,128,,,True,True
sel_win_w20_n256_privileged,privileged,100,0.396985,79,199,0.113636,175.407,1.99,349.06,7777.2,1.94464,1.9443,0.750711,142,422,5.48,6.64,0,29,72,0.402778,24,63,0.380952,26,64,0.40625,5,44,0.113636,b2.5-rho0,win_w20_n256,window,20,256,,,True,True
sel_win_w20_n512_privileged,privileged,100,0.396985,79,199,0.113636,175.407,1.99,349.06,7777.2,1.94464,1.9443,0.750711,142,422,5.48,6.64,0,29,72,0.402778,24,63,0.380952,26,64,0.40625,5,44,0.113636,b2.5-rho0,win_w20_n512,window,20,512,,,False,False
sel_win_w40_n008_privileged,privileged,100,0.0100503,2,199,0,8,1.99,15.92,1114.4,0.278943,0.2786,0.750711,164,422,5.48,7.39,0,1,72,0.0138889,1,63,0.015873,0,64,0,0,44,0,b2.5-rho0,win_w40_n008,window,40,8,,,False,False
sel_win_w40_n016_privileged,privileged,100,0.0351759,7,199,0,16,1.99,31.84,1432.8,0.358543,0.3582,0.750711,163,422,5.48,7.38,0,3,72,0.0416667,4,63,0.0634921,0,64,0,0,44,0,b2.5-rho0,win_w40_n016,window,40,16,,,False,False
sel_win_w40_n032_privileged,privileged,100,0.0502513,10,199,0,32,1.99,63.68,2069.6,0.517743,0.5174,0.750711,164,422,5.48,7.25,0,5,72,0.0694444,4,63,0.0634921,1,64,0.015625,0,44,0,b2.5-rho0,win_w40_n032,window,40,32,,,False,False
sel_win_w40_n064_privileged,privileged,100,0.19598,39,199,0,64,1.99,127.36,3343.2,0.836143,0.8358,0.750711,154,422,5.48,7.03,0,10,72,0.138889,16,63,0.253968,13,64,0.203125,0,44,0,b2.5-rho0,win_w40_n064,window,40,64,,,False,False
sel_win_w40_n128_privileged,privileged,100,0.311558,62,199,0.0227273,127.889,1.99,254.5,5886,1.47184,1.4715,0.750711,145,422,5.48,6.85,0,24,72,0.333333,19,63,0.301587,19,64,0.296875,1,44,0.0227273,b2.5-rho0,win_w40_n128,window,40,128,,,True,True
sel_win_w40_n256_privileged,privileged,100,0.326633,65,199,0.0681818,249.266,1.99,496.04,10716.8,2.67954,2.6792,0.750711,145,422,5.48,6.76,0,22,72,0.305556,21,63,0.333333,22,64,0.34375,3,44,0.0681818,b2.5-rho0,win_w40_n256,window,40,256,,,False,False
sel_win_w40_n512_privileged,privileged,100,0.39196,78,199,0.0909091,318.307,1.99,633.43,13464.6,3.36649,3.36615,0.750711,142,422,5.48,6.55,0,27,72,0.375,24,63,0.380952,27,64,0.421875,4,44,0.0909091,b2.5-rho0,win_w40_n512,window,40,512,,,False,False
sel_win_w80_n008_privileged,privileged,100,0.0100503,2,199,0,8,1.99,15.92,1114.4,0.278943,0.2786,0.750711,164,422,5.48,7.39,0,1,72,0.0138889,1,63,0.015873,0,64,0,0,44,0,b2.5-rho0,win_w80_n008,window,80,8,,,False,False
sel_win_w80_n016_privileged,privileged,100,0.0351759,7,199,0,16,1.99,31.84,1432.8,0.358543,0.3582,0.750711,163,422,5.48,7.38,0,3,72,0.0416667,4,63,0.0634921,0,64,0,0,44,0,b2.5-rho0,win_w80_n016,window,80,16,,,False,False
sel_win_w80_n032_privileged,privileged,100,0.0502513,10,199,0,32,1.99,63.68,2069.6,0.517743,0.5174,0.750711,164,422,5.48,7.25,0,5,72,0.0694444,4,63,0.0634921,1,64,0.015625,0,44,0,b2.5-rho0,win_w80_n032,window,80,32,,,False,False
sel_win_w80_n064_privileged,privileged,100,0.19598,39,199,0,64,1.99,127.36,3343.2,0.836143,0.8358,0.750711,154,422,5.48,7.03,0,10,72,0.138889,16,63,0.253968,13,64,0.203125,0,44,0,b2.5-rho0,win_w80_n064,window,80,64,,,False,False
sel_win_w80_n128_privileged,privileged,100,0.311558,62,199,0.0227273,127.889,1.99,254.5,5886,1.47184,1.4715,0.750711,145,422,5.48,6.85,0,24,72,0.333333,19,63,0.301587,19,64,0.296875,1,44,0.0227273,b2.5-rho0,win_w80_n128,window,80,128,,,False,False
sel_win_w80_n256_privileged,privileged,100,0.331658,66,199,0.0681818,250.437,1.99,498.37,10763.4,2.69119,2.69085,0.750711,144,422,5.48,6.76,0,22,72,0.305556,20,63,0.31746,24,64,0.375,3,44,0.0681818,b2.5-rho0,win_w80_n256,window,80,256,,,False,False
sel_win_w80_n512_privileged,privileged,100,0.356784,71,199,0.159091,481.919,1.98,954.2,19876,4.96934,4.969,0.750711,144,422,5.48,6.62,1,21,72,0.291667,24,63,0.380952,26,64,0.40625,7,44,0.159091,b2.5-rho0,win_w80_n512,window,80,512,,,False,False
sel_coc_d00250_n064_privileged,privileged,100,0.236181,47,199,0.0454545,51.7538,1.99,102.99,2855.8,0.714293,0.71395,0.750711,151,422,5.48,6.84,0,22,72,0.305556,10,63,0.15873,15,64,0.234375,2,44,0.0454545,b2.5-rho0,coc_d00250_n064,cooccur,,64,250,,True,True
sel_coc_d00250_n128_privileged,privileged,100,0.291457,58,199,0.0454545,60.8392,1.99,121.07,3217.4,0.804693,0.80435,0.750711,150,422,5.48,6.8,0,27,72,0.375,14,63,0.222222,17,64,0.265625,2,44,0.0454545,b2.5-rho0,coc_d00250_n128,cooccur,,128,250,,True,True
sel_coc_d00250_n256_privileged,privileged,100,0.286432,57,199,0.0454545,61.9598,1.99,123.3,3262,0.815843,0.8155,0.750711,150,422,5.48,6.84,0,27,72,0.375,13,63,0.206349,17,64,0.265625,2,44,0.0454545,b2.5-rho0,coc_d00250_n256,cooccur,,256,250,,False,False
sel_coc_d00500_n064_privileged,privileged,100,0.236181,47,199,0.0454545,54.3819,1.99,108.22,2960.4,0.740443,0.7401,0.750711,149,422,5.48,6.88,0,23,72,0.319444,11,63,0.174603,13,64,0.203125,2,44,0.0454545,b2.5-rho0,coc_d00500_n064,cooccur,,64,500,,False,False
sel_coc_d00500_n128_privileged,privileged,100,0.291457,58,199,0.0454545,66.794,1.99,132.92,3454.4,0.863943,0.8636,0.750711,147,422,5.48,6.81,0,29,72,0.402778,16,63,0.253968,13,64,0.203125,2,44,0.0454545,b2.5-rho0,coc_d00500_n128,cooccur,,128,500,,False,False
sel_coc_d00500_n256_privileged,privileged,100,0.301508,60,199,0.0454545,68.7286,1.99,136.77,3531.4,0.883193,0.88285,0.750711,146,422,5.48,6.82,0,30,72,0.416667,15,63,0.238095,15,64,0.234375,2,44,0.0454545,b2.5-rho0,coc_d00500_n256,cooccur,,256,500,,True,True
sel_coc_d01000_n064_privileged,privileged,100,0.246231,49,199,0.0227273,58.1608,1.99,115.74,3110.8,0.778043,0.7777,0.750711,153,422,5.48,6.85,0,26,72,0.361111,14,63,0.222222,9,64,0.140625,1,44,0.0227273,b2.5-rho0,coc_d01000_n064,cooccur,,64,1000,,True,True
sel_coc_d01000_n128_privileged,privileged,100,0.296482,59,199,0.0454545,78.0553,1.99,155.33,3902.6,0.975993,0.97565,0.750711,146,422,5.48,6.74,0,27,72,0.375,16,63,0.253968,16,64,0.25,2,44,0.0454545,b2.5-rho0,coc_d01000_n128,cooccur,,128,1000,,False,False
sel_coc_d01000_n256_privileged,privileged,100,0.311558,62,199,0.0454545,81.4724,1.99,162.13,4038.6,1.00999,1.00965,0.750711,144,422,5.48,6.76,0,28,72,0.388889,15,63,0.238095,19,64,0.296875,2,44,0.0454545,b2.5-rho0,coc_d01000_n256,cooccur,,256,1000,,True,True
sel_coc_d02000_n064_privileged,privileged,100,0.190955,38,199,0.0227273,62.6734,1.99,124.72,3290.4,0.822943,0.8226,0.750711,155,422,5.48,7.05,0,19,72,0.263889,11,63,0.174603,8,64,0.125,1,44,0.0227273,b2.5-rho0,coc_d02000_n064,cooccur,,64,2000,,False,False
sel_coc_d02000_n128_privileged,privileged,100,0.291457,58,199,0.0227273,99.2111,1.99,197.43,4744.6,1.18649,1.18615,0.750711,148,422,5.48,6.87,0,27,72,0.375,14,63,0.222222,17,64,0.265625,1,44,0.0227273,b2.5-rho0,coc_d02000_n128,cooccur,,128,2000,,False,False
sel_coc_d02000_n256_privileged,privileged,100,0.276382,55,199,0.0227273,107.995,1.99,214.91,5094.2,1.27389,1.27355,0.750711,151,422,5.48,6.89,0,28,72,0.388889,11,63,0.174603,16,64,0.25,1,44,0.0227273,b2.5-rho0,coc_d02000_n256,cooccur,,256,2000,,False,False
sel_coc_d04000_n064_privileged,privileged,100,0.160804,32,199,0.0227273,63.9447,1.99,127.25,3341,0.835593,0.83525,0.750711,156,422,5.48,7.14,0,14,72,0.194444,11,63,0.174603,7,64,0.109375,1,44,0.0227273,b2.5-rho0,coc_d04000_n064,cooccur,,64,4000,,False,False
sel_coc_d04000_n128_privileged,privileged,100,0.296482,59,199,0.0454545,116.01,1.99,230.86,5413.2,1.35364,1.3533,0.750711,150,422,5.48,6.88,0,23,72,0.319444,16,63,0.253968,20,64,0.3125,2,44,0.0454545,b2.5-rho0,coc_d04000_n128,cooccur,,128,4000,,False,False
sel_coc_d04000_n256_privileged,privileged,100,0.291457,58,199,0.0454545,138.492,1.99,275.6,6308,1.57734,1.577,0.750711,155,422,5.48,6.89,0,22,72,0.305556,16,63,0.253968,20,64,0.3125,2,44,0.0454545,b2.5-rho0,coc_d04000_n256,cooccur,,256,4000,,False,False
sel_coc_d08000_n064_privileged,privileged,100,0.115578,23,199,0,64,1.99,127.36,3343.2,0.836143,0.8358,0.750711,161,422,5.48,7.14,0,10,72,0.138889,6,63,0.0952381,7,64,0.109375,0,44,0,b2.5-rho0,coc_d08000_n064,cooccur,,64,8000,,False,False
sel_coc_d08000_n128_privileged,privileged,100,0.311558,62,199,0.0227273,124.608,1.99,247.97,5755.4,1.43919,1.43885,0.750711,150,422,5.48,6.82,0,26,72,0.361111,19,63,0.301587,17,64,0.265625,1,44,0.0227273,b2.5-rho0,coc_d08000_n128,cooccur,,128,8000,,False,False
sel_coc_d08000_n256_privileged,privileged,100,0.40201,80,199,0.0454545,165.714,1.99,329.77,7391.4,1.84819,1.84785,0.750711,146,422,5.48,6.59,0,25,72,0.347222,26,63,0.412698,29,64,0.453125,2,44,0.0454545,b2.5-rho0,coc_d08000_n256,cooccur,,256,8000,,True,True
sel_coc_d16000_n064_privileged,privileged,100,0.0954774,19,199,0,64,1.99,127.36,3343.2,0.836143,0.8358,0.750711,162,422,5.48,7.18,0,8,72,0.111111,4,63,0.0634921,7,64,0.109375,0,44,0,b2.5-rho0,coc_d16000_n064,cooccur,,64,16000,,False,False
sel_coc_d16000_n128_privileged,privileged,100,0.306533,61,199,0,126.116,1.99,250.97,5815.4,1.45419,1.45385,0.750711,149,422,5.48,6.87,0,26,72,0.361111,17,63,0.269841,18,64,0.28125,0,44,0,b2.5-rho0,coc_d16000_n128,cooccur,,128,16000,,False,False
sel_coc_d16000_n256_privileged,privileged,100,0.39196,78,199,0.0454545,174.945,1.99,348.14,7758.8,1.94004,1.9397,0.750711,145,422,5.48,6.59,0,25,72,0.347222,28,63,0.444444,25,64,0.390625,2,44,0.0454545,b2.5-rho0,coc_d16000_n256,cooccur,,256,16000,,False,False
sel_nbh_k0_n064_privileged,privileged,100,0.20603,41,199,0.0227273,32.0251,1.99,63.73,2070.6,0.517993,0.51765,0.750711,153,422,5.48,6.86,0,22,72,0.305556,8,63,0.126984,11,64,0.171875,1,44,0.0227273,b2.5-rho0,nbh_k0_n064,neighbourhood,,64,,0,True,True
sel_nbh_k0_n128_privileged,privileged,100,0.211055,42,199,0.0227273,32.3317,1.99,64.34,2082.8,0.521043,0.5207,0.750711,153,422,5.48,6.85,0,23,72,0.319444,8,63,0.126984,11,64,0.171875,1,44,0.0227273,b2.5-rho0,nbh_k0_n128,neighbourhood,,128,,0,True,True
sel_nbh_k0_n256_privileged,privileged,100,0.211055,42,199,0.0227273,32.3317,1.99,64.34,2082.8,0.521043,0.5207,0.750711,153,422,5.48,6.85,0,23,72,0.319444,8,63,0.126984,11,64,0.171875,1,44,0.0227273,b2.5-rho0,nbh_k0_n256,neighbourhood,,256,,0,False,False
sel_nbh_k1_n064_privileged,privileged,100,0.221106,44,199,0,60.804,1.99,121,3216,0.804343,0.804,0.750711,157,422,5.48,7.02,0,21,72,0.291667,11,63,0.174603,12,64,0.1875,0,44,0,b2.5-rho0,nbh_k1_n064,neighbourhood,,64,,1,True,True
sel_nbh_k1_n128_privileged,privileged,100,0.266332,53,199,0,80.9397,1.99,161.07,4017.4,1.00469,1.00435,0.750711,151,422,5.48,6.87,0,24,72,0.333333,8,63,0.126984,21,64,0.328125,0,44,0,b2.5-rho0,nbh_k1_n128,neighbourhood,,128,,1,True,True
sel_nbh_k1_n256_privileged,privileged,100,0.261307,52,199,0,84.4673,1.99,168.09,4157.8,1.03979,1.03945,0.750711,152,422,5.48,6.86,0,25,72,0.347222,8,63,0.126984,19,64,0.296875,0,44,0,b2.5-rho0,nbh_k1_n256,neighbourhood,,256,,1,False,False
sel_nbh_k2_n064_privileged,privileged,100,0.125628,25,199,0.0681818,64,1.99,127.36,3343.2,0.836143,0.8358,0.750711,158,422,5.48,7.15,0,10,72,0.138889,6,63,0.0952381,9,64,0.140625,3,44,0.0681818,b2.5-rho0,nbh_k2_n064,neighbourhood,,64,,2,False,False
sel_nbh_k2_n128_privileged,privileged,100,0.286432,57,199,0.0454545,120.874,1.99,240.54,5606.8,1.40204,1.4017,0.750711,150,422,5.48,6.88,0,25,72,0.347222,13,63,0.206349,19,64,0.296875,2,44,0.0454545,b2.5-rho0,nbh_k2_n128,neighbourhood,,128,,2,True,True
sel_nbh_k2_n256_privileged,privileged,100,0.261307,52,199,0.0681818,150.422,1.99,299.34,6782.8,1.69604,1.6957,0.750711,148,422,5.48,6.85,0,15,72,0.208333,15,63,0.238095,22,64,0.34375,3,44,0.0681818,b2.5-rho0,nbh_k2_n256,neighbourhood,,256,,2,False,False
sel_nbh_k3_n064_privileged,privileged,100,0.0854271,17,199,0,64,1.99,127.36,3343.2,0.836143,0.8358,0.750711,161,422,5.48,7.22,0,7,72,0.0972222,3,63,0.047619,7,64,0.109375,0,44,0,b2.5-rho0,nbh_k3_n064,neighbourhood,,64,,3,False,False
sel_nbh_k3_n128_privileged,privileged,100,0.311558,62,199,0,125.824,1.99,250.39,5803.8,1.45129,1.45095,0.750711,149,422,5.48,6.85,0,29,72,0.402778,16,63,0.253968,17,64,0.265625,0,44,0,b2.5-rho0,nbh_k3_n128,neighbourhood,,128,,3,True,True
sel_nbh_k3_n256_privileged,privileged,100,0.396985,79,199,0.0454545,172.518,1.99,343.31,7662.2,1.91589,1.91555,0.750711,145,422,5.48,6.61,0,27,72,0.375,27,63,0.428571,25,64,0.390625,2,44,0.0454545,b2.5-rho0,nbh_k3_n256,neighbourhood,,256,,3,True,True
sel_nbh_k4_n064_privileged,privileged,100,0.0904523,18,199,0,64,1.99,127.36,3343.2,0.836143,0.8358,0.750711,162,422,5.48,7.19,0,8,72,0.111111,3,63,0.047619,7,64,0.109375,0,44,0,b2.5-rho0,nbh_k4_n064,neighbourhood,,64,,4,False,False
sel_nbh_k4_n128_privileged,privileged,100,0.311558,62,199,0.0227273,126.176,1.99,251.09,5817.8,1.45479,1.45445,0.750711,148,422,5.48,6.84,0,26,72,0.361111,19,63,0.301587,17,64,0.265625,1,44,0.0227273,b2.5-rho0,nbh_k4_n128,neighbourhood,,128,,4,False,False
sel_nbh_k4_n256_privileged,privileged,100,0.40201,80,199,0.0454545,175.648,1.99,349.54,7786.8,1.94704,1.9467,0.750711,145,422,5.48,6.59,0,26,72,0.361111,29,63,0.460317,25,64,0.390625,2,44,0.0454545,b2.5-rho0,nbh_k4_n256,neighbourhood,,256,,4,True,True
sel_nbh_k6_n064_privileged,privileged,100,0.0904523,18,199,0,64,1.99,127.36,3343.2,0.836143,0.8358,0.750711,162,422,5.48,7.19,0,8,72,0.111111,3,63,0.047619,7,64,0.109375,0,44,0,b2.5-rho0,nbh_k6_n064,neighbourhood,,64,,6,False,False
sel_nbh_k6_n128_privileged,privileged,100,0.306533,61,199,0,126.176,1.99,251.09,5817.8,1.45479,1.45445,0.750711,149,422,5.48,6.85,0,26,72,0.361111,18,63,0.285714,17,64,0.265625,0,44,0,b2.5-rho0,nbh_k6_n128,neighbourhood,,128,,6,False,False
sel_nbh_k6_n256_privileged,privileged,100,0.396985,79,199,0.0454545,176.05,1.99,350.34,7802.8,1.95104,1.9507,0.750711,145,422,5.48,6.59,0,25,72,0.347222,29,63,0.460317,25,64,0.390625,2,44,0.0454545,b2.5-rho0,nbh_k6_n256,neighbourhood,,256,,6,False,False
oracle_escalation_privileged,privileged,100,0.507538,101,199,0.477273,5.12346,2.43,12.45,1221,0.305593,0.30525,0.750711,125,422,5.48,5.18,0,32,72,0.444444,37,63,0.587302,32,64,0.5,21,44,0.477273,b2.5-rho0,oracle_escalation_privileged,reference,,,,,False,False
never_escalate,comparison,100,0,0,199,0,,0,0,0,0.000343333,0,0.750711,165,422,5.48,5.72,0,0,72,0,0,63,0,0,64,0,0,44,0,b2.5-rho0,never_escalate,reference,,,,,False,False
oracle_selection_context_d14_privileged,privileged,100,0.40201,80,199,0.113636,5.0201,1.99,9.99,995.8,0.249293,0.24895,0.750711,138,422,5.48,6.7,0,21,72,0.291667,28,63,0.444444,31,64,0.484375,5,44,0.113636,b2.5-rho0,oracle_selection_context_d14_privileged,reference,,,,,False,False
sel_rung_privileged,privileged,100,0.246231,49,199,0.0227273,45.1015,1.97,88.85,2565,0.641593,0.64125,0.750711,153,422,5.48,6.85,0,25,72,0.347222,11,63,0.174603,13,64,0.203125,1,44,0.0227273,b2.5-rho0.7,rung,rung,,,,,True,True
sel_win_w05_n008_privileged,privileged,100,0.0100503,2,199,0,8,1.97,15.76,1103.2,0.276143,0.2758,0.750711,164,422,5.48,7.39,0,0,72,0,2,63,0.031746,0,64,0,0,44,0,b2.5-rho0.7,win_w05_n008,window,5,8,,,True,True
sel_win_w05_n016_privileged,privileged,100,0.0201005,4,199,0,16,1.97,31.52,1418.4,0.354943,0.3546,0.750711,164,422,5.48,7.28,0,1,72,0.0138889,3,63,0.047619,0,64,0,0,44,0,b2.5-rho0.7,win_w05_n016,window,5,16,,,True,True
sel_win_w05_n032_privileged,privileged,100,0.0301508,6,199,0,31.6497,1.97,62.35,2035,0.509093,0.50875,0.750711,162,422,5.48,7.37,0,3,72,0.0416667,3,63,0.047619,0,64,0,0,44,0,b2.5-rho0.7,win_w05_n032,window,5,32,,,True,True
sel_win_w05_n064_privileged,privileged,100,0.0753769,15,199,0,42.9188,1.97,84.55,2479,0.620093,0.61975,0.750711,160,422,5.48,7.25,0,6,72,0.0833333,8,63,0.126984,1,64,0.015625,0,44,0,b2.5-rho0.7,win_w05_n064,window,5,64,,,True,True
sel_win_w05_n128_privileged,privileged,100,0.0753769,15,199,0,43.1015,1.97,84.91,2486.2,0.621893,0.62155,0.750711,160,422,5.48,7.27,0,6,72,0.0833333,8,63,0.126984,1,64,0.015625,0,44,0,b2.5-rho0.7,win_w05_n128,window,5,128,,,False,False
sel_win_w05_n256_privileged,privileged,100,0.0753769,15,199,0,43.1015,1.97,84.91,2486.2,0.621893,0.62155,0.750711,160,422,5.48,7.27,0,6,72,0.0833333,8,63,0.126984,1,64,0.015625,0,44,0,b2.5-rho0.7,win_w05_n256,window,5,256,,,False,False
sel_win_w05_n512_privileged,privileged,100,0.0753769,15,199,0,43.1015,1.97,84.91,2486.2,0.621893,0.62155,0.750711,160,422,5.48,7.27,0,6,72,0.0833333,8,63,0.126984,1,64,0.015625,0,44,0,b2.5-rho0.7,win_w05_n512,window,5,512,,,False,False
sel_win_w10_n008_privileged,privileged,100,0.0100503,2,199,0,8,1.97,15.76,1103.2,0.276143,0.2758,0.750711,164,422,5.48,7.39,0,0,72,0,2,63,0.031746,0,64,0,0,44,0,b2.5-rho0.7,win_w10_n008,window,10,8,,,False,False
sel_win_w10_n016_privileged,privileged,100,0.0201005,4,199,0,16,1.97,31.52,1418.4,0.354943,0.3546,0.750711,164,422,5.48,7.28,0,1,72,0.0138889,3,63,0.047619,0,64,0,0,44,0,b2.5-rho0.7,win_w10_n016,window,10,16,,,False,False
sel_win_w10_n032_privileged,privileged,100,0.0251256,5,199,0,32,1.97,63.04,2048.8,0.512543,0.5122,0.750711,163,422,5.48,7.32,0,2,72,0.0277778,3,63,0.047619,0,64,0,0,44,0,b2.5-rho0.7,win_w10_n032,window,10,32,,,False,False
sel_win_w10_n064_privileged,privileged,100,0.150754,30,199,0,63.6497,1.97,125.39,3295.8,0.824293,0.82395,0.750711,161,422,5.48,7.03,0,11,72,0.152778,14,63,0.222222,5,64,0.078125,0,44,0,b2.5-rho0.7,win_w10_n064,window,10,64,,,True,True
sel_win_w10_n128_privileged,privileged,100,0.256281,51,199,0,86.7208,1.97,170.84,4204.8,1.05154,1.0512,0.750711,154,422,5.48,7.02,0,19,72,0.263889,22,63,0.349206,10,64,0.15625,0,44,0,b2.5-rho0.7,win_w10_n128,window,10,128,,,True,True
sel_win_w10_n256_privileged,privileged,100,0.256281,51,199,0,86.7868,1.97,170.97,4207.4,1.05219,1.05185,0.750711,154,422,5.48,7.02,0,19,72,0.263889,22,63,0.349206,10,64,0.15625,0,44,0,b2.5-rho0.7,win_w10_n256,window,10,256,,,False,False
sel_win_w10_n512_privileged,privileged,100,0.256281,51,199,0,86.7868,1.97,170.97,4207.4,1.05219,1.05185,0.750711,154,422,5.48,7.02,0,19,72,0.263889,22,63,0.349206,10,64,0.15625,0,44,0,b2.5-rho0.7,win_w10_n512,window,10,512,,,False,False
sel_win_w20_n008_privileged,privileged,100,0.0100503,2,199,0,8,1.97,15.76,1103.2,0.276143,0.2758,0.750711,164,422,5.48,7.39,0,0,72,0,2,63,0.031746,0,64,0,0,44,0,b2.5-rho0.7,win_w20_n008,window,20,8,,,False,False
sel_win_w20_n016_privileged,privileged,100,0.0201005,4,199,0,16,1.97,31.52,1418.4,0.354943,0.3546,0.750711,164,422,5.48,7.28,0,1,72,0.0138889,3,63,0.047619,0,64,0,0,44,0,b2.5-rho0.7,win_w20_n016,window,20,16,,,False,False
sel_win_w20_n032_privileged,privileged,100,0.0251256,5,199,0,32,1.97,63.04,2048.8,0.512543,0.5122,0.750711,163,422,5.48,7.32,0,2,72,0.0277778,3,63,0.047619,0,64,0,0,44,0,b2.5-rho0.7,win_w20_n032,window,20,32,,,False,False
sel_win_w20_n064_privileged,privileged,100,0.155779,31,199,0,64,1.97,126.08,3309.6,0.827743,0.8274,0.750711,160,422,5.48,7.03,0,10,72,0.138889,15,63,0.238095,6,64,0.09375,0,44,0,b2.5-rho0.7,win_w20_n064,window,20,64,,,True,True
sel_win_w20_n128_privileged,privileged,100,0.311558,62,199,0,127.635,1.97,251.44,5816.8,1.45454,1.4542,0.750711,148,422,5.48,6.83,0,22,72,0.305556,20,63,0.31746,20,64,0.3125,0,44,0,b2.5-rho0.7,win_w20_n128,window,20,128,,,True,True
sel_win_w20_n256_privileged,privileged,100,0.422111,84,199,0,176.091,1.97,346.9,7726,1.93184,1.9315,0.750711,137,422,5.48,6.64,0,28,72,0.388889,31,63,0.492063,25,64,0.390625,0,44,0,b2.5-rho0.7,win_w20_n256,window,20,256,,,True,True
sel_win_w20_n512_privileged,privileged,100,0.422111,84,199,0,176.112,1.97,346.94,7726.8,1.93204,1.9317,0.750711,137,422,5.48,6.64,0,28,72,0.388889,31,63,0.492063,25,64,0.390625,0,44,0,b2.5-rho0.7,win_w20_n512,window,20,512,,,False,False
sel_win_w40_n008_privileged,privileged,100,0.0100503,2,199,0,8,1.97,15.76,1103.2,0.276143,0.2758,0.750711,164,422,5.48,7.39,0,0,72,0,2,63,0.031746,0,64,0,0,44,0,b2.5-rho0.7,win_w40_n008,window,40,8,,,False,False
sel_win_w40_n016_privileged,privileged,100,0.0201005,4,199,0,16,1.97,31.52,1418.4,0.354943,0.3546,0.750711,164,422,5.48,7.28,0,1,72,0.0138889,3,63,0.047619,0,64,0,0,44,0,b2.5-rho0.7,win_w40_n016,window,40,16,,,False,False
sel_win_w40_n032_privileged,privileged,100,0.0251256,5,199,0,32,1.97,63.04,2048.8,0.512543,0.5122,0.750711,163,422,5.48,7.32,0,2,72,0.0277778,3,63,0.047619,0,64,0,0,44,0,b2.5-rho0.7,win_w40_n032,window,40,32,,,False,False
sel_win_w40_n064_privileged,privileged,100,0.155779,31,199,0,64,1.97,126.08,3309.6,0.827743,0.8274,0.750711,160,422,5.48,7.03,0,10,72,0.138889,15,63,0.238095,6,64,0.09375,0,44,0,b2.5-rho0.7,win_w40_n064,window,40,64,,,False,False
sel_win_w40_n128_privileged,privileged,100,0.316583,63,199,0,127.939,1.97,252.04,5828.8,1.45754,1.4572,0.750711,148,422,5.48,6.82,0,22,72,0.305556,21,63,0.333333,20,64,0.3125,0,44,0,b2.5-rho0.7,win_w40_n128,window,40,128,,,True,True
sel_win_w40_n256_privileged,privileged,100,0.396985,79,199,0.0681818,250.751,1.97,493.98,10667.6,2.66724,2.6669,0.750711,145,422,5.48,6.66,0,29,72,0.402778,24,63,0.380952,26,64,0.40625,3,44,0.0681818,b2.5-rho0.7,win_w40_n256,window,40,256,,,False,False
sel_win_w40_n512_privileged,privileged,100,0.432161,86,199,0.0909091,322.782,1.97,635.88,13505.6,3.37674,3.3764,0.750711,144,422,5.48,6.54,0,26,72,0.361111,33,63,0.52381,27,64,0.421875,4,44,0.0909091,b2.5-rho0.7,win_w40_n512,window,40,512,,,True,True
sel_win_w80_n008_privileged,privileged,100,0.0100503,2,199,0,8,1.97,15.76,1103.2,0.276143,0.2758,0.750711,164,422,5.48,7.39,0,0,72,0,2,63,0.031746,0,64,0,0,44,0,b2.5-rho0.7,win_w80_n008,window,80,8,,,False,False
sel_win_w80_n016_privileged,privileged,100,0.0201005,4,199,0,16,1.97,31.52,1418.4,0.354943,0.3546,0.750711,164,422,5.48,7.28,0,1,72,0.0138889,3,63,0.047619,0,64,0,0,44,0,b2.5-rho0.7,win_w80_n016,window,80,16,,,False,False
sel_win_w80_n032_privileged,privileged,100,0.0251256,5,199,0,32,1.97,63.04,2048.8,0.512543,0.5122,0.750711,163,422,5.48,7.32,0,2,72,0.0277778,3,63,0.047619,0,64,0,0,44,0,b2.5-rho0.7,win_w80_n032,window,80,32,,,False,False
sel_win_w80_n064_privileged,privileged,100,0.155779,31,199,0,64,1.97,126.08,3309.6,0.827743,0.8274,0.750711,160,422,5.48,7.03,0,10,72,0.138889,15,63,0.238095,6,64,0.09375,0,44,0,b2.5-rho0.7,win_w80_n064,window,80,64,,,False,False
sel_win_w80_n128_privileged,privileged,100,0.316583,63,199,0,127.939,1.97,252.04,5828.8,1.45754,1.4572,0.750711,148,422,5.48,6.82,0,22,72,0.305556,21,63,0.333333,20,64,0.3125,0,44,0,b2.5-rho0.7,win_w80_n128,window,80,128,,,False,False
sel_win_w80_n256_privileged,privileged,100,0.41206,82,199,0.0681818,251.787,1.97,496.02,10708.4,2.67744,2.6771,0.750711,145,422,5.48,6.64,0,30,72,0.416667,24,63,0.380952,28,64,0.4375,3,44,0.0681818,b2.5-rho0.7,win_w80_n256,window,80,256,,,False,False
sel_win_w80_n512_privileged,privileged,100,0.38191,76,199,0.136364,485.087,1.96,950.77,19799.4,4.95019,4.94985,0.750711,147,422,5.48,6.64,1,25,72,0.347222,28,63,0.444444,23,64,0.359375,6,44,0.136364,b2.5-rho0.7,win_w80_n512,window,80,512,,,False,False
sel_coc_d00250_n064_privileged,privileged,100,0.276382,55,199,0.0681818,54.1421,1.97,106.66,2921.2,0.730643,0.7303,0.750711,150,422,5.48,6.85,0,26,72,0.361111,15,63,0.238095,14,64,0.21875,3,44,0.0681818,b2.5-rho0.7,coc_d00250_n064,cooccur,,64,250,,True,True
sel_coc_d00250_n128_privileged,privileged,100,0.301508,60,199,0.0681818,65.6244,1.97,129.28,3373.6,0.843743,0.8434,0.750711,149,422,5.48,6.86,0,27,72,0.375,17,63,0.269841,16,64,0.25,3,44,0.0681818,b2.5-rho0.7,coc_d00250_n128,cooccur,,128,250,,True,True
sel_coc_d00250_n256_privileged,privileged,100,0.301508,60,199,0.0681818,67.1675,1.97,132.32,3434.4,0.858943,0.8586,0.750711,148,422,5.48,6.86,0,27,72,0.375,17,63,0.269841,16,64,0.25,3,44,0.0681818,b2.5-rho0.7,coc_d00250_n256,cooccur,,256,250,,False,False
sel_coc_d00500_n064_privileged,privileged,100,0.286432,57,199,0.0681818,56.4061,1.97,111.12,3010.4,0.752943,0.7526,0.750711,151,422,5.48,6.79,0,27,72,0.375,15,63,0.238095,15,64,0.234375,3,44,0.0681818,b2.5-rho0.7,coc_d00500_n064,cooccur,,64,500,,True,True
sel_coc_d00500_n128_privileged,privileged,100,0.301508,60,199,0.0681818,72.0051,1.97,141.85,3625,0.906593,0.90625,0.750711,151,422,5.48,6.85,0,27,72,0.375,16,63,0.253968,17,64,0.265625,3,44,0.0681818,b2.5-rho0.7,coc_d00500_n128,cooccur,,128,500,,False,False
sel_coc_d00500_n256_privileged,privileged,100,0.306533,61,199,0.0681818,74.5025,1.97,146.77,3723.4,0.931193,0.93085,0.750711,149,422,5.48,6.83,0,27,72,0.375,16,63,0.253968,18,64,0.28125,3,44,0.0681818,b2.5-rho0.7,coc_d00500_n256,cooccur,,256,500,,True,True
sel_coc_d01000_n064_privileged,privileged,100,0.251256,50,199,0.0681818,59.5635,1.97,117.34,3134.8,0.784043,0.7837,0.750711,152,422,5.48,6.89,0,23,72,0.319444,15,63,0.238095,12,64,0.1875,3,44,0.0681818,b2.5-rho0.7,coc_d01000_n064,cooccur,,64,1000,,False,False
sel_coc_d01000_n128_privileged,privileged,100,0.331658,66,199,0.0681818,83.7056,1.97,164.9,4086,1.02184,1.0215,0.750711,148,422,5.48,6.73,0,29,72,0.402778,18,63,0.285714,19,64,0.296875,3,44,0.0681818,b2.5-rho0.7,coc_d01000_n128,cooccur,,128,1000,,True,True
sel_coc_d01000_n256_privileged,privileged,100,0.331658,66,199,0.0681818,88.4315,1.97,174.21,4272.2,1.06839,1.06805,0.750711,146,422,5.48,6.73,0,27,72,0.375,18,63,0.285714,21,64,0.328125,3,44,0.0681818,b2.5-rho0.7,coc_d01000_n256,cooccur,,256,1000,,False,False
sel_coc_d02000_n064_privileged,privileged,100,0.19598,39,199,0,63.1421,1.97,124.39,3275.8,0.819293,0.81895,0.750711,151,422,5.48,6.96,0,17,72,0.236111,14,63,0.222222,8,64,0.125,0,44,0,b2.5-rho0.7,coc_d02000_n064,cooccur,,64,2000,,False,False
sel_coc_d02000_n128_privileged,privileged,100,0.311558,62,199,0.0454545,104.736,1.97,206.33,4914.6,1.22899,1.22865,0.750711,149,422,5.48,6.81,0,28,72,0.388889,15,63,0.238095,19,64,0.296875,2,44,0.0454545,b2.5-rho0.7,coc_d02000_n128,cooccur,,128,2000,,False,False
sel_coc_d02000_n256_privileged,privileged,100,0.356784,71,199,0.0454545,117.619,1.97,231.71,5422.2,1.35589,1.35555,0.750711,145,422,5.48,6.67,0,26,72,0.361111,22,63,0.349206,23,64,0.359375,2,44,0.0454545,b2.5-rho0.7,coc_d02000_n256,cooccur,,256,2000,,True,True
sel_coc_d04000_n064_privileged,privileged,100,0.110553,22,199,0,63.9695,1.97,126.02,3308.4,0.827443,0.8271,0.750711,159,422,5.48,7.08,0,10,72,0.138889,8,63,0.126984,4,64,0.0625,0,44,0,b2.5-rho0.7,coc_d04000_n064,cooccur,,64,4000,,False,False
sel_coc_d04000_n128_privileged,privileged,100,0.311558,62,199,0.0227273,120.325,1.97,237.04,5528.8,1.38254,1.3822,0.750711,150,422,5.48,6.73,0,24,72,0.333333,21,63,0.333333,17,64,0.265625,1,44,0.0227273,b2.5-rho0.7,coc_d04000_n128,cooccur,,128,4000,,False,False
sel_coc_d04000_n256_privileged,privileged,100,0.396985,79,199,0.0227273,151.584,1.97,298.62,6760.4,1.69044,1.6901,0.750711,145,422,5.48,6.63,0,28,72,0.388889,27,63,0.428571,24,64,0.375,1,44,0.0227273,b2.5-rho0.7,coc_d04000_n256,cooccur,,256,4000,,True,True
sel_coc_d08000_n064_privileged,privileged,100,0.0904523,18,199,0,64,1.97,126.08,3309.6,0.827743,0.8274,0.750711,161,422,5.48,7.11,0,6,72,0.0833333,7,63,0.111111,5,64,0.078125,0,44,0,b2.5-rho0.7,coc_d08000_n064,cooccur,,64,8000,,False,False
sel_coc_d08000_n128_privileged,privileged,100,0.266332,53,199,0.0227273,126.619,1.97,249.44,5776.8,1.44454,1.4442,0.750711,150,422,5.48,6.75,0,18,72,0.25,19,63,0.301587,16,64,0.25,1,44,0.0227273,b2.5-rho0.7,coc_d08000_n128,cooccur,,128,8000,,False,False
sel_coc_d08000_n256_privileged,privileged,100,0.396985,79,199,0.0454545,181.107,1.97,356.78,7923.6,1.98124,1.9809,0.750711,145,422,5.48,6.65,0,27,72,0.375,27,63,0.428571,25,64,0.390625,2,44,0.0454545,b2.5-rho0.7,coc_d08000_n256,cooccur,,256,8000,,False,False
sel_coc_d16000_n064_privileged,privileged,100,0.0954774,19,199,0,64,1.97,126.08,3309.6,0.827743,0.8274,0.750711,162,422,5.48,7.17,0,8,72,0.111111,8,63,0.126984,3,64,0.046875,0,44,0,b2.5-rho0.7,coc_d16000_n064,cooccur,,64,16000,,False,False
sel_coc_d16000_n128_privileged,privileged,100,0.251256,50,199,0,127.553,1.97,251.28,5813.6,1.45374,1.4534,0.750711,152,422,5.48,6.78,0,19,72,0.263889,18,63,0.285714,13,64,0.203125,0,44,0,b2.5-rho0.7,coc_d16000_n128,cooccur,,128,16000,,False,False
sel_coc_d16000_n256_privileged,privileged,100,0.422111,84,199,0.0454545,190.726,1.97,375.73,8302.6,2.07599,2.07565,0.750711,144,422,5.48,6.59,0,28,72,0.388889,32,63,0.507937,24,64,0.375,2,44,0.0454545,b2.5-rho0.7,coc_d16000_n256,cooccur,,256,16000,,True,True
sel_nbh_k0_n064_privileged,privileged,100,0.211055,42,199,0.0681818,35.0914,1.97,69.13,2170.6,0.542993,0.54265,0.750711,153,422,5.48,6.75,0,24,72,0.333333,10,63,0.15873,8,64,0.125,3,44,0.0681818,b2.5-rho0.7,nbh_k0_n064,neighbourhood,,64,,0,True,True
sel_nbh_k0_n128_privileged,privileged,100,0.211055,42,199,0.0681818,35.4264,1.97,69.79,2183.8,0.546293,0.54595,0.750711,153,422,5.48,6.74,0,24,72,0.333333,10,63,0.15873,8,64,0.125,3,44,0.0681818,b2.5-rho0.7,nbh_k0_n128,neighbourhood,,128,,0,False,False
sel_nbh_k0_n256_privileged,privileged,100,0.211055,42,199,0.0681818,35.4264,1.97,69.79,2183.8,0.546293,0.54595,0.750711,153,422,5.48,6.74,0,24,72,0.333333,10,63,0.15873,8,64,0.125,3,44,0.0681818,b2.5-rho0.7,nbh_k0_n256,neighbourhood,,256,,0,False,False
sel_nbh_k1_n064_privileged,privileged,100,0.19598,39,199,0,62.0914,1.97,122.32,3234.4,0.808943,0.8086,0.750711,157,422,5.48,7.07,0,24,72,0.333333,7,63,0.111111,8,64,0.125,0,44,0,b2.5-rho0.7,nbh_k1_n064,neighbourhood,,64,,1,False,False
sel_nbh_k1_n128_privileged,privileged,100,0.271357,54,199,0.0227273,88.0761,1.97,173.51,4258.2,1.06489,1.06455,0.750711,150,422,5.48,6.84,0,27,72,0.375,8,63,0.126984,19,64,0.296875,1,44,0.0227273,b2.5-rho0.7,nbh_k1_n128,neighbourhood,,128,,1,True,True
sel_nbh_k1_n256_privileged,privileged,100,0.286432,57,199,0.0227273,92.3909,1.97,182.01,4428.2,1.10739,1.10705,0.750711,148,422,5.48,6.81,0,29,72,0.402778,9,63,0.142857,19,64,0.296875,1,44,0.0227273,b2.5-rho0.7,nbh_k1_n256,neighbourhood,,256,,1,True,True
sel_nbh_k2_n064_privileged,privileged,100,0.110553,22,199,0,64,1.97,126.08,3309.6,0.827743,0.8274,0.750711,158,422,5.48,7.14,0,6,72,0.0833333,11,63,0.174603,5,64,0.078125,0,44,0,b2.5-rho0.7,nbh_k2_n064,neighbourhood,,64,,2,False,False
sel_nbh_k2_n128_privileged,privileged,100,0.271357,54,199,0,123.944,1.97,244.17,5671.4,1.41819,1.41785,0.750711,149,422,5.48,6.87,0,24,72,0.333333,16,63,0.253968,14,64,0.21875,0,44,0,b2.5-rho0.7,nbh_k2_n128,neighbourhood,,128,,2,False,False
sel_nbh_k2_n256_privileged,privileged,100,0.361809,72,199,0.0227273,164.716,1.97,324.49,7277.8,1.81979,1.81945,0.750711,147,422,5.48,6.77,0,28,72,0.388889,24,63,0.380952,20,64,0.3125,1,44,0.0227273,b2.5-rho0.7,nbh_k2_n256,neighbourhood,,256,,2,True,True
sel_nbh_k3_n064_privileged,privileged,100,0.0954774,19,199,0,64,1.97,126.08,3309.6,0.827743,0.8274,0.750711,162,422,5.48,7.16,0,7,72,0.0972222,9,63,0.142857,3,64,0.046875,0,44,0,b2.5-rho0.7,nbh_k3_n064,neighbourhood,,64,,3,False,False
sel_nbh_k3_n128_privileged,privileged,100,0.246231,49,199,0,127.467,1.97,251.11,5810.2,1.45289,1.45255,0.750711,153,422,5.48,6.83,0,18,72,0.25,17,63,0.269841,14,64,0.21875,0,44,0,b2.5-rho0.7,nbh_k3_n128,neighbourhood,,128,,3,False,False
sel_nbh_k3_n256_privileged,privileged,100,0.41206,82,199,0.0454545,188.025,1.97,370.41,8196.2,2.04939,2.04905,0.750711,144,422,5.48,6.56,0,28,72,0.388889,30,63,0.47619,24,64,0.375,2,44,0.0454545,b2.5-rho0.7,nbh_k3_n256,neighbourhood,,256,,3,True,True
sel_nbh_k4_n064_privileged,privileged,100,0.0954774,19,199,0,64,1.97,126.08,3309.6,0.827743,0.8274,0.750711,162,422,5.48,7.15,0,8,72,0.111111,8,63,0.126984,3,64,0.046875,0,44,0,b2.5-rho0.7,nbh_k4_n064,neighbourhood,,64,,4,False,False
sel_nbh_k4_n128_privileged,privileged,100,0.251256,50,199,0,127.563,1.97,251.3,5814,1.45384,1.4535,0.750711,151,422,5.48,6.78,0,19,72,0.263889,18,63,0.285714,13,64,0.203125,0,44,0,b2.5-rho0.7,nbh_k4_n128,neighbourhood,,128,,4,False,False
sel_nbh_k4_n256_privileged,privileged,100,0.41206,82,199,0.0454545,191.371,1.97,377,8328,2.08234,2.082,0.750711,144,422,5.48,6.58,0,28,72,0.388889,30,63,0.47619,24,64,0.375,2,44,0.0454545,b2.5-rho0.7,nbh_k4_n256,neighbourhood,,256,,4,False,False
sel_nbh_k6_n064_privileged,privileged,100,0.0954774,19,199,0,64,1.97,126.08,3309.6,0.827743,0.8274,0.750711,162,422,5.48,7.14,0,8,72,0.111111,8,63,0.126984,3,64,0.046875,0,44,0,b2.5-rho0.7,nbh_k6_n064,neighbourhood,,64,,6,False,False
sel_nbh_k6_n128_privileged,privileged,100,0.251256,50,199,0,127.563,1.97,251.3,5814,1.45384,1.4535,0.750711,151,422,5.48,6.78,0,19,72,0.263889,18,63,0.285714,13,64,0.203125,0,44,0,b2.5-rho0.7,nbh_k6_n128,neighbourhood,,128,,6,False,False
sel_nbh_k6_n256_privileged,privileged,100,0.41206,82,199,0.0454545,191.772,1.97,377.79,8343.8,2.08629,2.08595,0.750711,144,422,5.48,6.59,0,28,72,0.388889,30,63,0.47619,24,64,0.375,2,44,0.0454545,b2.5-rho0.7,nbh_k6_n256,neighbourhood,,256,,6,False,False
oracle_escalation_privileged,privileged,100,0.522613,104,199,0.522727,5.12346,2.43,12.45,1221,0.305593,0.30525,0.750711,131,422,5.48,5.13,0,38,72,0.527778,34,63,0.539683,32,64,0.5,23,44,0.522727,b2.5-rho0.7,oracle_escalation_privileged,reference,,,,,False,False
never_escalate,comparison,100,0,0,199,0,,0,0,0,0.000343333,0,0.750711,165,422,5.48,5.72,0,0,72,0,0,63,0,0,64,0,0,44,0,b2.5-rho0.7,never_escalate,reference,,,,,False,False
oracle_selection_context_d16_privileged,privileged,100,0.442211,88,199,0.113636,5.27919,1.97,10.4,996,0.249343,0.249,0.750711,139,422,5.48,6.6,0,27,72,0.375,31,63,0.492063,30,64,0.46875,5,44,0.113636,b2.5-rho0.7,oracle_selection_context_d16_privileged,reference,,,,,False,False
sel_rung_privileged,privileged,100,0.527638,105,199,0.113636,45.1015,1.97,88.85,2565,0.641593,0.64125,0.750711,140,422,5.48,6.32,0,48,72,0.666667,28,63,0.444444,29,64,0.453125,5,44,0.113636,b5-rho0,rung,rung,,,,,True,True
sel_win_w05_n008_privileged,privileged,100,0.0251256,5,199,0,8,1.97,15.76,1103.2,0.276143,0.2758,0.750711,162,422,5.48,7.37,0,2,72,0.0277778,3,63,0.047619,0,64,0,0,44,0,b5-rho0,win_w05_n008,window,5,8,,,True,True
sel_win_w05_n016_privileged,privileged,100,0.0351759,7,199,0,16,1.97,31.52,1418.4,0.354943,0.3546,0.750711,163,422,5.48,7.26,0,3,72,0.0416667,4,63,0.0634921,0,64,0,0,44,0,b5-rho0,win_w05_n016,window,5,16,,,True,True
sel_win_w05_n032_privileged,privileged,100,0.105528,21,199,0,31.6497,1.97,62.35,2035,0.509093,0.50875,0.750711,156,422,5.48,7.24,0,8,72,0.111111,10,63,0.15873,3,64,0.046875,0,44,0,b5-rho0,win_w05_n032,window,5,32,,,True,True
sel_win_w05_n064_privileged,privileged,100,0.18593,37,199,0,42.9188,1.97,84.55,2479,0.620093,0.61975,0.750711,152,422,5.48,7.06,0,15,72,0.208333,14,63,0.222222,8,64,0.125,0,44,0,b5-rho0,win_w05_n064,window,5,64,,,True,True
sel_win_w05_n128_privileged,privileged,100,0.18593,37,199,0,43.1015,1.97,84.91,2486.2,0.621893,0.62155,0.750711,152,422,5.48,7.08,0,14,72,0.194444,14,63,0.222222,9,64,0.140625,0,44,0,b5-rho0,win_w05_n128,window,5,128,,,False,False
sel_win_w05_n256_privileged,privileged,100,0.18593,37,199,0,43.1015,1.97,84.91,2486.2,0.621893,0.62155,0.750711,152,422,5.48,7.08,0,14,72,0.194444,14,63,0.222222,9,64,0.140625,0,44,0,b5-rho0,win_w05_n256,window,5,256,,,False,False
sel_win_w05_n512_privileged,privileged,100,0.18593,37,199,0,43.1015,1.97,84.91,2486.2,0.621893,0.62155,0.750711,152,422,5.48,7.08,0,14,72,0.194444,14,63,0.222222,9,64,0.140625,0,44,0,b5-rho0,win_w05_n512,window,5,512,,,False,False
sel_win_w10_n008_privileged,privileged,100,0.0251256,5,199,0,8,1.97,15.76,1103.2,0.276143,0.2758,0.750711,162,422,5.48,7.37,0,2,72,0.0277778,3,63,0.047619,0,64,0,0,44,0,b5-rho0,win_w10_n008,window,10,8,,,False,False
sel_win_w10_n016_privileged,privileged,100,0.0351759,7,199,0,16,1.97,31.52,1418.4,0.354943,0.3546,0.750711,163,422,5.48,7.26,0,3,72,0.0416667,4,63,0.0634921,0,64,0,0,44,0,b5-rho0,win_w10_n016,window,10,16,,,False,False
sel_win_w10_n032_privileged,privileged,100,0.105528,21,199,0,32,1.97,63.04,2048.8,0.512543,0.5122,0.750711,156,422,5.48,7.2,0,8,72,0.111111,10,63,0.15873,3,64,0.046875,0,44,0,b5-rho0,win_w10_n032,window,10,32,,,False,False
sel_win_w10_n064_privileged,privileged,100,0.306533,61,199,0,63.6497,1.97,125.39,3295.8,0.824293,0.82395,0.750711,152,422,5.48,6.78,0,23,72,0.319444,27,63,0.428571,11,64,0.171875,0,44,0,b5-rho0,win_w10_n064,window,10,64,,,True,True
sel_win_w10_n128_privileged,privileged,100,0.492462,98,199,0,86.7208,1.97,170.84,4204.8,1.05154,1.0512,0.750711,139,422,5.48,6.59,0,34,72,0.472222,41,63,0.650794,23,64,0.359375,0,44,0,b5-rho0,win_w10_n128,window,10,128,,,True,True
sel_win_w10_n256_privileged,privileged,100,0.492462,98,199,0,86.7868,1.97,170.97,4207.4,1.05219,1.05185,0.750711,139,422,5.48,6.59,0,34,72,0.472222,41,63,0.650794,23,64,0.359375,0,44,0,b5-rho0,win_w10_n256,window,10,256,,,False,False
sel_win_w10_n512_privileged,privileged,100,0.492462,98,199,0,86.7868,1.97,170.97,4207.4,1.05219,1.05185,0.750711,139,422,5.48,6.59,0,34,72,0.472222,41,63,0.650794,23,64,0.359375,0,44,0,b5-rho0,win_w10_n512,window,10,512,,,False,False
sel_win_w20_n008_privileged,privileged,100,0.0251256,5,199,0,8,1.97,15.76,1103.2,0.276143,0.2758,0.750711,162,422,5.48,7.37,0,2,72,0.0277778,3,63,0.047619,0,64,0,0,44,0,b5-rho0,win_w20_n008,window,20,8,,,False,False
sel_win_w20_n016_privileged,privileged,100,0.0351759,7,199,0,16,1.97,31.52,1418.4,0.354943,0.3546,0.750711,163,422,5.48,7.26,0,3,72,0.0416667,4,63,0.0634921,0,64,0,0,44,0,b5-rho0,win_w20_n016,window,20,16,,,False,False
sel_win_w20_n032_privileged,privileged,100,0.105528,21,199,0,32,1.97,63.04,2048.8,0.512543,0.5122,0.750711,156,422,5.48,7.2,0,8,72,0.111111,10,63,0.15873,3,64,0.046875,0,44,0,b5-rho0,win_w20_n032,window,20,32,,,False,False
sel_win_w20_n064_privileged,privileged,100,0.311558,62,199,0,64,1.97,126.08,3309.6,0.827743,0.8274,0.750711,151,422,5.48,6.78,0,23,72,0.319444,27,63,0.428571,12,64,0.1875,0,44,0,b5-rho0,win_w20_n064,window,20,64,,,True,True
sel_win_w20_n128_privileged,privileged,100,0.663317,132,199,0.0227273,127.635,1.97,251.44,5816.8,1.45454,1.4542,0.750711,127,422,5.48,6.19,0,44,72,0.611111,46,63,0.730159,42,64,0.65625,1,44,0.0227273,b5-rho0,win_w20_n128,window,20,128,,,True,True
sel_win_w20_n256_privileged,privileged,100,0.728643,145,199,0.0681818,176.091,1.97,346.9,7726,1.93184,1.9315,0.750711,122,422,5.48,6.08,0,52,72,0.722222,49,63,0.777778,44,64,0.6875,3,44,0.0681818,b5-rho0,win_w20_n256,window,20,256,,,True,True
sel_win_w20_n512_privileged,privileged,100,0.728643,145,199,0.0681818,176.112,1.97,346.94,7726.8,1.93204,1.9317,0.750711,122,422,5.48,6.08,0,52,72,0.722222,49,63,0.777778,44,64,0.6875,3,44,0.0681818,b5-rho0,win_w20_n512,window,20,512,,,False,False
sel_win_w40_n008_privileged,privileged,100,0.0251256,5,199,0,8,1.97,15.76,1103.2,0.276143,0.2758,0.750711,162,422,5.48,7.37,0,2,72,0.0277778,3,63,0.047619,0,64,0,0,44,0,b5-rho0,win_w40_n008,window,40,8,,,False,False
sel_win_w40_n016_privileged,privileged,100,0.0351759,7,199,0,16,1.97,31.52,1418.4,0.354943,0.3546,0.750711,163,422,5.48,7.26,0,3,72,0.0416667,4,63,0.0634921,0,64,0,0,44,0,b5-rho0,win_w40_n016,window,40,16,,,False,False
sel_win_w40_n032_privileged,privileged,100,0.105528,21,199,0,32,1.97,63.04,2048.8,0.512543,0.5122,0.750711,156,422,5.48,7.2,0,8,72,0.111111,10,63,0.15873,3,64,0.046875,0,44,0,b5-rho0,win_w40_n032,window,40,32,,,False,False
sel_win_w40_n064_privileged,privileged,100,0.311558,62,199,0,64,1.97,126.08,3309.6,0.827743,0.8274,0.750711,151,422,5.48,6.78,0,23,72,0.319444,27,63,0.428571,12,64,0.1875,0,44,0,b5-rho0,win_w40_n064,window,40,64,,,False,False
sel_win_w40_n128_privileged,privileged,100,0.668342,133,199,0.0227273,127.939,1.97,252.04,5828.8,1.45754,1.4572,0.750711,127,422,5.48,6.18,0,44,72,0.611111,47,63,0.746032,42,64,0.65625,1,44,0.0227273,b5-rho0,win_w40_n128,window,40,128,,,True,True
sel_win_w40_n256_privileged,privileged,100,0.753769,150,199,0.181818,250.751,1.97,493.98,10667.6,2.66724,2.6669,0.750711,120,422,5.48,5.95,0,48,72,0.666667,50,63,0.793651,52,64,0.8125,8,44,0.181818,b5-rho0,win_w40_n256,window,40,256,,,True,True
sel_win_w40_n512_privileged,privileged,100,0.78392,156,199,0.25,322.782,1.97,635.88,13505.6,3.37674,3.3764,0.750711,121,422,5.48,5.83,0,48,72,0.666667,53,63,0.84127,55,64,0.859375,11,44,0.25,b5-rho0,win_w40_n512,window,40,512,,,True,True
sel_win_w80_n008_privileged,privileged,100,0.0251256,5,199,0,8,1.97,15.76,1103.2,0.276143,0.2758,0.750711,162,422,5.48,7.37,0,2,72,0.0277778,3,63,0.047619,0,64,0,0,44,0,b5-rho0,win_w80_n008,window,80,8,,,False,False
sel_win_w80_n016_privileged,privileged,100,0.0351759,7,199,0,16,1.97,31.52,1418.4,0.354943,0.3546,0.750711,163,422,5.48,7.26,0,3,72,0.0416667,4,63,0.0634921,0,64,0,0,44,0,b5-rho0,win_w80_n016,window,80,16,,,False,False
sel_win_w80_n032_privileged,privileged,100,0.105528,21,199,0,32,1.97,63.04,2048.8,0.512543,0.5122,0.750711,156,422,5.48,7.2,0,8,72,0.111111,10,63,0.15873,3,64,0.046875,0,44,0,b5-rho0,win_w80_n032,window,80,32,,,False,False
sel_win_w80_n064_privileged,privileged,100,0.311558,62,199,0,64,1.97,126.08,3309.6,0.827743,0.8274,0.750711,151,422,5.48,6.78,0,23,72,0.319444,27,63,0.428571,12,64,0.1875,0,44,0,b5-rho0,win_w80_n064,window,80,64,,,False,False
sel_win_w80_n128_privileged,privileged,100,0.668342,133,199,0.0227273,127.939,1.97,252.04,5828.8,1.45754,1.4572,0.750711,127,422,5.48,6.18,0,44,72,0.611111,47,63,0.746032,42,64,0.65625,1,44,0.0227273,b5-rho0,win_w80_n128,window,80,128,,,False,False
sel_win_w80_n256_privileged,privileged,100,0.753769,150,199,0.181818,251.787,1.97,496.02,10708.4,2.67744,2.6771,0.750711,121,422,5.48,5.95,0,48,72,0.666667,49,63,0.777778,53,64,0.828125,8,44,0.181818,b5-rho0,win_w80_n256,window,80,256,,,False,False
sel_win_w80_n512_privileged,privileged,100,0.778894,155,199,0.25,485.087,1.96,950.77,19799.4,4.95019,4.94985,0.750711,123,422,5.48,5.83,1,52,72,0.722222,53,63,0.84127,50,64,0.78125,11,44,0.25,b5-rho0,win_w80_n512,window,80,512,,,False,False
sel_coc_d00250_n064_privileged,privileged,100,0.532663,106,199,0.113636,54.1421,1.97,106.66,2921.2,0.730643,0.7303,0.750711,133,422,5.48,6.38,0,43,72,0.597222,31,63,0.492063,32,64,0.5,5,44,0.113636,b5-rho0,coc_d00250_n064,cooccur,,64,250,,True,True
sel_coc_d00250_n128_privileged,privileged,100,0.613065,122,199,0.113636,65.6244,1.97,129.28,3373.6,0.843743,0.8434,0.750711,132,422,5.48,6.24,0,49,72,0.680556,35,63,0.555556,38,64,0.59375,5,44,0.113636,b5-rho0,coc_d00250_n128,cooccur,,128,250,,True,True
sel_coc_d00250_n256_privileged,privileged,100,0.60804,121,199,0.113636,67.1675,1.97,132.32,3434.4,0.858943,0.8586,0.750711,132,422,5.48,6.26,0,48,72,0.666667,35,63,0.555556,38,64,0.59375,5,44,0.113636,b5-rho0,coc_d00250_n256,cooccur,,256,250,,False,False
sel_coc_d00500_n064_privileged,privileged,100,0.542714,108,199,0.113636,56.4061,1.97,111.12,3010.4,0.752943,0.7526,0.750711,133,422,5.48,6.35,0,43,72,0.597222,33,63,0.52381,32,64,0.5,5,44,0.113636,b5-rho0,coc_d00500_n064,cooccur,,64,500,,True,True
sel_coc_d00500_n128_privileged,privileged,100,0.61809,123,199,0.113636,72.0051,1.97,141.85,3625,0.906593,0.90625,0.750711,132,422,5.48,6.22,0,50,72,0.694444,35,63,0.555556,38,64,0.59375,5,44,0.113636,b5-rho0,coc_d00500_n128,cooccur,,128,500,,True,True
sel_coc_d00500_n256_privileged,privileged,100,0.633166,126,199,0.113636,74.5025,1.97,146.77,3723.4,0.931193,0.93085,0.750711,130,422,5.48,6.2,0,50,72,0.694444,36,63,0.571429,40,64,0.625,5,44,0.113636,b5-rho0,coc_d00500_n256,cooccur,,256,500,,True,True
sel_coc_d01000_n064_privileged,privileged,100,0.492462,98,199,0.0909091,59.5635,1.97,117.34,3134.8,0.784043,0.7837,0.750711,137,422,5.48,6.47,0,38,72,0.527778,33,63,0.52381,27,64,0.421875,4,44,0.0909091,b5-rho0,coc_d01000_n064,cooccur,,64,1000,,False,False
sel_coc_d01000_n128_privileged,privileged,100,0.623116,124,199,0.113636,83.7056,1.97,164.9,4086,1.02184,1.0215,0.750711,130,422,5.48,6.19,0,49,72,0.680556,37,63,0.587302,38,64,0.59375,5,44,0.113636,b5-rho0,coc_d01000_n128,cooccur,,128,1000,,False,False
sel_coc_d01000_n256_privileged,privileged,100,0.643216,128,199,0.113636,88.4315,1.97,174.21,4272.2,1.06839,1.06805,0.750711,130,422,5.48,6.17,0,49,72,0.680556,37,63,0.587302,42,64,0.65625,5,44,0.113636,b5-rho0,coc_d01000_n256,cooccur,,256,1000,,True,True
sel_coc_d02000_n064_privileged,privileged,100,0.366834,73,199,0.0227273,63.1421,1.97,124.39,3275.8,0.819293,0.81895,0.750711,142,422,5.48,6.66,0,26,72,0.361111,28,63,0.444444,19,64,0.296875,1,44,0.0227273,b5-rho0,coc_d02000_n064,cooccur,,64,2000,,False,False
sel_coc_d02000_n128_privileged,privileged,100,0.623116,124,199,0.0909091,104.736,1.97,206.33,4914.6,1.22899,1.22865,0.750711,130,422,5.48,6.21,0,48,72,0.666667,37,63,0.587302,39,64,0.609375,4,44,0.0909091,b5-rho0,coc_d02000_n128,cooccur,,128,2000,,False,False
sel_coc_d02000_n256_privileged,privileged,100,0.668342,133,199,0.0909091,117.619,1.97,231.71,5422.2,1.35589,1.35555,0.750711,126,422,5.48,6.13,0,51,72,0.708333,41,63,0.650794,41,64,0.640625,4,44,0.0909091,b5-rho0,coc_d02000_n256,cooccur,,256,2000,,True,True
sel_coc_d04000_n064_privileged,privileged,100,0.261307,52,199,0.0454545,63.9695,1.97,126.02,3308.4,0.827443,0.8271,0.750711,151,422,5.48,6.78,0,20,72,0.277778,21,63,0.333333,11,64,0.171875,2,44,0.0454545,b5-rho0,coc_d04000_n064,cooccur,,64,4000,,False,False
sel_coc_d04000_n128_privileged,privileged,100,0.603015,120,199,0.0681818,120.325,1.97,237.04,5528.8,1.38254,1.3822,0.750711,131,422,5.48,6.18,0,47,72,0.652778,42,63,0.666667,31,64,0.484375,3,44,0.0681818,b5-rho0,coc_d04000_n128,cooccur,,128,4000,,False,False
sel_coc_d04000_n256_privileged,privileged,100,0.698492,139,199,0.113636,151.584,1.97,298.62,6760.4,1.69044,1.6901,0.750711,122,422,5.48,6.04,0,49,72,0.680556,47,63,0.746032,43,64,0.671875,5,44,0.113636,b5-rho0,coc_d04000_n256,cooccur,,256,4000,,True,True
sel_coc_d08000_n064_privileged,privileged,100,0.221106,44,199,0.0227273,64,1.97,126.08,3309.6,0.827743,0.8274,0.750711,151,422,5.48,6.87,0,11,72,0.152778,21,63,0.333333,12,64,0.1875,1,44,0.0227273,b5-rho0,coc_d08000_n064,cooccur,,64,8000,,False,False
sel_coc_d08000_n128_privileged,privileged,100,0.532663,106,199,0.0227273,126.619,1.97,249.44,5776.8,1.44454,1.4442,0.750711,132,422,5.48,6.33,0,36,72,0.5,42,63,0.666667,28,64,0.4375,1,44,0.0227273,b5-rho0,coc_d08000_n128,cooccur,,128,8000,,False,False
sel_coc_d08000_n256_privileged,privileged,100,0.738693,147,199,0.113636,181.107,1.97,356.78,7923.6,1.98124,1.9809,0.750711,122,422,5.48,5.98,0,50,72,0.694444,48,63,0.761905,49,64,0.765625,5,44,0.113636,b5-rho0,coc_d08000_n256,cooccur,,256,8000,,True,True
sel_coc_d16000_n064_privileged,privileged,100,0.18593,37,199,0.0227273,64,1.97,126.08,3309.6,0.827743,0.8274,0.750711,153,422,5.48,6.99,0,11,72,0.152778,16,63,0.253968,10,64,0.15625,1,44,0.0227273,b5-rho0,coc_d16000_n064,cooccur,,64,16000,,False,False
sel_coc_d16000_n128_privileged,privileged,100,0.522613,104,199,0.0454545,127.553,1.97,251.28,5813.6,1.45374,1.4534,0.750711,134,422,5.48,6.31,0,38,72,0.527778,42,63,0.666667,24,64,0.375,2,44,0.0454545,b5-rho0,coc_d16000_n128,cooccur,,128,16000,,False,False
sel_coc_d16000_n256_privileged,privileged,100,0.773869,154,199,0.113636,190.726,1.97,375.73,8302.6,2.07599,2.07565,0.750711,119,422,5.48,5.92,0,51,72,0.708333,52,63,0.825397,51,64,0.796875,5,44,0.113636,b5-rho0,coc_d16000_n256,cooccur,,256,16000,,True,True
sel_nbh_k0_n064_privileged,privileged,100,0.477387,95,199,0.113636,35.0914,1.97,69.13,2170.6,0.542993,0.54265,0.750711,141,422,5.48,6.32,0,43,72,0.597222,26,63,0.412698,26,64,0.40625,5,44,0.113636,b5-rho0,nbh_k0_n064,neighbourhood,,64,,0,True,True
sel_nbh_k0_n128_privileged,privileged,100,0.487437,97,199,0.113636,35.4264,1.97,69.79,2183.8,0.546293,0.54595,0.750711,141,422,5.48,6.3,0,44,72,0.611111,26,63,0.412698,27,64,0.421875,5,44,0.113636,b5-rho0,nbh_k0_n128,neighbourhood,,128,,0,True,True
sel_nbh_k0_n256_privileged,privileged,100,0.487437,97,199,0.113636,35.4264,1.97,69.79,2183.8,0.546293,0.54595,0.750711,141,422,5.48,6.3,0,44,72,0.611111,26,63,0.412698,27,64,0.421875,5,44,0.113636,b5-rho0,nbh_k0_n256,neighbourhood,,256,,0,False,False
sel_nbh_k1_n064_privileged,privileged,100,0.417085,83,199,0.0454545,62.0914,1.97,122.32,3234.4,0.808943,0.8086,0.750711,142,422,5.48,6.64,0,41,72,0.569444,19,63,0.301587,23,64,0.359375,2,44,0.0454545,b5-rho0,nbh_k1_n064,neighbourhood,,64,,1,False,False
sel_nbh_k1_n128_privileged,privileged,100,0.562814,112,199,0.0909091,88.0761,1.97,173.51,4258.2,1.06489,1.06455,0.750711,132,422,5.48,6.3,0,49,72,0.680556,27,63,0.428571,36,64,0.5625,4,44,0.0909091,b5-rho0,nbh_k1_n128,neighbourhood,,128,,1,True,True
sel_nbh_k1_n256_privileged,privileged,100,0.577889,115,199,0.0909091,92.3909,1.97,182.01,4428.2,1.10739,1.10705,0.750711,131,422,5.48,6.25,0,50,72,0.694444,28,63,0.444444,37,64,0.578125,4,44,0.0909091,b5-rho0,nbh_k1_n256,neighbourhood,,256,,1,True,True
sel_nbh_k2_n064_privileged,privileged,100,0.190955,38,199,0.0227273,64,1.97,126.08,3309.6,0.827743,0.8274,0.750711,152,422,5.48,6.99,0,14,72,0.194444,15,63,0.238095,9,64,0.140625,1,44,0.0227273,b5-rho0,nbh_k2_n064,neighbourhood,,64,,2,False,False
sel_nbh_k2_n128_privileged,privileged,100,0.507538,101,199,0.0681818,123.944,1.97,244.17,5671.4,1.41819,1.41785,0.750711,132,422,5.48,6.4,0,42,72,0.583333,35,63,0.555556,24,64,0.375,3,44,0.0681818,b5-rho0,nbh_k2_n128,neighbourhood,,128,,2,False,False
sel_nbh_k2_n256_privileged,privileged,100,0.678392,135,199,0.0681818,164.716,1.97,324.49,7277.8,1.81979,1.81945,0.750711,124,422,5.48,6.12,0,51,72,0.708333,46,63,0.730159,38,64,0.59375,3,44,0.0681818,b5-rho0,nbh_k2_n256,neighbourhood,,256,,2,True,True
sel_nbh_k3_n064_privileged,privileged,100,0.20603,41,199,0.0227273,64,1.97,126.08,3309.6,0.827743,0.8274,0.750711,153,422,5.48,6.96,0,12,72,0.166667,18,63,0.285714,11,64,0.171875,1,44,0.0227273,b5-rho0,nbh_k3_n064,neighbourhood,,64,,3,False,False
sel_nbh_k3_n128_privileged,privileged,100,0.527638,105,199,0.0681818,127.467,1.97,251.11,5810.2,1.45289,1.45255,0.750711,132,422,5.48,6.32,0,38,72,0.527778,43,63,0.68254,24,64,0.375,3,44,0.0681818,b5-rho0,nbh_k3_n128,neighbourhood,,128,,3,False,False
sel_nbh_k3_n256_privileged,privileged,100,0.773869,154,199,0.113636,188.025,1.97,370.41,8196.2,2.04939,2.04905,0.750711,119,422,5.48,5.91,0,51,72,0.708333,52,63,0.825397,51,64,0.796875,5,44,0.113636,b5-rho0,nbh_k3_n256,neighbourhood,,256,,3,True,True
sel_nbh_k4_n064_privileged,privileged,100,0.19598,39,199,0.0227273,64,1.97,126.08,3309.6,0.827743,0.8274,0.750711,152,422,5.48,6.95,0,11,72,0.152778,17,63,0.269841,11,64,0.171875,1,44,0.0227273,b5-rho0,nbh_k4_n064,neighbourhood,,64,,4,False,False
sel_nbh_k4_n128_privileged,privileged,100,0.522613,104,199,0.0681818,127.563,1.97,251.3,5814,1.45384,1.4535,0.750711,132,422,5.48,6.32,0,39,72,0.541667,42,63,0.666667,23,64,0.359375,3,44,0.0681818,b5-rho0,nbh_k4_n128,neighbourhood,,128,,4,False,False
sel_nbh_k4_n256_privileged,privileged,100,0.773869,154,199,0.0909091,191.371,1.97,377,8328,2.08234,2.082,0.750711,120,422,5.48,5.93,0,51,72,0.708333,52,63,0.825397,51,64,0.796875,4,44,0.0909091,b5-rho0,nbh_k4_n256,neighbourhood,,256,,4,False,False
sel_nbh_k6_n064_privileged,privileged,100,0.19598,39,199,0.0227273,64,1.97,126.08,3309.6,0.827743,0.8274,0.750711,152,422,5.48,6.94,0,11,72,0.152778,17,63,0.269841,11,64,0.171875,1,44,0.0227273,b5-rho0,nbh_k6_n064,neighbourhood,,64,,6,False,False
sel_nbh_k6_n128_privileged,privileged,100,0.522613,104,199,0.0454545,127.563,1.97,251.3,5814,1.45384,1.4535,0.750711,133,422,5.48,6.33,0,39,72,0.541667,42,63,0.666667,23,64,0.359375,2,44,0.0454545,b5-rho0,nbh_k6_n128,neighbourhood,,128,,6,False,False
sel_nbh_k6_n256_privileged,privileged,100,0.773869,154,199,0.113636,191.772,1.97,377.79,8343.8,2.08629,2.08595,0.750711,119,422,5.48,5.92,0,51,72,0.708333,52,63,0.825397,51,64,0.796875,5,44,0.113636,b5-rho0,nbh_k6_n256,neighbourhood,,256,,6,False,False
oracle_escalation_privileged,privileged,100,0.919598,183,199,0.886364,5.12346,2.43,12.45,1221,0.305593,0.30525,0.750711,101,422,5.48,4.18,0,64,72,0.888889,59,63,0.936508,60,64,0.9375,39,44,0.886364,b5-rho0,oracle_escalation_privileged,reference,,,,,False,False
never_escalate,comparison,100,0,0,199,0,,0,0,0,0.000343333,0,0.750711,165,422,5.48,5.72,0,0,72,0,0,63,0,0,64,0,0,44,0,b5-rho0,never_escalate,reference,,,,,False,False
oracle_selection_context_d16_privileged,privileged,100,0.758794,151,199,0.25,5.27919,1.97,10.4,996,0.249343,0.249,0.750711,123,422,5.48,5.89,0,48,72,0.666667,50,63,0.793651,53,64,0.828125,11,44,0.25,b5-rho0,oracle_selection_context_d16_privileged,reference,,,,,False,False
sel_rung_privileged,privileged,100,0.482412,96,199,0.113636,45.1015,1.97,88.85,2565,0.641593,0.64125,0.750711,140,422,5.48,6.39,0,49,72,0.680556,25,63,0.396825,22,64,0.34375,5,44,0.113636,b5-rho0.7,rung,rung,,,,,True,True
sel_win_w05_n008_privileged,privileged,100,0.0150754,3,199,0,8,1.97,15.76,1103.2,0.276143,0.2758,0.750711,164,422,5.48,7.38,0,0,72,0,3,63,0.047619,0,64,0,0,44,0,b5-rho0.7,win_w05_n008,window,5,8,,,True,True
sel_win_w05_n016_privileged,privileged,100,0.040201,8,199,0,16,1.97,31.52,1418.4,0.354943,0.3546,0.750711,163,422,5.48,7.25,0,2,72,0.0277778,4,63,0.0634921,2,64,0.03125,0,44,0,b5-rho0.7,win_w05_n016,window,5,16,,,True,True
sel_win_w05_n032_privileged,privileged,100,0.115578,23,199,0,31.6497,1.97,62.35,2035,0.509093,0.50875,0.750711,159,422,5.48,7.21,0,11,72,0.152778,9,63,0.142857,3,64,0.046875,0,44,0,b5-rho0.7,win_w05_n032,window,5,32,,,True,True
sel_win_w05_n064_privileged,privileged,100,0.190955,38,199,0,42.9188,1.97,84.55,2479,0.620093,0.61975,0.750711,155,422,5.48,7.06,0,17,72,0.236111,15,63,0.238095,6,64,0.09375,0,44,0,b5-rho0.7,win_w05_n064,window,5,64,,,True,True
sel_win_w05_n128_privileged,privileged,100,0.180905,36,199,0,43.1015,1.97,84.91,2486.2,0.621893,0.62155,0.750711,155,422,5.48,7.09,0,15,72,0.208333,15,63,0.238095,6,64,0.09375,0,44,0,b5-rho0.7,win_w05_n128,window,5,128,,,False,False
sel_win_w05_n256_privileged,privileged,100,0.180905,36,199,0,43.1015,1.97,84.91,2486.2,0.621893,0.62155,0.750711,155,422,5.48,7.09,0,15,72,0.208333,15,63,0.238095,6,64,0.09375,0,44,0,b5-rho0.7,win_w05_n256,window,5,256,,,False,False
sel_win_w05_n512_privileged,privileged,100,0.180905,36,199,0,43.1015,1.97,84.91,2486.2,0.621893,0.62155,0.750711,155,422,5.48,7.09,0,15,72,0.208333,15,63,0.238095,6,64,0.09375,0,44,0,b5-rho0.7,win_w05_n512,window,5,512,,,False,False
sel_win_w10_n008_privileged,privileged,100,0.0150754,3,199,0,8,1.97,15.76,1103.2,0.276143,0.2758,0.750711,164,422,5.48,7.38,0,0,72,0,3,63,0.047619,0,64,0,0,44,0,b5-rho0.7,win_w10_n008,window,10,8,,,False,False
sel_win_w10_n016_privileged,privileged,100,0.040201,8,199,0,16,1.97,31.52,1418.4,0.354943,0.3546,0.750711,163,422,5.48,7.25,0,2,72,0.0277778,4,63,0.0634921,2,64,0.03125,0,44,0,b5-rho0.7,win_w10_n016,window,10,16,,,False,False
sel_win_w10_n032_privileged,privileged,100,0.110553,22,199,0,32,1.97,63.04,2048.8,0.512543,0.5122,0.750711,159,422,5.48,7.18,0,11,72,0.152778,8,63,0.126984,3,64,0.046875,0,44,0,b5-rho0.7,win_w10_n032,window,10,32,,,False,False
sel_win_w10_n064_privileged,privileged,100,0.341709,68,199,0,63.6497,1.97,125.39,3295.8,0.824293,0.82395,0.750711,150,422,5.48,6.72,0,25,72,0.347222,27,63,0.428571,16,64,0.25,0,44,0,b5-rho0.7,win_w10_n064,window,10,64,,,True,True
sel_win_w10_n128_privileged,privileged,100,0.502513,100,199,0,86.7208,1.97,170.84,4204.8,1.05154,1.0512,0.750711,138,422,5.48,6.54,0,37,72,0.513889,37,63,0.587302,26,64,0.40625,0,44,0,b5-rho0.7,win_w10_n128,window,10,128,,,True,True
sel_win_w10_n256_privileged,privileged,100,0.502513,100,199,0,86.7868,1.97,170.97,4207.4,1.05219,1.05185,0.750711,138,422,5.48,6.54,0,37,72,0.513889,37,63,0.587302,26,64,0.40625,0,44,0,b5-rho0.7,win_w10_n256,window,10,256,,,False,False
sel_win_w10_n512_privileged,privileged,100,0.502513,100,199,0,86.7868,1.97,170.97,4207.4,1.05219,1.05185,0.750711,138,422,5.48,6.54,0,37,72,0.513889,37,63,0.587302,26,64,0.40625,0,44,0,b5-rho0.7,win_w10_n512,window,10,512,,,False,False
sel_win_w20_n008_privileged,privileged,100,0.0150754,3,199,0,8,1.97,15.76,1103.2,0.276143,0.2758,0.750711,164,422,5.48,7.38,0,0,72,0,3,63,0.047619,0,64,0,0,44,0,b5-rho0.7,win_w20_n008,window,20,8,,,False,False
sel_win_w20_n016_privileged,privileged,100,0.040201,8,199,0,16,1.97,31.52,1418.4,0.354943,0.3546,0.750711,163,422,5.48,7.25,0,2,72,0.0277778,4,63,0.0634921,2,64,0.03125,0,44,0,b5-rho0.7,win_w20_n016,window,20,16,,,False,False
sel_win_w20_n032_privileged,privileged,100,0.110553,22,199,0,32,1.97,63.04,2048.8,0.512543,0.5122,0.750711,159,422,5.48,7.18,0,11,72,0.152778,8,63,0.126984,3,64,0.046875,0,44,0,b5-rho0.7,win_w20_n032,window,20,32,,,False,False
sel_win_w20_n064_privileged,privileged,100,0.341709,68,199,0,64,1.97,126.08,3309.6,0.827743,0.8274,0.750711,150,422,5.48,6.73,0,25,72,0.347222,26,63,0.412698,17,64,0.265625,0,44,0,b5-rho0.7,win_w20_n064,window,20,64,,,False,False
sel_win_w20_n128_privileged,privileged,100,0.678392,135,199,0,127.635,1.97,251.44,5816.8,1.45454,1.4542,0.750711,126,422,5.48,6.16,0,49,72,0.680556,47,63,0.746032,39,64,0.609375,0,44,0,b5-rho0.7,win_w20_n128,window,20,128,,,True,True
sel_win_w20_n256_privileged,privileged,100,0.713568,142,199,0.0909091,176.091,1.97,346.9,7726,1.93184,1.9315,0.750711,127,422,5.48,6.09,0,48,72,0.666667,49,63,0.777778,45,64,0.703125,4,44,0.0909091,b5-rho0.7,win_w20_n256,window,20,256,,,True,True
sel_win_w20_n512_privileged,privileged,100,0.713568,142,199,0.0909091,176.112,1.97,346.94,7726.8,1.93204,1.9317,0.750711,127,422,5.48,6.09,0,48,72,0.666667,49,63,0.777778,45,64,0.703125,4,44,0.0909091,b5-rho0.7,win_w20_n512,window,20,512,,,False,False
sel_win_w40_n008_privileged,privileged,100,0.0150754,3,199,0,8,1.97,15.76,1103.2,0.276143,0.2758,0.750711,164,422,5.48,7.38,0,0,72,0,3,63,0.047619,0,64,0,0,44,0,b5-rho0.7,win_w40_n008,window,40,8,,,False,False
sel_win_w40_n016_privileged,privileged,100,0.040201,8,199,0,16,1.97,31.52,1418.4,0.354943,0.3546,0.750711,163,422,5.48,7.25,0,2,72,0.0277778,4,63,0.0634921,2,64,0.03125,0,44,0,b5-rho0.7,win_w40_n016,window,40,16,,,False,False
sel_win_w40_n032_privileged,privileged,100,0.110553,22,199,0,32,1.97,63.04,2048.8,0.512543,0.5122,0.750711,159,422,5.48,7.18,0,11,72,0.152778,8,63,0.126984,3,64,0.046875,0,44,0,b5-rho0.7,win_w40_n032,window,40,32,,,False,False
sel_win_w40_n064_privileged,privileged,100,0.341709,68,199,0,64,1.97,126.08,3309.6,0.827743,0.8274,0.750711,150,422,5.48,6.73,0,25,72,0.347222,26,63,0.412698,17,64,0.265625,0,44,0,b5-rho0.7,win_w40_n064,window,40,64,,,False,False
sel_win_w40_n128_privileged,privileged,100,0.678392,135,199,0,127.939,1.97,252.04,5828.8,1.45754,1.4572,0.750711,126,422,5.48,6.17,0,49,72,0.680556,47,63,0.746032,39,64,0.609375,0,44,0,b5-rho0.7,win_w40_n128,window,40,128,,,False,False
sel_win_w40_n256_privileged,privileged,100,0.758794,151,199,0.159091,250.751,1.97,493.98,10667.6,2.66724,2.6669,0.750711,122,422,5.48,5.95,0,48,72,0.666667,50,63,0.793651,53,64,0.828125,7,44,0.159091,b5-rho0.7,win_w40_n256,window,40,256,,,True,True
sel_win_w40_n512_privileged,privileged,100,0.758794,151,199,0.227273,322.782,1.97,635.88,13505.6,3.37674,3.3764,0.750711,122,422,5.48,5.88,0,48,72,0.666667,50,63,0.793651,53,64,0.828125,10,44,0.227273,b5-rho0.7,win_w40_n512,window,40,512,,,False,False
sel_win_w80_n008_privileged,privileged,100,0.0150754,3,199,0,8,1.97,15.76,1103.2,0.276143,0.2758,0.750711,164,422,5.48,7.38,0,0,72,0,3,63,0.047619,0,64,0,0,44,0,b5-rho0.7,win_w80_n008,window,80,8,,,False,False
sel_win_w80_n016_privileged,privileged,100,0.040201,8,199,0,16,1.97,31.52,1418.4,0.354943,0.3546,0.750711,163,422,5.48,7.25,0,2,72,0.0277778,4,63,0.0634921,2,64,0.03125,0,44,0,b5-rho0.7,win_w80_n016,window,80,16,,,False,False
sel_win_w80_n032_privileged,privileged,100,0.110553,22,199,0,32,1.97,63.04,2048.8,0.512543,0.5122,0.750711,159,422,5.48,7.18,0,11,72,0.152778,8,63,0.126984,3,64,0.046875,0,44,0,b5-rho0.7,win_w80_n032,window,80,32,,,False,False
sel_win_w80_n064_privileged,privileged,100,0.341709,68,199,0,64,1.97,126.08,3309.6,0.827743,0.8274,0.750711,150,422,5.48,6.73,0,25,72,0.347222,26,63,0.412698,17,64,0.265625,0,44,0,b5-rho0.7,win_w80_n064,window,80,64,,,False,False
sel_win_w80_n128_privileged,privileged,100,0.678392,135,199,0,127.939,1.97,252.04,5828.8,1.45754,1.4572,0.750711,126,422,5.48,6.17,0,49,72,0.680556,47,63,0.746032,39,64,0.609375,0,44,0,b5-rho0.7,win_w80_n128,window,80,128,,,False,False
sel_win_w80_n256_privileged,privileged,100,0.758794,151,199,0.159091,251.787,1.97,496.02,10708.4,2.67744,2.6771,0.750711,122,422,5.48,5.94,0,48,72,0.666667,50,63,0.793651,53,64,0.828125,7,44,0.159091,b5-rho0.7,win_w80_n256,window,80,256,,,False,False
sel_win_w80_n512_privileged,privileged,100,0.778894,155,199,0.227273,485.087,1.96,950.77,19799.4,4.95019,4.94985,0.750711,121,422,5.48,5.82,1,53,72,0.736111,53,63,0.84127,49,64,0.765625,10,44,0.227273,b5-rho0.7,win_w80_n512,window,80,512,,,True,True
sel_coc_d00250_n064_privileged,privileged,100,0.537688,107,199,0.113636,54.1421,1.97,106.66,2921.2,0.730643,0.7303,0.750711,132,422,5.48,6.35,0,42,72,0.583333,31,63,0.492063,34,64,0.53125,5,44,0.113636,b5-rho0.7,coc_d00250_n064,cooccur,,64,250,,True,True
sel_coc_d00250_n128_privileged,privileged,100,0.58794,117,199,0.113636,65.6244,1.97,129.28,3373.6,0.843743,0.8434,0.750711,128,422,5.48,6.28,0,49,72,0.680556,34,63,0.539683,34,64,0.53125,5,44,0.113636,b5-rho0.7,coc_d00250_n128,cooccur,,128,250,,True,True
sel_coc_d00250_n256_privileged,privileged,100,0.592965,118,199,0.113636,67.1675,1.97,132.32,3434.4,0.858943,0.8586,0.750711,128,422,5.48,6.27,0,49,72,0.680556,34,63,0.539683,35,64,0.546875,5,44,0.113636,b5-rho0.7,coc_d00250_n256,cooccur,,256,250,,True,True
sel_coc_d00500_n064_privileged,privileged,100,0.507538,101,199,0.113636,56.4061,1.97,111.12,3010.4,0.752943,0.7526,0.750711,135,422,5.48,6.39,0,41,72,0.569444,30,63,0.47619,30,64,0.46875,5,44,0.113636,b5-rho0.7,coc_d00500_n064,cooccur,,64,500,,False,False
sel_coc_d00500_n128_privileged,privileged,100,0.592965,118,199,0.113636,72.0051,1.97,141.85,3625,0.906593,0.90625,0.750711,129,422,5.48,6.25,0,51,72,0.708333,33,63,0.52381,34,64,0.53125,5,44,0.113636,b5-rho0.7,coc_d00500_n128,cooccur,,128,500,,False,False
sel_coc_d00500_n256_privileged,privileged,100,0.59799,119,199,0.113636,74.5025,1.97,146.77,3723.4,0.931193,0.93085,0.750711,129,422,5.48,6.24,0,51,72,0.708333,33,63,0.52381,35,64,0.546875,5,44,0.113636,b5-rho0.7,coc_d00500_n256,cooccur,,256,500,,True,True
sel_coc_d01000_n064_privileged,privileged,100,0.497487,99,199,0.0909091,59.5635,1.97,117.34,3134.8,0.784043,0.7837,0.750711,136,422,5.48,6.43,0,39,72,0.541667,31,63,0.492063,29,64,0.453125,4,44,0.0909091,b5-rho0.7,coc_d01000_n064,cooccur,,64,1000,,False,False
sel_coc_d01000_n128_privileged,privileged,100,0.61809,123,199,0.0909091,83.7056,1.97,164.9,4086,1.02184,1.0215,0.750711,130,422,5.48,6.2,0,50,72,0.694444,37,63,0.587302,36,64,0.5625,4,44,0.0909091,b5-rho0.7,coc_d01000_n128,cooccur,,128,1000,,True,True
sel_coc_d01000_n256_privileged,privileged,100,0.633166,126,199,0.0909091,88.4315,1.97,174.21,4272.2,1.06839,1.06805,0.750711,130,422,5.48,6.19,0,51,72,0.708333,38,63,0.603175,37,64,0.578125,4,44,0.0909091,b5-rho0.7,coc_d01000_n256,cooccur,,256,1000,,True,True
sel_coc_d02000_n064_privileged,privileged,100,0.386935,77,199,0.0454545,63.1421,1.97,124.39,3275.8,0.819293,0.81895,0.750711,140,422,5.48,6.63,0,28,72,0.388889,28,63,0.444444,21,64,0.328125,2,44,0.0454545,b5-rho0.7,coc_d02000_n064,cooccur,,64,2000,,False,False
sel_coc_d02000_n128_privileged,privileged,100,0.638191,127,199,0.113636,104.736,1.97,206.33,4914.6,1.22899,1.22865,0.750711,129,422,5.48,6.17,0,51,72,0.708333,40,63,0.634921,36,64,0.5625,5,44,0.113636,b5-rho0.7,coc_d02000_n128,cooccur,,128,2000,,True,True
sel_coc_d02000_n256_privileged,privileged,100,0.688442,137,199,0.113636,117.619,1.97,231.71,5422.2,1.35589,1.35555,0.750711,123,422,5.48,6.07,0,54,72,0.75,43,63,0.68254,40,64,0.625,5,44,0.113636,b5-rho0.7,coc_d02000_n256,cooccur,,256,2000,,True,True
sel_coc_d04000_n064_privileged,privileged,100,0.321608,64,199,0.0454545,63.9695,1.97,126.02,3308.4,0.827443,0.8271,0.750711,148,422,5.48,6.7,0,23,72,0.319444,26,63,0.412698,15,64,0.234375,2,44,0.0454545,b5-rho0.7,coc_d04000_n064,cooccur,,64,4000,,False,False
sel_coc_d04000_n128_privileged,privileged,100,0.592965,118,199,0.0909091,120.325,1.97,237.04,5528.8,1.38254,1.3822,0.750711,132,422,5.48,6.23,0,48,72,0.666667,42,63,0.666667,28,64,0.4375,4,44,0.0909091,b5-rho0.7,coc_d04000_n128,cooccur,,128,4000,,False,False
sel_coc_d04000_n256_privileged,privileged,100,0.703518,140,199,0.113636,151.584,1.97,298.62,6760.4,1.69044,1.6901,0.750711,124,422,5.48,6.03,0,52,72,0.722222,44,63,0.698413,44,64,0.6875,5,44,0.113636,b5-rho0.7,coc_d04000_n256,cooccur,,256,4000,,True,True
sel_coc_d08000_n064_privileged,privileged,100,0.226131,45,199,0,64,1.97,126.08,3309.6,0.827743,0.8274,0.750711,158,422,5.48,6.89,0,17,72,0.236111,20,63,0.31746,8,64,0.125,0,44,0,b5-rho0.7,coc_d08000_n064,cooccur,,64,8000,,False,False
sel_coc_d08000_n128_privileged,privileged,100,0.557789,111,199,0.0454545,126.619,1.97,249.44,5776.8,1.44454,1.4442,0.750711,134,422,5.48,6.25,0,39,72,0.541667,43,63,0.68254,29,64,0.453125,2,44,0.0454545,b5-rho0.7,coc_d08000_n128,cooccur,,128,8000,,False,False
sel_coc_d08000_n256_privileged,privileged,100,0.728643,145,199,0.113636,181.107,1.97,356.78,7923.6,1.98124,1.9809,0.750711,123,422,5.48,6,0,52,72,0.722222,46,63,0.730159,47,64,0.734375,5,44,0.113636,b5-rho0.7,coc_d08000_n256,cooccur,,256,8000,,True,True
sel_coc_d16000_n064_privileged,privileged,100,0.20603,41,199,0,64,1.97,126.08,3309.6,0.827743,0.8274,0.750711,157,422,5.48,6.95,0,15,72,0.208333,19,63,0.301587,7,64,0.109375,0,44,0,b5-rho0.7,coc_d16000_n064,cooccur,,64,16000,,False,False
sel_coc_d16000_n128_privileged,privileged,100,0.547739,109,199,0.0681818,127.553,1.97,251.28,5813.6,1.45374,1.4534,0.750711,134,422,5.48,6.26,0,40,72,0.555556,42,63,0.666667,27,64,0.421875,3,44,0.0681818,b5-rho0.7,coc_d16000_n128,cooccur,,128,16000,,False,False
sel_coc_d16000_n256_privileged,privileged,100,0.753769,150,199,0.113636,190.726,1.97,375.73,8302.6,2.07599,2.07565,0.750711,123,422,5.48,5.97,0,51,72,0.708333,47,63,0.746032,52,64,0.8125,5,44,0.113636,b5-rho0.7,coc_d16000_n256,cooccur,,256,16000,,True,True
sel_nbh_k0_n064_privileged,privileged,100,0.477387,95,199,0.113636,35.0914,1.97,69.13,2170.6,0.542993,0.54265,0.750711,140,422,5.48,6.33,0,47,72,0.652778,26,63,0.412698,22,64,0.34375,5,44,0.113636,b5-rho0.7,nbh_k0_n064,neighbourhood,,64,,0,True,True
sel_nbh_k0_n128_privileged,privileged,100,0.477387,95,199,0.113636,35.4264,1.97,69.79,2183.8,0.546293,0.54595,0.750711,140,422,5.48,6.32,0,47,72,0.652778,26,63,0.412698,22,64,0.34375,5,44,0.113636,b5-rho0.7,nbh_k0_n128,neighbourhood,,128,,0,False,False
sel_nbh_k0_n256_privileged,privileged,100,0.477387,95,199,0.113636,35.4264,1.97,69.79,2183.8,0.546293,0.54595,0.750711,140,422,5.48,6.32,0,47,72,0.652778,26,63,0.412698,22,64,0.34375,5,44,0.113636,b5-rho0.7,nbh_k0_n256,neighbourhood,,256,,0,False,False
sel_nbh_k1_n064_privileged,privileged,100,0.407035,81,199,0.0681818,62.0914,1.97,122.32,3234.4,0.808943,0.8086,0.750711,142,422,5.48,6.66,0,40,72,0.555556,20,63,0.31746,21,64,0.328125,3,44,0.0681818,b5-rho0.7,nbh_k1_n064,neighbourhood,,64,,1,False,False
sel_nbh_k1_n128_privileged,privileged,100,0.527638,105,199,0.0909091,88.0761,1.97,173.51,4258.2,1.06489,1.06455,0.750711,135,422,5.48,6.37,0,49,72,0.680556,26,63,0.412698,30,64,0.46875,4,44,0.0909091,b5-rho0.7,nbh_k1_n128,neighbourhood,,128,,1,True,True
sel_nbh_k1_n256_privileged,privileged,100,0.537688,107,199,0.0909091,92.3909,1.97,182.01,4428.2,1.10739,1.10705,0.750711,135,422,5.48,6.34,0,50,72,0.694444,27,63,0.428571,30,64,0.46875,4,44,0.0909091,b5-rho0.7,nbh_k1_n256,neighbourhood,,256,,1,True,True
sel_nbh_k2_n064_privileged,privileged,100,0.21608,43,199,0.0227273,64,1.97,126.08,3309.6,0.827743,0.8274,0.750711,154,422,5.48,6.93,0,16,72,0.222222,19,63,0.301587,8,64,0.125,1,44,0.0227273,b5-rho0.7,nbh_k2_n064,neighbourhood,,64,,2,False,False
sel_nbh_k2_n128_privileged,privileged,100,0.517588,103,199,0.0681818,123.944,1.97,244.17,5671.4,1.41819,1.41785,0.750711,135,422,5.48,6.39,0,41,72,0.569444,37,63,0.587302,25,64,0.390625,3,44,0.0681818,b5-rho0.7,nbh_k2_n128,neighbourhood,,128,,2,False,False
sel_nbh_k2_n256_privileged,privileged,100,0.678392,135,199,0.0681818,164.716,1.97,324.49,7277.8,1.81979,1.81945,0.750711,125,422,5.48,6.16,0,49,72,0.680556,45,63,0.714286,41,64,0.640625,3,44,0.0681818,b5-rho0.7,nbh_k2_n256,neighbourhood,,256,,2,True,True
sel_nbh_k3_n064_privileged,privileged,100,0.211055,42,199,0,64,1.97,126.08,3309.6,0.827743,0.8274,0.750711,157,422,5.48,6.93,0,16,72,0.222222,19,63,0.301587,7,64,0.109375,0,44,0,b5-rho0.7,nbh_k3_n064,neighbourhood,,64,,3,False,False
sel_nbh_k3_n128_privileged,privileged,100,0.547739,109,199,0.0909091,127.467,1.97,251.11,5810.2,1.45289,1.45255,0.750711,131,422,5.48,6.27,0,39,72,0.541667,43,63,0.68254,27,64,0.421875,4,44,0.0909091,b5-rho0.7,nbh_k3_n128,neighbourhood,,128,,3,True,True
sel_nbh_k3_n256_privileged,privileged,100,0.748744,149,199,0.113636,188.025,1.97,370.41,8196.2,2.04939,2.04905,0.750711,124,422,5.48,5.95,0,51,72,0.708333,47,63,0.746032,51,64,0.796875,5,44,0.113636,b5-rho0.7,nbh_k3_n256,neighbourhood,,256,,3,True,True
sel_nbh_k4_n064_privileged,privileged,100,0.20603,41,199,0,64,1.97,126.08,3309.6,0.827743,0.8274,0.750711,157,422,5.48,6.93,0,15,72,0.208333,19,63,0.301587,7,64,0.109375,0,44,0,b5-rho0.7,nbh_k4_n064,neighbourhood,,64,,4,False,False
sel_nbh_k4_n128_privileged,privileged,100,0.547739,109,199,0.0681818,127.563,1.97,251.3,5814,1.45384,1.4535,0.750711,133,422,5.48,6.27,0,40,72,0.555556,42,63,0.666667,27,64,0.421875,3,44,0.0681818,b5-rho0.7,nbh_k4_n128,neighbourhood,,128,,4,False,False
sel_nbh_k4_n256_privileged,privileged,100,0.753769,150,199,0.0909091,191.371,1.97,377,8328,2.08234,2.082,0.750711,125,422,5.48,5.97,0,51,72,0.708333,48,63,0.761905,51,64,0.796875,4,44,0.0909091,b5-rho0.7,nbh_k4_n256,neighbourhood,,256,,4,True,True
sel_nbh_k6_n064_privileged,privileged,100,0.20603,41,199,0,64,1.97,126.08,3309.6,0.827743,0.8274,0.750711,157,422,5.48,6.92,0,15,72,0.208333,19,63,0.301587,7,64,0.109375,0,44,0,b5-rho0.7,nbh_k6_n064,neighbourhood,,64,,6,False,False
sel_nbh_k6_n128_privileged,privileged,100,0.547739,109,199,0.0681818,127.563,1.97,251.3,5814,1.45384,1.4535,0.750711,133,422,5.48,6.27,0,40,72,0.555556,42,63,0.666667,27,64,0.421875,3,44,0.0681818,b5-rho0.7,nbh_k6_n128,neighbourhood,,128,,6,False,False
sel_nbh_k6_n256_privileged,privileged,100,0.748744,149,199,0.113636,191.772,1.97,377.79,8343.8,2.08629,2.08595,0.750711,124,422,5.48,5.97,0,51,72,0.708333,47,63,0.746032,51,64,0.796875,5,44,0.113636,b5-rho0.7,nbh_k6_n256,neighbourhood,,256,,6,False,False
oracle_escalation_privileged,privileged,100,0.909548,181,199,0.886364,5.12346,2.43,12.45,1221,0.305593,0.30525,0.750711,103,422,5.48,4.2,0,66,72,0.916667,56,63,0.888889,59,64,0.921875,39,44,0.886364,b5-rho0.7,oracle_escalation_privileged,reference,,,,,False,False
never_escalate,comparison,100,0,0,199,0,,0,0,0,0.000343333,0,0.750711,165,422,5.48,5.72,0,0,72,0,0,63,0,0,64,0,0,44,0,b5-rho0.7,never_escalate,reference,,,,,False,False
oracle_selection_context_d16_privileged,privileged,100,0.758794,151,199,0.25,5.27919,1.97,10.4,996,0.249343,0.249,0.750711,122,422,5.48,5.86,0,51,72,0.708333,48,63,0.761905,52,64,0.8125,11,44,0.25,b5-rho0.7,oracle_selection_context_d16_privileged,reference,,,,,False,False
sel_rung_privileged,privileged,100,0.688442,137,199,0.136364,45.1015,1.97,88.85,2565,0.641593,0.64125,0.750711,125,422,5.48,6.03,0,55,72,0.763889,38,63,0.603175,44,64,0.6875,6,44,0.136364,b8-rho0,rung,rung,,,,,True,True
sel_win_w05_n008_privileged,privileged,100,0.0251256,5,199,0,8,1.97,15.76,1103.2,0.276143,0.2758,0.750711,162,422,5.48,7.37,0,2,72,0.0277778,3,63,0.047619,0,64,0,0,44,0,b8-rho0,win_w05_n008,window,5,8,,,True,True
sel_win_w05_n016_privileged,privileged,100,0.0603015,12,199,0,16,1.97,31.52,1418.4,0.354943,0.3546,0.750711,162,422,5.48,7.23,0,5,72,0.0694444,5,63,0.0793651,2,64,0.03125,0,44,0,b8-rho0,win_w05_n016,window,5,16,,,True,True
sel_win_w05_n032_privileged,privileged,100,0.201005,40,199,0,31.6497,1.97,62.35,2035,0.509093,0.50875,0.750711,152,422,5.48,7.06,0,16,72,0.222222,16,63,0.253968,8,64,0.125,0,44,0,b8-rho0,win_w05_n032,window,5,32,,,True,True
sel_win_w05_n064_privileged,privileged,100,0.281407,56,199,0,42.9188,1.97,84.55,2479,0.620093,0.61975,0.750711,149,422,5.48,6.9,0,22,72,0.305556,21,63,0.333333,13,64,0.203125,0,44,0,b8-rho0,win_w05_n064,window,5,64,,,True,True
sel_win_w05_n128_privileged,privileged,100,0.276382,55,199,0,43.1015,1.97,84.91,2486.2,0.621893,0.62155,0.750711,149,422,5.48,6.92,0,21,72,0.291667,21,63,0.333333,13,64,0.203125,0,44,0,b8-rho0,win_w05_n128,window,5,128,,,False,False
sel_win_w05_n256_privileged,privileged,100,0.276382,55,199,0,43.1015,1.97,84.91,2486.2,0.621893,0.62155,0.750711,149,422,5.48,6.92,0,21,72,0.291667,21,63,0.333333,13,64,0.203125,0,44,0,b8-rho0,win_w05_n256,window,5,256,,,False,False
sel_win_w05_n512_privileged,privileged,100,0.276382,55,199,0,43.1015,1.97,84.91,2486.2,0.621893,0.62155,0.750711,149,422,5.48,6.92,0,21,72,0.291667,21,63,0.333333,13,64,0.203125,0,44,0,b8-rho0,win_w05_n512,window,5,512,,,False,False
sel_win_w10_n008_privileged,privileged,100,0.0251256,5,199,0,8,1.97,15.76,1103.2,0.276143,0.2758,0.750711,162,422,5.48,7.37,0,2,72,0.0277778,3,63,0.047619,0,64,0,0,44,0,b8-rho0,win_w10_n008,window,10,8,,,False,False
sel_win_w10_n016_privileged,privileged,100,0.0603015,12,199,0,16,1.97,31.52,1418.4,0.354943,0.3546,0.750711,162,422,5.48,7.23,0,5,72,0.0694444,5,63,0.0793651,2,64,0.03125,0,44,0,b8-rho0,win_w10_n016,window,10,16,,,False,False
sel_win_w10_n032_privileged,privileged,100,0.20603,41,199,0,32,1.97,63.04,2048.8,0.512543,0.5122,0.750711,152,422,5.48,7.03,0,15,72,0.208333,18,63,0.285714,8,64,0.125,0,44,0,b8-rho0,win_w10_n032,window,10,32,,,True,True
sel_win_w10_n064_privileged,privileged,100,0.462312,92,199,0,63.6497,1.97,125.39,3295.8,0.824293,0.82395,0.750711,140,422,5.48,6.53,0,29,72,0.402778,35,63,0.555556,28,64,0.4375,0,44,0,b8-rho0,win_w10_n064,window,10,64,,,True,True
sel_win_w10_n128_privileged,privileged,100,0.61809,123,199,0,86.7208,1.97,170.84,4204.8,1.05154,1.0512,0.750711,129,422,5.48,6.34,0,40,72,0.555556,44,63,0.698413,39,64,0.609375,0,44,0,b8-rho0,win_w10_n128,window,10,128,,,True,True
sel_win_w10_n256_privileged,privileged,100,0.613065,122,199,0,86.7868,1.97,170.97,4207.4,1.05219,1.05185,0.750711,130,422,5.48,6.35,0,40,72,0.555556,44,63,0.698413,38,64,0.59375,0,44,0,b8-rho0,win_w10_n256,window,10,256,,,False,False
sel_win_w10_n512_privileged,privileged,100,0.613065,122,199,0,86.7868,1.97,170.97,4207.4,1.05219,1.05185,0.750711,130,422,5.48,6.35,0,40,72,0.555556,44,63,0.698413,38,64,0.59375,0,44,0,b8-rho0,win_w10_n512,window,10,512,,,False,False
sel_win_w20_n008_privileged,privileged,100,0.0251256,5,199,0,8,1.97,15.76,1103.2,0.276143,0.2758,0.750711,162,422,5.48,7.37,0,2,72,0.0277778,3,63,0.047619,0,64,0,0,44,0,b8-rho0,win_w20_n008,window,20,8,,,False,False
sel_win_w20_n016_privileged,privileged,100,0.0603015,12,199,0,16,1.97,31.52,1418.4,0.354943,0.3546,0.750711,162,422,5.48,7.23,0,5,72,0.0694444,5,63,0.0793651,2,64,0.03125,0,44,0,b8-rho0,win_w20_n016,window,20,16,,,False,False
sel_win_w20_n032_privileged,privileged,100,0.20603,41,199,0,32,1.97,63.04,2048.8,0.512543,0.5122,0.750711,152,422,5.48,7.03,0,15,72,0.208333,18,63,0.285714,8,64,0.125,0,44,0,b8-rho0,win_w20_n032,window,20,32,,,False,False
sel_win_w20_n064_privileged,privileged,100,0.462312,92,199,0,64,1.97,126.08,3309.6,0.827743,0.8274,0.750711,140,422,5.48,6.53,0,29,72,0.402778,35,63,0.555556,28,64,0.4375,0,44,0,b8-rho0,win_w20_n064,window,20,64,,,False,False
sel_win_w20_n128_privileged,privileged,100,0.743719,148,199,0.0227273,127.635,1.97,251.44,5816.8,1.45454,1.4542,0.750711,120,422,5.48,6.04,0,51,72,0.708333,50,63,0.793651,47,64,0.734375,1,44,0.0227273,b8-rho0,win_w20_n128,window,20,128,,,True,True
sel_win_w20_n256_privileged,privileged,100,0.809045,161,199,0.0909091,176.091,1.97,346.9,7726,1.93184,1.9315,0.750711,117,422,5.48,5.9,0,54,72,0.75,53,63,0.84127,54,64,0.84375,4,44,0.0909091,b8-rho0,win_w20_n256,window,20,256,,,True,True
sel_win_w20_n512_privileged,privileged,100,0.809045,161,199,0.0909091,176.112,1.97,346.94,7726.8,1.93204,1.9317,0.750711,117,422,5.48,5.9,0,54,72,0.75,53,63,0.84127,54,64,0.84375,4,44,0.0909091,b8-rho0,win_w20_n512,window,20,512,,,False,False
sel_win_w40_n008_privileged,privileged,100,0.0251256,5,199,0,8,1.97,15.76,1103.2,0.276143,0.2758,0.750711,162,422,5.48,7.37,0,2,72,0.0277778,3,63,0.047619,0,64,0,0,44,0,b8-rho0,win_w40_n008,window,40,8,,,False,False
sel_win_w40_n016_privileged,privileged,100,0.0603015,12,199,0,16,1.97,31.52,1418.4,0.354943,0.3546,0.750711,162,422,5.48,7.23,0,5,72,0.0694444,5,63,0.0793651,2,64,0.03125,0,44,0,b8-rho0,win_w40_n016,window,40,16,,,False,False
sel_win_w40_n032_privileged,privileged,100,0.20603,41,199,0,32,1.97,63.04,2048.8,0.512543,0.5122,0.750711,152,422,5.48,7.03,0,15,72,0.208333,18,63,0.285714,8,64,0.125,0,44,0,b8-rho0,win_w40_n032,window,40,32,,,False,False
sel_win_w40_n064_privileged,privileged,100,0.462312,92,199,0,64,1.97,126.08,3309.6,0.827743,0.8274,0.750711,140,422,5.48,6.53,0,29,72,0.402778,35,63,0.555556,28,64,0.4375,0,44,0,b8-rho0,win_w40_n064,window,40,64,,,False,False
sel_win_w40_n128_privileged,privileged,100,0.743719,148,199,0.0227273,127.939,1.97,252.04,5828.8,1.45754,1.4572,0.750711,120,422,5.48,6.04,0,51,72,0.708333,50,63,0.793651,47,64,0.734375,1,44,0.0227273,b8-rho0,win_w40_n128,window,40,128,,,False,False
sel_win_w40_n256_privileged,privileged,100,0.81407,162,199,0.204545,250.751,1.97,493.98,10667.6,2.66724,2.6669,0.750711,117,422,5.48,5.81,0,53,72,0.736111,53,63,0.84127,56,64,0.875,9,44,0.204545,b8-rho0,win_w40_n256,window,40,256,,,True,True
sel_win_w40_n512_privileged,privileged,100,0.824121,164,199,0.272727,322.782,1.97,635.88,13505.6,3.37674,3.3764,0.750711,117,422,5.48,5.73,0,54,72,0.75,54,63,0.857143,56,64,0.875,12,44,0.272727,b8-rho0,win_w40_n512,window,40,512,,,True,True
sel_win_w80_n008_privileged,privileged,100,0.0251256,5,199,0,8,1.97,15.76,1103.2,0.276143,0.2758,0.750711,162,422,5.48,7.37,0,2,72,0.0277778,3,63,0.047619,0,64,0,0,44,0,b8-rho0,win_w80_n008,window,80,8,,,False,False
sel_win_w80_n016_privileged,privileged,100,0.0603015,12,199,0,16,1.97,31.52,1418.4,0.354943,0.3546,0.750711,162,422,5.48,7.23,0,5,72,0.0694444,5,63,0.0793651,2,64,0.03125,0,44,0,b8-rho0,win_w80_n016,window,80,16,,,False,False
sel_win_w80_n032_privileged,privileged,100,0.20603,41,199,0,32,1.97,63.04,2048.8,0.512543,0.5122,0.750711,152,422,5.48,7.03,0,15,72,0.208333,18,63,0.285714,8,64,0.125,0,44,0,b8-rho0,win_w80_n032,window,80,32,,,False,False
sel_win_w80_n064_privileged,privileged,100,0.462312,92,199,0,64,1.97,126.08,3309.6,0.827743,0.8274,0.750711,140,422,5.48,6.53,0,29,72,0.402778,35,63,0.555556,28,64,0.4375,0,44,0,b8-rho0,win_w80_n064,window,80,64,,,False,False
sel_win_w80_n128_privileged,privileged,100,0.743719,148,199,0.0227273,127.939,1.97,252.04,5828.8,1.45754,1.4572,0.750711,120,422,5.48,6.04,0,51,72,0.708333,50,63,0.793651,47,64,0.734375,1,44,0.0227273,b8-rho0,win_w80_n128,window,80,128,,,False,False
sel_win_w80_n256_privileged,privileged,100,0.81407,162,199,0.204545,251.787,1.97,496.02,10708.4,2.67744,2.6771,0.750711,117,422,5.48,5.81,0,53,72,0.736111,53,63,0.84127,56,64,0.875,9,44,0.204545,b8-rho0,win_w80_n256,window,80,256,,,False,False
sel_win_w80_n512_privileged,privileged,100,0.824121,164,199,0.272727,485.087,1.96,950.77,19799.4,4.95019,4.94985,0.750711,118,422,5.48,5.74,1,54,72,0.75,54,63,0.857143,56,64,0.875,12,44,0.272727,b8-rho0,win_w80_n512,window,80,512,,,False,False
sel_coc_d00250_n064_privileged,privileged,100,0.698492,139,199,0.113636,54.1421,1.97,106.66,2921.2,0.730643,0.7303,0.750711,125,422,5.48,6.04,0,52,72,0.722222,43,63,0.68254,44,64,0.6875,5,44,0.113636,b8-rho0,coc_d00250_n064,cooccur,,64,250,,True,True
sel_coc_d00250_n128_privileged,privileged,100,0.743719,148,199,0.113636,65.6244,1.97,129.28,3373.6,0.843743,0.8434,0.750711,122,422,5.48,5.96,0,55,72,0.763889,45,63,0.714286,48,64,0.75,5,44,0.113636,b8-rho0,coc_d00250_n128,cooccur,,128,250,,True,True
sel_coc_d00250_n256_privileged,privileged,100,0.748744,149,199,0.113636,67.1675,1.97,132.32,3434.4,0.858943,0.8586,0.750711,122,422,5.48,5.96,0,55,72,0.763889,45,63,0.714286,49,64,0.765625,5,44,0.113636,b8-rho0,coc_d00250_n256,cooccur,,256,250,,True,True
sel_coc_d00500_n064_privileged,privileged,100,0.663317,132,199,0.113636,56.4061,1.97,111.12,3010.4,0.752943,0.7526,0.750711,127,422,5.48,6.11,0,49,72,0.680556,42,63,0.666667,41,64,0.640625,5,44,0.113636,b8-rho0,coc_d00500_n064,cooccur,,64,500,,False,False
sel_coc_d00500_n128_privileged,privileged,100,0.743719,148,199,0.113636,72.0051,1.97,141.85,3625,0.906593,0.90625,0.750711,122,422,5.48,5.98,0,54,72,0.75,45,63,0.714286,49,64,0.765625,5,44,0.113636,b8-rho0,coc_d00500_n128,cooccur,,128,500,,False,False
sel_coc_d00500_n256_privileged,privileged,100,0.753769,150,199,0.113636,74.5025,1.97,146.77,3723.4,0.931193,0.93085,0.750711,122,422,5.48,5.97,0,55,72,0.763889,45,63,0.714286,50,64,0.78125,5,44,0.113636,b8-rho0,coc_d00500_n256,cooccur,,256,500,,True,True
sel_coc_d01000_n064_privileged,privileged,100,0.623116,124,199,0.113636,59.5635,1.97,117.34,3134.8,0.784043,0.7837,0.750711,131,422,5.48,6.19,0,47,72,0.652778,41,63,0.650794,36,64,0.5625,5,44,0.113636,b8-rho0,coc_d01000_n064,cooccur,,64,1000,,False,False
sel_coc_d01000_n128_privileged,privileged,100,0.743719,148,199,0.136364,83.7056,1.97,164.9,4086,1.02184,1.0215,0.750711,124,422,5.48,5.97,0,54,72,0.75,47,63,0.746032,47,64,0.734375,6,44,0.136364,b8-rho0,coc_d01000_n128,cooccur,,128,1000,,False,False
sel_coc_d01000_n256_privileged,privileged,100,0.758794,151,199,0.136364,88.4315,1.97,174.21,4272.2,1.06839,1.06805,0.750711,123,422,5.48,5.96,0,55,72,0.763889,47,63,0.746032,49,64,0.765625,6,44,0.136364,b8-rho0,coc_d01000_n256,cooccur,,256,1000,,True,True
sel_coc_d02000_n064_privileged,privileged,100,0.522613,104,199,0.0909091,63.1421,1.97,124.39,3275.8,0.819293,0.81895,0.750711,132,422,5.48,6.37,0,40,72,0.555556,35,63,0.555556,29,64,0.453125,4,44,0.0909091,b8-rho0,coc_d02000_n064,cooccur,,64,2000,,False,False
sel_coc_d02000_n128_privileged,privileged,100,0.728643,145,199,0.113636,104.736,1.97,206.33,4914.6,1.22899,1.22865,0.750711,123,422,5.48,6,0,52,72,0.722222,49,63,0.777778,44,64,0.6875,5,44,0.113636,b8-rho0,coc_d02000_n128,cooccur,,128,2000,,False,False
sel_coc_d02000_n256_privileged,privileged,100,0.753769,150,199,0.113636,117.619,1.97,231.71,5422.2,1.35589,1.35555,0.750711,121,422,5.48,5.96,0,54,72,0.75,49,63,0.777778,47,64,0.734375,5,44,0.113636,b8-rho0,coc_d02000_n256,cooccur,,256,2000,,False,False
sel_coc_d04000_n064_privileged,privileged,100,0.432161,86,199,0.0909091,63.9695,1.97,126.02,3308.4,0.827443,0.8271,0.750711,138,422,5.48,6.48,0,31,72,0.430556,33,63,0.52381,22,64,0.34375,4,44,0.0909091,b8-rho0,coc_d04000_n064,cooccur,,64,4000,,False,False
sel_coc_d04000_n128_privileged,privileged,100,0.713568,142,199,0.136364,120.325,1.97,237.04,5528.8,1.38254,1.3822,0.750711,126,422,5.48,5.98,0,51,72,0.708333,50,63,0.793651,41,64,0.640625,6,44,0.136364,b8-rho0,coc_d04000_n128,cooccur,,128,4000,,False,False
sel_coc_d04000_n256_privileged,privileged,100,0.78392,156,199,0.159091,151.584,1.97,298.62,6760.4,1.69044,1.6901,0.750711,119,422,5.48,5.85,0,53,72,0.736111,53,63,0.84127,50,64,0.78125,7,44,0.159091,b8-rho0,coc_d04000_n256,cooccur,,256,4000,,True,True
sel_coc_d08000_n064_privileged,privileged,100,0.346734,69,199,0.0454545,64,1.97,126.08,3309.6,0.827743,0.8274,0.750711,148,422,5.48,6.68,0,22,72,0.305556,30,63,0.47619,17,64,0.265625,2,44,0.0454545,b8-rho0,coc_d08000_n064,cooccur,,64,8000,,False,False
sel_coc_d08000_n128_privileged,privileged,100,0.653266,130,199,0.0909091,126.619,1.97,249.44,5776.8,1.44454,1.4442,0.750711,125,422,5.48,6.13,0,44,72,0.611111,49,63,0.777778,37,64,0.578125,4,44,0.0909091,b8-rho0,coc_d08000_n128,cooccur,,128,8000,,False,False
sel_coc_d08000_n256_privileged,privileged,100,0.798995,159,199,0.113636,181.107,1.97,356.78,7923.6,1.98124,1.9809,0.750711,119,422,5.48,5.87,0,54,72,0.75,53,63,0.84127,52,64,0.8125,5,44,0.113636,b8-rho0,coc_d08000_n256,cooccur,,256,8000,,True,True
sel_coc_d16000_n064_privileged,privileged,100,0.316583,63,199,0.0454545,64,1.97,126.08,3309.6,0.827743,0.8274,0.750711,145,422,5.48,6.75,0,23,72,0.319444,25,63,0.396825,15,64,0.234375,2,44,0.0454545,b8-rho0,coc_d16000_n064,cooccur,,64,16000,,False,False
sel_coc_d16000_n128_privileged,privileged,100,0.658291,131,199,0.113636,127.553,1.97,251.28,5813.6,1.45374,1.4534,0.750711,125,422,5.48,6.11,0,44,72,0.611111,50,63,0.793651,37,64,0.578125,5,44,0.113636,b8-rho0,coc_d16000_n128,cooccur,,128,16000,,False,False
sel_coc_d16000_n256_privileged,privileged,100,0.81407,162,199,0.159091,190.726,1.97,375.73,8302.6,2.07599,2.07565,0.750711,117,422,5.48,5.83,0,54,72,0.75,53,63,0.84127,55,64,0.859375,7,44,0.159091,b8-rho0,coc_d16000_n256,cooccur,,256,16000,,True,True
sel_nbh_k0_n064_privileged,privileged,100,0.658291,131,199,0.113636,35.0914,1.97,69.13,2170.6,0.542993,0.54265,0.750711,127,422,5.48,6.03,0,55,72,0.763889,37,63,0.587302,39,64,0.609375,5,44,0.113636,b8-rho0,nbh_k0_n064,neighbourhood,,64,,0,True,True
sel_nbh_k0_n128_privileged,privileged,100,0.663317,132,199,0.113636,35.4264,1.97,69.79,2183.8,0.546293,0.54595,0.750711,127,422,5.48,6.02,0,55,72,0.763889,37,63,0.587302,40,64,0.625,5,44,0.113636,b8-rho0,nbh_k0_n128,neighbourhood,,128,,0,True,True
sel_nbh_k0_n256_privileged,privileged,100,0.663317,132,199,0.113636,35.4264,1.97,69.79,2183.8,0.546293,0.54595,0.750711,127,422,5.48,6.02,0,55,72,0.763889,37,63,0.587302,40,64,0.625,5,44,0.113636,b8-rho0,nbh_k0_n256,neighbourhood,,256,,0,False,False
sel_nbh_k1_n064_privileged,privileged,100,0.552764,110,199,0.0909091,62.0914,1.97,122.32,3234.4,0.808943,0.8086,0.750711,133,422,5.48,6.35,0,47,72,0.652778,30,63,0.47619,33,64,0.515625,4,44,0.0909091,b8-rho0,nbh_k1_n064,neighbourhood,,64,,1,False,False
sel_nbh_k1_n128_privileged,privileged,100,0.698492,139,199,0.113636,88.0761,1.97,173.51,4258.2,1.06489,1.06455,0.750711,124,422,5.48,6.04,0,52,72,0.722222,43,63,0.68254,44,64,0.6875,5,44,0.113636,b8-rho0,nbh_k1_n128,neighbourhood,,128,,1,True,True
sel_nbh_k1_n256_privileged,privileged,100,0.698492,139,199,0.113636,92.3909,1.97,182.01,4428.2,1.10739,1.10705,0.750711,124,422,5.48,6.02,0,51,72,0.708333,43,63,0.68254,45,64,0.703125,5,44,0.113636,b8-rho0,nbh_k1_n256,neighbourhood,,256,,1,False,False
sel_nbh_k2_n064_privileged,privileged,100,0.341709,68,199,0.0227273,64,1.97,126.08,3309.6,0.827743,0.8274,0.750711,142,422,5.48,6.72,0,25,72,0.347222,28,63,0.444444,15,64,0.234375,1,44,0.0227273,b8-rho0,nbh_k2_n064,neighbourhood,,64,,2,False,False
sel_nbh_k2_n128_privileged,privileged,100,0.643216,128,199,0.0909091,123.944,1.97,244.17,5671.4,1.41819,1.41785,0.750711,126,422,5.48,6.16,0,46,72,0.638889,45,63,0.714286,37,64,0.578125,4,44,0.0909091,b8-rho0,nbh_k2_n128,neighbourhood,,128,,2,False,False
sel_nbh_k2_n256_privileged,privileged,100,0.763819,152,199,0.0909091,164.716,1.97,324.49,7277.8,1.81979,1.81945,0.750711,118,422,5.48,5.95,0,54,72,0.75,49,63,0.777778,49,64,0.765625,4,44,0.0909091,b8-rho0,nbh_k2_n256,neighbourhood,,256,,2,True,True
sel_nbh_k3_n064_privileged,privileged,100,0.316583,63,199,0.0681818,64,1.97,126.08,3309.6,0.827743,0.8274,0.750711,145,422,5.48,6.74,0,23,72,0.319444,25,63,0.396825,15,64,0.234375,3,44,0.0681818,b8-rho0,nbh_k3_n064,neighbourhood,,64,,3,False,False
sel_nbh_k3_n128_privileged,privileged,100,0.663317,132,199,0.113636,127.467,1.97,251.11,5810.2,1.45289,1.45255,0.750711,125,422,5.48,6.1,0,44,72,0.611111,50,63,0.793651,38,64,0.59375,5,44,0.113636,b8-rho0,nbh_k3_n128,neighbourhood,,128,,3,False,False
sel_nbh_k3_n256_privileged,privileged,100,0.81407,162,199,0.159091,188.025,1.97,370.41,8196.2,2.04939,2.04905,0.750711,117,422,5.48,5.82,0,54,72,0.75,53,63,0.84127,55,64,0.859375,7,44,0.159091,b8-rho0,nbh_k3_n256,neighbourhood,,256,,3,True,True
sel_nbh_k4_n064_privileged,privileged,100,0.321608,64,199,0.0454545,64,1.97,126.08,3309.6,0.827743,0.8274,0.750711,145,422,5.48,6.71,0,23,72,0.319444,26,63,0.412698,15,64,0.234375,2,44,0.0454545,b8-rho0,nbh_k4_n064,neighbourhood,,64,,4,False,False
sel_nbh_k4_n128_privileged,privileged,100,0.658291,131,199,0.113636,127.563,1.97,251.3,5814,1.45384,1.4535,0.750711,125,422,5.48,6.12,0,44,72,0.611111,50,63,0.793651,37,64,0.578125,5,44,0.113636,b8-rho0,nbh_k4_n128,neighbourhood,,128,,4,False,False
sel_nbh_k4_n256_privileged,privileged,100,0.81407,162,199,0.159091,191.371,1.97,377,8328,2.08234,2.082,0.750711,117,422,5.48,5.83,0,54,72,0.75,53,63,0.84127,55,64,0.859375,7,44,0.159091,b8-rho0,nbh_k4_n256,neighbourhood,,256,,4,False,False
sel_nbh_k6_n064_privileged,privileged,100,0.316583,63,199,0.0454545,64,1.97,126.08,3309.6,0.827743,0.8274,0.750711,145,422,5.48,6.71,0,23,72,0.319444,25,63,0.396825,15,64,0.234375,2,44,0.0454545,b8-rho0,nbh_k6_n064,neighbourhood,,64,,6,False,False
sel_nbh_k6_n128_privileged,privileged,100,0.658291,131,199,0.113636,127.563,1.97,251.3,5814,1.45384,1.4535,0.750711,125,422,5.48,6.12,0,44,72,0.611111,50,63,0.793651,37,64,0.578125,5,44,0.113636,b8-rho0,nbh_k6_n128,neighbourhood,,128,,6,False,False
sel_nbh_k6_n256_privileged,privileged,100,0.81407,162,199,0.159091,191.772,1.97,377.79,8343.8,2.08629,2.08595,0.750711,117,422,5.48,5.83,0,54,72,0.75,53,63,0.84127,55,64,0.859375,7,44,0.159091,b8-rho0,nbh_k6_n256,neighbourhood,,256,,6,False,False
oracle_escalation_privileged,privileged,100,0.994975,198,199,1,5.12346,2.43,12.45,1221,0.305593,0.30525,0.750711,94,422,5.48,3.98,0,72,72,1,62,63,0.984127,64,64,1,44,44,1,b8-rho0,oracle_escalation_privileged,reference,,,,,False,False
never_escalate,comparison,100,0,0,199,0,,0,0,0,0.000343333,0,0.750711,165,422,5.48,5.72,0,0,72,0,0,63,0,0,64,0,0,44,0,b8-rho0,never_escalate,reference,,,,,False,False
oracle_selection_context_d16_privileged,privileged,100,0.824121,164,199,0.272727,5.27919,1.97,10.4,996,0.249343,0.249,0.750711,117,422,5.48,5.73,0,55,72,0.763889,53,63,0.84127,56,64,0.875,12,44,0.272727,b8-rho0,oracle_selection_context_d16_privileged,reference,,,,,False,False
sel_rung_privileged,privileged,100,0.663317,132,199,0.113636,45.1015,1.97,88.85,2565,0.641593,0.64125,0.750711,128,422,5.48,6.1,0,55,72,0.763889,37,63,0.587302,40,64,0.625,5,44,0.113636,b8-rho0.7,rung,rung,,,,,True,True
sel_win_w05_n008_privileged,privileged,100,0.0201005,4,199,0,8,1.97,15.76,1103.2,0.276143,0.2758,0.750711,163,422,5.48,7.38,0,1,72,0.0138889,3,63,0.047619,0,64,0,0,44,0,b8-rho0.7,win_w05_n008,window,5,8,,,True,True
sel_win_w05_n016_privileged,privileged,100,0.0603015,12,199,0,16,1.97,31.52,1418.4,0.354943,0.3546,0.750711,161,422,5.48,7.2,0,4,72,0.0555556,6,63,0.0952381,2,64,0.03125,0,44,0,b8-rho0.7,win_w05_n016,window,5,16,,,True,True
sel_win_w05_n032_privileged,privileged,100,0.201005,40,199,0,31.6497,1.97,62.35,2035,0.509093,0.50875,0.750711,154,422,5.48,7.03,0,16,72,0.222222,17,63,0.269841,7,64,0.109375,0,44,0,b8-rho0.7,win_w05_n032,window,5,32,,,True,True
sel_win_w05_n064_privileged,privileged,100,0.286432,57,199,0,42.9188,1.97,84.55,2479,0.620093,0.61975,0.750711,150,422,5.48,6.91,0,22,72,0.305556,21,63,0.333333,14,64,0.21875,0,44,0,b8-rho0.7,win_w05_n064,window,5,64,,,True,True
sel_win_w05_n128_privileged,privileged,100,0.281407,56,199,0,43.1015,1.97,84.91,2486.2,0.621893,0.62155,0.750711,150,422,5.48,6.93,0,21,72,0.291667,21,63,0.333333,14,64,0.21875,0,44,0,b8-rho0.7,win_w05_n128,window,5,128,,,False,False
sel_win_w05_n256_privileged,privileged,100,0.281407,56,199,0,43.1015,1.97,84.91,2486.2,0.621893,0.62155,0.750711,150,422,5.48,6.93,0,21,72,0.291667,21,63,0.333333,14,64,0.21875,0,44,0,b8-rho0.7,win_w05_n256,window,5,256,,,False,False
sel_win_w05_n512_privileged,privileged,100,0.281407,56,199,0,43.1015,1.97,84.91,2486.2,0.621893,0.62155,0.750711,150,422,5.48,6.93,0,21,72,0.291667,21,63,0.333333,14,64,0.21875,0,44,0,b8-rho0.7,win_w05_n512,window,5,512,,,False,False
sel_win_w10_n008_privileged,privileged,100,0.0201005,4,199,0,8,1.97,15.76,1103.2,0.276143,0.2758,0.750711,163,422,5.48,7.38,0,1,72,0.0138889,3,63,0.047619,0,64,0,0,44,0,b8-rho0.7,win_w10_n008,window,10,8,,,False,False
sel_win_w10_n016_privileged,privileged,100,0.0603015,12,199,0,16,1.97,31.52,1418.4,0.354943,0.3546,0.750711,161,422,5.48,7.2,0,4,72,0.0555556,6,63,0.0952381,2,64,0.03125,0,44,0,b8-rho0.7,win_w10_n016,window,10,16,,,False,False
sel_win_w10_n032_privileged,privileged,100,0.211055,42,199,0,32,1.97,63.04,2048.8,0.512543,0.5122,0.750711,153,422,5.48,6.99,0,16,72,0.222222,19,63,0.301587,7,64,0.109375,0,44,0,b8-rho0.7,win_w10_n032,window,10,32,,,True,True
sel_win_w10_n064_privileged,privileged,100,0.437186,87,199,0,63.6497,1.97,125.39,3295.8,0.824293,0.82395,0.750711,143,422,5.48,6.54,0,28,72,0.388889,32,63,0.507937,27,64,0.421875,0,44,0,b8-rho0.7,win_w10_n064,window,10,64,,,True,True
sel_win_w10_n128_privileged,privileged,100,0.603015,120,199,0,86.7208,1.97,170.84,4204.8,1.05154,1.0512,0.750711,131,422,5.48,6.36,0,43,72,0.597222,41,63,0.650794,36,64,0.5625,0,44,0,b8-rho0.7,win_w10_n128,window,10,128,,,True,True
sel_win_w10_n256_privileged,privileged,100,0.603015,120,199,0,86.7868,1.97,170.97,4207.4,1.05219,1.05185,0.750711,131,422,5.48,6.36,0,43,72,0.597222,41,63,0.650794,36,64,0.5625,0,44,0,b8-rho0.7,win_w10_n256,window,10,256,,,False,False
sel_win_w10_n512_privileged,privileged,100,0.603015,120,199,0,86.7868,1.97,170.97,4207.4,1.05219,1.05185,0.750711,131,422,5.48,6.36,0,43,72,0.597222,41,63,0.650794,36,64,0.5625,0,44,0,b8-rho0.7,win_w10_n512,window,10,512,,,False,False
sel_win_w20_n008_privileged,privileged,100,0.0201005,4,199,0,8,1.97,15.76,1103.2,0.276143,0.2758,0.750711,163,422,5.48,7.38,0,1,72,0.0138889,3,63,0.047619,0,64,0,0,44,0,b8-rho0.7,win_w20_n008,window,20,8,,,False,False
sel_win_w20_n016_privileged,privileged,100,0.0603015,12,199,0,16,1.97,31.52,1418.4,0.354943,0.3546,0.750711,161,422,5.48,7.2,0,4,72,0.0555556,6,63,0.0952381,2,64,0.03125,0,44,0,b8-rho0.7,win_w20_n016,window,20,16,,,False,False
sel_win_w20_n032_privileged,privileged,100,0.211055,42,199,0,32,1.97,63.04,2048.8,0.512543,0.5122,0.750711,153,422,5.48,6.99,0,16,72,0.222222,19,63,0.301587,7,64,0.109375,0,44,0,b8-rho0.7,win_w20_n032,window,20,32,,,False,False
sel_win_w20_n064_privileged,privileged,100,0.437186,87,199,0,64,1.97,126.08,3309.6,0.827743,0.8274,0.750711,143,422,5.48,6.54,0,28,72,0.388889,32,63,0.507937,27,64,0.421875,0,44,0,b8-rho0.7,win_w20_n064,window,20,64,,,False,False
sel_win_w20_n128_privileged,privileged,100,0.748744,149,199,0.0227273,127.635,1.97,251.44,5816.8,1.45454,1.4542,0.750711,122,422,5.48,6.05,0,52,72,0.722222,50,63,0.793651,47,64,0.734375,1,44,0.0227273,b8-rho0.7,win_w20_n128,window,20,128,,,True,True
sel_win_w20_n256_privileged,privileged,100,0.798995,159,199,0.113636,176.091,1.97,346.9,7726,1.93184,1.9315,0.750711,118,422,5.48,5.92,0,54,72,0.75,53,63,0.84127,52,64,0.8125,5,44,0.113636,b8-rho0.7,win_w20_n256,window,20,256,,,True,True
sel_win_w20_n512_privileged,privileged,100,0.798995,159,199,0.113636,176.112,1.97,346.94,7726.8,1.93204,1.9317,0.750711,118,422,5.48,5.92,0,54,72,0.75,53,63,0.84127,52,64,0.8125,5,44,0.113636,b8-rho0.7,win_w20_n512,window,20,512,,,False,False
sel_win_w40_n008_privileged,privileged,100,0.0201005,4,199,0,8,1.97,15.76,1103.2,0.276143,0.2758,0.750711,163,422,5.48,7.38,0,1,72,0.0138889,3,63,0.047619,0,64,0,0,44,0,b8-rho0.7,win_w40_n008,window,40,8,,,False,False
sel_win_w40_n016_privileged,privileged,100,0.0603015,12,199,0,16,1.97,31.52,1418.4,0.354943,0.3546,0.750711,161,422,5.48,7.2,0,4,72,0.0555556,6,63,0.0952381,2,64,0.03125,0,44,0,b8-rho0.7,win_w40_n016,window,40,16,,,False,False
sel_win_w40_n032_privileged,privileged,100,0.211055,42,199,0,32,1.97,63.04,2048.8,0.512543,0.5122,0.750711,153,422,5.48,6.99,0,16,72,0.222222,19,63,0.301587,7,64,0.109375,0,44,0,b8-rho0.7,win_w40_n032,window,40,32,,,False,False
sel_win_w40_n064_privileged,privileged,100,0.437186,87,199,0,64,1.97,126.08,3309.6,0.827743,0.8274,0.750711,143,422,5.48,6.54,0,28,72,0.388889,32,63,0.507937,27,64,0.421875,0,44,0,b8-rho0.7,win_w40_n064,window,40,64,,,False,False
sel_win_w40_n128_privileged,privileged,100,0.748744,149,199,0.0227273,127.939,1.97,252.04,5828.8,1.45754,1.4572,0.750711,122,422,5.48,6.05,0,52,72,0.722222,50,63,0.793651,47,64,0.734375,1,44,0.0227273,b8-rho0.7,win_w40_n128,window,40,128,,,False,False
sel_win_w40_n256_privileged,privileged,100,0.819095,163,199,0.204545,250.751,1.97,493.98,10667.6,2.66724,2.6669,0.750711,117,422,5.48,5.8,0,54,72,0.75,53,63,0.84127,56,64,0.875,9,44,0.204545,b8-rho0.7,win_w40_n256,window,40,256,,,True,True
sel_win_w40_n512_privileged,privileged,100,0.824121,164,199,0.25,322.782,1.97,635.88,13505.6,3.37674,3.3764,0.750711,117,422,5.48,5.74,0,54,72,0.75,54,63,0.857143,56,64,0.875,11,44,0.25,b8-rho0.7,win_w40_n512,window,40,512,,,True,True
sel_win_w80_n008_privileged,privileged,100,0.0201005,4,199,0,8,1.97,15.76,1103.2,0.276143,0.2758,0.750711,163,422,5.48,7.38,0,1,72,0.0138889,3,63,0.047619,0,64,0,0,44,0,b8-rho0.7,win_w80_n008,window,80,8,,,False,False
sel_win_w80_n016_privileged,privileged,100,0.0603015,12,199,0,16,1.97,31.52,1418.4,0.354943,0.3546,0.750711,161,422,5.48,7.2,0,4,72,0.0555556,6,63,0.0952381,2,64,0.03125,0,44,0,b8-rho0.7,win_w80_n016,window,80,16,,,False,False
sel_win_w80_n032_privileged,privileged,100,0.211055,42,199,0,32,1.97,63.04,2048.8,0.512543,0.5122,0.750711,153,422,5.48,6.99,0,16,72,0.222222,19,63,0.301587,7,64,0.109375,0,44,0,b8-rho0.7,win_w80_n032,window,80,32,,,False,False
sel_win_w80_n064_privileged,privileged,100,0.437186,87,199,0,64,1.97,126.08,3309.6,0.827743,0.8274,0.750711,143,422,5.48,6.54,0,28,72,0.388889,32,63,0.507937,27,64,0.421875,0,44,0,b8-rho0.7,win_w80_n064,window,80,64,,,False,False
sel_win_w80_n128_privileged,privileged,100,0.748744,149,199,0.0227273,127.939,1.97,252.04,5828.8,1.45754,1.4572,0.750711,122,422,5.48,6.05,0,52,72,0.722222,50,63,0.793651,47,64,0.734375,1,44,0.0227273,b8-rho0.7,win_w80_n128,window,80,128,,,False,False
sel_win_w80_n256_privileged,privileged,100,0.819095,163,199,0.204545,251.787,1.97,496.02,10708.4,2.67744,2.6771,0.750711,117,422,5.48,5.8,0,54,72,0.75,53,63,0.84127,56,64,0.875,9,44,0.204545,b8-rho0.7,win_w80_n256,window,80,256,,,False,False
sel_win_w80_n512_privileged,privileged,100,0.819095,163,199,0.272727,485.087,1.96,950.77,19799.4,4.95019,4.94985,0.750711,118,422,5.48,5.73,1,54,72,0.75,54,63,0.857143,55,64,0.859375,12,44,0.272727,b8-rho0.7,win_w80_n512,window,80,512,,,False,False
sel_coc_d00250_n064_privileged,privileged,100,0.683417,136,199,0.113636,54.1421,1.97,106.66,2921.2,0.730643,0.7303,0.750711,126,422,5.48,6.07,0,52,72,0.722222,43,63,0.68254,41,64,0.640625,5,44,0.113636,b8-rho0.7,coc_d00250_n064,cooccur,,64,250,,True,True
sel_coc_d00250_n128_privileged,privileged,100,0.723618,144,199,0.113636,65.6244,1.97,129.28,3373.6,0.843743,0.8434,0.750711,123,422,5.48,5.98,0,55,72,0.763889,45,63,0.714286,44,64,0.6875,5,44,0.113636,b8-rho0.7,coc_d00250_n128,cooccur,,128,250,,True,True
sel_coc_d00250_n256_privileged,privileged,100,0.728643,145,199,0.113636,67.1675,1.97,132.32,3434.4,0.858943,0.8586,0.750711,123,422,5.48,5.98,0,55,72,0.763889,45,63,0.714286,45,64,0.703125,5,44,0.113636,b8-rho0.7,coc_d00250_n256,cooccur,,256,250,,True,True
sel_coc_d00500_n064_privileged,privileged,100,0.653266,130,199,0.113636,56.4061,1.97,111.12,3010.4,0.752943,0.7526,0.750711,128,422,5.48,6.15,0,51,72,0.708333,41,63,0.650794,38,64,0.59375,5,44,0.113636,b8-rho0.7,coc_d00500_n064,cooccur,,64,500,,False,False
sel_coc_d00500_n128_privileged,privileged,100,0.723618,144,199,0.113636,72.0051,1.97,141.85,3625,0.906593,0.90625,0.750711,123,422,5.48,6,0,54,72,0.75,46,63,0.730159,44,64,0.6875,5,44,0.113636,b8-rho0.7,coc_d00500_n128,cooccur,,128,500,,False,False
sel_coc_d00500_n256_privileged,privileged,100,0.733668,146,199,0.113636,74.5025,1.97,146.77,3723.4,0.931193,0.93085,0.750711,123,422,5.48,5.99,0,55,72,0.763889,46,63,0.730159,45,64,0.703125,5,44,0.113636,b8-rho0.7,coc_d00500_n256,cooccur,,256,500,,True,True
sel_coc_d01000_n064_privileged,privileged,100,0.628141,125,199,0.113636,59.5635,1.97,117.34,3134.8,0.784043,0.7837,0.750711,129,422,5.48,6.2,0,48,72,0.666667,41,63,0.650794,36,64,0.5625,5,44,0.113636,b8-rho0.7,coc_d01000_n064,cooccur,,64,1000,,False,False
sel_coc_d01000_n128_privileged,privileged,100,0.728643,145,199,0.113636,83.7056,1.97,164.9,4086,1.02184,1.0215,0.750711,124,422,5.48,5.98,0,54,72,0.75,46,63,0.730159,45,64,0.703125,5,44,0.113636,b8-rho0.7,coc_d01000_n128,cooccur,,128,1000,,False,False
sel_coc_d01000_n256_privileged,privileged,100,0.748744,149,199,0.113636,88.4315,1.97,174.21,4272.2,1.06839,1.06805,0.750711,123,422,5.48,5.96,0,55,72,0.763889,46,63,0.730159,48,64,0.75,5,44,0.113636,b8-rho0.7,coc_d01000_n256,cooccur,,256,1000,,True,True
sel_coc_d02000_n064_privileged,privileged,100,0.512563,102,199,0.0909091,63.1421,1.97,124.39,3275.8,0.819293,0.81895,0.750711,136,422,5.48,6.38,0,38,72,0.527778,35,63,0.555556,29,64,0.453125,4,44,0.0909091,b8-rho0.7,coc_d02000_n064,cooccur,,64,2000,,False,False
sel_coc_d02000_n128_privileged,privileged,100,0.718593,143,199,0.113636,104.736,1.97,206.33,4914.6,1.22899,1.22865,0.750711,124,422,5.48,6.03,0,52,72,0.722222,48,63,0.761905,43,64,0.671875,5,44,0.113636,b8-rho0.7,coc_d02000_n128,cooccur,,128,2000,,False,False
sel_coc_d02000_n256_privileged,privileged,100,0.743719,148,199,0.113636,117.619,1.97,231.71,5422.2,1.35589,1.35555,0.750711,121,422,5.48,5.96,0,54,72,0.75,48,63,0.761905,46,64,0.71875,5,44,0.113636,b8-rho0.7,coc_d02000_n256,cooccur,,256,2000,,False,False
sel_coc_d04000_n064_privileged,privileged,100,0.447236,89,199,0.0454545,63.9695,1.97,126.02,3308.4,0.827443,0.8271,0.750711,140,422,5.48,6.49,0,34,72,0.472222,35,63,0.555556,20,64,0.3125,2,44,0.0454545,b8-rho0.7,coc_d04000_n064,cooccur,,64,4000,,False,False
sel_coc_d04000_n128_privileged,privileged,100,0.698492,139,199,0.0909091,120.325,1.97,237.04,5528.8,1.38254,1.3822,0.750711,127,422,5.48,6.01,0,51,72,0.708333,49,63,0.777778,39,64,0.609375,4,44,0.0909091,b8-rho0.7,coc_d04000_n128,cooccur,,128,4000,,False,False
sel_coc_d04000_n256_privileged,privileged,100,0.768844,153,199,0.136364,151.584,1.97,298.62,6760.4,1.69044,1.6901,0.750711,121,422,5.48,5.88,0,54,72,0.75,50,63,0.793651,49,64,0.765625,6,44,0.136364,b8-rho0.7,coc_d04000_n256,cooccur,,256,4000,,True,True
sel_coc_d08000_n064_privileged,privileged,100,0.351759,70,199,0.0227273,64,1.97,126.08,3309.6,0.827743,0.8274,0.750711,147,422,5.48,6.66,0,26,72,0.361111,30,63,0.47619,14,64,0.21875,1,44,0.0227273,b8-rho0.7,coc_d08000_n064,cooccur,,64,8000,,False,False
sel_coc_d08000_n128_privileged,privileged,100,0.643216,128,199,0.0681818,126.619,1.97,249.44,5776.8,1.44454,1.4442,0.750711,129,422,5.48,6.1,0,46,72,0.638889,48,63,0.761905,34,64,0.53125,3,44,0.0681818,b8-rho0.7,coc_d08000_n128,cooccur,,128,8000,,False,False
sel_coc_d08000_n256_privileged,privileged,100,0.78392,156,199,0.113636,181.107,1.97,356.78,7923.6,1.98124,1.9809,0.750711,119,422,5.48,5.87,0,54,72,0.75,53,63,0.84127,49,64,0.765625,5,44,0.113636,b8-rho0.7,coc_d08000_n256,cooccur,,256,8000,,True,True
sel_coc_d16000_n064_privileged,privileged,100,0.321608,64,199,0.0227273,64,1.97,126.08,3309.6,0.827743,0.8274,0.750711,148,422,5.48,6.74,0,24,72,0.333333,27,63,0.428571,13,64,0.203125,1,44,0.0227273,b8-rho0.7,coc_d16000_n064,cooccur,,64,16000,,False,False
sel_coc_d16000_n128_privileged,privileged,100,0.638191,127,199,0.0909091,127.553,1.97,251.28,5813.6,1.45374,1.4534,0.750711,129,422,5.48,6.12,0,43,72,0.597222,49,63,0.777778,35,64,0.546875,4,44,0.0909091,b8-rho0.7,coc_d16000_n128,cooccur,,128,16000,,False,False
sel_coc_d16000_n256_privileged,privileged,100,0.81407,162,199,0.136364,190.726,1.97,375.73,8302.6,2.07599,2.07565,0.750711,117,422,5.48,5.83,0,54,72,0.75,53,63,0.84127,55,64,0.859375,6,44,0.136364,b8-rho0.7,coc_d16000_n256,cooccur,,256,16000,,True,True
sel_nbh_k0_n064_privileged,privileged,100,0.628141,125,199,0.113636,35.0914,1.97,69.13,2170.6,0.542993,0.54265,0.750711,129,422,5.48,6.06,0,54,72,0.75,37,63,0.587302,34,64,0.53125,5,44,0.113636,b8-rho0.7,nbh_k0_n064,neighbourhood,,64,,0,True,True
sel_nbh_k0_n128_privileged,privileged,100,0.638191,127,199,0.113636,35.4264,1.97,69.79,2183.8,0.546293,0.54595,0.750711,129,422,5.48,6.04,0,55,72,0.763889,37,63,0.587302,35,64,0.546875,5,44,0.113636,b8-rho0.7,nbh_k0_n128,neighbourhood,,128,,0,True,True
sel_nbh_k0_n256_privileged,privileged,100,0.638191,127,199,0.113636,35.4264,1.97,69.79,2183.8,0.546293,0.54595,0.750711,129,422,5.48,6.04,0,55,72,0.763889,37,63,0.587302,35,64,0.546875,5,44,0.113636,b8-rho0.7,nbh_k0_n256,neighbourhood,,256,,0,False,False
sel_nbh_k1_n064_privileged,privileged,100,0.542714,108,199,0.113636,62.0914,1.97,122.32,3234.4,0.808943,0.8086,0.750711,134,422,5.48,6.4,0,46,72,0.638889,32,63,0.507937,30,64,0.46875,5,44,0.113636,b8-rho0.7,nbh_k1_n064,neighbourhood,,64,,1,False,False
sel_nbh_k1_n128_privileged,privileged,100,0.688442,137,199,0.136364,88.0761,1.97,173.51,4258.2,1.06489,1.06455,0.750711,125,422,5.48,6.05,0,53,72,0.736111,40,63,0.634921,44,64,0.6875,6,44,0.136364,b8-rho0.7,nbh_k1_n128,neighbourhood,,128,,1,True,True
sel_nbh_k1_n256_privileged,privileged,100,0.698492,139,199,0.136364,92.3909,1.97,182.01,4428.2,1.10739,1.10705,0.750711,125,422,5.48,6.02,0,53,72,0.736111,41,63,0.650794,45,64,0.703125,6,44,0.136364,b8-rho0.7,nbh_k1_n256,neighbourhood,,256,,1,True,True
sel_nbh_k2_n064_privileged,privileged,100,0.346734,69,199,0.0227273,64,1.97,126.08,3309.6,0.827743,0.8274,0.750711,146,422,5.48,6.72,0,27,72,0.375,28,63,0.444444,14,64,0.21875,1,44,0.0227273,b8-rho0.7,nbh_k2_n064,neighbourhood,,64,,2,False,False
sel_nbh_k2_n128_privileged,privileged,100,0.648241,129,199,0.113636,123.944,1.97,244.17,5671.4,1.41819,1.41785,0.750711,124,422,5.48,6.13,0,48,72,0.666667,43,63,0.68254,38,64,0.59375,5,44,0.113636,b8-rho0.7,nbh_k2_n128,neighbourhood,,128,,2,False,False
sel_nbh_k2_n256_privileged,privileged,100,0.753769,150,199,0.113636,164.716,1.97,324.49,7277.8,1.81979,1.81945,0.750711,117,422,5.48,5.95,0,54,72,0.75,48,63,0.761905,48,64,0.75,5,44,0.113636,b8-rho0.7,nbh_k2_n256,neighbourhood,,256,,2,True,True
sel_nbh_k3_n064_privileged,privileged,100,0.321608,64,199,0.0227273,64,1.97,126.08,3309.6,0.827743,0.8274,0.750711,149,422,5.48,6.73,0,24,72,0.333333,27,63,0.428571,13,64,0.203125,1,44,0.0227273,b8-rho0.7,nbh_k3_n064,neighbourhood,,64,,3,False,False
sel_nbh_k3_n128_privileged,privileged,100,0.638191,127,199,0.113636,127.467,1.97,251.11,5810.2,1.45289,1.45255,0.750711,128,422,5.48,6.13,0,43,72,0.597222,48,63,0.761905,36,64,0.5625,5,44,0.113636,b8-rho0.7,nbh_k3_n128,neighbourhood,,128,,3,False,False
sel_nbh_k3_n256_privileged,privileged,100,0.81407,162,199,0.136364,188.025,1.97,370.41,8196.2,2.04939,2.04905,0.750711,117,422,5.48,5.82,0,54,72,0.75,53,63,0.84127,55,64,0.859375,6,44,0.136364,b8-rho0.7,nbh_k3_n256,neighbourhood,,256,,3,True,True
sel_nbh_k4_n064_privileged,privileged,100,0.321608,64,199,0.0227273,64,1.97,126.08,3309.6,0.827743,0.8274,0.750711,148,422,5.48,6.71,0,24,72,0.333333,27,63,0.428571,13,64,0.203125,1,44,0.0227273,b8-rho0.7,nbh_k4_n064,neighbourhood,,64,,4,False,False
sel_nbh_k4_n128_privileged,privileged,100,0.633166,126,199,0.113636,127.563,1.97,251.3,5814,1.45384,1.4535,0.750711,128,422,5.48,6.13,0,43,72,0.597222,48,63,0.761905,35,64,0.546875,5,44,0.113636,b8-rho0.7,nbh_k4_n128,neighbourhood,,128,,4,False,False
sel_nbh_k4_n256_privileged,privileged,100,0.81407,162,199,0.136364,191.371,1.97,377,8328,2.08234,2.082,0.750711,117,422,5.48,5.83,0,54,72,0.75,53,63,0.84127,55,64,0.859375,6,44,0.136364,b8-rho0.7,nbh_k4_n256,neighbourhood,,256,,4,False,False
sel_nbh_k6_n064_privileged,privileged,100,0.321608,64,199,0.0227273,64,1.97,126.08,3309.6,0.827743,0.8274,0.750711,148,422,5.48,6.7,0,24,72,0.333333,27,63,0.428571,13,64,0.203125,1,44,0.0227273,b8-rho0.7,nbh_k6_n064,neighbourhood,,64,,6,False,False
sel_nbh_k6_n128_privileged,privileged,100,0.633166,126,199,0.0909091,127.563,1.97,251.3,5814,1.45384,1.4535,0.750711,129,422,5.48,6.14,0,43,72,0.597222,48,63,0.761905,35,64,0.546875,4,44,0.0909091,b8-rho0.7,nbh_k6_n128,neighbourhood,,128,,6,False,False
sel_nbh_k6_n256_privileged,privileged,100,0.81407,162,199,0.136364,191.772,1.97,377.79,8343.8,2.08629,2.08595,0.750711,117,422,5.48,5.83,0,54,72,0.75,53,63,0.84127,55,64,0.859375,6,44,0.136364,b8-rho0.7,nbh_k6_n256,neighbourhood,,256,,6,False,False
oracle_escalation_privileged,privileged,100,0.98995,197,199,1,5.12346,2.43,12.45,1221,0.305593,0.30525,0.750711,95,422,5.48,3.99,0,72,72,1,63,63,1,62,64,0.96875,44,44,1,b8-rho0.7,oracle_escalation_privileged,reference,,,,,False,False
never_escalate,comparison,100,0,0,199,0,,0,0,0,0.000343333,0,0.750711,165,422,5.48,5.72,0,0,72,0,0,63,0,0,64,0,0,44,0,b8-rho0.7,never_escalate,reference,,,,,False,False
oracle_selection_context_d16_privileged,privileged,100,0.819095,163,199,0.272727,5.27919,1.97,10.4,996,0.249343,0.249,0.750711,118,422,5.48,5.74,0,55,72,0.763889,54,63,0.857143,54,64,0.84375,12,44,0.272727,b8-rho0.7,oracle_selection_context_d16_privileged,reference,,,,,False,False
