seed,incident,tier,family,mode,level,answer,site,correct,decided,cited_ff,cited_lookalike_ff
30001,10,hard,Cascade,mimic,0,Cascade,2,1,Cascade,4,0
30001,10,hard,Cascade,mimic,50,Cascade,2,1,Cascade,4,0
30001,10,hard,Cascade,mimic,100,Cascade,2,1,Cascade,4,0
30001,10,hard,Cascade,mimic,200,Cascade,2,1,Cascade,6,2
30001,10,hard,Cascade,mimic,400,Cascade,2,1,Cascade,9,5
30001,10,hard,Cascade,mimic,control,ResourceExhausted,2,0,NotHard,0,0
30002,15,hard,Cascade,contradict,0,Cascade,6,1,Cascade,3,0
30002,15,hard,Cascade,contradict,50,Cascade,6,1,Cascade,4,1
30002,15,hard,Cascade,contradict,100,Cascade,6,1,Cascade,4,1
30002,15,hard,Cascade,contradict,200,Cascade,6,1,Cascade,5,2
30002,15,hard,Cascade,contradict,400,Cascade,6,1,Cascade,6,3
30002,15,hard,Cascade,contradict,control,ResourceExhausted,6,0,NotHard,1,1
30003,20,hard,Compound,contradict,0,Compound,5,1,Compound,3,0
30003,20,hard,Compound,contradict,50,Compound,5,1,Compound,3,0
30003,20,hard,Compound,contradict,100,Compound,5,1,Compound,3,0
30003,20,hard,Compound,contradict,200,Compound,5,1,Compound,4,1
30003,20,hard,Compound,contradict,400,Compound,5,1,Compound,7,4
30003,20,hard,Compound,contradict,control,ResourceExhausted,5,0,NotHard,0,0
30004,17,hard,Compound,mimic,0,Compound,5,1,Compound,3,0
30004,17,hard,Compound,mimic,50,Compound,5,1,Compound,5,2
30004,17,hard,Compound,mimic,100,Compound,5,1,Compound,7,4
30004,17,hard,Compound,mimic,200,Compound,5,1,Compound,7,4
30004,17,hard,Compound,mimic,400,Compound,5,1,Compound,8,5
30004,17,hard,Compound,mimic,control,ResourceExhausted,5,0,NotHard,2,2
30005,6,hard,SplitBrain,contradict,0,SplitBrain,6,1,SplitBrain,3,0
30005,6,hard,SplitBrain,contradict,50,SplitBrain,6,1,SplitBrain,2,0
30005,6,hard,SplitBrain,contradict,100,SplitBrain,6,1,SplitBrain,2,0
30005,6,hard,SplitBrain,contradict,200,SplitBrain,6,1,SplitBrain,3,1
30005,6,hard,SplitBrain,contradict,400,SplitBrain,6,1,SplitBrain,5,2
30005,6,hard,SplitBrain,contradict,control,ResourceExhausted,6,0,NotHard,0,0
30006,17,hard,Cascade,contradict,0,Cascade,5,1,Cascade,4,0
30006,17,hard,Cascade,contradict,50,Cascade,5,1,Cascade,4,0
30006,17,hard,Cascade,contradict,100,SplitBrain,5,0,SplitBrain,5,1
30006,17,hard,Cascade,contradict,200,ResourceExhausted,5,0,NotHard,6,2
30006,17,hard,Cascade,contradict,400,DependencyDown,5,0,NotHard,8,4
30006,17,hard,Cascade,contradict,control,ResourceExhausted,5,0,NotHard,0,0
30007,6,hard,Cascade,mimic,0,Cascade,10,1,Cascade,3,0
30007,6,hard,Cascade,mimic,50,Cascade,10,1,Cascade,3,0
30007,6,hard,Cascade,mimic,100,Cascade,10,1,Cascade,3,0
30007,6,hard,Cascade,mimic,200,Cascade,10,1,Cascade,3,0
30007,6,hard,Cascade,mimic,400,Cascade,10,1,Cascade,5,2
30007,6,hard,Cascade,mimic,control,ResourceExhausted,10,0,NotHard,0,0
30011,17,hard,SplitBrain,mimic,0,SplitBrain,7,1,SplitBrain,4,0
30011,17,hard,SplitBrain,mimic,50,SplitBrain,7,1,SplitBrain,5,1
30011,17,hard,SplitBrain,mimic,100,SplitBrain,7,1,SplitBrain,6,2
30011,17,hard,SplitBrain,mimic,200,SplitBrain,7,1,SplitBrain,6,2
30011,17,hard,SplitBrain,mimic,400,SplitBrain,7,1,SplitBrain,7,3
30011,17,hard,SplitBrain,mimic,control,ResourceExhausted,7,0,NotHard,1,1
30012,10,hard,Compound,contradict,0,Compound,4,1,Compound,3,0
30012,10,hard,Compound,contradict,50,Compound,4,1,Compound,3,0
30012,10,hard,Compound,contradict,100,Compound,4,1,Compound,3,0
30012,10,hard,Compound,contradict,200,Compound,4,1,Compound,4,1
30012,10,hard,Compound,contradict,400,Compound,4,1,Compound,6,3
30012,10,hard,Compound,contradict,control,ResourceExhausted,4,0,NotHard,0,0
30013,23,hard,SplitBrain,mimic,0,SplitBrain,10,1,SplitBrain,3,0
30013,23,hard,SplitBrain,mimic,50,SplitBrain,10,1,SplitBrain,4,1
30013,23,hard,SplitBrain,mimic,100,SplitBrain,10,1,SplitBrain,5,2
30013,23,hard,SplitBrain,mimic,200,SplitBrain,10,1,SplitBrain,4,1
30013,23,hard,SplitBrain,mimic,400,SplitBrain,10,1,SplitBrain,6,3
30013,23,hard,SplitBrain,mimic,control,ResourceExhausted,10,0,NotHard,2,2
30014,9,hard,SplitBrain,contradict,0,SplitBrain,6,1,SplitBrain,4,0
30014,9,hard,SplitBrain,contradict,50,SplitBrain,6,1,SplitBrain,5,1
30014,9,hard,SplitBrain,contradict,100,SplitBrain,6,1,SplitBrain,6,2
30014,9,hard,SplitBrain,contradict,200,SplitBrain,6,1,SplitBrain,6,2
30014,9,hard,SplitBrain,contradict,400,SplitBrain,6,1,SplitBrain,8,4
30014,9,hard,SplitBrain,contradict,control,SplitBrain,6,1,SplitBrain,1,1
30015,4,hard,SplitBrain,mimic,0,SplitBrain,7,1,SplitBrain,5,0
30015,4,hard,SplitBrain,mimic,50,SplitBrain,7,1,SplitBrain,6,1
30015,4,hard,SplitBrain,mimic,100,SplitBrain,7,1,SplitBrain,6,1
30015,4,hard,SplitBrain,mimic,200,SplitBrain,7,1,SplitBrain,7,2
30015,4,hard,SplitBrain,mimic,400,SplitBrain,7,1,SplitBrain,7,2
30015,4,hard,SplitBrain,mimic,control,ResourceExhausted,7,0,NotHard,2,2
30016,13,hard,Cascade,contradict,0,Cascade,4,1,Cascade,4,0
30016,13,hard,Cascade,contradict,50,Cascade,4,1,Cascade,4,0
30016,13,hard,Cascade,contradict,100,Cascade,4,1,Cascade,4,0
30016,13,hard,Cascade,contradict,200,Cascade,4,1,Cascade,7,3
30016,13,hard,Cascade,contradict,400,SplitBrain,4,0,SplitBrain,11,7
30016,13,hard,Cascade,contradict,control,ResourceExhausted,4,0,NotHard,0,0
30018,22,hard,Cascade,contradict,0,Cascade,6,1,Cascade,4,0
30018,22,hard,Cascade,contradict,50,Cascade,6,1,Cascade,4,0
30018,22,hard,Cascade,contradict,100,Cascade,6,1,Cascade,4,0
30018,22,hard,Cascade,contradict,200,Cascade,6,1,Cascade,5,1
30018,22,hard,Cascade,contradict,400,Cascade,6,1,Cascade,5,1
30018,22,hard,Cascade,contradict,control,ResourceExhausted,6,0,NotHard,0,0
30023,11,hard,SplitBrain,mimic,0,SplitBrain,5,1,SplitBrain,3,0
30023,11,hard,SplitBrain,mimic,50,SplitBrain,5,1,SplitBrain,4,1
30023,11,hard,SplitBrain,mimic,100,SplitBrain,5,1,SplitBrain,5,2
30023,11,hard,SplitBrain,mimic,200,SplitBrain,5,1,SplitBrain,6,3
30023,11,hard,SplitBrain,mimic,400,SplitBrain,5,1,SplitBrain,9,6
30023,11,hard,SplitBrain,mimic,control,ResourceExhausted,5,0,NotHard,2,2
30024,2,hard,SplitBrain,mimic,0,SplitBrain,10,1,SplitBrain,5,0
30024,2,hard,SplitBrain,mimic,50,SplitBrain,10,1,SplitBrain,5,0
30024,2,hard,SplitBrain,mimic,100,SplitBrain,10,1,SplitBrain,5,0
30024,2,hard,SplitBrain,mimic,200,SplitBrain,10,1,SplitBrain,6,1
30024,2,hard,SplitBrain,mimic,400,SplitBrain,10,1,SplitBrain,8,3
30024,2,hard,SplitBrain,mimic,control,SplitBrain,10,1,SplitBrain,1,1
30025,14,hard,Compound,contradict,0,Compound,3,1,Compound,4,0
30025,14,hard,Compound,contradict,50,Compound,3,1,Compound,6,2
30025,14,hard,Compound,contradict,100,Compound,3,1,Compound,7,3
30025,14,hard,Compound,contradict,200,Compound,3,1,Compound,8,4
30025,14,hard,Compound,contradict,400,Compound,3,1,Compound,9,5
30025,14,hard,Compound,contradict,control,ResourceExhausted,3,0,NotHard,2,2
30026,25,hard,Cascade,contradict,0,Cascade,3,1,Cascade,5,0
30026,25,hard,Cascade,contradict,50,Cascade,3,1,Cascade,5,0
30026,25,hard,Cascade,contradict,100,SplitBrain,3,0,SplitBrain,5,0
30026,25,hard,Cascade,contradict,200,Cascade,3,1,Cascade,7,2
30026,25,hard,Cascade,contradict,400,Cascade,3,1,Cascade,8,5
30026,25,hard,Cascade,contradict,control,ResourceExhausted,3,0,NotHard,0,0
30028,6,hard,SplitBrain,contradict,0,Cascade,6,0,Cascade,5,0
30028,6,hard,SplitBrain,contradict,50,SplitBrain,6,1,SplitBrain,5,0
30028,6,hard,SplitBrain,contradict,100,SplitBrain,6,1,SplitBrain,5,0
30028,6,hard,SplitBrain,contradict,200,SplitBrain,6,1,SplitBrain,6,1
30028,6,hard,SplitBrain,contradict,400,SplitBrain,6,1,SplitBrain,7,2
30028,6,hard,SplitBrain,contradict,control,ResourceExhausted,6,0,NotHard,0,0
30029,11,hard,Cascade,mimic,0,Cascade,3,1,Cascade,3,0
30029,11,hard,Cascade,mimic,50,Cascade,3,1,Cascade,3,0
30029,11,hard,Cascade,mimic,100,Cascade,3,1,Cascade,3,0
30029,11,hard,Cascade,mimic,200,Cascade,3,1,Cascade,4,1
30029,11,hard,Cascade,mimic,400,Cascade,3,1,Cascade,6,3
30029,11,hard,Cascade,mimic,control,ResourceExhausted,3,0,NotHard,1,1
30031,4,hard,Compound,contradict,0,Compound,4,1,Compound,3,0
30031,4,hard,Compound,contradict,50,Compound,4,1,Compound,4,1
30031,4,hard,Compound,contradict,100,Compound,4,1,Compound,5,2
30031,4,hard,Compound,contradict,200,Compound,4,1,Compound,7,4
30031,4,hard,Compound,contradict,400,Compound,4,1,Compound,9,6
30031,4,hard,Compound,contradict,control,ResourceExhausted,4,0,NotHard,1,1
30032,6,hard,Compound,mimic,0,Compound,5,1,Compound,4,0
30032,6,hard,Compound,mimic,50,Compound,5,1,Compound,5,1
30032,6,hard,Compound,mimic,100,Compound,5,1,Compound,5,1
30032,6,hard,Compound,mimic,200,Compound,5,1,Compound,7,3
30032,6,hard,Compound,mimic,400,Compound,5,1,Compound,11,7
30032,6,hard,Compound,mimic,control,ResourceExhausted,5,0,NotHard,1,1
30034,4,hard,SplitBrain,mimic,0,SplitBrain,3,1,SplitBrain,3,0
30034,4,hard,SplitBrain,mimic,50,SplitBrain,3,1,SplitBrain,4,1
30034,4,hard,SplitBrain,mimic,100,SplitBrain,3,1,SplitBrain,5,2
30034,4,hard,SplitBrain,mimic,200,SplitBrain,3,1,SplitBrain,6,3
30034,4,hard,SplitBrain,mimic,400,SplitBrain,3,1,SplitBrain,8,5
30034,4,hard,SplitBrain,mimic,control,ResourceExhausted,3,0,NotHard,1,1
30035,25,hard,SplitBrain,mimic,0,SplitBrain,7,1,SplitBrain,5,0
30035,25,hard,SplitBrain,mimic,50,SplitBrain,7,1,SplitBrain,5,0
30035,25,hard,SplitBrain,mimic,100,SplitBrain,7,1,SplitBrain,5,0
30035,25,hard,SplitBrain,mimic,200,SplitBrain,7,1,SplitBrain,5,0
30035,25,hard,SplitBrain,mimic,400,SplitBrain,7,1,SplitBrain,6,1
30035,25,hard,SplitBrain,mimic,control,ResourceExhausted,7,0,NotHard,0,0
30036,25,hard,SplitBrain,mimic,0,SplitBrain,3,1,SplitBrain,4,0
30036,25,hard,SplitBrain,mimic,50,SplitBrain,3,1,SplitBrain,4,0
30036,25,hard,SplitBrain,mimic,100,SplitBrain,3,1,SplitBrain,6,2
30036,25,hard,SplitBrain,mimic,200,SplitBrain,3,1,SplitBrain,7,3
30036,25,hard,SplitBrain,mimic,400,SplitBrain,3,1,SplitBrain,8,4
30036,25,hard,SplitBrain,mimic,control,ResourceExhausted,3,0,NotHard,1,1
30038,22,hard,Compound,mimic,0,Compound,5,1,Compound,3,0
30038,22,hard,Compound,mimic,50,Compound,5,1,Compound,4,1
30038,22,hard,Compound,mimic,100,Compound,5,1,Compound,6,3
30038,22,hard,Compound,mimic,200,SplitBrain,5,0,SplitBrain,7,4
30038,22,hard,Compound,mimic,400,Compound,5,1,Compound,9,6
30038,22,hard,Compound,mimic,control,ResourceExhausted,5,0,NotHard,1,1
30040,21,hard,SplitBrain,contradict,0,SplitBrain,8,1,SplitBrain,5,0
30040,21,hard,SplitBrain,contradict,50,SplitBrain,8,1,SplitBrain,5,0
30040,21,hard,SplitBrain,contradict,100,SplitBrain,8,1,SplitBrain,6,1
30040,21,hard,SplitBrain,contradict,200,SplitBrain,8,1,SplitBrain,7,2
30040,21,hard,SplitBrain,contradict,400,SplitBrain,8,1,SplitBrain,8,3
30040,21,hard,SplitBrain,contradict,control,ResourceExhausted,8,0,NotHard,0,0
30042,4,hard,SplitBrain,contradict,0,Cascade,5,0,Cascade,5,0
30042,4,hard,SplitBrain,contradict,50,SplitBrain,5,1,SplitBrain,9,4
30042,4,hard,SplitBrain,contradict,100,SplitBrain,5,1,SplitBrain,9,4
30042,4,hard,SplitBrain,contradict,200,SplitBrain,5,1,SplitBrain,11,6
30042,4,hard,SplitBrain,contradict,400,SplitBrain,5,1,SplitBrain,13,8
30042,4,hard,SplitBrain,contradict,control,SplitBrain,5,1,SplitBrain,4,4
30043,21,hard,SplitBrain,mimic,0,SplitBrain,6,1,SplitBrain,3,0
30043,21,hard,SplitBrain,mimic,50,SplitBrain,6,1,SplitBrain,3,0
30043,21,hard,SplitBrain,mimic,100,SplitBrain,6,1,SplitBrain,3,0
30043,21,hard,SplitBrain,mimic,200,SplitBrain,6,1,SplitBrain,4,1
30043,21,hard,SplitBrain,mimic,400,SplitBrain,6,1,SplitBrain,7,4
30043,21,hard,SplitBrain,mimic,control,ResourceExhausted,6,0,NotHard,1,1
30044,24,hard,Cascade,contradict,0,Cascade,5,1,Cascade,4,0
30044,24,hard,Cascade,contradict,50,Cascade,5,1,Cascade,4,0
30044,24,hard,Cascade,contradict,100,ResourceExhausted,5,0,NotHard,4,0
30044,24,hard,Cascade,contradict,200,Cascade,5,1,Cascade,7,3
30044,24,hard,Cascade,contradict,400,ResourceExhausted,5,0,NotHard,9,5
30044,24,hard,Cascade,contradict,control,ResourceExhausted,5,0,NotHard,1,1
30045,4,hard,SplitBrain,mimic,0,SplitBrain,7,1,SplitBrain,3,0
30045,4,hard,SplitBrain,mimic,50,SplitBrain,7,1,SplitBrain,5,2
30045,4,hard,SplitBrain,mimic,100,SplitBrain,7,1,SplitBrain,7,4
30045,4,hard,SplitBrain,mimic,200,SplitBrain,7,1,SplitBrain,8,5
30045,4,hard,SplitBrain,mimic,400,SplitBrain,7,1,SplitBrain,11,8
30045,4,hard,SplitBrain,mimic,control,ResourceExhausted,7,0,NotHard,2,2
30046,10,hard,Cascade,mimic,0,Cascade,1,1,Cascade,5,0
30046,10,hard,Cascade,mimic,50,Cascade,1,1,Cascade,6,1
30046,10,hard,Cascade,mimic,100,Cascade,1,1,Cascade,6,1
30046,10,hard,Cascade,mimic,200,Cascade,1,1,Cascade,7,2
30046,10,hard,Cascade,mimic,400,Cascade,1,1,Cascade,8,3
30046,10,hard,Cascade,mimic,control,ResourceExhausted,1,0,NotHard,1,1
30048,8,hard,Compound,contradict,0,Compound,2,1,Compound,4,0
30048,8,hard,Compound,contradict,50,Compound,2,1,Compound,4,0
30048,8,hard,Compound,contradict,100,Compound,2,1,Compound,4,0
30048,8,hard,Compound,contradict,200,Compound,2,1,Compound,5,1
30048,8,hard,Compound,contradict,400,Compound,2,1,Compound,5,1
30048,8,hard,Compound,contradict,control,ResourceExhausted,2,0,NotHard,0,0
30051,6,hard,Cascade,contradict,0,Cascade,7,1,Cascade,4,0
30051,6,hard,Cascade,contradict,50,Cascade,7,1,Cascade,6,2
30051,6,hard,Cascade,contradict,100,Cascade,7,1,Cascade,6,2
30051,6,hard,Cascade,contradict,200,Cascade,7,1,Cascade,10,6
30051,6,hard,Cascade,contradict,400,Cascade,7,1,Cascade,13,9
30051,6,hard,Cascade,contradict,control,ResourceExhausted,7,0,NotHard,2,2
30052,17,hard,Compound,contradict,0,Compound,6,1,Compound,3,0
30052,17,hard,Compound,contradict,50,Compound,6,1,Compound,3,0
30052,17,hard,Compound,contradict,100,Compound,6,1,Compound,6,3
30052,17,hard,Compound,contradict,200,Compound,6,1,Compound,7,4
30052,17,hard,Compound,contradict,400,Compound,6,1,Compound,6,3
30052,17,hard,Compound,contradict,control,ResourceExhausted,6,0,NotHard,0,0
30053,21,hard,Cascade,mimic,0,Cascade,3,1,Cascade,3,0
30053,21,hard,Cascade,mimic,50,Cascade,3,1,Cascade,3,0
30053,21,hard,Cascade,mimic,100,Cascade,3,1,Cascade,4,1
30053,21,hard,Cascade,mimic,200,Cascade,3,1,Cascade,7,4
30053,21,hard,Cascade,mimic,400,Cascade,3,1,Cascade,9,6
30053,21,hard,Cascade,mimic,control,DependencyDown,3,0,NotHard,0,0
30055,1,hard,Compound,mimic,0,Compound,3,1,Compound,4,0
30055,1,hard,Compound,mimic,50,Compound,3,1,Compound,6,2
30055,1,hard,Compound,mimic,100,Compound,3,1,Compound,6,2
30055,1,hard,Compound,mimic,200,Compound,3,1,Compound,8,4
30055,1,hard,Compound,mimic,400,Compound,3,1,Compound,10,6
30055,1,hard,Compound,mimic,control,ResourceExhausted,3,0,NotHard,2,2
30056,22,hard,Cascade,contradict,0,Cascade,5,1,Cascade,5,0
30056,22,hard,Cascade,contradict,50,Cascade,5,1,Cascade,5,0
30056,22,hard,Cascade,contradict,100,Cascade,5,1,Cascade,6,3
30056,22,hard,Cascade,contradict,200,Cascade,5,1,Cascade,4,1
30056,22,hard,Cascade,contradict,400,Cascade,5,1,Cascade,4,1
30056,22,hard,Cascade,contradict,control,ResourceExhausted,5,0,NotHard,1,1
30057,15,hard,Cascade,mimic,0,Cascade,4,1,Cascade,5,0
30057,15,hard,Cascade,mimic,50,Cascade,4,1,Cascade,5,0
30057,15,hard,Cascade,mimic,100,Cascade,4,1,Cascade,6,1
30057,15,hard,Cascade,mimic,200,Cascade,4,1,Cascade,6,1
30057,15,hard,Cascade,mimic,400,Cascade,4,1,Cascade,9,4
30057,15,hard,Cascade,mimic,control,ResourceExhausted,4,0,NotHard,1,1
30058,27,hard,SplitBrain,contradict,0,Cascade,2,0,Cascade,3,0
30058,27,hard,SplitBrain,contradict,50,Compound,2,0,Compound,4,1
30058,27,hard,SplitBrain,contradict,100,Compound,2,0,Compound,5,3
30058,27,hard,SplitBrain,contradict,200,Compound,2,0,Compound,5,3
30058,27,hard,SplitBrain,contradict,400,SplitBrain,2,1,SplitBrain,7,5
30058,27,hard,SplitBrain,contradict,control,ResourceExhausted,2,0,NotHard,1,1
30059,18,hard,SplitBrain,mimic,0,SplitBrain,1,1,SplitBrain,5,0
30059,18,hard,SplitBrain,mimic,50,SplitBrain,1,1,SplitBrain,5,0
30059,18,hard,SplitBrain,mimic,100,SplitBrain,1,1,SplitBrain,6,1
30059,18,hard,SplitBrain,mimic,200,SplitBrain,1,1,SplitBrain,9,4
30059,18,hard,SplitBrain,mimic,400,SplitBrain,1,1,SplitBrain,9,4
30059,18,hard,SplitBrain,mimic,control,SplitBrain,1,1,SplitBrain,0,0
30060,28,hard,SplitBrain,contradict,0,Cascade,6,0,Cascade,5,0
30060,28,hard,SplitBrain,contradict,50,Cascade,6,0,Cascade,5,0
30060,28,hard,SplitBrain,contradict,100,Cascade,6,0,Cascade,5,0
30060,28,hard,SplitBrain,contradict,200,Cascade,6,0,Cascade,5,0
30060,28,hard,SplitBrain,contradict,400,SplitBrain,6,1,SplitBrain,7,2
30060,28,hard,SplitBrain,contradict,control,ResourceExhausted,6,0,NotHard,1,1
30061,2,hard,Compound,contradict,0,Compound,1,1,Compound,4,0
30061,2,hard,Compound,contradict,50,Compound,1,1,Compound,4,0
30061,2,hard,Compound,contradict,100,Compound,1,1,Compound,4,0
30061,2,hard,Compound,contradict,200,Compound,1,1,Compound,5,1
30061,2,hard,Compound,contradict,400,Compound,1,1,Compound,10,6
30061,2,hard,Compound,contradict,control,ResourceExhausted,1,0,NotHard,0,0
30062,19,hard,SplitBrain,contradict,0,SplitBrain,9,1,SplitBrain,5,0
30062,19,hard,SplitBrain,contradict,50,Compound,9,0,Compound,5,0
30062,19,hard,SplitBrain,contradict,100,Compound,9,0,Compound,5,0
30062,19,hard,SplitBrain,contradict,200,Compound,9,0,Compound,5,0
30062,19,hard,SplitBrain,contradict,400,Compound,9,0,Compound,3,0
30062,19,hard,SplitBrain,contradict,control,ResourceExhausted,9,0,NotHard,0,0
30063,13,hard,Compound,contradict,0,Compound,5,1,Compound,4,0
30063,13,hard,Compound,contradict,50,Compound,5,1,Compound,5,1
30063,13,hard,Compound,contradict,100,Compound,5,1,Compound,6,2
30063,13,hard,Compound,contradict,200,Compound,5,1,Compound,7,3
30063,13,hard,Compound,contradict,400,Compound,5,1,Compound,7,3
30063,13,hard,Compound,contradict,control,ResourceExhausted,5,0,NotHard,1,1
30064,15,hard,SplitBrain,contradict,0,SplitBrain,0,1,SplitBrain,4,0
30064,15,hard,SplitBrain,contradict,50,SplitBrain,0,1,SplitBrain,4,2
30064,15,hard,SplitBrain,contradict,100,SplitBrain,0,1,SplitBrain,4,2
30064,15,hard,SplitBrain,contradict,200,SplitBrain,0,1,SplitBrain,6,2
30064,15,hard,SplitBrain,contradict,400,Compound,0,0,Compound,6,2
30064,15,hard,SplitBrain,contradict,control,ResourceExhausted,0,0,NotHard,2,2
30065,23,hard,Cascade,mimic,0,Cascade,8,1,Cascade,3,0
30065,23,hard,Cascade,mimic,50,Cascade,8,1,Cascade,5,2
30065,23,hard,Cascade,mimic,100,Cascade,8,1,Cascade,6,3
30065,23,hard,Cascade,mimic,200,Cascade,8,1,Cascade,6,3
30065,23,hard,Cascade,mimic,400,Cascade,8,1,Cascade,8,5
30065,23,hard,Cascade,mimic,control,ResourceExhausted,8,0,NotHard,1,1
30066,10,hard,Cascade,contradict,0,Cascade,3,1,Cascade,3,0
30066,10,hard,Cascade,contradict,50,Cascade,3,1,Cascade,3,0
30066,10,hard,Cascade,contradict,100,ResourceExhausted,3,0,NotHard,3,0
30066,10,hard,Cascade,contradict,200,ResourceExhausted,3,0,NotHard,6,4
30066,10,hard,Cascade,contradict,400,Cascade,3,1,Cascade,8,5
30066,10,hard,Cascade,contradict,control,ResourceExhausted,3,0,NotHard,0,0
30067,19,hard,Compound,contradict,0,Compound,4,1,Compound,3,0
30067,19,hard,Compound,contradict,50,Compound,4,1,Compound,4,1
30067,19,hard,Compound,contradict,100,Cascade,4,0,Cascade,5,2
30067,19,hard,Compound,contradict,200,Compound,4,1,Compound,5,2
30067,19,hard,Compound,contradict,400,Compound,4,1,Compound,7,4
30067,19,hard,Compound,contradict,control,ResourceExhausted,4,0,NotHard,1,1
30068,7,hard,Compound,contradict,0,Compound,0,1,Compound,5,0
30068,7,hard,Compound,contradict,50,Compound,0,1,Compound,6,1
30068,7,hard,Compound,contradict,100,Compound,0,1,Compound,6,1
30068,7,hard,Compound,contradict,200,Compound,0,1,Compound,5,0
30068,7,hard,Compound,contradict,400,Compound,0,1,Compound,7,2
30068,7,hard,Compound,contradict,control,ResourceExhausted,0,0,NotHard,1,1
30070,24,hard,Compound,contradict,0,Compound,6,1,Compound,5,0
30070,24,hard,Compound,contradict,50,Compound,6,1,Compound,5,0
30070,24,hard,Compound,contradict,100,Compound,6,1,Compound,8,3
30070,24,hard,Compound,contradict,200,SplitBrain,6,0,SplitBrain,11,6
30070,24,hard,Compound,contradict,400,Compound,6,1,Compound,12,7
30070,24,hard,Compound,contradict,control,ResourceExhausted,6,0,NotHard,0,0
30071,10,hard,Cascade,contradict,0,Cascade,1,1,Cascade,3,0
30071,10,hard,Cascade,contradict,50,Cascade,1,1,Cascade,5,2
30071,10,hard,Cascade,contradict,100,Cascade,1,1,Cascade,6,3
30071,10,hard,Cascade,contradict,200,Cascade,1,1,Cascade,7,4
30071,10,hard,Cascade,contradict,400,Cascade,1,1,Cascade,11,8
30071,10,hard,Cascade,contradict,control,ResourceExhausted,1,0,NotHard,2,2
30072,26,hard,Cascade,contradict,0,Cascade,6,1,Cascade,3,0
30072,26,hard,Cascade,contradict,50,Cascade,6,1,Cascade,4,1
30072,26,hard,Cascade,contradict,100,ResourceExhausted,6,0,NotHard,4,1
30072,26,hard,Cascade,contradict,200,Cascade,6,1,Cascade,5,2
30072,26,hard,Cascade,contradict,400,Cascade,6,1,Cascade,6,3
30072,26,hard,Cascade,contradict,control,ResourceExhausted,6,0,NotHard,1,1
30073,4,hard,Cascade,contradict,0,Cascade,4,1,Cascade,4,0
30073,4,hard,Cascade,contradict,50,Cascade,4,1,Cascade,4,0
30073,4,hard,Cascade,contradict,100,Cascade,4,1,Cascade,4,0
30073,4,hard,Cascade,contradict,200,Cascade,4,1,Cascade,6,2
30073,4,hard,Cascade,contradict,400,SplitBrain,4,0,SplitBrain,8,4
30073,4,hard,Cascade,contradict,control,ResourceExhausted,4,0,NotHard,0,0
30075,1,hard,Compound,mimic,0,Compound,2,1,Compound,4,0
30075,1,hard,Compound,mimic,50,Compound,2,1,Compound,6,2
30075,1,hard,Compound,mimic,100,Compound,2,1,Compound,6,2
30075,1,hard,Compound,mimic,200,Compound,2,1,Compound,7,3
30075,1,hard,Compound,mimic,400,Compound,2,1,Compound,9,5
30075,1,hard,Compound,mimic,control,ResourceExhausted,2,0,NotHard,2,2
30077,4,hard,SplitBrain,contradict,0,SplitBrain,0,1,SplitBrain,3,0
30077,4,hard,SplitBrain,contradict,50,SplitBrain,0,1,SplitBrain,3,0
30077,4,hard,SplitBrain,contradict,100,SplitBrain,0,1,SplitBrain,3,0
30077,4,hard,SplitBrain,contradict,200,SplitBrain,0,1,SplitBrain,4,1
30077,4,hard,SplitBrain,contradict,400,SplitBrain,0,1,SplitBrain,6,4
30077,4,hard,SplitBrain,contradict,control,ResourceExhausted,0,0,NotHard,2,2
30078,3,hard,Cascade,contradict,0,Cascade,1,1,Cascade,3,0
30078,3,hard,Cascade,contradict,50,SplitBrain,1,0,SplitBrain,5,2
30078,3,hard,Cascade,contradict,100,Cascade,1,1,Cascade,5,2
30078,3,hard,Cascade,contradict,200,Cascade,1,1,Cascade,4,1
30078,3,hard,Cascade,contradict,400,Cascade,1,1,Cascade,9,6
30078,3,hard,Cascade,contradict,control,ResourceExhausted,1,0,NotHard,2,2
30079,19,hard,Cascade,mimic,0,Cascade,3,1,Cascade,3,0
30079,19,hard,Cascade,mimic,50,Cascade,3,1,Cascade,5,2
30079,19,hard,Cascade,mimic,100,Cascade,3,1,Cascade,5,2
30079,19,hard,Cascade,mimic,200,Cascade,3,1,Cascade,5,2
30079,19,hard,Cascade,mimic,400,Cascade,3,1,Cascade,6,3
30079,19,hard,Cascade,mimic,control,DependencyDown,3,0,NotHard,2,2
30080,15,hard,SplitBrain,contradict,0,SplitBrain,8,1,SplitBrain,4,0
30080,15,hard,SplitBrain,contradict,50,SplitBrain,8,1,SplitBrain,4,0
30080,15,hard,SplitBrain,contradict,100,SplitBrain,8,1,SplitBrain,4,0
30080,15,hard,SplitBrain,contradict,200,SplitBrain,8,1,SplitBrain,4,0
30080,15,hard,SplitBrain,contradict,400,SplitBrain,8,1,SplitBrain,5,1
30080,15,hard,SplitBrain,contradict,control,ResourceExhausted,8,0,NotHard,0,0
30081,17,hard,Cascade,mimic,0,Cascade,3,1,Cascade,5,0
30081,17,hard,Cascade,mimic,50,Cascade,3,1,Cascade,5,0
30081,17,hard,Cascade,mimic,100,Cascade,3,1,Cascade,5,0
30081,17,hard,Cascade,mimic,200,Cascade,3,1,Cascade,5,0
30081,17,hard,Cascade,mimic,400,Cascade,3,1,Cascade,6,1
30081,17,hard,Cascade,mimic,control,ResourceExhausted,3,0,NotHard,0,0
30082,15,hard,SplitBrain,mimic,0,SplitBrain,2,1,SplitBrain,4,0
30082,15,hard,SplitBrain,mimic,50,SplitBrain,2,1,SplitBrain,4,0
30082,15,hard,SplitBrain,mimic,100,SplitBrain,2,1,SplitBrain,6,2
30082,15,hard,SplitBrain,mimic,200,SplitBrain,2,1,SplitBrain,5,1
30082,15,hard,SplitBrain,mimic,400,SplitBrain,2,1,SplitBrain,6,2
30082,15,hard,SplitBrain,mimic,control,ResourceExhausted,2,0,NotHard,0,0
30083,13,hard,SplitBrain,mimic,0,SplitBrain,6,1,SplitBrain,4,0
30083,13,hard,SplitBrain,mimic,50,SplitBrain,6,1,SplitBrain,5,1
30083,13,hard,SplitBrain,mimic,100,SplitBrain,6,1,SplitBrain,6,2
30083,13,hard,SplitBrain,mimic,200,SplitBrain,6,1,SplitBrain,6,2
30083,13,hard,SplitBrain,mimic,400,SplitBrain,6,1,SplitBrain,7,3
30083,13,hard,SplitBrain,mimic,control,ResourceExhausted,6,0,NotHard,2,2
30084,5,hard,SplitBrain,contradict,0,SplitBrain,2,1,SplitBrain,3,0
30084,5,hard,SplitBrain,contradict,50,SplitBrain,2,1,SplitBrain,4,2
30084,5,hard,SplitBrain,contradict,100,SplitBrain,2,1,SplitBrain,5,3
30084,5,hard,SplitBrain,contradict,200,SplitBrain,2,1,SplitBrain,4,1
30084,5,hard,SplitBrain,contradict,400,SplitBrain,2,1,SplitBrain,6,3
30084,5,hard,SplitBrain,contradict,control,ResourceExhausted,2,0,NotHard,2,2
30086,7,hard,Cascade,contradict,0,Cascade,8,1,Cascade,3,0
30086,7,hard,Cascade,contradict,50,Cascade,8,1,Cascade,5,2
30086,7,hard,Cascade,contradict,100,Cascade,8,1,Cascade,6,3
30086,7,hard,Cascade,contradict,200,Cascade,8,1,Cascade,6,3
30086,7,hard,Cascade,contradict,400,ResourceExhausted,8,0,NotHard,6,3
30086,7,hard,Cascade,contradict,control,ResourceExhausted,8,0,NotHard,2,2
30087,21,hard,Compound,mimic,0,Compound,7,1,Compound,5,0
30087,21,hard,Compound,mimic,50,Compound,7,1,Compound,5,0
30087,21,hard,Compound,mimic,100,Compound,7,1,Compound,6,1
30087,21,hard,Compound,mimic,200,Compound,7,1,Compound,7,2
30087,21,hard,Compound,mimic,400,Compound,7,1,Compound,8,3
30087,21,hard,Compound,mimic,control,ResourceExhausted,7,0,NotHard,0,0
30088,7,hard,SplitBrain,mimic,0,SplitBrain,6,1,SplitBrain,5,0
30088,7,hard,SplitBrain,mimic,50,SplitBrain,6,1,SplitBrain,6,1
30088,7,hard,SplitBrain,mimic,100,SplitBrain,6,1,SplitBrain,7,2
30088,7,hard,SplitBrain,mimic,200,SplitBrain,6,1,SplitBrain,7,2
30088,7,hard,SplitBrain,mimic,400,SplitBrain,6,1,SplitBrain,13,8
30088,7,hard,SplitBrain,mimic,control,ResourceExhausted,6,0,NotHard,1,1
30089,22,hard,Compound,mimic,0,Compound,10,1,Compound,5,0
30089,22,hard,Compound,mimic,50,Compound,10,1,Compound,6,1
30089,22,hard,Compound,mimic,100,Compound,10,1,Compound,6,1
30089,22,hard,Compound,mimic,200,Compound,10,1,Compound,7,2
30089,22,hard,Compound,mimic,400,Compound,10,1,Compound,8,3
30089,22,hard,Compound,mimic,control,ResourceExhausted,10,0,NotHard,1,1
30090,10,hard,Compound,mimic,0,Compound,1,1,Compound,5,0
30090,10,hard,Compound,mimic,50,Compound,1,1,Compound,5,0
30090,10,hard,Compound,mimic,100,Compound,1,1,Compound,6,1
30090,10,hard,Compound,mimic,200,Compound,1,1,Compound,6,1
30090,10,hard,Compound,mimic,400,Compound,1,1,Compound,7,2
30090,10,hard,Compound,mimic,control,ResourceExhausted,1,0,NotHard,0,0
30091,15,hard,Compound,mimic,0,Compound,2,1,Compound,5,0
30091,15,hard,Compound,mimic,50,Compound,2,1,Compound,6,1
30091,15,hard,Compound,mimic,100,Compound,2,1,Compound,7,2
30091,15,hard,Compound,mimic,200,Compound,2,1,Compound,10,5
30091,15,hard,Compound,mimic,400,Compound,2,1,Compound,7,2
30091,15,hard,Compound,mimic,control,ResourceExhausted,2,0,NotHard,1,1
30092,1,hard,Cascade,contradict,0,Cascade,11,1,Cascade,5,0
30092,1,hard,Cascade,contradict,50,Cascade,11,1,Cascade,5,0
30092,1,hard,Cascade,contradict,100,Cascade,11,1,Cascade,5,0
30092,1,hard,Cascade,contradict,200,Cascade,11,1,Cascade,6,1
30092,1,hard,Cascade,contradict,400,Cascade,11,1,Cascade,6,1
30092,1,hard,Cascade,contradict,control,ResourceExhausted,11,0,NotHard,0,0
30096,16,hard,Cascade,contradict,0,Cascade,6,1,Cascade,5,0
30096,16,hard,Cascade,contradict,50,Cascade,6,1,Cascade,5,0
30096,16,hard,Cascade,contradict,100,Cascade,6,1,Cascade,6,1
30096,16,hard,Cascade,contradict,200,Cascade,6,1,Cascade,7,2
30096,16,hard,Cascade,contradict,400,Cascade,6,1,Cascade,10,5
30096,16,hard,Cascade,contradict,control,ResourceExhausted,6,0,NotHard,0,0
30097,13,hard,Compound,mimic,0,Compound,8,1,Compound,3,0
30097,13,hard,Compound,mimic,50,Compound,8,1,Compound,3,0
30097,13,hard,Compound,mimic,100,Compound,8,1,Compound,3,0
30097,13,hard,Compound,mimic,200,Compound,8,1,Compound,6,3
30097,13,hard,Compound,mimic,400,Compound,8,1,Compound,10,7
30097,13,hard,Compound,mimic,control,ResourceExhausted,8,0,NotHard,0,0
30100,1,hard,Cascade,mimic,0,Cascade,5,1,Cascade,3,0
30100,1,hard,Cascade,mimic,50,Cascade,5,1,Cascade,3,0
30100,1,hard,Cascade,mimic,100,Cascade,5,1,Cascade,4,1
30100,1,hard,Cascade,mimic,200,Cascade,5,1,Cascade,5,2
30100,1,hard,Cascade,mimic,400,Compound,5,0,Compound,11,8
30100,1,hard,Cascade,mimic,control,ResourceExhausted,5,0,NotHard,0,0
30101,8,hard,SplitBrain,mimic,0,SplitBrain,2,1,SplitBrain,4,0
30101,8,hard,SplitBrain,mimic,50,SplitBrain,2,1,SplitBrain,5,1
30101,8,hard,SplitBrain,mimic,100,SplitBrain,2,1,SplitBrain,5,1
30101,8,hard,SplitBrain,mimic,200,SplitBrain,2,1,SplitBrain,7,3
30101,8,hard,SplitBrain,mimic,400,SplitBrain,2,1,SplitBrain,8,4
30101,8,hard,SplitBrain,mimic,control,ResourceExhausted,2,0,NotHard,1,1
30102,7,hard,Compound,mimic,0,Compound,4,1,Compound,4,0
30102,7,hard,Compound,mimic,50,Compound,4,1,Compound,5,1
30102,7,hard,Compound,mimic,100,Compound,4,1,Compound,7,3
30102,7,hard,Compound,mimic,200,Compound,4,1,Compound,7,3
30102,7,hard,Compound,mimic,400,Compound,4,1,Compound,11,7
30102,7,hard,Compound,mimic,control,ResourceExhausted,4,0,NotHard,1,1
30103,6,hard,Compound,contradict,0,Compound,7,1,Compound,4,0
30103,6,hard,Compound,contradict,50,Compound,7,1,Compound,6,2
30103,6,hard,Compound,contradict,100,Compound,7,1,Compound,8,4
30103,6,hard,Compound,contradict,200,Compound,7,1,Compound,12,8
30103,6,hard,Compound,contradict,400,Compound,7,1,Compound,13,9
30103,6,hard,Compound,contradict,control,ResourceExhausted,7,0,NotHard,2,2
30104,10,hard,Compound,mimic,0,Compound,3,1,Compound,3,0
30104,10,hard,Compound,mimic,50,Compound,3,1,Compound,4,1
30104,10,hard,Compound,mimic,100,Compound,3,1,Compound,5,2
30104,10,hard,Compound,mimic,200,Compound,3,1,Compound,5,2
30104,10,hard,Compound,mimic,400,Compound,3,1,Compound,7,4
30104,10,hard,Compound,mimic,control,ResourceExhausted,3,0,NotHard,1,1
30105,4,hard,SplitBrain,mimic,0,SplitBrain,5,1,SplitBrain,5,0
30105,4,hard,SplitBrain,mimic,50,SplitBrain,5,1,SplitBrain,5,0
30105,4,hard,SplitBrain,mimic,100,SplitBrain,5,1,SplitBrain,6,1
30105,4,hard,SplitBrain,mimic,200,SplitBrain,5,1,SplitBrain,7,2
30105,4,hard,SplitBrain,mimic,400,SplitBrain,5,1,SplitBrain,10,5
30105,4,hard,SplitBrain,mimic,control,SplitBrain,5,1,SplitBrain,1,1
30108,6,hard,Compound,contradict,0,Compound,5,1,Compound,5,0
30108,6,hard,Compound,contradict,50,Compound,5,1,Compound,6,1
30108,6,hard,Compound,contradict,100,Compound,5,1,Compound,9,4
30108,6,hard,Compound,contradict,200,Compound,5,1,Compound,10,5
30108,6,hard,Compound,contradict,400,Compound,5,1,Compound,12,7
30108,6,hard,Compound,contradict,control,ResourceExhausted,5,0,NotHard,1,1
30109,20,hard,Compound,mimic,0,Compound,2,1,Compound,3,0
30109,20,hard,Compound,mimic,50,Compound,2,1,Compound,3,0
30109,20,hard,Compound,mimic,100,Compound,2,1,Compound,4,1
30109,20,hard,Compound,mimic,200,Compound,2,1,Compound,3,0
30109,20,hard,Compound,mimic,400,Compound,2,1,Compound,5,2
30109,20,hard,Compound,mimic,control,ResourceExhausted,2,0,NotHard,0,0
30110,13,hard,Compound,contradict,0,Compound,6,1,Compound,3,0
30110,13,hard,Compound,contradict,50,Compound,6,1,Compound,6,3
30110,13,hard,Compound,contradict,100,Compound,6,1,Compound,7,4
30110,13,hard,Compound,contradict,200,Compound,6,1,Compound,6,3
30110,13,hard,Compound,contradict,400,Compound,6,1,Compound,11,8
30110,13,hard,Compound,contradict,control,ResourceExhausted,6,0,NotHard,3,3
30111,20,hard,SplitBrain,contradict,0,SplitBrain,1,1,SplitBrain,5,0
30111,20,hard,SplitBrain,contradict,50,SplitBrain,1,1,SplitBrain,6,1
30111,20,hard,SplitBrain,contradict,100,SplitBrain,1,1,SplitBrain,7,2
30111,20,hard,SplitBrain,contradict,200,SplitBrain,1,1,SplitBrain,7,2
30111,20,hard,SplitBrain,contradict,400,SplitBrain,1,1,SplitBrain,8,3
30111,20,hard,SplitBrain,contradict,control,ResourceExhausted,1,0,NotHard,1,1
30112,25,hard,SplitBrain,mimic,0,SplitBrain,3,1,SplitBrain,4,0
30112,25,hard,SplitBrain,mimic,50,SplitBrain,3,1,SplitBrain,4,0
30112,25,hard,SplitBrain,mimic,100,SplitBrain,3,1,SplitBrain,6,2
30112,25,hard,SplitBrain,mimic,200,SplitBrain,3,1,SplitBrain,6,2
30112,25,hard,SplitBrain,mimic,400,SplitBrain,3,1,SplitBrain,9,5
30112,25,hard,SplitBrain,mimic,control,ResourceExhausted,3,0,NotHard,0,0
30114,15,hard,Cascade,contradict,0,Cascade,6,1,Cascade,5,0
30114,15,hard,Cascade,contradict,50,Cascade,6,1,Cascade,5,0
30114,15,hard,Cascade,contradict,100,Cascade,6,1,Cascade,7,2
30114,15,hard,Cascade,contradict,200,Cascade,6,1,Cascade,8,3
30114,15,hard,Cascade,contradict,400,Cascade,6,1,Cascade,11,6
30114,15,hard,Cascade,contradict,control,ResourceExhausted,6,0,NotHard,0,0
30115,8,hard,SplitBrain,contradict,0,SplitBrain,6,1,SplitBrain,4,0
30115,8,hard,SplitBrain,contradict,50,SplitBrain,6,1,SplitBrain,4,0
30115,8,hard,SplitBrain,contradict,100,SplitBrain,6,1,SplitBrain,4,0
30115,8,hard,SplitBrain,contradict,200,SplitBrain,6,1,SplitBrain,6,2
30115,8,hard,SplitBrain,contradict,400,SplitBrain,6,1,SplitBrain,8,4
30115,8,hard,SplitBrain,contradict,control,ResourceExhausted,6,0,NotHard,0,0
30116,32,hard,SplitBrain,contradict,0,SplitBrain,10,1,SplitBrain,3,0
30116,32,hard,SplitBrain,contradict,50,SplitBrain,10,1,SplitBrain,3,0
30116,32,hard,SplitBrain,contradict,100,SplitBrain,10,1,SplitBrain,5,2
30116,32,hard,SplitBrain,contradict,200,SplitBrain,10,1,SplitBrain,6,3
30116,32,hard,SplitBrain,contradict,400,SplitBrain,10,1,SplitBrain,8,5
30116,32,hard,SplitBrain,contradict,control,ResourceExhausted,10,0,NotHard,0,0
30117,22,hard,SplitBrain,contradict,0,Cascade,6,0,Cascade,3,0
30117,22,hard,SplitBrain,contradict,50,Cascade,6,0,Cascade,3,0
30117,22,hard,SplitBrain,contradict,100,Cascade,6,0,Cascade,3,0
30117,22,hard,SplitBrain,contradict,200,SplitBrain,6,1,SplitBrain,5,2
30117,22,hard,SplitBrain,contradict,400,SplitBrain,6,1,SplitBrain,7,4
30117,22,hard,SplitBrain,contradict,control,ResourceExhausted,6,0,NotHard,0,0
30118,20,hard,SplitBrain,contradict,0,SplitBrain,0,1,SplitBrain,3,0
30118,20,hard,SplitBrain,contradict,50,SplitBrain,0,1,SplitBrain,3,0
30118,20,hard,SplitBrain,contradict,100,SplitBrain,0,1,SplitBrain,4,1
30118,20,hard,SplitBrain,contradict,200,Compound,0,0,Compound,5,2
30118,20,hard,SplitBrain,contradict,400,Compound,0,0,Compound,3,1
30118,20,hard,SplitBrain,contradict,control,ResourceExhausted,0,0,NotHard,0,0
30119,28,hard,SplitBrain,contradict,0,SplitBrain,2,1,SplitBrain,4,0
30119,28,hard,SplitBrain,contradict,50,SplitBrain,2,1,SplitBrain,4,0
30119,28,hard,SplitBrain,contradict,100,SplitBrain,2,1,SplitBrain,4,0
30119,28,hard,SplitBrain,contradict,200,SplitBrain,2,1,SplitBrain,4,2
30119,28,hard,SplitBrain,contradict,400,Cascade,2,0,Cascade,7,3
30119,28,hard,SplitBrain,contradict,control,ResourceExhausted,2,0,NotHard,1,1
30120,2,hard,Cascade,contradict,0,Cascade,3,1,Cascade,4,0
30120,2,hard,Cascade,contradict,50,Cascade,3,1,Cascade,4,0
30120,2,hard,Cascade,contradict,100,Cascade,3,1,Cascade,4,0
30120,2,hard,Cascade,contradict,200,Cascade,3,1,Cascade,4,0
30120,2,hard,Cascade,contradict,400,Cascade,3,1,Cascade,5,1
30120,2,hard,Cascade,contradict,control,ResourceExhausted,3,0,NotHard,1,1
30121,12,hard,Cascade,contradict,0,Cascade,5,1,Cascade,3,0
30121,12,hard,Cascade,contradict,50,Cascade,5,1,Cascade,5,3
30121,12,hard,Cascade,contradict,100,Cascade,5,1,Cascade,6,4
30121,12,hard,Cascade,contradict,200,Cascade,5,1,Cascade,8,6
30121,12,hard,Cascade,contradict,400,Cascade,5,1,Cascade,9,7
30121,12,hard,Cascade,contradict,control,ResourceExhausted,5,0,NotHard,3,3
30122,6,hard,SplitBrain,contradict,0,Cascade,4,0,Cascade,4,0
30122,6,hard,SplitBrain,contradict,50,Cascade,4,0,Cascade,5,1
30122,6,hard,SplitBrain,contradict,100,SplitBrain,4,1,SplitBrain,5,1
30122,6,hard,SplitBrain,contradict,200,SplitBrain,4,1,SplitBrain,6,2
30122,6,hard,SplitBrain,contradict,400,SplitBrain,4,1,SplitBrain,8,4
30122,6,hard,SplitBrain,contradict,control,ResourceExhausted,4,0,NotHard,1,1
30123,13,hard,Compound,mimic,0,Compound,1,1,Compound,5,0
30123,13,hard,Compound,mimic,50,Compound,1,1,Compound,5,0
30123,13,hard,Compound,mimic,100,Compound,1,1,Compound,6,1
30123,13,hard,Compound,mimic,200,Compound,1,1,Compound,8,3
30123,13,hard,Compound,mimic,400,Compound,1,1,Compound,12,7
30123,13,hard,Compound,mimic,control,ResourceExhausted,1,0,NotHard,0,0
30124,5,hard,Compound,mimic,0,Compound,8,1,Compound,5,0
30124,5,hard,Compound,mimic,50,Compound,8,1,Compound,5,0
30124,5,hard,Compound,mimic,100,Compound,8,1,Compound,7,2
30124,5,hard,Compound,mimic,200,Compound,8,1,Compound,5,0
30124,5,hard,Compound,mimic,400,Compound,8,1,Compound,11,6
30124,5,hard,Compound,mimic,control,ResourceExhausted,8,0,NotHard,0,0
30125,7,hard,SplitBrain,contradict,0,Cascade,5,0,Cascade,3,0
30125,7,hard,SplitBrain,contradict,50,Cascade,5,0,Cascade,5,2
30125,7,hard,SplitBrain,contradict,100,Cascade,5,0,Cascade,6,3
30125,7,hard,SplitBrain,contradict,200,Cascade,5,0,Cascade,8,5
30125,7,hard,SplitBrain,contradict,400,SplitBrain,5,1,SplitBrain,11,8
30125,7,hard,SplitBrain,contradict,control,ResourceExhausted,5,0,NotHard,2,2
30126,2,hard,Cascade,contradict,0,Cascade,8,1,Cascade,4,0
30126,2,hard,Cascade,contradict,50,Cascade,8,1,Cascade,4,0
30126,2,hard,Cascade,contradict,100,Cascade,8,1,Cascade,6,2
30126,2,hard,Cascade,contradict,200,Cascade,8,1,Cascade,6,2
30126,2,hard,Cascade,contradict,400,Cascade,8,1,Cascade,9,5
30126,2,hard,Cascade,contradict,control,ResourceExhausted,8,0,NotHard,1,1
30127,5,hard,Compound,contradict,0,Compound,2,1,Compound,4,0
30127,5,hard,Compound,contradict,50,Compound,2,1,Compound,6,2
30127,5,hard,Compound,contradict,100,Compound,2,1,Compound,6,2
30127,5,hard,Compound,contradict,200,Compound,2,1,Compound,7,3
30127,5,hard,Compound,contradict,400,Compound,2,1,Compound,10,6
30127,5,hard,Compound,contradict,control,ResourceExhausted,2,0,NotHard,2,2
30128,17,hard,Compound,contradict,0,Compound,3,1,Compound,3,0
30128,17,hard,Compound,contradict,50,Compound,3,1,Compound,5,2
30128,17,hard,Compound,contradict,100,Compound,3,1,Compound,6,3
30128,17,hard,Compound,contradict,200,Compound,3,1,Compound,8,5
30128,17,hard,Compound,contradict,400,Compound,3,1,Compound,9,6
30128,17,hard,Compound,contradict,control,ResourceExhausted,3,0,NotHard,2,2
30129,25,hard,SplitBrain,mimic,0,SplitBrain,4,1,SplitBrain,4,0
30129,25,hard,SplitBrain,mimic,50,SplitBrain,4,1,SplitBrain,4,0
30129,25,hard,SplitBrain,mimic,100,SplitBrain,4,1,SplitBrain,4,0
30129,25,hard,SplitBrain,mimic,200,SplitBrain,4,1,SplitBrain,6,2
30129,25,hard,SplitBrain,mimic,400,SplitBrain,4,1,SplitBrain,9,5
30129,25,hard,SplitBrain,mimic,control,ResourceExhausted,4,0,NotHard,0,0
30130,15,hard,SplitBrain,contradict,0,SplitBrain,5,1,SplitBrain,5,0
30130,15,hard,SplitBrain,contradict,50,SplitBrain,5,1,SplitBrain,7,2
30130,15,hard,SplitBrain,contradict,100,SplitBrain,5,1,SplitBrain,8,3
30130,15,hard,SplitBrain,contradict,200,SplitBrain,5,1,SplitBrain,9,4
30130,15,hard,SplitBrain,contradict,400,SplitBrain,5,1,SplitBrain,11,6
30130,15,hard,SplitBrain,contradict,control,ResourceExhausted,5,0,NotHard,2,2
30133,6,hard,SplitBrain,mimic,0,SplitBrain,4,1,SplitBrain,3,0
30133,6,hard,SplitBrain,mimic,50,SplitBrain,4,1,SplitBrain,4,1
30133,6,hard,SplitBrain,mimic,100,SplitBrain,4,1,SplitBrain,4,1
30133,6,hard,SplitBrain,mimic,200,SplitBrain,4,1,SplitBrain,5,2
30133,6,hard,SplitBrain,mimic,400,SplitBrain,4,1,SplitBrain,5,2
30133,6,hard,SplitBrain,mimic,control,SplitBrain,4,1,SplitBrain,2,2
30134,6,hard,Compound,mimic,0,Compound,3,1,Compound,4,0
30134,6,hard,Compound,mimic,50,Compound,3,1,Compound,4,0
30134,6,hard,Compound,mimic,100,Compound,3,1,Compound,4,0
30134,6,hard,Compound,mimic,200,Compound,3,1,Compound,7,3
30134,6,hard,Compound,mimic,400,Compound,3,1,Compound,7,3
30134,6,hard,Compound,mimic,control,ResourceExhausted,3,0,NotHard,0,0
30135,16,hard,SplitBrain,contradict,0,Cascade,7,0,Cascade,4,0
30135,16,hard,SplitBrain,contradict,50,Cascade,7,0,Cascade,5,1
30135,16,hard,SplitBrain,contradict,100,Cascade,7,0,Cascade,5,1
30135,16,hard,SplitBrain,contradict,200,Cascade,7,0,Cascade,8,4
30135,16,hard,SplitBrain,contradict,400,Cascade,7,0,Cascade,12,8
30135,16,hard,SplitBrain,contradict,control,ResourceExhausted,7,0,NotHard,2,2
30136,16,hard,Compound,contradict,0,Compound,2,1,Compound,3,0
30136,16,hard,Compound,contradict,50,Compound,2,1,Compound,4,1
30136,16,hard,Compound,contradict,100,Compound,2,1,Compound,6,3
30136,16,hard,Compound,contradict,200,Compound,2,1,Compound,8,5
30136,16,hard,Compound,contradict,400,Compound,2,1,Compound,8,5
30136,16,hard,Compound,contradict,control,CredentialExpired,2,0,NotHard,1,1
30138,16,hard,Compound,mimic,0,Compound,5,1,Compound,3,0
30138,16,hard,Compound,mimic,50,Compound,5,1,Compound,3,0
30138,16,hard,Compound,mimic,100,Compound,5,1,Compound,5,2
30138,16,hard,Compound,mimic,200,Compound,5,1,Compound,6,3
30138,16,hard,Compound,mimic,400,Compound,5,1,Compound,9,6
30138,16,hard,Compound,mimic,control,ResourceExhausted,5,0,NotHard,0,0
30141,5,hard,SplitBrain,mimic,0,SplitBrain,10,1,SplitBrain,4,0
30141,5,hard,SplitBrain,mimic,50,SplitBrain,10,1,SplitBrain,4,0
30141,5,hard,SplitBrain,mimic,100,SplitBrain,10,1,SplitBrain,5,1
30141,5,hard,SplitBrain,mimic,200,SplitBrain,10,1,SplitBrain,6,2
30141,5,hard,SplitBrain,mimic,400,SplitBrain,10,1,SplitBrain,7,3
30141,5,hard,SplitBrain,mimic,control,SplitBrain,10,1,SplitBrain,0,0
30142,9,hard,Compound,contradict,0,Compound,3,1,Compound,5,0
30142,9,hard,Compound,contradict,50,Compound,3,1,Compound,6,1
30142,9,hard,Compound,contradict,100,Compound,3,1,Compound,6,1
30142,9,hard,Compound,contradict,200,Compound,3,1,Compound,6,1
30142,9,hard,Compound,contradict,400,Compound,3,1,Compound,11,6
30142,9,hard,Compound,contradict,control,ResourceExhausted,3,0,NotHard,1,1
30143,24,hard,Cascade,contradict,0,Cascade,2,1,Cascade,3,0
30143,24,hard,Cascade,contradict,50,Cascade,2,1,Cascade,4,1
30143,24,hard,Cascade,contradict,100,Cascade,2,1,Cascade,4,1
30143,24,hard,Cascade,contradict,200,ResourceExhausted,2,0,NotHard,6,3
30143,24,hard,Cascade,contradict,400,Cascade,2,1,Cascade,12,9
30143,24,hard,Cascade,contradict,control,ResourceExhausted,2,0,NotHard,1,1
30144,0,hard,Cascade,contradict,0,Cascade,7,1,Cascade,4,0
30144,0,hard,Cascade,contradict,50,Cascade,7,1,Cascade,5,1
30144,0,hard,Cascade,contradict,100,Cascade,7,1,Cascade,7,3
30144,0,hard,Cascade,contradict,200,Cascade,7,1,Cascade,9,5
30144,0,hard,Cascade,contradict,400,Cascade,7,1,Cascade,11,7
30144,0,hard,Cascade,contradict,control,ResourceExhausted,7,0,NotHard,1,1
30145,20,hard,SplitBrain,contradict,0,SplitBrain,6,1,SplitBrain,3,0
30145,20,hard,SplitBrain,contradict,50,SplitBrain,6,1,SplitBrain,4,2
30145,20,hard,SplitBrain,contradict,100,SplitBrain,6,1,SplitBrain,4,1
30145,20,hard,SplitBrain,contradict,200,SplitBrain,6,1,SplitBrain,6,3
30145,20,hard,SplitBrain,contradict,400,SplitBrain,6,1,SplitBrain,6,3
30145,20,hard,SplitBrain,contradict,control,ResourceExhausted,6,0,NotHard,2,2
30146,15,hard,Cascade,mimic,0,Cascade,7,1,Cascade,4,0
30146,15,hard,Cascade,mimic,50,Cascade,7,1,Cascade,4,0
30146,15,hard,Cascade,mimic,100,Cascade,7,1,Cascade,5,1
30146,15,hard,Cascade,mimic,200,Cascade,7,1,Cascade,6,2
30146,15,hard,Cascade,mimic,400,Cascade,7,1,Cascade,11,7
30146,15,hard,Cascade,mimic,control,ResourceExhausted,7,0,NotHard,1,1
30147,1,hard,SplitBrain,mimic,0,SplitBrain,6,1,SplitBrain,5,0
30147,1,hard,SplitBrain,mimic,50,SplitBrain,6,1,SplitBrain,6,1
30147,1,hard,SplitBrain,mimic,100,SplitBrain,6,1,SplitBrain,8,3
30147,1,hard,SplitBrain,mimic,200,SplitBrain,6,1,SplitBrain,11,6
30147,1,hard,SplitBrain,mimic,400,SplitBrain,6,1,SplitBrain,13,8
30147,1,hard,SplitBrain,mimic,control,SplitBrain,6,1,SplitBrain,1,1
30148,19,hard,Cascade,contradict,0,Cascade,7,1,Cascade,3,0
30148,19,hard,Cascade,contradict,50,SplitBrain,7,0,SplitBrain,5,2
30148,19,hard,Cascade,contradict,100,Cascade,7,1,Cascade,5,2
30148,19,hard,Cascade,contradict,200,Cascade,7,1,Cascade,6,3
30148,19,hard,Cascade,contradict,400,Cascade,7,1,Cascade,7,4
30148,19,hard,Cascade,contradict,control,SplitBrain,7,0,SplitBrain,2,2
30149,4,hard,Cascade,contradict,0,Cascade,4,1,Cascade,5,0
30149,4,hard,Cascade,contradict,50,Cascade,4,1,Cascade,10,5
30149,4,hard,Cascade,contradict,100,Cascade,4,1,Cascade,12,7
30149,4,hard,Cascade,contradict,200,Cascade,4,1,Cascade,14,9
30149,4,hard,Cascade,contradict,400,Cascade,4,1,Cascade,11,6
30149,4,hard,Cascade,contradict,control,ResourceExhausted,4,0,NotHard,5,5
30150,11,hard,Compound,mimic,0,Compound,3,1,Compound,4,0
30150,11,hard,Compound,mimic,50,Compound,3,1,Compound,5,1
30150,11,hard,Compound,mimic,100,Compound,3,1,Compound,6,2
30150,11,hard,Compound,mimic,200,Compound,3,1,Compound,6,2
30150,11,hard,Compound,mimic,400,Compound,3,1,Compound,7,3
30150,11,hard,Compound,mimic,control,ResourceExhausted,3,0,NotHard,1,1
30152,11,hard,Compound,contradict,0,Compound,7,1,Compound,5,0
30152,11,hard,Compound,contradict,50,Compound,7,1,Compound,6,1
30152,11,hard,Compound,contradict,100,Compound,7,1,Compound,6,1
30152,11,hard,Compound,contradict,200,Compound,7,1,Compound,6,1
30152,11,hard,Compound,contradict,400,Compound,7,1,Compound,11,6
30152,11,hard,Compound,contradict,control,ResourceExhausted,7,0,NotHard,1,1
30153,16,hard,SplitBrain,mimic,0,SplitBrain,1,1,SplitBrain,5,0
30153,16,hard,SplitBrain,mimic,50,SplitBrain,1,1,SplitBrain,6,1
30153,16,hard,SplitBrain,mimic,100,SplitBrain,1,1,SplitBrain,7,2
30153,16,hard,SplitBrain,mimic,200,SplitBrain,1,1,SplitBrain,9,4
30153,16,hard,SplitBrain,mimic,400,SplitBrain,1,1,SplitBrain,13,8
30153,16,hard,SplitBrain,mimic,control,ResourceExhausted,1,0,NotHard,1,1
30154,21,hard,SplitBrain,contradict,0,SplitBrain,8,1,SplitBrain,4,0
30154,21,hard,SplitBrain,contradict,50,SplitBrain,8,1,SplitBrain,5,1
30154,21,hard,SplitBrain,contradict,100,SplitBrain,8,1,SplitBrain,6,2
30154,21,hard,SplitBrain,contradict,200,SplitBrain,8,1,SplitBrain,6,2
30154,21,hard,SplitBrain,contradict,400,SplitBrain,8,1,SplitBrain,7,3
30154,21,hard,SplitBrain,contradict,control,ResourceExhausted,8,0,NotHard,1,1
30155,26,hard,Compound,contradict,0,Compound,7,1,Compound,4,0
30155,26,hard,Compound,contradict,50,Compound,7,1,Compound,5,1
30155,26,hard,Compound,contradict,100,Compound,7,1,Compound,5,1
30155,26,hard,Compound,contradict,200,Compound,7,1,Compound,7,3
30155,26,hard,Compound,contradict,400,Compound,7,1,Compound,8,4
30155,26,hard,Compound,contradict,control,ResourceExhausted,7,0,NotHard,1,1
30157,6,hard,SplitBrain,contradict,0,SplitBrain,4,1,SplitBrain,3,0
30157,6,hard,SplitBrain,contradict,50,SplitBrain,4,1,SplitBrain,5,2
30157,6,hard,SplitBrain,contradict,100,SplitBrain,4,1,SplitBrain,5,2
30157,6,hard,SplitBrain,contradict,200,SplitBrain,4,1,SplitBrain,7,4
30157,6,hard,SplitBrain,contradict,400,SplitBrain,4,1,SplitBrain,8,5
30157,6,hard,SplitBrain,contradict,control,ResourceExhausted,4,0,NotHard,2,2
30158,2,hard,Compound,mimic,0,Compound,2,1,Compound,4,0
30158,2,hard,Compound,mimic,50,Compound,2,1,Compound,4,0
30158,2,hard,Compound,mimic,100,Compound,2,1,Compound,5,1
30158,2,hard,Compound,mimic,200,Compound,2,1,Compound,8,4
30158,2,hard,Compound,mimic,400,Compound,2,1,Compound,11,7
30158,2,hard,Compound,mimic,control,ResourceExhausted,2,0,NotHard,0,0
30159,18,hard,SplitBrain,contradict,0,SplitBrain,6,1,SplitBrain,3,0
30159,18,hard,SplitBrain,contradict,50,SplitBrain,6,1,SplitBrain,4,1
30159,18,hard,SplitBrain,contradict,100,SplitBrain,6,1,SplitBrain,5,3
30159,18,hard,SplitBrain,contradict,200,SplitBrain,6,1,SplitBrain,7,4
30159,18,hard,SplitBrain,contradict,400,SplitBrain,6,1,SplitBrain,10,7
30159,18,hard,SplitBrain,contradict,control,ResourceExhausted,6,0,NotHard,1,1
30160,15,hard,SplitBrain,mimic,0,SplitBrain,11,1,SplitBrain,5,0
30160,15,hard,SplitBrain,mimic,50,SplitBrain,11,1,SplitBrain,6,1
30160,15,hard,SplitBrain,mimic,100,SplitBrain,11,1,SplitBrain,6,1
30160,15,hard,SplitBrain,mimic,200,SplitBrain,11,1,SplitBrain,5,0
30160,15,hard,SplitBrain,mimic,400,SplitBrain,11,1,SplitBrain,6,1
30160,15,hard,SplitBrain,mimic,control,ResourceExhausted,11,0,NotHard,1,1
30163,16,hard,Compound,contradict,0,Compound,7,1,Compound,5,0
30163,16,hard,Compound,contradict,50,Compound,7,1,Compound,6,1
30163,16,hard,Compound,contradict,100,Compound,7,1,Compound,7,2
30163,16,hard,Compound,contradict,200,Compound,7,1,Compound,9,4
30163,16,hard,Compound,contradict,400,Compound,7,1,Compound,9,4
30163,16,hard,Compound,contradict,control,ResourceExhausted,7,0,NotHard,1,1
30164,18,hard,Compound,contradict,0,Compound,9,1,Compound,5,0
30164,18,hard,Compound,contradict,50,Compound,9,1,Compound,7,2
30164,18,hard,Compound,contradict,100,Compound,9,1,Compound,7,2
30164,18,hard,Compound,contradict,200,Compound,9,1,Compound,7,2
30164,18,hard,Compound,contradict,400,Compound,9,1,Compound,11,6
30164,18,hard,Compound,contradict,control,ResourceExhausted,9,0,NotHard,2,2
30166,10,hard,Cascade,contradict,0,Cascade,8,1,Cascade,3,0
30166,10,hard,Cascade,contradict,50,Cascade,8,1,Cascade,3,0
30166,10,hard,Cascade,contradict,100,SplitBrain,8,0,SplitBrain,5,2
30166,10,hard,Cascade,contradict,200,Cascade,8,1,Cascade,6,3
30166,10,hard,Cascade,contradict,400,Cascade,8,1,Cascade,7,4
30166,10,hard,Cascade,contradict,control,ResourceExhausted,8,0,NotHard,0,0
30167,23,hard,SplitBrain,contradict,0,SplitBrain,4,1,SplitBrain,3,0
30167,23,hard,SplitBrain,contradict,50,SplitBrain,4,1,SplitBrain,3,0
30167,23,hard,SplitBrain,contradict,100,Cascade,4,0,Cascade,5,2
30167,23,hard,SplitBrain,contradict,200,Cascade,4,0,Cascade,6,3
30167,23,hard,SplitBrain,contradict,400,SplitBrain,4,1,SplitBrain,7,4
30167,23,hard,SplitBrain,contradict,control,ResourceExhausted,4,0,NotHard,0,0
30169,27,hard,Compound,contradict,0,Compound,10,1,Compound,3,0
30169,27,hard,Compound,contradict,50,Compound,10,1,Compound,5,2
30169,27,hard,Compound,contradict,100,Compound,10,1,Compound,6,3
30169,27,hard,Compound,contradict,200,Compound,10,1,Compound,8,5
30169,27,hard,Compound,contradict,400,Compound,10,1,Compound,5,2
30169,27,hard,Compound,contradict,control,ResourceExhausted,10,0,NotHard,2,2
30170,12,hard,SplitBrain,mimic,0,SplitBrain,0,1,SplitBrain,5,0
30170,12,hard,SplitBrain,mimic,50,SplitBrain,0,1,SplitBrain,5,0
30170,12,hard,SplitBrain,mimic,100,SplitBrain,0,1,SplitBrain,5,0
30170,12,hard,SplitBrain,mimic,200,SplitBrain,0,1,SplitBrain,5,0
30170,12,hard,SplitBrain,mimic,400,SplitBrain,0,1,SplitBrain,5,0
30170,12,hard,SplitBrain,mimic,control,ResourceExhausted,0,0,NotHard,0,0
30171,11,hard,Compound,mimic,0,Compound,0,1,Compound,3,0
30171,11,hard,Compound,mimic,50,Compound,0,1,Compound,3,0
30171,11,hard,Compound,mimic,100,Compound,0,1,Compound,3,0
30171,11,hard,Compound,mimic,200,Compound,0,1,Compound,3,0
30171,11,hard,Compound,mimic,400,Compound,0,1,Compound,3,0
30171,11,hard,Compound,mimic,control,ResourceExhausted,0,0,NotHard,0,0
30172,18,hard,Cascade,mimic,0,Cascade,1,1,Cascade,3,0
30172,18,hard,Cascade,mimic,50,Cascade,1,1,Cascade,3,0
30172,18,hard,Cascade,mimic,100,Cascade,1,1,Cascade,3,0
30172,18,hard,Cascade,mimic,200,Cascade,1,1,Cascade,4,1
30172,18,hard,Cascade,mimic,400,Cascade,1,1,Cascade,4,1
30172,18,hard,Cascade,mimic,control,ResourceExhausted,1,0,NotHard,0,0
30173,4,hard,SplitBrain,contradict,0,SplitBrain,2,1,SplitBrain,5,0
30173,4,hard,SplitBrain,contradict,50,SplitBrain,2,1,SplitBrain,7,2
30173,4,hard,SplitBrain,contradict,100,SplitBrain,2,1,SplitBrain,8,3
30173,4,hard,SplitBrain,contradict,200,SplitBrain,2,1,SplitBrain,8,3
30173,4,hard,SplitBrain,contradict,400,SplitBrain,2,1,SplitBrain,9,4
30173,4,hard,SplitBrain,contradict,control,ResourceExhausted,2,0,NotHard,2,2
30174,14,hard,Cascade,mimic,0,Cascade,4,1,Cascade,3,0
30174,14,hard,Cascade,mimic,50,Cascade,4,1,Cascade,3,0
30174,14,hard,Cascade,mimic,100,Cascade,4,1,Cascade,5,2
30174,14,hard,Cascade,mimic,200,Cascade,4,1,Cascade,6,3
30174,14,hard,Cascade,mimic,400,Cascade,4,1,Cascade,8,5
30174,14,hard,Cascade,mimic,control,ResourceExhausted,4,0,NotHard,1,1
30175,9,hard,Compound,mimic,0,Compound,7,1,Compound,4,0
30175,9,hard,Compound,mimic,50,Compound,7,1,Compound,6,2
30175,9,hard,Compound,mimic,100,Compound,7,1,Compound,7,3
30175,9,hard,Compound,mimic,200,Compound,7,1,Compound,8,4
30175,9,hard,Compound,mimic,400,Compound,7,1,Compound,9,5
30175,9,hard,Compound,mimic,control,ResourceExhausted,7,0,NotHard,2,2
30176,15,hard,SplitBrain,mimic,0,SplitBrain,0,1,SplitBrain,4,0
30176,15,hard,SplitBrain,mimic,50,SplitBrain,0,1,SplitBrain,4,0
30176,15,hard,SplitBrain,mimic,100,SplitBrain,0,1,SplitBrain,4,0
30176,15,hard,SplitBrain,mimic,200,SplitBrain,0,1,SplitBrain,7,3
30176,15,hard,SplitBrain,mimic,400,SplitBrain,0,1,SplitBrain,12,8
30176,15,hard,SplitBrain,mimic,control,ResourceExhausted,0,0,NotHard,0,0
30177,16,hard,Cascade,mimic,0,Cascade,4,1,Cascade,4,0
30177,16,hard,Cascade,mimic,50,Cascade,4,1,Cascade,6,2
30177,16,hard,Cascade,mimic,100,Cascade,4,1,Cascade,6,2
30177,16,hard,Cascade,mimic,200,Cascade,4,1,Cascade,6,2
30177,16,hard,Cascade,mimic,400,Cascade,4,1,Cascade,9,5
30177,16,hard,Cascade,mimic,control,ResourceExhausted,4,0,NotHard,2,2
30178,3,hard,Compound,mimic,0,Compound,4,1,Compound,3,0
30178,3,hard,Compound,mimic,50,Compound,4,1,Compound,4,1
30178,3,hard,Compound,mimic,100,Compound,4,1,Compound,5,2
30178,3,hard,Compound,mimic,200,Compound,4,1,Compound,5,2
30178,3,hard,Compound,mimic,400,CredentialExpired,4,0,NotHard,6,3
30178,3,hard,Compound,mimic,control,ResourceExhausted,4,0,NotHard,1,1
30179,8,hard,Cascade,mimic,0,Cascade,11,1,Cascade,3,0
30179,8,hard,Cascade,mimic,50,Cascade,11,1,Cascade,3,0
30179,8,hard,Cascade,mimic,100,Cascade,11,1,Cascade,4,1
30179,8,hard,Cascade,mimic,200,Cascade,11,1,Cascade,4,1
30179,8,hard,Cascade,mimic,400,Cascade,11,1,Cascade,4,1
30179,8,hard,Cascade,mimic,control,ResourceExhausted,11,0,NotHard,1,1
30180,13,hard,Cascade,contradict,0,Cascade,9,1,Cascade,4,0
30180,13,hard,Cascade,contradict,50,Cascade,9,1,Cascade,5,1
30180,13,hard,Cascade,contradict,100,Cascade,9,1,Cascade,5,1
30180,13,hard,Cascade,contradict,200,Cascade,9,1,Cascade,6,2
30180,13,hard,Cascade,contradict,400,Cascade,9,1,Cascade,9,5
30180,13,hard,Cascade,contradict,control,ResourceExhausted,9,0,NotHard,1,1
30181,31,hard,Compound,mimic,0,Compound,0,1,Compound,3,0
30181,31,hard,Compound,mimic,50,Compound,0,1,Compound,3,0
30181,31,hard,Compound,mimic,100,Compound,0,1,Compound,4,1
30181,31,hard,Compound,mimic,200,Compound,0,1,Compound,7,4
30181,31,hard,Compound,mimic,400,Compound,0,1,Compound,8,5
30181,31,hard,Compound,mimic,control,ResourceExhausted,0,0,NotHard,0,0
30182,19,hard,Cascade,contradict,0,Cascade,8,1,Cascade,4,0
30182,19,hard,Cascade,contradict,50,Cascade,8,1,Cascade,4,0
30182,19,hard,Cascade,contradict,100,ResourceExhausted,8,0,NotHard,4,0
30182,19,hard,Cascade,contradict,200,Cascade,8,1,Cascade,5,1
30182,19,hard,Cascade,contradict,400,Cascade,8,1,Cascade,8,4
30182,19,hard,Cascade,contradict,control,ResourceExhausted,8,0,NotHard,1,1
30183,25,hard,SplitBrain,mimic,0,SplitBrain,1,1,SplitBrain,4,0
30183,25,hard,SplitBrain,mimic,50,SplitBrain,1,1,SplitBrain,4,0
30183,25,hard,SplitBrain,mimic,100,SplitBrain,1,1,SplitBrain,4,0
30183,25,hard,SplitBrain,mimic,200,SplitBrain,1,1,SplitBrain,4,0
30183,25,hard,SplitBrain,mimic,400,SplitBrain,1,1,SplitBrain,5,1
30183,25,hard,SplitBrain,mimic,control,ResourceExhausted,1,0,NotHard,1,1
30184,6,hard,Cascade,contradict,0,Cascade,2,1,Cascade,4,0
30184,6,hard,Cascade,contradict,50,SplitBrain,2,0,SplitBrain,7,3
30184,6,hard,Cascade,contradict,100,SplitBrain,2,0,SplitBrain,8,4
30184,6,hard,Cascade,contradict,200,Cascade,2,1,Cascade,9,5
30184,6,hard,Cascade,contradict,400,Cascade,2,1,Cascade,10,6
30184,6,hard,Cascade,contradict,control,ResourceExhausted,2,0,NotHard,3,3
30185,2,hard,SplitBrain,contradict,0,SplitBrain,0,1,SplitBrain,3,0
30185,2,hard,SplitBrain,contradict,50,SplitBrain,0,1,SplitBrain,3,0
30185,2,hard,SplitBrain,contradict,100,SplitBrain,0,1,SplitBrain,4,1
30185,2,hard,SplitBrain,contradict,200,SplitBrain,0,1,SplitBrain,4,1
30185,2,hard,SplitBrain,contradict,400,SplitBrain,0,1,SplitBrain,6,3
30185,2,hard,SplitBrain,contradict,control,ResourceExhausted,0,0,NotHard,0,0
30188,10,hard,Cascade,mimic,0,Cascade,3,1,Cascade,3,0
30188,10,hard,Cascade,mimic,50,Cascade,3,1,Cascade,3,0
30188,10,hard,Cascade,mimic,100,Cascade,3,1,Cascade,3,0
30188,10,hard,Cascade,mimic,200,Cascade,3,1,Cascade,4,1
30188,10,hard,Cascade,mimic,400,Cascade,3,1,Cascade,4,1
30188,10,hard,Cascade,mimic,control,ResourceExhausted,3,0,NotHard,0,0
30190,14,hard,Compound,contradict,0,Compound,1,1,Compound,4,0
30190,14,hard,Compound,contradict,50,Compound,1,1,Compound,5,1
30190,14,hard,Compound,contradict,100,Compound,1,1,Compound,5,1
30190,14,hard,Compound,contradict,200,Compound,1,1,Compound,5,1
30190,14,hard,Compound,contradict,400,Compound,1,1,Compound,6,2
30190,14,hard,Compound,contradict,control,ResourceExhausted,1,0,NotHard,1,1
30191,24,hard,SplitBrain,contradict,0,SplitBrain,1,1,SplitBrain,5,0
30191,24,hard,SplitBrain,contradict,50,SplitBrain,1,1,SplitBrain,5,0
30191,24,hard,SplitBrain,contradict,100,SplitBrain,1,1,SplitBrain,6,1
30191,24,hard,SplitBrain,contradict,200,SplitBrain,1,1,SplitBrain,9,4
30191,24,hard,SplitBrain,contradict,400,SplitBrain,1,1,SplitBrain,9,4
30191,24,hard,SplitBrain,contradict,control,ResourceExhausted,1,0,NotHard,0,0
30192,8,hard,Compound,contradict,0,Compound,9,1,Compound,4,0
30192,8,hard,Compound,contradict,50,Compound,9,1,Compound,5,1
30192,8,hard,Compound,contradict,100,Compound,9,1,Compound,7,3
30192,8,hard,Compound,contradict,200,Compound,9,1,Compound,9,5
30192,8,hard,Compound,contradict,400,Compound,9,1,Compound,11,7
30192,8,hard,Compound,contradict,control,ResourceExhausted,9,0,NotHard,1,1
30193,17,hard,Compound,contradict,0,Compound,7,1,Compound,4,0
30193,17,hard,Compound,contradict,50,Compound,7,1,Compound,4,0
30193,17,hard,Compound,contradict,100,Compound,7,1,Compound,5,1
30193,17,hard,Compound,contradict,200,Compound,7,1,Compound,6,2
30193,17,hard,Compound,contradict,400,Compound,7,1,Compound,10,6
30193,17,hard,Compound,contradict,control,ResourceExhausted,7,0,NotHard,0,0
30194,9,hard,SplitBrain,mimic,0,SplitBrain,6,1,SplitBrain,5,0
30194,9,hard,SplitBrain,mimic,50,SplitBrain,6,1,SplitBrain,6,1
30194,9,hard,SplitBrain,mimic,100,SplitBrain,6,1,SplitBrain,6,1
30194,9,hard,SplitBrain,mimic,200,SplitBrain,6,1,SplitBrain,7,2
30194,9,hard,SplitBrain,mimic,400,SplitBrain,6,1,SplitBrain,6,1
30194,9,hard,SplitBrain,mimic,control,ResourceExhausted,6,0,NotHard,1,1
30195,14,hard,Compound,contradict,0,Compound,7,1,Compound,3,0
30195,14,hard,Compound,contradict,50,Compound,7,1,Compound,3,0
30195,14,hard,Compound,contradict,100,Compound,7,1,Compound,4,1
30195,14,hard,Compound,contradict,200,SplitBrain,7,0,SplitBrain,5,2
30195,14,hard,Compound,contradict,400,SplitBrain,7,0,SplitBrain,8,5
30195,14,hard,Compound,contradict,control,ResourceExhausted,7,0,NotHard,0,0
30196,1,hard,SplitBrain,contradict,0,SplitBrain,9,1,SplitBrain,3,0
30196,1,hard,SplitBrain,contradict,50,SplitBrain,9,1,SplitBrain,3,1
30196,1,hard,SplitBrain,contradict,100,Cascade,9,0,Cascade,5,3
30196,1,hard,SplitBrain,contradict,200,ResourceExhausted,9,0,NotHard,4,2
30196,1,hard,SplitBrain,contradict,400,SplitBrain,9,1,SplitBrain,6,3
30196,1,hard,SplitBrain,contradict,control,ResourceExhausted,9,0,NotHard,1,1
30197,16,hard,SplitBrain,contradict,0,Cascade,6,0,Cascade,3,0
30197,16,hard,SplitBrain,contradict,50,Cascade,6,0,Cascade,3,0
30197,16,hard,SplitBrain,contradict,100,Cascade,6,0,Cascade,3,0
30197,16,hard,SplitBrain,contradict,200,Cascade,6,0,Cascade,4,1
30197,16,hard,SplitBrain,contradict,400,SplitBrain,6,1,SplitBrain,4,1
30197,16,hard,SplitBrain,contradict,control,ResourceExhausted,6,0,NotHard,0,0
30198,8,hard,Compound,contradict,0,Compound,4,1,Compound,5,0
30198,8,hard,Compound,contradict,50,Compound,4,1,Compound,6,1
30198,8,hard,Compound,contradict,100,Compound,4,1,Compound,8,3
30198,8,hard,Compound,contradict,200,Compound,4,1,Compound,8,3
30198,8,hard,Compound,contradict,400,Compound,4,1,Compound,10,5
30198,8,hard,Compound,contradict,control,ResourceExhausted,4,0,NotHard,1,1
30199,18,hard,Compound,mimic,0,Compound,2,1,Compound,5,0
30199,18,hard,Compound,mimic,50,Compound,2,1,Compound,5,0
30199,18,hard,Compound,mimic,100,Compound,2,1,Compound,5,0
30199,18,hard,Compound,mimic,200,Compound,2,1,Compound,5,0
30199,18,hard,Compound,mimic,400,Compound,2,1,Compound,9,4
30199,18,hard,Compound,mimic,control,ResourceExhausted,2,0,NotHard,0,0
30200,7,hard,SplitBrain,contradict,0,SplitBrain,2,1,SplitBrain,3,0
30200,7,hard,SplitBrain,contradict,50,SplitBrain,2,1,SplitBrain,5,2
30200,7,hard,SplitBrain,contradict,100,SplitBrain,2,1,SplitBrain,6,3
30200,7,hard,SplitBrain,contradict,200,SplitBrain,2,1,SplitBrain,7,4
30200,7,hard,SplitBrain,contradict,400,SplitBrain,2,1,SplitBrain,9,6
30200,7,hard,SplitBrain,contradict,control,ResourceExhausted,2,0,NotHard,2,2
30201,6,hard,Cascade,mimic,0,Cascade,4,1,Cascade,4,0
30201,6,hard,Cascade,mimic,50,Cascade,4,1,Cascade,5,1
30201,6,hard,Cascade,mimic,100,Cascade,4,1,Cascade,5,1
30201,6,hard,Cascade,mimic,200,Cascade,4,1,Cascade,6,2
30201,6,hard,Cascade,mimic,400,Cascade,4,1,Cascade,8,4
30201,6,hard,Cascade,mimic,control,ResourceExhausted,4,0,NotHard,2,2
30202,8,hard,SplitBrain,contradict,0,SplitBrain,0,1,SplitBrain,4,0
30202,8,hard,SplitBrain,contradict,50,SplitBrain,0,1,SplitBrain,4,0
30202,8,hard,SplitBrain,contradict,100,SplitBrain,0,1,SplitBrain,4,0
30202,8,hard,SplitBrain,contradict,200,SplitBrain,0,1,SplitBrain,6,2
30202,8,hard,SplitBrain,contradict,400,SplitBrain,0,1,SplitBrain,6,2
30202,8,hard,SplitBrain,contradict,control,ResourceExhausted,0,0,NotHard,1,1
30203,13,hard,Cascade,mimic,0,Cascade,10,1,Cascade,5,0
30203,13,hard,Cascade,mimic,50,Cascade,10,1,Cascade,5,0
30203,13,hard,Cascade,mimic,100,Cascade,10,1,Cascade,5,0
30203,13,hard,Cascade,mimic,200,Cascade,10,1,Cascade,5,0
30203,13,hard,Cascade,mimic,400,Cascade,10,1,Cascade,8,3
30203,13,hard,Cascade,mimic,control,ResourceExhausted,10,0,NotHard,0,0
30204,17,hard,SplitBrain,mimic,0,SplitBrain,3,1,SplitBrain,3,0
30204,17,hard,SplitBrain,mimic,50,SplitBrain,3,1,SplitBrain,3,0
30204,17,hard,SplitBrain,mimic,100,SplitBrain,3,1,SplitBrain,4,1
30204,17,hard,SplitBrain,mimic,200,SplitBrain,3,1,SplitBrain,5,2
30204,17,hard,SplitBrain,mimic,400,SplitBrain,3,1,SplitBrain,5,2
30204,17,hard,SplitBrain,mimic,control,ResourceExhausted,3,0,NotHard,0,0
30206,8,hard,Compound,contradict,0,Compound,8,1,Compound,4,0
30206,8,hard,Compound,contradict,50,Compound,8,1,Compound,5,1
30206,8,hard,Compound,contradict,100,Compound,8,1,Compound,7,3
30206,8,hard,Compound,contradict,200,Compound,8,1,Compound,8,4
30206,8,hard,Compound,contradict,400,Compound,8,1,Compound,9,5
30206,8,hard,Compound,contradict,control,ResourceExhausted,8,0,NotHard,1,1
30207,5,hard,Compound,mimic,0,Compound,7,1,Compound,3,0
30207,5,hard,Compound,mimic,50,Compound,7,1,Compound,4,1
30207,5,hard,Compound,mimic,100,Compound,7,1,Compound,5,2
30207,5,hard,Compound,mimic,200,Compound,7,1,Compound,5,2
30207,5,hard,Compound,mimic,400,Compound,7,1,Compound,7,4
30207,5,hard,Compound,mimic,control,ResourceExhausted,7,0,NotHard,1,1
30209,16,hard,Compound,contradict,0,Compound,8,1,Compound,5,0
30209,16,hard,Compound,contradict,50,Compound,8,1,Compound,5,0
30209,16,hard,Compound,contradict,100,Compound,8,1,Compound,6,1
30209,16,hard,Compound,contradict,200,Compound,8,1,Compound,7,2
30209,16,hard,Compound,contradict,400,Compound,8,1,Compound,5,0
30209,16,hard,Compound,contradict,control,ResourceExhausted,8,0,NotHard,0,0
30210,20,hard,Compound,contradict,0,Compound,3,1,Compound,5,0
30210,20,hard,Compound,contradict,50,Compound,3,1,Compound,6,1
30210,20,hard,Compound,contradict,100,Compound,3,1,Compound,7,2
30210,20,hard,Compound,contradict,200,Compound,3,1,Compound,9,4
30210,20,hard,Compound,contradict,400,Compound,3,1,Compound,13,8
30210,20,hard,Compound,contradict,control,ResourceExhausted,3,0,NotHard,1,1
30213,17,hard,Compound,mimic,0,Compound,4,1,Compound,5,0
30213,17,hard,Compound,mimic,50,Compound,4,1,Compound,5,0
30213,17,hard,Compound,mimic,100,Compound,4,1,Compound,6,1
30213,17,hard,Compound,mimic,200,Compound,4,1,Compound,5,0
30213,17,hard,Compound,mimic,400,Compound,4,1,Compound,5,0
30213,17,hard,Compound,mimic,control,ResourceExhausted,4,0,NotHard,0,0
30214,4,hard,Compound,mimic,0,Compound,1,1,Compound,3,0
30214,4,hard,Compound,mimic,50,Compound,1,1,Compound,5,2
30214,4,hard,Compound,mimic,100,SplitBrain,1,0,SplitBrain,6,3
30214,4,hard,Compound,mimic,200,Compound,1,1,Compound,8,5
30214,4,hard,Compound,mimic,400,Compound,1,1,Compound,10,7
30214,4,hard,Compound,mimic,control,ResourceExhausted,1,0,NotHard,2,2
30215,9,hard,Cascade,mimic,0,Cascade,11,1,Cascade,5,0
30215,9,hard,Cascade,mimic,50,Cascade,11,1,Cascade,5,0
30215,9,hard,Cascade,mimic,100,Cascade,11,1,Cascade,7,2
30215,9,hard,Cascade,mimic,200,Cascade,11,1,Cascade,8,3
30215,9,hard,Cascade,mimic,400,Cascade,11,1,Cascade,9,4
30215,9,hard,Cascade,mimic,control,ResourceExhausted,11,0,NotHard,0,0
30218,10,hard,Cascade,contradict,0,Cascade,7,1,Cascade,5,0
30218,10,hard,Cascade,contradict,50,Cascade,7,1,Cascade,5,0
30218,10,hard,Cascade,contradict,100,Cascade,7,1,Cascade,5,0
30218,10,hard,Cascade,contradict,200,Cascade,7,1,Cascade,5,0
30218,10,hard,Cascade,contradict,400,Cascade,7,1,Cascade,7,2
30218,10,hard,Cascade,contradict,control,ResourceExhausted,7,0,NotHard,0,0
30219,29,hard,Compound,mimic,0,Compound,4,1,Compound,3,0
30219,29,hard,Compound,mimic,50,Compound,4,1,Compound,4,1
30219,29,hard,Compound,mimic,100,Compound,4,1,Compound,5,2
30219,29,hard,Compound,mimic,200,Compound,4,1,Compound,7,4
30219,29,hard,Compound,mimic,400,Compound,4,1,Compound,7,4
30219,29,hard,Compound,mimic,control,ConfigDrift,4,0,NotHard,1,1
30220,16,hard,SplitBrain,contradict,0,SplitBrain,7,1,SplitBrain,3,0
30220,16,hard,SplitBrain,contradict,50,SplitBrain,7,1,SplitBrain,4,1
30220,16,hard,SplitBrain,contradict,100,SplitBrain,7,1,SplitBrain,4,1
30220,16,hard,SplitBrain,contradict,200,SplitBrain,7,1,SplitBrain,4,1
30220,16,hard,SplitBrain,contradict,400,SplitBrain,7,1,SplitBrain,7,4
30220,16,hard,SplitBrain,contradict,control,ResourceExhausted,7,0,NotHard,1,1
30221,9,hard,Cascade,mimic,0,Cascade,11,1,Cascade,5,0
30221,9,hard,Cascade,mimic,50,Cascade,11,1,Cascade,6,1
30221,9,hard,Cascade,mimic,100,Cascade,11,1,Cascade,6,1
30221,9,hard,Cascade,mimic,200,Cascade,11,1,Cascade,8,3
30221,9,hard,Cascade,mimic,400,Cascade,11,1,Cascade,10,5
30221,9,hard,Cascade,mimic,control,ResourceExhausted,11,0,NotHard,1,1
30222,19,hard,Compound,mimic,0,Compound,3,1,Compound,5,0
30222,19,hard,Compound,mimic,50,Compound,3,1,Compound,6,1
30222,19,hard,Compound,mimic,100,Compound,3,1,Compound,10,5
30222,19,hard,Compound,mimic,200,Compound,3,1,Compound,12,7
30222,19,hard,Compound,mimic,400,Compound,3,1,Compound,13,8
30222,19,hard,Compound,mimic,control,ResourceExhausted,3,0,NotHard,1,1
30223,18,hard,Compound,mimic,0,Compound,6,1,Compound,5,0
30223,18,hard,Compound,mimic,50,Compound,6,1,Compound,6,1
30223,18,hard,Compound,mimic,100,Compound,6,1,Compound,6,1
30223,18,hard,Compound,mimic,200,Compound,6,1,Compound,7,2
30223,18,hard,Compound,mimic,400,Compound,6,1,Compound,5,0
30223,18,hard,Compound,mimic,control,ResourceExhausted,6,0,NotHard,1,1
30225,13,hard,Cascade,contradict,0,Cascade,6,1,Cascade,4,0
30225,13,hard,Cascade,contradict,50,Cascade,6,1,Cascade,4,0
30225,13,hard,Cascade,contradict,100,Cascade,6,1,Cascade,4,0
30225,13,hard,Cascade,contradict,200,DependencyDown,6,0,NotHard,6,2
30225,13,hard,Cascade,contradict,400,Cascade,6,1,Cascade,8,4
30225,13,hard,Cascade,contradict,control,DependencyDown,6,0,NotHard,0,0
30226,8,hard,Cascade,contradict,0,Cascade,3,1,Cascade,3,0
30226,8,hard,Cascade,contradict,50,Cascade,3,1,Cascade,3,0
30226,8,hard,Cascade,contradict,100,Cascade,3,1,Cascade,4,1
30226,8,hard,Cascade,contradict,200,Cascade,3,1,Cascade,4,1
30226,8,hard,Cascade,contradict,400,Cascade,3,1,Cascade,5,2
30226,8,hard,Cascade,contradict,control,ResourceExhausted,3,0,NotHard,0,0
30227,21,hard,SplitBrain,contradict,0,Cascade,3,0,Cascade,5,0
30227,21,hard,SplitBrain,contradict,50,Cascade,3,0,Cascade,5,0
30227,21,hard,SplitBrain,contradict,100,Cascade,3,0,Cascade,5,0
30227,21,hard,SplitBrain,contradict,200,Cascade,3,0,Cascade,7,2
30227,21,hard,SplitBrain,contradict,400,SplitBrain,3,1,SplitBrain,10,5
30227,21,hard,SplitBrain,contradict,control,ResourceExhausted,3,0,NotHard,0,0
30229,20,hard,Compound,contradict,0,Compound,6,1,Compound,3,0
30229,20,hard,Compound,contradict,50,Compound,6,1,Compound,4,1
30229,20,hard,Compound,contradict,100,Compound,6,1,Compound,4,1
30229,20,hard,Compound,contradict,200,Compound,6,1,Compound,5,2
30229,20,hard,Compound,contradict,400,Compound,6,1,Compound,11,8
30229,20,hard,Compound,contradict,control,ConfigDrift,6,0,NotHard,1,1
30231,26,hard,Cascade,contradict,0,Cascade,4,1,Cascade,4,0
30231,26,hard,Cascade,contradict,50,Cascade,4,1,Cascade,5,1
30231,26,hard,Cascade,contradict,100,Cascade,4,1,Cascade,5,1
30231,26,hard,Cascade,contradict,200,Cascade,4,1,Cascade,6,2
30231,26,hard,Cascade,contradict,400,Cascade,4,1,Cascade,10,6
30231,26,hard,Cascade,contradict,control,Cascade,4,1,Cascade,1,1
30232,0,hard,SplitBrain,contradict,0,SplitBrain,6,1,SplitBrain,4,0
30232,0,hard,SplitBrain,contradict,50,SplitBrain,6,1,SplitBrain,6,2
30232,0,hard,SplitBrain,contradict,100,SplitBrain,6,1,SplitBrain,4,0
30232,0,hard,SplitBrain,contradict,200,SplitBrain,6,1,SplitBrain,4,0
30232,0,hard,SplitBrain,contradict,400,SplitBrain,6,1,SplitBrain,7,3
30232,0,hard,SplitBrain,contradict,control,ResourceExhausted,6,0,NotHard,2,2
30233,25,hard,SplitBrain,mimic,0,SplitBrain,10,1,SplitBrain,4,0
30233,25,hard,SplitBrain,mimic,50,SplitBrain,10,1,SplitBrain,5,1
30233,25,hard,SplitBrain,mimic,100,SplitBrain,10,1,SplitBrain,5,1
30233,25,hard,SplitBrain,mimic,200,SplitBrain,10,1,SplitBrain,7,3
30233,25,hard,SplitBrain,mimic,400,SplitBrain,10,1,SplitBrain,9,5
30233,25,hard,SplitBrain,mimic,control,ResourceExhausted,10,0,NotHard,2,2
30236,13,hard,Cascade,mimic,0,Cascade,8,1,Cascade,4,0
30236,13,hard,Cascade,mimic,50,Cascade,8,1,Cascade,5,1
30236,13,hard,Cascade,mimic,100,Cascade,8,1,Cascade,5,1
30236,13,hard,Cascade,mimic,200,Cascade,8,1,Cascade,5,1
30236,13,hard,Cascade,mimic,400,Cascade,8,1,Cascade,6,2
30236,13,hard,Cascade,mimic,control,ResourceExhausted,8,0,NotHard,2,2
30239,30,hard,Cascade,contradict,0,Cascade,3,1,Cascade,4,0
30239,30,hard,Cascade,contradict,50,Cascade,3,1,Cascade,6,2
30239,30,hard,Cascade,contradict,100,Cascade,3,1,Cascade,7,3
30239,30,hard,Cascade,contradict,200,Cascade,3,1,Cascade,8,4
30239,30,hard,Cascade,contradict,400,Cascade,3,1,Cascade,12,8
30239,30,hard,Cascade,contradict,control,ResourceExhausted,3,0,NotHard,2,2
30240,4,hard,SplitBrain,mimic,0,SplitBrain,0,1,SplitBrain,3,0
30240,4,hard,SplitBrain,mimic,50,SplitBrain,0,1,SplitBrain,3,0
30240,4,hard,SplitBrain,mimic,100,SplitBrain,0,1,SplitBrain,3,0
30240,4,hard,SplitBrain,mimic,200,SplitBrain,0,1,SplitBrain,3,0
30240,4,hard,SplitBrain,mimic,400,SplitBrain,0,1,SplitBrain,3,0
30240,4,hard,SplitBrain,mimic,control,ResourceExhausted,0,0,NotHard,0,0
30241,9,hard,Compound,mimic,0,Compound,0,1,Compound,5,0
30241,9,hard,Compound,mimic,50,Compound,0,1,Compound,6,1
30241,9,hard,Compound,mimic,100,Compound,0,1,Compound,6,1
30241,9,hard,Compound,mimic,200,Compound,0,1,Compound,5,0
30241,9,hard,Compound,mimic,400,Compound,0,1,Compound,6,1
30241,9,hard,Compound,mimic,control,ResourceExhausted,0,0,NotHard,1,1
30242,22,hard,Compound,mimic,0,Compound,1,1,Compound,3,0
30242,22,hard,Compound,mimic,50,Compound,1,1,Compound,5,2
30242,22,hard,Compound,mimic,100,Compound,1,1,Compound,5,2
30242,22,hard,Compound,mimic,200,Compound,1,1,Compound,5,2
30242,22,hard,Compound,mimic,400,SplitBrain,1,0,SplitBrain,6,3
30242,22,hard,Compound,mimic,control,ResourceExhausted,1,0,NotHard,2,2
30243,26,hard,SplitBrain,mimic,0,SplitBrain,6,1,SplitBrain,3,0
30243,26,hard,SplitBrain,mimic,50,SplitBrain,6,1,SplitBrain,3,0
30243,26,hard,SplitBrain,mimic,100,SplitBrain,6,1,SplitBrain,3,0
30243,26,hard,SplitBrain,mimic,200,SplitBrain,6,1,SplitBrain,4,1
30243,26,hard,SplitBrain,mimic,400,SplitBrain,6,1,SplitBrain,8,5
30243,26,hard,SplitBrain,mimic,control,ResourceExhausted,6,0,NotHard,1,1
30244,13,hard,Compound,mimic,0,Compound,0,1,Compound,5,0
30244,13,hard,Compound,mimic,50,Compound,0,1,Compound,5,0
30244,13,hard,Compound,mimic,100,Compound,0,1,Compound,6,1
30244,13,hard,Compound,mimic,200,Compound,0,1,Compound,6,1
30244,13,hard,Compound,mimic,400,Compound,0,1,Compound,7,2
30244,13,hard,Compound,mimic,control,ResourceExhausted,0,0,NotHard,0,0
30245,32,hard,Compound,mimic,0,Compound,7,1,Compound,3,0
30245,32,hard,Compound,mimic,50,Compound,7,1,Compound,4,1
30245,32,hard,Compound,mimic,100,Compound,7,1,Compound,4,1
30245,32,hard,Compound,mimic,200,Compound,7,1,Compound,6,3
30245,32,hard,Compound,mimic,400,Compound,7,1,Compound,7,4
30245,32,hard,Compound,mimic,control,ConfigDrift,7,0,NotHard,1,1
30246,10,hard,Cascade,contradict,0,Cascade,5,1,Cascade,5,0
30246,10,hard,Cascade,contradict,50,Cascade,5,1,Cascade,6,1
30246,10,hard,Cascade,contradict,100,Cascade,5,1,Cascade,7,2
30246,10,hard,Cascade,contradict,200,Cascade,5,1,Cascade,9,4
30246,10,hard,Cascade,contradict,400,Cascade,5,1,Cascade,9,4
30246,10,hard,Cascade,contradict,control,ResourceExhausted,5,0,NotHard,1,1
30247,10,hard,SplitBrain,contradict,0,SplitBrain,2,1,SplitBrain,4,0
30247,10,hard,SplitBrain,contradict,50,SplitBrain,2,1,SplitBrain,5,1
30247,10,hard,SplitBrain,contradict,100,SplitBrain,2,1,SplitBrain,7,3
30247,10,hard,SplitBrain,contradict,200,SplitBrain,2,1,SplitBrain,9,5
30247,10,hard,SplitBrain,contradict,400,SplitBrain,2,1,SplitBrain,14,10
30247,10,hard,SplitBrain,contradict,control,ResourceExhausted,2,0,NotHard,2,2
30248,9,hard,Compound,mimic,0,Compound,1,1,Compound,5,0
30248,9,hard,Compound,mimic,50,Compound,1,1,Compound,6,1
30248,9,hard,Compound,mimic,100,Compound,1,1,Compound,8,3
30248,9,hard,Compound,mimic,200,Compound,1,1,Compound,8,3
30248,9,hard,Compound,mimic,400,Compound,1,1,Compound,13,8
30248,9,hard,Compound,mimic,control,ResourceExhausted,1,0,NotHard,1,1
30249,12,hard,SplitBrain,mimic,0,SplitBrain,9,1,SplitBrain,4,0
30249,12,hard,SplitBrain,mimic,50,SplitBrain,9,1,SplitBrain,5,1
30249,12,hard,SplitBrain,mimic,100,SplitBrain,9,1,SplitBrain,6,2
30249,12,hard,SplitBrain,mimic,200,SplitBrain,9,1,SplitBrain,7,3
30249,12,hard,SplitBrain,mimic,400,SplitBrain,9,1,SplitBrain,13,9
30249,12,hard,SplitBrain,mimic,control,ResourceExhausted,9,0,NotHard,2,2
30250,23,hard,Cascade,mimic,0,Cascade,5,1,Cascade,5,0
30250,23,hard,Cascade,mimic,50,Cascade,5,1,Cascade,5,0
30250,23,hard,Cascade,mimic,100,Cascade,5,1,Cascade,6,1
30250,23,hard,Cascade,mimic,200,Cascade,5,1,Cascade,7,2
30250,23,hard,Cascade,mimic,400,Cascade,5,1,Cascade,11,6
30250,23,hard,Cascade,mimic,control,ResourceExhausted,5,0,NotHard,0,0
30251,15,hard,SplitBrain,mimic,0,SplitBrain,2,1,SplitBrain,3,0
30251,15,hard,SplitBrain,mimic,50,SplitBrain,2,1,SplitBrain,4,1
30251,15,hard,SplitBrain,mimic,100,SplitBrain,2,1,SplitBrain,3,0
30251,15,hard,SplitBrain,mimic,200,SplitBrain,2,1,SplitBrain,4,1
30251,15,hard,SplitBrain,mimic,400,SplitBrain,2,1,SplitBrain,7,4
30251,15,hard,SplitBrain,mimic,control,ResourceExhausted,2,0,NotHard,1,1
30252,4,hard,Cascade,mimic,0,Cascade,2,1,Cascade,3,0
30252,4,hard,Cascade,mimic,50,Cascade,2,1,Cascade,6,3
30252,4,hard,Cascade,mimic,100,Cascade,2,1,Cascade,6,3
30252,4,hard,Cascade,mimic,200,Cascade,2,1,Cascade,6,3
30252,4,hard,Cascade,mimic,400,Cascade,2,1,Cascade,12,9
30252,4,hard,Cascade,mimic,control,SplitBrain,2,0,SplitBrain,3,3
30253,9,hard,SplitBrain,contradict,0,SplitBrain,0,1,SplitBrain,5,0
30253,9,hard,SplitBrain,contradict,50,SplitBrain,0,1,SplitBrain,5,0
30253,9,hard,SplitBrain,contradict,100,SplitBrain,0,1,SplitBrain,5,0
30253,9,hard,SplitBrain,contradict,200,SplitBrain,0,1,SplitBrain,5,0
30253,9,hard,SplitBrain,contradict,400,SplitBrain,0,1,SplitBrain,6,1
30253,9,hard,SplitBrain,contradict,control,ResourceExhausted,0,0,NotHard,0,0
30254,31,hard,Cascade,contradict,0,Cascade,7,1,Cascade,4,0
30254,31,hard,Cascade,contradict,50,Cascade,7,1,Cascade,4,0
30254,31,hard,Cascade,contradict,100,Cascade,7,1,Cascade,5,1
30254,31,hard,Cascade,contradict,200,Cascade,7,1,Cascade,8,4
30254,31,hard,Cascade,contradict,400,Cascade,7,1,Cascade,10,6
30254,31,hard,Cascade,contradict,control,ResourceExhausted,7,0,NotHard,2,2
30255,11,hard,Compound,contradict,0,Compound,4,1,Compound,4,0
30255,11,hard,Compound,contradict,50,Compound,4,1,Compound,5,1
30255,11,hard,Compound,contradict,100,Compound,4,1,Compound,7,3
30255,11,hard,Compound,contradict,200,Compound,4,1,Compound,7,3
30255,11,hard,Compound,contradict,400,Compound,4,1,Compound,13,9
30255,11,hard,Compound,contradict,control,ResourceExhausted,4,0,NotHard,1,1
30256,10,hard,Cascade,contradict,0,Cascade,9,1,Cascade,4,0
30256,10,hard,Cascade,contradict,50,Cascade,9,1,Cascade,5,1
30256,10,hard,Cascade,contradict,100,Cascade,9,1,Cascade,6,2
30256,10,hard,Cascade,contradict,200,Cascade,9,1,Cascade,6,2
30256,10,hard,Cascade,contradict,400,Cascade,9,1,Cascade,10,6
30256,10,hard,Cascade,contradict,control,ResourceExhausted,9,0,NotHard,1,1
30257,12,hard,Cascade,mimic,0,Cascade,1,1,Cascade,4,0
30257,12,hard,Cascade,mimic,50,Cascade,1,1,Cascade,6,2
30257,12,hard,Cascade,mimic,100,Cascade,1,1,Cascade,7,3
30257,12,hard,Cascade,mimic,200,Cascade,1,1,Cascade,8,4
30257,12,hard,Cascade,mimic,400,Cascade,1,1,Cascade,9,5
30257,12,hard,Cascade,mimic,control,ResourceExhausted,1,0,NotHard,2,2
30258,9,hard,Cascade,mimic,0,Cascade,2,1,Cascade,5,0
30258,9,hard,Cascade,mimic,50,Cascade,2,1,Cascade,6,1
30258,9,hard,Cascade,mimic,100,Cascade,2,1,Cascade,6,1
30258,9,hard,Cascade,mimic,200,Cascade,2,1,Cascade,9,4
30258,9,hard,Cascade,mimic,400,Cascade,2,1,Cascade,13,8
30258,9,hard,Cascade,mimic,control,ResourceExhausted,2,0,NotHard,1,1
30259,11,hard,Cascade,mimic,0,Cascade,4,1,Cascade,5,0
30259,11,hard,Cascade,mimic,50,Cascade,4,1,Cascade,5,0
30259,11,hard,Cascade,mimic,100,Cascade,4,1,Cascade,7,2
30259,11,hard,Cascade,mimic,200,Cascade,4,1,Cascade,10,5
30259,11,hard,Cascade,mimic,400,Compound,4,0,Compound,14,9
30259,11,hard,Cascade,mimic,control,ResourceExhausted,4,0,NotHard,0,0
30260,7,hard,Compound,mimic,0,Compound,1,1,Compound,4,0
30260,7,hard,Compound,mimic,50,Compound,1,1,Compound,4,0
30260,7,hard,Compound,mimic,100,Compound,1,1,Compound,4,0
30260,7,hard,Compound,mimic,200,Compound,1,1,Compound,5,1
30260,7,hard,Compound,mimic,400,Compound,1,1,Compound,7,3
30260,7,hard,Compound,mimic,control,ResourceExhausted,1,0,NotHard,0,0
30262,12,hard,SplitBrain,contradict,0,SplitBrain,4,1,SplitBrain,5,0
30262,12,hard,SplitBrain,contradict,50,SplitBrain,4,1,SplitBrain,5,0
30262,12,hard,SplitBrain,contradict,100,SplitBrain,4,1,SplitBrain,6,1
30262,12,hard,SplitBrain,contradict,200,SplitBrain,4,1,SplitBrain,8,3
30262,12,hard,SplitBrain,contradict,400,SplitBrain,4,1,SplitBrain,9,4
30262,12,hard,SplitBrain,contradict,control,ResourceExhausted,4,0,NotHard,1,1
30263,11,hard,Cascade,contradict,0,Cascade,7,1,Cascade,4,0
30263,11,hard,Cascade,contradict,50,Cascade,7,1,Cascade,4,0
30263,11,hard,Cascade,contradict,100,Cascade,7,1,Cascade,4,0
30263,11,hard,Cascade,contradict,200,Cascade,7,1,Cascade,4,0
30263,11,hard,Cascade,contradict,400,Cascade,7,1,Cascade,9,5
30263,11,hard,Cascade,contradict,control,ResourceExhausted,7,0,NotHard,1,1
30264,7,hard,SplitBrain,contradict,0,SplitBrain,1,1,SplitBrain,5,0
30264,7,hard,SplitBrain,contradict,50,SplitBrain,1,1,SplitBrain,5,0
30264,7,hard,SplitBrain,contradict,100,SplitBrain,1,1,SplitBrain,5,0
30264,7,hard,SplitBrain,contradict,200,SplitBrain,1,1,SplitBrain,6,1
30264,7,hard,SplitBrain,contradict,400,SplitBrain,1,1,SplitBrain,7,2
30264,7,hard,SplitBrain,contradict,control,ResourceExhausted,1,0,NotHard,1,1
30266,8,hard,Compound,mimic,0,Compound,9,1,Compound,4,0
30266,8,hard,Compound,mimic,50,Compound,9,1,Compound,5,1
30266,8,hard,Compound,mimic,100,Compound,9,1,Compound,6,2
30266,8,hard,Compound,mimic,200,Compound,9,1,Compound,9,5
30266,8,hard,Compound,mimic,400,Compound,9,1,Compound,9,5
30266,8,hard,Compound,mimic,control,ResourceExhausted,9,0,NotHard,1,1
30269,20,hard,Cascade,contradict,0,Cascade,9,1,Cascade,3,0
30269,20,hard,Cascade,contradict,50,Cascade,9,1,Cascade,3,0
30269,20,hard,Cascade,contradict,100,Cascade,9,1,Cascade,3,0
30269,20,hard,Cascade,contradict,200,Cascade,9,1,Cascade,6,3
30269,20,hard,Cascade,contradict,400,Cascade,9,1,Cascade,12,10
30269,20,hard,Cascade,contradict,control,ResourceExhausted,9,0,NotHard,0,0
30270,1,hard,Compound,contradict,0,Compound,11,1,Compound,3,0
30270,1,hard,Compound,contradict,50,Compound,11,1,Compound,4,1
30270,1,hard,Compound,contradict,100,Compound,11,1,Compound,4,1
30270,1,hard,Compound,contradict,200,Compound,11,1,Compound,5,2
30270,1,hard,Compound,contradict,400,Compound,11,1,Compound,9,6
30270,1,hard,Compound,contradict,control,CredentialExpired,11,0,NotHard,1,1
30272,8,hard,SplitBrain,mimic,0,SplitBrain,1,1,SplitBrain,3,0
30272,8,hard,SplitBrain,mimic,50,SplitBrain,1,1,SplitBrain,5,2
30272,8,hard,SplitBrain,mimic,100,SplitBrain,1,1,SplitBrain,6,3
30272,8,hard,SplitBrain,mimic,200,SplitBrain,1,1,SplitBrain,8,5
30272,8,hard,SplitBrain,mimic,400,SplitBrain,1,1,SplitBrain,7,4
30272,8,hard,SplitBrain,mimic,control,ResourceExhausted,1,0,NotHard,2,2
30273,26,hard,Compound,mimic,0,Compound,8,1,Compound,4,0
30273,26,hard,Compound,mimic,50,Compound,8,1,Compound,4,0
30273,26,hard,Compound,mimic,100,Compound,8,1,Compound,4,0
30273,26,hard,Compound,mimic,200,Compound,8,1,Compound,5,1
30273,26,hard,Compound,mimic,400,Compound,8,1,Compound,9,5
30273,26,hard,Compound,mimic,control,ResourceExhausted,8,0,NotHard,0,0
30275,1,hard,Compound,contradict,0,Compound,3,1,Compound,3,0
30275,1,hard,Compound,contradict,50,SplitBrain,3,0,SplitBrain,5,2
30275,1,hard,Compound,contradict,100,Cascade,3,0,Cascade,6,3
30275,1,hard,Compound,contradict,200,SplitBrain,3,0,SplitBrain,11,8
30275,1,hard,Compound,contradict,400,Compound,3,1,Compound,13,10
30275,1,hard,Compound,contradict,control,ResourceExhausted,3,0,NotHard,2,2
30277,6,hard,SplitBrain,contradict,0,Cascade,3,0,Cascade,4,0
30277,6,hard,SplitBrain,contradict,50,Cascade,3,0,Cascade,5,1
30277,6,hard,SplitBrain,contradict,100,SplitBrain,3,1,SplitBrain,5,1
30277,6,hard,SplitBrain,contradict,200,SplitBrain,3,1,SplitBrain,6,2
30277,6,hard,SplitBrain,contradict,400,SplitBrain,3,1,SplitBrain,7,3
30277,6,hard,SplitBrain,contradict,control,ResourceExhausted,3,0,NotHard,1,1
30278,26,hard,SplitBrain,mimic,0,SplitBrain,3,1,SplitBrain,5,0
30278,26,hard,SplitBrain,mimic,50,SplitBrain,3,1,SplitBrain,7,2
30278,26,hard,SplitBrain,mimic,100,SplitBrain,3,1,SplitBrain,7,2
30278,26,hard,SplitBrain,mimic,200,SplitBrain,3,1,SplitBrain,8,3
30278,26,hard,SplitBrain,mimic,400,SplitBrain,3,1,SplitBrain,10,5
30278,26,hard,SplitBrain,mimic,control,ResourceExhausted,3,0,NotHard,3,3
30279,26,hard,Cascade,mimic,0,Cascade,4,1,Cascade,5,0
30279,26,hard,Cascade,mimic,50,Cascade,4,1,Cascade,6,1
30279,26,hard,Cascade,mimic,100,Cascade,4,1,Cascade,6,1
30279,26,hard,Cascade,mimic,200,Cascade,4,1,Cascade,9,4
30279,26,hard,Cascade,mimic,400,Cascade,4,1,Cascade,10,5
30279,26,hard,Cascade,mimic,control,ResourceExhausted,4,0,NotHard,1,1
30280,2,hard,Cascade,contradict,0,Cascade,7,1,Cascade,5,0
30280,2,hard,Cascade,contradict,50,Cascade,7,1,Cascade,5,0
30280,2,hard,Cascade,contradict,100,Cascade,7,1,Cascade,5,0
30280,2,hard,Cascade,contradict,200,Cascade,7,1,Cascade,7,2
30280,2,hard,Cascade,contradict,400,Cascade,7,1,Cascade,9,4
30280,2,hard,Cascade,contradict,control,ResourceExhausted,7,0,NotHard,0,0
30281,4,hard,SplitBrain,mimic,0,SplitBrain,2,1,SplitBrain,5,0
30281,4,hard,SplitBrain,mimic,50,SplitBrain,2,1,SplitBrain,5,0
30281,4,hard,SplitBrain,mimic,100,SplitBrain,2,1,SplitBrain,5,0
30281,4,hard,SplitBrain,mimic,200,SplitBrain,2,1,SplitBrain,8,3
30281,4,hard,SplitBrain,mimic,400,SplitBrain,2,1,SplitBrain,9,4
30281,4,hard,SplitBrain,mimic,control,ResourceExhausted,2,0,NotHard,0,0
30282,5,hard,Compound,contradict,0,Compound,5,1,Compound,3,0
30282,5,hard,Compound,contradict,50,Compound,5,1,Compound,5,2
30282,5,hard,Compound,contradict,100,Compound,5,1,Compound,6,3
30282,5,hard,Compound,contradict,200,Compound,5,1,Compound,7,4
30282,5,hard,Compound,contradict,400,Compound,5,1,Compound,7,4
30282,5,hard,Compound,contradict,control,ResourceExhausted,5,0,NotHard,2,2
30283,12,hard,Compound,mimic,0,Compound,9,1,Compound,5,0
30283,12,hard,Compound,mimic,50,Compound,9,1,Compound,6,1
30283,12,hard,Compound,mimic,100,Compound,9,1,Compound,7,2
30283,12,hard,Compound,mimic,200,Compound,9,1,Compound,9,4
30283,12,hard,Compound,mimic,400,Compound,9,1,Compound,10,5
30283,12,hard,Compound,mimic,control,ResourceExhausted,9,0,NotHard,1,1
30284,11,hard,Cascade,contradict,0,Cascade,4,1,Cascade,4,0
30284,11,hard,Cascade,contradict,50,Cascade,4,1,Cascade,4,0
30284,11,hard,Cascade,contradict,100,Cascade,4,1,Cascade,4,0
30284,11,hard,Cascade,contradict,200,Cascade,4,1,Cascade,5,1
30284,11,hard,Cascade,contradict,400,Cascade,4,1,Cascade,6,2
30284,11,hard,Cascade,contradict,control,ResourceExhausted,4,0,NotHard,0,0
30285,14,hard,Cascade,mimic,0,Cascade,9,1,Cascade,5,0
30285,14,hard,Cascade,mimic,50,Cascade,9,1,Cascade,5,0
30285,14,hard,Cascade,mimic,100,Cascade,9,1,Cascade,6,1
30285,14,hard,Cascade,mimic,200,Cascade,9,1,Cascade,7,2
30285,14,hard,Cascade,mimic,400,Cascade,9,1,Cascade,8,3
30285,14,hard,Cascade,mimic,control,ResourceExhausted,9,0,NotHard,1,1
30287,11,hard,Compound,contradict,0,Compound,7,1,Compound,3,0
30287,11,hard,Compound,contradict,50,Compound,7,1,Compound,4,1
30287,11,hard,Compound,contradict,100,SplitBrain,7,0,SplitBrain,6,3
30287,11,hard,Compound,contradict,200,Compound,7,1,Compound,7,4
30287,11,hard,Compound,contradict,400,SplitBrain,7,0,SplitBrain,9,6
30287,11,hard,Compound,contradict,control,ResourceExhausted,7,0,NotHard,1,1
30288,4,hard,SplitBrain,mimic,0,SplitBrain,8,1,SplitBrain,4,0
30288,4,hard,SplitBrain,mimic,50,SplitBrain,8,1,SplitBrain,4,0
30288,4,hard,SplitBrain,mimic,100,SplitBrain,8,1,SplitBrain,5,1
30288,4,hard,SplitBrain,mimic,200,SplitBrain,8,1,SplitBrain,6,2
30288,4,hard,SplitBrain,mimic,400,SplitBrain,8,1,SplitBrain,8,4
30288,4,hard,SplitBrain,mimic,control,ResourceExhausted,8,0,NotHard,1,1
30290,21,hard,Cascade,contradict,0,Cascade,2,1,Cascade,5,0
30290,21,hard,Cascade,contradict,50,Cascade,2,1,Cascade,6,1
30290,21,hard,Cascade,contradict,100,SplitBrain,2,0,SplitBrain,7,2
30290,21,hard,Cascade,contradict,200,SplitBrain,2,0,SplitBrain,8,3
30290,21,hard,Cascade,contradict,400,SplitBrain,2,0,SplitBrain,8,3
30290,21,hard,Cascade,contradict,control,ResourceExhausted,2,0,NotHard,1,1
30291,2,hard,SplitBrain,mimic,0,SplitBrain,1,1,SplitBrain,4,0
30291,2,hard,SplitBrain,mimic,50,SplitBrain,1,1,SplitBrain,4,0
30291,2,hard,SplitBrain,mimic,100,SplitBrain,1,1,SplitBrain,4,0
30291,2,hard,SplitBrain,mimic,200,SplitBrain,1,1,SplitBrain,5,1
30291,2,hard,SplitBrain,mimic,400,SplitBrain,1,1,SplitBrain,8,4
30291,2,hard,SplitBrain,mimic,control,ResourceExhausted,1,0,NotHard,1,1
30293,9,hard,Cascade,contradict,0,Cascade,2,1,Cascade,5,0
30293,9,hard,Cascade,contradict,50,Cascade,2,1,Cascade,5,0
30293,9,hard,Cascade,contradict,100,Cascade,2,1,Cascade,5,0
30293,9,hard,Cascade,contradict,200,Cascade,2,1,Cascade,9,4
30293,9,hard,Cascade,contradict,400,Cascade,2,1,Cascade,8,3
30293,9,hard,Cascade,contradict,control,ResourceExhausted,2,0,NotHard,0,0
30295,31,hard,Cascade,contradict,0,Cascade,3,1,Cascade,5,0
30295,31,hard,Cascade,contradict,50,Cascade,3,1,Cascade,6,1
30295,31,hard,Cascade,contradict,100,Cascade,3,1,Cascade,6,1
30295,31,hard,Cascade,contradict,200,Cascade,3,1,Cascade,7,2
30295,31,hard,Cascade,contradict,400,Cascade,3,1,Cascade,9,4
30295,31,hard,Cascade,contradict,control,ResourceExhausted,3,0,NotHard,2,2
30296,8,hard,Cascade,contradict,0,Cascade,6,1,Cascade,5,0
30296,8,hard,Cascade,contradict,50,SplitBrain,6,0,SplitBrain,7,2
30296,8,hard,Cascade,contradict,100,Cascade,6,1,Cascade,7,2
30296,8,hard,Cascade,contradict,200,Cascade,6,1,Cascade,7,2
30296,8,hard,Cascade,contradict,400,Cascade,6,1,Cascade,9,4
30296,8,hard,Cascade,contradict,control,ResourceExhausted,6,0,NotHard,2,2
30297,18,hard,Compound,mimic,0,Compound,7,1,Compound,3,0
30297,18,hard,Compound,mimic,50,Compound,7,1,Compound,3,0
30297,18,hard,Compound,mimic,100,Compound,7,1,Compound,4,1
30297,18,hard,Compound,mimic,200,Compound,7,1,Compound,5,2
30297,18,hard,Compound,mimic,400,Compound,7,1,Compound,8,5
30297,18,hard,Compound,mimic,control,ResourceExhausted,7,0,NotHard,0,0
30298,18,hard,Cascade,mimic,0,Cascade,6,1,Cascade,3,0
30298,18,hard,Cascade,mimic,50,Cascade,6,1,Cascade,4,1
30298,18,hard,Cascade,mimic,100,Cascade,6,1,Cascade,5,2
30298,18,hard,Cascade,mimic,200,Cascade,6,1,Cascade,9,6
30298,18,hard,Cascade,mimic,400,Cascade,6,1,Cascade,9,6
30298,18,hard,Cascade,mimic,control,ResourceExhausted,6,0,NotHard,2,2
30299,22,hard,Compound,mimic,0,Compound,7,1,Compound,5,0
30299,22,hard,Compound,mimic,50,Compound,7,1,Compound,6,1
30299,22,hard,Compound,mimic,100,Compound,7,1,Compound,8,3
30299,22,hard,Compound,mimic,200,Compound,7,1,Compound,9,4
30299,22,hard,Compound,mimic,400,Compound,7,1,Compound,10,5
30299,22,hard,Compound,mimic,control,ResourceExhausted,7,0,NotHard,1,1
30300,2,hard,Cascade,contradict,0,Cascade,8,1,Cascade,4,0
30300,2,hard,Cascade,contradict,50,Cascade,8,1,Cascade,5,1
30300,2,hard,Cascade,contradict,100,Cascade,8,1,Cascade,6,2
30300,2,hard,Cascade,contradict,200,Cascade,8,1,Cascade,7,3
30300,2,hard,Cascade,contradict,400,Cascade,8,1,Cascade,11,7
30300,2,hard,Cascade,contradict,control,ResourceExhausted,8,0,NotHard,1,1
30301,9,hard,Compound,contradict,0,Compound,4,1,Compound,5,0
30301,9,hard,Compound,contradict,50,Compound,4,1,Compound,6,1
30301,9,hard,Compound,contradict,100,Compound,4,1,Compound,8,3
30301,9,hard,Compound,contradict,200,Compound,4,1,Compound,10,5
30301,9,hard,Compound,contradict,400,Compound,4,1,Compound,12,7
30301,9,hard,Compound,contradict,control,CredentialExpired,4,0,NotHard,1,1
30302,1,hard,SplitBrain,mimic,0,SplitBrain,5,1,SplitBrain,5,0
30302,1,hard,SplitBrain,mimic,50,SplitBrain,5,1,SplitBrain,5,0
30302,1,hard,SplitBrain,mimic,100,SplitBrain,5,1,SplitBrain,8,3
30302,1,hard,SplitBrain,mimic,200,SplitBrain,5,1,SplitBrain,8,3
30302,1,hard,SplitBrain,mimic,400,SplitBrain,5,1,SplitBrain,11,6
30302,1,hard,SplitBrain,mimic,control,ResourceExhausted,5,0,NotHard,0,0
30303,29,hard,SplitBrain,contradict,0,SplitBrain,9,1,SplitBrain,3,0
30303,29,hard,SplitBrain,contradict,50,SplitBrain,9,1,SplitBrain,3,0
30303,29,hard,SplitBrain,contradict,100,SplitBrain,9,1,SplitBrain,3,0
30303,29,hard,SplitBrain,contradict,200,SplitBrain,9,1,SplitBrain,4,1
30303,29,hard,SplitBrain,contradict,400,SplitBrain,9,1,SplitBrain,7,5
30303,29,hard,SplitBrain,contradict,control,ResourceExhausted,9,0,NotHard,0,0
30304,11,hard,SplitBrain,mimic,0,SplitBrain,3,1,SplitBrain,4,0
30304,11,hard,SplitBrain,mimic,50,SplitBrain,3,1,SplitBrain,4,0
30304,11,hard,SplitBrain,mimic,100,SplitBrain,3,1,SplitBrain,7,3
30304,11,hard,SplitBrain,mimic,200,SplitBrain,3,1,SplitBrain,8,4
30304,11,hard,SplitBrain,mimic,400,SplitBrain,3,1,SplitBrain,10,6
30304,11,hard,SplitBrain,mimic,control,ResourceExhausted,3,0,NotHard,1,1
30307,26,hard,Compound,mimic,0,Compound,7,1,Compound,4,0
30307,26,hard,Compound,mimic,50,Compound,7,1,Compound,6,2
30307,26,hard,Compound,mimic,100,Compound,7,1,Compound,6,2
30307,26,hard,Compound,mimic,200,Compound,7,1,Compound,8,4
30307,26,hard,Compound,mimic,400,Compound,7,1,Compound,9,5
30307,26,hard,Compound,mimic,control,ResourceExhausted,7,0,NotHard,2,2
30308,3,hard,Cascade,contradict,0,Cascade,6,1,Cascade,3,0
30308,3,hard,Cascade,contradict,50,Cascade,6,1,Cascade,4,1
30308,3,hard,Cascade,contradict,100,Cascade,6,1,Cascade,5,2
30308,3,hard,Cascade,contradict,200,Cascade,6,1,Cascade,6,3
30308,3,hard,Cascade,contradict,400,Compound,6,0,Compound,9,6
30308,3,hard,Cascade,contradict,control,ResourceExhausted,6,0,NotHard,1,1
30309,3,hard,Compound,mimic,0,Compound,7,1,Compound,4,0
30309,3,hard,Compound,mimic,50,Compound,7,1,Compound,6,2
30309,3,hard,Compound,mimic,100,Compound,7,1,Compound,7,3
30309,3,hard,Compound,mimic,200,Compound,7,1,Compound,8,4
30309,3,hard,Compound,mimic,400,Compound,7,1,Compound,11,7
30309,3,hard,Compound,mimic,control,ResourceExhausted,7,0,NotHard,2,2
30310,13,hard,SplitBrain,mimic,0,SplitBrain,5,1,SplitBrain,3,0
30310,13,hard,SplitBrain,mimic,50,SplitBrain,5,1,SplitBrain,4,1
30310,13,hard,SplitBrain,mimic,100,SplitBrain,5,1,SplitBrain,5,2
30310,13,hard,SplitBrain,mimic,200,SplitBrain,5,1,SplitBrain,5,2
30310,13,hard,SplitBrain,mimic,400,SplitBrain,5,1,SplitBrain,6,3
30310,13,hard,SplitBrain,mimic,control,ResourceExhausted,5,0,NotHard,1,1
30312,4,hard,Cascade,contradict,0,Cascade,6,1,Cascade,3,0
30312,4,hard,Cascade,contradict,50,Cascade,6,1,Cascade,4,1
30312,4,hard,Cascade,contradict,100,SplitBrain,6,0,SplitBrain,6,3
30312,4,hard,Cascade,contradict,200,Cascade,6,1,Cascade,7,4
30312,4,hard,Cascade,contradict,400,Cascade,6,1,Cascade,9,6
30312,4,hard,Cascade,contradict,control,ResourceExhausted,6,0,NotHard,2,2
30313,18,hard,Compound,contradict,0,Compound,0,1,Compound,5,0
30313,18,hard,Compound,contradict,50,Compound,0,1,Compound,6,1
30313,18,hard,Compound,contradict,100,Compound,0,1,Compound,6,1
30313,18,hard,Compound,contradict,200,Compound,0,1,Compound,8,3
30313,18,hard,Compound,contradict,400,Compound,0,1,Compound,9,4
30313,18,hard,Compound,contradict,control,ResourceExhausted,0,0,NotHard,1,1
30314,22,hard,Compound,mimic,0,Compound,1,1,Compound,3,0
30314,22,hard,Compound,mimic,50,Compound,1,1,Compound,5,2
30314,22,hard,Compound,mimic,100,Compound,1,1,Compound,5,2
30314,22,hard,Compound,mimic,200,Compound,1,1,Compound,5,2
30314,22,hard,Compound,mimic,400,Compound,1,1,Compound,8,5
30314,22,hard,Compound,mimic,control,ResourceExhausted,1,0,NotHard,2,2
30316,14,hard,Compound,contradict,0,Compound,0,1,Compound,5,0
30316,14,hard,Compound,contradict,50,Compound,0,1,Compound,6,1
30316,14,hard,Compound,contradict,100,Compound,0,1,Compound,6,1
30316,14,hard,Compound,contradict,200,Compound,0,1,Compound,6,1
30316,14,hard,Compound,contradict,400,Compound,0,1,Compound,7,2
30316,14,hard,Compound,contradict,control,ResourceExhausted,0,0,NotHard,1,1
30317,21,hard,SplitBrain,contradict,0,Cascade,4,0,Cascade,4,0
30317,21,hard,SplitBrain,contradict,50,Cascade,4,0,Cascade,4,0
30317,21,hard,SplitBrain,contradict,100,Cascade,4,0,Cascade,4,0
30317,21,hard,SplitBrain,contradict,200,Cascade,4,0,Cascade,5,1
30317,21,hard,SplitBrain,contradict,400,SplitBrain,4,1,SplitBrain,7,3
30317,21,hard,SplitBrain,contradict,control,ResourceExhausted,4,0,NotHard,1,1
30318,1,hard,SplitBrain,contradict,0,SplitBrain,7,1,SplitBrain,4,0
30318,1,hard,SplitBrain,contradict,50,SplitBrain,7,1,SplitBrain,4,0
30318,1,hard,SplitBrain,contradict,100,SplitBrain,7,1,SplitBrain,6,2
30318,1,hard,SplitBrain,contradict,200,SplitBrain,7,1,SplitBrain,8,4
30318,1,hard,SplitBrain,contradict,400,SplitBrain,7,1,SplitBrain,8,4
30318,1,hard,SplitBrain,contradict,control,ResourceExhausted,7,0,NotHard,1,1
30319,15,hard,Compound,mimic,0,Compound,5,1,Compound,3,0
30319,15,hard,Compound,mimic,50,Compound,5,1,Compound,4,1
30319,15,hard,Compound,mimic,100,Compound,5,1,Compound,5,2
30319,15,hard,Compound,mimic,200,Compound,5,1,Compound,6,3
30319,15,hard,Compound,mimic,400,Compound,5,1,Compound,7,4
30319,15,hard,Compound,mimic,control,ConfigDrift,5,0,NotHard,1,1
30320,5,hard,Compound,mimic,0,Compound,3,1,Compound,4,0
30320,5,hard,Compound,mimic,50,Compound,3,1,Compound,7,3
30320,5,hard,Compound,mimic,100,Compound,3,1,Compound,7,3
30320,5,hard,Compound,mimic,200,Compound,3,1,Compound,7,3
30320,5,hard,Compound,mimic,400,SplitBrain,3,0,SplitBrain,9,5
30320,5,hard,Compound,mimic,control,ResourceExhausted,3,0,NotHard,3,3
30321,8,hard,SplitBrain,contradict,0,SplitBrain,3,1,SplitBrain,3,0
30321,8,hard,SplitBrain,contradict,50,SplitBrain,3,1,SplitBrain,4,1
30321,8,hard,SplitBrain,contradict,100,ResourceExhausted,3,0,NotHard,5,2
30321,8,hard,SplitBrain,contradict,200,ResourceExhausted,3,0,NotHard,7,5
30321,8,hard,SplitBrain,contradict,400,SplitBrain,3,1,SplitBrain,8,5
30321,8,hard,SplitBrain,contradict,control,ResourceExhausted,3,0,NotHard,1,1
30323,11,hard,Compound,contradict,0,Compound,6,1,Compound,3,0
30323,11,hard,Compound,contradict,50,Compound,6,1,Compound,3,0
30323,11,hard,Compound,contradict,100,Compound,6,1,Compound,3,0
30323,11,hard,Compound,contradict,200,Cascade,6,0,Cascade,4,1
30323,11,hard,Compound,contradict,400,Compound,6,1,Compound,6,3
30323,11,hard,Compound,contradict,control,ResourceExhausted,6,0,NotHard,0,0
30324,17,hard,Cascade,contradict,0,Cascade,8,1,Cascade,5,0
30324,17,hard,Cascade,contradict,50,Cascade,8,1,Cascade,5,0
30324,17,hard,Cascade,contradict,100,Cascade,8,1,Cascade,7,2
30324,17,hard,Cascade,contradict,200,Cascade,8,1,Cascade,8,3
30324,17,hard,Cascade,contradict,400,Cascade,8,1,Cascade,11,6
30324,17,hard,Cascade,contradict,control,ResourceExhausted,8,0,NotHard,1,1
30326,15,hard,Compound,contradict,0,Compound,3,1,Compound,5,0
30326,15,hard,Compound,contradict,50,Compound,3,1,Compound,5,0
30326,15,hard,Compound,contradict,100,Compound,3,1,Compound,7,2
30326,15,hard,Compound,contradict,200,Compound,3,1,Compound,8,3
30326,15,hard,Compound,contradict,400,Compound,3,1,Compound,9,4
30326,15,hard,Compound,contradict,control,ResourceExhausted,3,0,NotHard,0,0
30327,6,hard,Cascade,contradict,0,Cascade,2,1,Cascade,4,0
30327,6,hard,Cascade,contradict,50,Cascade,2,1,Cascade,6,2
30327,6,hard,Cascade,contradict,100,Cascade,2,1,Cascade,6,2
30327,6,hard,Cascade,contradict,200,Cascade,2,1,Cascade,7,3
30327,6,hard,Cascade,contradict,400,Cascade,2,1,Cascade,7,3
30327,6,hard,Cascade,contradict,control,ResourceExhausted,2,0,NotHard,2,2
30328,8,hard,Compound,mimic,0,Compound,2,1,Compound,4,0
30328,8,hard,Compound,mimic,50,Compound,2,1,Compound,8,4
30328,8,hard,Compound,mimic,100,Compound,2,1,Compound,9,5
30328,8,hard,Compound,mimic,200,Compound,2,1,Compound,11,7
30328,8,hard,Compound,mimic,400,Compound,2,1,Compound,14,10
30328,8,hard,Compound,mimic,control,SplitBrain,2,0,SplitBrain,4,4
30329,23,hard,Compound,mimic,0,Compound,3,1,Compound,4,0
30329,23,hard,Compound,mimic,50,Compound,3,1,Compound,6,2
30329,23,hard,Compound,mimic,100,Compound,3,1,Compound,6,2
30329,23,hard,Compound,mimic,200,Compound,3,1,Compound,6,2
30329,23,hard,Compound,mimic,400,Compound,3,1,Compound,11,7
30329,23,hard,Compound,mimic,control,CredentialExpired,3,0,NotHard,2,2
30330,17,hard,SplitBrain,mimic,0,SplitBrain,6,1,SplitBrain,5,0
30330,17,hard,SplitBrain,mimic,50,SplitBrain,6,1,SplitBrain,7,2
30330,17,hard,SplitBrain,mimic,100,SplitBrain,6,1,SplitBrain,7,2
30330,17,hard,SplitBrain,mimic,200,SplitBrain,6,1,SplitBrain,8,3
30330,17,hard,SplitBrain,mimic,400,SplitBrain,6,1,SplitBrain,13,8
30330,17,hard,SplitBrain,mimic,control,ResourceExhausted,6,0,NotHard,3,3
30331,14,hard,Compound,mimic,0,Compound,8,1,Compound,3,0
30331,14,hard,Compound,mimic,50,Compound,8,1,Compound,3,0
30331,14,hard,Compound,mimic,100,Compound,8,1,Compound,4,1
30331,14,hard,Compound,mimic,200,SplitBrain,8,0,SplitBrain,6,3
30331,14,hard,Compound,mimic,400,Compound,8,1,Compound,12,9
30331,14,hard,Compound,mimic,control,ResourceExhausted,8,0,NotHard,0,0
30332,4,hard,Cascade,mimic,0,Cascade,7,1,Cascade,3,0
30332,4,hard,Cascade,mimic,50,Cascade,7,1,Cascade,3,0
30332,4,hard,Cascade,mimic,100,Cascade,7,1,Cascade,5,2
30332,4,hard,Cascade,mimic,200,Cascade,7,1,Cascade,6,3
30332,4,hard,Cascade,mimic,400,Cascade,7,1,Cascade,6,3
30332,4,hard,Cascade,mimic,control,ResourceExhausted,7,0,NotHard,1,1
30333,21,hard,SplitBrain,mimic,0,SplitBrain,9,1,SplitBrain,5,0
30333,21,hard,SplitBrain,mimic,50,SplitBrain,9,1,SplitBrain,5,0
30333,21,hard,SplitBrain,mimic,100,SplitBrain,9,1,SplitBrain,7,2
30333,21,hard,SplitBrain,mimic,200,SplitBrain,9,1,SplitBrain,7,2
30333,21,hard,SplitBrain,mimic,400,SplitBrain,9,1,SplitBrain,9,4
30333,21,hard,SplitBrain,mimic,control,ResourceExhausted,9,0,NotHard,1,1
30336,9,hard,Cascade,contradict,0,Cascade,8,1,Cascade,5,0
30336,9,hard,Cascade,contradict,50,Compound,8,0,Compound,5,0
30336,9,hard,Cascade,contradict,100,Compound,8,0,Compound,5,0
30336,9,hard,Cascade,contradict,200,Compound,8,0,Compound,6,1
30336,9,hard,Cascade,contradict,400,Cascade,8,1,Cascade,8,3
30336,9,hard,Cascade,contradict,control,ResourceExhausted,8,0,NotHard,1,1
30337,1,hard,Compound,contradict,0,Compound,0,1,Compound,5,0
30337,1,hard,Compound,contradict,50,Compound,0,1,Compound,5,0
30337,1,hard,Compound,contradict,100,Compound,0,1,Compound,7,2
30337,1,hard,Compound,contradict,200,Compound,0,1,Compound,8,3
30337,1,hard,Compound,contradict,400,Compound,0,1,Compound,10,5
30337,1,hard,Compound,contradict,control,CredentialExpired,0,0,NotHard,0,0
30338,10,hard,Cascade,contradict,0,Cascade,5,1,Cascade,3,0
30338,10,hard,Cascade,contradict,50,Compound,5,0,Compound,5,2
30338,10,hard,Cascade,contradict,100,Compound,5,0,Compound,6,3
30338,10,hard,Cascade,contradict,200,Compound,5,0,Compound,6,3
30338,10,hard,Cascade,contradict,400,Cascade,5,1,Cascade,11,8
30338,10,hard,Cascade,contradict,control,Cascade,5,1,Cascade,2,2
30339,10,hard,Cascade,contradict,0,Cascade,10,1,Cascade,5,0
30339,10,hard,Cascade,contradict,50,Cascade,10,1,Cascade,5,0
30339,10,hard,Cascade,contradict,100,Cascade,10,1,Cascade,6,1
30339,10,hard,Cascade,contradict,200,Cascade,10,1,Cascade,8,3
30339,10,hard,Cascade,contradict,400,Cascade,10,1,Cascade,12,7
30339,10,hard,Cascade,contradict,control,ResourceExhausted,10,0,NotHard,0,0
30341,13,hard,SplitBrain,mimic,0,SplitBrain,7,1,SplitBrain,4,0
30341,13,hard,SplitBrain,mimic,50,SplitBrain,7,1,SplitBrain,4,0
30341,13,hard,SplitBrain,mimic,100,SplitBrain,7,1,SplitBrain,4,0
30341,13,hard,SplitBrain,mimic,200,SplitBrain,7,1,SplitBrain,5,1
30341,13,hard,SplitBrain,mimic,400,SplitBrain,7,1,SplitBrain,7,3
30341,13,hard,SplitBrain,mimic,control,ResourceExhausted,7,0,NotHard,2,2
30342,9,hard,Compound,contradict,0,Compound,6,1,Compound,3,0
30342,9,hard,Compound,contradict,50,Compound,6,1,Compound,5,2
30342,9,hard,Compound,contradict,100,Compound,6,1,Compound,5,2
30342,9,hard,Compound,contradict,200,Compound,6,1,Compound,7,4
30342,9,hard,Compound,contradict,400,Compound,6,1,Compound,10,7
30342,9,hard,Compound,contradict,control,ResourceExhausted,6,0,NotHard,2,2
30344,2,hard,Compound,mimic,0,Compound,7,1,Compound,4,0
30344,2,hard,Compound,mimic,50,Compound,7,1,Compound,5,1
30344,2,hard,Compound,mimic,100,Compound,7,1,Compound,7,3
30344,2,hard,Compound,mimic,200,Compound,7,1,Compound,9,5
30344,2,hard,Compound,mimic,400,Compound,7,1,Compound,13,9
30344,2,hard,Compound,mimic,control,ResourceExhausted,7,0,NotHard,1,1
30345,3,hard,SplitBrain,mimic,0,SplitBrain,1,1,SplitBrain,5,0
30345,3,hard,SplitBrain,mimic,50,SplitBrain,1,1,SplitBrain,5,0
30345,3,hard,SplitBrain,mimic,100,SplitBrain,1,1,SplitBrain,5,0
30345,3,hard,SplitBrain,mimic,200,SplitBrain,1,1,SplitBrain,6,1
30345,3,hard,SplitBrain,mimic,400,SplitBrain,1,1,SplitBrain,10,5
30345,3,hard,SplitBrain,mimic,control,SplitBrain,1,1,SplitBrain,0,0
30346,5,hard,SplitBrain,contradict,0,SplitBrain,3,1,SplitBrain,5,0
30346,5,hard,SplitBrain,contradict,50,SplitBrain,3,1,SplitBrain,5,0
30346,5,hard,SplitBrain,contradict,100,SplitBrain,3,1,SplitBrain,5,0
30346,5,hard,SplitBrain,contradict,200,SplitBrain,3,1,SplitBrain,7,2
30346,5,hard,SplitBrain,contradict,400,SplitBrain,3,1,SplitBrain,9,4
30346,5,hard,SplitBrain,contradict,control,ResourceExhausted,3,0,NotHard,0,0
30349,13,hard,SplitBrain,mimic,0,SplitBrain,0,1,SplitBrain,5,0
30349,13,hard,SplitBrain,mimic,50,SplitBrain,0,1,SplitBrain,5,0
30349,13,hard,SplitBrain,mimic,100,SplitBrain,0,1,SplitBrain,5,0
30349,13,hard,SplitBrain,mimic,200,SplitBrain,0,1,SplitBrain,6,1
30349,13,hard,SplitBrain,mimic,400,SplitBrain,0,1,SplitBrain,7,2
30349,13,hard,SplitBrain,mimic,control,ResourceExhausted,0,0,NotHard,0,0
30350,2,hard,Cascade,mimic,0,Cascade,5,1,Cascade,5,0
30350,2,hard,Cascade,mimic,50,Cascade,5,1,Cascade,5,0
30350,2,hard,Cascade,mimic,100,Cascade,5,1,Cascade,6,1
30350,2,hard,Cascade,mimic,200,Cascade,5,1,Cascade,6,1
30350,2,hard,Cascade,mimic,400,Cascade,5,1,Cascade,8,3
30350,2,hard,Cascade,mimic,control,ResourceExhausted,5,0,NotHard,0,0
30352,24,hard,Compound,contradict,0,Compound,2,1,Compound,3,0
30352,24,hard,Compound,contradict,50,Compound,2,1,Compound,4,1
30352,24,hard,Compound,contradict,100,Compound,2,1,Compound,6,3
30352,24,hard,Compound,contradict,200,Compound,2,1,Compound,8,5
30352,24,hard,Compound,contradict,400,Cascade,2,0,Cascade,10,7
30352,24,hard,Compound,contradict,control,ResourceExhausted,2,0,NotHard,1,1
30353,28,hard,Cascade,contradict,0,Cascade,2,1,Cascade,4,0
30353,28,hard,Cascade,contradict,50,Cascade,2,1,Cascade,4,0
30353,28,hard,Cascade,contradict,100,Cascade,2,1,Cascade,4,0
30353,28,hard,Cascade,contradict,200,Cascade,2,1,Cascade,5,1
30353,28,hard,Cascade,contradict,400,Cascade,2,1,Cascade,6,2
30353,28,hard,Cascade,contradict,control,ResourceExhausted,2,0,NotHard,1,1
30354,17,hard,Cascade,contradict,0,Cascade,7,1,Cascade,3,0
30354,17,hard,Cascade,contradict,50,Cascade,7,1,Cascade,3,0
30354,17,hard,Cascade,contradict,100,Cascade,7,1,Cascade,4,1
30354,17,hard,Cascade,contradict,200,Cascade,7,1,Cascade,4,1
30354,17,hard,Cascade,contradict,400,Cascade,7,1,Cascade,4,1
30354,17,hard,Cascade,contradict,control,DependencyDown,7,0,NotHard,0,0
30355,11,hard,SplitBrain,mimic,0,SplitBrain,0,1,SplitBrain,5,0
30355,11,hard,SplitBrain,mimic,50,SplitBrain,0,1,SplitBrain,5,0
30355,11,hard,SplitBrain,mimic,100,SplitBrain,0,1,SplitBrain,6,1
30355,11,hard,SplitBrain,mimic,200,SplitBrain,0,1,SplitBrain,7,2
30355,11,hard,SplitBrain,mimic,400,Compound,0,0,Compound,8,3
30355,11,hard,SplitBrain,mimic,control,ResourceExhausted,0,0,NotHard,1,1
30356,17,hard,Compound,mimic,0,Compound,1,1,Compound,4,0
30356,17,hard,Compound,mimic,50,Compound,1,1,Compound,5,1
30356,17,hard,Compound,mimic,100,Compound,1,1,Compound,6,2
30356,17,hard,Compound,mimic,200,Compound,1,1,Compound,6,2
30356,17,hard,Compound,mimic,400,Compound,1,1,Compound,9,5
30356,17,hard,Compound,mimic,control,ResourceExhausted,1,0,NotHard,1,1
30357,21,hard,SplitBrain,contradict,0,SplitBrain,1,1,SplitBrain,3,0
30357,21,hard,SplitBrain,contradict,50,SplitBrain,1,1,SplitBrain,3,1
30357,21,hard,SplitBrain,contradict,100,SplitBrain,1,1,SplitBrain,4,2
30357,21,hard,SplitBrain,contradict,200,SplitBrain,1,1,SplitBrain,6,4
30357,21,hard,SplitBrain,contradict,400,SplitBrain,1,1,SplitBrain,9,6
30357,21,hard,SplitBrain,contradict,control,ResourceExhausted,1,0,NotHard,0,0
30359,23,hard,Cascade,contradict,0,Cascade,11,1,Cascade,4,0
30359,23,hard,Cascade,contradict,50,Cascade,11,1,Cascade,4,0
30359,23,hard,Cascade,contradict,100,DependencyDown,11,0,NotHard,5,1
30359,23,hard,Cascade,contradict,200,Cascade,11,1,Cascade,5,1
30359,23,hard,Cascade,contradict,400,Cascade,11,1,Cascade,5,1
30359,23,hard,Cascade,contradict,control,ResourceExhausted,11,0,NotHard,1,1
30360,1,hard,SplitBrain,mimic,0,SplitBrain,1,1,SplitBrain,4,0
30360,1,hard,SplitBrain,mimic,50,SplitBrain,1,1,SplitBrain,5,1
30360,1,hard,SplitBrain,mimic,100,SplitBrain,1,1,SplitBrain,6,2
30360,1,hard,SplitBrain,mimic,200,SplitBrain,1,1,SplitBrain,6,2
30360,1,hard,SplitBrain,mimic,400,SplitBrain,1,1,SplitBrain,14,10
30360,1,hard,SplitBrain,mimic,control,ResourceExhausted,1,0,NotHard,1,1
30361,14,hard,Cascade,mimic,0,Cascade,8,1,Cascade,4,0
30361,14,hard,Cascade,mimic,50,Cascade,8,1,Cascade,4,0
30361,14,hard,Cascade,mimic,100,Cascade,8,1,Cascade,4,0
30361,14,hard,Cascade,mimic,200,Cascade,8,1,Cascade,4,0
30361,14,hard,Cascade,mimic,400,Cascade,8,1,Cascade,4,0
30361,14,hard,Cascade,mimic,control,DependencyDown,8,0,NotHard,0,0
30362,17,hard,Cascade,mimic,0,Cascade,5,1,Cascade,3,0
30362,17,hard,Cascade,mimic,50,Cascade,5,1,Cascade,4,1
30362,17,hard,Cascade,mimic,100,Cascade,5,1,Cascade,3,0
30362,17,hard,Cascade,mimic,200,Cascade,5,1,Cascade,3,0
30362,17,hard,Cascade,mimic,400,Cascade,5,1,Cascade,5,2
30362,17,hard,Cascade,mimic,control,ResourceExhausted,5,0,NotHard,1,1
30363,15,hard,SplitBrain,mimic,0,SplitBrain,1,1,SplitBrain,5,0
30363,15,hard,SplitBrain,mimic,50,SplitBrain,1,1,SplitBrain,5,0
30363,15,hard,SplitBrain,mimic,100,SplitBrain,1,1,SplitBrain,5,0
30363,15,hard,SplitBrain,mimic,200,SplitBrain,1,1,SplitBrain,6,1
30363,15,hard,SplitBrain,mimic,400,SplitBrain,1,1,SplitBrain,7,2
30363,15,hard,SplitBrain,mimic,control,ResourceExhausted,1,0,NotHard,0,0
30364,10,hard,Cascade,contradict,0,Cascade,7,1,Cascade,4,0
30364,10,hard,Cascade,contradict,50,Cascade,7,1,Cascade,5,1
30364,10,hard,Cascade,contradict,100,Cascade,7,1,Cascade,5,1
30364,10,hard,Cascade,contradict,200,Cascade,7,1,Cascade,6,2
30364,10,hard,Cascade,contradict,400,Cascade,7,1,Cascade,8,4
30364,10,hard,Cascade,contradict,control,ResourceExhausted,7,0,NotHard,1,1
30365,25,hard,Cascade,mimic,0,Cascade,10,1,Cascade,3,0
30365,25,hard,Cascade,mimic,50,Cascade,10,1,Cascade,4,1
30365,25,hard,Cascade,mimic,100,Cascade,10,1,Cascade,4,1
30365,25,hard,Cascade,mimic,200,Cascade,10,1,Cascade,5,2
30365,25,hard,Cascade,mimic,400,Cascade,10,1,Cascade,6,3
30365,25,hard,Cascade,mimic,control,ResourceExhausted,10,0,NotHard,2,2
30366,21,hard,Cascade,contradict,0,Cascade,3,1,Cascade,4,0
30366,21,hard,Cascade,contradict,50,Cascade,3,1,Cascade,4,0
30366,21,hard,Cascade,contradict,100,Cascade,3,1,Cascade,5,1
30366,21,hard,Cascade,contradict,200,Cascade,3,1,Cascade,5,1
30366,21,hard,Cascade,contradict,400,Cascade,3,1,Cascade,6,2
30366,21,hard,Cascade,contradict,control,DependencyDown,3,0,NotHard,0,0
30367,7,hard,SplitBrain,mimic,0,SplitBrain,6,1,SplitBrain,3,0
30367,7,hard,SplitBrain,mimic,50,SplitBrain,6,1,SplitBrain,5,2
30367,7,hard,SplitBrain,mimic,100,SplitBrain,6,1,SplitBrain,5,2
30367,7,hard,SplitBrain,mimic,200,SplitBrain,6,1,SplitBrain,8,5
30367,7,hard,SplitBrain,mimic,400,SplitBrain,6,1,SplitBrain,9,6
30367,7,hard,SplitBrain,mimic,control,ResourceExhausted,6,0,NotHard,2,2
30368,37,hard,Compound,mimic,0,Compound,3,1,Compound,5,0
30368,37,hard,Compound,mimic,50,Compound,3,1,Compound,5,0
30368,37,hard,Compound,mimic,100,Compound,3,1,Compound,5,0
30368,37,hard,Compound,mimic,200,Compound,3,1,Compound,7,2
30368,37,hard,Compound,mimic,400,Compound,3,1,Compound,8,3
30368,37,hard,Compound,mimic,control,ResourceExhausted,3,0,NotHard,0,0
30369,16,hard,Compound,mimic,0,Compound,4,1,Compound,4,0
30369,16,hard,Compound,mimic,50,Compound,4,1,Compound,5,1
30369,16,hard,Compound,mimic,100,Compound,4,1,Compound,5,1
30369,16,hard,Compound,mimic,200,Compound,4,1,Compound,7,3
30369,16,hard,Compound,mimic,400,Compound,4,1,Compound,11,7
30369,16,hard,Compound,mimic,control,CredentialExpired,4,0,NotHard,1,1
30371,22,hard,SplitBrain,contradict,0,Cascade,8,0,Cascade,5,0
30371,22,hard,SplitBrain,contradict,50,Cascade,8,0,Cascade,5,0
30371,22,hard,SplitBrain,contradict,100,Cascade,8,0,Cascade,6,1
30371,22,hard,SplitBrain,contradict,200,Cascade,8,0,Cascade,7,2
30371,22,hard,SplitBrain,contradict,400,SplitBrain,8,1,SplitBrain,9,4
30371,22,hard,SplitBrain,contradict,control,ResourceExhausted,8,0,NotHard,1,1
30372,5,hard,Compound,mimic,0,Compound,2,1,Compound,3,0
30372,5,hard,Compound,mimic,50,Compound,2,1,Compound,5,2
30372,5,hard,Compound,mimic,100,Compound,2,1,Compound,4,1
30372,5,hard,Compound,mimic,200,Compound,2,1,Compound,5,2
30372,5,hard,Compound,mimic,400,Compound,2,1,Compound,6,3
30372,5,hard,Compound,mimic,control,ConfigDrift,2,0,NotHard,2,2
30373,12,hard,Compound,mimic,0,Compound,0,1,Compound,4,0
30373,12,hard,Compound,mimic,50,Compound,0,1,Compound,4,0
30373,12,hard,Compound,mimic,100,Compound,0,1,Compound,4,0
30373,12,hard,Compound,mimic,200,Compound,0,1,Compound,6,2
30373,12,hard,Compound,mimic,400,Compound,0,1,Compound,7,3
30373,12,hard,Compound,mimic,control,ResourceExhausted,0,0,NotHard,0,0
30374,3,hard,SplitBrain,mimic,0,SplitBrain,10,1,SplitBrain,5,0
30374,3,hard,SplitBrain,mimic,50,SplitBrain,10,1,SplitBrain,5,0
30374,3,hard,SplitBrain,mimic,100,SplitBrain,10,1,SplitBrain,6,1
30374,3,hard,SplitBrain,mimic,200,SplitBrain,10,1,SplitBrain,6,1
30374,3,hard,SplitBrain,mimic,400,SplitBrain,10,1,SplitBrain,11,6
30374,3,hard,SplitBrain,mimic,control,ResourceExhausted,10,0,NotHard,1,1
30375,14,hard,SplitBrain,contradict,0,SplitBrain,1,1,SplitBrain,3,0
30375,14,hard,SplitBrain,contradict,50,SplitBrain,1,1,SplitBrain,4,1
30375,14,hard,SplitBrain,contradict,100,SplitBrain,1,1,SplitBrain,4,1
30375,14,hard,SplitBrain,contradict,200,SplitBrain,1,1,SplitBrain,4,1
30375,14,hard,SplitBrain,contradict,400,SplitBrain,1,1,SplitBrain,6,3
30375,14,hard,SplitBrain,contradict,control,SplitBrain,1,1,SplitBrain,1,1
30376,25,hard,Compound,contradict,0,Compound,7,1,Compound,5,0
30376,25,hard,Compound,contradict,50,Compound,7,1,Compound,6,1
30376,25,hard,Compound,contradict,100,Compound,7,1,Compound,6,1
30376,25,hard,Compound,contradict,200,Compound,7,1,Compound,8,3
30376,25,hard,Compound,contradict,400,Compound,7,1,Compound,10,5
30376,25,hard,Compound,contradict,control,ResourceExhausted,7,0,NotHard,1,1
30378,2,hard,SplitBrain,contradict,0,SplitBrain,7,1,SplitBrain,3,0
30378,2,hard,SplitBrain,contradict,50,SplitBrain,7,1,SplitBrain,4,1
30378,2,hard,SplitBrain,contradict,100,SplitBrain,7,1,SplitBrain,4,1
30378,2,hard,SplitBrain,contradict,200,SplitBrain,7,1,SplitBrain,5,2
30378,2,hard,SplitBrain,contradict,400,SplitBrain,7,1,SplitBrain,7,4
30378,2,hard,SplitBrain,contradict,control,ResourceExhausted,7,0,NotHard,1,1
30379,8,hard,Compound,mimic,0,Compound,5,1,Compound,4,0
30379,8,hard,Compound,mimic,50,Compound,5,1,Compound,4,0
30379,8,hard,Compound,mimic,100,Compound,5,1,Compound,5,1
30379,8,hard,Compound,mimic,200,Compound,5,1,Compound,7,3
30379,8,hard,Compound,mimic,400,Compound,5,1,Compound,8,4
30379,8,hard,Compound,mimic,control,ResourceExhausted,5,0,NotHard,0,0
30380,28,hard,SplitBrain,contradict,0,SplitBrain,4,1,SplitBrain,5,0
30380,28,hard,SplitBrain,contradict,50,SplitBrain,4,1,SplitBrain,5,0
30380,28,hard,SplitBrain,contradict,100,SplitBrain,4,1,SplitBrain,5,0
30380,28,hard,SplitBrain,contradict,200,SplitBrain,4,1,SplitBrain,6,1
30380,28,hard,SplitBrain,contradict,400,SplitBrain,4,1,SplitBrain,10,5
30380,28,hard,SplitBrain,contradict,control,SplitBrain,4,1,SplitBrain,0,0
30381,18,hard,SplitBrain,mimic,0,SplitBrain,1,1,SplitBrain,5,0
30381,18,hard,SplitBrain,mimic,50,SplitBrain,1,1,SplitBrain,6,1
30381,18,hard,SplitBrain,mimic,100,SplitBrain,1,1,SplitBrain,8,3
30381,18,hard,SplitBrain,mimic,200,SplitBrain,1,1,SplitBrain,9,4
30381,18,hard,SplitBrain,mimic,400,SplitBrain,1,1,SplitBrain,15,10
30381,18,hard,SplitBrain,mimic,control,ResourceExhausted,1,0,NotHard,2,2
30382,15,hard,Cascade,contradict,0,Cascade,7,1,Cascade,4,0
30382,15,hard,Cascade,contradict,50,Cascade,7,1,Cascade,5,1
30382,15,hard,Cascade,contradict,100,Cascade,7,1,Cascade,8,4
30382,15,hard,Cascade,contradict,200,Cascade,7,1,Cascade,8,4
30382,15,hard,Cascade,contradict,400,Cascade,7,1,Cascade,9,5
30382,15,hard,Cascade,contradict,control,ResourceExhausted,7,0,NotHard,1,1
30383,17,hard,Compound,contradict,0,Compound,0,1,Compound,3,0
30383,17,hard,Compound,contradict,50,Compound,0,1,Compound,3,0
30383,17,hard,Compound,contradict,100,Compound,0,1,Compound,5,2
30383,17,hard,Compound,contradict,200,Compound,0,1,Compound,5,2
30383,17,hard,Compound,contradict,400,Compound,0,1,Compound,6,3
30383,17,hard,Compound,contradict,control,ResourceExhausted,0,0,NotHard,0,0
30384,16,hard,Cascade,mimic,0,Cascade,8,1,Cascade,4,0
30384,16,hard,Cascade,mimic,50,Cascade,8,1,Cascade,5,1
30384,16,hard,Cascade,mimic,100,Cascade,8,1,Cascade,6,2
30384,16,hard,Cascade,mimic,200,Cascade,8,1,Cascade,7,3
30384,16,hard,Cascade,mimic,400,Cascade,8,1,Cascade,7,3
30384,16,hard,Cascade,mimic,control,ResourceExhausted,8,0,NotHard,1,1
30385,20,hard,SplitBrain,mimic,0,SplitBrain,5,1,SplitBrain,3,0
30385,20,hard,SplitBrain,mimic,50,SplitBrain,5,1,SplitBrain,6,3
30385,20,hard,SplitBrain,mimic,100,SplitBrain,5,1,SplitBrain,6,3
30385,20,hard,SplitBrain,mimic,200,SplitBrain,5,1,SplitBrain,8,5
30385,20,hard,SplitBrain,mimic,400,SplitBrain,5,1,SplitBrain,11,8
30385,20,hard,SplitBrain,mimic,control,SplitBrain,5,1,SplitBrain,3,3
30386,28,hard,Cascade,mimic,0,Cascade,3,1,Cascade,3,0
30386,28,hard,Cascade,mimic,50,Cascade,3,1,Cascade,4,1
30386,28,hard,Cascade,mimic,100,Cascade,3,1,Cascade,4,1
30386,28,hard,Cascade,mimic,200,Cascade,3,1,Cascade,5,2
30386,28,hard,Cascade,mimic,400,Cascade,3,1,Cascade,5,2
30386,28,hard,Cascade,mimic,control,ResourceExhausted,3,0,NotHard,1,1
30387,3,hard,Compound,mimic,0,Compound,7,1,Compound,4,0
30387,3,hard,Compound,mimic,50,Compound,7,1,Compound,6,2
30387,3,hard,Compound,mimic,100,Compound,7,1,Compound,6,2
30387,3,hard,Compound,mimic,200,Compound,7,1,Compound,8,4
30387,3,hard,Compound,mimic,400,Compound,7,1,Compound,8,4
30387,3,hard,Compound,mimic,control,ResourceExhausted,7,0,NotHard,2,2
30388,10,hard,Compound,contradict,0,Compound,3,1,Compound,3,0
30388,10,hard,Compound,contradict,50,Compound,3,1,Compound,4,1
30388,10,hard,Compound,contradict,100,Compound,3,1,Compound,5,2
30388,10,hard,Compound,contradict,200,Compound,3,1,Compound,7,4
30388,10,hard,Compound,contradict,400,Compound,3,1,Compound,10,7
30388,10,hard,Compound,contradict,control,ResourceExhausted,3,0,NotHard,1,1
30389,17,hard,Cascade,mimic,0,Cascade,6,1,Cascade,5,0
30389,17,hard,Cascade,mimic,50,Cascade,6,1,Cascade,6,1
30389,17,hard,Cascade,mimic,100,Cascade,6,1,Cascade,8,3
30389,17,hard,Cascade,mimic,200,Cascade,6,1,Cascade,11,6
30389,17,hard,Cascade,mimic,400,Cascade,6,1,Cascade,13,8
30389,17,hard,Cascade,mimic,control,ResourceExhausted,6,0,NotHard,1,1
30391,7,hard,Compound,mimic,0,Compound,7,1,Compound,4,0
30391,7,hard,Compound,mimic,50,Compound,7,1,Compound,5,1
30391,7,hard,Compound,mimic,100,Compound,7,1,Compound,6,2
30391,7,hard,Compound,mimic,200,Compound,7,1,Compound,6,2
30391,7,hard,Compound,mimic,400,Compound,7,1,Compound,8,4
30391,7,hard,Compound,mimic,control,ResourceExhausted,7,0,NotHard,1,1
30392,11,hard,SplitBrain,contradict,0,SplitBrain,10,1,SplitBrain,5,0
30392,11,hard,SplitBrain,contradict,50,SplitBrain,10,1,SplitBrain,6,1
30392,11,hard,SplitBrain,contradict,100,SplitBrain,10,1,SplitBrain,6,1
30392,11,hard,SplitBrain,contradict,200,Compound,10,0,Compound,8,3
30392,11,hard,SplitBrain,contradict,400,SplitBrain,10,1,SplitBrain,8,3
30392,11,hard,SplitBrain,contradict,control,ResourceExhausted,10,0,NotHard,1,1
30393,21,hard,Compound,mimic,0,Compound,6,1,Compound,4,0
30393,21,hard,Compound,mimic,50,Compound,6,1,Compound,6,2
30393,21,hard,Compound,mimic,100,Compound,6,1,Compound,7,3
30393,21,hard,Compound,mimic,200,Compound,6,1,Compound,8,4
30393,21,hard,Compound,mimic,400,Compound,6,1,Compound,8,4
30393,21,hard,Compound,mimic,control,ResourceExhausted,6,0,NotHard,2,2
30394,22,hard,SplitBrain,mimic,0,SplitBrain,2,1,SplitBrain,4,0
30394,22,hard,SplitBrain,mimic,50,SplitBrain,2,1,SplitBrain,5,1
30394,22,hard,SplitBrain,mimic,100,SplitBrain,2,1,SplitBrain,4,0
30394,22,hard,SplitBrain,mimic,200,SplitBrain,2,1,SplitBrain,7,3
30394,22,hard,SplitBrain,mimic,400,SplitBrain,2,1,SplitBrain,12,8
30394,22,hard,SplitBrain,mimic,control,ResourceExhausted,2,0,NotHard,1,1
30395,25,hard,Compound,contradict,0,Compound,4,1,Compound,4,0
30395,25,hard,Compound,contradict,50,Compound,4,1,Compound,5,1
30395,25,hard,Compound,contradict,100,Compound,4,1,Compound,6,2
30395,25,hard,Compound,contradict,200,Compound,4,1,Compound,7,3
30395,25,hard,Compound,contradict,400,Compound,4,1,Compound,9,5
30395,25,hard,Compound,contradict,control,ResourceExhausted,4,0,NotHard,1,1
30397,11,hard,Cascade,mimic,0,Cascade,7,1,Cascade,3,0
30397,11,hard,Cascade,mimic,50,Cascade,7,1,Cascade,4,1
30397,11,hard,Cascade,mimic,100,Cascade,7,1,Cascade,6,3
30397,11,hard,Cascade,mimic,200,Cascade,7,1,Cascade,7,4
30397,11,hard,Cascade,mimic,400,Cascade,7,1,Cascade,8,5
30397,11,hard,Cascade,mimic,control,DependencyDown,7,0,NotHard,1,1
30399,8,hard,Cascade,mimic,0,Cascade,3,1,Cascade,5,0
30399,8,hard,Cascade,mimic,50,Cascade,3,1,Cascade,5,0
30399,8,hard,Cascade,mimic,100,Cascade,3,1,Cascade,6,1
30399,8,hard,Cascade,mimic,200,Cascade,3,1,Cascade,8,3
30399,8,hard,Cascade,mimic,400,Cascade,3,1,Cascade,11,6
30399,8,hard,Cascade,mimic,control,ResourceExhausted,3,0,NotHard,1,1
