arm,seed,incident,family,anchor_offset_s,first_obs_offset_s,decisive,arrived,arrived_in_context,correct
oracle_selection_context_d16_privileged,31002,14,split_brain,0.000985367,0.000985367,7,7,7,1
oracle_selection_context_d16_privileged,31003,5,split_brain,0.000245269,0.000245269,6,6,6,1
oracle_selection_context_d16_privileged,31003,13,split_brain,0.000458852,0.000458852,7,7,7,1
oracle_selection_context_d16_privileged,31003,15,split_brain,0.000198206,0.000198206,6,6,6,1
oracle_selection_context_d16_privileged,31004,22,split_brain,0.000797765,0.000797765,3,3,3,0
oracle_selection_context_d16_privileged,31005,21,compound,4.1602e-05,4.1602e-05,5,5,5,1
oracle_selection_context_d16_privileged,31005,26,split_brain,0.000487466,0.000487466,8,8,8,1
oracle_selection_context_d16_privileged,31006,15,split_brain,0.000353093,0.000353093,8,8,8,1
oracle_selection_context_d16_privileged,31008,19,compound,0.000718197,0.000718197,4,4,4,1
oracle_selection_context_d16_privileged,31009,18,cascade,0.000270023,0.000270023,6,6,6,1
oracle_selection_context_d16_privileged,31009,21,split_brain,0.000382008,0.000382008,8,8,8,1
oracle_selection_context_d16_privileged,31010,9,cascade,0.000429618,0.000429618,6,6,6,1
oracle_selection_context_d16_privileged,31011,16,compound,0.000521539,0.000521539,7,7,7,1
oracle_selection_context_d16_privileged,31013,15,split_brain,0.000773109,0.000773109,7,7,7,1
oracle_selection_context_d16_privileged,31013,23,split_brain,0.000385431,0.000385431,8,8,8,1
oracle_selection_context_d16_privileged,31014,3,split_brain,0.000802589,0.000802589,7,7,7,1
oracle_selection_context_d16_privileged,31014,7,cascade,0.000408112,0.000408112,8,8,8,1
oracle_selection_context_d16_privileged,31015,2,split_brain,0.000326021,0.000326021,4,4,4,1
oracle_selection_context_d16_privileged,31015,17,split_brain,0.000788751,0.000788751,4,4,4,1
oracle_selection_context_d16_privileged,31016,5,compound,0.000855829,0.000855829,4,4,4,1
oracle_selection_context_d16_privileged,31016,19,cascade,0.000971491,0.000971491,9,9,9,1
oracle_selection_context_d16_privileged,31016,21,compound,0.000489712,0.000489712,4,4,4,1
oracle_selection_context_d16_privileged,31017,12,split_brain,0.000478891,0.000478891,4,4,4,0
oracle_selection_context_d16_privileged,31019,9,split_brain,0.000376322,0.000376322,8,8,8,1
oracle_selection_context_d16_privileged,31019,13,cascade,0.000615616,0.000615616,10,10,10,1
oracle_selection_context_d16_privileged,31020,10,split_brain,0.000659951,0.000659951,7,7,7,1
oracle_selection_context_d16_privileged,31022,18,cascade,0.00031404,0.00031404,6,6,6,1
oracle_selection_context_d16_privileged,31024,7,cascade,0.000156405,0.000156405,5,5,5,1
oracle_selection_context_d16_privileged,31024,13,cascade,0.000509972,0.000509972,5,5,5,1
oracle_selection_context_d16_privileged,31025,5,cascade,4.6638e-05,4.6638e-05,3,3,3,1
oracle_selection_context_d16_privileged,31026,7,split_brain,0.000852064,0.000852064,7,7,7,1
oracle_selection_context_d16_privileged,31026,15,split_brain,0.00070229,0.00070229,3,3,3,0
oracle_selection_context_d16_privileged,31026,26,compound,0.000740213,0.000740213,5,5,5,1
oracle_selection_context_d16_privileged,31026,28,split_brain,0.000899903,0.000899903,8,8,8,1
oracle_selection_context_d16_privileged,31026,28,split_brain,55.037286636,0.000899903,8,8,8,0
oracle_selection_context_d16_privileged,31027,8,cascade,0.000740014,0.000740014,5,5,5,0
oracle_selection_context_d16_privileged,31028,9,split_brain,0.000134873,0.000134873,8,8,8,1
oracle_selection_context_d16_privileged,31030,10,split_brain,0.000933244,0.000933244,7,7,7,1
oracle_selection_context_d16_privileged,31031,6,cascade,0.000953806,0.000953806,9,9,9,1
oracle_selection_context_d16_privileged,31031,24,compound,6.7539e-05,6.7539e-05,8,8,8,1
oracle_selection_context_d16_privileged,31033,2,split_brain,0.000249165,0.000249165,6,6,6,1
oracle_selection_context_d16_privileged,31033,9,compound,0.000517626,0.000517626,4,4,4,1
oracle_selection_context_d16_privileged,31033,24,compound,8.5544e-05,8.5544e-05,3,3,3,1
oracle_selection_context_d16_privileged,31034,7,compound,14.194255582,0.000626522,5,5,5,0
oracle_selection_context_d16_privileged,31035,2,cascade,8.9159e-05,8.9159e-05,8,8,8,1
oracle_selection_context_d16_privileged,31036,5,cascade,7.442e-06,7.442e-06,8,8,8,1
oracle_selection_context_d16_privileged,31038,9,split_brain,0.000329714,0.000329714,5,5,5,1
oracle_selection_context_d16_privileged,31038,12,compound,0.0005292,0.0005292,3,3,3,1
oracle_selection_context_d16_privileged,31040,5,split_brain,9.1757e-05,9.1757e-05,3,3,3,1
oracle_selection_context_d16_privileged,31040,9,split_brain,0.000776744,0.000776744,3,3,3,1
oracle_selection_context_d16_privileged,31040,12,split_brain,0.000893548,0.000893548,6,6,6,1
oracle_selection_context_d16_privileged,31041,1,compound,8.899e-06,8.899e-06,8,8,8,1
oracle_selection_context_d16_privileged,31041,5,compound,0.000295657,0.000295657,7,7,7,1
oracle_selection_context_d16_privileged,31042,10,compound,0.000736664,0.000736664,3,3,3,1
oracle_selection_context_d16_privileged,31042,11,compound,0.0006878,0.0006878,4,4,4,1
oracle_selection_context_d16_privileged,31042,19,compound,0.000729912,0.000729912,4,4,4,1
oracle_selection_context_d16_privileged,31042,21,compound,0.000971783,0.000971783,4,4,4,1
oracle_selection_context_d16_privileged,31043,6,cascade,0.000123772,0.000123772,4,4,4,1
oracle_selection_context_d16_privileged,31044,10,split_brain,15.903382478,0.000946347,4,4,4,0
oracle_selection_context_d16_privileged,31045,22,compound,0.000737476,0.000737476,6,6,6,1
oracle_selection_context_d16_privileged,31046,0,compound,0.000598884,0.000598884,8,8,8,1
oracle_selection_context_d16_privileged,31046,12,compound,0.000673551,0.000673551,6,6,6,1
oracle_selection_context_d16_privileged,31046,26,compound,0.000920539,0.000920539,5,5,5,1
oracle_selection_context_d16_privileged,31046,33,compound,0.00035515,0.00035515,5,5,5,1
oracle_selection_context_d16_privileged,31047,27,compound,0.000919178,0.000919178,4,4,4,1
oracle_selection_context_d16_privileged,31047,31,compound,0.000423434,0.000423434,5,5,5,1
oracle_selection_context_d16_privileged,31048,13,compound,0.000385991,0.000385991,6,6,6,1
oracle_selection_context_d16_privileged,31048,18,cascade,0.000709337,0.000709337,9,9,9,1
oracle_selection_context_d16_privileged,31048,34,compound,7.339768262,0.000739989,4,4,4,0
oracle_selection_context_d16_privileged,31049,29,cascade,0.000987555,0.000987555,8,8,8,1
oracle_selection_context_d16_privileged,31049,34,compound,0.000194391,0.000194391,5,5,5,1
oracle_selection_context_d16_privileged,31050,15,split_brain,0.000997186,0.000997186,5,5,5,0
oracle_selection_context_d16_privileged,31051,10,cascade,0.000476373,0.000476373,7,7,7,1
oracle_selection_context_d16_privileged,31051,13,split_brain,0.000292196,0.000292196,5,5,5,0
oracle_selection_context_d16_privileged,31051,19,split_brain,0.00094424,0.00094424,5,5,5,0
oracle_selection_context_d16_privileged,31051,25,split_brain,0.000823805,0.000823805,4,4,4,0
oracle_selection_context_d16_privileged,31051,29,split_brain,0.00078859,0.00078859,3,3,3,1
oracle_selection_context_d16_privileged,31052,0,split_brain,0.000420413,0.000420413,6,6,6,1
oracle_selection_context_d16_privileged,31052,6,split_brain,4.3443e-05,4.3443e-05,3,3,3,1
oracle_selection_context_d16_privileged,31052,10,split_brain,0.000838288,0.000838288,4,4,4,1
oracle_selection_context_d16_privileged,31052,20,compound,0.000511699,0.000511699,7,7,7,1
oracle_selection_context_d16_privileged,31056,13,compound,0.000247182,0.000247182,6,6,6,1
oracle_selection_context_d16_privileged,31058,9,split_brain,0.000704654,0.000704654,4,4,4,1
oracle_selection_context_d16_privileged,31058,11,compound,0.000496162,0.000496162,5,5,5,1
oracle_selection_context_d16_privileged,31058,17,cascade,0.000109171,0.000109171,4,4,4,1
oracle_selection_context_d16_privileged,31058,18,compound,0.000299933,0.000299933,5,5,5,1
oracle_selection_context_d16_privileged,31058,19,split_brain,0.000453473,0.000453473,6,6,6,1
oracle_selection_context_d16_privileged,31059,0,compound,0.000168303,0.000168303,3,3,3,1
oracle_selection_context_d16_privileged,31059,27,cascade,0.000789356,0.000789356,6,6,6,1
oracle_selection_context_d16_privileged,31059,33,split_brain,3.3506e-05,3.3506e-05,8,8,8,1
oracle_selection_context_d16_privileged,31061,21,split_brain,0.000800601,0.000800601,3,3,3,1
oracle_selection_context_d16_privileged,31061,23,split_brain,0.000384183,0.000384183,7,7,7,1
oracle_selection_context_d16_privileged,31062,15,compound,9.411e-05,9.411e-05,4,4,4,1
oracle_selection_context_d16_privileged,31063,2,compound,0.000893606,0.000893606,5,5,5,1
oracle_selection_context_d16_privileged,31064,0,compound,0.000548129,0.000548129,4,4,4,1
oracle_selection_context_d16_privileged,31064,8,compound,0.000731893,0.000731893,5,5,5,1
oracle_selection_context_d16_privileged,31065,2,cascade,0.000475141,0.000475141,8,8,8,1
oracle_selection_context_d16_privileged,31066,19,cascade,0.000685503,0.000685503,3,3,3,1
oracle_selection_context_d16_privileged,31068,2,split_brain,0.000745182,0.000745182,5,5,5,1
oracle_selection_context_d16_privileged,31068,11,split_brain,0.000219661,0.000219661,3,3,3,1
oracle_selection_context_d16_privileged,31068,15,cascade,0.000721251,0.000721251,7,7,7,1
oracle_selection_context_d16_privileged,31068,29,split_brain,0.097545107,0.000954386,4,4,4,1
oracle_selection_context_d16_privileged,31068,29,split_brain,0.000954386,0.000954386,4,4,4,1
oracle_selection_context_d16_privileged,31069,0,compound,0.000517485,0.000517485,4,4,4,1
oracle_selection_context_d16_privileged,31069,4,split_brain,5.4525e-05,5.4525e-05,6,6,6,1
oracle_selection_context_d16_privileged,31069,11,split_brain,0.00048008,0.00048008,5,5,5,0
oracle_selection_context_d16_privileged,31069,15,split_brain,0.000686811,0.000686811,7,7,7,1
oracle_selection_context_d16_privileged,31069,21,split_brain,0.000275925,0.000275925,6,6,6,1
oracle_selection_context_d16_privileged,31070,8,compound,0.000350114,0.000350114,6,6,6,1
oracle_selection_context_d16_privileged,31070,14,compound,0.000806058,0.000806058,7,7,7,1
oracle_selection_context_d16_privileged,31071,5,compound,0.000965871,0.000965871,5,5,5,1
oracle_selection_context_d16_privileged,31071,9,compound,0.000115378,0.000115378,5,5,5,1
oracle_selection_context_d16_privileged,31072,12,cascade,0.000959339,0.000959339,3,3,3,1
oracle_selection_context_d16_privileged,31072,19,cascade,0.000892001,0.000892001,5,5,5,1
oracle_selection_context_d16_privileged,31072,26,compound,0.000998842,0.000998842,6,6,6,1
oracle_selection_context_d16_privileged,31073,2,split_brain,0.022092804,0.000262592,4,4,4,1
oracle_selection_context_d16_privileged,31073,2,split_brain,0.000262592,0.000262592,4,4,4,1
oracle_selection_context_d16_privileged,31073,12,split_brain,0.000165123,0.000165123,5,5,5,1
oracle_selection_context_d16_privileged,31073,13,split_brain,0.000923855,0.000923855,3,3,3,1
oracle_selection_context_d16_privileged,31073,24,split_brain,0.000796152,0.000796152,5,5,5,1
oracle_selection_context_d16_privileged,31074,0,split_brain,0.000561953,0.000561953,4,4,4,1
oracle_selection_context_d16_privileged,31074,5,split_brain,0.000956311,0.000956311,4,4,4,1
oracle_selection_context_d16_privileged,31074,22,split_brain,0.000769142,0.000769142,5,5,5,1
oracle_selection_context_d16_privileged,31075,2,cascade,0.000549319,0.000549319,8,8,8,1
oracle_selection_context_d16_privileged,31077,0,cascade,0.000823189,0.000823189,3,3,3,1
oracle_selection_context_d16_privileged,31077,27,compound,0.000164648,0.000164648,4,4,4,1
oracle_selection_context_d16_privileged,31078,16,compound,0.000922518,0.000922518,3,3,3,1
oracle_selection_context_d16_privileged,31078,18,cascade,0.000154273,0.000154273,5,5,5,1
oracle_selection_context_d16_privileged,31079,6,split_brain,0.000347167,0.000347167,3,3,3,1
oracle_selection_context_d16_privileged,31079,12,split_brain,0.000401611,0.000401611,3,3,3,1
oracle_selection_context_d16_privileged,31080,9,compound,0.000205521,0.000205521,4,4,4,1
oracle_selection_context_d16_privileged,31080,30,compound,0.000188756,0.000188756,5,5,5,1
oracle_selection_context_d16_privileged,31081,11,compound,3.122568526,5.8532e-05,5,5,5,0
oracle_selection_context_d16_privileged,31081,17,compound,0.000351289,0.000351289,6,6,6,1
oracle_selection_context_d16_privileged,31081,18,cascade,9.8183e-05,9.8183e-05,10,10,10,1
oracle_selection_context_d16_privileged,31082,12,split_brain,0.000450335,0.000450335,7,7,7,1
oracle_selection_context_d16_privileged,31082,18,compound,0.000979782,0.000979782,8,8,8,1
oracle_selection_context_d16_privileged,31083,10,compound,0.000887283,0.000887283,4,4,4,1
oracle_selection_context_d16_privileged,31083,12,compound,0.000737189,0.000737189,5,5,5,1
oracle_selection_context_d16_privileged,31083,21,cascade,0.000466354,0.000466354,7,7,7,1
oracle_selection_context_d16_privileged,31084,9,compound,0.00021199,0.00021199,4,4,4,1
oracle_selection_context_d16_privileged,31084,15,compound,0.00090706,0.00090706,4,4,4,1
oracle_selection_context_d16_privileged,31084,24,compound,0.000808394,0.000808394,6,6,6,1
oracle_selection_context_d16_privileged,31084,27,split_brain,0.000337125,0.000337125,7,7,7,1
oracle_selection_context_d16_privileged,31085,20,split_brain,0.000785102,0.000785102,6,6,6,1
oracle_selection_context_d16_privileged,31086,21,split_brain,0.000170231,0.000170231,8,8,8,1
oracle_selection_context_d16_privileged,31086,31,compound,0.000742201,0.000742201,4,4,4,1
oracle_selection_context_d16_privileged,31087,1,cascade,0.000771684,0.000771684,5,5,5,1
oracle_selection_context_d16_privileged,31088,33,compound,0.00089654,0.00089654,5,5,5,1
oracle_selection_context_d16_privileged,31089,23,compound,0.000534224,0.000534224,5,5,5,1
oracle_selection_context_d16_privileged,31089,34,compound,0.000698457,0.000698457,5,5,5,1
oracle_selection_context_d16_privileged,31090,6,compound,0.00061279,0.00061279,4,4,4,1
oracle_selection_context_d16_privileged,31090,11,compound,0.00091852,0.00091852,7,7,7,1
oracle_selection_context_d16_privileged,31090,22,compound,0.000916407,0.000916407,4,4,4,1
oracle_selection_context_d16_privileged,31090,23,split_brain,0.000990747,0.000990747,6,6,6,1
oracle_selection_context_d16_privileged,31091,4,compound,0.000944744,0.000944744,4,4,4,1
oracle_selection_context_d16_privileged,31091,10,cascade,0.000682439,0.000682439,5,5,5,1
oracle_selection_context_d16_privileged,31091,14,compound,0.000872162,0.000872162,7,7,7,1
oracle_selection_context_d16_privileged,31093,13,split_brain,0.000257674,0.000257674,8,8,8,1
oracle_selection_context_d16_privileged,31095,0,compound,0.000335793,0.000335793,5,5,5,1
oracle_selection_context_d16_privileged,31095,2,compound,0.00055841,0.00055841,4,4,4,1
oracle_selection_context_d16_privileged,31096,18,split_brain,3.1604e-05,3.1604e-05,6,6,6,1
oracle_selection_context_d16_privileged,31097,1,compound,0.000565917,0.000565917,5,5,5,1
oracle_selection_context_d16_privileged,31097,4,compound,11.928299908,0.000128386,6,6,6,0
oracle_selection_context_d16_privileged,31097,9,compound,0.000804488,0.000804488,6,6,6,1
oracle_selection_context_d16_privileged,31097,12,compound,8.4558e-05,8.4558e-05,6,6,6,1
oracle_selection_context_d16_privileged,31097,22,split_brain,0.000861302,0.000861302,7,7,7,1
oracle_selection_context_d16_privileged,31099,2,compound,0.000765038,0.000765038,3,3,3,1
oracle_selection_context_d16_privileged,31099,14,compound,0.000362285,0.000362285,5,5,5,1
oracle_selection_context_d16_privileged,31099,19,cascade,0.000652677,0.000652677,4,4,4,1
sel_coc_d08000_n256_privileged,31002,14,split_brain,0.000985367,0.000985367,7,7,7,1
sel_coc_d08000_n256_privileged,31003,5,split_brain,0.000245269,0.000245269,6,6,6,1
sel_coc_d08000_n256_privileged,31003,13,split_brain,0.000458852,0.000458852,7,7,7,1
sel_coc_d08000_n256_privileged,31003,15,split_brain,0.000198206,0.000198206,6,6,6,1
sel_coc_d08000_n256_privileged,31004,22,split_brain,0.000797765,0.000797765,3,3,3,1
sel_coc_d08000_n256_privileged,31005,21,compound,4.1602e-05,4.1602e-05,5,5,5,1
sel_coc_d08000_n256_privileged,31005,26,split_brain,0.000487466,0.000487466,8,8,8,1
sel_coc_d08000_n256_privileged,31006,15,split_brain,0.000353093,0.000353093,8,8,8,1
sel_coc_d08000_n256_privileged,31008,19,compound,0.000718197,0.000718197,4,4,4,1
sel_coc_d08000_n256_privileged,31009,18,cascade,0.000270023,0.000270023,6,6,6,1
sel_coc_d08000_n256_privileged,31009,21,split_brain,0.000382008,0.000382008,8,8,8,1
sel_coc_d08000_n256_privileged,31010,9,cascade,0.000429618,0.000429618,6,6,6,1
sel_coc_d08000_n256_privileged,31011,16,compound,0.000521539,0.000521539,7,7,7,1
sel_coc_d08000_n256_privileged,31013,15,split_brain,0.000773109,0.000773109,7,7,7,1
sel_coc_d08000_n256_privileged,31013,23,split_brain,0.000385431,0.000385431,8,8,8,1
sel_coc_d08000_n256_privileged,31014,3,split_brain,0.000802589,0.000802589,7,7,7,1
sel_coc_d08000_n256_privileged,31014,7,cascade,0.000408112,0.000408112,8,8,8,1
sel_coc_d08000_n256_privileged,31015,2,split_brain,0.000326021,0.000326021,4,4,4,1
sel_coc_d08000_n256_privileged,31015,17,split_brain,0.000788751,0.000788751,4,4,4,1
sel_coc_d08000_n256_privileged,31016,5,compound,0.000855829,0.000855829,4,4,4,1
sel_coc_d08000_n256_privileged,31016,19,cascade,0.000971491,0.000971491,9,9,9,1
sel_coc_d08000_n256_privileged,31016,21,compound,0.000489712,0.000489712,4,4,4,1
sel_coc_d08000_n256_privileged,31017,12,split_brain,0.000478891,0.000478891,4,4,4,1
sel_coc_d08000_n256_privileged,31019,9,split_brain,0.000376322,0.000376322,8,8,8,1
sel_coc_d08000_n256_privileged,31019,13,cascade,0.000615616,0.000615616,10,10,10,1
sel_coc_d08000_n256_privileged,31020,10,split_brain,0.000659951,0.000659951,7,7,7,1
sel_coc_d08000_n256_privileged,31022,18,cascade,0.00031404,0.00031404,6,6,6,1
sel_coc_d08000_n256_privileged,31024,7,cascade,0.000156405,0.000156405,5,5,5,1
sel_coc_d08000_n256_privileged,31024,13,cascade,0.000509972,0.000509972,5,5,5,0
sel_coc_d08000_n256_privileged,31025,5,cascade,4.6638e-05,4.6638e-05,3,3,3,1
sel_coc_d08000_n256_privileged,31026,7,split_brain,0.000852064,0.000852064,7,7,0,0
sel_coc_d08000_n256_privileged,31026,15,split_brain,0.00070229,0.00070229,3,3,3,1
sel_coc_d08000_n256_privileged,31026,26,compound,0.000740213,0.000740213,5,5,5,1
sel_coc_d08000_n256_privileged,31026,28,split_brain,0.000899903,0.000899903,8,8,0,1
sel_coc_d08000_n256_privileged,31026,28,split_brain,55.037286636,0.000899903,8,8,0,0
sel_coc_d08000_n256_privileged,31027,8,cascade,0.000740014,0.000740014,5,5,5,1
sel_coc_d08000_n256_privileged,31028,9,split_brain,0.000134873,0.000134873,8,8,8,1
sel_coc_d08000_n256_privileged,31030,10,split_brain,0.000933244,0.000933244,7,7,7,1
sel_coc_d08000_n256_privileged,31031,6,cascade,0.000953806,0.000953806,9,9,9,1
sel_coc_d08000_n256_privileged,31031,24,compound,6.7539e-05,6.7539e-05,8,8,8,1
sel_coc_d08000_n256_privileged,31033,2,split_brain,0.000249165,0.000249165,6,6,6,1
sel_coc_d08000_n256_privileged,31033,9,compound,0.000517626,0.000517626,4,4,4,1
sel_coc_d08000_n256_privileged,31033,24,compound,8.5544e-05,8.5544e-05,3,3,3,1
sel_coc_d08000_n256_privileged,31034,7,compound,14.194255582,0.000626522,5,5,3,0
sel_coc_d08000_n256_privileged,31035,2,cascade,8.9159e-05,8.9159e-05,8,8,8,1
sel_coc_d08000_n256_privileged,31036,5,cascade,7.442e-06,7.442e-06,8,8,4,1
sel_coc_d08000_n256_privileged,31038,9,split_brain,0.000329714,0.000329714,5,5,5,1
sel_coc_d08000_n256_privileged,31038,12,compound,0.0005292,0.0005292,3,3,3,1
sel_coc_d08000_n256_privileged,31040,5,split_brain,9.1757e-05,9.1757e-05,3,3,3,1
sel_coc_d08000_n256_privileged,31040,9,split_brain,0.000776744,0.000776744,3,3,0,1
sel_coc_d08000_n256_privileged,31040,12,split_brain,0.000893548,0.000893548,6,6,6,1
sel_coc_d08000_n256_privileged,31041,1,compound,8.899e-06,8.899e-06,8,8,8,1
sel_coc_d08000_n256_privileged,31041,5,compound,0.000295657,0.000295657,7,7,7,1
sel_coc_d08000_n256_privileged,31042,10,compound,0.000736664,0.000736664,3,3,3,1
sel_coc_d08000_n256_privileged,31042,11,compound,0.0006878,0.0006878,4,4,4,1
sel_coc_d08000_n256_privileged,31042,19,compound,0.000729912,0.000729912,4,4,4,1
sel_coc_d08000_n256_privileged,31042,21,compound,0.000971783,0.000971783,4,4,4,1
sel_coc_d08000_n256_privileged,31043,6,cascade,0.000123772,0.000123772,4,4,4,1
sel_coc_d08000_n256_privileged,31044,10,split_brain,15.903382478,0.000946347,4,4,0,0
sel_coc_d08000_n256_privileged,31045,22,compound,0.000737476,0.000737476,6,6,6,1
sel_coc_d08000_n256_privileged,31046,0,compound,0.000598884,0.000598884,8,8,8,1
sel_coc_d08000_n256_privileged,31046,12,compound,0.000673551,0.000673551,6,6,6,1
sel_coc_d08000_n256_privileged,31046,26,compound,0.000920539,0.000920539,5,5,5,1
sel_coc_d08000_n256_privileged,31046,33,compound,0.00035515,0.00035515,5,5,5,1
sel_coc_d08000_n256_privileged,31047,27,compound,0.000919178,0.000919178,4,4,4,1
sel_coc_d08000_n256_privileged,31047,31,compound,0.000423434,0.000423434,5,5,5,1
sel_coc_d08000_n256_privileged,31048,13,compound,0.000385991,0.000385991,6,6,6,1
sel_coc_d08000_n256_privileged,31048,18,cascade,0.000709337,0.000709337,9,9,8,1
sel_coc_d08000_n256_privileged,31048,34,compound,7.339768262,0.000739989,4,4,4,0
sel_coc_d08000_n256_privileged,31049,29,cascade,0.000987555,0.000987555,8,8,8,1
sel_coc_d08000_n256_privileged,31049,34,compound,0.000194391,0.000194391,5,5,5,1
sel_coc_d08000_n256_privileged,31050,15,split_brain,0.000997186,0.000997186,5,5,5,1
sel_coc_d08000_n256_privileged,31051,10,cascade,0.000476373,0.000476373,7,7,7,1
sel_coc_d08000_n256_privileged,31051,13,split_brain,0.000292196,0.000292196,5,5,0,1
sel_coc_d08000_n256_privileged,31051,19,split_brain,0.00094424,0.00094424,5,5,5,1
sel_coc_d08000_n256_privileged,31051,25,split_brain,0.000823805,0.000823805,4,4,4,1
sel_coc_d08000_n256_privileged,31051,29,split_brain,0.00078859,0.00078859,3,3,3,1
sel_coc_d08000_n256_privileged,31052,0,split_brain,0.000420413,0.000420413,6,6,6,1
sel_coc_d08000_n256_privileged,31052,6,split_brain,4.3443e-05,4.3443e-05,3,3,3,1
sel_coc_d08000_n256_privileged,31052,10,split_brain,0.000838288,0.000838288,4,4,4,1
sel_coc_d08000_n256_privileged,31052,20,compound,0.000511699,0.000511699,7,7,7,1
sel_coc_d08000_n256_privileged,31056,13,compound,0.000247182,0.000247182,6,6,6,1
sel_coc_d08000_n256_privileged,31058,9,split_brain,0.000704654,0.000704654,4,4,4,1
sel_coc_d08000_n256_privileged,31058,11,compound,0.000496162,0.000496162,5,5,5,1
sel_coc_d08000_n256_privileged,31058,17,cascade,0.000109171,0.000109171,4,4,4,1
sel_coc_d08000_n256_privileged,31058,18,compound,0.000299933,0.000299933,5,5,5,1
sel_coc_d08000_n256_privileged,31058,19,split_brain,0.000453473,0.000453473,6,6,6,1
sel_coc_d08000_n256_privileged,31059,0,compound,0.000168303,0.000168303,3,3,3,1
sel_coc_d08000_n256_privileged,31059,27,cascade,0.000789356,0.000789356,6,6,6,1
sel_coc_d08000_n256_privileged,31059,33,split_brain,3.3506e-05,3.3506e-05,8,8,8,1
sel_coc_d08000_n256_privileged,31061,21,split_brain,0.000800601,0.000800601,3,3,3,1
sel_coc_d08000_n256_privileged,31061,23,split_brain,0.000384183,0.000384183,7,7,2,1
sel_coc_d08000_n256_privileged,31062,15,compound,9.411e-05,9.411e-05,4,4,4,1
sel_coc_d08000_n256_privileged,31063,2,compound,0.000893606,0.000893606,5,5,5,1
sel_coc_d08000_n256_privileged,31064,0,compound,0.000548129,0.000548129,4,4,4,1
sel_coc_d08000_n256_privileged,31064,8,compound,0.000731893,0.000731893,5,5,5,1
sel_coc_d08000_n256_privileged,31065,2,cascade,0.000475141,0.000475141,8,8,7,1
sel_coc_d08000_n256_privileged,31066,19,cascade,0.000685503,0.000685503,3,3,3,1
sel_coc_d08000_n256_privileged,31068,2,split_brain,0.000745182,0.000745182,5,5,5,1
sel_coc_d08000_n256_privileged,31068,11,split_brain,0.000219661,0.000219661,3,3,3,1
sel_coc_d08000_n256_privileged,31068,15,cascade,0.000721251,0.000721251,7,7,7,1
sel_coc_d08000_n256_privileged,31068,29,split_brain,0.097545107,0.000954386,4,4,4,1
sel_coc_d08000_n256_privileged,31068,29,split_brain,0.000954386,0.000954386,4,4,4,1
sel_coc_d08000_n256_privileged,31069,0,compound,0.000517485,0.000517485,4,4,4,1
sel_coc_d08000_n256_privileged,31069,4,split_brain,5.4525e-05,5.4525e-05,6,6,6,1
sel_coc_d08000_n256_privileged,31069,11,split_brain,0.00048008,0.00048008,5,5,5,1
sel_coc_d08000_n256_privileged,31069,15,split_brain,0.000686811,0.000686811,7,7,7,1
sel_coc_d08000_n256_privileged,31069,21,split_brain,0.000275925,0.000275925,6,6,6,1
sel_coc_d08000_n256_privileged,31070,8,compound,0.000350114,0.000350114,6,6,6,1
sel_coc_d08000_n256_privileged,31070,14,compound,0.000806058,0.000806058,7,7,7,1
sel_coc_d08000_n256_privileged,31071,5,compound,0.000965871,0.000965871,5,5,5,0
sel_coc_d08000_n256_privileged,31071,9,compound,0.000115378,0.000115378,5,5,5,1
sel_coc_d08000_n256_privileged,31072,12,cascade,0.000959339,0.000959339,3,3,3,1
sel_coc_d08000_n256_privileged,31072,19,cascade,0.000892001,0.000892001,5,5,5,1
sel_coc_d08000_n256_privileged,31072,26,compound,0.000998842,0.000998842,6,6,6,1
sel_coc_d08000_n256_privileged,31073,2,split_brain,0.022092804,0.000262592,4,4,4,1
sel_coc_d08000_n256_privileged,31073,2,split_brain,0.000262592,0.000262592,4,4,4,1
sel_coc_d08000_n256_privileged,31073,12,split_brain,0.000165123,0.000165123,5,5,5,1
sel_coc_d08000_n256_privileged,31073,13,split_brain,0.000923855,0.000923855,3,3,3,1
sel_coc_d08000_n256_privileged,31073,24,split_brain,0.000796152,0.000796152,5,5,5,1
sel_coc_d08000_n256_privileged,31074,0,split_brain,0.000561953,0.000561953,4,4,4,1
sel_coc_d08000_n256_privileged,31074,5,split_brain,0.000956311,0.000956311,4,4,4,1
sel_coc_d08000_n256_privileged,31074,22,split_brain,0.000769142,0.000769142,5,5,5,1
sel_coc_d08000_n256_privileged,31075,2,cascade,0.000549319,0.000549319,8,8,8,1
sel_coc_d08000_n256_privileged,31077,0,cascade,0.000823189,0.000823189,3,3,3,1
sel_coc_d08000_n256_privileged,31077,27,compound,0.000164648,0.000164648,4,4,4,0
sel_coc_d08000_n256_privileged,31078,16,compound,0.000922518,0.000922518,3,3,3,1
sel_coc_d08000_n256_privileged,31078,18,cascade,0.000154273,0.000154273,5,5,5,1
sel_coc_d08000_n256_privileged,31079,6,split_brain,0.000347167,0.000347167,3,3,3,1
sel_coc_d08000_n256_privileged,31079,12,split_brain,0.000401611,0.000401611,3,3,3,1
sel_coc_d08000_n256_privileged,31080,9,compound,0.000205521,0.000205521,4,4,4,1
sel_coc_d08000_n256_privileged,31080,30,compound,0.000188756,0.000188756,5,5,5,1
sel_coc_d08000_n256_privileged,31081,11,compound,3.122568526,5.8532e-05,5,5,5,0
sel_coc_d08000_n256_privileged,31081,17,compound,0.000351289,0.000351289,6,6,6,1
sel_coc_d08000_n256_privileged,31081,18,cascade,9.8183e-05,9.8183e-05,10,10,10,1
sel_coc_d08000_n256_privileged,31082,12,split_brain,0.000450335,0.000450335,7,7,7,1
sel_coc_d08000_n256_privileged,31082,18,compound,0.000979782,0.000979782,8,8,8,1
sel_coc_d08000_n256_privileged,31083,10,compound,0.000887283,0.000887283,4,4,4,1
sel_coc_d08000_n256_privileged,31083,12,compound,0.000737189,0.000737189,5,5,5,1
sel_coc_d08000_n256_privileged,31083,21,cascade,0.000466354,0.000466354,7,7,7,1
sel_coc_d08000_n256_privileged,31084,9,compound,0.00021199,0.00021199,4,4,4,1
sel_coc_d08000_n256_privileged,31084,15,compound,0.00090706,0.00090706,4,4,4,1
sel_coc_d08000_n256_privileged,31084,24,compound,0.000808394,0.000808394,6,6,6,1
sel_coc_d08000_n256_privileged,31084,27,split_brain,0.000337125,0.000337125,7,7,7,1
sel_coc_d08000_n256_privileged,31085,20,split_brain,0.000785102,0.000785102,6,6,1,1
sel_coc_d08000_n256_privileged,31086,21,split_brain,0.000170231,0.000170231,8,8,8,1
sel_coc_d08000_n256_privileged,31086,31,compound,0.000742201,0.000742201,4,4,4,1
sel_coc_d08000_n256_privileged,31087,1,cascade,0.000771684,0.000771684,5,5,5,1
sel_coc_d08000_n256_privileged,31088,33,compound,0.00089654,0.00089654,5,5,4,1
sel_coc_d08000_n256_privileged,31089,23,compound,0.000534224,0.000534224,5,5,5,1
sel_coc_d08000_n256_privileged,31089,34,compound,0.000698457,0.000698457,5,5,5,1
sel_coc_d08000_n256_privileged,31090,6,compound,0.00061279,0.00061279,4,4,4,1
sel_coc_d08000_n256_privileged,31090,11,compound,0.00091852,0.00091852,7,7,7,1
sel_coc_d08000_n256_privileged,31090,22,compound,0.000916407,0.000916407,4,4,4,1
sel_coc_d08000_n256_privileged,31090,23,split_brain,0.000990747,0.000990747,6,6,6,1
sel_coc_d08000_n256_privileged,31091,4,compound,0.000944744,0.000944744,4,4,4,1
sel_coc_d08000_n256_privileged,31091,10,cascade,0.000682439,0.000682439,5,5,5,1
sel_coc_d08000_n256_privileged,31091,14,compound,0.000872162,0.000872162,7,7,7,1
sel_coc_d08000_n256_privileged,31093,13,split_brain,0.000257674,0.000257674,8,8,8,1
sel_coc_d08000_n256_privileged,31095,0,compound,0.000335793,0.000335793,5,5,5,1
sel_coc_d08000_n256_privileged,31095,2,compound,0.00055841,0.00055841,4,4,4,1
sel_coc_d08000_n256_privileged,31096,18,split_brain,3.1604e-05,3.1604e-05,6,6,6,1
sel_coc_d08000_n256_privileged,31097,1,compound,0.000565917,0.000565917,5,5,5,1
sel_coc_d08000_n256_privileged,31097,4,compound,11.928299908,0.000128386,6,6,5,0
sel_coc_d08000_n256_privileged,31097,9,compound,0.000804488,0.000804488,6,6,6,1
sel_coc_d08000_n256_privileged,31097,12,compound,8.4558e-05,8.4558e-05,6,6,6,1
sel_coc_d08000_n256_privileged,31097,22,split_brain,0.000861302,0.000861302,7,7,2,1
sel_coc_d08000_n256_privileged,31099,2,compound,0.000765038,0.000765038,3,3,3,0
sel_coc_d08000_n256_privileged,31099,14,compound,0.000362285,0.000362285,5,5,5,1
sel_coc_d08000_n256_privileged,31099,19,cascade,0.000652677,0.000652677,4,4,4,1
sel_coc_d16000_n256_privileged,31002,14,split_brain,0.000985367,0.000985367,7,7,7,1
sel_coc_d16000_n256_privileged,31003,5,split_brain,0.000245269,0.000245269,6,6,6,1
sel_coc_d16000_n256_privileged,31003,13,split_brain,0.000458852,0.000458852,7,7,7,1
sel_coc_d16000_n256_privileged,31003,15,split_brain,0.000198206,0.000198206,6,6,6,1
sel_coc_d16000_n256_privileged,31004,22,split_brain,0.000797765,0.000797765,3,3,3,1
sel_coc_d16000_n256_privileged,31005,21,compound,4.1602e-05,4.1602e-05,5,5,5,1
sel_coc_d16000_n256_privileged,31005,26,split_brain,0.000487466,0.000487466,8,8,8,1
sel_coc_d16000_n256_privileged,31006,15,split_brain,0.000353093,0.000353093,8,8,8,1
sel_coc_d16000_n256_privileged,31008,19,compound,0.000718197,0.000718197,4,4,4,1
sel_coc_d16000_n256_privileged,31009,18,cascade,0.000270023,0.000270023,6,6,6,1
sel_coc_d16000_n256_privileged,31009,21,split_brain,0.000382008,0.000382008,8,8,8,1
sel_coc_d16000_n256_privileged,31010,9,cascade,0.000429618,0.000429618,6,6,6,1
sel_coc_d16000_n256_privileged,31011,16,compound,0.000521539,0.000521539,7,7,7,1
sel_coc_d16000_n256_privileged,31013,15,split_brain,0.000773109,0.000773109,7,7,7,1
sel_coc_d16000_n256_privileged,31013,23,split_brain,0.000385431,0.000385431,8,8,8,1
sel_coc_d16000_n256_privileged,31014,3,split_brain,0.000802589,0.000802589,7,7,7,1
sel_coc_d16000_n256_privileged,31014,7,cascade,0.000408112,0.000408112,8,8,8,1
sel_coc_d16000_n256_privileged,31015,2,split_brain,0.000326021,0.000326021,4,4,4,1
sel_coc_d16000_n256_privileged,31015,17,split_brain,0.000788751,0.000788751,4,4,4,1
sel_coc_d16000_n256_privileged,31016,5,compound,0.000855829,0.000855829,4,4,4,1
sel_coc_d16000_n256_privileged,31016,19,cascade,0.000971491,0.000971491,9,9,9,1
sel_coc_d16000_n256_privileged,31016,21,compound,0.000489712,0.000489712,4,4,4,1
sel_coc_d16000_n256_privileged,31017,12,split_brain,0.000478891,0.000478891,4,4,4,1
sel_coc_d16000_n256_privileged,31019,9,split_brain,0.000376322,0.000376322,8,8,8,1
sel_coc_d16000_n256_privileged,31019,13,cascade,0.000615616,0.000615616,10,10,10,1
sel_coc_d16000_n256_privileged,31020,10,split_brain,0.000659951,0.000659951,7,7,7,1
sel_coc_d16000_n256_privileged,31022,18,cascade,0.00031404,0.00031404,6,6,6,1
sel_coc_d16000_n256_privileged,31024,7,cascade,0.000156405,0.000156405,5,5,5,1
sel_coc_d16000_n256_privileged,31024,13,cascade,0.000509972,0.000509972,5,5,5,0
sel_coc_d16000_n256_privileged,31025,5,cascade,4.6638e-05,4.6638e-05,3,3,3,1
sel_coc_d16000_n256_privileged,31026,7,split_brain,0.000852064,0.000852064,7,7,0,0
sel_coc_d16000_n256_privileged,31026,15,split_brain,0.00070229,0.00070229,3,3,3,1
sel_coc_d16000_n256_privileged,31026,26,compound,0.000740213,0.000740213,5,5,5,1
sel_coc_d16000_n256_privileged,31026,28,split_brain,0.000899903,0.000899903,8,8,0,1
sel_coc_d16000_n256_privileged,31026,28,split_brain,55.037286636,0.000899903,8,8,0,0
sel_coc_d16000_n256_privileged,31027,8,cascade,0.000740014,0.000740014,5,5,5,1
sel_coc_d16000_n256_privileged,31028,9,split_brain,0.000134873,0.000134873,8,8,8,1
sel_coc_d16000_n256_privileged,31030,10,split_brain,0.000933244,0.000933244,7,7,7,1
sel_coc_d16000_n256_privileged,31031,6,cascade,0.000953806,0.000953806,9,9,9,1
sel_coc_d16000_n256_privileged,31031,24,compound,6.7539e-05,6.7539e-05,8,8,8,1
sel_coc_d16000_n256_privileged,31033,2,split_brain,0.000249165,0.000249165,6,6,6,1
sel_coc_d16000_n256_privileged,31033,9,compound,0.000517626,0.000517626,4,4,4,1
sel_coc_d16000_n256_privileged,31033,24,compound,8.5544e-05,8.5544e-05,3,3,3,1
sel_coc_d16000_n256_privileged,31034,7,compound,14.194255582,0.000626522,5,5,3,0
sel_coc_d16000_n256_privileged,31035,2,cascade,8.9159e-05,8.9159e-05,8,8,8,1
sel_coc_d16000_n256_privileged,31036,5,cascade,7.442e-06,7.442e-06,8,8,8,1
sel_coc_d16000_n256_privileged,31038,9,split_brain,0.000329714,0.000329714,5,5,5,1
sel_coc_d16000_n256_privileged,31038,12,compound,0.0005292,0.0005292,3,3,3,1
sel_coc_d16000_n256_privileged,31040,5,split_brain,9.1757e-05,9.1757e-05,3,3,3,1
sel_coc_d16000_n256_privileged,31040,9,split_brain,0.000776744,0.000776744,3,3,0,1
sel_coc_d16000_n256_privileged,31040,12,split_brain,0.000893548,0.000893548,6,6,6,1
sel_coc_d16000_n256_privileged,31041,1,compound,8.899e-06,8.899e-06,8,8,8,1
sel_coc_d16000_n256_privileged,31041,5,compound,0.000295657,0.000295657,7,7,7,1
sel_coc_d16000_n256_privileged,31042,10,compound,0.000736664,0.000736664,3,3,3,1
sel_coc_d16000_n256_privileged,31042,11,compound,0.0006878,0.0006878,4,4,4,1
sel_coc_d16000_n256_privileged,31042,19,compound,0.000729912,0.000729912,4,4,4,1
sel_coc_d16000_n256_privileged,31042,21,compound,0.000971783,0.000971783,4,4,4,1
sel_coc_d16000_n256_privileged,31043,6,cascade,0.000123772,0.000123772,4,4,4,1
sel_coc_d16000_n256_privileged,31044,10,split_brain,15.903382478,0.000946347,4,4,1,0
sel_coc_d16000_n256_privileged,31045,22,compound,0.000737476,0.000737476,6,6,6,1
sel_coc_d16000_n256_privileged,31046,0,compound,0.000598884,0.000598884,8,8,8,1
sel_coc_d16000_n256_privileged,31046,12,compound,0.000673551,0.000673551,6,6,6,1
sel_coc_d16000_n256_privileged,31046,26,compound,0.000920539,0.000920539,5,5,4,0
sel_coc_d16000_n256_privileged,31046,33,compound,0.00035515,0.00035515,5,5,5,1
sel_coc_d16000_n256_privileged,31047,27,compound,0.000919178,0.000919178,4,4,4,1
sel_coc_d16000_n256_privileged,31047,31,compound,0.000423434,0.000423434,5,5,5,1
sel_coc_d16000_n256_privileged,31048,13,compound,0.000385991,0.000385991,6,6,6,1
sel_coc_d16000_n256_privileged,31048,18,cascade,0.000709337,0.000709337,9,9,9,1
sel_coc_d16000_n256_privileged,31048,34,compound,7.339768262,0.000739989,4,4,4,0
sel_coc_d16000_n256_privileged,31049,29,cascade,0.000987555,0.000987555,8,8,8,1
sel_coc_d16000_n256_privileged,31049,34,compound,0.000194391,0.000194391,5,5,5,1
sel_coc_d16000_n256_privileged,31050,15,split_brain,0.000997186,0.000997186,5,5,5,1
sel_coc_d16000_n256_privileged,31051,10,cascade,0.000476373,0.000476373,7,7,7,0
sel_coc_d16000_n256_privileged,31051,13,split_brain,0.000292196,0.000292196,5,5,0,1
sel_coc_d16000_n256_privileged,31051,19,split_brain,0.00094424,0.00094424,5,5,5,1
sel_coc_d16000_n256_privileged,31051,25,split_brain,0.000823805,0.000823805,4,4,4,1
sel_coc_d16000_n256_privileged,31051,29,split_brain,0.00078859,0.00078859,3,3,3,1
sel_coc_d16000_n256_privileged,31052,0,split_brain,0.000420413,0.000420413,6,6,6,1
sel_coc_d16000_n256_privileged,31052,6,split_brain,4.3443e-05,4.3443e-05,3,3,3,1
sel_coc_d16000_n256_privileged,31052,10,split_brain,0.000838288,0.000838288,4,4,4,1
sel_coc_d16000_n256_privileged,31052,20,compound,0.000511699,0.000511699,7,7,7,1
sel_coc_d16000_n256_privileged,31056,13,compound,0.000247182,0.000247182,6,6,6,1
sel_coc_d16000_n256_privileged,31058,9,split_brain,0.000704654,0.000704654,4,4,4,1
sel_coc_d16000_n256_privileged,31058,11,compound,0.000496162,0.000496162,5,5,5,1
sel_coc_d16000_n256_privileged,31058,17,cascade,0.000109171,0.000109171,4,4,4,1
sel_coc_d16000_n256_privileged,31058,18,compound,0.000299933,0.000299933,5,5,5,1
sel_coc_d16000_n256_privileged,31058,19,split_brain,0.000453473,0.000453473,6,6,6,1
sel_coc_d16000_n256_privileged,31059,0,compound,0.000168303,0.000168303,3,3,3,1
sel_coc_d16000_n256_privileged,31059,27,cascade,0.000789356,0.000789356,6,6,6,1
sel_coc_d16000_n256_privileged,31059,33,split_brain,3.3506e-05,3.3506e-05,8,8,8,1
sel_coc_d16000_n256_privileged,31061,21,split_brain,0.000800601,0.000800601,3,3,3,1
sel_coc_d16000_n256_privileged,31061,23,split_brain,0.000384183,0.000384183,7,7,7,1
sel_coc_d16000_n256_privileged,31062,15,compound,9.411e-05,9.411e-05,4,4,4,1
sel_coc_d16000_n256_privileged,31063,2,compound,0.000893606,0.000893606,5,5,5,0
sel_coc_d16000_n256_privileged,31064,0,compound,0.000548129,0.000548129,4,4,4,1
sel_coc_d16000_n256_privileged,31064,8,compound,0.000731893,0.000731893,5,5,5,1
sel_coc_d16000_n256_privileged,31065,2,cascade,0.000475141,0.000475141,8,8,8,1
sel_coc_d16000_n256_privileged,31066,19,cascade,0.000685503,0.000685503,3,3,3,1
sel_coc_d16000_n256_privileged,31068,2,split_brain,0.000745182,0.000745182,5,5,5,1
sel_coc_d16000_n256_privileged,31068,11,split_brain,0.000219661,0.000219661,3,3,3,1
sel_coc_d16000_n256_privileged,31068,15,cascade,0.000721251,0.000721251,7,7,7,1
sel_coc_d16000_n256_privileged,31068,29,split_brain,0.097545107,0.000954386,4,4,4,1
sel_coc_d16000_n256_privileged,31068,29,split_brain,0.000954386,0.000954386,4,4,4,1
sel_coc_d16000_n256_privileged,31069,0,compound,0.000517485,0.000517485,4,4,4,1
sel_coc_d16000_n256_privileged,31069,4,split_brain,5.4525e-05,5.4525e-05,6,6,6,1
sel_coc_d16000_n256_privileged,31069,11,split_brain,0.00048008,0.00048008,5,5,5,1
sel_coc_d16000_n256_privileged,31069,15,split_brain,0.000686811,0.000686811,7,7,7,1
sel_coc_d16000_n256_privileged,31069,21,split_brain,0.000275925,0.000275925,6,6,6,1
sel_coc_d16000_n256_privileged,31070,8,compound,0.000350114,0.000350114,6,6,6,1
sel_coc_d16000_n256_privileged,31070,14,compound,0.000806058,0.000806058,7,7,7,1
sel_coc_d16000_n256_privileged,31071,5,compound,0.000965871,0.000965871,5,5,5,0
sel_coc_d16000_n256_privileged,31071,9,compound,0.000115378,0.000115378,5,5,5,1
sel_coc_d16000_n256_privileged,31072,12,cascade,0.000959339,0.000959339,3,3,3,1
sel_coc_d16000_n256_privileged,31072,19,cascade,0.000892001,0.000892001,5,5,5,1
sel_coc_d16000_n256_privileged,31072,26,compound,0.000998842,0.000998842,6,6,6,1
sel_coc_d16000_n256_privileged,31073,2,split_brain,0.022092804,0.000262592,4,4,4,1
sel_coc_d16000_n256_privileged,31073,2,split_brain,0.000262592,0.000262592,4,4,4,1
sel_coc_d16000_n256_privileged,31073,12,split_brain,0.000165123,0.000165123,5,5,5,1
sel_coc_d16000_n256_privileged,31073,13,split_brain,0.000923855,0.000923855,3,3,3,1
sel_coc_d16000_n256_privileged,31073,24,split_brain,0.000796152,0.000796152,5,5,5,1
sel_coc_d16000_n256_privileged,31074,0,split_brain,0.000561953,0.000561953,4,4,4,1
sel_coc_d16000_n256_privileged,31074,5,split_brain,0.000956311,0.000956311,4,4,4,1
sel_coc_d16000_n256_privileged,31074,22,split_brain,0.000769142,0.000769142,5,5,5,1
sel_coc_d16000_n256_privileged,31075,2,cascade,0.000549319,0.000549319,8,8,8,1
sel_coc_d16000_n256_privileged,31077,0,cascade,0.000823189,0.000823189,3,3,3,1
sel_coc_d16000_n256_privileged,31077,27,compound,0.000164648,0.000164648,4,4,4,0
sel_coc_d16000_n256_privileged,31078,16,compound,0.000922518,0.000922518,3,3,3,1
sel_coc_d16000_n256_privileged,31078,18,cascade,0.000154273,0.000154273,5,5,5,1
sel_coc_d16000_n256_privileged,31079,6,split_brain,0.000347167,0.000347167,3,3,3,1
sel_coc_d16000_n256_privileged,31079,12,split_brain,0.000401611,0.000401611,3,3,3,1
sel_coc_d16000_n256_privileged,31080,9,compound,0.000205521,0.000205521,4,4,4,1
sel_coc_d16000_n256_privileged,31080,30,compound,0.000188756,0.000188756,5,5,5,1
sel_coc_d16000_n256_privileged,31081,11,compound,3.122568526,5.8532e-05,5,5,5,0
sel_coc_d16000_n256_privileged,31081,17,compound,0.000351289,0.000351289,6,6,6,1
sel_coc_d16000_n256_privileged,31081,18,cascade,9.8183e-05,9.8183e-05,10,10,10,1
sel_coc_d16000_n256_privileged,31082,12,split_brain,0.000450335,0.000450335,7,7,7,1
sel_coc_d16000_n256_privileged,31082,18,compound,0.000979782,0.000979782,8,8,8,1
sel_coc_d16000_n256_privileged,31083,10,compound,0.000887283,0.000887283,4,4,4,1
sel_coc_d16000_n256_privileged,31083,12,compound,0.000737189,0.000737189,5,5,5,1
sel_coc_d16000_n256_privileged,31083,21,cascade,0.000466354,0.000466354,7,7,7,1
sel_coc_d16000_n256_privileged,31084,9,compound,0.00021199,0.00021199,4,4,4,1
sel_coc_d16000_n256_privileged,31084,15,compound,0.00090706,0.00090706,4,4,4,1
sel_coc_d16000_n256_privileged,31084,24,compound,0.000808394,0.000808394,6,6,6,1
sel_coc_d16000_n256_privileged,31084,27,split_brain,0.000337125,0.000337125,7,7,7,1
sel_coc_d16000_n256_privileged,31085,20,split_brain,0.000785102,0.000785102,6,6,1,1
sel_coc_d16000_n256_privileged,31086,21,split_brain,0.000170231,0.000170231,8,8,8,1
sel_coc_d16000_n256_privileged,31086,31,compound,0.000742201,0.000742201,4,4,4,1
sel_coc_d16000_n256_privileged,31087,1,cascade,0.000771684,0.000771684,5,5,5,1
sel_coc_d16000_n256_privileged,31088,33,compound,0.00089654,0.00089654,5,5,4,1
sel_coc_d16000_n256_privileged,31089,23,compound,0.000534224,0.000534224,5,5,5,1
sel_coc_d16000_n256_privileged,31089,34,compound,0.000698457,0.000698457,5,5,5,1
sel_coc_d16000_n256_privileged,31090,6,compound,0.00061279,0.00061279,4,4,4,1
sel_coc_d16000_n256_privileged,31090,11,compound,0.00091852,0.00091852,7,7,7,1
sel_coc_d16000_n256_privileged,31090,22,compound,0.000916407,0.000916407,4,4,4,1
sel_coc_d16000_n256_privileged,31090,23,split_brain,0.000990747,0.000990747,6,6,6,1
sel_coc_d16000_n256_privileged,31091,4,compound,0.000944744,0.000944744,4,4,4,1
sel_coc_d16000_n256_privileged,31091,10,cascade,0.000682439,0.000682439,5,5,5,1
sel_coc_d16000_n256_privileged,31091,14,compound,0.000872162,0.000872162,7,7,7,1
sel_coc_d16000_n256_privileged,31093,13,split_brain,0.000257674,0.000257674,8,8,8,1
sel_coc_d16000_n256_privileged,31095,0,compound,0.000335793,0.000335793,5,5,5,1
sel_coc_d16000_n256_privileged,31095,2,compound,0.00055841,0.00055841,4,4,4,1
sel_coc_d16000_n256_privileged,31096,18,split_brain,3.1604e-05,3.1604e-05,6,6,6,1
sel_coc_d16000_n256_privileged,31097,1,compound,0.000565917,0.000565917,5,5,5,1
sel_coc_d16000_n256_privileged,31097,4,compound,11.928299908,0.000128386,6,6,5,0
sel_coc_d16000_n256_privileged,31097,9,compound,0.000804488,0.000804488,6,6,6,1
sel_coc_d16000_n256_privileged,31097,12,compound,8.4558e-05,8.4558e-05,6,6,6,1
sel_coc_d16000_n256_privileged,31097,22,split_brain,0.000861302,0.000861302,7,7,7,1
sel_coc_d16000_n256_privileged,31099,2,compound,0.000765038,0.000765038,3,3,3,0
sel_coc_d16000_n256_privileged,31099,14,compound,0.000362285,0.000362285,5,5,5,1
sel_coc_d16000_n256_privileged,31099,19,cascade,0.000652677,0.000652677,4,4,4,1
sel_nbh_k3_n256_privileged,31002,14,split_brain,0.000985367,0.000985367,7,7,7,1
sel_nbh_k3_n256_privileged,31003,5,split_brain,0.000245269,0.000245269,6,6,6,1
sel_nbh_k3_n256_privileged,31003,13,split_brain,0.000458852,0.000458852,7,7,7,1
sel_nbh_k3_n256_privileged,31003,15,split_brain,0.000198206,0.000198206,6,6,6,1
sel_nbh_k3_n256_privileged,31004,22,split_brain,0.000797765,0.000797765,3,3,3,1
sel_nbh_k3_n256_privileged,31005,21,compound,4.1602e-05,4.1602e-05,5,5,5,1
sel_nbh_k3_n256_privileged,31005,26,split_brain,0.000487466,0.000487466,8,8,8,1
sel_nbh_k3_n256_privileged,31006,15,split_brain,0.000353093,0.000353093,8,8,8,1
sel_nbh_k3_n256_privileged,31008,19,compound,0.000718197,0.000718197,4,4,4,1
sel_nbh_k3_n256_privileged,31009,18,cascade,0.000270023,0.000270023,6,6,6,1
sel_nbh_k3_n256_privileged,31009,21,split_brain,0.000382008,0.000382008,8,8,8,1
sel_nbh_k3_n256_privileged,31010,9,cascade,0.000429618,0.000429618,6,6,6,1
sel_nbh_k3_n256_privileged,31011,16,compound,0.000521539,0.000521539,7,7,7,1
sel_nbh_k3_n256_privileged,31013,15,split_brain,0.000773109,0.000773109,7,7,7,1
sel_nbh_k3_n256_privileged,31013,23,split_brain,0.000385431,0.000385431,8,8,8,1
sel_nbh_k3_n256_privileged,31014,3,split_brain,0.000802589,0.000802589,7,7,7,1
sel_nbh_k3_n256_privileged,31014,7,cascade,0.000408112,0.000408112,8,8,8,1
sel_nbh_k3_n256_privileged,31015,2,split_brain,0.000326021,0.000326021,4,4,4,1
sel_nbh_k3_n256_privileged,31015,17,split_brain,0.000788751,0.000788751,4,4,4,1
sel_nbh_k3_n256_privileged,31016,5,compound,0.000855829,0.000855829,4,4,4,1
sel_nbh_k3_n256_privileged,31016,19,cascade,0.000971491,0.000971491,9,9,9,1
sel_nbh_k3_n256_privileged,31016,21,compound,0.000489712,0.000489712,4,4,4,1
sel_nbh_k3_n256_privileged,31017,12,split_brain,0.000478891,0.000478891,4,4,4,1
sel_nbh_k3_n256_privileged,31019,9,split_brain,0.000376322,0.000376322,8,8,8,1
sel_nbh_k3_n256_privileged,31019,13,cascade,0.000615616,0.000615616,10,10,10,1
sel_nbh_k3_n256_privileged,31020,10,split_brain,0.000659951,0.000659951,7,7,7,1
sel_nbh_k3_n256_privileged,31022,18,cascade,0.00031404,0.00031404,6,6,6,1
sel_nbh_k3_n256_privileged,31024,7,cascade,0.000156405,0.000156405,5,5,2,1
sel_nbh_k3_n256_privileged,31024,13,cascade,0.000509972,0.000509972,5,5,2,0
sel_nbh_k3_n256_privileged,31025,5,cascade,4.6638e-05,4.6638e-05,3,3,3,1
sel_nbh_k3_n256_privileged,31026,7,split_brain,0.000852064,0.000852064,7,7,0,0
sel_nbh_k3_n256_privileged,31026,15,split_brain,0.00070229,0.00070229,3,3,2,0
sel_nbh_k3_n256_privileged,31026,26,compound,0.000740213,0.000740213,5,5,5,1
sel_nbh_k3_n256_privileged,31026,28,split_brain,0.000899903,0.000899903,8,8,0,1
sel_nbh_k3_n256_privileged,31026,28,split_brain,55.037286636,0.000899903,8,8,0,0
sel_nbh_k3_n256_privileged,31027,8,cascade,0.000740014,0.000740014,5,5,5,1
sel_nbh_k3_n256_privileged,31028,9,split_brain,0.000134873,0.000134873,8,8,8,1
sel_nbh_k3_n256_privileged,31030,10,split_brain,0.000933244,0.000933244,7,7,7,1
sel_nbh_k3_n256_privileged,31031,6,cascade,0.000953806,0.000953806,9,9,4,0
sel_nbh_k3_n256_privileged,31031,24,compound,6.7539e-05,6.7539e-05,8,8,8,1
sel_nbh_k3_n256_privileged,31033,2,split_brain,0.000249165,0.000249165,6,6,6,1
sel_nbh_k3_n256_privileged,31033,9,compound,0.000517626,0.000517626,4,4,4,1
sel_nbh_k3_n256_privileged,31033,24,compound,8.5544e-05,8.5544e-05,3,3,3,1
sel_nbh_k3_n256_privileged,31034,7,compound,14.194255582,0.000626522,5,5,3,0
sel_nbh_k3_n256_privileged,31035,2,cascade,8.9159e-05,8.9159e-05,8,8,8,1
sel_nbh_k3_n256_privileged,31036,5,cascade,7.442e-06,7.442e-06,8,8,8,1
sel_nbh_k3_n256_privileged,31038,9,split_brain,0.000329714,0.000329714,5,5,5,1
sel_nbh_k3_n256_privileged,31038,12,compound,0.0005292,0.0005292,3,3,3,1
sel_nbh_k3_n256_privileged,31040,5,split_brain,9.1757e-05,9.1757e-05,3,3,3,1
sel_nbh_k3_n256_privileged,31040,9,split_brain,0.000776744,0.000776744,3,3,1,1
sel_nbh_k3_n256_privileged,31040,12,split_brain,0.000893548,0.000893548,6,6,6,1
sel_nbh_k3_n256_privileged,31041,1,compound,8.899e-06,8.899e-06,8,8,8,1
sel_nbh_k3_n256_privileged,31041,5,compound,0.000295657,0.000295657,7,7,7,1
sel_nbh_k3_n256_privileged,31042,10,compound,0.000736664,0.000736664,3,3,3,1
sel_nbh_k3_n256_privileged,31042,11,compound,0.0006878,0.0006878,4,4,4,1
sel_nbh_k3_n256_privileged,31042,19,compound,0.000729912,0.000729912,4,4,4,1
sel_nbh_k3_n256_privileged,31042,21,compound,0.000971783,0.000971783,4,4,4,1
sel_nbh_k3_n256_privileged,31043,6,cascade,0.000123772,0.000123772,4,4,4,1
sel_nbh_k3_n256_privileged,31044,10,split_brain,15.903382478,0.000946347,4,4,1,0
sel_nbh_k3_n256_privileged,31045,22,compound,0.000737476,0.000737476,6,6,6,1
sel_nbh_k3_n256_privileged,31046,0,compound,0.000598884,0.000598884,8,8,8,1
sel_nbh_k3_n256_privileged,31046,12,compound,0.000673551,0.000673551,6,6,6,1
sel_nbh_k3_n256_privileged,31046,26,compound,0.000920539,0.000920539,5,5,4,0
sel_nbh_k3_n256_privileged,31046,33,compound,0.00035515,0.00035515,5,5,5,1
sel_nbh_k3_n256_privileged,31047,27,compound,0.000919178,0.000919178,4,4,4,1
sel_nbh_k3_n256_privileged,31047,31,compound,0.000423434,0.000423434,5,5,5,1
sel_nbh_k3_n256_privileged,31048,13,compound,0.000385991,0.000385991,6,6,6,1
sel_nbh_k3_n256_privileged,31048,18,cascade,0.000709337,0.000709337,9,9,8,1
sel_nbh_k3_n256_privileged,31048,34,compound,7.339768262,0.000739989,4,4,4,0
sel_nbh_k3_n256_privileged,31049,29,cascade,0.000987555,0.000987555,8,8,8,1
sel_nbh_k3_n256_privileged,31049,34,compound,0.000194391,0.000194391,5,5,5,1
sel_nbh_k3_n256_privileged,31050,15,split_brain,0.000997186,0.000997186,5,5,5,1
sel_nbh_k3_n256_privileged,31051,10,cascade,0.000476373,0.000476373,7,7,7,0
sel_nbh_k3_n256_privileged,31051,13,split_brain,0.000292196,0.000292196,5,5,0,1
sel_nbh_k3_n256_privileged,31051,19,split_brain,0.00094424,0.00094424,5,5,5,1
sel_nbh_k3_n256_privileged,31051,25,split_brain,0.000823805,0.000823805,4,4,4,1
sel_nbh_k3_n256_privileged,31051,29,split_brain,0.00078859,0.00078859,3,3,3,1
sel_nbh_k3_n256_privileged,31052,0,split_brain,0.000420413,0.000420413,6,6,6,1
sel_nbh_k3_n256_privileged,31052,6,split_brain,4.3443e-05,4.3443e-05,3,3,3,1
sel_nbh_k3_n256_privileged,31052,10,split_brain,0.000838288,0.000838288,4,4,4,1
sel_nbh_k3_n256_privileged,31052,20,compound,0.000511699,0.000511699,7,7,7,1
sel_nbh_k3_n256_privileged,31056,13,compound,0.000247182,0.000247182,6,6,6,1
sel_nbh_k3_n256_privileged,31058,9,split_brain,0.000704654,0.000704654,4,4,4,1
sel_nbh_k3_n256_privileged,31058,11,compound,0.000496162,0.000496162,5,5,5,1
sel_nbh_k3_n256_privileged,31058,17,cascade,0.000109171,0.000109171,4,4,4,1
sel_nbh_k3_n256_privileged,31058,18,compound,0.000299933,0.000299933,5,5,5,1
sel_nbh_k3_n256_privileged,31058,19,split_brain,0.000453473,0.000453473,6,6,6,1
sel_nbh_k3_n256_privileged,31059,0,compound,0.000168303,0.000168303,3,3,3,1
sel_nbh_k3_n256_privileged,31059,27,cascade,0.000789356,0.000789356,6,6,6,1
sel_nbh_k3_n256_privileged,31059,33,split_brain,3.3506e-05,3.3506e-05,8,8,8,1
sel_nbh_k3_n256_privileged,31061,21,split_brain,0.000800601,0.000800601,3,3,3,1
sel_nbh_k3_n256_privileged,31061,23,split_brain,0.000384183,0.000384183,7,7,7,1
sel_nbh_k3_n256_privileged,31062,15,compound,9.411e-05,9.411e-05,4,4,4,1
sel_nbh_k3_n256_privileged,31063,2,compound,0.000893606,0.000893606,5,5,5,0
sel_nbh_k3_n256_privileged,31064,0,compound,0.000548129,0.000548129,4,4,4,1
sel_nbh_k3_n256_privileged,31064,8,compound,0.000731893,0.000731893,5,5,5,1
sel_nbh_k3_n256_privileged,31065,2,cascade,0.000475141,0.000475141,8,8,8,1
sel_nbh_k3_n256_privileged,31066,19,cascade,0.000685503,0.000685503,3,3,3,1
sel_nbh_k3_n256_privileged,31068,2,split_brain,0.000745182,0.000745182,5,5,5,1
sel_nbh_k3_n256_privileged,31068,11,split_brain,0.000219661,0.000219661,3,3,3,1
sel_nbh_k3_n256_privileged,31068,15,cascade,0.000721251,0.000721251,7,7,7,1
sel_nbh_k3_n256_privileged,31068,29,split_brain,0.097545107,0.000954386,4,4,4,1
sel_nbh_k3_n256_privileged,31068,29,split_brain,0.000954386,0.000954386,4,4,4,1
sel_nbh_k3_n256_privileged,31069,0,compound,0.000517485,0.000517485,4,4,4,1
sel_nbh_k3_n256_privileged,31069,4,split_brain,5.4525e-05,5.4525e-05,6,6,6,1
sel_nbh_k3_n256_privileged,31069,11,split_brain,0.00048008,0.00048008,5,5,5,1
sel_nbh_k3_n256_privileged,31069,15,split_brain,0.000686811,0.000686811,7,7,7,1
sel_nbh_k3_n256_privileged,31069,21,split_brain,0.000275925,0.000275925,6,6,6,1
sel_nbh_k3_n256_privileged,31070,8,compound,0.000350114,0.000350114,6,6,6,1
sel_nbh_k3_n256_privileged,31070,14,compound,0.000806058,0.000806058,7,7,7,1
sel_nbh_k3_n256_privileged,31071,5,compound,0.000965871,0.000965871,5,5,5,0
sel_nbh_k3_n256_privileged,31071,9,compound,0.000115378,0.000115378,5,5,5,1
sel_nbh_k3_n256_privileged,31072,12,cascade,0.000959339,0.000959339,3,3,3,1
sel_nbh_k3_n256_privileged,31072,19,cascade,0.000892001,0.000892001,5,5,5,1
sel_nbh_k3_n256_privileged,31072,26,compound,0.000998842,0.000998842,6,6,6,1
sel_nbh_k3_n256_privileged,31073,2,split_brain,0.022092804,0.000262592,4,4,4,1
sel_nbh_k3_n256_privileged,31073,2,split_brain,0.000262592,0.000262592,4,4,4,1
sel_nbh_k3_n256_privileged,31073,12,split_brain,0.000165123,0.000165123,5,5,5,1
sel_nbh_k3_n256_privileged,31073,13,split_brain,0.000923855,0.000923855,3,3,3,1
sel_nbh_k3_n256_privileged,31073,24,split_brain,0.000796152,0.000796152,5,5,5,1
sel_nbh_k3_n256_privileged,31074,0,split_brain,0.000561953,0.000561953,4,4,4,1
sel_nbh_k3_n256_privileged,31074,5,split_brain,0.000956311,0.000956311,4,4,4,1
sel_nbh_k3_n256_privileged,31074,22,split_brain,0.000769142,0.000769142,5,5,5,1
sel_nbh_k3_n256_privileged,31075,2,cascade,0.000549319,0.000549319,8,8,8,1
sel_nbh_k3_n256_privileged,31077,0,cascade,0.000823189,0.000823189,3,3,3,1
sel_nbh_k3_n256_privileged,31077,27,compound,0.000164648,0.000164648,4,4,4,0
sel_nbh_k3_n256_privileged,31078,16,compound,0.000922518,0.000922518,3,3,3,1
sel_nbh_k3_n256_privileged,31078,18,cascade,0.000154273,0.000154273,5,5,5,1
sel_nbh_k3_n256_privileged,31079,6,split_brain,0.000347167,0.000347167,3,3,3,1
sel_nbh_k3_n256_privileged,31079,12,split_brain,0.000401611,0.000401611,3,3,3,1
sel_nbh_k3_n256_privileged,31080,9,compound,0.000205521,0.000205521,4,4,4,1
sel_nbh_k3_n256_privileged,31080,30,compound,0.000188756,0.000188756,5,5,5,1
sel_nbh_k3_n256_privileged,31081,11,compound,3.122568526,5.8532e-05,5,5,5,0
sel_nbh_k3_n256_privileged,31081,17,compound,0.000351289,0.000351289,6,6,6,1
sel_nbh_k3_n256_privileged,31081,18,cascade,9.8183e-05,9.8183e-05,10,10,10,1
sel_nbh_k3_n256_privileged,31082,12,split_brain,0.000450335,0.000450335,7,7,7,1
sel_nbh_k3_n256_privileged,31082,18,compound,0.000979782,0.000979782,8,8,8,1
sel_nbh_k3_n256_privileged,31083,10,compound,0.000887283,0.000887283,4,4,4,1
sel_nbh_k3_n256_privileged,31083,12,compound,0.000737189,0.000737189,5,5,5,1
sel_nbh_k3_n256_privileged,31083,21,cascade,0.000466354,0.000466354,7,7,7,1
sel_nbh_k3_n256_privileged,31084,9,compound,0.00021199,0.00021199,4,4,4,1
sel_nbh_k3_n256_privileged,31084,15,compound,0.00090706,0.00090706,4,4,4,1
sel_nbh_k3_n256_privileged,31084,24,compound,0.000808394,0.000808394,6,6,6,1
sel_nbh_k3_n256_privileged,31084,27,split_brain,0.000337125,0.000337125,7,7,7,1
sel_nbh_k3_n256_privileged,31085,20,split_brain,0.000785102,0.000785102,6,6,1,1
sel_nbh_k3_n256_privileged,31086,21,split_brain,0.000170231,0.000170231,8,8,8,1
sel_nbh_k3_n256_privileged,31086,31,compound,0.000742201,0.000742201,4,4,4,1
sel_nbh_k3_n256_privileged,31087,1,cascade,0.000771684,0.000771684,5,5,5,1
sel_nbh_k3_n256_privileged,31088,33,compound,0.00089654,0.00089654,5,5,5,1
sel_nbh_k3_n256_privileged,31089,23,compound,0.000534224,0.000534224,5,5,5,1
sel_nbh_k3_n256_privileged,31089,34,compound,0.000698457,0.000698457,5,5,5,1
sel_nbh_k3_n256_privileged,31090,6,compound,0.00061279,0.00061279,4,4,4,1
sel_nbh_k3_n256_privileged,31090,11,compound,0.00091852,0.00091852,7,7,7,1
sel_nbh_k3_n256_privileged,31090,22,compound,0.000916407,0.000916407,4,4,4,1
sel_nbh_k3_n256_privileged,31090,23,split_brain,0.000990747,0.000990747,6,6,6,1
sel_nbh_k3_n256_privileged,31091,4,compound,0.000944744,0.000944744,4,4,4,1
sel_nbh_k3_n256_privileged,31091,10,cascade,0.000682439,0.000682439,5,5,5,1
sel_nbh_k3_n256_privileged,31091,14,compound,0.000872162,0.000872162,7,7,7,1
sel_nbh_k3_n256_privileged,31093,13,split_brain,0.000257674,0.000257674,8,8,8,1
sel_nbh_k3_n256_privileged,31095,0,compound,0.000335793,0.000335793,5,5,5,1
sel_nbh_k3_n256_privileged,31095,2,compound,0.00055841,0.00055841,4,4,4,1
sel_nbh_k3_n256_privileged,31096,18,split_brain,3.1604e-05,3.1604e-05,6,6,6,1
sel_nbh_k3_n256_privileged,31097,1,compound,0.000565917,0.000565917,5,5,5,1
sel_nbh_k3_n256_privileged,31097,4,compound,11.928299908,0.000128386,6,6,5,0
sel_nbh_k3_n256_privileged,31097,9,compound,0.000804488,0.000804488,6,6,6,1
sel_nbh_k3_n256_privileged,31097,12,compound,8.4558e-05,8.4558e-05,6,6,6,1
sel_nbh_k3_n256_privileged,31097,22,split_brain,0.000861302,0.000861302,7,7,7,1
sel_nbh_k3_n256_privileged,31099,2,compound,0.000765038,0.000765038,3,3,3,0
sel_nbh_k3_n256_privileged,31099,14,compound,0.000362285,0.000362285,5,5,5,1
sel_nbh_k3_n256_privileged,31099,19,cascade,0.000652677,0.000652677,4,4,4,1
sel_nbh_k4_n256_privileged,31002,14,split_brain,0.000985367,0.000985367,7,7,7,1
sel_nbh_k4_n256_privileged,31003,5,split_brain,0.000245269,0.000245269,6,6,6,1
sel_nbh_k4_n256_privileged,31003,13,split_brain,0.000458852,0.000458852,7,7,7,1
sel_nbh_k4_n256_privileged,31003,15,split_brain,0.000198206,0.000198206,6,6,6,1
sel_nbh_k4_n256_privileged,31004,22,split_brain,0.000797765,0.000797765,3,3,3,1
sel_nbh_k4_n256_privileged,31005,21,compound,4.1602e-05,4.1602e-05,5,5,5,1
sel_nbh_k4_n256_privileged,31005,26,split_brain,0.000487466,0.000487466,8,8,8,1
sel_nbh_k4_n256_privileged,31006,15,split_brain,0.000353093,0.000353093,8,8,8,1
sel_nbh_k4_n256_privileged,31008,19,compound,0.000718197,0.000718197,4,4,4,1
sel_nbh_k4_n256_privileged,31009,18,cascade,0.000270023,0.000270023,6,6,6,1
sel_nbh_k4_n256_privileged,31009,21,split_brain,0.000382008,0.000382008,8,8,8,1
sel_nbh_k4_n256_privileged,31010,9,cascade,0.000429618,0.000429618,6,6,6,1
sel_nbh_k4_n256_privileged,31011,16,compound,0.000521539,0.000521539,7,7,7,1
sel_nbh_k4_n256_privileged,31013,15,split_brain,0.000773109,0.000773109,7,7,7,1
sel_nbh_k4_n256_privileged,31013,23,split_brain,0.000385431,0.000385431,8,8,8,1
sel_nbh_k4_n256_privileged,31014,3,split_brain,0.000802589,0.000802589,7,7,7,1
sel_nbh_k4_n256_privileged,31014,7,cascade,0.000408112,0.000408112,8,8,8,1
sel_nbh_k4_n256_privileged,31015,2,split_brain,0.000326021,0.000326021,4,4,4,1
sel_nbh_k4_n256_privileged,31015,17,split_brain,0.000788751,0.000788751,4,4,4,1
sel_nbh_k4_n256_privileged,31016,5,compound,0.000855829,0.000855829,4,4,4,1
sel_nbh_k4_n256_privileged,31016,19,cascade,0.000971491,0.000971491,9,9,9,1
sel_nbh_k4_n256_privileged,31016,21,compound,0.000489712,0.000489712,4,4,4,1
sel_nbh_k4_n256_privileged,31017,12,split_brain,0.000478891,0.000478891,4,4,4,1
sel_nbh_k4_n256_privileged,31019,9,split_brain,0.000376322,0.000376322,8,8,8,1
sel_nbh_k4_n256_privileged,31019,13,cascade,0.000615616,0.000615616,10,10,10,1
sel_nbh_k4_n256_privileged,31020,10,split_brain,0.000659951,0.000659951,7,7,7,1
sel_nbh_k4_n256_privileged,31022,18,cascade,0.00031404,0.00031404,6,6,6,1
sel_nbh_k4_n256_privileged,31024,7,cascade,0.000156405,0.000156405,5,5,5,1
sel_nbh_k4_n256_privileged,31024,13,cascade,0.000509972,0.000509972,5,5,5,0
sel_nbh_k4_n256_privileged,31025,5,cascade,4.6638e-05,4.6638e-05,3,3,3,1
sel_nbh_k4_n256_privileged,31026,7,split_brain,0.000852064,0.000852064,7,7,0,0
sel_nbh_k4_n256_privileged,31026,15,split_brain,0.00070229,0.00070229,3,3,3,1
sel_nbh_k4_n256_privileged,31026,26,compound,0.000740213,0.000740213,5,5,5,1
sel_nbh_k4_n256_privileged,31026,28,split_brain,0.000899903,0.000899903,8,8,0,1
sel_nbh_k4_n256_privileged,31026,28,split_brain,55.037286636,0.000899903,8,8,0,0
sel_nbh_k4_n256_privileged,31027,8,cascade,0.000740014,0.000740014,5,5,5,1
sel_nbh_k4_n256_privileged,31028,9,split_brain,0.000134873,0.000134873,8,8,8,1
sel_nbh_k4_n256_privileged,31030,10,split_brain,0.000933244,0.000933244,7,7,7,1
sel_nbh_k4_n256_privileged,31031,6,cascade,0.000953806,0.000953806,9,9,9,1
sel_nbh_k4_n256_privileged,31031,24,compound,6.7539e-05,6.7539e-05,8,8,8,1
sel_nbh_k4_n256_privileged,31033,2,split_brain,0.000249165,0.000249165,6,6,6,1
sel_nbh_k4_n256_privileged,31033,9,compound,0.000517626,0.000517626,4,4,4,1
sel_nbh_k4_n256_privileged,31033,24,compound,8.5544e-05,8.5544e-05,3,3,3,1
sel_nbh_k4_n256_privileged,31034,7,compound,14.194255582,0.000626522,5,5,3,0
sel_nbh_k4_n256_privileged,31035,2,cascade,8.9159e-05,8.9159e-05,8,8,8,1
sel_nbh_k4_n256_privileged,31036,5,cascade,7.442e-06,7.442e-06,8,8,8,1
sel_nbh_k4_n256_privileged,31038,9,split_brain,0.000329714,0.000329714,5,5,5,1
sel_nbh_k4_n256_privileged,31038,12,compound,0.0005292,0.0005292,3,3,3,1
sel_nbh_k4_n256_privileged,31040,5,split_brain,9.1757e-05,9.1757e-05,3,3,3,1
sel_nbh_k4_n256_privileged,31040,9,split_brain,0.000776744,0.000776744,3,3,0,1
sel_nbh_k4_n256_privileged,31040,12,split_brain,0.000893548,0.000893548,6,6,6,1
sel_nbh_k4_n256_privileged,31041,1,compound,8.899e-06,8.899e-06,8,8,8,1
sel_nbh_k4_n256_privileged,31041,5,compound,0.000295657,0.000295657,7,7,7,1
sel_nbh_k4_n256_privileged,31042,10,compound,0.000736664,0.000736664,3,3,3,1
sel_nbh_k4_n256_privileged,31042,11,compound,0.0006878,0.0006878,4,4,4,1
sel_nbh_k4_n256_privileged,31042,19,compound,0.000729912,0.000729912,4,4,4,1
sel_nbh_k4_n256_privileged,31042,21,compound,0.000971783,0.000971783,4,4,4,1
sel_nbh_k4_n256_privileged,31043,6,cascade,0.000123772,0.000123772,4,4,4,1
sel_nbh_k4_n256_privileged,31044,10,split_brain,15.903382478,0.000946347,4,4,1,0
sel_nbh_k4_n256_privileged,31045,22,compound,0.000737476,0.000737476,6,6,6,1
sel_nbh_k4_n256_privileged,31046,0,compound,0.000598884,0.000598884,8,8,8,1
sel_nbh_k4_n256_privileged,31046,12,compound,0.000673551,0.000673551,6,6,6,1
sel_nbh_k4_n256_privileged,31046,26,compound,0.000920539,0.000920539,5,5,4,0
sel_nbh_k4_n256_privileged,31046,33,compound,0.00035515,0.00035515,5,5,5,1
sel_nbh_k4_n256_privileged,31047,27,compound,0.000919178,0.000919178,4,4,4,1
sel_nbh_k4_n256_privileged,31047,31,compound,0.000423434,0.000423434,5,5,5,1
sel_nbh_k4_n256_privileged,31048,13,compound,0.000385991,0.000385991,6,6,6,1
sel_nbh_k4_n256_privileged,31048,18,cascade,0.000709337,0.000709337,9,9,9,1
sel_nbh_k4_n256_privileged,31048,34,compound,7.339768262,0.000739989,4,4,4,0
sel_nbh_k4_n256_privileged,31049,29,cascade,0.000987555,0.000987555,8,8,8,1
sel_nbh_k4_n256_privileged,31049,34,compound,0.000194391,0.000194391,5,5,5,1
sel_nbh_k4_n256_privileged,31050,15,split_brain,0.000997186,0.000997186,5,5,5,1
sel_nbh_k4_n256_privileged,31051,10,cascade,0.000476373,0.000476373,7,7,7,0
sel_nbh_k4_n256_privileged,31051,13,split_brain,0.000292196,0.000292196,5,5,0,1
sel_nbh_k4_n256_privileged,31051,19,split_brain,0.00094424,0.00094424,5,5,5,1
sel_nbh_k4_n256_privileged,31051,25,split_brain,0.000823805,0.000823805,4,4,4,1
sel_nbh_k4_n256_privileged,31051,29,split_brain,0.00078859,0.00078859,3,3,3,1
sel_nbh_k4_n256_privileged,31052,0,split_brain,0.000420413,0.000420413,6,6,6,1
sel_nbh_k4_n256_privileged,31052,6,split_brain,4.3443e-05,4.3443e-05,3,3,3,1
sel_nbh_k4_n256_privileged,31052,10,split_brain,0.000838288,0.000838288,4,4,4,1
sel_nbh_k4_n256_privileged,31052,20,compound,0.000511699,0.000511699,7,7,7,1
sel_nbh_k4_n256_privileged,31056,13,compound,0.000247182,0.000247182,6,6,6,1
sel_nbh_k4_n256_privileged,31058,9,split_brain,0.000704654,0.000704654,4,4,4,1
sel_nbh_k4_n256_privileged,31058,11,compound,0.000496162,0.000496162,5,5,5,1
sel_nbh_k4_n256_privileged,31058,17,cascade,0.000109171,0.000109171,4,4,4,1
sel_nbh_k4_n256_privileged,31058,18,compound,0.000299933,0.000299933,5,5,5,1
sel_nbh_k4_n256_privileged,31058,19,split_brain,0.000453473,0.000453473,6,6,6,1
sel_nbh_k4_n256_privileged,31059,0,compound,0.000168303,0.000168303,3,3,3,1
sel_nbh_k4_n256_privileged,31059,27,cascade,0.000789356,0.000789356,6,6,6,1
sel_nbh_k4_n256_privileged,31059,33,split_brain,3.3506e-05,3.3506e-05,8,8,8,1
sel_nbh_k4_n256_privileged,31061,21,split_brain,0.000800601,0.000800601,3,3,3,1
sel_nbh_k4_n256_privileged,31061,23,split_brain,0.000384183,0.000384183,7,7,7,1
sel_nbh_k4_n256_privileged,31062,15,compound,9.411e-05,9.411e-05,4,4,4,1
sel_nbh_k4_n256_privileged,31063,2,compound,0.000893606,0.000893606,5,5,5,0
sel_nbh_k4_n256_privileged,31064,0,compound,0.000548129,0.000548129,4,4,4,1
sel_nbh_k4_n256_privileged,31064,8,compound,0.000731893,0.000731893,5,5,5,1
sel_nbh_k4_n256_privileged,31065,2,cascade,0.000475141,0.000475141,8,8,8,1
sel_nbh_k4_n256_privileged,31066,19,cascade,0.000685503,0.000685503,3,3,3,1
sel_nbh_k4_n256_privileged,31068,2,split_brain,0.000745182,0.000745182,5,5,5,1
sel_nbh_k4_n256_privileged,31068,11,split_brain,0.000219661,0.000219661,3,3,3,1
sel_nbh_k4_n256_privileged,31068,15,cascade,0.000721251,0.000721251,7,7,7,1
sel_nbh_k4_n256_privileged,31068,29,split_brain,0.097545107,0.000954386,4,4,4,1
sel_nbh_k4_n256_privileged,31068,29,split_brain,0.000954386,0.000954386,4,4,4,1
sel_nbh_k4_n256_privileged,31069,0,compound,0.000517485,0.000517485,4,4,4,1
sel_nbh_k4_n256_privileged,31069,4,split_brain,5.4525e-05,5.4525e-05,6,6,6,1
sel_nbh_k4_n256_privileged,31069,11,split_brain,0.00048008,0.00048008,5,5,5,1
sel_nbh_k4_n256_privileged,31069,15,split_brain,0.000686811,0.000686811,7,7,7,1
sel_nbh_k4_n256_privileged,31069,21,split_brain,0.000275925,0.000275925,6,6,6,1
sel_nbh_k4_n256_privileged,31070,8,compound,0.000350114,0.000350114,6,6,6,1
sel_nbh_k4_n256_privileged,31070,14,compound,0.000806058,0.000806058,7,7,7,1
sel_nbh_k4_n256_privileged,31071,5,compound,0.000965871,0.000965871,5,5,5,0
sel_nbh_k4_n256_privileged,31071,9,compound,0.000115378,0.000115378,5,5,5,1
sel_nbh_k4_n256_privileged,31072,12,cascade,0.000959339,0.000959339,3,3,3,1
sel_nbh_k4_n256_privileged,31072,19,cascade,0.000892001,0.000892001,5,5,5,1
sel_nbh_k4_n256_privileged,31072,26,compound,0.000998842,0.000998842,6,6,6,1
sel_nbh_k4_n256_privileged,31073,2,split_brain,0.022092804,0.000262592,4,4,4,1
sel_nbh_k4_n256_privileged,31073,2,split_brain,0.000262592,0.000262592,4,4,4,1
sel_nbh_k4_n256_privileged,31073,12,split_brain,0.000165123,0.000165123,5,5,5,1
sel_nbh_k4_n256_privileged,31073,13,split_brain,0.000923855,0.000923855,3,3,3,1
sel_nbh_k4_n256_privileged,31073,24,split_brain,0.000796152,0.000796152,5,5,5,1
sel_nbh_k4_n256_privileged,31074,0,split_brain,0.000561953,0.000561953,4,4,4,1
sel_nbh_k4_n256_privileged,31074,5,split_brain,0.000956311,0.000956311,4,4,4,1
sel_nbh_k4_n256_privileged,31074,22,split_brain,0.000769142,0.000769142,5,5,5,1
sel_nbh_k4_n256_privileged,31075,2,cascade,0.000549319,0.000549319,8,8,8,1
sel_nbh_k4_n256_privileged,31077,0,cascade,0.000823189,0.000823189,3,3,3,1
sel_nbh_k4_n256_privileged,31077,27,compound,0.000164648,0.000164648,4,4,4,0
sel_nbh_k4_n256_privileged,31078,16,compound,0.000922518,0.000922518,3,3,3,1
sel_nbh_k4_n256_privileged,31078,18,cascade,0.000154273,0.000154273,5,5,5,1
sel_nbh_k4_n256_privileged,31079,6,split_brain,0.000347167,0.000347167,3,3,3,1
sel_nbh_k4_n256_privileged,31079,12,split_brain,0.000401611,0.000401611,3,3,3,1
sel_nbh_k4_n256_privileged,31080,9,compound,0.000205521,0.000205521,4,4,4,1
sel_nbh_k4_n256_privileged,31080,30,compound,0.000188756,0.000188756,5,5,5,1
sel_nbh_k4_n256_privileged,31081,11,compound,3.122568526,5.8532e-05,5,5,5,0
sel_nbh_k4_n256_privileged,31081,17,compound,0.000351289,0.000351289,6,6,6,1
sel_nbh_k4_n256_privileged,31081,18,cascade,9.8183e-05,9.8183e-05,10,10,10,1
sel_nbh_k4_n256_privileged,31082,12,split_brain,0.000450335,0.000450335,7,7,7,1
sel_nbh_k4_n256_privileged,31082,18,compound,0.000979782,0.000979782,8,8,8,1
sel_nbh_k4_n256_privileged,31083,10,compound,0.000887283,0.000887283,4,4,4,1
sel_nbh_k4_n256_privileged,31083,12,compound,0.000737189,0.000737189,5,5,5,1
sel_nbh_k4_n256_privileged,31083,21,cascade,0.000466354,0.000466354,7,7,7,1
sel_nbh_k4_n256_privileged,31084,9,compound,0.00021199,0.00021199,4,4,4,1
sel_nbh_k4_n256_privileged,31084,15,compound,0.00090706,0.00090706,4,4,4,1
sel_nbh_k4_n256_privileged,31084,24,compound,0.000808394,0.000808394,6,6,6,1
sel_nbh_k4_n256_privileged,31084,27,split_brain,0.000337125,0.000337125,7,7,7,1
sel_nbh_k4_n256_privileged,31085,20,split_brain,0.000785102,0.000785102,6,6,1,1
sel_nbh_k4_n256_privileged,31086,21,split_brain,0.000170231,0.000170231,8,8,8,1
sel_nbh_k4_n256_privileged,31086,31,compound,0.000742201,0.000742201,4,4,4,1
sel_nbh_k4_n256_privileged,31087,1,cascade,0.000771684,0.000771684,5,5,5,1
sel_nbh_k4_n256_privileged,31088,33,compound,0.00089654,0.00089654,5,5,5,1
sel_nbh_k4_n256_privileged,31089,23,compound,0.000534224,0.000534224,5,5,5,1
sel_nbh_k4_n256_privileged,31089,34,compound,0.000698457,0.000698457,5,5,5,1
sel_nbh_k4_n256_privileged,31090,6,compound,0.00061279,0.00061279,4,4,4,1
sel_nbh_k4_n256_privileged,31090,11,compound,0.00091852,0.00091852,7,7,7,1
sel_nbh_k4_n256_privileged,31090,22,compound,0.000916407,0.000916407,4,4,4,1
sel_nbh_k4_n256_privileged,31090,23,split_brain,0.000990747,0.000990747,6,6,6,1
sel_nbh_k4_n256_privileged,31091,4,compound,0.000944744,0.000944744,4,4,4,1
sel_nbh_k4_n256_privileged,31091,10,cascade,0.000682439,0.000682439,5,5,5,1
sel_nbh_k4_n256_privileged,31091,14,compound,0.000872162,0.000872162,7,7,7,1
sel_nbh_k4_n256_privileged,31093,13,split_brain,0.000257674,0.000257674,8,8,8,1
sel_nbh_k4_n256_privileged,31095,0,compound,0.000335793,0.000335793,5,5,5,1
sel_nbh_k4_n256_privileged,31095,2,compound,0.00055841,0.00055841,4,4,4,1
sel_nbh_k4_n256_privileged,31096,18,split_brain,3.1604e-05,3.1604e-05,6,6,6,1
sel_nbh_k4_n256_privileged,31097,1,compound,0.000565917,0.000565917,5,5,5,1
sel_nbh_k4_n256_privileged,31097,4,compound,11.928299908,0.000128386,6,6,5,0
sel_nbh_k4_n256_privileged,31097,9,compound,0.000804488,0.000804488,6,6,6,1
sel_nbh_k4_n256_privileged,31097,12,compound,8.4558e-05,8.4558e-05,6,6,6,1
sel_nbh_k4_n256_privileged,31097,22,split_brain,0.000861302,0.000861302,7,7,7,1
sel_nbh_k4_n256_privileged,31099,2,compound,0.000765038,0.000765038,3,3,3,0
sel_nbh_k4_n256_privileged,31099,14,compound,0.000362285,0.000362285,5,5,5,1
sel_nbh_k4_n256_privileged,31099,19,cascade,0.000652677,0.000652677,4,4,4,1
sel_rung_privileged,31002,14,split_brain,0.000985367,0.000985367,7,7,2,1
sel_rung_privileged,31003,5,split_brain,0.000245269,0.000245269,6,6,2,1
sel_rung_privileged,31003,13,split_brain,0.000458852,0.000458852,7,7,2,0
sel_rung_privileged,31003,15,split_brain,0.000198206,0.000198206,6,6,2,1
sel_rung_privileged,31004,22,split_brain,0.000797765,0.000797765,3,3,2,1
sel_rung_privileged,31005,21,compound,4.1602e-05,4.1602e-05,5,5,5,1
sel_rung_privileged,31005,26,split_brain,0.000487466,0.000487466,8,8,3,0
sel_rung_privileged,31006,15,split_brain,0.000353093,0.000353093,8,8,3,1
sel_rung_privileged,31008,19,compound,0.000718197,0.000718197,4,4,4,1
sel_rung_privileged,31009,18,cascade,0.000270023,0.000270023,6,6,2,0
sel_rung_privileged,31009,21,split_brain,0.000382008,0.000382008,8,8,3,0
sel_rung_privileged,31010,9,cascade,0.000429618,0.000429618,6,6,2,0
sel_rung_privileged,31011,16,compound,0.000521539,0.000521539,7,7,7,1
sel_rung_privileged,31013,15,split_brain,0.000773109,0.000773109,7,7,2,1
sel_rung_privileged,31013,23,split_brain,0.000385431,0.000385431,8,8,3,1
sel_rung_privileged,31014,3,split_brain,0.000802589,0.000802589,7,7,2,0
sel_rung_privileged,31014,7,cascade,0.000408112,0.000408112,8,8,3,0
sel_rung_privileged,31015,2,split_brain,0.000326021,0.000326021,4,4,2,1
sel_rung_privileged,31015,17,split_brain,0.000788751,0.000788751,4,4,2,0
sel_rung_privileged,31016,5,compound,0.000855829,0.000855829,4,4,4,1
sel_rung_privileged,31016,19,cascade,0.000971491,0.000971491,9,9,2,0
sel_rung_privileged,31016,21,compound,0.000489712,0.000489712,4,4,4,1
sel_rung_privileged,31017,12,split_brain,0.000478891,0.000478891,4,4,2,1
sel_rung_privileged,31019,9,split_brain,0.000376322,0.000376322,8,8,3,1
sel_rung_privileged,31019,13,cascade,0.000615616,0.000615616,10,10,3,0
sel_rung_privileged,31020,10,split_brain,0.000659951,0.000659951,7,7,2,1
sel_rung_privileged,31022,18,cascade,0.00031404,0.00031404,6,6,2,0
sel_rung_privileged,31024,7,cascade,0.000156405,0.000156405,5,5,2,0
sel_rung_privileged,31024,13,cascade,0.000509972,0.000509972,5,5,2,0
sel_rung_privileged,31025,5,cascade,4.6638e-05,4.6638e-05,3,3,2,0
sel_rung_privileged,31026,7,split_brain,0.000852064,0.000852064,7,7,2,1
sel_rung_privileged,31026,15,split_brain,0.00070229,0.00070229,3,3,2,0
sel_rung_privileged,31026,26,compound,0.000740213,0.000740213,5,5,5,1
sel_rung_privileged,31026,28,split_brain,0.000899903,0.000899903,8,8,3,0
sel_rung_privileged,31026,28,split_brain,55.037286636,0.000899903,8,8,0,0
sel_rung_privileged,31027,8,cascade,0.000740014,0.000740014,5,5,3,0
sel_rung_privileged,31028,9,split_brain,0.000134873,0.000134873,8,8,3,1
sel_rung_privileged,31030,10,split_brain,0.000933244,0.000933244,7,7,2,1
sel_rung_privileged,31031,6,cascade,0.000953806,0.000953806,9,9,3,0
sel_rung_privileged,31031,24,compound,6.7539e-05,6.7539e-05,8,8,8,1
sel_rung_privileged,31033,2,split_brain,0.000249165,0.000249165,6,6,2,1
sel_rung_privileged,31033,9,compound,0.000517626,0.000517626,4,4,4,1
sel_rung_privileged,31033,24,compound,8.5544e-05,8.5544e-05,3,3,3,1
sel_rung_privileged,31034,7,compound,14.194255582,0.000626522,5,5,3,1
sel_rung_privileged,31035,2,cascade,8.9159e-05,8.9159e-05,8,8,2,0
sel_rung_privileged,31036,5,cascade,7.442e-06,7.442e-06,8,8,2,0
sel_rung_privileged,31038,9,split_brain,0.000329714,0.000329714,5,5,3,0
sel_rung_privileged,31038,12,compound,0.0005292,0.0005292,3,3,3,1
sel_rung_privileged,31040,5,split_brain,9.1757e-05,9.1757e-05,3,3,2,1
sel_rung_privileged,31040,9,split_brain,0.000776744,0.000776744,3,3,2,0
sel_rung_privileged,31040,12,split_brain,0.000893548,0.000893548,6,6,2,0
sel_rung_privileged,31041,1,compound,8.899e-06,8.899e-06,8,8,8,1
sel_rung_privileged,31041,5,compound,0.000295657,0.000295657,7,7,7,1
sel_rung_privileged,31042,10,compound,0.000736664,0.000736664,3,3,3,1
sel_rung_privileged,31042,11,compound,0.0006878,0.0006878,4,4,4,1
sel_rung_privileged,31042,19,compound,0.000729912,0.000729912,4,4,4,1
sel_rung_privileged,31042,21,compound,0.000971783,0.000971783,4,4,4,1
sel_rung_privileged,31043,6,cascade,0.000123772,0.000123772,4,4,2,0
sel_rung_privileged,31044,10,split_brain,15.903382478,0.000946347,4,4,1,0
sel_rung_privileged,31045,22,compound,0.000737476,0.000737476,6,6,6,1
sel_rung_privileged,31046,0,compound,0.000598884,0.000598884,8,8,8,1
sel_rung_privileged,31046,12,compound,0.000673551,0.000673551,6,6,6,1
sel_rung_privileged,31046,26,compound,0.000920539,0.000920539,5,5,5,1
sel_rung_privileged,31046,33,compound,0.00035515,0.00035515,5,5,5,1
sel_rung_privileged,31047,27,compound,0.000919178,0.000919178,4,4,4,1
sel_rung_privileged,31047,31,compound,0.000423434,0.000423434,5,5,5,1
sel_rung_privileged,31048,13,compound,0.000385991,0.000385991,6,6,6,1
sel_rung_privileged,31048,18,cascade,0.000709337,0.000709337,9,9,2,0
sel_rung_privileged,31048,34,compound,7.339768262,0.000739989,4,4,4,0
sel_rung_privileged,31049,29,cascade,0.000987555,0.000987555,8,8,2,0
sel_rung_privileged,31049,34,compound,0.000194391,0.000194391,5,5,5,1
sel_rung_privileged,31050,15,split_brain,0.000997186,0.000997186,5,5,3,1
sel_rung_privileged,31051,10,cascade,0.000476373,0.000476373,7,7,3,0
sel_rung_privileged,31051,13,split_brain,0.000292196,0.000292196,5,5,3,1
sel_rung_privileged,31051,19,split_brain,0.00094424,0.00094424,5,5,3,1
sel_rung_privileged,31051,25,split_brain,0.000823805,0.000823805,4,4,2,1
sel_rung_privileged,31051,29,split_brain,0.00078859,0.00078859,3,3,2,1
sel_rung_privileged,31052,0,split_brain,0.000420413,0.000420413,6,6,2,1
sel_rung_privileged,31052,6,split_brain,4.3443e-05,4.3443e-05,3,3,2,1
sel_rung_privileged,31052,10,split_brain,0.000838288,0.000838288,4,4,2,1
sel_rung_privileged,31052,20,compound,0.000511699,0.000511699,7,7,7,1
sel_rung_privileged,31056,13,compound,0.000247182,0.000247182,6,6,6,1
sel_rung_privileged,31058,9,split_brain,0.000704654,0.000704654,4,4,2,1
sel_rung_privileged,31058,11,compound,0.000496162,0.000496162,5,5,5,1
sel_rung_privileged,31058,17,cascade,0.000109171,0.000109171,4,4,2,0
sel_rung_privileged,31058,18,compound,0.000299933,0.000299933,5,5,5,1
sel_rung_privileged,31058,19,split_brain,0.000453473,0.000453473,6,6,2,0
sel_rung_privileged,31059,0,compound,0.000168303,0.000168303,3,3,3,1
sel_rung_privileged,31059,27,cascade,0.000789356,0.000789356,6,6,2,0
sel_rung_privileged,31059,33,split_brain,3.3506e-05,3.3506e-05,8,8,3,0
sel_rung_privileged,31061,21,split_brain,0.000800601,0.000800601,3,3,2,0
sel_rung_privileged,31061,23,split_brain,0.000384183,0.000384183,7,7,2,1
sel_rung_privileged,31062,15,compound,9.411e-05,9.411e-05,4,4,4,1
sel_rung_privileged,31063,2,compound,0.000893606,0.000893606,5,5,5,1
sel_rung_privileged,31064,0,compound,0.000548129,0.000548129,4,4,4,1
sel_rung_privileged,31064,8,compound,0.000731893,0.000731893,5,5,5,1
sel_rung_privileged,31065,2,cascade,0.000475141,0.000475141,8,8,3,0
sel_rung_privileged,31066,19,cascade,0.000685503,0.000685503,3,3,2,0
sel_rung_privileged,31068,2,split_brain,0.000745182,0.000745182,5,5,3,1
sel_rung_privileged,31068,11,split_brain,0.000219661,0.000219661,3,3,2,1
sel_rung_privileged,31068,15,cascade,0.000721251,0.000721251,7,7,2,0
sel_rung_privileged,31068,29,split_brain,0.097545107,0.000954386,4,4,2,0
sel_rung_privileged,31068,29,split_brain,0.000954386,0.000954386,4,4,2,0
sel_rung_privileged,31069,0,compound,0.000517485,0.000517485,4,4,4,1
sel_rung_privileged,31069,4,split_brain,5.4525e-05,5.4525e-05,6,6,2,1
sel_rung_privileged,31069,11,split_brain,0.00048008,0.00048008,5,5,3,1
sel_rung_privileged,31069,15,split_brain,0.000686811,0.000686811,7,7,2,1
sel_rung_privileged,31069,21,split_brain,0.000275925,0.000275925,6,6,2,1
sel_rung_privileged,31070,8,compound,0.000350114,0.000350114,6,6,6,1
sel_rung_privileged,31070,14,compound,0.000806058,0.000806058,7,7,7,1
sel_rung_privileged,31071,5,compound,0.000965871,0.000965871,5,5,5,1
sel_rung_privileged,31071,9,compound,0.000115378,0.000115378,5,5,5,1
sel_rung_privileged,31072,12,cascade,0.000959339,0.000959339,3,3,2,0
sel_rung_privileged,31072,19,cascade,0.000892001,0.000892001,5,5,2,0
sel_rung_privileged,31072,26,compound,0.000998842,0.000998842,6,6,6,1
sel_rung_privileged,31073,2,split_brain,0.022092804,0.000262592,4,4,2,0
sel_rung_privileged,31073,2,split_brain,0.000262592,0.000262592,4,4,2,1
sel_rung_privileged,31073,12,split_brain,0.000165123,0.000165123,5,5,3,1
sel_rung_privileged,31073,13,split_brain,0.000923855,0.000923855,3,3,2,1
sel_rung_privileged,31073,24,split_brain,0.000796152,0.000796152,5,5,3,1
sel_rung_privileged,31074,0,split_brain,0.000561953,0.000561953,4,4,2,1
sel_rung_privileged,31074,5,split_brain,0.000956311,0.000956311,4,4,2,1
sel_rung_privileged,31074,22,split_brain,0.000769142,0.000769142,5,5,3,0
sel_rung_privileged,31075,2,cascade,0.000549319,0.000549319,8,8,3,0
sel_rung_privileged,31077,0,cascade,0.000823189,0.000823189,3,3,2,0
sel_rung_privileged,31077,27,compound,0.000164648,0.000164648,4,4,4,1
sel_rung_privileged,31078,16,compound,0.000922518,0.000922518,3,3,3,1
sel_rung_privileged,31078,18,cascade,0.000154273,0.000154273,5,5,2,0
sel_rung_privileged,31079,6,split_brain,0.000347167,0.000347167,3,3,2,1
sel_rung_privileged,31079,12,split_brain,0.000401611,0.000401611,3,3,2,0
sel_rung_privileged,31080,9,compound,0.000205521,0.000205521,4,4,4,1
sel_rung_privileged,31080,30,compound,0.000188756,0.000188756,5,5,5,1
sel_rung_privileged,31081,11,compound,3.122568526,5.8532e-05,5,5,5,1
sel_rung_privileged,31081,17,compound,0.000351289,0.000351289,6,6,6,1
sel_rung_privileged,31081,18,cascade,9.8183e-05,9.8183e-05,10,10,3,0
sel_rung_privileged,31082,12,split_brain,0.000450335,0.000450335,7,7,2,0
sel_rung_privileged,31082,18,compound,0.000979782,0.000979782,8,8,8,1
sel_rung_privileged,31083,10,compound,0.000887283,0.000887283,4,4,4,1
sel_rung_privileged,31083,12,compound,0.000737189,0.000737189,5,5,5,1
sel_rung_privileged,31083,21,cascade,0.000466354,0.000466354,7,7,3,0
sel_rung_privileged,31084,9,compound,0.00021199,0.00021199,4,4,4,1
sel_rung_privileged,31084,15,compound,0.00090706,0.00090706,4,4,4,1
sel_rung_privileged,31084,24,compound,0.000808394,0.000808394,6,6,6,1
sel_rung_privileged,31084,27,split_brain,0.000337125,0.000337125,7,7,2,1
sel_rung_privileged,31085,20,split_brain,0.000785102,0.000785102,6,6,2,1
sel_rung_privileged,31086,21,split_brain,0.000170231,0.000170231,8,8,3,1
sel_rung_privileged,31086,31,compound,0.000742201,0.000742201,4,4,4,1
sel_rung_privileged,31087,1,cascade,0.000771684,0.000771684,5,5,3,0
sel_rung_privileged,31088,33,compound,0.00089654,0.00089654,5,5,5,1
sel_rung_privileged,31089,23,compound,0.000534224,0.000534224,5,5,5,1
sel_rung_privileged,31089,34,compound,0.000698457,0.000698457,5,5,5,1
sel_rung_privileged,31090,6,compound,0.00061279,0.00061279,4,4,4,1
sel_rung_privileged,31090,11,compound,0.00091852,0.00091852,7,7,7,1
sel_rung_privileged,31090,22,compound,0.000916407,0.000916407,4,4,4,1
sel_rung_privileged,31090,23,split_brain,0.000990747,0.000990747,6,6,2,1
sel_rung_privileged,31091,4,compound,0.000944744,0.000944744,4,4,4,1
sel_rung_privileged,31091,10,cascade,0.000682439,0.000682439,5,5,2,0
sel_rung_privileged,31091,14,compound,0.000872162,0.000872162,7,7,7,1
sel_rung_privileged,31093,13,split_brain,0.000257674,0.000257674,8,8,3,0
sel_rung_privileged,31095,0,compound,0.000335793,0.000335793,5,5,5,1
sel_rung_privileged,31095,2,compound,0.00055841,0.00055841,4,4,4,1
sel_rung_privileged,31096,18,split_brain,3.1604e-05,3.1604e-05,6,6,2,0
sel_rung_privileged,31097,1,compound,0.000565917,0.000565917,5,5,5,1
sel_rung_privileged,31097,4,compound,11.928299908,0.000128386,6,6,5,0
sel_rung_privileged,31097,9,compound,0.000804488,0.000804488,6,6,6,1
sel_rung_privileged,31097,12,compound,8.4558e-05,8.4558e-05,6,6,6,1
sel_rung_privileged,31097,22,split_brain,0.000861302,0.000861302,7,7,2,0
sel_rung_privileged,31099,2,compound,0.000765038,0.000765038,3,3,3,1
sel_rung_privileged,31099,14,compound,0.000362285,0.000362285,5,5,5,1
sel_rung_privileged,31099,19,cascade,0.000652677,0.000652677,4,4,2,0
sel_win_w40_n256_privileged,31002,14,split_brain,0.000985367,0.000985367,7,7,7,1
sel_win_w40_n256_privileged,31003,5,split_brain,0.000245269,0.000245269,6,6,6,1
sel_win_w40_n256_privileged,31003,13,split_brain,0.000458852,0.000458852,7,7,7,1
sel_win_w40_n256_privileged,31003,15,split_brain,0.000198206,0.000198206,6,6,6,1
sel_win_w40_n256_privileged,31004,22,split_brain,0.000797765,0.000797765,3,3,3,1
sel_win_w40_n256_privileged,31005,21,compound,4.1602e-05,4.1602e-05,5,5,5,1
sel_win_w40_n256_privileged,31005,26,split_brain,0.000487466,0.000487466,8,8,8,1
sel_win_w40_n256_privileged,31006,15,split_brain,0.000353093,0.000353093,8,8,8,1
sel_win_w40_n256_privileged,31008,19,compound,0.000718197,0.000718197,4,4,4,1
sel_win_w40_n256_privileged,31009,18,cascade,0.000270023,0.000270023,6,6,6,1
sel_win_w40_n256_privileged,31009,21,split_brain,0.000382008,0.000382008,8,8,8,1
sel_win_w40_n256_privileged,31010,9,cascade,0.000429618,0.000429618,6,6,6,0
sel_win_w40_n256_privileged,31011,16,compound,0.000521539,0.000521539,7,7,7,1
sel_win_w40_n256_privileged,31013,15,split_brain,0.000773109,0.000773109,7,7,7,1
sel_win_w40_n256_privileged,31013,23,split_brain,0.000385431,0.000385431,8,8,8,1
sel_win_w40_n256_privileged,31014,3,split_brain,0.000802589,0.000802589,7,7,7,1
sel_win_w40_n256_privileged,31014,7,cascade,0.000408112,0.000408112,8,8,8,1
sel_win_w40_n256_privileged,31015,2,split_brain,0.000326021,0.000326021,4,4,4,1
sel_win_w40_n256_privileged,31015,17,split_brain,0.000788751,0.000788751,4,4,4,1
sel_win_w40_n256_privileged,31016,5,compound,0.000855829,0.000855829,4,4,4,1
sel_win_w40_n256_privileged,31016,19,cascade,0.000971491,0.000971491,9,9,9,1
sel_win_w40_n256_privileged,31016,21,compound,0.000489712,0.000489712,4,4,4,1
sel_win_w40_n256_privileged,31017,12,split_brain,0.000478891,0.000478891,4,4,4,1
sel_win_w40_n256_privileged,31019,9,split_brain,0.000376322,0.000376322,8,8,8,1
sel_win_w40_n256_privileged,31019,13,cascade,0.000615616,0.000615616,10,10,10,1
sel_win_w40_n256_privileged,31020,10,split_brain,0.000659951,0.000659951,7,7,7,1
sel_win_w40_n256_privileged,31022,18,cascade,0.00031404,0.00031404,6,6,6,1
sel_win_w40_n256_privileged,31024,7,cascade,0.000156405,0.000156405,5,5,5,1
sel_win_w40_n256_privileged,31024,13,cascade,0.000509972,0.000509972,5,5,5,0
sel_win_w40_n256_privileged,31025,5,cascade,4.6638e-05,4.6638e-05,3,3,3,1
sel_win_w40_n256_privileged,31026,7,split_brain,0.000852064,0.000852064,7,7,1,0
sel_win_w40_n256_privileged,31026,15,split_brain,0.00070229,0.00070229,3,3,3,1
sel_win_w40_n256_privileged,31026,26,compound,0.000740213,0.000740213,5,5,5,1
sel_win_w40_n256_privileged,31026,28,split_brain,0.000899903,0.000899903,8,8,2,0
sel_win_w40_n256_privileged,31026,28,split_brain,55.037286636,0.000899903,8,8,0,0
sel_win_w40_n256_privileged,31027,8,cascade,0.000740014,0.000740014,5,5,5,1
sel_win_w40_n256_privileged,31028,9,split_brain,0.000134873,0.000134873,8,8,8,1
sel_win_w40_n256_privileged,31030,10,split_brain,0.000933244,0.000933244,7,7,7,1
sel_win_w40_n256_privileged,31031,6,cascade,0.000953806,0.000953806,9,9,9,1
sel_win_w40_n256_privileged,31031,24,compound,6.7539e-05,6.7539e-05,8,8,8,1
sel_win_w40_n256_privileged,31033,2,split_brain,0.000249165,0.000249165,6,6,6,1
sel_win_w40_n256_privileged,31033,9,compound,0.000517626,0.000517626,4,4,4,1
sel_win_w40_n256_privileged,31033,24,compound,8.5544e-05,8.5544e-05,3,3,3,1
sel_win_w40_n256_privileged,31034,7,compound,14.194255582,0.000626522,5,5,5,0
sel_win_w40_n256_privileged,31035,2,cascade,8.9159e-05,8.9159e-05,8,8,8,1
sel_win_w40_n256_privileged,31036,5,cascade,7.442e-06,7.442e-06,8,8,8,1
sel_win_w40_n256_privileged,31038,9,split_brain,0.000329714,0.000329714,5,5,5,1
sel_win_w40_n256_privileged,31038,12,compound,0.0005292,0.0005292,3,3,3,1
sel_win_w40_n256_privileged,31040,5,split_brain,9.1757e-05,9.1757e-05,3,3,3,1
sel_win_w40_n256_privileged,31040,9,split_brain,0.000776744,0.000776744,3,3,0,0
sel_win_w40_n256_privileged,31040,12,split_brain,0.000893548,0.000893548,6,6,6,1
sel_win_w40_n256_privileged,31041,1,compound,8.899e-06,8.899e-06,8,8,8,1
sel_win_w40_n256_privileged,31041,5,compound,0.000295657,0.000295657,7,7,7,1
sel_win_w40_n256_privileged,31042,10,compound,0.000736664,0.000736664,3,3,3,1
sel_win_w40_n256_privileged,31042,11,compound,0.0006878,0.0006878,4,4,4,1
sel_win_w40_n256_privileged,31042,19,compound,0.000729912,0.000729912,4,4,4,1
sel_win_w40_n256_privileged,31042,21,compound,0.000971783,0.000971783,4,4,4,1
sel_win_w40_n256_privileged,31043,6,cascade,0.000123772,0.000123772,4,4,4,1
sel_win_w40_n256_privileged,31044,10,split_brain,15.903382478,0.000946347,4,4,3,0
sel_win_w40_n256_privileged,31045,22,compound,0.000737476,0.000737476,6,6,6,1
sel_win_w40_n256_privileged,31046,0,compound,0.000598884,0.000598884,8,8,8,1
sel_win_w40_n256_privileged,31046,12,compound,0.000673551,0.000673551,6,6,6,1
sel_win_w40_n256_privileged,31046,26,compound,0.000920539,0.000920539,5,5,5,1
sel_win_w40_n256_privileged,31046,33,compound,0.00035515,0.00035515,5,5,5,1
sel_win_w40_n256_privileged,31047,27,compound,0.000919178,0.000919178,4,4,4,1
sel_win_w40_n256_privileged,31047,31,compound,0.000423434,0.000423434,5,5,5,1
sel_win_w40_n256_privileged,31048,13,compound,0.000385991,0.000385991,6,6,6,1
sel_win_w40_n256_privileged,31048,18,cascade,0.000709337,0.000709337,9,9,9,1
sel_win_w40_n256_privileged,31048,34,compound,7.339768262,0.000739989,4,4,4,0
sel_win_w40_n256_privileged,31049,29,cascade,0.000987555,0.000987555,8,8,8,1
sel_win_w40_n256_privileged,31049,34,compound,0.000194391,0.000194391,5,5,5,1
sel_win_w40_n256_privileged,31050,15,split_brain,0.000997186,0.000997186,5,5,5,1
sel_win_w40_n256_privileged,31051,10,cascade,0.000476373,0.000476373,7,7,7,0
sel_win_w40_n256_privileged,31051,13,split_brain,0.000292196,0.000292196,5,5,0,0
sel_win_w40_n256_privileged,31051,19,split_brain,0.00094424,0.00094424,5,5,5,1
sel_win_w40_n256_privileged,31051,25,split_brain,0.000823805,0.000823805,4,4,4,1
sel_win_w40_n256_privileged,31051,29,split_brain,0.00078859,0.00078859,3,3,3,1
sel_win_w40_n256_privileged,31052,0,split_brain,0.000420413,0.000420413,6,6,6,1
sel_win_w40_n256_privileged,31052,6,split_brain,4.3443e-05,4.3443e-05,3,3,3,1
sel_win_w40_n256_privileged,31052,10,split_brain,0.000838288,0.000838288,4,4,4,1
sel_win_w40_n256_privileged,31052,20,compound,0.000511699,0.000511699,7,7,7,1
sel_win_w40_n256_privileged,31056,13,compound,0.000247182,0.000247182,6,6,6,1
sel_win_w40_n256_privileged,31058,9,split_brain,0.000704654,0.000704654,4,4,4,1
sel_win_w40_n256_privileged,31058,11,compound,0.000496162,0.000496162,5,5,5,1
sel_win_w40_n256_privileged,31058,17,cascade,0.000109171,0.000109171,4,4,4,1
sel_win_w40_n256_privileged,31058,18,compound,0.000299933,0.000299933,5,5,5,1
sel_win_w40_n256_privileged,31058,19,split_brain,0.000453473,0.000453473,6,6,6,1
sel_win_w40_n256_privileged,31059,0,compound,0.000168303,0.000168303,3,3,3,1
sel_win_w40_n256_privileged,31059,27,cascade,0.000789356,0.000789356,6,6,6,1
sel_win_w40_n256_privileged,31059,33,split_brain,3.3506e-05,3.3506e-05,8,8,8,1
sel_win_w40_n256_privileged,31061,21,split_brain,0.000800601,0.000800601,3,3,3,1
sel_win_w40_n256_privileged,31061,23,split_brain,0.000384183,0.000384183,7,7,7,1
sel_win_w40_n256_privileged,31062,15,compound,9.411e-05,9.411e-05,4,4,4,1
sel_win_w40_n256_privileged,31063,2,compound,0.000893606,0.000893606,5,5,5,0
sel_win_w40_n256_privileged,31064,0,compound,0.000548129,0.000548129,4,4,4,1
sel_win_w40_n256_privileged,31064,8,compound,0.000731893,0.000731893,5,5,5,1
sel_win_w40_n256_privileged,31065,2,cascade,0.000475141,0.000475141,8,8,8,1
sel_win_w40_n256_privileged,31066,19,cascade,0.000685503,0.000685503,3,3,3,1
sel_win_w40_n256_privileged,31068,2,split_brain,0.000745182,0.000745182,5,5,5,1
sel_win_w40_n256_privileged,31068,11,split_brain,0.000219661,0.000219661,3,3,3,1
sel_win_w40_n256_privileged,31068,15,cascade,0.000721251,0.000721251,7,7,7,1
sel_win_w40_n256_privileged,31068,29,split_brain,0.097545107,0.000954386,4,4,4,1
sel_win_w40_n256_privileged,31068,29,split_brain,0.000954386,0.000954386,4,4,4,1
sel_win_w40_n256_privileged,31069,0,compound,0.000517485,0.000517485,4,4,4,1
sel_win_w40_n256_privileged,31069,4,split_brain,5.4525e-05,5.4525e-05,6,6,6,1
sel_win_w40_n256_privileged,31069,11,split_brain,0.00048008,0.00048008,5,5,5,1
sel_win_w40_n256_privileged,31069,15,split_brain,0.000686811,0.000686811,7,7,7,1
sel_win_w40_n256_privileged,31069,21,split_brain,0.000275925,0.000275925,6,6,6,1
sel_win_w40_n256_privileged,31070,8,compound,0.000350114,0.000350114,6,6,6,1
sel_win_w40_n256_privileged,31070,14,compound,0.000806058,0.000806058,7,7,7,1
sel_win_w40_n256_privileged,31071,5,compound,0.000965871,0.000965871,5,5,5,0
sel_win_w40_n256_privileged,31071,9,compound,0.000115378,0.000115378,5,5,5,1
sel_win_w40_n256_privileged,31072,12,cascade,0.000959339,0.000959339,3,3,3,1
sel_win_w40_n256_privileged,31072,19,cascade,0.000892001,0.000892001,5,5,5,1
sel_win_w40_n256_privileged,31072,26,compound,0.000998842,0.000998842,6,6,6,1
sel_win_w40_n256_privileged,31073,2,split_brain,0.022092804,0.000262592,4,4,4,1
sel_win_w40_n256_privileged,31073,2,split_brain,0.000262592,0.000262592,4,4,4,1
sel_win_w40_n256_privileged,31073,12,split_brain,0.000165123,0.000165123,5,5,5,1
sel_win_w40_n256_privileged,31073,13,split_brain,0.000923855,0.000923855,3,3,3,1
sel_win_w40_n256_privileged,31073,24,split_brain,0.000796152,0.000796152,5,5,5,1
sel_win_w40_n256_privileged,31074,0,split_brain,0.000561953,0.000561953,4,4,4,1
sel_win_w40_n256_privileged,31074,5,split_brain,0.000956311,0.000956311,4,4,4,1
sel_win_w40_n256_privileged,31074,22,split_brain,0.000769142,0.000769142,5,5,5,1
sel_win_w40_n256_privileged,31075,2,cascade,0.000549319,0.000549319,8,8,8,1
sel_win_w40_n256_privileged,31077,0,cascade,0.000823189,0.000823189,3,3,3,1
sel_win_w40_n256_privileged,31077,27,compound,0.000164648,0.000164648,4,4,4,0
sel_win_w40_n256_privileged,31078,16,compound,0.000922518,0.000922518,3,3,3,1
sel_win_w40_n256_privileged,31078,18,cascade,0.000154273,0.000154273,5,5,5,1
sel_win_w40_n256_privileged,31079,6,split_brain,0.000347167,0.000347167,3,3,3,1
sel_win_w40_n256_privileged,31079,12,split_brain,0.000401611,0.000401611,3,3,3,1
sel_win_w40_n256_privileged,31080,9,compound,0.000205521,0.000205521,4,4,4,1
sel_win_w40_n256_privileged,31080,30,compound,0.000188756,0.000188756,5,5,5,1
sel_win_w40_n256_privileged,31081,11,compound,3.122568526,5.8532e-05,5,5,5,0
sel_win_w40_n256_privileged,31081,17,compound,0.000351289,0.000351289,6,6,6,1
sel_win_w40_n256_privileged,31081,18,cascade,9.8183e-05,9.8183e-05,10,10,10,1
sel_win_w40_n256_privileged,31082,12,split_brain,0.000450335,0.000450335,7,7,7,1
sel_win_w40_n256_privileged,31082,18,compound,0.000979782,0.000979782,8,8,8,1
sel_win_w40_n256_privileged,31083,10,compound,0.000887283,0.000887283,4,4,4,0
sel_win_w40_n256_privileged,31083,12,compound,0.000737189,0.000737189,5,5,5,1
sel_win_w40_n256_privileged,31083,21,cascade,0.000466354,0.000466354,7,7,7,1
sel_win_w40_n256_privileged,31084,9,compound,0.00021199,0.00021199,4,4,4,1
sel_win_w40_n256_privileged,31084,15,compound,0.00090706,0.00090706,4,4,4,1
sel_win_w40_n256_privileged,31084,24,compound,0.000808394,0.000808394,6,6,6,1
sel_win_w40_n256_privileged,31084,27,split_brain,0.000337125,0.000337125,7,7,7,1
sel_win_w40_n256_privileged,31085,20,split_brain,0.000785102,0.000785102,6,6,3,1
sel_win_w40_n256_privileged,31086,21,split_brain,0.000170231,0.000170231,8,8,8,1
sel_win_w40_n256_privileged,31086,31,compound,0.000742201,0.000742201,4,4,4,1
sel_win_w40_n256_privileged,31087,1,cascade,0.000771684,0.000771684,5,5,5,1
sel_win_w40_n256_privileged,31088,33,compound,0.00089654,0.00089654,5,5,5,1
sel_win_w40_n256_privileged,31089,23,compound,0.000534224,0.000534224,5,5,5,1
sel_win_w40_n256_privileged,31089,34,compound,0.000698457,0.000698457,5,5,5,1
sel_win_w40_n256_privileged,31090,6,compound,0.00061279,0.00061279,4,4,4,1
sel_win_w40_n256_privileged,31090,11,compound,0.00091852,0.00091852,7,7,7,1
sel_win_w40_n256_privileged,31090,22,compound,0.000916407,0.000916407,4,4,4,1
sel_win_w40_n256_privileged,31090,23,split_brain,0.000990747,0.000990747,6,6,6,1
sel_win_w40_n256_privileged,31091,4,compound,0.000944744,0.000944744,4,4,4,1
sel_win_w40_n256_privileged,31091,10,cascade,0.000682439,0.000682439,5,5,5,1
sel_win_w40_n256_privileged,31091,14,compound,0.000872162,0.000872162,7,7,7,1
sel_win_w40_n256_privileged,31093,13,split_brain,0.000257674,0.000257674,8,8,8,1
sel_win_w40_n256_privileged,31095,0,compound,0.000335793,0.000335793,5,5,5,1
sel_win_w40_n256_privileged,31095,2,compound,0.00055841,0.00055841,4,4,4,1
sel_win_w40_n256_privileged,31096,18,split_brain,3.1604e-05,3.1604e-05,6,6,6,1
sel_win_w40_n256_privileged,31097,1,compound,0.000565917,0.000565917,5,5,5,1
sel_win_w40_n256_privileged,31097,4,compound,11.928299908,0.000128386,6,6,6,0
sel_win_w40_n256_privileged,31097,9,compound,0.000804488,0.000804488,6,6,6,1
sel_win_w40_n256_privileged,31097,12,compound,8.4558e-05,8.4558e-05,6,6,6,1
sel_win_w40_n256_privileged,31097,22,split_brain,0.000861302,0.000861302,7,7,7,1
sel_win_w40_n256_privileged,31099,2,compound,0.000765038,0.000765038,3,3,3,0
sel_win_w40_n256_privileged,31099,14,compound,0.000362285,0.000362285,5,5,5,1
sel_win_w40_n256_privileged,31099,19,cascade,0.000652677,0.000652677,4,4,4,1
sel_win_w80_n512_privileged,31002,14,split_brain,0.000985367,0.000985367,7,7,7,1
sel_win_w80_n512_privileged,31003,5,split_brain,0.000245269,0.000245269,6,6,6,1
sel_win_w80_n512_privileged,31003,13,split_brain,0.000458852,0.000458852,7,7,7,1
sel_win_w80_n512_privileged,31003,15,split_brain,0.000198206,0.000198206,6,6,6,1
sel_win_w80_n512_privileged,31004,22,split_brain,0.000797765,0.000797765,3,3,3,1
sel_win_w80_n512_privileged,31005,21,compound,4.1602e-05,4.1602e-05,5,5,5,1
sel_win_w80_n512_privileged,31005,26,split_brain,0.000487466,0.000487466,8,8,8,1
sel_win_w80_n512_privileged,31006,15,split_brain,0.000353093,0.000353093,8,8,8,1
sel_win_w80_n512_privileged,31008,19,compound,0.000718197,0.000718197,4,4,4,1
sel_win_w80_n512_privileged,31009,18,cascade,0.000270023,0.000270023,6,6,6,1
sel_win_w80_n512_privileged,31009,21,split_brain,0.000382008,0.000382008,8,8,8,1
sel_win_w80_n512_privileged,31010,9,cascade,0.000429618,0.000429618,6,6,6,0
sel_win_w80_n512_privileged,31011,16,compound,0.000521539,0.000521539,7,7,7,1
sel_win_w80_n512_privileged,31013,15,split_brain,0.000773109,0.000773109,7,7,7,1
sel_win_w80_n512_privileged,31013,23,split_brain,0.000385431,0.000385431,8,8,8,1
sel_win_w80_n512_privileged,31014,3,split_brain,0.000802589,0.000802589,7,7,7,1
sel_win_w80_n512_privileged,31014,7,cascade,0.000408112,0.000408112,8,8,8,1
sel_win_w80_n512_privileged,31015,2,split_brain,0.000326021,0.000326021,4,4,4,1
sel_win_w80_n512_privileged,31015,17,split_brain,0.000788751,0.000788751,4,4,4,1
sel_win_w80_n512_privileged,31016,5,compound,0.000855829,0.000855829,4,4,4,1
sel_win_w80_n512_privileged,31016,19,cascade,0.000971491,0.000971491,9,9,9,1
sel_win_w80_n512_privileged,31016,21,compound,0.000489712,0.000489712,4,4,4,1
sel_win_w80_n512_privileged,31017,12,split_brain,0.000478891,0.000478891,4,4,4,1
sel_win_w80_n512_privileged,31019,9,split_brain,0.000376322,0.000376322,8,8,8,1
sel_win_w80_n512_privileged,31019,13,cascade,0.000615616,0.000615616,10,10,10,1
sel_win_w80_n512_privileged,31020,10,split_brain,0.000659951,0.000659951,7,7,7,1
sel_win_w80_n512_privileged,31022,18,cascade,0.00031404,0.00031404,6,6,6,1
sel_win_w80_n512_privileged,31024,7,cascade,0.000156405,0.000156405,5,5,5,1
sel_win_w80_n512_privileged,31024,13,cascade,0.000509972,0.000509972,5,5,5,0
sel_win_w80_n512_privileged,31025,5,cascade,4.6638e-05,4.6638e-05,3,3,3,1
sel_win_w80_n512_privileged,31026,7,split_brain,0.000852064,0.000852064,7,7,7,1
sel_win_w80_n512_privileged,31026,15,split_brain,0.00070229,0.00070229,3,3,3,1
sel_win_w80_n512_privileged,31026,26,compound,0.000740213,0.000740213,5,5,5,1
sel_win_w80_n512_privileged,31026,28,split_brain,0.000899903,0.000899903,8,8,8,1
sel_win_w80_n512_privileged,31026,28,split_brain,55.037286636,0.000899903,8,8,0,0
sel_win_w80_n512_privileged,31027,8,cascade,0.000740014,0.000740014,5,5,5,1
sel_win_w80_n512_privileged,31028,9,split_brain,0.000134873,0.000134873,8,8,8,1
sel_win_w80_n512_privileged,31030,10,split_brain,0.000933244,0.000933244,7,7,7,1
sel_win_w80_n512_privileged,31031,6,cascade,0.000953806,0.000953806,9,9,9,1
sel_win_w80_n512_privileged,31031,24,compound,6.7539e-05,6.7539e-05,8,8,8,1
sel_win_w80_n512_privileged,31033,2,split_brain,0.000249165,0.000249165,6,6,6,1
sel_win_w80_n512_privileged,31033,9,compound,0.000517626,0.000517626,4,4,4,1
sel_win_w80_n512_privileged,31033,24,compound,8.5544e-05,8.5544e-05,3,3,3,1
sel_win_w80_n512_privileged,31034,7,compound,14.194255582,0.000626522,5,5,5,0
sel_win_w80_n512_privileged,31035,2,cascade,8.9159e-05,8.9159e-05,8,8,8,1
sel_win_w80_n512_privileged,31036,5,cascade,7.442e-06,7.442e-06,8,8,8,1
sel_win_w80_n512_privileged,31038,9,split_brain,0.000329714,0.000329714,5,5,5,1
sel_win_w80_n512_privileged,31038,12,compound,0.0005292,0.0005292,3,3,3,1
sel_win_w80_n512_privileged,31040,5,split_brain,9.1757e-05,9.1757e-05,3,3,3,1
sel_win_w80_n512_privileged,31040,9,split_brain,0.000776744,0.000776744,3,3,3,1
sel_win_w80_n512_privileged,31040,12,split_brain,0.000893548,0.000893548,6,6,6,1
sel_win_w80_n512_privileged,31041,1,compound,8.899e-06,8.899e-06,8,8,8,1
sel_win_w80_n512_privileged,31041,5,compound,0.000295657,0.000295657,7,7,7,1
sel_win_w80_n512_privileged,31042,10,compound,0.000736664,0.000736664,3,3,3,1
sel_win_w80_n512_privileged,31042,11,compound,0.0006878,0.0006878,4,4,4,1
sel_win_w80_n512_privileged,31042,19,compound,0.000729912,0.000729912,4,4,4,1
sel_win_w80_n512_privileged,31042,21,compound,0.000971783,0.000971783,4,4,4,1
sel_win_w80_n512_privileged,31043,6,cascade,0.000123772,0.000123772,4,4,4,1
sel_win_w80_n512_privileged,31044,10,split_brain,15.903382478,0.000946347,4,4,4,0
sel_win_w80_n512_privileged,31045,22,compound,0.000737476,0.000737476,6,6,6,1
sel_win_w80_n512_privileged,31046,0,compound,0.000598884,0.000598884,8,8,8,1
sel_win_w80_n512_privileged,31046,12,compound,0.000673551,0.000673551,6,6,6,1
sel_win_w80_n512_privileged,31046,26,compound,0.000920539,0.000920539,5,5,5,1
sel_win_w80_n512_privileged,31046,33,compound,0.00035515,0.00035515,5,5,5,1
sel_win_w80_n512_privileged,31047,27,compound,0.000919178,0.000919178,4,4,4,1
sel_win_w80_n512_privileged,31047,31,compound,0.000423434,0.000423434,5,5,5,1
sel_win_w80_n512_privileged,31048,13,compound,0.000385991,0.000385991,6,6,6,1
sel_win_w80_n512_privileged,31048,18,cascade,0.000709337,0.000709337,9,9,9,1
sel_win_w80_n512_privileged,31048,34,compound,7.339768262,0.000739989,4,4,4,0
sel_win_w80_n512_privileged,31049,29,cascade,0.000987555,0.000987555,8,8,8,1
sel_win_w80_n512_privileged,31049,34,compound,0.000194391,0.000194391,5,5,5,1
sel_win_w80_n512_privileged,31050,15,split_brain,0.000997186,0.000997186,5,5,5,1
sel_win_w80_n512_privileged,31051,10,cascade,0.000476373,0.000476373,7,7,7,0
sel_win_w80_n512_privileged,31051,13,split_brain,0.000292196,0.000292196,5,5,5,1
sel_win_w80_n512_privileged,31051,19,split_brain,0.00094424,0.00094424,5,5,5,1
sel_win_w80_n512_privileged,31051,25,split_brain,0.000823805,0.000823805,4,4,4,1
sel_win_w80_n512_privileged,31051,29,split_brain,0.00078859,0.00078859,3,3,3,1
sel_win_w80_n512_privileged,31052,0,split_brain,0.000420413,0.000420413,6,6,6,1
sel_win_w80_n512_privileged,31052,6,split_brain,4.3443e-05,4.3443e-05,3,3,3,1
sel_win_w80_n512_privileged,31052,10,split_brain,0.000838288,0.000838288,4,4,4,1
sel_win_w80_n512_privileged,31052,20,compound,0.000511699,0.000511699,7,7,7,1
sel_win_w80_n512_privileged,31056,13,compound,0.000247182,0.000247182,6,6,6,1
sel_win_w80_n512_privileged,31058,9,split_brain,0.000704654,0.000704654,4,4,4,1
sel_win_w80_n512_privileged,31058,11,compound,0.000496162,0.000496162,5,5,5,1
sel_win_w80_n512_privileged,31058,17,cascade,0.000109171,0.000109171,4,4,4,1
sel_win_w80_n512_privileged,31058,18,compound,0.000299933,0.000299933,5,5,5,1
sel_win_w80_n512_privileged,31058,19,split_brain,0.000453473,0.000453473,6,6,6,1
sel_win_w80_n512_privileged,31059,0,compound,0.000168303,0.000168303,3,3,3,1
sel_win_w80_n512_privileged,31059,27,cascade,0.000789356,0.000789356,6,6,6,1
sel_win_w80_n512_privileged,31059,33,split_brain,3.3506e-05,3.3506e-05,8,8,8,1
sel_win_w80_n512_privileged,31061,21,split_brain,0.000800601,0.000800601,3,3,3,1
sel_win_w80_n512_privileged,31061,23,split_brain,0.000384183,0.000384183,7,7,7,1
sel_win_w80_n512_privileged,31062,15,compound,9.411e-05,9.411e-05,4,4,4,1
sel_win_w80_n512_privileged,31063,2,compound,0.000893606,0.000893606,5,5,5,0
sel_win_w80_n512_privileged,31064,0,compound,0.000548129,0.000548129,4,4,4,1
sel_win_w80_n512_privileged,31064,8,compound,0.000731893,0.000731893,5,5,5,1
sel_win_w80_n512_privileged,31065,2,cascade,0.000475141,0.000475141,8,8,8,1
sel_win_w80_n512_privileged,31066,19,cascade,0.000685503,0.000685503,3,3,3,1
sel_win_w80_n512_privileged,31068,2,split_brain,0.000745182,0.000745182,5,5,5,1
sel_win_w80_n512_privileged,31068,11,split_brain,0.000219661,0.000219661,3,3,3,1
sel_win_w80_n512_privileged,31068,15,cascade,0.000721251,0.000721251,7,7,7,1
sel_win_w80_n512_privileged,31068,29,split_brain,0.097545107,0.000954386,4,4,4,1
sel_win_w80_n512_privileged,31068,29,split_brain,0.000954386,0.000954386,4,4,4,1
sel_win_w80_n512_privileged,31069,0,compound,0.000517485,0.000517485,4,4,4,1
sel_win_w80_n512_privileged,31069,4,split_brain,5.4525e-05,5.4525e-05,6,6,6,1
sel_win_w80_n512_privileged,31069,11,split_brain,0.00048008,0.00048008,5,5,5,1
sel_win_w80_n512_privileged,31069,15,split_brain,0.000686811,0.000686811,7,7,7,1
sel_win_w80_n512_privileged,31069,21,split_brain,0.000275925,0.000275925,6,6,6,1
sel_win_w80_n512_privileged,31070,8,compound,0.000350114,0.000350114,6,6,6,1
sel_win_w80_n512_privileged,31070,14,compound,0.000806058,0.000806058,7,7,7,1
sel_win_w80_n512_privileged,31071,5,compound,0.000965871,0.000965871,5,5,5,0
sel_win_w80_n512_privileged,31071,9,compound,0.000115378,0.000115378,5,5,5,1
sel_win_w80_n512_privileged,31072,12,cascade,0.000959339,0.000959339,3,3,3,1
sel_win_w80_n512_privileged,31072,19,cascade,0.000892001,0.000892001,5,5,5,1
sel_win_w80_n512_privileged,31072,26,compound,0.000998842,0.000998842,6,6,6,1
sel_win_w80_n512_privileged,31073,2,split_brain,0.022092804,0.000262592,4,4,4,1
sel_win_w80_n512_privileged,31073,2,split_brain,0.000262592,0.000262592,4,4,4,1
sel_win_w80_n512_privileged,31073,12,split_brain,0.000165123,0.000165123,5,5,5,1
sel_win_w80_n512_privileged,31073,13,split_brain,0.000923855,0.000923855,3,3,3,1
sel_win_w80_n512_privileged,31073,24,split_brain,0.000796152,0.000796152,5,5,5,1
sel_win_w80_n512_privileged,31074,0,split_brain,0.000561953,0.000561953,4,4,4,1
sel_win_w80_n512_privileged,31074,5,split_brain,0.000956311,0.000956311,4,4,4,1
sel_win_w80_n512_privileged,31074,22,split_brain,0.000769142,0.000769142,5,5,5,1
sel_win_w80_n512_privileged,31075,2,cascade,0.000549319,0.000549319,8,8,8,1
sel_win_w80_n512_privileged,31077,0,cascade,0.000823189,0.000823189,3,3,3,1
sel_win_w80_n512_privileged,31077,27,compound,0.000164648,0.000164648,4,4,4,0
sel_win_w80_n512_privileged,31078,16,compound,0.000922518,0.000922518,3,3,3,1
sel_win_w80_n512_privileged,31078,18,cascade,0.000154273,0.000154273,5,5,5,1
sel_win_w80_n512_privileged,31079,6,split_brain,0.000347167,0.000347167,3,3,3,1
sel_win_w80_n512_privileged,31079,12,split_brain,0.000401611,0.000401611,3,3,3,1
sel_win_w80_n512_privileged,31080,9,compound,0.000205521,0.000205521,4,4,4,1
sel_win_w80_n512_privileged,31080,30,compound,0.000188756,0.000188756,5,5,5,1
sel_win_w80_n512_privileged,31081,11,compound,3.122568526,5.8532e-05,5,5,5,0
sel_win_w80_n512_privileged,31081,17,compound,0.000351289,0.000351289,6,6,6,1
sel_win_w80_n512_privileged,31081,18,cascade,9.8183e-05,9.8183e-05,10,10,10,1
sel_win_w80_n512_privileged,31082,12,split_brain,0.000450335,0.000450335,7,7,7,1
sel_win_w80_n512_privileged,31082,18,compound,0.000979782,0.000979782,8,8,8,1
sel_win_w80_n512_privileged,31083,10,compound,0.000887283,0.000887283,4,4,4,1
sel_win_w80_n512_privileged,31083,12,compound,0.000737189,0.000737189,5,5,5,1
sel_win_w80_n512_privileged,31083,21,cascade,0.000466354,0.000466354,7,7,7,1
sel_win_w80_n512_privileged,31084,9,compound,0.00021199,0.00021199,4,4,4,1
sel_win_w80_n512_privileged,31084,15,compound,0.00090706,0.00090706,4,4,4,1
sel_win_w80_n512_privileged,31084,24,compound,0.000808394,0.000808394,6,6,6,1
sel_win_w80_n512_privileged,31084,27,split_brain,0.000337125,0.000337125,7,7,7,1
sel_win_w80_n512_privileged,31085,20,split_brain,0.000785102,0.000785102,6,6,6,1
sel_win_w80_n512_privileged,31086,21,split_brain,0.000170231,0.000170231,8,8,8,1
sel_win_w80_n512_privileged,31086,31,compound,0.000742201,0.000742201,4,4,4,1
sel_win_w80_n512_privileged,31087,1,cascade,0.000771684,0.000771684,5,5,5,1
sel_win_w80_n512_privileged,31088,33,compound,0.00089654,0.00089654,5,5,5,1
sel_win_w80_n512_privileged,31089,23,compound,0.000534224,0.000534224,5,5,5,1
sel_win_w80_n512_privileged,31089,34,compound,0.000698457,0.000698457,5,5,5,1
sel_win_w80_n512_privileged,31090,6,compound,0.00061279,0.00061279,4,4,4,1
sel_win_w80_n512_privileged,31090,11,compound,0.00091852,0.00091852,7,7,7,1
sel_win_w80_n512_privileged,31090,22,compound,0.000916407,0.000916407,4,4,4,1
sel_win_w80_n512_privileged,31090,23,split_brain,0.000990747,0.000990747,6,6,6,1
sel_win_w80_n512_privileged,31091,4,compound,0.000944744,0.000944744,4,4,4,1
sel_win_w80_n512_privileged,31091,10,cascade,0.000682439,0.000682439,5,5,5,1
sel_win_w80_n512_privileged,31091,14,compound,0.000872162,0.000872162,7,7,7,1
sel_win_w80_n512_privileged,31093,13,split_brain,0.000257674,0.000257674,8,8,8,1
sel_win_w80_n512_privileged,31095,0,compound,0.000335793,0.000335793,5,5,5,1
sel_win_w80_n512_privileged,31095,2,compound,0.00055841,0.00055841,4,4,4,1
sel_win_w80_n512_privileged,31096,18,split_brain,3.1604e-05,3.1604e-05,6,6,6,1
sel_win_w80_n512_privileged,31097,1,compound,0.000565917,0.000565917,5,5,5,1
sel_win_w80_n512_privileged,31097,4,compound,11.928299908,0.000128386,6,6,6,0
sel_win_w80_n512_privileged,31097,9,compound,0.000804488,0.000804488,6,6,6,1
sel_win_w80_n512_privileged,31097,12,compound,8.4558e-05,8.4558e-05,6,6,6,1
sel_win_w80_n512_privileged,31097,22,split_brain,0.000861302,0.000861302,7,7,7,1
sel_win_w80_n512_privileged,31099,2,compound,0.000765038,0.000765038,3,3,3,0
sel_win_w80_n512_privileged,31099,14,compound,0.000362285,0.000362285,5,5,5,1
sel_win_w80_n512_privileged,31099,19,cascade,0.000652677,0.000652677,4,4,4,1
