arm,seed,incident,family,refs,m,decisive_in_context,focus_at_site,correct,answer_site,kind_correct,answer
oracle_selection_context_d16_privileged,31000,30,slow_leak,3,0,3,1,,,,
oracle_selection_context_d16_privileged,31001,2,slow_leak,3,0,3,1,,,,
oracle_selection_context_d16_privileged,31002,9,slow_leak,3,0,3,1,,,,
oracle_selection_context_d16_privileged,31002,14,split_brain,7,0,7,1,1,2,1,SplitBrain
oracle_selection_context_d16_privileged,31003,5,split_brain,6,0,6,1,1,0,1,SplitBrain
oracle_selection_context_d16_privileged,31003,13,split_brain,7,0,7,1,1,0,1,SplitBrain
oracle_selection_context_d16_privileged,31003,15,split_brain,6,0,6,1,1,0,1,SplitBrain
oracle_selection_context_d16_privileged,31004,22,split_brain,3,0,3,1,0,4,0,Cascade
oracle_selection_context_d16_privileged,31005,11,slow_leak,3,0,3,1,,,,
oracle_selection_context_d16_privileged,31005,21,compound,5,0,5,1,1,1,1,Compound
oracle_selection_context_d16_privileged,31005,26,split_brain,8,0,8,1,1,10,1,SplitBrain
oracle_selection_context_d16_privileged,31006,15,split_brain,8,0,8,1,1,1,1,SplitBrain
oracle_selection_context_d16_privileged,31008,19,compound,4,0,4,1,1,5,1,Compound
oracle_selection_context_d16_privileged,31009,18,cascade,6,0,6,1,1,6,1,Cascade
oracle_selection_context_d16_privileged,31009,21,split_brain,8,0,8,1,1,7,1,SplitBrain
oracle_selection_context_d16_privileged,31010,9,cascade,6,0,6,1,1,8,1,Cascade
oracle_selection_context_d16_privileged,31011,16,compound,7,0,7,1,1,4,1,Compound
oracle_selection_context_d16_privileged,31013,12,slow_leak,3,0,3,1,,,,
oracle_selection_context_d16_privileged,31013,15,split_brain,7,0,7,1,1,4,1,SplitBrain
oracle_selection_context_d16_privileged,31013,23,split_brain,8,0,8,1,1,4,1,SplitBrain
oracle_selection_context_d16_privileged,31014,3,split_brain,7,0,7,1,1,3,1,SplitBrain
oracle_selection_context_d16_privileged,31014,7,cascade,8,0,8,1,1,3,1,Cascade
oracle_selection_context_d16_privileged,31015,2,split_brain,4,0,4,1,1,9,1,SplitBrain
oracle_selection_context_d16_privileged,31015,6,slow_leak,5,0,5,1,,,,
oracle_selection_context_d16_privileged,31015,17,split_brain,4,0,4,1,1,9,1,SplitBrain
oracle_selection_context_d16_privileged,31016,5,compound,4,0,4,1,1,5,1,Compound
oracle_selection_context_d16_privileged,31016,19,cascade,9,0,9,1,1,2,1,Cascade
oracle_selection_context_d16_privileged,31016,21,compound,4,0,4,1,1,6,1,Compound
oracle_selection_context_d16_privileged,31017,12,split_brain,4,0,4,1,0,5,0,Cascade
oracle_selection_context_d16_privileged,31019,9,split_brain,8,0,8,1,1,1,1,SplitBrain
oracle_selection_context_d16_privileged,31019,13,cascade,10,0,10,1,1,2,1,Cascade
oracle_selection_context_d16_privileged,31020,10,split_brain,7,0,7,1,1,1,1,SplitBrain
oracle_selection_context_d16_privileged,31020,23,slow_leak,3,0,3,1,,,,
oracle_selection_context_d16_privileged,31022,18,cascade,6,0,6,1,1,3,1,Cascade
oracle_selection_context_d16_privileged,31024,7,cascade,5,0,5,1,1,4,1,Cascade
oracle_selection_context_d16_privileged,31024,11,slow_leak,3,0,3,1,,,,
oracle_selection_context_d16_privileged,31024,13,cascade,5,0,5,1,1,4,1,Cascade
oracle_selection_context_d16_privileged,31025,5,cascade,3,0,3,1,1,10,1,Cascade
oracle_selection_context_d16_privileged,31026,7,split_brain,7,0,7,1,1,6,1,SplitBrain
oracle_selection_context_d16_privileged,31026,15,split_brain,3,0,3,1,0,7,0,Cascade
oracle_selection_context_d16_privileged,31026,26,compound,5,0,5,1,1,6,1,Compound
oracle_selection_context_d16_privileged,31026,28,split_brain,8,0,8,1,1,3,1,SplitBrain
oracle_selection_context_d16_privileged,31026,28,split_brain,8,0,8,1,0,3,0,ResourceExhausted
oracle_selection_context_d16_privileged,31027,8,cascade,5,0,5,1,0,3,0,Compound
oracle_selection_context_d16_privileged,31028,9,split_brain,8,0,8,1,1,5,1,SplitBrain
oracle_selection_context_d16_privileged,31030,10,split_brain,7,0,7,1,1,2,1,SplitBrain
oracle_selection_context_d16_privileged,31031,6,cascade,9,0,9,1,1,8,1,Cascade
oracle_selection_context_d16_privileged,31031,24,compound,8,0,8,1,1,4,1,Compound
oracle_selection_context_d16_privileged,31032,13,slow_leak,3,0,3,1,,,,
oracle_selection_context_d16_privileged,31033,2,split_brain,6,0,6,1,1,6,1,SplitBrain
oracle_selection_context_d16_privileged,31033,9,compound,4,0,4,1,1,1,1,Compound
oracle_selection_context_d16_privileged,31033,24,compound,3,0,3,1,1,0,1,Compound
oracle_selection_context_d16_privileged,31034,0,slow_leak,4,0,4,1,,,,
oracle_selection_context_d16_privileged,31034,7,compound,5,0,5,1,0,0,0,ResourceExhausted
oracle_selection_context_d16_privileged,31034,15,slow_leak,4,0,4,1,,,,
oracle_selection_context_d16_privileged,31035,2,cascade,8,0,8,1,1,6,1,Cascade
oracle_selection_context_d16_privileged,31036,5,cascade,8,0,8,1,1,3,1,Cascade
oracle_selection_context_d16_privileged,31036,6,slow_leak,4,0,4,1,,,,
oracle_selection_context_d16_privileged,31037,18,slow_leak,4,0,4,1,,,,
oracle_selection_context_d16_privileged,31038,9,split_brain,5,0,5,1,1,3,1,SplitBrain
oracle_selection_context_d16_privileged,31038,12,compound,3,0,3,1,1,1,1,Compound
oracle_selection_context_d16_privileged,31038,13,slow_leak,5,0,5,1,,,,
oracle_selection_context_d16_privileged,31040,5,split_brain,3,0,3,1,1,2,1,SplitBrain
oracle_selection_context_d16_privileged,31040,9,split_brain,3,0,3,1,1,6,1,SplitBrain
oracle_selection_context_d16_privileged,31040,12,split_brain,6,0,6,1,1,0,1,SplitBrain
oracle_selection_context_d16_privileged,31040,21,slow_leak,4,0,4,1,,,,
oracle_selection_context_d16_privileged,31040,30,slow_leak,5,0,5,1,,,,
oracle_selection_context_d16_privileged,31041,1,compound,8,0,8,1,1,3,1,Compound
oracle_selection_context_d16_privileged,31041,5,compound,7,0,7,1,1,3,1,Compound
oracle_selection_context_d16_privileged,31042,10,compound,3,0,3,1,1,4,1,Compound
oracle_selection_context_d16_privileged,31042,11,compound,4,0,4,1,1,1,1,Compound
oracle_selection_context_d16_privileged,31042,19,compound,4,0,4,1,1,1,1,Compound
oracle_selection_context_d16_privileged,31042,21,compound,4,0,4,1,1,1,1,Compound
oracle_selection_context_d16_privileged,31043,6,cascade,4,0,4,1,1,4,1,Cascade
oracle_selection_context_d16_privileged,31044,10,split_brain,4,0,4,1,0,0,0,ResourceExhausted
oracle_selection_context_d16_privileged,31045,22,compound,6,0,6,1,1,8,1,Compound
oracle_selection_context_d16_privileged,31046,0,compound,8,0,8,1,1,10,1,Compound
oracle_selection_context_d16_privileged,31046,12,compound,6,0,6,1,1,10,1,Compound
oracle_selection_context_d16_privileged,31046,26,compound,5,0,5,1,1,7,1,Compound
oracle_selection_context_d16_privileged,31046,33,compound,5,0,5,1,1,9,1,Compound
oracle_selection_context_d16_privileged,31047,27,compound,4,0,4,1,1,7,1,Compound
oracle_selection_context_d16_privileged,31047,31,compound,5,0,5,1,1,0,1,Compound
oracle_selection_context_d16_privileged,31048,13,compound,6,0,6,1,1,7,1,Compound
oracle_selection_context_d16_privileged,31048,18,cascade,9,0,9,1,1,8,1,Cascade
oracle_selection_context_d16_privileged,31048,34,compound,4,0,4,1,0,7,0,ResourceExhausted
oracle_selection_context_d16_privileged,31049,29,cascade,8,0,8,1,1,6,1,Cascade
oracle_selection_context_d16_privileged,31049,34,compound,5,0,5,1,1,1,1,Compound
oracle_selection_context_d16_privileged,31050,15,split_brain,5,0,5,1,0,8,0,Cascade
oracle_selection_context_d16_privileged,31051,10,cascade,7,0,7,1,1,9,1,Cascade
oracle_selection_context_d16_privileged,31051,13,split_brain,5,0,5,1,0,8,0,Cascade
oracle_selection_context_d16_privileged,31051,19,split_brain,5,0,5,1,0,8,0,Cascade
oracle_selection_context_d16_privileged,31051,25,split_brain,4,0,4,1,0,8,0,Cascade
oracle_selection_context_d16_privileged,31051,29,split_brain,3,0,3,1,1,2,1,SplitBrain
oracle_selection_context_d16_privileged,31052,0,split_brain,6,0,6,1,1,5,1,SplitBrain
oracle_selection_context_d16_privileged,31052,4,slow_leak,3,0,3,1,,,,
oracle_selection_context_d16_privileged,31052,6,split_brain,3,0,3,1,1,6,1,SplitBrain
oracle_selection_context_d16_privileged,31052,10,split_brain,4,0,4,1,1,4,1,SplitBrain
oracle_selection_context_d16_privileged,31052,20,compound,7,0,7,1,1,1,1,Compound
oracle_selection_context_d16_privileged,31055,12,slow_leak,5,0,5,1,,,,
oracle_selection_context_d16_privileged,31056,13,compound,6,0,6,1,1,2,1,Compound
oracle_selection_context_d16_privileged,31057,2,slow_leak,5,0,5,1,,,,
oracle_selection_context_d16_privileged,31057,29,slow_leak,3,0,3,1,,,,
oracle_selection_context_d16_privileged,31058,9,split_brain,4,0,4,1,1,9,1,SplitBrain
oracle_selection_context_d16_privileged,31058,11,compound,5,0,5,1,1,9,1,Compound
oracle_selection_context_d16_privileged,31058,17,cascade,4,0,4,1,1,6,1,Cascade
oracle_selection_context_d16_privileged,31058,18,compound,5,0,5,1,1,9,1,Compound
oracle_selection_context_d16_privileged,31058,19,split_brain,6,0,6,1,1,7,1,SplitBrain
oracle_selection_context_d16_privileged,31059,0,compound,3,0,3,1,1,9,1,Compound
oracle_selection_context_d16_privileged,31059,15,slow_leak,5,0,5,1,,,,
oracle_selection_context_d16_privileged,31059,27,cascade,6,0,6,1,1,7,1,Cascade
oracle_selection_context_d16_privileged,31059,33,split_brain,8,0,8,1,1,7,1,SplitBrain
oracle_selection_context_d16_privileged,31060,8,slow_leak,3,0,3,1,,,,
oracle_selection_context_d16_privileged,31060,19,slow_leak,3,0,3,1,,,,
oracle_selection_context_d16_privileged,31061,21,split_brain,3,0,3,1,1,3,1,SplitBrain
oracle_selection_context_d16_privileged,31061,23,split_brain,7,0,7,1,1,7,1,SplitBrain
oracle_selection_context_d16_privileged,31062,4,slow_leak,5,0,5,1,,,,
oracle_selection_context_d16_privileged,31062,15,compound,4,0,4,1,1,5,1,Compound
oracle_selection_context_d16_privileged,31063,2,compound,5,0,5,1,1,2,1,Compound
oracle_selection_context_d16_privileged,31063,18,slow_leak,5,0,5,1,,,,
oracle_selection_context_d16_privileged,31064,0,compound,4,0,4,1,1,4,1,Compound
oracle_selection_context_d16_privileged,31064,8,compound,5,0,5,1,1,4,1,Compound
oracle_selection_context_d16_privileged,31065,2,cascade,8,0,8,1,1,5,1,Cascade
oracle_selection_context_d16_privileged,31066,19,cascade,3,0,3,1,1,7,1,Cascade
oracle_selection_context_d16_privileged,31068,2,split_brain,5,0,5,1,1,4,1,SplitBrain
oracle_selection_context_d16_privileged,31068,11,split_brain,3,0,3,1,1,4,1,SplitBrain
oracle_selection_context_d16_privileged,31068,15,cascade,7,0,7,1,1,6,1,Cascade
oracle_selection_context_d16_privileged,31068,29,split_brain,4,0,4,0,0,1,1,SplitBrain
oracle_selection_context_d16_privileged,31068,29,split_brain,4,0,4,1,1,4,1,SplitBrain
oracle_selection_context_d16_privileged,31069,0,compound,4,0,4,1,1,9,1,Compound
oracle_selection_context_d16_privileged,31069,4,split_brain,6,0,6,1,1,2,1,SplitBrain
oracle_selection_context_d16_privileged,31069,11,split_brain,5,0,5,1,0,7,0,Cascade
oracle_selection_context_d16_privileged,31069,15,split_brain,7,0,7,1,1,2,1,SplitBrain
oracle_selection_context_d16_privileged,31069,21,split_brain,6,0,6,1,1,2,1,SplitBrain
oracle_selection_context_d16_privileged,31070,8,compound,6,0,6,1,1,0,1,Compound
oracle_selection_context_d16_privileged,31070,14,compound,7,0,7,1,1,0,1,Compound
oracle_selection_context_d16_privileged,31071,5,compound,5,0,5,1,1,5,1,Compound
oracle_selection_context_d16_privileged,31071,9,compound,5,0,5,1,1,8,1,Compound
oracle_selection_context_d16_privileged,31071,6,slow_leak,4,0,4,1,,,,
oracle_selection_context_d16_privileged,31072,12,cascade,3,0,3,1,1,4,1,Cascade
oracle_selection_context_d16_privileged,31072,19,cascade,5,0,5,1,1,4,1,Cascade
oracle_selection_context_d16_privileged,31072,26,compound,6,0,6,1,1,0,1,Compound
oracle_selection_context_d16_privileged,31073,2,split_brain,4,0,4,0,0,8,1,SplitBrain
oracle_selection_context_d16_privileged,31073,2,split_brain,4,0,4,1,1,5,1,SplitBrain
oracle_selection_context_d16_privileged,31073,12,split_brain,5,0,5,1,1,5,1,SplitBrain
oracle_selection_context_d16_privileged,31073,13,split_brain,3,0,3,1,1,3,1,SplitBrain
oracle_selection_context_d16_privileged,31073,24,split_brain,5,0,5,1,1,5,1,SplitBrain
oracle_selection_context_d16_privileged,31074,0,split_brain,4,0,4,1,1,8,1,SplitBrain
oracle_selection_context_d16_privileged,31074,5,split_brain,4,0,4,1,1,8,1,SplitBrain
oracle_selection_context_d16_privileged,31074,6,slow_leak,4,0,4,1,,,,
oracle_selection_context_d16_privileged,31074,22,split_brain,5,0,5,1,1,9,1,SplitBrain
oracle_selection_context_d16_privileged,31075,2,cascade,8,0,8,1,1,4,1,Cascade
oracle_selection_context_d16_privileged,31077,0,cascade,3,0,3,1,1,6,1,Cascade
oracle_selection_context_d16_privileged,31077,27,compound,4,0,4,1,1,1,1,Compound
oracle_selection_context_d16_privileged,31078,5,slow_leak,3,0,3,1,,,,
oracle_selection_context_d16_privileged,31078,16,compound,3,0,3,1,1,6,1,Compound
oracle_selection_context_d16_privileged,31078,18,cascade,5,0,5,1,1,5,1,Cascade
oracle_selection_context_d16_privileged,31079,6,split_brain,3,0,3,1,1,7,1,SplitBrain
oracle_selection_context_d16_privileged,31079,12,split_brain,3,0,3,1,1,7,1,SplitBrain
oracle_selection_context_d16_privileged,31080,9,compound,4,0,4,1,1,0,1,Compound
oracle_selection_context_d16_privileged,31080,30,compound,5,0,5,1,1,1,1,Compound
oracle_selection_context_d16_privileged,31080,33,slow_leak,4,0,4,1,,,,
oracle_selection_context_d16_privileged,31081,11,compound,5,0,5,1,0,8,0,ResourceExhausted
oracle_selection_context_d16_privileged,31081,17,compound,6,0,6,1,1,3,1,Compound
oracle_selection_context_d16_privileged,31081,18,cascade,10,0,10,1,1,1,1,Cascade
oracle_selection_context_d16_privileged,31082,12,split_brain,7,0,7,1,1,6,1,SplitBrain
oracle_selection_context_d16_privileged,31082,18,compound,8,0,8,1,1,8,1,Compound
oracle_selection_context_d16_privileged,31083,10,compound,4,0,4,1,1,6,1,Compound
oracle_selection_context_d16_privileged,31083,12,compound,5,0,5,1,1,7,1,Compound
oracle_selection_context_d16_privileged,31083,21,cascade,7,0,7,1,1,7,1,Cascade
oracle_selection_context_d16_privileged,31084,9,compound,4,0,4,1,1,0,1,Compound
oracle_selection_context_d16_privileged,31084,15,compound,4,0,4,1,1,0,1,Compound
oracle_selection_context_d16_privileged,31084,24,compound,6,0,6,1,1,8,1,Compound
oracle_selection_context_d16_privileged,31084,27,split_brain,7,0,7,1,1,6,1,SplitBrain
oracle_selection_context_d16_privileged,31085,20,split_brain,6,0,6,1,1,4,1,SplitBrain
oracle_selection_context_d16_privileged,31086,21,split_brain,8,0,8,1,1,8,1,SplitBrain
oracle_selection_context_d16_privileged,31086,31,compound,4,0,4,1,1,10,1,Compound
oracle_selection_context_d16_privileged,31087,1,cascade,5,0,5,1,1,2,1,Cascade
oracle_selection_context_d16_privileged,31088,33,compound,5,0,5,1,1,7,1,Compound
oracle_selection_context_d16_privileged,31089,23,compound,5,0,5,1,1,4,1,Compound
oracle_selection_context_d16_privileged,31089,34,compound,5,0,5,1,1,2,1,Compound
oracle_selection_context_d16_privileged,31090,6,compound,4,0,4,1,1,7,1,Compound
oracle_selection_context_d16_privileged,31090,11,compound,7,0,7,1,1,6,1,Compound
oracle_selection_context_d16_privileged,31090,22,compound,4,0,4,1,1,7,1,Compound
oracle_selection_context_d16_privileged,31090,23,split_brain,6,0,6,1,1,0,1,SplitBrain
oracle_selection_context_d16_privileged,31091,4,compound,4,0,4,1,1,2,1,Compound
oracle_selection_context_d16_privileged,31091,10,cascade,5,0,5,1,1,1,1,Cascade
oracle_selection_context_d16_privileged,31091,14,compound,7,0,7,1,1,2,1,Compound
oracle_selection_context_d16_privileged,31093,13,split_brain,8,0,8,1,1,3,1,SplitBrain
oracle_selection_context_d16_privileged,31095,0,compound,5,0,5,1,1,4,1,Compound
oracle_selection_context_d16_privileged,31095,2,compound,4,0,4,1,1,9,1,Compound
oracle_selection_context_d16_privileged,31096,18,split_brain,6,0,6,1,1,2,1,SplitBrain
oracle_selection_context_d16_privileged,31097,1,compound,5,0,5,1,1,4,1,Compound
oracle_selection_context_d16_privileged,31097,4,compound,6,0,6,1,0,4,0,ResourceExhausted
oracle_selection_context_d16_privileged,31097,9,compound,6,0,6,1,1,3,1,Compound
oracle_selection_context_d16_privileged,31097,12,compound,6,0,6,1,1,4,1,Compound
oracle_selection_context_d16_privileged,31097,22,split_brain,7,0,7,1,1,6,1,SplitBrain
oracle_selection_context_d16_privileged,31099,2,compound,3,0,3,1,1,1,1,Compound
oracle_selection_context_d16_privileged,31099,14,compound,5,0,5,1,1,1,1,Compound
oracle_selection_context_d16_privileged,31099,19,cascade,4,0,4,1,1,1,1,Cascade
sel_coc_d08000_n256_privileged,31000,30,slow_leak,161,161,0,1,,,,
sel_coc_d08000_n256_privileged,31001,2,slow_leak,131,129,2,1,,,,
sel_coc_d08000_n256_privileged,31002,9,slow_leak,256,254,2,1,,,,
sel_coc_d08000_n256_privileged,31002,14,split_brain,244,237,7,1,1,2,1,SplitBrain
sel_coc_d08000_n256_privileged,31003,5,split_brain,131,125,6,1,1,0,1,SplitBrain
sel_coc_d08000_n256_privileged,31003,13,split_brain,256,249,7,1,1,0,1,SplitBrain
sel_coc_d08000_n256_privileged,31003,15,split_brain,217,211,6,1,1,0,1,SplitBrain
sel_coc_d08000_n256_privileged,31004,22,split_brain,204,201,3,1,1,4,1,SplitBrain
sel_coc_d08000_n256_privileged,31005,11,slow_leak,148,145,3,1,,,,
sel_coc_d08000_n256_privileged,31005,21,compound,183,178,5,1,1,1,1,Compound
sel_coc_d08000_n256_privileged,31005,26,split_brain,164,156,8,1,1,10,1,SplitBrain
sel_coc_d08000_n256_privileged,31006,15,split_brain,178,170,8,1,1,1,1,SplitBrain
sel_coc_d08000_n256_privileged,31008,19,compound,196,192,4,1,1,5,1,Compound
sel_coc_d08000_n256_privileged,31009,18,cascade,140,134,6,1,1,6,1,Cascade
sel_coc_d08000_n256_privileged,31009,21,split_brain,129,121,8,1,1,7,1,SplitBrain
sel_coc_d08000_n256_privileged,31010,9,cascade,142,136,6,1,1,8,1,Cascade
sel_coc_d08000_n256_privileged,31011,16,compound,142,135,7,1,1,4,1,Compound
sel_coc_d08000_n256_privileged,31013,12,slow_leak,145,145,0,1,,,,
sel_coc_d08000_n256_privileged,31013,15,split_brain,166,159,7,1,1,4,1,SplitBrain
sel_coc_d08000_n256_privileged,31013,23,split_brain,225,217,8,1,1,4,1,SplitBrain
sel_coc_d08000_n256_privileged,31014,3,split_brain,198,191,7,1,1,3,1,SplitBrain
sel_coc_d08000_n256_privileged,31014,7,cascade,170,162,8,1,1,3,1,Cascade
sel_coc_d08000_n256_privileged,31015,2,split_brain,170,166,4,1,1,9,1,SplitBrain
sel_coc_d08000_n256_privileged,31015,6,slow_leak,194,192,2,1,,,,
sel_coc_d08000_n256_privileged,31015,17,split_brain,256,252,4,1,1,9,1,SplitBrain
sel_coc_d08000_n256_privileged,31016,5,compound,182,178,4,1,1,5,1,Compound
sel_coc_d08000_n256_privileged,31016,19,cascade,153,144,9,1,1,2,1,Cascade
sel_coc_d08000_n256_privileged,31016,21,compound,174,170,4,1,1,6,1,Compound
sel_coc_d08000_n256_privileged,31017,12,split_brain,145,141,4,1,1,5,1,SplitBrain
sel_coc_d08000_n256_privileged,31019,9,split_brain,150,142,8,1,1,1,1,SplitBrain
sel_coc_d08000_n256_privileged,31019,13,cascade,178,168,10,1,1,2,1,Cascade
sel_coc_d08000_n256_privileged,31020,10,split_brain,136,129,7,1,1,1,1,SplitBrain
sel_coc_d08000_n256_privileged,31020,23,slow_leak,256,254,2,1,,,,
sel_coc_d08000_n256_privileged,31022,18,cascade,160,154,6,1,1,3,1,Cascade
sel_coc_d08000_n256_privileged,31024,7,cascade,179,174,5,1,1,4,1,Cascade
sel_coc_d08000_n256_privileged,31024,11,slow_leak,149,147,2,1,,,,
sel_coc_d08000_n256_privileged,31024,13,cascade,124,119,5,1,0,4,0,ResourceExhausted
sel_coc_d08000_n256_privileged,31025,5,cascade,203,200,3,1,1,10,1,Cascade
sel_coc_d08000_n256_privileged,31026,7,split_brain,256,256,0,1,0,6,0,ResourceExhausted
sel_coc_d08000_n256_privileged,31026,15,split_brain,239,236,3,1,1,7,1,SplitBrain
sel_coc_d08000_n256_privileged,31026,26,compound,183,178,5,1,1,6,1,Compound
sel_coc_d08000_n256_privileged,31026,28,split_brain,256,256,0,1,1,3,1,SplitBrain
sel_coc_d08000_n256_privileged,31026,28,split_brain,256,256,0,1,0,3,0,ResourceExhausted
sel_coc_d08000_n256_privileged,31027,8,cascade,214,209,5,1,1,3,1,Cascade
sel_coc_d08000_n256_privileged,31028,9,split_brain,203,195,8,1,1,5,1,SplitBrain
sel_coc_d08000_n256_privileged,31030,10,split_brain,215,208,7,1,1,2,1,SplitBrain
sel_coc_d08000_n256_privileged,31031,6,cascade,156,147,9,1,1,8,1,Cascade
sel_coc_d08000_n256_privileged,31031,24,compound,163,155,8,1,1,4,1,Compound
sel_coc_d08000_n256_privileged,31032,13,slow_leak,125,122,3,1,,,,
sel_coc_d08000_n256_privileged,31033,2,split_brain,161,155,6,1,1,6,1,SplitBrain
sel_coc_d08000_n256_privileged,31033,9,compound,206,202,4,1,1,1,1,Compound
sel_coc_d08000_n256_privileged,31033,24,compound,170,167,3,1,1,0,1,Compound
sel_coc_d08000_n256_privileged,31034,0,slow_leak,156,153,3,1,,,,
sel_coc_d08000_n256_privileged,31034,7,compound,180,177,3,1,0,0,0,ResourceExhausted
sel_coc_d08000_n256_privileged,31034,15,slow_leak,182,179,3,1,,,,
sel_coc_d08000_n256_privileged,31035,2,cascade,171,163,8,1,1,6,1,Cascade
sel_coc_d08000_n256_privileged,31036,5,cascade,118,114,4,1,1,3,1,Cascade
sel_coc_d08000_n256_privileged,31036,6,slow_leak,131,130,1,1,,,,
sel_coc_d08000_n256_privileged,31037,18,slow_leak,256,252,4,1,,,,
sel_coc_d08000_n256_privileged,31038,9,split_brain,200,195,5,1,1,3,1,SplitBrain
sel_coc_d08000_n256_privileged,31038,12,compound,119,116,3,1,1,1,1,Compound
sel_coc_d08000_n256_privileged,31038,13,slow_leak,220,219,1,1,,,,
sel_coc_d08000_n256_privileged,31040,5,split_brain,148,145,3,1,1,2,1,SplitBrain
sel_coc_d08000_n256_privileged,31040,9,split_brain,256,256,0,1,1,6,1,SplitBrain
sel_coc_d08000_n256_privileged,31040,12,split_brain,198,192,6,1,1,0,1,SplitBrain
sel_coc_d08000_n256_privileged,31040,21,slow_leak,188,188,0,1,,,,
sel_coc_d08000_n256_privileged,31040,30,slow_leak,206,201,5,1,,,,
sel_coc_d08000_n256_privileged,31041,1,compound,139,131,8,1,1,3,1,Compound
sel_coc_d08000_n256_privileged,31041,5,compound,167,160,7,1,1,3,1,Compound
sel_coc_d08000_n256_privileged,31042,10,compound,198,195,3,1,1,4,1,Compound
sel_coc_d08000_n256_privileged,31042,11,compound,129,125,4,1,1,1,1,Compound
sel_coc_d08000_n256_privileged,31042,19,compound,122,118,4,1,1,1,1,Compound
sel_coc_d08000_n256_privileged,31042,21,compound,117,113,4,1,1,1,1,Compound
sel_coc_d08000_n256_privileged,31043,6,cascade,145,141,4,1,1,4,1,Cascade
sel_coc_d08000_n256_privileged,31044,10,split_brain,211,211,0,1,0,0,0,ResourceExhausted
sel_coc_d08000_n256_privileged,31045,22,compound,168,162,6,1,1,8,1,Compound
sel_coc_d08000_n256_privileged,31046,0,compound,132,124,8,1,1,10,1,Compound
sel_coc_d08000_n256_privileged,31046,12,compound,157,151,6,1,1,10,1,Compound
sel_coc_d08000_n256_privileged,31046,26,compound,241,236,5,1,1,7,1,Compound
sel_coc_d08000_n256_privileged,31046,33,compound,186,181,5,1,1,9,1,Compound
sel_coc_d08000_n256_privileged,31047,27,compound,157,153,4,1,1,7,1,Compound
sel_coc_d08000_n256_privileged,31047,31,compound,196,191,5,1,1,0,1,Compound
sel_coc_d08000_n256_privileged,31048,13,compound,225,219,6,1,1,7,1,Compound
sel_coc_d08000_n256_privileged,31048,18,cascade,207,199,8,1,1,8,1,Cascade
sel_coc_d08000_n256_privileged,31048,34,compound,174,170,4,1,0,7,0,Cascade
sel_coc_d08000_n256_privileged,31049,29,cascade,256,248,8,1,1,6,1,Cascade
sel_coc_d08000_n256_privileged,31049,34,compound,192,187,5,1,1,1,1,Compound
sel_coc_d08000_n256_privileged,31050,15,split_brain,142,137,5,1,1,8,1,SplitBrain
sel_coc_d08000_n256_privileged,31051,10,cascade,183,176,7,1,1,9,1,Cascade
sel_coc_d08000_n256_privileged,31051,13,split_brain,256,256,0,1,1,8,1,SplitBrain
sel_coc_d08000_n256_privileged,31051,19,split_brain,175,170,5,1,1,8,1,SplitBrain
sel_coc_d08000_n256_privileged,31051,25,split_brain,256,252,4,1,1,8,1,SplitBrain
sel_coc_d08000_n256_privileged,31051,29,split_brain,124,121,3,1,1,2,1,SplitBrain
sel_coc_d08000_n256_privileged,31052,0,split_brain,109,103,6,1,1,5,1,SplitBrain
sel_coc_d08000_n256_privileged,31052,4,slow_leak,250,247,3,1,,,,
sel_coc_d08000_n256_privileged,31052,6,split_brain,174,171,3,1,1,6,1,SplitBrain
sel_coc_d08000_n256_privileged,31052,10,split_brain,184,180,4,1,1,4,1,SplitBrain
sel_coc_d08000_n256_privileged,31052,20,compound,159,152,7,1,1,1,1,Compound
sel_coc_d08000_n256_privileged,31055,12,slow_leak,185,182,3,1,,,,
sel_coc_d08000_n256_privileged,31056,13,compound,187,181,6,1,1,2,1,Compound
sel_coc_d08000_n256_privileged,31057,2,slow_leak,228,226,2,1,,,,
sel_coc_d08000_n256_privileged,31057,29,slow_leak,157,154,3,1,,,,
sel_coc_d08000_n256_privileged,31058,9,split_brain,174,170,4,1,1,9,1,SplitBrain
sel_coc_d08000_n256_privileged,31058,11,compound,136,131,5,1,1,9,1,Compound
sel_coc_d08000_n256_privileged,31058,17,cascade,179,175,4,1,1,6,1,Cascade
sel_coc_d08000_n256_privileged,31058,18,compound,163,158,5,1,1,9,1,Compound
sel_coc_d08000_n256_privileged,31058,19,split_brain,151,145,6,1,1,7,1,SplitBrain
sel_coc_d08000_n256_privileged,31059,0,compound,114,111,3,1,1,9,1,Compound
sel_coc_d08000_n256_privileged,31059,15,slow_leak,241,239,2,1,,,,
sel_coc_d08000_n256_privileged,31059,27,cascade,253,247,6,1,1,7,1,Cascade
sel_coc_d08000_n256_privileged,31059,33,split_brain,185,177,8,1,1,7,1,SplitBrain
sel_coc_d08000_n256_privileged,31060,8,slow_leak,194,191,3,1,,,,
sel_coc_d08000_n256_privileged,31060,19,slow_leak,252,252,0,1,,,,
sel_coc_d08000_n256_privileged,31061,21,split_brain,193,190,3,1,1,3,1,SplitBrain
sel_coc_d08000_n256_privileged,31061,23,split_brain,187,185,2,1,1,7,1,SplitBrain
sel_coc_d08000_n256_privileged,31062,4,slow_leak,184,180,4,1,,,,
sel_coc_d08000_n256_privileged,31062,15,compound,183,179,4,1,1,5,1,Compound
sel_coc_d08000_n256_privileged,31063,2,compound,138,133,5,1,1,2,1,Compound
sel_coc_d08000_n256_privileged,31063,18,slow_leak,195,193,2,1,,,,
sel_coc_d08000_n256_privileged,31064,0,compound,104,100,4,1,1,4,1,Compound
sel_coc_d08000_n256_privileged,31064,8,compound,109,104,5,1,1,4,1,Compound
sel_coc_d08000_n256_privileged,31065,2,cascade,127,120,7,1,1,5,1,Cascade
sel_coc_d08000_n256_privileged,31066,19,cascade,175,172,3,1,1,7,1,Cascade
sel_coc_d08000_n256_privileged,31068,2,split_brain,142,137,5,1,1,4,1,SplitBrain
sel_coc_d08000_n256_privileged,31068,11,split_brain,211,208,3,1,1,4,1,SplitBrain
sel_coc_d08000_n256_privileged,31068,15,cascade,173,166,7,1,1,6,1,Cascade
sel_coc_d08000_n256_privileged,31068,29,split_brain,195,191,4,0,0,1,1,SplitBrain
sel_coc_d08000_n256_privileged,31068,29,split_brain,256,252,4,1,1,4,1,SplitBrain
sel_coc_d08000_n256_privileged,31069,0,compound,112,108,4,1,1,9,1,Compound
sel_coc_d08000_n256_privileged,31069,4,split_brain,180,174,6,1,1,2,1,SplitBrain
sel_coc_d08000_n256_privileged,31069,11,split_brain,149,144,5,1,1,7,1,SplitBrain
sel_coc_d08000_n256_privileged,31069,15,split_brain,169,162,7,1,1,2,1,SplitBrain
sel_coc_d08000_n256_privileged,31069,21,split_brain,165,159,6,1,1,2,1,SplitBrain
sel_coc_d08000_n256_privileged,31070,8,compound,251,245,6,1,1,0,1,Compound
sel_coc_d08000_n256_privileged,31070,14,compound,171,164,7,1,1,0,1,Compound
sel_coc_d08000_n256_privileged,31071,5,compound,157,152,5,1,0,5,0,SplitBrain
sel_coc_d08000_n256_privileged,31071,9,compound,222,217,5,1,1,8,1,Compound
sel_coc_d08000_n256_privileged,31071,6,slow_leak,240,240,0,1,,,,
sel_coc_d08000_n256_privileged,31072,12,cascade,243,240,3,1,1,4,1,Cascade
sel_coc_d08000_n256_privileged,31072,19,cascade,245,240,5,1,1,4,1,Cascade
sel_coc_d08000_n256_privileged,31072,26,compound,160,154,6,1,1,0,1,Compound
sel_coc_d08000_n256_privileged,31073,2,split_brain,159,155,4,0,0,8,1,SplitBrain
sel_coc_d08000_n256_privileged,31073,2,split_brain,178,174,4,1,1,5,1,SplitBrain
sel_coc_d08000_n256_privileged,31073,12,split_brain,205,200,5,1,1,5,1,SplitBrain
sel_coc_d08000_n256_privileged,31073,13,split_brain,120,117,3,1,1,3,1,SplitBrain
sel_coc_d08000_n256_privileged,31073,24,split_brain,140,135,5,1,1,5,1,SplitBrain
sel_coc_d08000_n256_privileged,31074,0,split_brain,89,85,4,1,1,8,1,SplitBrain
sel_coc_d08000_n256_privileged,31074,5,split_brain,198,194,4,1,1,8,1,SplitBrain
sel_coc_d08000_n256_privileged,31074,6,slow_leak,167,167,0,1,,,,
sel_coc_d08000_n256_privileged,31074,22,split_brain,157,152,5,1,1,9,1,SplitBrain
sel_coc_d08000_n256_privileged,31075,2,cascade,171,163,8,1,1,4,1,Cascade
sel_coc_d08000_n256_privileged,31077,0,cascade,111,108,3,1,1,6,1,Cascade
sel_coc_d08000_n256_privileged,31077,27,compound,178,174,4,1,0,1,0,Cascade
sel_coc_d08000_n256_privileged,31078,5,slow_leak,256,254,2,1,,,,
sel_coc_d08000_n256_privileged,31078,16,compound,191,188,3,1,1,6,1,Compound
sel_coc_d08000_n256_privileged,31078,18,cascade,171,166,5,1,1,5,1,Cascade
sel_coc_d08000_n256_privileged,31079,6,split_brain,166,163,3,1,1,7,1,SplitBrain
sel_coc_d08000_n256_privileged,31079,12,split_brain,220,217,3,1,1,7,1,SplitBrain
sel_coc_d08000_n256_privileged,31080,9,compound,256,252,4,1,1,0,1,Compound
sel_coc_d08000_n256_privileged,31080,30,compound,256,251,5,1,1,1,1,Compound
sel_coc_d08000_n256_privileged,31080,33,slow_leak,256,253,3,1,,,,
sel_coc_d08000_n256_privileged,31081,11,compound,228,223,5,1,0,8,0,Cascade
sel_coc_d08000_n256_privileged,31081,17,compound,218,212,6,1,1,3,1,Compound
sel_coc_d08000_n256_privileged,31081,18,cascade,216,206,10,1,1,1,1,Cascade
sel_coc_d08000_n256_privileged,31082,12,split_brain,201,194,7,1,1,6,1,SplitBrain
sel_coc_d08000_n256_privileged,31082,18,compound,142,134,8,1,1,8,1,Compound
sel_coc_d08000_n256_privileged,31083,10,compound,256,252,4,1,1,6,1,Compound
sel_coc_d08000_n256_privileged,31083,12,compound,256,251,5,1,1,7,1,Compound
sel_coc_d08000_n256_privileged,31083,21,cascade,154,147,7,1,1,7,1,Cascade
sel_coc_d08000_n256_privileged,31084,9,compound,213,209,4,1,1,0,1,Compound
sel_coc_d08000_n256_privileged,31084,15,compound,170,166,4,1,1,0,1,Compound
sel_coc_d08000_n256_privileged,31084,24,compound,241,235,6,1,1,8,1,Compound
sel_coc_d08000_n256_privileged,31084,27,split_brain,161,154,7,1,1,6,1,SplitBrain
sel_coc_d08000_n256_privileged,31085,20,split_brain,256,255,1,1,1,4,1,SplitBrain
sel_coc_d08000_n256_privileged,31086,21,split_brain,182,174,8,1,1,8,1,SplitBrain
sel_coc_d08000_n256_privileged,31086,31,compound,235,231,4,1,1,10,1,Compound
sel_coc_d08000_n256_privileged,31087,1,cascade,150,145,5,1,1,2,1,Cascade
sel_coc_d08000_n256_privileged,31088,33,compound,256,252,4,1,1,7,1,Compound
sel_coc_d08000_n256_privileged,31089,23,compound,165,160,5,1,1,4,1,Compound
sel_coc_d08000_n256_privileged,31089,34,compound,114,109,5,1,1,2,1,Compound
sel_coc_d08000_n256_privileged,31090,6,compound,256,252,4,1,1,7,1,Compound
sel_coc_d08000_n256_privileged,31090,11,compound,95,88,7,1,1,6,1,Compound
sel_coc_d08000_n256_privileged,31090,22,compound,214,210,4,1,1,7,1,Compound
sel_coc_d08000_n256_privileged,31090,23,split_brain,231,225,6,1,1,0,1,SplitBrain
sel_coc_d08000_n256_privileged,31091,4,compound,152,148,4,1,1,2,1,Compound
sel_coc_d08000_n256_privileged,31091,10,cascade,130,125,5,1,1,1,1,Cascade
sel_coc_d08000_n256_privileged,31091,14,compound,134,127,7,1,1,2,1,Compound
sel_coc_d08000_n256_privileged,31093,13,split_brain,151,143,8,1,1,3,1,SplitBrain
sel_coc_d08000_n256_privileged,31095,0,compound,91,86,5,1,1,4,1,Compound
sel_coc_d08000_n256_privileged,31095,2,compound,93,89,4,1,1,9,1,Compound
sel_coc_d08000_n256_privileged,31096,18,split_brain,167,161,6,1,1,2,1,SplitBrain
sel_coc_d08000_n256_privileged,31097,1,compound,143,138,5,1,1,4,1,Compound
sel_coc_d08000_n256_privileged,31097,4,compound,137,132,5,1,0,4,0,CredentialExpired
sel_coc_d08000_n256_privileged,31097,9,compound,149,143,6,1,1,3,1,Compound
sel_coc_d08000_n256_privileged,31097,12,compound,162,156,6,1,1,4,1,Compound
sel_coc_d08000_n256_privileged,31097,22,split_brain,145,143,2,1,1,6,1,SplitBrain
sel_coc_d08000_n256_privileged,31099,2,compound,146,143,3,1,0,1,0,CredentialExpired
sel_coc_d08000_n256_privileged,31099,14,compound,177,172,5,1,1,1,1,Compound
sel_coc_d08000_n256_privileged,31099,19,cascade,180,176,4,1,1,1,1,Cascade
sel_coc_d16000_n256_privileged,31000,30,slow_leak,191,191,0,1,,,,
sel_coc_d16000_n256_privileged,31001,2,slow_leak,131,129,2,1,,,,
sel_coc_d16000_n256_privileged,31002,9,slow_leak,256,254,2,1,,,,
sel_coc_d16000_n256_privileged,31002,14,split_brain,244,237,7,1,1,2,1,SplitBrain
sel_coc_d16000_n256_privileged,31003,5,split_brain,178,172,6,1,1,0,1,SplitBrain
sel_coc_d16000_n256_privileged,31003,13,split_brain,256,249,7,1,1,0,1,SplitBrain
sel_coc_d16000_n256_privileged,31003,15,split_brain,217,211,6,1,1,0,1,SplitBrain
sel_coc_d16000_n256_privileged,31004,22,split_brain,204,201,3,1,1,4,1,SplitBrain
sel_coc_d16000_n256_privileged,31005,11,slow_leak,148,145,3,1,,,,
sel_coc_d16000_n256_privileged,31005,21,compound,214,209,5,1,1,1,1,Compound
sel_coc_d16000_n256_privileged,31005,26,split_brain,193,185,8,1,1,10,1,SplitBrain
sel_coc_d16000_n256_privileged,31006,15,split_brain,178,170,8,1,1,1,1,SplitBrain
sel_coc_d16000_n256_privileged,31008,19,compound,227,223,4,1,1,5,1,Compound
sel_coc_d16000_n256_privileged,31009,18,cascade,177,171,6,1,1,6,1,Cascade
sel_coc_d16000_n256_privileged,31009,21,split_brain,166,158,8,1,1,7,1,SplitBrain
sel_coc_d16000_n256_privileged,31010,9,cascade,201,195,6,1,1,8,1,Cascade
sel_coc_d16000_n256_privileged,31011,16,compound,148,141,7,1,1,4,1,Compound
sel_coc_d16000_n256_privileged,31013,12,slow_leak,183,183,0,1,,,,
sel_coc_d16000_n256_privileged,31013,15,split_brain,166,159,7,1,1,4,1,SplitBrain
sel_coc_d16000_n256_privileged,31013,23,split_brain,231,223,8,1,1,4,1,SplitBrain
sel_coc_d16000_n256_privileged,31014,3,split_brain,198,191,7,1,1,3,1,SplitBrain
sel_coc_d16000_n256_privileged,31014,7,cascade,170,162,8,1,1,3,1,Cascade
sel_coc_d16000_n256_privileged,31015,2,split_brain,170,166,4,1,1,9,1,SplitBrain
sel_coc_d16000_n256_privileged,31015,6,slow_leak,202,200,2,1,,,,
sel_coc_d16000_n256_privileged,31015,17,split_brain,256,252,4,1,1,9,1,SplitBrain
sel_coc_d16000_n256_privileged,31016,5,compound,191,187,4,1,1,5,1,Compound
sel_coc_d16000_n256_privileged,31016,19,cascade,153,144,9,1,1,2,1,Cascade
sel_coc_d16000_n256_privileged,31016,21,compound,174,170,4,1,1,6,1,Compound
sel_coc_d16000_n256_privileged,31017,12,split_brain,145,141,4,1,1,5,1,SplitBrain
sel_coc_d16000_n256_privileged,31019,9,split_brain,158,150,8,1,1,1,1,SplitBrain
sel_coc_d16000_n256_privileged,31019,13,cascade,183,173,10,1,1,2,1,Cascade
sel_coc_d16000_n256_privileged,31020,10,split_brain,143,136,7,1,1,1,1,SplitBrain
sel_coc_d16000_n256_privileged,31020,23,slow_leak,256,254,2,1,,,,
sel_coc_d16000_n256_privileged,31022,18,cascade,160,154,6,1,1,3,1,Cascade
sel_coc_d16000_n256_privileged,31024,7,cascade,205,200,5,1,1,4,1,Cascade
sel_coc_d16000_n256_privileged,31024,11,slow_leak,149,147,2,1,,,,
sel_coc_d16000_n256_privileged,31024,13,cascade,139,134,5,1,0,4,0,ResourceExhausted
sel_coc_d16000_n256_privileged,31025,5,cascade,203,200,3,1,1,10,1,Cascade
sel_coc_d16000_n256_privileged,31026,7,split_brain,256,256,0,1,0,6,0,ResourceExhausted
sel_coc_d16000_n256_privileged,31026,15,split_brain,239,236,3,1,1,7,1,SplitBrain
sel_coc_d16000_n256_privileged,31026,26,compound,201,196,5,1,1,6,1,Compound
sel_coc_d16000_n256_privileged,31026,28,split_brain,256,256,0,1,1,3,1,SplitBrain
sel_coc_d16000_n256_privileged,31026,28,split_brain,256,256,0,1,0,3,0,ResourceExhausted
sel_coc_d16000_n256_privileged,31027,8,cascade,214,209,5,1,1,3,1,Cascade
sel_coc_d16000_n256_privileged,31028,9,split_brain,203,195,8,1,1,5,1,SplitBrain
sel_coc_d16000_n256_privileged,31030,10,split_brain,215,208,7,1,1,2,1,SplitBrain
sel_coc_d16000_n256_privileged,31031,6,cascade,156,147,9,1,1,8,1,Cascade
sel_coc_d16000_n256_privileged,31031,24,compound,174,166,8,1,1,4,1,Compound
sel_coc_d16000_n256_privileged,31032,13,slow_leak,182,179,3,1,,,,
sel_coc_d16000_n256_privileged,31033,2,split_brain,161,155,6,1,1,6,1,SplitBrain
sel_coc_d16000_n256_privileged,31033,9,compound,206,202,4,1,1,1,1,Compound
sel_coc_d16000_n256_privileged,31033,24,compound,170,167,3,1,1,0,1,Compound
sel_coc_d16000_n256_privileged,31034,0,slow_leak,156,153,3,1,,,,
sel_coc_d16000_n256_privileged,31034,7,compound,180,177,3,1,0,0,0,ResourceExhausted
sel_coc_d16000_n256_privileged,31034,15,slow_leak,182,179,3,1,,,,
sel_coc_d16000_n256_privileged,31035,2,cascade,171,163,8,1,1,6,1,Cascade
sel_coc_d16000_n256_privileged,31036,5,cascade,131,123,8,1,1,3,1,Cascade
sel_coc_d16000_n256_privileged,31036,6,slow_leak,131,130,1,1,,,,
sel_coc_d16000_n256_privileged,31037,18,slow_leak,256,252,4,1,,,,
sel_coc_d16000_n256_privileged,31038,9,split_brain,200,195,5,1,1,3,1,SplitBrain
sel_coc_d16000_n256_privileged,31038,12,compound,148,145,3,1,1,1,1,Compound
sel_coc_d16000_n256_privileged,31038,13,slow_leak,220,219,1,1,,,,
sel_coc_d16000_n256_privileged,31040,5,split_brain,161,158,3,1,1,2,1,SplitBrain
sel_coc_d16000_n256_privileged,31040,9,split_brain,256,256,0,1,1,6,1,SplitBrain
sel_coc_d16000_n256_privileged,31040,12,split_brain,212,206,6,1,1,0,1,SplitBrain
sel_coc_d16000_n256_privileged,31040,21,slow_leak,188,188,0,1,,,,
sel_coc_d16000_n256_privileged,31040,30,slow_leak,206,201,5,1,,,,
sel_coc_d16000_n256_privileged,31041,1,compound,148,140,8,1,1,3,1,Compound
sel_coc_d16000_n256_privileged,31041,5,compound,174,167,7,1,1,3,1,Compound
sel_coc_d16000_n256_privileged,31042,10,compound,212,209,3,1,1,4,1,Compound
sel_coc_d16000_n256_privileged,31042,11,compound,161,157,4,1,1,1,1,Compound
sel_coc_d16000_n256_privileged,31042,19,compound,150,146,4,1,1,1,1,Compound
sel_coc_d16000_n256_privileged,31042,21,compound,123,119,4,1,1,1,1,Compound
sel_coc_d16000_n256_privileged,31043,6,cascade,156,152,4,1,1,4,1,Cascade
sel_coc_d16000_n256_privileged,31044,10,split_brain,234,233,1,1,0,0,0,ResourceExhausted
sel_coc_d16000_n256_privileged,31045,22,compound,182,176,6,1,1,8,1,Compound
sel_coc_d16000_n256_privileged,31046,0,compound,156,148,8,1,1,10,1,Compound
sel_coc_d16000_n256_privileged,31046,12,compound,168,162,6,1,1,10,1,Compound
sel_coc_d16000_n256_privileged,31046,26,compound,256,252,4,1,0,7,0,ConfigDrift
sel_coc_d16000_n256_privileged,31046,33,compound,239,234,5,1,1,9,1,Compound
sel_coc_d16000_n256_privileged,31047,27,compound,157,153,4,1,1,7,1,Compound
sel_coc_d16000_n256_privileged,31047,31,compound,196,191,5,1,1,0,1,Compound
sel_coc_d16000_n256_privileged,31048,13,compound,256,250,6,1,1,7,1,Compound
sel_coc_d16000_n256_privileged,31048,18,cascade,220,211,9,1,1,8,1,Cascade
sel_coc_d16000_n256_privileged,31048,34,compound,174,170,4,1,0,7,0,Cascade
sel_coc_d16000_n256_privileged,31049,29,cascade,256,248,8,1,1,6,1,Cascade
sel_coc_d16000_n256_privileged,31049,34,compound,192,187,5,1,1,1,1,Compound
sel_coc_d16000_n256_privileged,31050,15,split_brain,150,145,5,1,1,8,1,SplitBrain
sel_coc_d16000_n256_privileged,31051,10,cascade,232,225,7,1,0,9,0,Compound
sel_coc_d16000_n256_privileged,31051,13,split_brain,256,256,0,1,1,8,1,SplitBrain
sel_coc_d16000_n256_privileged,31051,19,split_brain,185,180,5,1,1,8,1,SplitBrain
sel_coc_d16000_n256_privileged,31051,25,split_brain,256,252,4,1,1,8,1,SplitBrain
sel_coc_d16000_n256_privileged,31051,29,split_brain,133,130,3,1,1,2,1,SplitBrain
sel_coc_d16000_n256_privileged,31052,0,split_brain,120,114,6,1,1,5,1,SplitBrain
sel_coc_d16000_n256_privileged,31052,4,slow_leak,250,247,3,1,,,,
sel_coc_d16000_n256_privileged,31052,6,split_brain,226,223,3,1,1,6,1,SplitBrain
sel_coc_d16000_n256_privileged,31052,10,split_brain,184,180,4,1,1,4,1,SplitBrain
sel_coc_d16000_n256_privileged,31052,20,compound,186,179,7,1,1,1,1,Compound
sel_coc_d16000_n256_privileged,31055,12,slow_leak,226,223,3,1,,,,
sel_coc_d16000_n256_privileged,31056,13,compound,213,207,6,1,1,2,1,Compound
sel_coc_d16000_n256_privileged,31057,2,slow_leak,228,226,2,1,,,,
sel_coc_d16000_n256_privileged,31057,29,slow_leak,202,199,3,1,,,,
sel_coc_d16000_n256_privileged,31058,9,split_brain,178,174,4,1,1,9,1,SplitBrain
sel_coc_d16000_n256_privileged,31058,11,compound,146,141,5,1,1,9,1,Compound
sel_coc_d16000_n256_privileged,31058,17,cascade,189,185,4,1,1,6,1,Cascade
sel_coc_d16000_n256_privileged,31058,18,compound,163,158,5,1,1,9,1,Compound
sel_coc_d16000_n256_privileged,31058,19,split_brain,158,152,6,1,1,7,1,SplitBrain
sel_coc_d16000_n256_privileged,31059,0,compound,129,126,3,1,1,9,1,Compound
sel_coc_d16000_n256_privileged,31059,15,slow_leak,241,239,2,1,,,,
sel_coc_d16000_n256_privileged,31059,27,cascade,253,247,6,1,1,7,1,Cascade
sel_coc_d16000_n256_privileged,31059,33,split_brain,185,177,8,1,1,7,1,SplitBrain
sel_coc_d16000_n256_privileged,31060,8,slow_leak,194,191,3,1,,,,
sel_coc_d16000_n256_privileged,31060,19,slow_leak,252,252,0,1,,,,
sel_coc_d16000_n256_privileged,31061,21,split_brain,252,249,3,1,1,3,1,SplitBrain
sel_coc_d16000_n256_privileged,31061,23,split_brain,221,214,7,1,1,7,1,SplitBrain
sel_coc_d16000_n256_privileged,31062,4,slow_leak,184,180,4,1,,,,
sel_coc_d16000_n256_privileged,31062,15,compound,183,179,4,1,1,5,1,Compound
sel_coc_d16000_n256_privileged,31063,2,compound,162,157,5,1,0,2,0,Cascade
sel_coc_d16000_n256_privileged,31063,18,slow_leak,195,193,2,1,,,,
sel_coc_d16000_n256_privileged,31064,0,compound,134,130,4,1,1,4,1,Compound
sel_coc_d16000_n256_privileged,31064,8,compound,120,115,5,1,1,4,1,Compound
sel_coc_d16000_n256_privileged,31065,2,cascade,159,151,8,1,1,5,1,Cascade
sel_coc_d16000_n256_privileged,31066,19,cascade,193,190,3,1,1,7,1,Cascade
sel_coc_d16000_n256_privileged,31068,2,split_brain,142,137,5,1,1,4,1,SplitBrain
sel_coc_d16000_n256_privileged,31068,11,split_brain,218,215,3,1,1,4,1,SplitBrain
sel_coc_d16000_n256_privileged,31068,15,cascade,173,166,7,1,1,6,1,Cascade
sel_coc_d16000_n256_privileged,31068,29,split_brain,195,191,4,0,0,1,1,SplitBrain
sel_coc_d16000_n256_privileged,31068,29,split_brain,256,252,4,1,1,4,1,SplitBrain
sel_coc_d16000_n256_privileged,31069,0,compound,117,113,4,1,1,9,1,Compound
sel_coc_d16000_n256_privileged,31069,4,split_brain,180,174,6,1,1,2,1,SplitBrain
sel_coc_d16000_n256_privileged,31069,11,split_brain,174,169,5,1,1,7,1,SplitBrain
sel_coc_d16000_n256_privileged,31069,15,split_brain,197,190,7,1,1,2,1,SplitBrain
sel_coc_d16000_n256_privileged,31069,21,split_brain,171,165,6,1,1,2,1,SplitBrain
sel_coc_d16000_n256_privileged,31070,8,compound,251,245,6,1,1,0,1,Compound
sel_coc_d16000_n256_privileged,31070,14,compound,171,164,7,1,1,0,1,Compound
sel_coc_d16000_n256_privileged,31071,5,compound,186,181,5,1,0,5,0,SplitBrain
sel_coc_d16000_n256_privileged,31071,9,compound,222,217,5,1,1,8,1,Compound
sel_coc_d16000_n256_privileged,31071,6,slow_leak,240,240,0,1,,,,
sel_coc_d16000_n256_privileged,31072,12,cascade,243,240,3,1,1,4,1,Cascade
sel_coc_d16000_n256_privileged,31072,19,cascade,245,240,5,1,1,4,1,Cascade
sel_coc_d16000_n256_privileged,31072,26,compound,160,154,6,1,1,0,1,Compound
sel_coc_d16000_n256_privileged,31073,2,split_brain,185,181,4,0,0,8,1,SplitBrain
sel_coc_d16000_n256_privileged,31073,2,split_brain,209,205,4,1,1,5,1,SplitBrain
sel_coc_d16000_n256_privileged,31073,12,split_brain,205,200,5,1,1,5,1,SplitBrain
sel_coc_d16000_n256_privileged,31073,13,split_brain,124,121,3,1,1,3,1,SplitBrain
sel_coc_d16000_n256_privileged,31073,24,split_brain,140,135,5,1,1,5,1,SplitBrain
sel_coc_d16000_n256_privileged,31074,0,split_brain,102,98,4,1,1,8,1,SplitBrain
sel_coc_d16000_n256_privileged,31074,5,split_brain,204,200,4,1,1,8,1,SplitBrain
sel_coc_d16000_n256_privileged,31074,6,slow_leak,190,190,0,1,,,,
sel_coc_d16000_n256_privileged,31074,22,split_brain,174,169,5,1,1,9,1,SplitBrain
sel_coc_d16000_n256_privileged,31075,2,cascade,171,163,8,1,1,4,1,Cascade
sel_coc_d16000_n256_privileged,31077,0,cascade,122,119,3,1,1,6,1,Cascade
sel_coc_d16000_n256_privileged,31077,27,compound,178,174,4,1,0,1,0,Cascade
sel_coc_d16000_n256_privileged,31078,5,slow_leak,256,254,2,1,,,,
sel_coc_d16000_n256_privileged,31078,16,compound,191,188,3,1,1,6,1,Compound
sel_coc_d16000_n256_privileged,31078,18,cascade,171,166,5,1,1,5,1,Cascade
sel_coc_d16000_n256_privileged,31079,6,split_brain,191,188,3,1,1,7,1,SplitBrain
sel_coc_d16000_n256_privileged,31079,12,split_brain,220,217,3,1,1,7,1,SplitBrain
sel_coc_d16000_n256_privileged,31080,9,compound,256,252,4,1,1,0,1,Compound
sel_coc_d16000_n256_privileged,31080,30,compound,256,251,5,1,1,1,1,Compound
sel_coc_d16000_n256_privileged,31080,33,slow_leak,256,254,2,1,,,,
sel_coc_d16000_n256_privileged,31081,11,compound,248,243,5,1,0,8,0,Cascade
sel_coc_d16000_n256_privileged,31081,17,compound,218,212,6,1,1,3,1,Compound
sel_coc_d16000_n256_privileged,31081,18,cascade,216,206,10,1,1,1,1,Cascade
sel_coc_d16000_n256_privileged,31082,12,split_brain,214,207,7,1,1,6,1,SplitBrain
sel_coc_d16000_n256_privileged,31082,18,compound,156,148,8,1,1,8,1,Compound
sel_coc_d16000_n256_privileged,31083,10,compound,256,252,4,1,1,6,1,Compound
sel_coc_d16000_n256_privileged,31083,12,compound,256,251,5,1,1,7,1,Compound
sel_coc_d16000_n256_privileged,31083,21,cascade,154,147,7,1,1,7,1,Cascade
sel_coc_d16000_n256_privileged,31084,9,compound,213,209,4,1,1,0,1,Compound
sel_coc_d16000_n256_privileged,31084,15,compound,170,166,4,1,1,0,1,Compound
sel_coc_d16000_n256_privileged,31084,24,compound,241,235,6,1,1,8,1,Compound
sel_coc_d16000_n256_privileged,31084,27,split_brain,208,201,7,1,1,6,1,SplitBrain
sel_coc_d16000_n256_privileged,31085,20,split_brain,256,255,1,1,1,4,1,SplitBrain
sel_coc_d16000_n256_privileged,31086,21,split_brain,242,234,8,1,1,8,1,SplitBrain
sel_coc_d16000_n256_privileged,31086,31,compound,235,231,4,1,1,10,1,Compound
sel_coc_d16000_n256_privileged,31087,1,cascade,150,145,5,1,1,2,1,Cascade
sel_coc_d16000_n256_privileged,31088,33,compound,256,252,4,1,1,7,1,Compound
sel_coc_d16000_n256_privileged,31089,23,compound,180,175,5,1,1,4,1,Compound
sel_coc_d16000_n256_privileged,31089,34,compound,148,143,5,1,1,2,1,Compound
sel_coc_d16000_n256_privileged,31090,6,compound,256,252,4,1,1,7,1,Compound
sel_coc_d16000_n256_privileged,31090,11,compound,144,137,7,1,1,6,1,Compound
sel_coc_d16000_n256_privileged,31090,22,compound,230,226,4,1,1,7,1,Compound
sel_coc_d16000_n256_privileged,31090,23,split_brain,231,225,6,1,1,0,1,SplitBrain
sel_coc_d16000_n256_privileged,31091,4,compound,175,171,4,1,1,2,1,Compound
sel_coc_d16000_n256_privileged,31091,10,cascade,130,125,5,1,1,1,1,Cascade
sel_coc_d16000_n256_privileged,31091,14,compound,134,127,7,1,1,2,1,Compound
sel_coc_d16000_n256_privileged,31093,13,split_brain,151,143,8,1,1,3,1,SplitBrain
sel_coc_d16000_n256_privileged,31095,0,compound,109,104,5,1,1,4,1,Compound
sel_coc_d16000_n256_privileged,31095,2,compound,118,114,4,1,1,9,1,Compound
sel_coc_d16000_n256_privileged,31096,18,split_brain,167,161,6,1,1,2,1,SplitBrain
sel_coc_d16000_n256_privileged,31097,1,compound,143,138,5,1,1,4,1,Compound
sel_coc_d16000_n256_privileged,31097,4,compound,141,136,5,1,0,4,0,CredentialExpired
sel_coc_d16000_n256_privileged,31097,9,compound,166,160,6,1,1,3,1,Compound
sel_coc_d16000_n256_privileged,31097,12,compound,175,169,6,1,1,4,1,Compound
sel_coc_d16000_n256_privileged,31097,22,split_brain,153,146,7,1,1,6,1,SplitBrain
sel_coc_d16000_n256_privileged,31099,2,compound,146,143,3,1,0,1,0,CredentialExpired
sel_coc_d16000_n256_privileged,31099,14,compound,177,172,5,1,1,1,1,Compound
sel_coc_d16000_n256_privileged,31099,19,cascade,180,176,4,1,1,1,1,Cascade
sel_nbh_k3_n256_privileged,31000,30,slow_leak,191,191,0,1,,,,
sel_nbh_k3_n256_privileged,31001,2,slow_leak,128,126,2,1,,,,
sel_nbh_k3_n256_privileged,31002,9,slow_leak,256,254,2,1,,,,
sel_nbh_k3_n256_privileged,31002,14,split_brain,244,237,7,1,1,2,1,SplitBrain
sel_nbh_k3_n256_privileged,31003,5,split_brain,178,172,6,1,1,0,1,SplitBrain
sel_nbh_k3_n256_privileged,31003,13,split_brain,256,249,7,1,1,0,1,SplitBrain
sel_nbh_k3_n256_privileged,31003,15,split_brain,217,211,6,1,1,0,1,SplitBrain
sel_nbh_k3_n256_privileged,31004,22,split_brain,162,159,3,1,1,4,1,SplitBrain
sel_nbh_k3_n256_privileged,31005,11,slow_leak,129,126,3,1,,,,
sel_nbh_k3_n256_privileged,31005,21,compound,214,209,5,1,1,1,1,Compound
sel_nbh_k3_n256_privileged,31005,26,split_brain,141,133,8,1,1,10,1,SplitBrain
sel_nbh_k3_n256_privileged,31006,15,split_brain,178,170,8,1,1,1,1,SplitBrain
sel_nbh_k3_n256_privileged,31008,19,compound,227,223,4,1,1,5,1,Compound
sel_nbh_k3_n256_privileged,31009,18,cascade,177,171,6,1,1,6,1,Cascade
sel_nbh_k3_n256_privileged,31009,21,split_brain,166,158,8,1,1,7,1,SplitBrain
sel_nbh_k3_n256_privileged,31010,9,cascade,201,195,6,1,1,8,1,Cascade
sel_nbh_k3_n256_privileged,31011,16,compound,134,127,7,1,1,4,1,Compound
sel_nbh_k3_n256_privileged,31013,12,slow_leak,183,183,0,1,,,,
sel_nbh_k3_n256_privileged,31013,15,split_brain,166,159,7,1,1,4,1,SplitBrain
sel_nbh_k3_n256_privileged,31013,23,split_brain,231,223,8,1,1,4,1,SplitBrain
sel_nbh_k3_n256_privileged,31014,3,split_brain,198,191,7,1,1,3,1,SplitBrain
sel_nbh_k3_n256_privileged,31014,7,cascade,170,162,8,1,1,3,1,Cascade
sel_nbh_k3_n256_privileged,31015,2,split_brain,128,124,4,1,1,9,1,SplitBrain
sel_nbh_k3_n256_privileged,31015,6,slow_leak,138,136,2,1,,,,
sel_nbh_k3_n256_privileged,31015,17,split_brain,150,146,4,1,1,9,1,SplitBrain
sel_nbh_k3_n256_privileged,31016,5,compound,191,187,4,1,1,5,1,Compound
sel_nbh_k3_n256_privileged,31016,19,cascade,153,144,9,1,1,2,1,Cascade
sel_nbh_k3_n256_privileged,31016,21,compound,174,170,4,1,1,6,1,Compound
sel_nbh_k3_n256_privileged,31017,12,split_brain,145,141,4,1,1,5,1,SplitBrain
sel_nbh_k3_n256_privileged,31019,9,split_brain,158,150,8,1,1,1,1,SplitBrain
sel_nbh_k3_n256_privileged,31019,13,cascade,183,173,10,1,1,2,1,Cascade
sel_nbh_k3_n256_privileged,31020,10,split_brain,131,124,7,1,1,1,1,SplitBrain
sel_nbh_k3_n256_privileged,31020,23,slow_leak,256,254,2,1,,,,
sel_nbh_k3_n256_privileged,31022,18,cascade,160,154,6,1,1,3,1,Cascade
sel_nbh_k3_n256_privileged,31024,7,cascade,193,191,2,1,1,4,1,Cascade
sel_nbh_k3_n256_privileged,31024,11,slow_leak,138,136,2,1,,,,
sel_nbh_k3_n256_privileged,31024,13,cascade,128,126,2,1,0,4,0,ResourceExhausted
sel_nbh_k3_n256_privileged,31025,5,cascade,194,191,3,1,1,10,1,Cascade
sel_nbh_k3_n256_privileged,31026,7,split_brain,256,256,0,1,0,6,0,ResourceExhausted
sel_nbh_k3_n256_privileged,31026,15,split_brain,222,220,2,1,0,7,0,Compound
sel_nbh_k3_n256_privileged,31026,26,compound,201,196,5,1,1,6,1,Compound
sel_nbh_k3_n256_privileged,31026,28,split_brain,256,256,0,1,1,3,1,SplitBrain
sel_nbh_k3_n256_privileged,31026,28,split_brain,256,256,0,1,0,3,0,ResourceExhausted
sel_nbh_k3_n256_privileged,31027,8,cascade,214,209,5,1,1,3,1,Cascade
sel_nbh_k3_n256_privileged,31028,9,split_brain,203,195,8,1,1,5,1,SplitBrain
sel_nbh_k3_n256_privileged,31030,10,split_brain,215,208,7,1,1,2,1,SplitBrain
sel_nbh_k3_n256_privileged,31031,6,cascade,124,120,4,1,0,8,0,Compound
sel_nbh_k3_n256_privileged,31031,24,compound,163,155,8,1,1,4,1,Compound
sel_nbh_k3_n256_privileged,31032,13,slow_leak,186,183,3,1,,,,
sel_nbh_k3_n256_privileged,31033,2,split_brain,170,164,6,1,1,6,1,SplitBrain
sel_nbh_k3_n256_privileged,31033,9,compound,206,202,4,1,1,1,1,Compound
sel_nbh_k3_n256_privileged,31033,24,compound,170,167,3,1,1,0,1,Compound
sel_nbh_k3_n256_privileged,31034,0,slow_leak,156,153,3,1,,,,
sel_nbh_k3_n256_privileged,31034,7,compound,180,177,3,1,0,0,0,ResourceExhausted
sel_nbh_k3_n256_privileged,31034,15,slow_leak,193,190,3,1,,,,
sel_nbh_k3_n256_privileged,31035,2,cascade,171,163,8,1,1,6,1,Cascade
sel_nbh_k3_n256_privileged,31036,5,cascade,131,123,8,1,1,3,1,Cascade
sel_nbh_k3_n256_privileged,31036,6,slow_leak,129,128,1,1,,,,
sel_nbh_k3_n256_privileged,31037,18,slow_leak,256,252,4,1,,,,
sel_nbh_k3_n256_privileged,31038,9,split_brain,200,195,5,1,1,3,1,SplitBrain
sel_nbh_k3_n256_privileged,31038,12,compound,148,145,3,1,1,1,1,Compound
sel_nbh_k3_n256_privileged,31038,13,slow_leak,220,219,1,1,,,,
sel_nbh_k3_n256_privileged,31040,5,split_brain,161,158,3,1,1,2,1,SplitBrain
sel_nbh_k3_n256_privileged,31040,9,split_brain,256,255,1,1,1,6,1,SplitBrain
sel_nbh_k3_n256_privileged,31040,12,split_brain,212,206,6,1,1,0,1,SplitBrain
sel_nbh_k3_n256_privileged,31040,21,slow_leak,188,188,0,1,,,,
sel_nbh_k3_n256_privileged,31040,30,slow_leak,206,201,5,1,,,,
sel_nbh_k3_n256_privileged,31041,1,compound,147,139,8,1,1,3,1,Compound
sel_nbh_k3_n256_privileged,31041,5,compound,167,160,7,1,1,3,1,Compound
sel_nbh_k3_n256_privileged,31042,10,compound,212,209,3,1,1,4,1,Compound
sel_nbh_k3_n256_privileged,31042,11,compound,161,157,4,1,1,1,1,Compound
sel_nbh_k3_n256_privileged,31042,19,compound,150,146,4,1,1,1,1,Compound
sel_nbh_k3_n256_privileged,31042,21,compound,123,119,4,1,1,1,1,Compound
sel_nbh_k3_n256_privileged,31043,6,cascade,156,152,4,1,1,4,1,Cascade
sel_nbh_k3_n256_privileged,31044,10,split_brain,234,233,1,1,0,0,0,ResourceExhausted
sel_nbh_k3_n256_privileged,31045,22,compound,192,186,6,1,1,8,1,Compound
sel_nbh_k3_n256_privileged,31046,0,compound,156,148,8,1,1,10,1,Compound
sel_nbh_k3_n256_privileged,31046,12,compound,177,171,6,1,1,10,1,Compound
sel_nbh_k3_n256_privileged,31046,26,compound,256,252,4,1,0,7,0,ConfigDrift
sel_nbh_k3_n256_privileged,31046,33,compound,239,234,5,1,1,9,1,Compound
sel_nbh_k3_n256_privileged,31047,27,compound,167,163,4,1,1,7,1,Compound
sel_nbh_k3_n256_privileged,31047,31,compound,196,191,5,1,1,0,1,Compound
sel_nbh_k3_n256_privileged,31048,13,compound,247,241,6,1,1,7,1,Compound
sel_nbh_k3_n256_privileged,31048,18,cascade,160,152,8,1,1,8,1,Cascade
sel_nbh_k3_n256_privileged,31048,34,compound,194,190,4,1,0,7,0,Cascade
sel_nbh_k3_n256_privileged,31049,29,cascade,256,248,8,1,1,6,1,Cascade
sel_nbh_k3_n256_privileged,31049,34,compound,192,187,5,1,1,1,1,Compound
sel_nbh_k3_n256_privileged,31050,15,split_brain,150,145,5,1,1,8,1,SplitBrain
sel_nbh_k3_n256_privileged,31051,10,cascade,232,225,7,1,0,9,0,Compound
sel_nbh_k3_n256_privileged,31051,13,split_brain,256,256,0,1,1,8,1,SplitBrain
sel_nbh_k3_n256_privileged,31051,19,split_brain,185,180,5,1,1,8,1,SplitBrain
sel_nbh_k3_n256_privileged,31051,25,split_brain,256,252,4,1,1,8,1,SplitBrain
sel_nbh_k3_n256_privileged,31051,29,split_brain,133,130,3,1,1,2,1,SplitBrain
sel_nbh_k3_n256_privileged,31052,0,split_brain,120,114,6,1,1,5,1,SplitBrain
sel_nbh_k3_n256_privileged,31052,4,slow_leak,250,247,3,1,,,,
sel_nbh_k3_n256_privileged,31052,6,split_brain,226,223,3,1,1,6,1,SplitBrain
sel_nbh_k3_n256_privileged,31052,10,split_brain,184,180,4,1,1,4,1,SplitBrain
sel_nbh_k3_n256_privileged,31052,20,compound,186,179,7,1,1,1,1,Compound
sel_nbh_k3_n256_privileged,31055,12,slow_leak,226,223,3,1,,,,
sel_nbh_k3_n256_privileged,31056,13,compound,213,207,6,1,1,2,1,Compound
sel_nbh_k3_n256_privileged,31057,2,slow_leak,228,226,2,1,,,,
sel_nbh_k3_n256_privileged,31057,29,slow_leak,202,199,3,1,,,,
sel_nbh_k3_n256_privileged,31058,9,split_brain,178,174,4,1,1,9,1,SplitBrain
sel_nbh_k3_n256_privileged,31058,11,compound,146,141,5,1,1,9,1,Compound
sel_nbh_k3_n256_privileged,31058,17,cascade,179,175,4,1,1,6,1,Cascade
sel_nbh_k3_n256_privileged,31058,18,compound,163,158,5,1,1,9,1,Compound
sel_nbh_k3_n256_privileged,31058,19,split_brain,147,141,6,1,1,7,1,SplitBrain
sel_nbh_k3_n256_privileged,31059,0,compound,129,126,3,1,1,9,1,Compound
sel_nbh_k3_n256_privileged,31059,15,slow_leak,241,239,2,1,,,,
sel_nbh_k3_n256_privileged,31059,27,cascade,253,247,6,1,1,7,1,Cascade
sel_nbh_k3_n256_privileged,31059,33,split_brain,193,185,8,1,1,7,1,SplitBrain
sel_nbh_k3_n256_privileged,31060,8,slow_leak,194,191,3,1,,,,
sel_nbh_k3_n256_privileged,31060,19,slow_leak,252,252,0,1,,,,
sel_nbh_k3_n256_privileged,31061,21,split_brain,252,249,3,1,1,3,1,SplitBrain
sel_nbh_k3_n256_privileged,31061,23,split_brain,179,172,7,1,1,7,1,SplitBrain
sel_nbh_k3_n256_privileged,31062,4,slow_leak,184,180,4,1,,,,
sel_nbh_k3_n256_privileged,31062,15,compound,183,179,4,1,1,5,1,Compound
sel_nbh_k3_n256_privileged,31063,2,compound,172,167,5,1,0,2,0,Cascade
sel_nbh_k3_n256_privileged,31063,18,slow_leak,166,164,2,1,,,,
sel_nbh_k3_n256_privileged,31064,0,compound,134,130,4,1,1,4,1,Compound
sel_nbh_k3_n256_privileged,31064,8,compound,120,115,5,1,1,4,1,Compound
sel_nbh_k3_n256_privileged,31065,2,cascade,159,151,8,1,1,5,1,Cascade
sel_nbh_k3_n256_privileged,31066,19,cascade,193,190,3,1,1,7,1,Cascade
sel_nbh_k3_n256_privileged,31068,2,split_brain,143,138,5,1,1,4,1,SplitBrain
sel_nbh_k3_n256_privileged,31068,11,split_brain,218,215,3,1,1,4,1,SplitBrain
sel_nbh_k3_n256_privileged,31068,15,cascade,173,166,7,1,1,6,1,Cascade
sel_nbh_k3_n256_privileged,31068,29,split_brain,195,191,4,0,0,1,1,SplitBrain
sel_nbh_k3_n256_privileged,31068,29,split_brain,256,252,4,1,1,4,1,SplitBrain
sel_nbh_k3_n256_privileged,31069,0,compound,85,81,4,1,1,9,1,Compound
sel_nbh_k3_n256_privileged,31069,4,split_brain,180,174,6,1,1,2,1,SplitBrain
sel_nbh_k3_n256_privileged,31069,11,split_brain,168,163,5,1,1,7,1,SplitBrain
sel_nbh_k3_n256_privileged,31069,15,split_brain,197,190,7,1,1,2,1,SplitBrain
sel_nbh_k3_n256_privileged,31069,21,split_brain,171,165,6,1,1,2,1,SplitBrain
sel_nbh_k3_n256_privileged,31070,8,compound,251,245,6,1,1,0,1,Compound
sel_nbh_k3_n256_privileged,31070,14,compound,171,164,7,1,1,0,1,Compound
sel_nbh_k3_n256_privileged,31071,5,compound,186,181,5,1,0,5,0,SplitBrain
sel_nbh_k3_n256_privileged,31071,9,compound,222,217,5,1,1,8,1,Compound
sel_nbh_k3_n256_privileged,31071,6,slow_leak,213,213,0,1,,,,
sel_nbh_k3_n256_privileged,31072,12,cascade,243,240,3,1,1,4,1,Cascade
sel_nbh_k3_n256_privileged,31072,19,cascade,245,240,5,1,1,4,1,Cascade
sel_nbh_k3_n256_privileged,31072,26,compound,160,154,6,1,1,0,1,Compound
sel_nbh_k3_n256_privileged,31073,2,split_brain,179,175,4,0,0,8,1,SplitBrain
sel_nbh_k3_n256_privileged,31073,2,split_brain,209,205,4,1,1,5,1,SplitBrain
sel_nbh_k3_n256_privileged,31073,12,split_brain,205,200,5,1,1,5,1,SplitBrain
sel_nbh_k3_n256_privileged,31073,13,split_brain,124,121,3,1,1,3,1,SplitBrain
sel_nbh_k3_n256_privileged,31073,24,split_brain,167,162,5,1,1,5,1,SplitBrain
sel_nbh_k3_n256_privileged,31074,0,split_brain,112,108,4,1,1,8,1,SplitBrain
sel_nbh_k3_n256_privileged,31074,5,split_brain,204,200,4,1,1,8,1,SplitBrain
sel_nbh_k3_n256_privileged,31074,6,slow_leak,190,190,0,1,,,,
sel_nbh_k3_n256_privileged,31074,22,split_brain,154,149,5,1,1,9,1,SplitBrain
sel_nbh_k3_n256_privileged,31075,2,cascade,171,163,8,1,1,4,1,Cascade
sel_nbh_k3_n256_privileged,31077,0,cascade,122,119,3,1,1,6,1,Cascade
sel_nbh_k3_n256_privileged,31077,27,compound,134,130,4,1,0,1,0,Cascade
sel_nbh_k3_n256_privileged,31078,5,slow_leak,241,239,2,1,,,,
sel_nbh_k3_n256_privileged,31078,16,compound,191,188,3,1,1,6,1,Compound
sel_nbh_k3_n256_privileged,31078,18,cascade,204,199,5,1,1,5,1,Cascade
sel_nbh_k3_n256_privileged,31079,6,split_brain,191,188,3,1,1,7,1,SplitBrain
sel_nbh_k3_n256_privileged,31079,12,split_brain,220,217,3,1,1,7,1,SplitBrain
sel_nbh_k3_n256_privileged,31080,9,compound,256,252,4,1,1,0,1,Compound
sel_nbh_k3_n256_privileged,31080,30,compound,256,251,5,1,1,1,1,Compound
sel_nbh_k3_n256_privileged,31080,33,slow_leak,256,253,3,1,,,,
sel_nbh_k3_n256_privileged,31081,11,compound,248,243,5,1,0,8,0,Cascade
sel_nbh_k3_n256_privileged,31081,17,compound,218,212,6,1,1,3,1,Compound
sel_nbh_k3_n256_privileged,31081,18,cascade,216,206,10,1,1,1,1,Cascade
sel_nbh_k3_n256_privileged,31082,12,split_brain,214,207,7,1,1,6,1,SplitBrain
sel_nbh_k3_n256_privileged,31082,18,compound,139,131,8,1,1,8,1,Compound
sel_nbh_k3_n256_privileged,31083,10,compound,256,252,4,1,1,6,1,Compound
sel_nbh_k3_n256_privileged,31083,12,compound,256,251,5,1,1,7,1,Compound
sel_nbh_k3_n256_privileged,31083,21,cascade,162,155,7,1,1,7,1,Cascade
sel_nbh_k3_n256_privileged,31084,9,compound,213,209,4,1,1,0,1,Compound
sel_nbh_k3_n256_privileged,31084,15,compound,170,166,4,1,1,0,1,Compound
sel_nbh_k3_n256_privileged,31084,24,compound,241,235,6,1,1,8,1,Compound
sel_nbh_k3_n256_privileged,31084,27,split_brain,243,236,7,1,1,6,1,SplitBrain
sel_nbh_k3_n256_privileged,31085,20,split_brain,256,255,1,1,1,4,1,SplitBrain
sel_nbh_k3_n256_privileged,31086,21,split_brain,212,204,8,1,1,8,1,SplitBrain
sel_nbh_k3_n256_privileged,31086,31,compound,235,231,4,1,1,10,1,Compound
sel_nbh_k3_n256_privileged,31087,1,cascade,150,145,5,1,1,2,1,Cascade
sel_nbh_k3_n256_privileged,31088,33,compound,150,145,5,1,1,7,1,Compound
sel_nbh_k3_n256_privileged,31089,23,compound,162,157,5,1,1,4,1,Compound
sel_nbh_k3_n256_privileged,31089,34,compound,155,150,5,1,1,2,1,Compound
sel_nbh_k3_n256_privileged,31090,6,compound,256,252,4,1,1,7,1,Compound
sel_nbh_k3_n256_privileged,31090,11,compound,162,155,7,1,1,6,1,Compound
sel_nbh_k3_n256_privileged,31090,22,compound,230,226,4,1,1,7,1,Compound
sel_nbh_k3_n256_privileged,31090,23,split_brain,231,225,6,1,1,0,1,SplitBrain
sel_nbh_k3_n256_privileged,31091,4,compound,175,171,4,1,1,2,1,Compound
sel_nbh_k3_n256_privileged,31091,10,cascade,130,125,5,1,1,1,1,Cascade
sel_nbh_k3_n256_privileged,31091,14,compound,134,127,7,1,1,2,1,Compound
sel_nbh_k3_n256_privileged,31093,13,split_brain,151,143,8,1,1,3,1,SplitBrain
sel_nbh_k3_n256_privileged,31095,0,compound,113,108,5,1,1,4,1,Compound
sel_nbh_k3_n256_privileged,31095,2,compound,118,114,4,1,1,9,1,Compound
sel_nbh_k3_n256_privileged,31096,18,split_brain,167,161,6,1,1,2,1,SplitBrain
sel_nbh_k3_n256_privileged,31097,1,compound,143,138,5,1,1,4,1,Compound
sel_nbh_k3_n256_privileged,31097,4,compound,154,149,5,1,0,4,0,CredentialExpired
sel_nbh_k3_n256_privileged,31097,9,compound,166,160,6,1,1,3,1,Compound
sel_nbh_k3_n256_privileged,31097,12,compound,175,169,6,1,1,4,1,Compound
sel_nbh_k3_n256_privileged,31097,22,split_brain,153,146,7,1,1,6,1,SplitBrain
sel_nbh_k3_n256_privileged,31099,2,compound,146,143,3,1,0,1,0,CredentialExpired
sel_nbh_k3_n256_privileged,31099,14,compound,177,172,5,1,1,1,1,Compound
sel_nbh_k3_n256_privileged,31099,19,cascade,180,176,4,1,1,1,1,Cascade
sel_nbh_k4_n256_privileged,31000,30,slow_leak,191,191,0,1,,,,
sel_nbh_k4_n256_privileged,31001,2,slow_leak,137,135,2,1,,,,
sel_nbh_k4_n256_privileged,31002,9,slow_leak,256,254,2,1,,,,
sel_nbh_k4_n256_privileged,31002,14,split_brain,244,237,7,1,1,2,1,SplitBrain
sel_nbh_k4_n256_privileged,31003,5,split_brain,178,172,6,1,1,0,1,SplitBrain
sel_nbh_k4_n256_privileged,31003,13,split_brain,256,249,7,1,1,0,1,SplitBrain
sel_nbh_k4_n256_privileged,31003,15,split_brain,217,211,6,1,1,0,1,SplitBrain
sel_nbh_k4_n256_privileged,31004,22,split_brain,204,201,3,1,1,4,1,SplitBrain
sel_nbh_k4_n256_privileged,31005,11,slow_leak,169,166,3,1,,,,
sel_nbh_k4_n256_privileged,31005,21,compound,214,209,5,1,1,1,1,Compound
sel_nbh_k4_n256_privileged,31005,26,split_brain,193,185,8,1,1,10,1,SplitBrain
sel_nbh_k4_n256_privileged,31006,15,split_brain,178,170,8,1,1,1,1,SplitBrain
sel_nbh_k4_n256_privileged,31008,19,compound,227,223,4,1,1,5,1,Compound
sel_nbh_k4_n256_privileged,31009,18,cascade,177,171,6,1,1,6,1,Cascade
sel_nbh_k4_n256_privileged,31009,21,split_brain,166,158,8,1,1,7,1,SplitBrain
sel_nbh_k4_n256_privileged,31010,9,cascade,201,195,6,1,1,8,1,Cascade
sel_nbh_k4_n256_privileged,31011,16,compound,154,147,7,1,1,4,1,Compound
sel_nbh_k4_n256_privileged,31013,12,slow_leak,183,183,0,1,,,,
sel_nbh_k4_n256_privileged,31013,15,split_brain,166,159,7,1,1,4,1,SplitBrain
sel_nbh_k4_n256_privileged,31013,23,split_brain,231,223,8,1,1,4,1,SplitBrain
sel_nbh_k4_n256_privileged,31014,3,split_brain,198,191,7,1,1,3,1,SplitBrain
sel_nbh_k4_n256_privileged,31014,7,cascade,170,162,8,1,1,3,1,Cascade
sel_nbh_k4_n256_privileged,31015,2,split_brain,155,151,4,1,1,9,1,SplitBrain
sel_nbh_k4_n256_privileged,31015,6,slow_leak,202,200,2,1,,,,
sel_nbh_k4_n256_privileged,31015,17,split_brain,230,226,4,1,1,9,1,SplitBrain
sel_nbh_k4_n256_privileged,31016,5,compound,191,187,4,1,1,5,1,Compound
sel_nbh_k4_n256_privileged,31016,19,cascade,153,144,9,1,1,2,1,Cascade
sel_nbh_k4_n256_privileged,31016,21,compound,174,170,4,1,1,6,1,Compound
sel_nbh_k4_n256_privileged,31017,12,split_brain,145,141,4,1,1,5,1,SplitBrain
sel_nbh_k4_n256_privileged,31019,9,split_brain,158,150,8,1,1,1,1,SplitBrain
sel_nbh_k4_n256_privileged,31019,13,cascade,183,173,10,1,1,2,1,Cascade
sel_nbh_k4_n256_privileged,31020,10,split_brain,143,136,7,1,1,1,1,SplitBrain
sel_nbh_k4_n256_privileged,31020,23,slow_leak,256,254,2,1,,,,
sel_nbh_k4_n256_privileged,31022,18,cascade,160,154,6,1,1,3,1,Cascade
sel_nbh_k4_n256_privileged,31024,7,cascade,205,200,5,1,1,4,1,Cascade
sel_nbh_k4_n256_privileged,31024,11,slow_leak,149,147,2,1,,,,
sel_nbh_k4_n256_privileged,31024,13,cascade,139,134,5,1,0,4,0,ResourceExhausted
sel_nbh_k4_n256_privileged,31025,5,cascade,203,200,3,1,1,10,1,Cascade
sel_nbh_k4_n256_privileged,31026,7,split_brain,256,256,0,1,0,6,0,ResourceExhausted
sel_nbh_k4_n256_privileged,31026,15,split_brain,239,236,3,1,1,7,1,SplitBrain
sel_nbh_k4_n256_privileged,31026,26,compound,201,196,5,1,1,6,1,Compound
sel_nbh_k4_n256_privileged,31026,28,split_brain,256,256,0,1,1,3,1,SplitBrain
sel_nbh_k4_n256_privileged,31026,28,split_brain,256,256,0,1,0,3,0,ResourceExhausted
sel_nbh_k4_n256_privileged,31027,8,cascade,214,209,5,1,1,3,1,Cascade
sel_nbh_k4_n256_privileged,31028,9,split_brain,203,195,8,1,1,5,1,SplitBrain
sel_nbh_k4_n256_privileged,31030,10,split_brain,215,208,7,1,1,2,1,SplitBrain
sel_nbh_k4_n256_privileged,31031,6,cascade,156,147,9,1,1,8,1,Cascade
sel_nbh_k4_n256_privileged,31031,24,compound,174,166,8,1,1,4,1,Compound
sel_nbh_k4_n256_privileged,31032,13,slow_leak,186,183,3,1,,,,
sel_nbh_k4_n256_privileged,31033,2,split_brain,170,164,6,1,1,6,1,SplitBrain
sel_nbh_k4_n256_privileged,31033,9,compound,206,202,4,1,1,1,1,Compound
sel_nbh_k4_n256_privileged,31033,24,compound,170,167,3,1,1,0,1,Compound
sel_nbh_k4_n256_privileged,31034,0,slow_leak,156,153,3,1,,,,
sel_nbh_k4_n256_privileged,31034,7,compound,180,177,3,1,0,0,0,ResourceExhausted
sel_nbh_k4_n256_privileged,31034,15,slow_leak,193,190,3,1,,,,
sel_nbh_k4_n256_privileged,31035,2,cascade,171,163,8,1,1,6,1,Cascade
sel_nbh_k4_n256_privileged,31036,5,cascade,131,123,8,1,1,3,1,Cascade
sel_nbh_k4_n256_privileged,31036,6,slow_leak,137,136,1,1,,,,
sel_nbh_k4_n256_privileged,31037,18,slow_leak,256,252,4,1,,,,
sel_nbh_k4_n256_privileged,31038,9,split_brain,200,195,5,1,1,3,1,SplitBrain
sel_nbh_k4_n256_privileged,31038,12,compound,148,145,3,1,1,1,1,Compound
sel_nbh_k4_n256_privileged,31038,13,slow_leak,220,219,1,1,,,,
sel_nbh_k4_n256_privileged,31040,5,split_brain,161,158,3,1,1,2,1,SplitBrain
sel_nbh_k4_n256_privileged,31040,9,split_brain,256,256,0,1,1,6,1,SplitBrain
sel_nbh_k4_n256_privileged,31040,12,split_brain,212,206,6,1,1,0,1,SplitBrain
sel_nbh_k4_n256_privileged,31040,21,slow_leak,188,188,0,1,,,,
sel_nbh_k4_n256_privileged,31040,30,slow_leak,206,201,5,1,,,,
sel_nbh_k4_n256_privileged,31041,1,compound,158,150,8,1,1,3,1,Compound
sel_nbh_k4_n256_privileged,31041,5,compound,174,167,7,1,1,3,1,Compound
sel_nbh_k4_n256_privileged,31042,10,compound,212,209,3,1,1,4,1,Compound
sel_nbh_k4_n256_privileged,31042,11,compound,161,157,4,1,1,1,1,Compound
sel_nbh_k4_n256_privileged,31042,19,compound,150,146,4,1,1,1,1,Compound
sel_nbh_k4_n256_privileged,31042,21,compound,123,119,4,1,1,1,1,Compound
sel_nbh_k4_n256_privileged,31043,6,cascade,156,152,4,1,1,4,1,Cascade
sel_nbh_k4_n256_privileged,31044,10,split_brain,234,233,1,1,0,0,0,ResourceExhausted
sel_nbh_k4_n256_privileged,31045,22,compound,192,186,6,1,1,8,1,Compound
sel_nbh_k4_n256_privileged,31046,0,compound,156,148,8,1,1,10,1,Compound
sel_nbh_k4_n256_privileged,31046,12,compound,177,171,6,1,1,10,1,Compound
sel_nbh_k4_n256_privileged,31046,26,compound,256,252,4,1,0,7,0,ConfigDrift
sel_nbh_k4_n256_privileged,31046,33,compound,239,234,5,1,1,9,1,Compound
sel_nbh_k4_n256_privileged,31047,27,compound,167,163,4,1,1,7,1,Compound
sel_nbh_k4_n256_privileged,31047,31,compound,196,191,5,1,1,0,1,Compound
sel_nbh_k4_n256_privileged,31048,13,compound,256,250,6,1,1,7,1,Compound
sel_nbh_k4_n256_privileged,31048,18,cascade,220,211,9,1,1,8,1,Cascade
sel_nbh_k4_n256_privileged,31048,34,compound,206,202,4,1,0,7,0,Cascade
sel_nbh_k4_n256_privileged,31049,29,cascade,256,248,8,1,1,6,1,Cascade
sel_nbh_k4_n256_privileged,31049,34,compound,192,187,5,1,1,1,1,Compound
sel_nbh_k4_n256_privileged,31050,15,split_brain,150,145,5,1,1,8,1,SplitBrain
sel_nbh_k4_n256_privileged,31051,10,cascade,232,225,7,1,0,9,0,Compound
sel_nbh_k4_n256_privileged,31051,13,split_brain,256,256,0,1,1,8,1,SplitBrain
sel_nbh_k4_n256_privileged,31051,19,split_brain,185,180,5,1,1,8,1,SplitBrain
sel_nbh_k4_n256_privileged,31051,25,split_brain,256,252,4,1,1,8,1,SplitBrain
sel_nbh_k4_n256_privileged,31051,29,split_brain,133,130,3,1,1,2,1,SplitBrain
sel_nbh_k4_n256_privileged,31052,0,split_brain,120,114,6,1,1,5,1,SplitBrain
sel_nbh_k4_n256_privileged,31052,4,slow_leak,250,247,3,1,,,,
sel_nbh_k4_n256_privileged,31052,6,split_brain,226,223,3,1,1,6,1,SplitBrain
sel_nbh_k4_n256_privileged,31052,10,split_brain,184,180,4,1,1,4,1,SplitBrain
sel_nbh_k4_n256_privileged,31052,20,compound,186,179,7,1,1,1,1,Compound
sel_nbh_k4_n256_privileged,31055,12,slow_leak,226,223,3,1,,,,
sel_nbh_k4_n256_privileged,31056,13,compound,213,207,6,1,1,2,1,Compound
sel_nbh_k4_n256_privileged,31057,2,slow_leak,228,226,2,1,,,,
sel_nbh_k4_n256_privileged,31057,29,slow_leak,202,199,3,1,,,,
sel_nbh_k4_n256_privileged,31058,9,split_brain,178,174,4,1,1,9,1,SplitBrain
sel_nbh_k4_n256_privileged,31058,11,compound,146,141,5,1,1,9,1,Compound
sel_nbh_k4_n256_privileged,31058,17,cascade,189,185,4,1,1,6,1,Cascade
sel_nbh_k4_n256_privileged,31058,18,compound,163,158,5,1,1,9,1,Compound
sel_nbh_k4_n256_privileged,31058,19,split_brain,158,152,6,1,1,7,1,SplitBrain
sel_nbh_k4_n256_privileged,31059,0,compound,129,126,3,1,1,9,1,Compound
sel_nbh_k4_n256_privileged,31059,15,slow_leak,241,239,2,1,,,,
sel_nbh_k4_n256_privileged,31059,27,cascade,253,247,6,1,1,7,1,Cascade
sel_nbh_k4_n256_privileged,31059,33,split_brain,193,185,8,1,1,7,1,SplitBrain
sel_nbh_k4_n256_privileged,31060,8,slow_leak,194,191,3,1,,,,
sel_nbh_k4_n256_privileged,31060,19,slow_leak,252,252,0,1,,,,
sel_nbh_k4_n256_privileged,31061,21,split_brain,252,249,3,1,1,3,1,SplitBrain
sel_nbh_k4_n256_privileged,31061,23,split_brain,221,214,7,1,1,7,1,SplitBrain
sel_nbh_k4_n256_privileged,31062,4,slow_leak,184,180,4,1,,,,
sel_nbh_k4_n256_privileged,31062,15,compound,183,179,4,1,1,5,1,Compound
sel_nbh_k4_n256_privileged,31063,2,compound,172,167,5,1,0,2,0,Cascade
sel_nbh_k4_n256_privileged,31063,18,slow_leak,195,193,2,1,,,,
sel_nbh_k4_n256_privileged,31064,0,compound,134,130,4,1,1,4,1,Compound
sel_nbh_k4_n256_privileged,31064,8,compound,120,115,5,1,1,4,1,Compound
sel_nbh_k4_n256_privileged,31065,2,cascade,159,151,8,1,1,5,1,Cascade
sel_nbh_k4_n256_privileged,31066,19,cascade,193,190,3,1,1,7,1,Cascade
sel_nbh_k4_n256_privileged,31068,2,split_brain,143,138,5,1,1,4,1,SplitBrain
sel_nbh_k4_n256_privileged,31068,11,split_brain,218,215,3,1,1,4,1,SplitBrain
sel_nbh_k4_n256_privileged,31068,15,cascade,173,166,7,1,1,6,1,Cascade
sel_nbh_k4_n256_privileged,31068,29,split_brain,195,191,4,0,0,1,1,SplitBrain
sel_nbh_k4_n256_privileged,31068,29,split_brain,256,252,4,1,1,4,1,SplitBrain
sel_nbh_k4_n256_privileged,31069,0,compound,117,113,4,1,1,9,1,Compound
sel_nbh_k4_n256_privileged,31069,4,split_brain,180,174,6,1,1,2,1,SplitBrain
sel_nbh_k4_n256_privileged,31069,11,split_brain,199,194,5,1,1,7,1,SplitBrain
sel_nbh_k4_n256_privileged,31069,15,split_brain,197,190,7,1,1,2,1,SplitBrain
sel_nbh_k4_n256_privileged,31069,21,split_brain,171,165,6,1,1,2,1,SplitBrain
sel_nbh_k4_n256_privileged,31070,8,compound,251,245,6,1,1,0,1,Compound
sel_nbh_k4_n256_privileged,31070,14,compound,171,164,7,1,1,0,1,Compound
sel_nbh_k4_n256_privileged,31071,5,compound,186,181,5,1,0,5,0,SplitBrain
sel_nbh_k4_n256_privileged,31071,9,compound,222,217,5,1,1,8,1,Compound
sel_nbh_k4_n256_privileged,31071,6,slow_leak,240,240,0,1,,,,
sel_nbh_k4_n256_privileged,31072,12,cascade,243,240,3,1,1,4,1,Cascade
sel_nbh_k4_n256_privileged,31072,19,cascade,245,240,5,1,1,4,1,Cascade
sel_nbh_k4_n256_privileged,31072,26,compound,160,154,6,1,1,0,1,Compound
sel_nbh_k4_n256_privileged,31073,2,split_brain,185,181,4,0,0,8,1,SplitBrain
sel_nbh_k4_n256_privileged,31073,2,split_brain,209,205,4,1,1,5,1,SplitBrain
sel_nbh_k4_n256_privileged,31073,12,split_brain,205,200,5,1,1,5,1,SplitBrain
sel_nbh_k4_n256_privileged,31073,13,split_brain,124,121,3,1,1,3,1,SplitBrain
sel_nbh_k4_n256_privileged,31073,24,split_brain,167,162,5,1,1,5,1,SplitBrain
sel_nbh_k4_n256_privileged,31074,0,split_brain,112,108,4,1,1,8,1,SplitBrain
sel_nbh_k4_n256_privileged,31074,5,split_brain,204,200,4,1,1,8,1,SplitBrain
sel_nbh_k4_n256_privileged,31074,6,slow_leak,190,190,0,1,,,,
sel_nbh_k4_n256_privileged,31074,22,split_brain,174,169,5,1,1,9,1,SplitBrain
sel_nbh_k4_n256_privileged,31075,2,cascade,171,163,8,1,1,4,1,Cascade
sel_nbh_k4_n256_privileged,31077,0,cascade,122,119,3,1,1,6,1,Cascade
sel_nbh_k4_n256_privileged,31077,27,compound,178,174,4,1,0,1,0,Cascade
sel_nbh_k4_n256_privileged,31078,5,slow_leak,256,254,2,1,,,,
sel_nbh_k4_n256_privileged,31078,16,compound,191,188,3,1,1,6,1,Compound
sel_nbh_k4_n256_privileged,31078,18,cascade,204,199,5,1,1,5,1,Cascade
sel_nbh_k4_n256_privileged,31079,6,split_brain,191,188,3,1,1,7,1,SplitBrain
sel_nbh_k4_n256_privileged,31079,12,split_brain,220,217,3,1,1,7,1,SplitBrain
sel_nbh_k4_n256_privileged,31080,9,compound,256,252,4,1,1,0,1,Compound
sel_nbh_k4_n256_privileged,31080,30,compound,256,251,5,1,1,1,1,Compound
sel_nbh_k4_n256_privileged,31080,33,slow_leak,256,254,2,1,,,,
sel_nbh_k4_n256_privileged,31081,11,compound,248,243,5,1,0,8,0,Cascade
sel_nbh_k4_n256_privileged,31081,17,compound,218,212,6,1,1,3,1,Compound
sel_nbh_k4_n256_privileged,31081,18,cascade,216,206,10,1,1,1,1,Cascade
sel_nbh_k4_n256_privileged,31082,12,split_brain,214,207,7,1,1,6,1,SplitBrain
sel_nbh_k4_n256_privileged,31082,18,compound,156,148,8,1,1,8,1,Compound
sel_nbh_k4_n256_privileged,31083,10,compound,256,252,4,1,1,6,1,Compound
sel_nbh_k4_n256_privileged,31083,12,compound,256,251,5,1,1,7,1,Compound
sel_nbh_k4_n256_privileged,31083,21,cascade,162,155,7,1,1,7,1,Cascade
sel_nbh_k4_n256_privileged,31084,9,compound,213,209,4,1,1,0,1,Compound
sel_nbh_k4_n256_privileged,31084,15,compound,170,166,4,1,1,0,1,Compound
sel_nbh_k4_n256_privileged,31084,24,compound,241,235,6,1,1,8,1,Compound
sel_nbh_k4_n256_privileged,31084,27,split_brain,243,236,7,1,1,6,1,SplitBrain
sel_nbh_k4_n256_privileged,31085,20,split_brain,256,255,1,1,1,4,1,SplitBrain
sel_nbh_k4_n256_privileged,31086,21,split_brain,242,234,8,1,1,8,1,SplitBrain
sel_nbh_k4_n256_privileged,31086,31,compound,235,231,4,1,1,10,1,Compound
sel_nbh_k4_n256_privileged,31087,1,cascade,150,145,5,1,1,2,1,Cascade
sel_nbh_k4_n256_privileged,31088,33,compound,256,251,5,1,1,7,1,Compound
sel_nbh_k4_n256_privileged,31089,23,compound,180,175,5,1,1,4,1,Compound
sel_nbh_k4_n256_privileged,31089,34,compound,155,150,5,1,1,2,1,Compound
sel_nbh_k4_n256_privileged,31090,6,compound,256,252,4,1,1,7,1,Compound
sel_nbh_k4_n256_privileged,31090,11,compound,162,155,7,1,1,6,1,Compound
sel_nbh_k4_n256_privileged,31090,22,compound,230,226,4,1,1,7,1,Compound
sel_nbh_k4_n256_privileged,31090,23,split_brain,231,225,6,1,1,0,1,SplitBrain
sel_nbh_k4_n256_privileged,31091,4,compound,175,171,4,1,1,2,1,Compound
sel_nbh_k4_n256_privileged,31091,10,cascade,130,125,5,1,1,1,1,Cascade
sel_nbh_k4_n256_privileged,31091,14,compound,134,127,7,1,1,2,1,Compound
sel_nbh_k4_n256_privileged,31093,13,split_brain,151,143,8,1,1,3,1,SplitBrain
sel_nbh_k4_n256_privileged,31095,0,compound,113,108,5,1,1,4,1,Compound
sel_nbh_k4_n256_privileged,31095,2,compound,118,114,4,1,1,9,1,Compound
sel_nbh_k4_n256_privileged,31096,18,split_brain,167,161,6,1,1,2,1,SplitBrain
sel_nbh_k4_n256_privileged,31097,1,compound,143,138,5,1,1,4,1,Compound
sel_nbh_k4_n256_privileged,31097,4,compound,154,149,5,1,0,4,0,CredentialExpired
sel_nbh_k4_n256_privileged,31097,9,compound,166,160,6,1,1,3,1,Compound
sel_nbh_k4_n256_privileged,31097,12,compound,175,169,6,1,1,4,1,Compound
sel_nbh_k4_n256_privileged,31097,22,split_brain,153,146,7,1,1,6,1,SplitBrain
sel_nbh_k4_n256_privileged,31099,2,compound,146,143,3,1,0,1,0,CredentialExpired
sel_nbh_k4_n256_privileged,31099,14,compound,177,172,5,1,1,1,1,Compound
sel_nbh_k4_n256_privileged,31099,19,cascade,180,176,4,1,1,1,1,Cascade
sel_rung_privileged,31000,30,slow_leak,34,34,0,1,,,,
sel_rung_privileged,31001,2,slow_leak,36,34,2,1,,,,
sel_rung_privileged,31002,9,slow_leak,67,65,2,1,,,,
sel_rung_privileged,31002,14,split_brain,52,50,2,1,1,2,1,SplitBrain
sel_rung_privileged,31003,5,split_brain,45,43,2,1,1,0,1,SplitBrain
sel_rung_privileged,31003,13,split_brain,67,65,2,1,0,0,0,Compound
sel_rung_privileged,31003,15,split_brain,63,61,2,1,1,0,1,SplitBrain
sel_rung_privileged,31004,22,split_brain,42,40,2,1,1,4,1,SplitBrain
sel_rung_privileged,31005,11,slow_leak,34,31,3,1,,,,
sel_rung_privileged,31005,21,compound,65,60,5,1,1,1,1,Compound
sel_rung_privileged,31005,26,split_brain,33,30,3,1,0,10,0,Compound
sel_rung_privileged,31006,15,split_brain,39,36,3,1,1,1,1,SplitBrain
sel_rung_privileged,31008,19,compound,36,32,4,1,1,5,1,Compound
sel_rung_privileged,31009,18,cascade,39,37,2,1,0,6,0,Compound
sel_rung_privileged,31009,21,split_brain,38,35,3,1,0,7,0,Compound
sel_rung_privileged,31010,9,cascade,42,40,2,1,0,8,0,ConfigDrift
sel_rung_privileged,31011,16,compound,41,34,7,1,1,4,1,Compound
sel_rung_privileged,31013,12,slow_leak,42,42,0,1,,,,
sel_rung_privileged,31013,15,split_brain,42,40,2,1,1,4,1,SplitBrain
sel_rung_privileged,31013,23,split_brain,43,40,3,1,1,4,1,SplitBrain
sel_rung_privileged,31014,3,split_brain,49,47,2,1,0,3,0,Compound
sel_rung_privileged,31014,7,cascade,54,51,3,1,0,3,0,Compound
sel_rung_privileged,31015,2,split_brain,27,25,2,1,1,9,1,SplitBrain
sel_rung_privileged,31015,6,slow_leak,32,30,2,1,,,,
sel_rung_privileged,31015,17,split_brain,35,33,2,1,0,9,0,Compound
sel_rung_privileged,31016,5,compound,30,26,4,1,1,5,1,Compound
sel_rung_privileged,31016,19,cascade,50,48,2,1,0,2,0,Compound
sel_rung_privileged,31016,21,compound,39,35,4,1,1,6,1,Compound
sel_rung_privileged,31017,12,split_brain,35,33,2,1,1,5,1,SplitBrain
sel_rung_privileged,31019,9,split_brain,46,43,3,1,1,1,1,SplitBrain
sel_rung_privileged,31019,13,cascade,56,53,3,1,0,2,0,Compound
sel_rung_privileged,31020,10,split_brain,47,45,2,1,1,1,1,SplitBrain
sel_rung_privileged,31020,23,slow_leak,58,56,2,1,,,,
sel_rung_privileged,31022,18,cascade,33,31,2,1,0,3,0,Compound
sel_rung_privileged,31024,7,cascade,33,31,2,1,0,4,0,ResourceExhausted
sel_rung_privileged,31024,11,slow_leak,39,37,2,1,,,,
sel_rung_privileged,31024,13,cascade,36,34,2,1,0,4,0,ResourceExhausted
sel_rung_privileged,31025,5,cascade,39,37,2,1,0,10,0,Compound
sel_rung_privileged,31026,7,split_brain,70,68,2,1,1,6,1,SplitBrain
sel_rung_privileged,31026,15,split_brain,39,37,2,1,0,7,0,Compound
sel_rung_privileged,31026,26,compound,41,36,5,1,1,6,1,Compound
sel_rung_privileged,31026,28,split_brain,64,61,3,1,0,3,0,Compound
sel_rung_privileged,31026,28,split_brain,59,59,0,1,0,3,0,ResourceExhausted
sel_rung_privileged,31027,8,cascade,67,64,3,1,0,3,0,Compound
sel_rung_privileged,31028,9,split_brain,40,37,3,1,1,5,1,SplitBrain
sel_rung_privileged,31030,10,split_brain,44,42,2,1,1,2,1,SplitBrain
sel_rung_privileged,31031,6,cascade,35,32,3,1,0,8,0,Compound
sel_rung_privileged,31031,24,compound,41,33,8,1,1,4,1,Compound
sel_rung_privileged,31032,13,slow_leak,31,28,3,1,,,,
sel_rung_privileged,31033,2,split_brain,32,30,2,1,1,6,1,SplitBrain
sel_rung_privileged,31033,9,compound,46,42,4,1,1,1,1,Compound
sel_rung_privileged,31033,24,compound,66,63,3,1,1,0,1,Compound
sel_rung_privileged,31034,0,slow_leak,26,23,3,1,,,,
sel_rung_privileged,31034,7,compound,50,47,3,1,1,0,1,Compound
sel_rung_privileged,31034,15,slow_leak,41,38,3,1,,,,
sel_rung_privileged,31035,2,cascade,29,27,2,1,0,6,0,Compound
sel_rung_privileged,31036,5,cascade,38,36,2,1,0,3,0,Compound
sel_rung_privileged,31036,6,slow_leak,32,31,1,1,,,,
sel_rung_privileged,31037,18,slow_leak,47,43,4,1,,,,
sel_rung_privileged,31038,9,split_brain,47,44,3,1,0,3,0,Compound
sel_rung_privileged,31038,12,compound,59,56,3,1,1,1,1,Compound
sel_rung_privileged,31038,13,slow_leak,35,34,1,1,,,,
sel_rung_privileged,31040,5,split_brain,39,37,2,1,1,2,1,SplitBrain
sel_rung_privileged,31040,9,split_brain,95,93,2,1,0,6,0,Compound
sel_rung_privileged,31040,12,split_brain,55,53,2,1,0,0,0,Compound
sel_rung_privileged,31040,21,slow_leak,34,34,0,1,,,,
sel_rung_privileged,31040,30,slow_leak,40,35,5,1,,,,
sel_rung_privileged,31041,1,compound,39,31,8,1,1,3,1,Compound
sel_rung_privileged,31041,5,compound,45,38,7,1,1,3,1,Compound
sel_rung_privileged,31042,10,compound,37,34,3,1,1,4,1,Compound
sel_rung_privileged,31042,11,compound,54,50,4,1,1,1,1,Compound
sel_rung_privileged,31042,19,compound,50,46,4,1,1,1,1,Compound
sel_rung_privileged,31042,21,compound,42,38,4,1,1,1,1,Compound
sel_rung_privileged,31043,6,cascade,38,36,2,1,0,4,0,ResourceExhausted
sel_rung_privileged,31044,10,split_brain,54,53,1,1,0,0,0,ResourceExhausted
sel_rung_privileged,31045,22,compound,35,29,6,1,1,8,1,Compound
sel_rung_privileged,31046,0,compound,37,29,8,1,1,10,1,Compound
sel_rung_privileged,31046,12,compound,33,27,6,1,1,10,1,Compound
sel_rung_privileged,31046,26,compound,54,49,5,1,1,7,1,Compound
sel_rung_privileged,31046,33,compound,38,33,5,1,1,9,1,Compound
sel_rung_privileged,31047,27,compound,35,31,4,1,1,7,1,Compound
sel_rung_privileged,31047,31,compound,69,64,5,1,1,0,1,Compound
sel_rung_privileged,31048,13,compound,38,32,6,1,1,7,1,Compound
sel_rung_privileged,31048,18,cascade,37,35,2,1,0,8,0,Compound
sel_rung_privileged,31048,34,compound,34,30,4,1,0,7,0,Intermittent
sel_rung_privileged,31049,29,cascade,45,43,2,1,0,6,0,Compound
sel_rung_privileged,31049,34,compound,57,52,5,1,1,1,1,Compound
sel_rung_privileged,31050,15,split_brain,28,25,3,1,1,8,1,SplitBrain
sel_rung_privileged,31051,10,cascade,37,34,3,1,0,9,0,Compound
sel_rung_privileged,31051,13,split_brain,73,70,3,1,1,8,1,SplitBrain
sel_rung_privileged,31051,19,split_brain,34,31,3,1,1,8,1,SplitBrain
sel_rung_privileged,31051,25,split_brain,31,29,2,1,1,8,1,SplitBrain
sel_rung_privileged,31051,29,split_brain,41,39,2,1,1,2,1,SplitBrain
sel_rung_privileged,31052,0,split_brain,36,34,2,1,1,5,1,SplitBrain
sel_rung_privileged,31052,4,slow_leak,43,40,3,1,,,,
sel_rung_privileged,31052,6,split_brain,34,32,2,1,1,6,1,SplitBrain
sel_rung_privileged,31052,10,split_brain,40,38,2,1,1,4,1,SplitBrain
sel_rung_privileged,31052,20,compound,51,44,7,1,1,1,1,Compound
sel_rung_privileged,31055,12,slow_leak,42,39,3,1,,,,
sel_rung_privileged,31056,13,compound,44,38,6,1,1,2,1,Compound
sel_rung_privileged,31057,2,slow_leak,38,36,2,1,,,,
sel_rung_privileged,31057,29,slow_leak,37,34,3,1,,,,
sel_rung_privileged,31058,9,split_brain,30,28,2,1,1,9,1,SplitBrain
sel_rung_privileged,31058,11,compound,36,31,5,1,1,9,1,Compound
sel_rung_privileged,31058,17,cascade,32,30,2,1,0,6,0,Compound
sel_rung_privileged,31058,18,compound,32,27,5,1,1,9,1,Compound
sel_rung_privileged,31058,19,split_brain,36,34,2,1,0,7,0,Compound
sel_rung_privileged,31059,0,compound,32,29,3,1,1,9,1,Compound
sel_rung_privileged,31059,15,slow_leak,34,32,2,1,,,,
sel_rung_privileged,31059,27,cascade,29,27,2,1,0,7,0,Compound
sel_rung_privileged,31059,33,split_brain,34,31,3,1,0,7,0,Compound
sel_rung_privileged,31060,8,slow_leak,38,35,3,1,,,,
sel_rung_privileged,31060,19,slow_leak,37,37,0,1,,,,
sel_rung_privileged,31061,21,split_brain,37,35,2,1,0,3,0,Compound
sel_rung_privileged,31061,23,split_brain,49,47,2,1,1,7,1,SplitBrain
sel_rung_privileged,31062,4,slow_leak,48,44,4,1,,,,
sel_rung_privileged,31062,15,compound,42,38,4,1,1,5,1,Compound
sel_rung_privileged,31063,2,compound,39,34,5,1,1,2,1,Compound
sel_rung_privileged,31063,18,slow_leak,26,24,2,1,,,,
sel_rung_privileged,31064,0,compound,38,34,4,1,1,4,1,Compound
sel_rung_privileged,31064,8,compound,36,31,5,1,1,4,1,Compound
sel_rung_privileged,31065,2,cascade,36,33,3,1,0,5,0,Compound
sel_rung_privileged,31066,19,cascade,32,30,2,1,0,7,0,Compound
sel_rung_privileged,31068,2,split_brain,31,28,3,1,1,4,1,SplitBrain
sel_rung_privileged,31068,11,split_brain,44,42,2,1,1,4,1,SplitBrain
sel_rung_privileged,31068,15,cascade,33,31,2,1,0,6,0,Compound
sel_rung_privileged,31068,29,split_brain,35,33,2,0,0,1,0,Compound
sel_rung_privileged,31068,29,split_brain,47,45,2,1,0,4,0,Compound
sel_rung_privileged,31069,0,compound,27,23,4,1,1,9,1,Compound
sel_rung_privileged,31069,4,split_brain,30,28,2,1,1,2,1,SplitBrain
sel_rung_privileged,31069,11,split_brain,30,27,3,1,1,7,1,SplitBrain
sel_rung_privileged,31069,15,split_brain,32,30,2,1,1,2,1,SplitBrain
sel_rung_privileged,31069,21,split_brain,33,31,2,1,1,2,1,SplitBrain
sel_rung_privileged,31070,8,compound,71,65,6,1,1,0,1,Compound
sel_rung_privileged,31070,14,compound,59,52,7,1,1,0,1,Compound
sel_rung_privileged,31071,5,compound,36,31,5,1,1,5,1,Compound
sel_rung_privileged,31071,9,compound,34,29,5,1,1,8,1,Compound
sel_rung_privileged,31071,6,slow_leak,28,28,0,1,,,,
sel_rung_privileged,31072,12,cascade,37,35,2,1,0,4,0,Compound
sel_rung_privileged,31072,19,cascade,37,35,2,1,0,4,0,Compound
sel_rung_privileged,31072,26,compound,54,48,6,1,1,0,1,Compound
sel_rung_privileged,31073,2,split_brain,16,14,2,0,0,8,0,Compound
sel_rung_privileged,31073,2,split_brain,46,44,2,1,1,5,1,SplitBrain
sel_rung_privileged,31073,12,split_brain,43,40,3,1,1,5,1,SplitBrain
sel_rung_privileged,31073,13,split_brain,36,34,2,1,1,3,1,SplitBrain
sel_rung_privileged,31073,24,split_brain,37,34,3,1,1,5,1,SplitBrain
sel_rung_privileged,31074,0,split_brain,34,32,2,1,1,8,1,SplitBrain
sel_rung_privileged,31074,5,split_brain,32,30,2,1,1,8,1,SplitBrain
sel_rung_privileged,31074,6,slow_leak,24,24,0,1,,,,
sel_rung_privileged,31074,22,split_brain,39,36,3,1,0,9,0,Compound
sel_rung_privileged,31075,2,cascade,33,30,3,1,0,4,0,Compound
sel_rung_privileged,31077,0,cascade,33,31,2,1,0,6,0,Compound
sel_rung_privileged,31077,27,compound,38,34,4,1,1,1,1,Compound
sel_rung_privileged,31078,5,slow_leak,31,29,2,1,,,,
sel_rung_privileged,31078,16,compound,37,34,3,1,1,6,1,Compound
sel_rung_privileged,31078,18,cascade,38,36,2,1,0,5,0,Compound
sel_rung_privileged,31079,6,split_brain,34,32,2,1,1,7,1,SplitBrain
sel_rung_privileged,31079,12,split_brain,39,37,2,1,0,7,0,Compound
sel_rung_privileged,31080,9,compound,73,69,4,1,1,0,1,Compound
sel_rung_privileged,31080,30,compound,60,55,5,1,1,1,1,Compound
sel_rung_privileged,31080,33,slow_leak,46,42,4,1,,,,
sel_rung_privileged,31081,11,compound,39,34,5,1,1,8,1,Compound
sel_rung_privileged,31081,17,compound,48,42,6,1,1,3,1,Compound
sel_rung_privileged,31081,18,cascade,52,49,3,1,0,1,0,Compound
sel_rung_privileged,31082,12,split_brain,40,38,2,1,0,6,0,Compound
sel_rung_privileged,31082,18,compound,39,31,8,1,1,8,1,Compound
sel_rung_privileged,31083,10,compound,47,43,4,1,1,6,1,Compound
sel_rung_privileged,31083,12,compound,38,33,5,1,1,7,1,Compound
sel_rung_privileged,31083,21,cascade,37,34,3,1,0,7,0,Compound
sel_rung_privileged,31084,9,compound,68,64,4,1,1,0,1,Compound
sel_rung_privileged,31084,15,compound,69,65,4,1,1,0,1,Compound
sel_rung_privileged,31084,24,compound,47,41,6,1,1,8,1,Compound
sel_rung_privileged,31084,27,split_brain,39,37,2,1,1,6,1,SplitBrain
sel_rung_privileged,31085,20,split_brain,60,58,2,1,1,4,1,SplitBrain
sel_rung_privileged,31086,21,split_brain,41,38,3,1,1,8,1,SplitBrain
sel_rung_privileged,31086,31,compound,34,30,4,1,1,10,1,Compound
sel_rung_privileged,31087,1,cascade,49,46,3,1,0,2,0,Compound
sel_rung_privileged,31088,33,compound,49,44,5,1,1,7,1,Compound
sel_rung_privileged,31089,23,compound,37,32,5,1,1,4,1,Compound
sel_rung_privileged,31089,34,compound,58,53,5,1,1,2,1,Compound
sel_rung_privileged,31090,6,compound,39,35,4,1,1,7,1,Compound
sel_rung_privileged,31090,11,compound,43,36,7,1,1,6,1,Compound
sel_rung_privileged,31090,22,compound,40,36,4,1,1,7,1,Compound
sel_rung_privileged,31090,23,split_brain,54,52,2,1,1,0,1,SplitBrain
sel_rung_privileged,31091,4,compound,38,34,4,1,1,2,1,Compound
sel_rung_privileged,31091,10,cascade,45,43,2,1,0,1,0,Compound
sel_rung_privileged,31091,14,compound,57,50,7,1,1,2,1,Compound
sel_rung_privileged,31093,13,split_brain,50,47,3,1,0,3,0,Compound
sel_rung_privileged,31095,0,compound,36,31,5,1,1,4,1,Compound
sel_rung_privileged,31095,2,compound,37,33,4,1,1,9,1,Compound
sel_rung_privileged,31096,18,split_brain,56,54,2,1,0,2,0,Compound
sel_rung_privileged,31097,1,compound,44,39,5,1,1,4,1,Compound
sel_rung_privileged,31097,4,compound,36,31,5,1,0,4,0,CredentialExpired
sel_rung_privileged,31097,9,compound,50,44,6,1,1,3,1,Compound
sel_rung_privileged,31097,12,compound,37,31,6,1,1,4,1,Compound
sel_rung_privileged,31097,22,split_brain,35,33,2,1,0,6,0,Compound
sel_rung_privileged,31099,2,compound,42,39,3,1,1,1,1,Compound
sel_rung_privileged,31099,14,compound,49,44,5,1,1,1,1,Compound
sel_rung_privileged,31099,19,cascade,54,52,2,1,0,1,0,Compound
sel_win_w40_n256_privileged,31000,30,slow_leak,256,253,3,1,,,,
sel_win_w40_n256_privileged,31001,2,slow_leak,256,253,3,1,,,,
sel_win_w40_n256_privileged,31002,9,slow_leak,256,256,0,1,,,,
sel_win_w40_n256_privileged,31002,14,split_brain,256,249,7,1,1,2,1,SplitBrain
sel_win_w40_n256_privileged,31003,5,split_brain,256,250,6,1,1,0,1,SplitBrain
sel_win_w40_n256_privileged,31003,13,split_brain,256,249,7,1,1,0,1,SplitBrain
sel_win_w40_n256_privileged,31003,15,split_brain,256,250,6,1,1,0,1,SplitBrain
sel_win_w40_n256_privileged,31004,22,split_brain,256,253,3,1,1,4,1,SplitBrain
sel_win_w40_n256_privileged,31005,11,slow_leak,256,253,3,1,,,,
sel_win_w40_n256_privileged,31005,21,compound,256,251,5,1,1,1,1,Compound
sel_win_w40_n256_privileged,31005,26,split_brain,256,248,8,1,1,10,1,SplitBrain
sel_win_w40_n256_privileged,31006,15,split_brain,256,248,8,1,1,1,1,SplitBrain
sel_win_w40_n256_privileged,31008,19,compound,256,252,4,1,1,5,1,Compound
sel_win_w40_n256_privileged,31009,18,cascade,256,250,6,1,1,6,1,Cascade
sel_win_w40_n256_privileged,31009,21,split_brain,256,248,8,1,1,7,1,SplitBrain
sel_win_w40_n256_privileged,31010,9,cascade,256,250,6,1,0,8,0,ConfigDrift
sel_win_w40_n256_privileged,31011,16,compound,256,249,7,1,1,4,1,Compound
sel_win_w40_n256_privileged,31013,12,slow_leak,256,253,3,1,,,,
sel_win_w40_n256_privileged,31013,15,split_brain,256,249,7,1,1,4,1,SplitBrain
sel_win_w40_n256_privileged,31013,23,split_brain,256,248,8,1,1,4,1,SplitBrain
sel_win_w40_n256_privileged,31014,3,split_brain,256,249,7,1,1,3,1,SplitBrain
sel_win_w40_n256_privileged,31014,7,cascade,256,248,8,1,1,3,1,Cascade
sel_win_w40_n256_privileged,31015,2,split_brain,256,252,4,1,1,9,1,SplitBrain
sel_win_w40_n256_privileged,31015,6,slow_leak,256,251,5,1,,,,
sel_win_w40_n256_privileged,31015,17,split_brain,256,252,4,1,1,9,1,SplitBrain
sel_win_w40_n256_privileged,31016,5,compound,256,252,4,1,1,5,1,Compound
sel_win_w40_n256_privileged,31016,19,cascade,256,247,9,1,1,2,1,Cascade
sel_win_w40_n256_privileged,31016,21,compound,256,252,4,1,1,6,1,Compound
sel_win_w40_n256_privileged,31017,12,split_brain,256,252,4,1,1,5,1,SplitBrain
sel_win_w40_n256_privileged,31019,9,split_brain,241,233,8,1,1,1,1,SplitBrain
sel_win_w40_n256_privileged,31019,13,cascade,256,246,10,1,1,2,1,Cascade
sel_win_w40_n256_privileged,31020,10,split_brain,256,249,7,1,1,1,1,SplitBrain
sel_win_w40_n256_privileged,31020,23,slow_leak,256,255,1,1,,,,
sel_win_w40_n256_privileged,31022,18,cascade,256,250,6,1,1,3,1,Cascade
sel_win_w40_n256_privileged,31024,7,cascade,256,251,5,1,1,4,1,Cascade
sel_win_w40_n256_privileged,31024,11,slow_leak,256,253,3,1,,,,
sel_win_w40_n256_privileged,31024,13,cascade,242,237,5,1,0,4,0,ResourceExhausted
sel_win_w40_n256_privileged,31025,5,cascade,256,253,3,1,1,10,1,Cascade
sel_win_w40_n256_privileged,31026,7,split_brain,256,255,1,1,0,6,0,ResourceExhausted
sel_win_w40_n256_privileged,31026,15,split_brain,256,253,3,1,1,7,1,SplitBrain
sel_win_w40_n256_privileged,31026,26,compound,256,251,5,1,1,6,1,Compound
sel_win_w40_n256_privileged,31026,28,split_brain,256,254,2,1,0,3,0,ResourceExhausted
sel_win_w40_n256_privileged,31026,28,split_brain,256,256,0,1,0,3,0,ResourceExhausted
sel_win_w40_n256_privileged,31027,8,cascade,256,251,5,1,1,3,1,Cascade
sel_win_w40_n256_privileged,31028,9,split_brain,256,248,8,1,1,5,1,SplitBrain
sel_win_w40_n256_privileged,31030,10,split_brain,256,249,7,1,1,2,1,SplitBrain
sel_win_w40_n256_privileged,31031,6,cascade,256,247,9,1,1,8,1,Cascade
sel_win_w40_n256_privileged,31031,24,compound,249,241,8,1,1,4,1,Compound
sel_win_w40_n256_privileged,31032,13,slow_leak,256,253,3,1,,,,
sel_win_w40_n256_privileged,31033,2,split_brain,256,250,6,1,1,6,1,SplitBrain
sel_win_w40_n256_privileged,31033,9,compound,256,252,4,1,1,1,1,Compound
sel_win_w40_n256_privileged,31033,24,compound,256,253,3,1,1,0,1,Compound
sel_win_w40_n256_privileged,31034,0,slow_leak,224,220,4,1,,,,
sel_win_w40_n256_privileged,31034,7,compound,256,251,5,1,0,0,0,ResourceExhausted
sel_win_w40_n256_privileged,31034,15,slow_leak,256,252,4,1,,,,
sel_win_w40_n256_privileged,31035,2,cascade,256,248,8,1,1,6,1,Cascade
sel_win_w40_n256_privileged,31036,5,cascade,256,248,8,1,1,3,1,Cascade
sel_win_w40_n256_privileged,31036,6,slow_leak,256,252,4,1,,,,
sel_win_w40_n256_privileged,31037,18,slow_leak,256,252,4,1,,,,
sel_win_w40_n256_privileged,31038,9,split_brain,256,251,5,1,1,3,1,SplitBrain
sel_win_w40_n256_privileged,31038,12,compound,256,253,3,1,1,1,1,Compound
sel_win_w40_n256_privileged,31038,13,slow_leak,256,253,3,1,,,,
sel_win_w40_n256_privileged,31040,5,split_brain,256,253,3,1,1,2,1,SplitBrain
sel_win_w40_n256_privileged,31040,9,split_brain,256,256,0,1,0,6,0,ResourceExhausted
sel_win_w40_n256_privileged,31040,12,split_brain,256,250,6,1,1,0,1,SplitBrain
sel_win_w40_n256_privileged,31040,21,slow_leak,256,254,2,1,,,,
sel_win_w40_n256_privileged,31040,30,slow_leak,256,251,5,1,,,,
sel_win_w40_n256_privileged,31041,1,compound,256,248,8,1,1,3,1,Compound
sel_win_w40_n256_privileged,31041,5,compound,256,249,7,1,1,3,1,Compound
sel_win_w40_n256_privileged,31042,10,compound,256,253,3,1,1,4,1,Compound
sel_win_w40_n256_privileged,31042,11,compound,256,252,4,1,1,1,1,Compound
sel_win_w40_n256_privileged,31042,19,compound,256,252,4,1,1,1,1,Compound
sel_win_w40_n256_privileged,31042,21,compound,229,225,4,1,1,1,1,Compound
sel_win_w40_n256_privileged,31043,6,cascade,256,252,4,1,1,4,1,Cascade
sel_win_w40_n256_privileged,31044,10,split_brain,256,253,3,1,0,0,0,ResourceExhausted
sel_win_w40_n256_privileged,31045,22,compound,256,250,6,1,1,8,1,Compound
sel_win_w40_n256_privileged,31046,0,compound,235,227,8,1,1,10,1,Compound
sel_win_w40_n256_privileged,31046,12,compound,256,250,6,1,1,10,1,Compound
sel_win_w40_n256_privileged,31046,26,compound,256,251,5,1,1,7,1,Compound
sel_win_w40_n256_privileged,31046,33,compound,256,251,5,1,1,9,1,Compound
sel_win_w40_n256_privileged,31047,27,compound,256,252,4,1,1,7,1,Compound
sel_win_w40_n256_privileged,31047,31,compound,256,251,5,1,1,0,1,Compound
sel_win_w40_n256_privileged,31048,13,compound,256,250,6,1,1,7,1,Compound
sel_win_w40_n256_privileged,31048,18,cascade,256,247,9,1,1,8,1,Cascade
sel_win_w40_n256_privileged,31048,34,compound,256,252,4,1,0,7,0,Intermittent
sel_win_w40_n256_privileged,31049,29,cascade,256,248,8,1,1,6,1,Cascade
sel_win_w40_n256_privileged,31049,34,compound,256,251,5,1,1,1,1,Compound
sel_win_w40_n256_privileged,31050,15,split_brain,256,251,5,1,1,8,1,SplitBrain
sel_win_w40_n256_privileged,31051,10,cascade,256,249,7,1,0,9,0,Compound
sel_win_w40_n256_privileged,31051,13,split_brain,256,256,0,1,0,8,0,ResourceExhausted
sel_win_w40_n256_privileged,31051,19,split_brain,256,251,5,1,1,8,1,SplitBrain
sel_win_w40_n256_privileged,31051,25,split_brain,256,252,4,1,1,8,1,SplitBrain
sel_win_w40_n256_privileged,31051,29,split_brain,252,249,3,1,1,2,1,SplitBrain
sel_win_w40_n256_privileged,31052,0,split_brain,120,114,6,1,1,5,1,SplitBrain
sel_win_w40_n256_privileged,31052,4,slow_leak,256,253,3,1,,,,
sel_win_w40_n256_privileged,31052,6,split_brain,256,253,3,1,1,6,1,SplitBrain
sel_win_w40_n256_privileged,31052,10,split_brain,256,252,4,1,1,4,1,SplitBrain
sel_win_w40_n256_privileged,31052,20,compound,256,249,7,1,1,1,1,Compound
sel_win_w40_n256_privileged,31055,12,slow_leak,256,251,5,1,,,,
sel_win_w40_n256_privileged,31056,13,compound,256,250,6,1,1,2,1,Compound
sel_win_w40_n256_privileged,31057,2,slow_leak,256,251,5,1,,,,
sel_win_w40_n256_privileged,31057,29,slow_leak,256,253,3,1,,,,
sel_win_w40_n256_privileged,31058,9,split_brain,256,252,4,1,1,9,1,SplitBrain
sel_win_w40_n256_privileged,31058,11,compound,256,251,5,1,1,9,1,Compound
sel_win_w40_n256_privileged,31058,17,cascade,256,252,4,1,1,6,1,Cascade
sel_win_w40_n256_privileged,31058,18,compound,256,251,5,1,1,9,1,Compound
sel_win_w40_n256_privileged,31058,19,split_brain,256,250,6,1,1,7,1,SplitBrain
sel_win_w40_n256_privileged,31059,0,compound,182,179,3,1,1,9,1,Compound
sel_win_w40_n256_privileged,31059,15,slow_leak,256,253,3,1,,,,
sel_win_w40_n256_privileged,31059,27,cascade,256,250,6,1,1,7,1,Cascade
sel_win_w40_n256_privileged,31059,33,split_brain,256,248,8,1,1,7,1,SplitBrain
sel_win_w40_n256_privileged,31060,8,slow_leak,256,253,3,1,,,,
sel_win_w40_n256_privileged,31060,19,slow_leak,256,255,1,1,,,,
sel_win_w40_n256_privileged,31061,21,split_brain,256,253,3,1,1,3,1,SplitBrain
sel_win_w40_n256_privileged,31061,23,split_brain,256,249,7,1,1,7,1,SplitBrain
sel_win_w40_n256_privileged,31062,4,slow_leak,256,251,5,1,,,,
sel_win_w40_n256_privileged,31062,15,compound,256,252,4,1,1,5,1,Compound
sel_win_w40_n256_privileged,31063,2,compound,256,251,5,1,0,2,0,Cascade
sel_win_w40_n256_privileged,31063,18,slow_leak,256,251,5,1,,,,
sel_win_w40_n256_privileged,31064,0,compound,224,220,4,1,1,4,1,Compound
sel_win_w40_n256_privileged,31064,8,compound,245,240,5,1,1,4,1,Compound
sel_win_w40_n256_privileged,31065,2,cascade,226,218,8,1,1,5,1,Cascade
sel_win_w40_n256_privileged,31066,19,cascade,256,253,3,1,1,7,1,Cascade
sel_win_w40_n256_privileged,31068,2,split_brain,256,251,5,1,1,4,1,SplitBrain
sel_win_w40_n256_privileged,31068,11,split_brain,256,253,3,1,1,4,1,SplitBrain
sel_win_w40_n256_privileged,31068,15,cascade,256,249,7,1,1,6,1,Cascade
sel_win_w40_n256_privileged,31068,29,split_brain,256,252,4,0,0,1,1,SplitBrain
sel_win_w40_n256_privileged,31068,29,split_brain,256,252,4,1,1,4,1,SplitBrain
sel_win_w40_n256_privileged,31069,0,compound,215,211,4,1,1,9,1,Compound
sel_win_w40_n256_privileged,31069,4,split_brain,256,250,6,1,1,2,1,SplitBrain
sel_win_w40_n256_privileged,31069,11,split_brain,256,251,5,1,1,7,1,SplitBrain
sel_win_w40_n256_privileged,31069,15,split_brain,256,249,7,1,1,2,1,SplitBrain
sel_win_w40_n256_privileged,31069,21,split_brain,256,250,6,1,1,2,1,SplitBrain
sel_win_w40_n256_privileged,31070,8,compound,256,250,6,1,1,0,1,Compound
sel_win_w40_n256_privileged,31070,14,compound,256,249,7,1,1,0,1,Compound
sel_win_w40_n256_privileged,31071,5,compound,256,251,5,1,0,5,0,Cascade
sel_win_w40_n256_privileged,31071,9,compound,256,251,5,1,1,8,1,Compound
sel_win_w40_n256_privileged,31071,6,slow_leak,256,256,0,1,,,,
sel_win_w40_n256_privileged,31072,12,cascade,256,253,3,1,1,4,1,Cascade
sel_win_w40_n256_privileged,31072,19,cascade,256,251,5,1,1,4,1,Cascade
sel_win_w40_n256_privileged,31072,26,compound,256,250,6,1,1,0,1,Compound
sel_win_w40_n256_privileged,31073,2,split_brain,256,252,4,0,0,8,1,SplitBrain
sel_win_w40_n256_privileged,31073,2,split_brain,256,252,4,1,1,5,1,SplitBrain
sel_win_w40_n256_privileged,31073,12,split_brain,256,251,5,1,1,5,1,SplitBrain
sel_win_w40_n256_privileged,31073,13,split_brain,213,210,3,1,1,3,1,SplitBrain
sel_win_w40_n256_privileged,31073,24,split_brain,256,251,5,1,1,5,1,SplitBrain
sel_win_w40_n256_privileged,31074,0,split_brain,203,199,4,1,1,8,1,SplitBrain
sel_win_w40_n256_privileged,31074,5,split_brain,256,252,4,1,1,8,1,SplitBrain
sel_win_w40_n256_privileged,31074,6,slow_leak,256,256,0,1,,,,
sel_win_w40_n256_privileged,31074,22,split_brain,251,246,5,1,1,9,1,SplitBrain
sel_win_w40_n256_privileged,31075,2,cascade,256,248,8,1,1,4,1,Cascade
sel_win_w40_n256_privileged,31077,0,cascade,126,123,3,1,1,6,1,Cascade
sel_win_w40_n256_privileged,31077,27,compound,256,252,4,1,0,1,0,Cascade
sel_win_w40_n256_privileged,31078,5,slow_leak,256,254,2,1,,,,
sel_win_w40_n256_privileged,31078,16,compound,256,253,3,1,1,6,1,Compound
sel_win_w40_n256_privileged,31078,18,cascade,256,251,5,1,1,5,1,Cascade
sel_win_w40_n256_privileged,31079,6,split_brain,256,253,3,1,1,7,1,SplitBrain
sel_win_w40_n256_privileged,31079,12,split_brain,256,253,3,1,1,7,1,SplitBrain
sel_win_w40_n256_privileged,31080,9,compound,256,252,4,1,1,0,1,Compound
sel_win_w40_n256_privileged,31080,30,compound,256,251,5,1,1,1,1,Compound
sel_win_w40_n256_privileged,31080,33,slow_leak,256,255,1,1,,,,
sel_win_w40_n256_privileged,31081,11,compound,256,251,5,1,0,8,0,Cascade
sel_win_w40_n256_privileged,31081,17,compound,256,250,6,1,1,3,1,Compound
sel_win_w40_n256_privileged,31081,18,cascade,256,246,10,1,1,1,1,Cascade
sel_win_w40_n256_privileged,31082,12,split_brain,256,249,7,1,1,6,1,SplitBrain
sel_win_w40_n256_privileged,31082,18,compound,234,226,8,1,1,8,1,Compound
sel_win_w40_n256_privileged,31083,10,compound,256,252,4,1,0,6,0,SplitBrain
sel_win_w40_n256_privileged,31083,12,compound,256,251,5,1,1,7,1,Compound
sel_win_w40_n256_privileged,31083,21,cascade,256,249,7,1,1,7,1,Cascade
sel_win_w40_n256_privileged,31084,9,compound,256,252,4,1,1,0,1,Compound
sel_win_w40_n256_privileged,31084,15,compound,256,252,4,1,1,0,1,Compound
sel_win_w40_n256_privileged,31084,24,compound,256,250,6,1,1,8,1,Compound
sel_win_w40_n256_privileged,31084,27,split_brain,256,249,7,1,1,6,1,SplitBrain
sel_win_w40_n256_privileged,31085,20,split_brain,256,253,3,1,1,4,1,SplitBrain
sel_win_w40_n256_privileged,31086,21,split_brain,256,248,8,1,1,8,1,SplitBrain
sel_win_w40_n256_privileged,31086,31,compound,256,252,4,1,1,10,1,Compound
sel_win_w40_n256_privileged,31087,1,cascade,186,181,5,1,1,2,1,Cascade
sel_win_w40_n256_privileged,31088,33,compound,256,251,5,1,1,7,1,Compound
sel_win_w40_n256_privileged,31089,23,compound,256,251,5,1,1,4,1,Compound
sel_win_w40_n256_privileged,31089,34,compound,256,251,5,1,1,2,1,Compound
sel_win_w40_n256_privileged,31090,6,compound,256,252,4,1,1,7,1,Compound
sel_win_w40_n256_privileged,31090,11,compound,256,249,7,1,1,6,1,Compound
sel_win_w40_n256_privileged,31090,22,compound,256,252,4,1,1,7,1,Compound
sel_win_w40_n256_privileged,31090,23,split_brain,256,250,6,1,1,0,1,SplitBrain
sel_win_w40_n256_privileged,31091,4,compound,256,252,4,1,1,2,1,Compound
sel_win_w40_n256_privileged,31091,10,cascade,256,251,5,1,1,1,1,Cascade
sel_win_w40_n256_privileged,31091,14,compound,224,217,7,1,1,2,1,Compound
sel_win_w40_n256_privileged,31093,13,split_brain,256,248,8,1,1,3,1,SplitBrain
sel_win_w40_n256_privileged,31095,0,compound,113,108,5,1,1,4,1,Compound
sel_win_w40_n256_privileged,31095,2,compound,225,221,4,1,1,9,1,Compound
sel_win_w40_n256_privileged,31096,18,split_brain,256,250,6,1,1,2,1,SplitBrain
sel_win_w40_n256_privileged,31097,1,compound,180,175,5,1,1,4,1,Compound
sel_win_w40_n256_privileged,31097,4,compound,256,250,6,1,0,4,0,CredentialExpired
sel_win_w40_n256_privileged,31097,9,compound,256,250,6,1,1,3,1,Compound
sel_win_w40_n256_privileged,31097,12,compound,256,250,6,1,1,4,1,Compound
sel_win_w40_n256_privileged,31097,22,split_brain,256,249,7,1,1,6,1,SplitBrain
sel_win_w40_n256_privileged,31099,2,compound,256,253,3,1,0,1,0,CredentialExpired
sel_win_w40_n256_privileged,31099,14,compound,256,251,5,1,1,1,1,Compound
sel_win_w40_n256_privileged,31099,19,cascade,256,252,4,1,1,1,1,Cascade
sel_win_w80_n512_privileged,31000,30,slow_leak,512,509,3,1,,,,
sel_win_w80_n512_privileged,31001,2,slow_leak,507,504,3,1,,,,
sel_win_w80_n512_privileged,31002,9,slow_leak,512,509,3,1,,,,
sel_win_w80_n512_privileged,31002,14,split_brain,512,505,7,1,1,2,1,SplitBrain
sel_win_w80_n512_privileged,31003,5,split_brain,512,506,6,1,1,0,1,SplitBrain
sel_win_w80_n512_privileged,31003,13,split_brain,512,505,7,1,1,0,1,SplitBrain
sel_win_w80_n512_privileged,31003,15,split_brain,504,498,6,1,1,0,1,SplitBrain
sel_win_w80_n512_privileged,31004,22,split_brain,512,509,3,1,1,4,1,SplitBrain
sel_win_w80_n512_privileged,31005,11,slow_leak,512,509,3,1,,,,
sel_win_w80_n512_privileged,31005,21,compound,512,507,5,1,1,1,1,Compound
sel_win_w80_n512_privileged,31005,26,split_brain,512,504,8,1,1,10,1,SplitBrain
sel_win_w80_n512_privileged,31006,15,split_brain,512,504,8,1,1,1,1,SplitBrain
sel_win_w80_n512_privileged,31008,19,compound,512,508,4,1,1,5,1,Compound
sel_win_w80_n512_privileged,31009,18,cascade,512,506,6,1,1,6,1,Cascade
sel_win_w80_n512_privileged,31009,21,split_brain,512,504,8,1,1,7,1,SplitBrain
sel_win_w80_n512_privileged,31010,9,cascade,512,506,6,1,0,8,0,ConfigDrift
sel_win_w80_n512_privileged,31011,16,compound,501,494,7,1,1,4,1,Compound
sel_win_w80_n512_privileged,31013,12,slow_leak,512,509,3,1,,,,
sel_win_w80_n512_privileged,31013,15,split_brain,512,505,7,1,1,4,1,SplitBrain
sel_win_w80_n512_privileged,31013,23,split_brain,512,504,8,1,1,4,1,SplitBrain
sel_win_w80_n512_privileged,31014,3,split_brain,512,505,7,1,1,3,1,SplitBrain
sel_win_w80_n512_privileged,31014,7,cascade,512,504,8,1,1,3,1,Cascade
sel_win_w80_n512_privileged,31015,2,split_brain,414,410,4,1,1,9,1,SplitBrain
sel_win_w80_n512_privileged,31015,6,slow_leak,512,507,5,1,,,,
sel_win_w80_n512_privileged,31015,17,split_brain,512,508,4,1,1,9,1,SplitBrain
sel_win_w80_n512_privileged,31016,5,compound,475,471,4,1,1,5,1,Compound
sel_win_w80_n512_privileged,31016,19,cascade,512,503,9,1,1,2,1,Cascade
sel_win_w80_n512_privileged,31016,21,compound,512,508,4,1,1,6,1,Compound
sel_win_w80_n512_privileged,31017,12,split_brain,512,508,4,1,1,5,1,SplitBrain
sel_win_w80_n512_privileged,31019,9,split_brain,487,479,8,1,1,1,1,SplitBrain
sel_win_w80_n512_privileged,31019,13,cascade,512,502,10,1,1,2,1,Cascade
sel_win_w80_n512_privileged,31020,10,split_brain,512,505,7,1,1,1,1,SplitBrain
sel_win_w80_n512_privileged,31020,23,slow_leak,512,509,3,1,,,,
sel_win_w80_n512_privileged,31022,18,cascade,512,506,6,1,1,3,1,Cascade
sel_win_w80_n512_privileged,31024,7,cascade,512,507,5,1,1,4,1,Cascade
sel_win_w80_n512_privileged,31024,11,slow_leak,512,509,3,1,,,,
sel_win_w80_n512_privileged,31024,13,cascade,503,498,5,1,0,4,0,ResourceExhausted
sel_win_w80_n512_privileged,31025,5,cascade,505,502,3,1,1,10,1,Cascade
sel_win_w80_n512_privileged,31026,7,split_brain,512,505,7,1,1,6,1,SplitBrain
sel_win_w80_n512_privileged,31026,15,split_brain,512,509,3,1,1,7,1,SplitBrain
sel_win_w80_n512_privileged,31026,26,compound,512,507,5,1,1,6,1,Compound
sel_win_w80_n512_privileged,31026,28,split_brain,512,504,8,1,1,3,1,SplitBrain
sel_win_w80_n512_privileged,31026,28,split_brain,512,512,0,1,0,3,0,ResourceExhausted
sel_win_w80_n512_privileged,31027,8,cascade,512,507,5,1,1,3,1,Cascade
sel_win_w80_n512_privileged,31028,9,split_brain,512,504,8,1,1,5,1,SplitBrain
sel_win_w80_n512_privileged,31030,10,split_brain,512,505,7,1,1,2,1,SplitBrain
sel_win_w80_n512_privileged,31031,6,cascade,512,503,9,1,1,8,1,Cascade
sel_win_w80_n512_privileged,31031,24,compound,512,504,8,1,1,4,1,Compound
sel_win_w80_n512_privileged,31032,13,slow_leak,512,509,3,1,,,,
sel_win_w80_n512_privileged,31033,2,split_brain,483,477,6,1,1,6,1,SplitBrain
sel_win_w80_n512_privileged,31033,9,compound,512,508,4,1,1,1,1,Compound
sel_win_w80_n512_privileged,31033,24,compound,512,509,3,1,1,0,1,Compound
sel_win_w80_n512_privileged,31034,0,slow_leak,224,220,4,1,,,,
sel_win_w80_n512_privileged,31034,7,compound,512,507,5,1,0,0,0,ResourceExhausted
sel_win_w80_n512_privileged,31034,15,slow_leak,512,508,4,1,,,,
sel_win_w80_n512_privileged,31035,2,cascade,494,486,8,1,1,6,1,Cascade
sel_win_w80_n512_privileged,31036,5,cascade,512,504,8,1,1,3,1,Cascade
sel_win_w80_n512_privileged,31036,6,slow_leak,512,508,4,1,,,,
sel_win_w80_n512_privileged,31037,18,slow_leak,512,508,4,1,,,,
sel_win_w80_n512_privileged,31038,9,split_brain,493,488,5,1,1,3,1,SplitBrain
sel_win_w80_n512_privileged,31038,12,compound,512,509,3,1,1,1,1,Compound
sel_win_w80_n512_privileged,31038,13,slow_leak,512,507,5,1,,,,
sel_win_w80_n512_privileged,31040,5,split_brain,500,497,3,1,1,2,1,SplitBrain
sel_win_w80_n512_privileged,31040,9,split_brain,512,509,3,1,1,6,1,SplitBrain
sel_win_w80_n512_privileged,31040,12,split_brain,512,506,6,1,1,0,1,SplitBrain
sel_win_w80_n512_privileged,31040,21,slow_leak,512,508,4,1,,,,
sel_win_w80_n512_privileged,31040,30,slow_leak,512,507,5,1,,,,
sel_win_w80_n512_privileged,31041,1,compound,298,290,8,1,1,3,1,Compound
sel_win_w80_n512_privileged,31041,5,compound,512,505,7,1,1,3,1,Compound
sel_win_w80_n512_privileged,31042,10,compound,512,509,3,1,1,4,1,Compound
sel_win_w80_n512_privileged,31042,11,compound,512,508,4,1,1,1,1,Compound
sel_win_w80_n512_privileged,31042,19,compound,512,508,4,1,1,1,1,Compound
sel_win_w80_n512_privileged,31042,21,compound,469,465,4,1,1,1,1,Compound
sel_win_w80_n512_privileged,31043,6,cascade,461,457,4,1,1,4,1,Cascade
sel_win_w80_n512_privileged,31044,10,split_brain,512,508,4,1,0,0,0,ResourceExhausted
sel_win_w80_n512_privileged,31045,22,compound,512,506,6,1,1,8,1,Compound
sel_win_w80_n512_privileged,31046,0,compound,235,227,8,1,1,10,1,Compound
sel_win_w80_n512_privileged,31046,12,compound,512,506,6,1,1,10,1,Compound
sel_win_w80_n512_privileged,31046,26,compound,512,507,5,1,1,7,1,Compound
sel_win_w80_n512_privileged,31046,33,compound,512,507,5,1,1,9,1,Compound
sel_win_w80_n512_privileged,31047,27,compound,512,508,4,1,1,7,1,Compound
sel_win_w80_n512_privileged,31047,31,compound,512,507,5,1,1,0,1,Compound
sel_win_w80_n512_privileged,31048,13,compound,512,506,6,1,1,7,1,Compound
sel_win_w80_n512_privileged,31048,18,cascade,512,503,9,1,1,8,1,Cascade
sel_win_w80_n512_privileged,31048,34,compound,512,508,4,1,0,7,0,Intermittent
sel_win_w80_n512_privileged,31049,29,cascade,512,504,8,1,1,6,1,Cascade
sel_win_w80_n512_privileged,31049,34,compound,512,507,5,1,1,1,1,Compound
sel_win_w80_n512_privileged,31050,15,split_brain,512,507,5,1,1,8,1,SplitBrain
sel_win_w80_n512_privileged,31051,10,cascade,512,505,7,1,0,9,0,Compound
sel_win_w80_n512_privileged,31051,13,split_brain,512,507,5,1,1,8,1,SplitBrain
sel_win_w80_n512_privileged,31051,19,split_brain,512,507,5,1,1,8,1,SplitBrain
sel_win_w80_n512_privileged,31051,25,split_brain,512,508,4,1,1,8,1,SplitBrain
sel_win_w80_n512_privileged,31051,29,split_brain,485,482,3,1,1,2,1,SplitBrain
sel_win_w80_n512_privileged,31052,0,split_brain,120,114,6,1,1,5,1,SplitBrain
sel_win_w80_n512_privileged,31052,4,slow_leak,512,509,3,1,,,,
sel_win_w80_n512_privileged,31052,6,split_brain,512,509,3,1,1,6,1,SplitBrain
sel_win_w80_n512_privileged,31052,10,split_brain,509,505,4,1,1,4,1,SplitBrain
sel_win_w80_n512_privileged,31052,20,compound,512,505,7,1,1,1,1,Compound
sel_win_w80_n512_privileged,31055,12,slow_leak,512,507,5,1,,,,
sel_win_w80_n512_privileged,31056,13,compound,512,506,6,1,1,2,1,Compound
sel_win_w80_n512_privileged,31057,2,slow_leak,512,507,5,1,,,,
sel_win_w80_n512_privileged,31057,29,slow_leak,512,509,3,1,,,,
sel_win_w80_n512_privileged,31058,9,split_brain,512,508,4,1,1,9,1,SplitBrain
sel_win_w80_n512_privileged,31058,11,compound,512,507,5,1,1,9,1,Compound
sel_win_w80_n512_privileged,31058,17,cascade,512,508,4,1,1,6,1,Cascade
sel_win_w80_n512_privileged,31058,18,compound,512,507,5,1,1,9,1,Compound
sel_win_w80_n512_privileged,31058,19,split_brain,512,506,6,1,1,7,1,SplitBrain
sel_win_w80_n512_privileged,31059,0,compound,182,179,3,1,1,9,1,Compound
sel_win_w80_n512_privileged,31059,15,slow_leak,512,507,5,1,,,,
sel_win_w80_n512_privileged,31059,27,cascade,512,506,6,1,1,7,1,Cascade
sel_win_w80_n512_privileged,31059,33,split_brain,512,504,8,1,1,7,1,SplitBrain
sel_win_w80_n512_privileged,31060,8,slow_leak,512,509,3,1,,,,
sel_win_w80_n512_privileged,31060,19,slow_leak,512,509,3,1,,,,
sel_win_w80_n512_privileged,31061,21,split_brain,512,509,3,1,1,3,1,SplitBrain
sel_win_w80_n512_privileged,31061,23,split_brain,512,505,7,1,1,7,1,SplitBrain
sel_win_w80_n512_privileged,31062,4,slow_leak,512,507,5,1,,,,
sel_win_w80_n512_privileged,31062,15,compound,512,508,4,1,1,5,1,Compound
sel_win_w80_n512_privileged,31063,2,compound,507,502,5,1,0,2,0,Cascade
sel_win_w80_n512_privileged,31063,18,slow_leak,512,507,5,1,,,,
sel_win_w80_n512_privileged,31064,0,compound,384,380,4,1,1,4,1,Compound
sel_win_w80_n512_privileged,31064,8,compound,512,507,5,1,1,4,1,Compound
sel_win_w80_n512_privileged,31065,2,cascade,435,427,8,1,1,5,1,Cascade
sel_win_w80_n512_privileged,31066,19,cascade,512,509,3,1,1,7,1,Cascade
sel_win_w80_n512_privileged,31068,2,split_brain,486,481,5,1,1,4,1,SplitBrain
sel_win_w80_n512_privileged,31068,11,split_brain,512,509,3,1,1,4,1,SplitBrain
sel_win_w80_n512_privileged,31068,15,cascade,512,505,7,1,1,6,1,Cascade
sel_win_w80_n512_privileged,31068,29,split_brain,512,508,4,0,0,1,1,SplitBrain
sel_win_w80_n512_privileged,31068,29,split_brain,512,508,4,1,1,4,1,SplitBrain
sel_win_w80_n512_privileged,31069,0,compound,296,292,4,1,1,9,1,Compound
sel_win_w80_n512_privileged,31069,4,split_brain,512,506,6,1,1,2,1,SplitBrain
sel_win_w80_n512_privileged,31069,11,split_brain,512,507,5,1,1,7,1,SplitBrain
sel_win_w80_n512_privileged,31069,15,split_brain,512,505,7,1,1,2,1,SplitBrain
sel_win_w80_n512_privileged,31069,21,split_brain,512,506,6,1,1,2,1,SplitBrain
sel_win_w80_n512_privileged,31070,8,compound,512,506,6,1,1,0,1,Compound
sel_win_w80_n512_privileged,31070,14,compound,512,505,7,1,1,0,1,Compound
sel_win_w80_n512_privileged,31071,5,compound,512,507,5,1,0,5,0,Cascade
sel_win_w80_n512_privileged,31071,9,compound,512,507,5,1,1,8,1,Compound
sel_win_w80_n512_privileged,31071,6,slow_leak,512,508,4,1,,,,
sel_win_w80_n512_privileged,31072,12,cascade,512,509,3,1,1,4,1,Cascade
sel_win_w80_n512_privileged,31072,19,cascade,512,507,5,1,1,4,1,Cascade
sel_win_w80_n512_privileged,31072,26,compound,512,506,6,1,1,0,1,Compound
sel_win_w80_n512_privileged,31073,2,split_brain,441,437,4,0,0,8,1,SplitBrain
sel_win_w80_n512_privileged,31073,2,split_brain,465,461,4,1,1,5,1,SplitBrain
sel_win_w80_n512_privileged,31073,12,split_brain,512,507,5,1,1,5,1,SplitBrain
sel_win_w80_n512_privileged,31073,13,split_brain,495,492,3,1,1,3,1,SplitBrain
sel_win_w80_n512_privileged,31073,24,split_brain,512,507,5,1,1,5,1,SplitBrain
sel_win_w80_n512_privileged,31074,0,split_brain,319,315,4,1,1,8,1,SplitBrain
sel_win_w80_n512_privileged,31074,5,split_brain,512,508,4,1,1,8,1,SplitBrain
sel_win_w80_n512_privileged,31074,6,slow_leak,512,508,4,1,,,,
sel_win_w80_n512_privileged,31074,22,split_brain,483,478,5,1,1,9,1,SplitBrain
sel_win_w80_n512_privileged,31075,2,cascade,487,479,8,1,1,4,1,Cascade
sel_win_w80_n512_privileged,31077,0,cascade,126,123,3,1,1,6,1,Cascade
sel_win_w80_n512_privileged,31077,27,compound,512,508,4,1,0,1,0,Cascade
sel_win_w80_n512_privileged,31078,5,slow_leak,512,509,3,1,,,,
sel_win_w80_n512_privileged,31078,16,compound,512,509,3,1,1,6,1,Compound
sel_win_w80_n512_privileged,31078,18,cascade,512,507,5,1,1,5,1,Cascade
sel_win_w80_n512_privileged,31079,6,split_brain,512,509,3,1,1,7,1,SplitBrain
sel_win_w80_n512_privileged,31079,12,split_brain,512,509,3,1,1,7,1,SplitBrain
sel_win_w80_n512_privileged,31080,9,compound,512,508,4,1,1,0,1,Compound
sel_win_w80_n512_privileged,31080,30,compound,512,507,5,1,1,1,1,Compound
sel_win_w80_n512_privileged,31080,33,slow_leak,512,508,4,1,,,,
sel_win_w80_n512_privileged,31081,11,compound,512,507,5,1,0,8,0,Cascade
sel_win_w80_n512_privileged,31081,17,compound,512,506,6,1,1,3,1,Compound
sel_win_w80_n512_privileged,31081,18,cascade,512,502,10,1,1,1,1,Cascade
sel_win_w80_n512_privileged,31082,12,split_brain,512,505,7,1,1,6,1,SplitBrain
sel_win_w80_n512_privileged,31082,18,compound,512,504,8,1,1,8,1,Compound
sel_win_w80_n512_privileged,31083,10,compound,512,508,4,1,1,6,1,Compound
sel_win_w80_n512_privileged,31083,12,compound,512,507,5,1,1,7,1,Compound
sel_win_w80_n512_privileged,31083,21,cascade,512,505,7,1,1,7,1,Cascade
sel_win_w80_n512_privileged,31084,9,compound,512,508,4,1,1,0,1,Compound
sel_win_w80_n512_privileged,31084,15,compound,512,508,4,1,1,0,1,Compound
sel_win_w80_n512_privileged,31084,24,compound,512,506,6,1,1,8,1,Compound
sel_win_w80_n512_privileged,31084,27,split_brain,512,505,7,1,1,6,1,SplitBrain
sel_win_w80_n512_privileged,31085,20,split_brain,512,506,6,1,1,4,1,SplitBrain
sel_win_w80_n512_privileged,31086,21,split_brain,512,504,8,1,1,8,1,SplitBrain
sel_win_w80_n512_privileged,31086,31,compound,512,508,4,1,1,10,1,Compound
sel_win_w80_n512_privileged,31087,1,cascade,186,181,5,1,1,2,1,Cascade
sel_win_w80_n512_privileged,31088,33,compound,512,507,5,1,1,7,1,Compound
sel_win_w80_n512_privileged,31089,23,compound,512,507,5,1,1,4,1,Compound
sel_win_w80_n512_privileged,31089,34,compound,512,507,5,1,1,2,1,Compound
sel_win_w80_n512_privileged,31090,6,compound,512,508,4,1,1,7,1,Compound
sel_win_w80_n512_privileged,31090,11,compound,512,505,7,1,1,6,1,Compound
sel_win_w80_n512_privileged,31090,22,compound,512,508,4,1,1,7,1,Compound
sel_win_w80_n512_privileged,31090,23,split_brain,512,506,6,1,1,0,1,SplitBrain
sel_win_w80_n512_privileged,31091,4,compound,512,508,4,1,1,2,1,Compound
sel_win_w80_n512_privileged,31091,10,cascade,512,507,5,1,1,1,1,Cascade
sel_win_w80_n512_privileged,31091,14,compound,463,456,7,1,1,2,1,Compound
sel_win_w80_n512_privileged,31093,13,split_brain,512,504,8,1,1,3,1,SplitBrain
sel_win_w80_n512_privileged,31095,0,compound,113,108,5,1,1,4,1,Compound
sel_win_w80_n512_privileged,31095,2,compound,414,410,4,1,1,9,1,Compound
sel_win_w80_n512_privileged,31096,18,split_brain,512,506,6,1,1,2,1,SplitBrain
sel_win_w80_n512_privileged,31097,1,compound,180,175,5,1,1,4,1,Compound
sel_win_w80_n512_privileged,31097,4,compound,512,506,6,1,0,4,0,CredentialExpired
sel_win_w80_n512_privileged,31097,9,compound,512,506,6,1,1,3,1,Compound
sel_win_w80_n512_privileged,31097,12,compound,492,486,6,1,1,4,1,Compound
sel_win_w80_n512_privileged,31097,22,split_brain,512,505,7,1,1,6,1,SplitBrain
sel_win_w80_n512_privileged,31099,2,compound,512,509,3,1,0,1,0,CredentialExpired
sel_win_w80_n512_privileged,31099,14,compound,512,507,5,1,1,1,1,Compound
sel_win_w80_n512_privileged,31099,19,cascade,512,508,4,1,1,1,1,Cascade
