range,seeds,side,seed,incident,repeats_incident,tier,family,mode,site,gap_incidents,gap_s,since_template_ended_s,stale_signature_shift,stale_added_edge
a-tune,10000-10099,hidden,10000,7,1,plain,known,,5,6,90.843,59.968,0,0
a-tune,10000-10099,hidden,10000,8,2,plain,known,,8,6,91.744,44.830,0,0
a-tune,10000-10099,hidden,10000,9,3,plain,known,,4,6,127.140,63.330,0,0
a-tune,10000-10099,hidden,10000,12,1,plain,known,,5,11,296.828,265.954,0,0
a-tune,10000-10099,hidden,10000,15,6,plain,known,,3,9,258.077,204.690,0,0
a-tune,10000-10099,hidden,10000,16,10,plain,known,,9,6,106.111,62.906,0,0
a-tune,10000-10099,hidden,10000,17,5,plain,known,,6,12,277.765,237.006,0,0
a-tune,10000-10099,hidden,10000,20,1,plain,known,,5,19,408.402,377.528,0,0
a-tune,10000-10099,hidden,10000,25,14,decoy,compound,mimic,10,11,137.675,119.990,0,0
a-tune,10000-10099,hidden,10000,26,7,plain,known,,5,19,388.805,357.283,0,0
a-tune,10000-10099,hidden,10001,8,1,plain,known,,4,7,70.087,36.046,0,0
a-tune,10000-10099,hidden,10001,9,2,plain,known,,1,7,82.130,23.957,0,0
a-tune,10000-10099,hidden,10001,12,4,plain,known,,0,8,165.381,125.839,0,0
a-tune,10000-10099,hidden,10001,13,6,plain,known,,2,7,212.224,165.026,0,0
a-tune,10000-10099,hidden,10001,14,2,plain,known,,1,12,247.467,189.295,0,0
a-tune,10000-10099,hidden,10001,18,13,plain,known,,2,5,162.607,98.600,0,0
a-tune,10000-10099,hidden,10001,19,12,plain,known,,0,7,217.055,157.925,0,0
a-tune,10000-10099,hidden,10001,21,9,plain,known,,1,12,356.835,308.299,0,0
a-tune,10000-10099,hidden,10001,22,11,plain,known,,7,11,307.389,255.955,0,0
a-tune,10000-10099,hidden,10002,12,5,plain,known,,1,7,108.764,34.388,0,0
a-tune,10000-10099,hidden,10002,14,8,hard,slow_leak,,2,6,134.597,99.339,0,0
a-tune,10000-10099,hidden,10002,19,4,plain,known,,6,15,233.696,212.436,0,0
a-tune,10000-10099,hidden,10002,23,17,plain,known,,1,6,137.388,84.270,0,1
a-tune,10000-10099,hidden,10002,25,8,hard,slow_leak,,2,17,313.321,278.062,0,0
a-tune,10000-10099,hidden,10003,6,0,plain,known,,4,6,90.457,50.582,0,0
a-tune,10000-10099,hidden,10003,14,0,plain,known,,4,14,261.291,221.416,0,0
a-tune,10000-10099,hidden,10003,20,8,plain,known,,11,12,287.214,228.647,0,0
a-tune,10000-10099,hidden,10003,21,14,plain,known,,4,7,161.303,107.150,0,0
a-tune,10000-10099,hidden,10003,25,17,plain,known,,3,8,94.564,35.054,0,0
a-tune,10000-10099,hidden,10004,5,3,plain,known,,2,2,72.452,28.610,0,0
a-tune,10000-10099,hidden,10004,6,0,plain,known,,0,6,133.621,92.218,0,0
a-tune,10000-10099,hidden,10004,8,2,plain,known,,5,6,100.852,45.314,0,0
a-tune,10000-10099,hidden,10004,15,7,plain,known,,7,8,71.374,31.415,0,0
a-tune,10000-10099,hidden,10004,16,9,plain,known,,3,7,62.990,23.851,0,0
a-tune,10000-10099,hidden,10004,19,2,plain,known,,5,17,208.144,152.606,0,0
a-tune,10000-10099,hidden,10004,24,16,plain,known,,3,8,103.884,57.395,0,0
a-tune,10000-10099,hidden,10004,27,10,plain,known,,10,17,237.068,211.998,0,0
a-tune,10000-10099,hidden,10005,3,0,decoy,cascade,mimic,2,3,45.057,33.467,0,0
a-tune,10000-10099,hidden,10005,7,3,decoy,cascade,mimic,2,4,77.521,65.840,0,0
a-tune,10000-10099,hidden,10005,10,2,plain,known,,4,8,133.578,103.453,0,0
a-tune,10000-10099,hidden,10005,17,4,plain,known,,5,13,321.077,247.390,0,0
a-tune,10000-10099,hidden,10005,18,11,plain,known,,0,7,155.143,97.353,0,0
a-tune,10000-10099,hidden,10005,20,8,plain,known,,7,12,276.070,217.456,1,0
a-tune,10000-10099,hidden,10005,21,10,plain,known,,4,11,250.786,217.761,1,0
a-tune,10000-10099,hidden,10005,25,15,plain,known,,1,10,174.489,139.435,0,0
a-tune,10000-10099,hidden,10006,8,3,plain,known,,6,5,65.991,35.034,0,0
a-tune,10000-10099,hidden,10006,15,7,plain,known,,7,8,149.555,77.531,0,0
a-tune,10000-10099,hidden,10006,21,16,plain,known,,2,5,163.659,119.056,0,0
a-tune,10000-10099,hidden,10007,9,5,plain,known,,9,4,125.548,100.159,0,0
a-tune,10000-10099,hidden,10007,11,8,plain,known,,10,3,78.643,28.945,0,0
a-tune,10000-10099,hidden,10007,12,0,plain,known,,2,12,244.960,183.437,0,0
a-tune,10000-10099,hidden,10007,21,4,decoy,slow_leak,,4,17,374.708,360.182,0,0
a-tune,10000-10099,hidden,10007,25,0,plain,known,,2,25,497.395,435.872,0,1
a-tune,10000-10099,hidden,10008,4,1,plain,known,,3,3,89.550,26.780,0,0
a-tune,10000-10099,hidden,10008,10,3,plain,known,,1,7,66.738,40.975,0,0
a-tune,10000-10099,hidden,10008,14,4,plain,known,,3,10,115.844,48.446,0,0
a-tune,10000-10099,hidden,10008,23,8,plain,known,,7,15,218.824,175.064,0,0
a-tune,10000-10099,hidden,10008,24,13,plain,known,,6,11,167.624,112.390,0,0
a-tune,10000-10099,hidden,10008,31,7,plain,known,,2,24,386.891,346.107,0,0
a-tune,10000-10099,hidden,10009,10,0,hard,cascade,contradict,5,10,161.438,101.279,0,0
a-tune,10000-10099,hidden,10009,14,3,plain,known,,0,11,259.687,190.075,0,0
a-tune,10000-10099,hidden,10009,22,17,plain,known,,7,5,78.046,35.296,0,1
a-tune,10000-10099,hidden,10010,2,0,decoy,slow_leak,,10,2,56.274,43.006,0,0
a-tune,10000-10099,hidden,10010,8,1,plain,known,,3,7,127.775,92.408,0,0
a-tune,10000-10099,hidden,10010,15,7,plain,known,,2,8,85.124,24.547,0,0
a-tune,10000-10099,hidden,10010,16,0,decoy,slow_leak,,10,16,272.646,259.378,0,0
a-tune,10000-10099,hidden,10010,19,11,plain,known,,11,8,122.695,80.706,0,0
a-tune,10000-10099,hidden,10010,29,1,plain,known,,3,28,423.411,388.044,0,1
a-tune,10000-10099,hidden,10010,30,16,decoy,slow_leak,,10,14,188.409,180.711,0,0
a-tune,10000-10099,hidden,10011,8,1,plain,known,,6,7,86.226,47.334,0,0
a-tune,10000-10099,hidden,10011,11,7,plain,known,,1,4,209.662,154.361,0,0
a-tune,10000-10099,hidden,10011,13,10,plain,known,,3,3,130.391,71.720,0,0
a-tune,10000-10099,hidden,10012,5,0,plain,known,,3,5,82.290,29.379,0,0
a-tune,10000-10099,hidden,10012,8,3,plain,known,,10,5,62.129,28.426,0,0
a-tune,10000-10099,hidden,10012,9,2,plain,known,,5,7,101.938,31.953,0,0
a-tune,10000-10099,hidden,10012,12,4,plain,known,,7,8,252.750,203.758,1,0
a-tune,10000-10099,hidden,10012,17,9,plain,known,,5,8,386.117,339.729,1,0
a-tune,10000-10099,hidden,10012,18,12,plain,known,,7,6,182.003,139.163,0,0
a-tune,10000-10099,hidden,10012,19,0,plain,known,,3,19,508.783,455.872,1,0
a-tune,10000-10099,hidden,10013,4,0,plain,known,,1,4,153.565,105.998,0,0
a-tune,10000-10099,hidden,10013,15,5,plain,known,,10,10,129.118,65.583,0,0
a-tune,10000-10099,hidden,10013,20,5,plain,known,,10,15,192.428,128.893,0,0
a-tune,10000-10099,hidden,10013,21,0,plain,known,,1,21,385.106,337.540,0,0
a-tune,10000-10099,hidden,10013,22,7,plain,known,,4,15,196.218,150.938,0,1
a-tune,10000-10099,hidden,10013,25,18,plain,known,,7,7,115.283,49.030,0,0
a-tune,10000-10099,hidden,10013,29,16,plain,known,,3,13,197.879,132.999,0,0
a-tune,10000-10099,hidden,10014,7,0,plain,known,,6,7,109.907,66.590,0,0
a-tune,10000-10099,hidden,10014,9,2,plain,known,,5,7,128.240,66.547,0,0
a-tune,10000-10099,hidden,10014,10,1,plain,known,,2,9,144.265,77.600,0,0
a-tune,10000-10099,hidden,10014,14,4,plain,known,,1,10,246.752,203.572,0,0
a-tune,10000-10099,hidden,10014,20,0,plain,known,,6,20,518.711,475.394,0,1
a-tune,10000-10099,hidden,10015,2,0,plain,known,,9,2,71.844,26.849,0,0
a-tune,10000-10099,hidden,10015,4,1,plain,known,,5,3,107.899,77.986,0,0
a-tune,10000-10099,hidden,10015,11,5,plain,known,,0,6,69.659,26.075,0,0
a-tune,10000-10099,hidden,10015,15,9,plain,known,,5,6,129.434,68.336,0,0
a-tune,10000-10099,hidden,10015,17,13,plain,known,,2,4,80.569,34.188,0,0
a-tune,10000-10099,hidden,10015,20,3,plain,known,,8,17,356.096,292.413,1,0
a-tune,10000-10099,hidden,10016,6,2,plain,known,,9,4,71.725,36.235,0,0
a-tune,10000-10099,hidden,10016,8,0,plain,known,,6,8,129.327,58.575,0,0
a-tune,10000-10099,hidden,10016,16,12,hard,compound,contradict,6,4,65.737,30.178,0,0
a-tune,10000-10099,hidden,10016,20,12,hard,compound,contradict,6,8,157.822,122.263,0,0
a-tune,10000-10099,hidden,10017,4,0,plain,known,,8,4,74.333,28.798,0,0
a-tune,10000-10099,hidden,10017,9,2,plain,known,,9,7,180.470,115.296,0,0
a-tune,10000-10099,hidden,10017,13,1,plain,known,,7,12,245.100,187.732,0,0
a-tune,10000-10099,hidden,10017,14,3,decoy,compound,mimic,6,11,246.948,233.154,0,0
a-tune,10000-10099,hidden,10017,19,4,plain,known,,8,15,299.603,248.992,0,0
a-tune,10000-10099,hidden,10017,29,19,plain,known,,8,10,117.221,49.268,0,0
a-tune,10000-10099,hidden,10017,30,15,plain,known,,0,15,196.571,132.733,0,0
a-tune,10000-10099,hidden,10018,7,1,plain,known,,6,6,109.150,61.089,0,0
a-tune,10000-10099,hidden,10018,14,0,plain,known,,7,14,399.162,341.908,0,0
a-tune,10000-10099,hidden,10019,16,1,plain,known,,1,15,282.346,211.900,0,0
a-tune,10000-10099,hidden,10019,17,10,plain,known,,0,7,117.899,54.141,0,0
a-tune,10000-10099,hidden,10019,20,2,decoy,split_brain,mimic,2,18,405.628,389.572,0,0
a-tune,10000-10099,hidden,10019,22,14,plain,known,,3,8,188.712,166.232,0,0
a-tune,10000-10099,hidden,10020,9,7,decoy,compound,mimic,6,2,53.876,42.295,1,0
a-tune,10000-10099,hidden,10020,10,9,decoy,compound,mimic,6,1,65.650,53.503,0,0
a-tune,10000-10099,hidden,10020,13,7,decoy,compound,mimic,6,6,179.192,167.611,1,0
a-tune,10000-10099,hidden,10020,15,6,plain,known,,3,9,189.676,141.043,0,0
a-tune,10000-10099,hidden,10020,18,7,decoy,compound,mimic,6,11,228.943,217.362,1,0
a-tune,10000-10099,hidden,10020,23,15,plain,known,,3,8,88.332,25.937,0,0
a-tune,10000-10099,hidden,10021,6,1,plain,known,,6,5,191.997,139.169,0,0
a-tune,10000-10099,hidden,10021,14,4,plain,known,,1,10,318.611,282.420,1,0
a-tune,10000-10099,hidden,10021,16,2,plain,known,,0,14,373.748,325.427,0,0
a-tune,10000-10099,hidden,10022,5,0,plain,known,,7,5,95.003,45.078,0,0
a-tune,10000-10099,hidden,10022,7,1,plain,known,,4,6,82.861,25.244,0,0
a-tune,10000-10099,hidden,10022,18,5,plain,known,,7,13,306.921,254.754,0,0
a-tune,10000-10099,hidden,10022,19,12,plain,known,,3,7,138.797,79.499,0,1
a-tune,10000-10099,hidden,10023,2,0,plain,known,,4,2,78.929,26.623,0,0
a-tune,10000-10099,hidden,10023,19,9,plain,known,,2,10,284.181,221.637,0,0
a-tune,10000-10099,hidden,10023,23,3,hard,compound,contradict,5,20,404.859,314.712,0,0
a-tune,10000-10099,hidden,10024,1,0,decoy,split_brain,contradict,0,1,51.705,42.410,0,0
a-tune,10000-10099,hidden,10024,3,1,decoy,split_brain,contradict,0,2,51.086,27.426,0,0
a-tune,10000-10099,hidden,10024,10,3,decoy,split_brain,contradict,0,7,200.203,192.859,0,0
a-tune,10000-10099,hidden,10024,12,7,plain,known,,6,5,124.774,91.735,0,0
a-tune,10000-10099,hidden,10024,13,6,plain,known,,4,7,183.981,134.723,0,0
a-tune,10000-10099,hidden,10024,19,13,plain,known,,4,6,110.141,72.261,0,0
a-tune,10000-10099,hidden,10025,3,0,plain,known,,6,3,115.524,55.711,0,0
a-tune,10000-10099,hidden,10025,6,1,hard,cascade,mimic,1,5,155.259,122.509,0,0
a-tune,10000-10099,hidden,10025,10,6,hard,cascade,mimic,1,4,72.071,28.000,0,0
a-tune,10000-10099,hidden,10025,11,3,plain,known,,6,8,150.043,107.155,0,0
a-tune,10000-10099,hidden,10025,14,2,plain,known,,5,12,184.880,130.695,0,0
a-tune,10000-10099,hidden,10025,16,9,plain,known,,7,7,114.276,72.513,0,0
a-tune,10000-10099,hidden,10025,17,6,hard,cascade,mimic,1,11,160.084,116.013,0,0
a-tune,10000-10099,hidden,10026,10,4,plain,known,,4,6,111.126,44.291,0,0
a-tune,10000-10099,hidden,10026,12,3,hard,slow_leak,,0,9,136.443,56.515,0,0
a-tune,10000-10099,hidden,10026,19,15,plain,known,,2,4,118.653,57.103,0,0
a-tune,10000-10099,hidden,10026,22,19,plain,known,,2,3,118.183,60.911,0,0
a-tune,10000-10099,hidden,10027,4,0,plain,known,,3,4,93.456,32.911,0,0
a-tune,10000-10099,hidden,10027,8,3,plain,known,,4,5,94.695,31.236,0,0
a-tune,10000-10099,hidden,10027,10,1,plain,known,,0,9,171.701,113.240,0,0
a-tune,10000-10099,hidden,10027,14,0,plain,known,,3,14,323.139,262.594,0,0
a-tune,10000-10099,hidden,10027,16,9,hard,split_brain,mimic,1,7,148.190,117.661,0,0
a-tune,10000-10099,hidden,10027,17,12,plain,known,,8,5,83.517,27.724,0,0
a-tune,10000-10099,hidden,10027,18,10,plain,known,,0,8,154.708,105.864,0,0
a-tune,10000-10099,hidden,10027,22,0,plain,known,,3,22,484.118,423.573,0,0
a-tune,10000-10099,hidden,10027,23,13,plain,known,,4,10,223.724,168.601,0,0
a-tune,10000-10099,hidden,10028,8,1,plain,known,,1,7,224.798,168.124,0,0
a-tune,10000-10099,hidden,10028,19,15,hard,split_brain,mimic,6,4,136.714,68.918,0,0
a-tune,10000-10099,hidden,10029,18,3,plain,known,,0,15,262.457,223.925,0,0
a-tune,10000-10099,hidden,10029,32,3,plain,known,,0,29,405.568,367.037,0,0
a-tune,10000-10099,hidden,10030,2,0,plain,known,,8,2,81.141,34.340,0,0
a-tune,10000-10099,hidden,10030,7,2,plain,known,,8,5,96.097,53.890,0,0
a-tune,10000-10099,hidden,10030,8,3,plain,known,,9,5,105.060,35.636,0,0
a-tune,10000-10099,hidden,10030,10,4,plain,known,,5,6,149.460,91.513,1,0
a-tune,10000-10099,hidden,10030,13,5,plain,known,,7,8,121.084,86.931,0,0
a-tune,10000-10099,hidden,10030,14,7,plain,known,,8,7,83.520,28.204,1,0
a-tune,10000-10099,hidden,10030,15,5,plain,known,,7,10,196.402,162.249,0,0
a-tune,10000-10099,hidden,10030,21,9,plain,known,,1,12,195.721,131.423,0,0
a-tune,10000-10099,hidden,10031,18,4,plain,known,,1,14,239.397,190.696,0,0
a-tune,10000-10099,hidden,10031,21,19,plain,known,,7,2,75.653,26.376,0,0
a-tune,10000-10099,hidden,10032,8,1,plain,known,,1,7,159.661,125.341,0,0
a-tune,10000-10099,hidden,10032,10,2,plain,known,,2,8,175.961,130.291,0,0
a-tune,10000-10099,hidden,10032,14,8,plain,known,,1,6,83.300,48.016,0,0
a-tune,10000-10099,hidden,10032,16,3,plain,known,,0,13,243.363,214.573,0,0
a-tune,10000-10099,hidden,10032,19,1,plain,known,,1,18,339.259,304.939,0,0
a-tune,10000-10099,hidden,10032,21,5,plain,known,,0,16,216.211,142.144,1,0
a-tune,10000-10099,hidden,10032,26,10,plain,known,,2,16,241.576,184.072,0,0
a-tune,10000-10099,hidden,10032,27,13,plain,known,,3,14,250.567,211.989,0,0
a-tune,10000-10099,hidden,10032,28,25,plain,known,,11,3,84.590,30.431,0,0
a-tune,10000-10099,hidden,10033,4,0,plain,known,,9,4,100.256,45.250,0,0
a-tune,10000-10099,hidden,10033,24,8,decoy,slow_leak,,0,16,236.492,228.402,0,0
a-tune,10000-10099,hidden,10034,18,0,plain,known,,1,18,210.295,152.740,0,0
a-tune,10000-10099,hidden,10034,19,14,plain,known,,2,5,84.703,33.115,0,0
a-tune,10000-10099,hidden,10034,21,16,plain,known,,7,5,82.984,34.028,0,0
a-tune,10000-10099,hidden,10034,30,8,plain,known,,7,22,408.323,366.192,0,0
a-tune,10000-10099,hidden,10035,9,5,plain,known,,4,4,201.976,177.106,0,0
a-tune,10000-10099,hidden,10035,10,3,plain,known,,0,7,264.406,220.237,0,0
a-tune,10000-10099,hidden,10035,12,4,decoy,split_brain,mimic,3,8,305.572,297.436,0,0
a-tune,10000-10099,hidden,10035,13,1,plain,known,,2,12,365.333,308.728,0,0
a-tune,10000-10099,hidden,10036,4,2,plain,known,,4,2,63.858,24.227,0,0
a-tune,10000-10099,hidden,10036,10,1,plain,known,,6,9,247.998,207.825,0,0
a-tune,10000-10099,hidden,10036,11,8,plain,known,,4,3,101.291,46.892,0,0
a-tune,10000-10099,hidden,10036,14,1,plain,known,,6,13,376.567,336.395,0,0
a-tune,10000-10099,hidden,10036,19,6,plain,known,,0,13,293.722,223.934,0,0
a-tune,10000-10099,hidden,10037,16,0,plain,known,,1,16,316.240,246.775,1,0
a-tune,10000-10099,hidden,10037,17,7,plain,known,,5,10,179.004,133.959,0,0
a-tune,10000-10099,hidden,10037,21,0,plain,known,,1,21,406.029,336.564,1,0
a-tune,10000-10099,hidden,10037,23,4,plain,known,,0,19,382.619,310.254,1,0
a-tune,10000-10099,hidden,10038,1,0,decoy,slow_leak,,6,1,42.752,35.362,0,0
a-tune,10000-10099,hidden,10038,12,7,plain,known,,3,5,67.973,23.359,0,0
a-tune,10000-10099,hidden,10038,13,4,plain,known,,0,9,133.766,88.566,0,0
a-tune,10000-10099,hidden,10038,15,1,decoy,slow_leak,,6,14,222.622,214.056,0,0
a-tune,10000-10099,hidden,10038,17,14,plain,known,,1,3,92.392,31.928,0,0
a-tune,10000-10099,hidden,10038,18,10,hard,cascade,contradict,5,8,156.654,88.607,0,0
a-tune,10000-10099,hidden,10038,19,16,hard,compound,mimic,4,3,77.253,48.283,0,0
a-tune,10000-10099,hidden,10038,22,13,plain,known,,0,9,174.239,121.961,0,0
a-tune,10000-10099,hidden,10039,5,1,decoy,split_brain,contradict,4,4,36.149,23.835,0,0
a-tune,10000-10099,hidden,10039,10,5,decoy,split_brain,contradict,4,5,162.985,143.076,0,0
a-tune,10000-10099,hidden,10039,13,3,plain,known,,5,10,204.163,158.750,0,0
a-tune,10000-10099,hidden,10039,14,4,plain,known,,11,10,199.000,154.361,0,0
a-tune,10000-10099,hidden,10039,16,2,decoy,slow_leak,,6,14,271.706,255.726,0,0
a-tune,10000-10099,hidden,10039,18,0,plain,known,,7,18,337.752,276.622,0,0
a-tune,10000-10099,hidden,10040,8,4,plain,known,,5,4,64.279,23.081,1,0
a-tune,10000-10099,hidden,10040,13,6,plain,known,,6,7,133.898,88.923,0,0
a-tune,10000-10099,hidden,10040,18,8,plain,known,,5,10,239.836,196.741,0,0
a-tune,10000-10099,hidden,10040,22,7,plain,known,,0,15,330.640,285.551,1,0
a-tune,10000-10099,hidden,10041,4,1,plain,known,,8,3,75.289,35.241,0,0
a-tune,10000-10099,hidden,10041,5,0,plain,known,,7,5,83.954,27.617,0,0
a-tune,10000-10099,hidden,10041,11,2,plain,known,,1,9,214.094,159.565,0,0
a-tune,10000-10099,hidden,10041,12,4,plain,known,,8,8,180.334,147.734,1,0
a-tune,10000-10099,hidden,10041,15,8,plain,known,,3,7,107.043,41.381,0,0
a-tune,10000-10099,hidden,10041,17,1,plain,known,,8,16,378.031,337.984,1,0
a-tune,10000-10099,hidden,10041,18,14,plain,known,,7,4,122.862,67.730,0,0
a-tune,10000-10099,hidden,10041,20,16,plain,known,,4,4,106.092,53.675,0,0
a-tune,10000-10099,hidden,10041,23,12,plain,known,,8,11,220.648,184.629,0,0
a-tune,10000-10099,hidden,10042,17,8,plain,known,,8,9,194.726,153.256,0,0
a-tune,10000-10099,hidden,10042,19,15,plain,known,,4,4,166.942,121.506,0,1
a-tune,10000-10099,hidden,10042,20,12,plain,known,,8,8,232.439,210.976,0,0
a-tune,10000-10099,hidden,10042,23,18,hard,compound,contradict,0,5,100.029,65.615,0,0
a-tune,10000-10099,hidden,10043,5,1,decoy,split_brain,contradict,5,4,137.201,122.103,0,0
a-tune,10000-10099,hidden,10043,6,2,decoy,slow_leak,,10,4,125.599,118.526,0,0
a-tune,10000-10099,hidden,10043,10,4,plain,known,,2,6,173.939,123.151,0,0
a-tune,10000-10099,hidden,10043,12,5,decoy,split_brain,contradict,5,7,131.129,116.238,0,0
a-tune,10000-10099,hidden,10044,8,1,plain,known,,8,7,79.987,31.244,0,0
a-tune,10000-10099,hidden,10044,14,9,hard,cascade,contradict,4,5,72.147,34.693,0,0
a-tune,10000-10099,hidden,10044,19,14,hard,cascade,contradict,4,5,115.611,62.055,1,0
a-tune,10000-10099,hidden,10044,31,5,plain,known,,6,26,354.656,300.654,0,0
a-tune,10000-10099,hidden,10044,35,25,decoy,slow_leak,,2,10,131.908,123.803,0,0
a-tune,10000-10099,hidden,10044,38,18,plain,known,,2,20,239.182,201.631,0,0
a-tune,10000-10099,hidden,10044,40,24,plain,known,,6,16,180.418,138.843,0,0
a-tune,10000-10099,hidden,10045,6,1,plain,known,,0,5,57.170,25.672,0,0
a-tune,10000-10099,hidden,10045,8,2,decoy,slow_leak,,1,6,62.767,46.888,0,0
a-tune,10000-10099,hidden,10045,10,1,plain,known,,0,9,115.915,84.417,0,0
a-tune,10000-10099,hidden,10045,14,2,decoy,slow_leak,,1,12,143.883,128.004,0,0
a-tune,10000-10099,hidden,10045,32,2,decoy,slow_leak,,1,30,473.834,457.955,0,0
a-tune,10000-10099,hidden,10046,2,0,decoy,slow_leak,,6,2,49.041,30.108,0,0
a-tune,10000-10099,hidden,10046,14,10,plain,known,,1,4,122.644,85.717,1,0
a-tune,10000-10099,hidden,10046,22,18,plain,known,,0,4,106.475,57.759,0,0
a-tune,10000-10099,hidden,10046,23,19,plain,known,,4,4,78.552,23.902,0,0
a-tune,10000-10099,hidden,10047,3,0,plain,known,,6,3,83.655,32.428,0,0
a-tune,10000-10099,hidden,10047,4,1,plain,known,,4,3,83.065,45.589,0,0
a-tune,10000-10099,hidden,10047,7,2,plain,known,,11,5,100.535,38.063,0,0
a-tune,10000-10099,hidden,10047,9,1,plain,known,,4,8,153.130,115.654,0,0
a-tune,10000-10099,hidden,10047,11,5,plain,known,,8,6,96.466,50.756,0,0
a-tune,10000-10099,hidden,10047,13,0,plain,known,,6,13,274.314,223.088,0,0
a-tune,10000-10099,hidden,10047,17,11,plain,known,,8,6,129.702,81.804,0,0
a-tune,10000-10099,hidden,10048,4,0,plain,known,,5,4,62.624,36.041,0,0
a-tune,10000-10099,hidden,10048,12,9,plain,known,,7,3,109.782,85.352,0,0
a-tune,10000-10099,hidden,10048,14,4,plain,known,,5,10,269.502,240.570,0,0
a-tune,10000-10099,hidden,10049,16,11,plain,known,,9,5,102.933,32.114,0,0
a-tune,10000-10099,hidden,10049,20,17,plain,known,,3,3,91.366,32.854,0,0
a-tune,10000-10099,hidden,10049,21,15,plain,known,,0,6,200.116,156.006,0,0
a-tune,10000-10099,hidden,10049,23,2,plain,known,,9,21,407.582,346.544,0,0
a-tune,10000-10099,hidden,10049,24,9,plain,known,,2,15,331.851,282.777,0,1
a-tune,10000-10099,hidden,10049,26,14,hard,slow_leak,,5,12,302.098,206.626,0,0
a-tune,10000-10099,hidden,10050,8,0,plain,known,,5,8,147.414,111.406,0,0
a-tune,10000-10099,hidden,10050,12,4,decoy,compound,mimic,2,8,86.915,65.760,0,0
a-tune,10000-10099,hidden,10050,14,5,plain,known,,0,9,126.574,91.596,0,0
a-tune,10000-10099,hidden,10050,15,3,hard,split_brain,contradict,9,12,201.120,154.976,0,0
a-tune,10000-10099,hidden,10050,16,8,plain,known,,5,8,136.542,100.897,0,0
a-tune,10000-10099,hidden,10050,17,13,plain,known,,2,4,91.592,58.523,0,0
a-tune,10000-10099,hidden,10050,21,13,plain,known,,2,8,207.226,174.157,0,0
a-tune,10000-10099,hidden,10050,24,5,plain,known,,0,19,369.134,334.156,0,0
a-tune,10000-10099,hidden,10051,3,0,hard,cascade,mimic,10,3,91.638,31.059,0,0
a-tune,10000-10099,hidden,10051,4,1,decoy,compound,contradict,6,3,87.361,76.824,0,0
a-tune,10000-10099,hidden,10051,10,2,hard,split_brain,mimic,3,8,151.332,103.802,0,0
a-tune,10000-10099,hidden,10051,12,1,decoy,compound,contradict,6,11,195.805,185.268,0,0
a-tune,10000-10099,hidden,10051,16,14,decoy,split_brain,contradict,8,2,73.584,56.275,0,0
a-tune,10000-10099,hidden,10051,23,1,decoy,compound,contradict,6,22,366.990,356.453,0,0
a-tune,10000-10099,hidden,10051,25,8,plain,known,,9,17,280.806,227.728,0,0
a-tune,10000-10099,hidden,10052,9,2,plain,known,,4,7,113.001,60.139,0,0
a-tune,10000-10099,hidden,10052,20,1,plain,known,,8,19,229.220,163.119,0,0
a-tune,10000-10099,hidden,10052,30,11,plain,known,,8,19,323.840,258.141,0,0
a-tune,10000-10099,hidden,10053,7,0,plain,known,,7,7,85.954,49.950,0,0
a-tune,10000-10099,hidden,10053,8,1,plain,known,,5,7,100.743,32.296,0,0
a-tune,10000-10099,hidden,10053,10,0,plain,known,,7,10,148.952,112.948,0,0
a-tune,10000-10099,hidden,10053,12,5,plain,known,,0,7,104.408,50.326,0,0
a-tune,10000-10099,hidden,10053,16,13,plain,known,,6,3,59.049,26.979,0,0
a-tune,10000-10099,hidden,10053,17,0,plain,known,,7,17,225.756,189.752,0,0
a-tune,10000-10099,hidden,10053,23,11,hard,compound,contradict,3,12,182.039,117.735,0,0
a-tune,10000-10099,hidden,10053,27,17,plain,known,,7,10,236.638,199.739,0,0
a-tune,10000-10099,hidden,10053,28,19,plain,known,,0,9,197.927,165.137,0,0
a-tune,10000-10099,hidden,10054,3,0,plain,known,,6,3,63.440,40.328,0,0
a-tune,10000-10099,hidden,10054,4,1,plain,known,,1,3,67.073,34.914,0,0
a-tune,10000-10099,hidden,10054,10,3,plain,known,,6,7,140.111,114.663,0,0
a-tune,10000-10099,hidden,10054,11,9,plain,known,,0,2,72.509,32.697,1,0
a-tune,10000-10099,hidden,10054,12,5,hard,split_brain,mimic,10,7,165.841,76.183,0,0
a-tune,10000-10099,hidden,10054,13,7,plain,known,,8,6,169.582,106.724,0,0
a-tune,10000-10099,hidden,10054,15,4,plain,known,,1,11,222.632,195.296,0,0
a-tune,10000-10099,hidden,10054,20,9,plain,known,,0,11,157.477,117.665,1,0
a-tune,10000-10099,hidden,10054,23,12,hard,split_brain,mimic,10,11,134.002,36.637,0,0
a-tune,10000-10099,hidden,10054,26,13,plain,known,,8,13,128.877,61.459,0,0
a-tune,10000-10099,hidden,10054,28,1,plain,known,,1,27,472.361,440.203,0,0
a-tune,10000-10099,hidden,10055,9,3,plain,known,,2,6,144.111,99.406,0,0
a-tune,10000-10099,hidden,10055,18,11,decoy,compound,contradict,8,7,98.596,86.987,0,0
a-tune,10000-10099,hidden,10055,21,7,plain,known,,4,14,246.622,190.815,0,0
a-tune,10000-10099,hidden,10055,24,0,plain,known,,2,24,450.289,422.426,0,0
a-tune,10000-10099,hidden,10055,27,21,plain,known,,4,6,124.190,81.444,0,0
a-tune,10000-10099,hidden,10056,3,0,plain,known,,0,3,90.362,33.595,0,0
a-tune,10000-10099,hidden,10056,6,1,plain,known,,4,5,103.575,58.918,0,0
a-tune,10000-10099,hidden,10056,12,6,plain,known,,4,6,121.469,56.410,0,0
a-tune,10000-10099,hidden,10056,13,2,plain,known,,3,11,195.182,129.602,1,0
a-tune,10000-10099,hidden,10056,15,8,plain,known,,6,7,175.663,122.787,0,0
a-tune,10000-10099,hidden,10056,17,4,plain,known,,5,13,289.339,226.047,0,0
a-tune,10000-10099,hidden,10056,18,5,plain,known,,1,13,280.153,217.462,0,0
a-tune,10000-10099,hidden,10056,19,12,plain,known,,4,7,142.406,83.814,0,0
a-tune,10000-10099,hidden,10056,22,5,plain,known,,1,17,394.124,331.432,0,0
a-tune,10000-10099,hidden,10057,3,1,decoy,split_brain,contradict,3,2,42.164,24.073,0,0
a-tune,10000-10099,hidden,10057,11,1,decoy,split_brain,contradict,3,10,272.773,254.681,0,0
a-tune,10000-10099,hidden,10057,15,11,decoy,split_brain,contradict,3,4,47.304,26.674,0,0
a-tune,10000-10099,hidden,10057,16,7,plain,known,,4,9,107.774,57.490,0,0
a-tune,10000-10099,hidden,10058,2,0,decoy,slow_leak,,8,2,56.751,39.447,0,0
a-tune,10000-10099,hidden,10058,7,0,decoy,slow_leak,,8,7,137.468,120.165,0,0
a-tune,10000-10099,hidden,10058,10,1,plain,known,,0,9,181.756,134.325,0,0
a-tune,10000-10099,hidden,10058,11,2,decoy,slow_leak,,8,9,135.401,126.992,0,0
a-tune,10000-10099,hidden,10058,24,0,decoy,slow_leak,,8,24,315.491,298.187,0,0
a-tune,10000-10099,hidden,10058,26,8,plain,known,,6,18,196.917,145.866,1,0
a-tune,10000-10099,hidden,10058,27,13,decoy,split_brain,mimic,1,14,196.561,179.025,0,0
a-tune,10000-10099,hidden,10059,4,1,plain,known,,3,3,80.753,24.425,0,0
a-tune,10000-10099,hidden,10059,10,6,plain,known,,4,4,114.466,81.282,0,0
a-tune,10000-10099,hidden,10059,14,9,plain,known,,6,5,88.222,48.358,0,0
a-tune,10000-10099,hidden,10059,17,10,plain,known,,4,7,163.097,123.417,0,0
a-tune,10000-10099,hidden,10060,7,2,decoy,cascade,contradict,6,5,42.634,33.554,0,0
a-tune,10000-10099,hidden,10060,18,7,decoy,cascade,contradict,6,11,148.084,134.502,1,0
a-tune,10000-10099,hidden,10060,26,13,plain,known,,4,13,222.297,160.792,0,0
a-tune,10000-10099,hidden,10060,28,8,plain,known,,8,20,300.678,230.162,0,0
a-tune,10000-10099,hidden,10060,31,12,plain,known,,9,19,381.462,332.853,0,0
a-tune,10000-10099,hidden,10061,5,1,decoy,split_brain,mimic,5,4,62.185,40.283,0,0
a-tune,10000-10099,hidden,10061,6,0,plain,known,,0,6,120.866,76.118,0,0
a-tune,10000-10099,hidden,10061,11,6,plain,known,,0,5,102.079,35.454,0,0
a-tune,10000-10099,hidden,10061,15,3,plain,known,,10,12,200.832,142.991,1,0
a-tune,10000-10099,hidden,10061,23,6,plain,known,,0,17,244.434,177.808,0,0
a-tune,10000-10099,hidden,10061,26,3,plain,known,,10,23,366.856,309.015,1,0
a-tune,10000-10099,hidden,10061,27,10,plain,known,,4,17,208.742,158.387,0,0
a-tune,10000-10099,hidden,10061,28,19,plain,known,,3,9,100.451,36.553,0,0
a-tune,10000-10099,hidden,10061,30,8,plain,known,,2,22,230.480,168.058,0,0
a-tune,10000-10099,hidden,10061,31,16,plain,known,,9,15,185.420,155.775,0,0
a-tune,10000-10099,hidden,10061,34,25,plain,known,,8,9,92.774,46.903,0,0
a-tune,10000-10099,hidden,10062,9,3,decoy,cascade,contradict,5,6,75.234,58.673,0,0
a-tune,10000-10099,hidden,10062,10,6,decoy,cascade,mimic,7,4,64.071,48.838,0,0
a-tune,10000-10099,hidden,10062,20,14,plain,known,,5,6,90.711,39.506,0,0
a-tune,10000-10099,hidden,10062,23,16,plain,known,,7,7,95.320,33.445,0,0
a-tune,10000-10099,hidden,10062,29,10,decoy,cascade,mimic,7,19,287.696,278.250,0,0
a-tune,10000-10099,hidden,10063,18,12,plain,known,,6,6,141.916,78.323,0,0
a-tune,10000-10099,hidden,10063,19,3,plain,known,,0,16,292.450,222.650,0,0
a-tune,10000-10099,hidden,10064,7,0,plain,known,,7,7,130.973,62.476,0,0
a-tune,10000-10099,hidden,10064,11,1,plain,known,,8,10,138.299,80.447,0,0
a-tune,10000-10099,hidden,10064,14,0,plain,known,,7,14,222.789,154.291,1,0
a-tune,10000-10099,hidden,10064,19,2,plain,known,,5,17,325.547,283.965,0,1
a-tune,10000-10099,hidden,10064,20,1,plain,known,,8,19,361.538,303.685,1,0
a-tune,10000-10099,hidden,10064,24,9,plain,known,,5,15,334.395,291.272,0,1
a-tune,10000-10099,hidden,10064,25,8,decoy,slow_leak,,4,17,339.745,316.356,0,0
a-tune,10000-10099,hidden,10065,6,1,plain,known,,5,5,97.465,50.955,0,0
a-tune,10000-10099,hidden,10065,16,1,plain,known,,5,15,299.672,253.162,0,0
a-tune,10000-10099,hidden,10065,18,14,plain,known,,4,4,105.819,37.508,0,0
a-tune,10000-10099,hidden,10065,24,7,plain,known,,1,17,266.482,217.249,0,0
a-tune,10000-10099,hidden,10065,32,18,plain,known,,4,14,192.150,149.945,0,0
a-tune,10000-10099,hidden,10065,34,2,decoy,compound,mimic,2,32,502.951,489.477,0,1
a-tune,10000-10099,hidden,10065,35,4,plain,known,,6,31,415.555,369.516,0,0
a-tune,10000-10099,hidden,10066,7,2,decoy,cascade,contradict,4,5,39.182,33.028,0,0
a-tune,10000-10099,hidden,10066,9,3,plain,known,,1,6,112.528,52.921,0,0
a-tune,10000-10099,hidden,10066,15,5,hard,compound,mimic,2,10,214.292,121.097,0,0
a-tune,10000-10099,hidden,10066,17,9,plain,known,,1,8,168.514,131.895,0,0
a-tune,10000-10099,hidden,10066,18,12,plain,known,,3,6,113.811,51.334,0,0
a-tune,10000-10099,hidden,10066,19,6,plain,known,,5,13,308.059,264.753,0,0
a-tune,10000-10099,hidden,10066,20,16,hard,compound,contradict,7,4,101.464,24.371,0,0
a-tune,10000-10099,hidden,10066,21,7,decoy,cascade,contradict,4,14,297.992,288.665,1,0
a-tune,10000-10099,hidden,10066,24,3,plain,known,,1,21,396.688,337.080,0,0
a-tune,10000-10099,hidden,10066,28,15,hard,compound,mimic,2,13,242.114,148.391,0,1
a-tune,10000-10099,hidden,10066,29,1,plain,known,,7,28,492.956,457.172,0,0
a-tune,10000-10099,hidden,10067,2,0,plain,known,,6,2,87.301,30.436,0,0
a-tune,10000-10099,hidden,10068,7,1,plain,known,,3,6,119.642,64.546,0,0
a-tune,10000-10099,hidden,10068,10,3,plain,known,,6,7,112.230,42.002,0,0
a-tune,10000-10099,hidden,10068,14,8,plain,known,,4,6,64.093,23.888,0,0
a-tune,10000-10099,hidden,10068,16,7,plain,known,,3,9,110.694,67.006,0,0
a-tune,10000-10099,hidden,10068,24,1,plain,known,,3,23,394.895,339.799,0,1
a-tune,10000-10099,hidden,10068,30,20,plain,known,,2,10,184.860,131.765,0,0
a-tune,10000-10099,hidden,10069,10,4,plain,known,,5,6,104.740,36.504,0,0
a-tune,10000-10099,hidden,10069,11,6,plain,known,,0,5,100.186,51.214,0,0
a-tune,10000-10099,hidden,10069,15,9,plain,known,,2,6,121.243,48.801,0,0
a-tune,10000-10099,hidden,10069,19,8,plain,known,,6,11,197.233,146.928,0,0
a-tune,10000-10099,hidden,10069,23,1,plain,known,,2,22,380.148,338.698,0,0
a-tune,10000-10099,hidden,10069,25,5,decoy,slow_leak,,6,20,352.195,343.901,0,0
a-tune,10000-10099,hidden,10070,6,1,plain,known,,3,5,85.083,48.018,0,0
a-tune,10000-10099,hidden,10070,7,4,plain,known,,6,3,76.975,29.196,0,0
a-tune,10000-10099,hidden,10070,9,2,plain,known,,9,7,170.108,112.851,0,0
a-tune,10000-10099,hidden,10070,12,1,plain,known,,3,11,310.288,273.223,0,0
a-tune,10000-10099,hidden,10070,20,3,plain,known,,1,17,404.218,349.565,0,0
a-tune,10000-10099,hidden,10070,24,18,plain,known,,2,6,80.935,23.451,0,0
a-tune,10000-10099,hidden,10071,11,0,hard,cascade,mimic,2,11,150.768,90.562,0,0
a-tune,10000-10099,hidden,10071,18,8,plain,known,,6,10,253.455,184.605,0,0
a-tune,10000-10099,hidden,10071,21,3,decoy,slow_leak,,8,18,361.351,337.992,0,0
a-tune,10000-10099,hidden,10071,22,7,plain,known,,1,15,318.421,278.034,0,0
a-tune,10000-10099,hidden,10071,25,3,decoy,slow_leak,,8,22,461.632,438.274,0,0
a-tune,10000-10099,hidden,10072,10,0,plain,known,,3,10,214.442,146.402,0,0
a-tune,10000-10099,hidden,10072,12,9,plain,known,,5,3,82.200,58.543,0,0
a-tune,10000-10099,hidden,10072,20,4,plain,known,,6,16,444.548,385.489,1,0
a-tune,10000-10099,hidden,10073,3,1,plain,known,,6,2,75.752,28.372,0,0
a-tune,10000-10099,hidden,10073,10,7,plain,known,,8,3,80.828,26.990,0,0
a-tune,10000-10099,hidden,10073,12,2,plain,known,,1,10,191.836,136.133,0,0
a-tune,10000-10099,hidden,10073,15,4,plain,known,,4,11,208.263,143.427,0,0
a-tune,10000-10099,hidden,10073,17,11,plain,known,,3,6,146.015,89.695,0,0
a-tune,10000-10099,hidden,10073,23,0,plain,known,,10,23,413.049,360.107,0,0
a-tune,10000-10099,hidden,10073,26,21,plain,known,,9,5,54.011,26.783,0,0
a-tune,10000-10099,hidden,10073,27,16,plain,known,,7,11,120.981,54.150,0,0
a-tune,10000-10099,hidden,10074,9,5,decoy,compound,mimic,5,4,55.779,44.155,0,0
a-tune,10000-10099,hidden,10074,13,0,plain,known,,7,13,177.292,110.152,0,0
a-tune,10000-10099,hidden,10074,16,2,plain,known,,0,14,220.944,185.168,0,0
a-tune,10000-10099,hidden,10074,23,10,plain,known,,0,13,255.131,188.098,0,0
a-tune,10000-10099,hidden,10074,24,8,plain,known,,4,16,260.844,201.098,0,0
a-tune,10000-10099,hidden,10074,25,13,plain,known,,7,12,185.158,129.891,0,0
a-tune,10000-10099,hidden,10074,27,21,plain,known,,5,6,85.754,40.568,0,1
a-tune,10000-10099,hidden,10074,31,12,plain,known,,1,19,304.495,240.620,0,0
a-tune,10000-10099,hidden,10074,32,22,plain,known,,3,10,113.406,90.213,0,1
a-tune,10000-10099,hidden,10075,5,3,plain,known,,4,2,99.207,44.742,0,0
a-tune,10000-10099,hidden,10075,8,2,plain,known,,2,6,151.221,92.518,0,0
a-tune,10000-10099,hidden,10075,9,4,plain,known,,6,5,124.485,60.792,0,0
a-tune,10000-10099,hidden,10075,19,12,plain,known,,2,7,101.849,38.301,0,0
a-tune,10000-10099,hidden,10076,4,0,plain,known,,7,4,82.288,33.452,0,0
a-tune,10000-10099,hidden,10076,7,3,hard,compound,mimic,2,4,113.060,49.687,0,0
a-tune,10000-10099,hidden,10076,11,6,hard,split_brain,mimic,0,5,69.781,29.710,0,0
a-tune,10000-10099,hidden,10076,14,8,plain,known,,3,6,75.432,42.479,0,0
a-tune,10000-10099,hidden,10076,21,5,hard,compound,contradict,9,16,264.021,220.971,0,0
a-tune,10000-10099,hidden,10076,24,13,plain,known,,1,11,241.647,179.813,0,0
a-tune,10000-10099,hidden,10076,25,5,hard,compound,contradict,9,20,385.212,342.162,0,0
a-tune,10000-10099,hidden,10077,8,3,hard,cascade,contradict,1,5,92.760,23.703,0,0
a-tune,10000-10099,hidden,10077,9,6,decoy,compound,contradict,2,3,54.650,41.339,0,0
a-tune,10000-10099,hidden,10077,12,4,plain,known,,0,8,82.623,29.653,0,0
a-tune,10000-10099,hidden,10077,16,6,decoy,compound,contradict,2,10,155.397,142.086,1,0
a-tune,10000-10099,hidden,10077,19,13,plain,known,,6,6,97.631,36.642,0,0
a-tune,10000-10099,hidden,10077,20,10,plain,known,,5,10,115.952,68.123,0,0
a-tune,10000-10099,hidden,10077,22,17,plain,known,,7,5,79.922,24.900,0,0
a-tune,10000-10099,hidden,10077,24,2,plain,known,,3,22,367.004,308.442,0,0
a-tune,10000-10099,hidden,10077,25,10,plain,known,,5,15,279.603,231.774,0,0
a-tune,10000-10099,hidden,10077,27,21,plain,known,,1,6,159.851,110.334,0,0
a-tune,10000-10099,hidden,10077,28,16,decoy,compound,contradict,2,12,219.390,200.659,0,1
a-tune,10000-10099,hidden,10077,29,14,plain,known,,3,15,261.753,203.805,0,0
a-tune,10000-10099,hidden,10077,32,18,plain,known,,0,14,242.029,188.622,0,0
a-tune,10000-10099,hidden,10077,33,25,plain,known,,5,8,109.753,49.143,0,0
a-tune,10000-10099,hidden,10078,4,0,plain,known,,6,4,128.021,80.124,0,0
a-tune,10000-10099,hidden,10078,11,3,plain,known,,9,8,240.600,193.219,0,0
a-tune,10000-10099,hidden,10078,15,5,plain,known,,0,10,230.975,162.095,0,0
a-tune,10000-10099,hidden,10079,8,0,hard,split_brain,mimic,1,8,123.402,55.712,0,0
a-tune,10000-10099,hidden,10079,14,10,plain,known,,5,4,94.266,41.960,0,0
a-tune,10000-10099,hidden,10079,20,6,plain,known,,6,14,293.120,227.497,1,0
a-tune,10000-10099,hidden,10079,23,10,plain,known,,5,13,294.187,241.881,0,0
a-tune,10000-10099,hidden,10079,26,17,plain,known,,0,9,184.154,132.617,0,0
a-tune,10000-10099,hidden,10080,6,0,plain,known,,3,6,103.281,41.199,0,0
a-tune,10000-10099,hidden,10081,24,3,plain,known,,2,21,437.961,378.433,0,0
a-tune,10000-10099,hidden,10082,5,2,plain,known,,4,3,106.545,40.551,0,0
a-tune,10000-10099,hidden,10083,8,3,plain,known,,2,5,83.274,23.790,0,0
a-tune,10000-10099,hidden,10083,15,8,plain,known,,2,7,109.519,64.777,0,0
a-tune,10000-10099,hidden,10083,16,0,hard,split_brain,mimic,5,16,347.169,295.692,0,0
a-tune,10000-10099,hidden,10083,17,9,plain,known,,3,8,183.283,124.034,0,0
a-tune,10000-10099,hidden,10083,18,14,plain,known,,6,4,126.667,95.756,0,0
a-tune,10000-10099,hidden,10083,27,11,plain,known,,7,16,293.982,249.726,0,0
a-tune,10000-10099,hidden,10083,29,7,hard,slow_leak,,1,22,374.892,279.517,0,0
a-tune,10000-10099,hidden,10084,9,4,decoy,compound,contradict,4,5,97.712,91.542,0,0
a-tune,10000-10099,hidden,10084,20,9,decoy,compound,contradict,4,11,315.533,309.193,0,1
a-tune,10000-10099,hidden,10085,12,4,plain,known,,9,8,168.273,106.221,1,0
a-tune,10000-10099,hidden,10085,13,2,plain,known,,3,11,293.017,229.444,0,0
a-tune,10000-10099,hidden,10085,14,13,plain,known,,3,1,95.638,43.534,0,0
a-tune,10000-10099,hidden,10085,15,9,plain,known,,4,6,234.571,172.462,0,0
a-tune,10000-10099,hidden,10086,11,2,plain,known,,6,9,184.791,131.169,0,0
a-tune,10000-10099,hidden,10086,22,3,plain,known,,0,19,325.843,261.840,0,0
a-tune,10000-10099,hidden,10086,26,12,plain,known,,7,14,184.812,132.258,0,0
a-tune,10000-10099,hidden,10087,8,2,plain,known,,0,6,108.315,57.617,0,0
a-tune,10000-10099,hidden,10087,16,0,plain,known,,9,16,354.551,322.430,0,0
a-tune,10000-10099,hidden,10087,22,3,plain,known,,4,19,367.292,336.688,0,0
a-tune,10000-10099,hidden,10088,5,0,plain,known,,1,5,75.516,31.219,0,0
a-tune,10000-10099,hidden,10088,6,1,plain,known,,4,5,109.306,71.404,0,0
a-tune,10000-10099,hidden,10088,8,2,plain,known,,7,6,175.028,126.979,0,0
a-tune,10000-10099,hidden,10088,11,1,plain,known,,4,10,236.232,198.329,0,0
a-tune,10000-10099,hidden,10088,13,10,plain,known,,10,3,86.153,52.204,0,0
a-tune,10000-10099,hidden,10088,15,2,plain,known,,7,13,295.974,247.924,0,0
a-tune,10000-10099,hidden,10088,18,3,hard,compound,mimic,8,15,313.452,249.948,1,0
a-tune,10000-10099,hidden,10088,19,5,plain,known,,1,14,283.767,234.127,0,0
a-tune,10000-10099,hidden,10088,23,11,plain,known,,4,12,182.795,146.280,0,0
a-tune,10000-10099,hidden,10089,5,3,hard,cascade,contradict,4,2,85.647,30.840,0,0
a-tune,10000-10099,hidden,10089,6,1,hard,compound,contradict,0,5,134.134,53.318,0,0
a-tune,10000-10099,hidden,10089,8,0,hard,compound,mimic,7,8,225.497,137.394,0,0
a-tune,10000-10099,hidden,10089,9,2,plain,known,,3,7,211.916,163.280,1,0
a-tune,10000-10099,hidden,10089,14,7,plain,known,,8,7,96.812,29.164,0,0
a-tune,10000-10099,hidden,10089,22,17,decoy,slow_leak,,4,5,75.134,62.413,0,0
a-tune,10000-10099,hidden,10089,23,18,plain,known,,1,5,72.018,30.988,0,1
a-tune,10000-10099,hidden,10089,26,6,hard,compound,contradict,0,20,355.902,276.553,0,0
a-tune,10000-10099,hidden,10090,3,1,plain,known,,3,2,133.584,89.503,0,0
a-tune,10000-10099,hidden,10090,7,0,decoy,slow_leak,,7,7,213.616,190.135,0,0
a-tune,10000-10099,hidden,10090,9,4,plain,known,,5,5,61.399,35.403,0,0
a-tune,10000-10099,hidden,10090,13,1,plain,known,,3,12,262.733,218.651,0,0
a-tune,10000-10099,hidden,10090,14,9,plain,known,,5,5,67.296,37.917,0,0
a-tune,10000-10099,hidden,10090,18,14,plain,known,,5,4,55.656,28.899,0,0
a-tune,10000-10099,hidden,10090,22,15,plain,known,,4,7,99.376,29.072,0,0
a-tune,10000-10099,hidden,10090,24,17,hard,cascade,contradict,2,7,94.606,28.980,0,1
a-tune,10000-10099,hidden,10090,28,18,plain,known,,5,10,137.613,101.202,0,0
a-tune,10000-10099,hidden,10091,3,1,plain,known,,0,2,61.741,28.398,0,0
a-tune,10000-10099,hidden,10091,7,2,plain,known,,2,5,86.121,26.414,0,0
a-tune,10000-10099,hidden,10091,10,4,plain,known,,5,6,86.588,28.565,0,0
a-tune,10000-10099,hidden,10091,12,7,plain,known,,2,5,99.876,41.348,0,0
a-tune,10000-10099,hidden,10091,18,7,plain,known,,2,11,277.466,218.938,0,0
a-tune,10000-10099,hidden,10091,19,9,plain,known,,0,10,273.895,233.566,0,0
a-tune,10000-10099,hidden,10092,8,1,plain,known,,3,7,144.230,86.796,0,0
a-tune,10000-10099,hidden,10092,14,0,plain,known,,2,14,300.682,238.604,0,0
a-tune,10000-10099,hidden,10092,20,16,plain,known,,6,4,60.866,26.276,0,0
a-tune,10000-10099,hidden,10092,23,12,plain,known,,0,11,209.731,165.255,0,0
a-tune,10000-10099,hidden,10092,25,5,decoy,slow_leak,,2,20,376.108,360.406,0,0
a-tune,10000-10099,hidden,10092,26,8,plain,known,,3,18,329.394,264.856,1,0
a-tune,10000-10099,hidden,10093,5,0,plain,known,,1,5,92.237,36.919,0,0
a-tune,10000-10099,hidden,10093,10,3,plain,known,,7,7,165.664,117.233,0,0
a-tune,10000-10099,hidden,10093,13,8,plain,known,,4,5,103.439,42.116,0,0
a-tune,10000-10099,hidden,10093,17,6,plain,known,,3,11,232.318,185.972,0,0
a-tune,10000-10099,hidden,10093,18,3,plain,known,,7,15,289.499,241.068,0,0
a-tune,10000-10099,hidden,10093,21,14,plain,known,,8,7,118.042,56.858,0,0
a-tune,10000-10099,hidden,10093,29,19,plain,known,,5,10,138.142,107.523,0,0
a-tune,10000-10099,hidden,10094,3,0,hard,split_brain,mimic,1,3,99.009,23.310,0,0
a-tune,10000-10099,hidden,10094,5,1,plain,known,,2,4,91.670,47.234,0,0
a-tune,10000-10099,hidden,10094,6,2,plain,known,,3,4,95.087,34.380,0,0
a-tune,10000-10099,hidden,10094,8,4,plain,known,,4,4,68.480,37.955,0,0
a-tune,10000-10099,hidden,10094,14,1,plain,known,,2,13,184.434,139.998,0,0
a-tune,10000-10099,hidden,10094,15,11,decoy,compound,mimic,1,4,42.658,26.987,0,0
a-tune,10000-10099,hidden,10094,16,8,plain,known,,4,8,98.460,72.246,0,0
a-tune,10000-10099,hidden,10094,23,10,plain,known,,7,13,213.368,156.554,0,0
a-tune,10000-10099,hidden,10095,6,3,plain,known,,6,3,89.384,44.127,0,0
a-tune,10000-10099,hidden,10095,8,0,hard,cascade,mimic,2,8,165.881,129.087,0,0
a-tune,10000-10099,hidden,10096,6,4,decoy,compound,mimic,10,2,48.295,41.220,0,0
a-tune,10000-10099,hidden,10096,9,3,plain,known,,4,6,78.656,24.869,0,0
a-tune,10000-10099,hidden,10096,15,2,plain,known,,7,13,270.118,229.594,0,0
a-tune,10000-10099,hidden,10096,26,7,plain,known,,2,19,427.706,401.509,0,1
a-tune,10000-10099,hidden,10097,4,0,plain,known,,2,4,92.565,28.152,0,0
a-tune,10000-10099,hidden,10097,7,5,plain,known,,7,2,63.492,24.034,0,0
a-tune,10000-10099,hidden,10097,8,4,plain,known,,2,4,157.155,100.692,0,0
a-tune,10000-10099,hidden,10097,11,2,plain,known,,6,9,220.314,148.398,0,0
a-tune,10000-10099,hidden,10097,18,11,plain,known,,6,7,198.403,145.648,0,0
a-tune,10000-10099,hidden,10098,6,2,plain,known,,4,4,123.325,94.001,0,0
a-tune,10000-10099,hidden,10098,10,3,plain,known,,5,7,187.293,121.526,0,0
a-tune,10000-10099,hidden,10098,12,1,plain,known,,7,11,278.834,245.518,0,0
a-tune,10000-10099,hidden,10099,6,0,plain,known,,0,6,136.992,67.532,0,0
a-tune,10000-10099,hidden,10099,10,8,plain,known,,7,2,71.245,23.738,0,0
a-tune,10000-10099,hidden,10099,11,1,plain,known,,1,10,308.085,245.574,0,0
a-tune,10000-10099,hidden,10099,17,11,plain,known,,1,6,91.752,44.712,0,0
a-heldout,40000-40199,hidden,40000,5,1,plain,known,,7,4,76.459,27.787,0,0
a-heldout,40000-40199,hidden,40000,15,6,plain,known,,2,9,177.630,107.662,0,0
a-heldout,40000-40199,hidden,40001,4,0,plain,known,,5,4,86.865,35.929,0,0
a-heldout,40000-40199,hidden,40001,8,2,plain,known,,3,6,99.131,36.820,0,0
a-heldout,40000-40199,hidden,40001,10,6,decoy,cascade,contradict,9,4,113.125,91.911,0,0
a-heldout,40000-40199,hidden,40001,21,12,plain,known,,5,9,135.025,90.382,0,0
a-heldout,40000-40199,hidden,40001,28,19,decoy,slow_leak,,6,9,80.756,67.332,0,0
a-heldout,40000-40199,hidden,40001,29,1,plain,known,,4,28,434.522,366.051,0,0
a-heldout,40000-40199,hidden,40002,6,1,plain,known,,1,5,123.376,64.901,0,0
a-heldout,40000-40199,hidden,40002,8,2,plain,known,,3,6,129.199,79.036,0,0
a-heldout,40000-40199,hidden,40002,10,1,plain,known,,1,9,201.866,143.391,0,0
a-heldout,40000-40199,hidden,40002,11,2,plain,known,,3,9,214.463,164.300,0,0
a-heldout,40000-40199,hidden,40002,13,3,plain,known,,0,10,269.158,208.288,0,0
a-heldout,40000-40199,hidden,40002,14,8,plain,known,,3,6,167.139,117.917,0,0
a-heldout,40000-40199,hidden,40002,15,6,plain,known,,1,9,215.713,175.966,0,0
a-heldout,40000-40199,hidden,40002,16,5,plain,known,,5,11,230.430,178.153,0,0
a-heldout,40000-40199,hidden,40002,21,19,decoy,compound,contradict,4,2,57.176,40.657,0,0
a-heldout,40000-40199,hidden,40002,24,4,decoy,slow_leak,,7,20,330.094,323.296,0,0
a-heldout,40000-40199,hidden,40002,25,17,plain,known,,2,8,99.161,33.752,0,0
a-heldout,40000-40199,hidden,40002,26,16,plain,known,,5,10,111.024,48.451,0,0
a-heldout,40000-40199,hidden,40003,5,3,plain,known,,6,2,62.190,23.056,0,0
a-heldout,40000-40199,hidden,40003,6,2,plain,known,,0,4,68.654,27.306,0,0
a-heldout,40000-40199,hidden,40003,7,1,plain,known,,2,6,96.924,48.434,0,0
a-heldout,40000-40199,hidden,40003,13,6,plain,known,,0,7,85.803,56.506,0,0
a-heldout,40000-40199,hidden,40003,14,4,plain,known,,1,10,139.732,108.631,1,0
a-heldout,40000-40199,hidden,40003,17,5,plain,known,,6,12,163.850,129.973,1,0
a-heldout,40000-40199,hidden,40003,22,3,plain,known,,6,19,303.955,264.821,1,0
a-heldout,40000-40199,hidden,40003,30,22,plain,known,,6,8,163.053,127.683,0,0
a-heldout,40000-40199,hidden,40004,20,6,plain,known,,4,14,195.108,135.583,0,0
a-heldout,40000-40199,hidden,40004,25,16,decoy,slow_leak,,6,9,102.891,93.351,0,0
a-heldout,40000-40199,hidden,40005,14,8,plain,known,,0,6,166.067,102.893,0,0
a-heldout,40000-40199,hidden,40005,19,1,hard,split_brain,contradict,7,18,478.901,429.997,0,0
a-heldout,40000-40199,hidden,40006,6,2,decoy,compound,contradict,8,4,32.898,25.272,0,0
a-heldout,40000-40199,hidden,40006,11,6,decoy,compound,contradict,8,5,157.724,148.929,0,0
a-heldout,40000-40199,hidden,40006,12,8,plain,known,,4,4,112.984,41.949,0,0
a-heldout,40000-40199,hidden,40006,13,7,plain,known,,2,6,204.240,153.819,0,0
a-heldout,40000-40199,hidden,40006,14,1,plain,known,,6,13,278.839,236.363,0,0
a-heldout,40000-40199,hidden,40006,16,6,decoy,compound,contradict,8,10,242.711,233.916,0,0
a-heldout,40000-40199,hidden,40006,20,2,decoy,compound,contradict,8,18,374.769,367.142,0,0
a-heldout,40000-40199,hidden,40007,8,4,plain,known,,8,4,149.095,97.827,0,0
a-heldout,40000-40199,hidden,40007,9,3,plain,known,,6,6,157.019,113.582,1,0
a-heldout,40000-40199,hidden,40007,11,2,plain,known,,7,9,197.801,155.179,0,0
a-heldout,40000-40199,hidden,40008,5,1,plain,known,,6,4,74.414,23.316,0,0
a-heldout,40000-40199,hidden,40008,7,0,plain,known,,0,7,130.598,103.039,0,0
a-heldout,40000-40199,hidden,40008,13,2,plain,known,,3,11,277.994,221.582,0,0
a-heldout,40000-40199,hidden,40008,15,6,decoy,compound,contradict,4,9,197.774,184.876,1,0
a-heldout,40000-40199,hidden,40009,3,0,hard,compound,contradict,7,3,103.284,35.253,0,0
a-heldout,40000-40199,hidden,40009,7,2,plain,known,,3,5,96.989,30.217,0,0
a-heldout,40000-40199,hidden,40009,8,3,hard,compound,contradict,7,5,127.226,60.913,1,0
a-heldout,40000-40199,hidden,40009,9,1,plain,known,,0,8,244.772,177.296,0,0
a-heldout,40000-40199,hidden,40009,14,7,plain,known,,3,7,134.288,89.806,0,0
a-heldout,40000-40199,hidden,40010,16,10,plain,known,,9,6,198.703,146.359,0,0
a-heldout,40000-40199,hidden,40010,20,0,plain,known,,2,20,481.501,433.169,0,0
a-heldout,40000-40199,hidden,40010,21,15,decoy,compound,contradict,5,6,196.375,187.211,0,0
a-heldout,40000-40199,hidden,40010,22,13,plain,known,,1,9,240.904,182.848,0,1
a-heldout,40000-40199,hidden,40011,7,2,plain,known,,3,5,68.001,28.668,0,0
a-heldout,40000-40199,hidden,40011,9,4,plain,known,,5,5,69.903,28.157,0,0
a-heldout,40000-40199,hidden,40011,13,3,plain,known,,8,10,136.117,98.677,0,0
a-heldout,40000-40199,hidden,40011,18,12,plain,known,,1,6,128.259,83.165,0,0
a-heldout,40000-40199,hidden,40011,28,22,plain,known,,9,6,110.334,49.987,0,0
a-heldout,40000-40199,hidden,40011,29,4,plain,known,,5,25,409.354,367.608,1,0
a-heldout,40000-40199,hidden,40012,6,2,plain,known,,9,4,132.507,74.453,0,0
a-heldout,40000-40199,hidden,40012,16,11,plain,known,,5,5,161.533,100.259,0,1
a-heldout,40000-40199,hidden,40012,17,9,plain,known,,6,8,193.043,147.624,0,0
a-heldout,40000-40199,hidden,40013,4,0,plain,known,,2,4,100.775,73.738,0,0
a-heldout,40000-40199,hidden,40013,9,0,plain,known,,2,9,318.159,291.121,0,0
a-heldout,40000-40199,hidden,40013,11,1,plain,known,,0,10,354.389,289.222,0,0
a-heldout,40000-40199,hidden,40013,17,8,plain,known,,1,9,161.563,96.652,0,0
a-heldout,40000-40199,hidden,40013,18,9,plain,known,,2,9,165.301,134.478,0,0
a-heldout,40000-40199,hidden,40013,19,2,plain,known,,4,17,495.074,439.140,0,0
a-heldout,40000-40199,hidden,40014,2,1,plain,known,,6,1,77.050,30.601,0,0
a-heldout,40000-40199,hidden,40014,4,0,plain,known,,1,4,118.152,63.155,0,0
a-heldout,40000-40199,hidden,40014,15,2,plain,known,,6,13,250.920,202.596,0,0
a-heldout,40000-40199,hidden,40014,20,10,plain,known,,0,10,213.592,148.232,0,0
a-heldout,40000-40199,hidden,40014,21,0,plain,known,,1,21,415.602,360.605,1,0
a-heldout,40000-40199,hidden,40014,26,6,plain,known,,2,20,332.366,293.255,0,0
a-heldout,40000-40199,hidden,40014,27,19,plain,known,,7,8,114.689,59.229,0,0
a-heldout,40000-40199,hidden,40014,31,4,plain,known,,1,27,400.369,359.113,1,0
a-heldout,40000-40199,hidden,40015,8,1,plain,known,,7,7,131.048,64.472,0,0
a-heldout,40000-40199,hidden,40015,16,11,plain,known,,5,5,93.849,46.677,0,0
a-heldout,40000-40199,hidden,40015,17,14,decoy,slow_leak,,10,3,36.450,29.372,0,0
a-heldout,40000-40199,hidden,40015,23,6,plain,known,,3,17,244.162,220.327,0,0
a-heldout,40000-40199,hidden,40015,31,5,plain,known,,2,26,362.539,302.734,1,1
a-heldout,40000-40199,hidden,40015,32,7,plain,known,,4,25,359.574,330.120,0,0
a-heldout,40000-40199,hidden,40016,9,4,plain,known,,5,5,178.710,134.833,0,0
a-heldout,40000-40199,hidden,40016,18,7,plain,known,,2,11,287.941,249.586,0,0
a-heldout,40000-40199,hidden,40016,19,3,plain,known,,6,16,445.891,412.435,0,0
a-heldout,40000-40199,hidden,40016,20,9,plain,known,,5,11,256.150,205.645,0,0
a-heldout,40000-40199,hidden,40017,14,9,hard,split_brain,contradict,0,5,125.394,58.733,0,0
a-heldout,40000-40199,hidden,40017,15,2,decoy,slow_leak,,4,13,269.772,245.912,0,0
a-heldout,40000-40199,hidden,40017,16,1,plain,known,,8,15,277.948,228.529,0,0
a-heldout,40000-40199,hidden,40017,20,15,decoy,slow_leak,,4,5,75.381,64.829,0,0
a-heldout,40000-40199,hidden,40017,26,15,decoy,slow_leak,,4,11,231.360,220.808,0,0
a-heldout,40000-40199,hidden,40018,5,0,plain,known,,7,5,116.437,47.215,0,0
a-heldout,40000-40199,hidden,40018,7,2,plain,known,,1,5,105.525,58.476,0,0
a-heldout,40000-40199,hidden,40018,8,3,plain,known,,0,5,113.192,65.645,0,0
a-heldout,40000-40199,hidden,40018,17,5,plain,known,,7,12,310.484,261.581,0,0
a-heldout,40000-40199,hidden,40018,19,2,plain,known,,1,17,380.331,333.282,0,0
a-heldout,40000-40199,hidden,40019,4,0,plain,known,,5,4,71.880,34.194,0,0
a-heldout,40000-40199,hidden,40019,9,2,hard,slow_leak,,3,7,115.741,61.254,0,0
a-heldout,40000-40199,hidden,40019,10,1,plain,known,,10,9,193.157,161.570,0,0
a-heldout,40000-40199,hidden,40019,11,4,plain,known,,5,7,198.284,163.958,0,0
a-heldout,40000-40199,hidden,40019,18,3,plain,known,,6,15,403.911,355.846,0,0
a-heldout,40000-40199,hidden,40019,21,14,plain,known,,3,7,94.178,30.276,0,1
a-heldout,40000-40199,hidden,40019,23,5,plain,known,,0,18,392.559,331.887,0,0
a-heldout,40000-40199,hidden,40019,24,15,plain,known,,1,9,106.430,60.637,0,0
a-heldout,40000-40199,hidden,40020,11,3,plain,known,,5,8,148.472,94.516,0,0
a-heldout,40000-40199,hidden,40020,15,8,plain,known,,0,7,90.293,41.278,0,0
a-heldout,40000-40199,hidden,40020,17,5,hard,compound,contradict,6,12,195.442,101.480,1,0
a-heldout,40000-40199,hidden,40020,18,7,plain,known,,4,11,190.840,131.274,1,0
a-heldout,40000-40199,hidden,40020,20,2,plain,known,,3,18,280.905,228.911,0,0
a-heldout,40000-40199,hidden,40021,5,1,hard,slow_leak,,8,4,93.237,24.989,0,0
a-heldout,40000-40199,hidden,40021,6,2,plain,known,,6,4,109.632,67.407,0,0
a-heldout,40000-40199,hidden,40021,10,8,plain,known,,1,2,74.819,35.430,0,0
a-heldout,40000-40199,hidden,40021,13,3,plain,known,,3,10,285.293,247.261,0,0
a-heldout,40000-40199,hidden,40021,16,1,hard,slow_leak,,8,15,358.017,289.769,0,0
a-heldout,40000-40199,hidden,40022,9,3,plain,known,,7,6,136.671,90.506,0,0
a-heldout,40000-40199,hidden,40022,11,9,plain,known,,7,2,78.602,28.602,0,0
a-heldout,40000-40199,hidden,40022,14,1,plain,known,,2,13,289.002,242.068,0,0
a-heldout,40000-40199,hidden,40022,21,10,plain,known,,5,11,238.713,199.585,0,0
a-heldout,40000-40199,hidden,40022,25,12,plain,known,,1,13,177.713,136.466,0,1
a-heldout,40000-40199,hidden,40022,28,8,hard,slow_leak,,0,20,394.711,356.448,0,0
a-heldout,40000-40199,hidden,40022,30,23,plain,known,,3,7,61.380,23.801,0,0
a-heldout,40000-40199,hidden,40023,8,5,plain,known,,5,3,116.147,49.119,0,0
a-heldout,40000-40199,hidden,40023,10,3,plain,known,,3,7,225.370,191.413,0,0
a-heldout,40000-40199,hidden,40023,18,6,plain,known,,1,12,171.583,141.932,0,0
a-heldout,40000-40199,hidden,40023,20,14,decoy,slow_leak,,2,6,115.061,94.494,0,0
a-heldout,40000-40199,hidden,40024,6,2,plain,known,,7,4,101.980,59.209,0,0
a-heldout,40000-40199,hidden,40024,10,1,plain,known,,9,9,196.809,163.738,0,0
a-heldout,40000-40199,hidden,40024,20,11,plain,known,,2,9,217.954,158.252,0,1
a-heldout,40000-40199,hidden,40024,23,7,plain,known,,0,16,353.122,293.047,0,0
a-heldout,40000-40199,hidden,40024,24,15,plain,known,,3,9,191.106,125.465,0,1
a-heldout,40000-40199,hidden,40025,5,1,hard,slow_leak,,2,4,76.417,32.200,0,0
a-heldout,40000-40199,hidden,40025,8,3,plain,known,,4,5,82.280,24.653,0,0
a-heldout,40000-40199,hidden,40025,9,1,hard,slow_leak,,2,8,148.277,104.060,0,0
a-heldout,40000-40199,hidden,40025,11,0,plain,known,,9,11,204.852,139.818,0,0
a-heldout,40000-40199,hidden,40025,12,8,plain,known,,4,4,129.521,75.789,0,0
a-heldout,40000-40199,hidden,40025,21,5,hard,slow_leak,,2,16,426.047,387.687,0,0
a-heldout,40000-40199,hidden,40026,7,0,plain,known,,10,7,77.219,51.284,0,0
a-heldout,40000-40199,hidden,40026,13,3,plain,known,,0,10,96.672,41.918,0,0
a-heldout,40000-40199,hidden,40026,14,7,plain,known,,10,7,77.324,34.294,0,0
a-heldout,40000-40199,hidden,40026,25,4,plain,known,,11,21,310.097,241.545,0,0
a-heldout,40000-40199,hidden,40026,29,11,plain,known,,1,18,373.234,314.275,0,0
a-heldout,40000-40199,hidden,40027,5,1,plain,known,,7,4,101.961,39.559,0,0
a-heldout,40000-40199,hidden,40027,6,3,decoy,slow_leak,,8,3,64.489,45.798,0,0
a-heldout,40000-40199,hidden,40027,11,0,plain,known,,0,11,214.139,173.279,0,0
a-heldout,40000-40199,hidden,40027,16,8,plain,known,,9,8,162.817,98.586,0,0
a-heldout,40000-40199,hidden,40027,17,0,plain,known,,0,17,302.681,261.820,0,0
a-heldout,40000-40199,hidden,40027,23,17,plain,known,,0,6,103.085,72.134,0,0
a-heldout,40000-40199,hidden,40028,5,0,decoy,cascade,mimic,1,5,177.003,157.609,0,0
a-heldout,40000-40199,hidden,40028,9,3,plain,known,,3,6,103.699,68.597,0,0
a-heldout,40000-40199,hidden,40028,13,4,plain,known,,6,9,144.646,95.695,0,0
a-heldout,40000-40199,hidden,40028,17,9,plain,known,,3,8,144.296,106.447,0,0
a-heldout,40000-40199,hidden,40028,22,20,hard,cascade,contradict,8,2,99.155,57.787,0,0
a-heldout,40000-40199,hidden,40028,23,17,plain,known,,3,6,146.415,109.734,0,1
a-heldout,40000-40199,hidden,40028,24,15,decoy,compound,contradict,7,9,202.175,188.936,0,0
a-heldout,40000-40199,hidden,40028,26,8,decoy,cascade,mimic,5,18,328.992,306.300,0,0
a-heldout,40000-40199,hidden,40029,18,7,plain,known,,2,11,235.052,174.660,0,0
a-heldout,40000-40199,hidden,40029,20,2,plain,known,,0,18,351.903,314.720,1,0
a-heldout,40000-40199,hidden,40029,21,17,plain,known,,7,4,74.028,43.457,0,0
a-heldout,40000-40199,hidden,40029,25,15,plain,known,,8,10,178.186,110.687,0,0
a-heldout,40000-40199,hidden,40029,26,22,plain,known,,2,4,91.941,38.616,0,0
a-heldout,40000-40199,hidden,40030,5,1,plain,known,,4,4,98.247,38.298,0,0
a-heldout,40000-40199,hidden,40030,16,3,plain,known,,1,13,391.234,333.195,0,0
a-heldout,40000-40199,hidden,40030,17,1,plain,known,,4,16,420.974,361.025,0,1
a-heldout,40000-40199,hidden,40031,9,1,plain,known,,5,8,102.534,37.590,0,0
a-heldout,40000-40199,hidden,40031,11,5,plain,known,,7,6,84.860,37.275,0,0
a-heldout,40000-40199,hidden,40031,12,4,hard,cascade,mimic,4,8,116.984,34.681,0,0
a-heldout,40000-40199,hidden,40031,13,7,plain,known,,9,6,59.205,36.991,0,0
a-heldout,40000-40199,hidden,40031,15,9,plain,known,,5,6,71.448,29.635,0,0
a-heldout,40000-40199,hidden,40031,17,10,decoy,compound,contradict,6,7,67.611,60.947,1,0
a-heldout,40000-40199,hidden,40031,21,3,decoy,split_brain,mimic,11,18,345.333,326.076,0,0
a-heldout,40000-40199,hidden,40031,29,10,decoy,compound,contradict,6,19,338.441,331.777,1,0
a-heldout,40000-40199,hidden,40032,5,1,plain,known,,9,4,91.466,41.376,0,0
a-heldout,40000-40199,hidden,40032,17,9,plain,known,,2,8,112.244,53.979,0,0
a-heldout,40000-40199,hidden,40032,21,10,plain,known,,5,11,152.937,93.151,0,0
a-heldout,40000-40199,hidden,40032,30,13,plain,known,,7,17,252.915,191.122,0,0
a-heldout,40000-40199,hidden,40033,5,0,plain,known,,4,5,77.856,31.165,0,0
a-heldout,40000-40199,hidden,40033,7,1,plain,known,,7,6,103.830,59.899,0,0
a-heldout,40000-40199,hidden,40033,9,5,plain,known,,4,4,81.446,28.264,0,0
a-heldout,40000-40199,hidden,40033,17,8,plain,known,,2,9,104.738,48.520,0,0
a-heldout,40000-40199,hidden,40033,20,6,plain,known,,1,14,218.141,175.403,0,0
a-heldout,40000-40199,hidden,40033,29,19,plain,known,,5,10,204.566,160.225,0,0
a-heldout,40000-40199,hidden,40034,4,0,plain,known,,5,4,151.249,99.368,0,0
a-heldout,40000-40199,hidden,40034,8,2,plain,known,,9,6,66.122,27.502,0,0
a-heldout,40000-40199,hidden,40034,12,0,plain,known,,5,12,222.741,170.860,0,0
a-heldout,40000-40199,hidden,40034,17,1,plain,known,,6,16,262.766,205.768,0,0
a-heldout,40000-40199,hidden,40034,18,12,plain,known,,5,6,164.411,108.123,0,0
a-heldout,40000-40199,hidden,40035,9,1,plain,known,,1,8,97.283,46.019,0,0
a-heldout,40000-40199,hidden,40035,10,0,plain,known,,2,10,133.300,76.060,0,0
a-heldout,40000-40199,hidden,40035,13,4,plain,known,,0,9,259.185,194.485,0,0
a-heldout,40000-40199,hidden,40035,16,9,plain,known,,1,7,226.075,175.673,0,0
a-heldout,40000-40199,hidden,40035,19,12,plain,known,,6,7,165.094,115.486,0,0
a-heldout,40000-40199,hidden,40035,21,9,plain,known,,1,12,366.235,315.832,0,1
a-heldout,40000-40199,hidden,40035,23,18,hard,compound,contradict,3,5,154.968,91.165,0,1
a-heldout,40000-40199,hidden,40036,8,1,plain,known,,4,7,98.375,44.705,0,0
a-heldout,40000-40199,hidden,40036,12,4,hard,compound,mimic,1,8,143.303,58.886,0,0
a-heldout,40000-40199,hidden,40036,13,6,decoy,slow_leak,,8,7,136.238,122.986,0,0
a-heldout,40000-40199,hidden,40036,26,10,plain,known,,2,16,265.102,213.896,0,0
a-heldout,40000-40199,hidden,40036,31,0,decoy,slow_leak,,3,31,517.983,505.454,0,0
a-heldout,40000-40199,hidden,40036,32,17,plain,known,,8,15,258.908,237.041,0,0
a-heldout,40000-40199,hidden,40037,2,0,plain,known,,5,2,65.209,24.909,0,0
a-heldout,40000-40199,hidden,40037,6,2,plain,known,,5,4,72.105,48.465,0,0
a-heldout,40000-40199,hidden,40037,15,7,plain,known,,1,8,85.462,31.935,0,0
a-heldout,40000-40199,hidden,40037,17,0,plain,known,,5,17,281.404,241.103,0,0
a-heldout,40000-40199,hidden,40037,21,12,plain,known,,6,9,128.570,98.697,0,0
a-heldout,40000-40199,hidden,40038,4,0,plain,known,,0,4,74.658,33.392,0,0
a-heldout,40000-40199,hidden,40038,7,1,decoy,cascade,mimic,1,6,111.741,91.866,0,0
a-heldout,40000-40199,hidden,40038,12,7,decoy,cascade,mimic,1,5,155.707,149.473,0,0
a-heldout,40000-40199,hidden,40038,13,0,plain,known,,0,13,308.544,267.278,0,0
a-heldout,40000-40199,hidden,40039,7,0,decoy,compound,contradict,8,7,107.582,101.134,0,0
a-heldout,40000-40199,hidden,40039,12,3,plain,known,,5,9,170.279,122.015,0,0
a-heldout,40000-40199,hidden,40039,14,7,decoy,compound,contradict,8,7,107.981,93.934,0,0
a-heldout,40000-40199,hidden,40039,15,10,plain,known,,9,5,114.484,50.667,1,0
a-heldout,40000-40199,hidden,40039,17,13,hard,slow_leak,,4,4,77.251,35.038,0,0
a-heldout,40000-40199,hidden,40039,23,8,plain,known,,6,15,320.986,277.120,0,0
a-heldout,40000-40199,hidden,40040,22,12,decoy,split_brain,contradict,4,10,178.144,161.877,0,0
a-heldout,40000-40199,hidden,40041,8,0,plain,known,,9,8,75.269,26.513,0,0
a-heldout,40000-40199,hidden,40041,10,1,plain,known,,2,9,111.407,50.587,0,0
a-heldout,40000-40199,hidden,40041,16,10,plain,known,,2,6,133.151,88.354,1,0
a-heldout,40000-40199,hidden,40041,17,12,plain,known,,4,5,109.164,47.395,0,0
a-heldout,40000-40199,hidden,40041,19,15,plain,known,,1,4,87.954,34.001,0,0
a-heldout,40000-40199,hidden,40041,21,3,plain,known,,5,18,316.913,260.088,0,0
a-heldout,40000-40199,hidden,40041,25,18,plain,known,,8,7,90.018,56.792,0,0
a-heldout,40000-40199,hidden,40041,26,20,decoy,split_brain,contradict,0,6,78.367,66.492,0,0
a-heldout,40000-40199,hidden,40041,29,23,plain,known,,2,6,126.708,74.033,0,1
a-heldout,40000-40199,hidden,40042,14,5,plain,known,,3,9,141.058,109.461,0,0
a-heldout,40000-40199,hidden,40042,24,6,plain,known,,1,18,274.694,208.960,1,0
a-heldout,40000-40199,hidden,40042,26,1,plain,known,,4,25,433.367,390.849,0,1
a-heldout,40000-40199,hidden,40042,27,13,plain,known,,9,14,189.592,141.824,0,0
a-heldout,40000-40199,hidden,40043,5,1,plain,known,,8,4,89.118,42.033,0,0
a-heldout,40000-40199,hidden,40043,6,2,plain,known,,6,4,79.160,41.784,0,0
a-heldout,40000-40199,hidden,40043,7,0,plain,known,,5,7,130.974,75.039,0,0
a-heldout,40000-40199,hidden,40043,10,2,plain,known,,6,8,167.866,130.489,0,0
a-heldout,40000-40199,hidden,40043,11,7,plain,known,,5,4,76.164,26.648,0,0
a-heldout,40000-40199,hidden,40043,13,11,plain,known,,5,2,76.428,28.497,0,0
a-heldout,40000-40199,hidden,40043,14,9,plain,known,,8,5,131.715,67.160,0,0
a-heldout,40000-40199,hidden,40043,24,4,plain,known,,2,20,397.839,333.923,0,0
a-heldout,40000-40199,hidden,40044,12,3,decoy,cascade,mimic,1,9,241.589,218.789,0,0
a-heldout,40000-40199,hidden,40044,15,4,plain,known,,4,11,234.624,197.187,0,0
a-heldout,40000-40199,hidden,40044,17,12,decoy,cascade,mimic,1,5,63.372,55.494,0,0
a-heldout,40000-40199,hidden,40044,20,9,plain,known,,4,11,296.119,241.128,1,0
a-heldout,40000-40199,hidden,40044,23,18,plain,known,,8,5,92.860,69.440,0,0
a-heldout,40000-40199,hidden,40044,24,10,plain,known,,9,14,351.247,307.356,0,0
a-heldout,40000-40199,hidden,40045,4,0,plain,known,,3,4,110.056,62.965,0,0
a-heldout,40000-40199,hidden,40045,7,3,plain,known,,0,4,137.233,84.584,0,0
a-heldout,40000-40199,hidden,40045,8,1,plain,known,,4,7,256.519,206.268,0,0
a-heldout,40000-40199,hidden,40045,9,6,plain,known,,8,3,108.368,69.795,0,0
a-heldout,40000-40199,hidden,40045,12,4,plain,known,,3,8,225.169,178.982,0,0
a-heldout,40000-40199,hidden,40045,13,3,plain,known,,0,10,267.751,215.102,0,0
a-heldout,40000-40199,hidden,40045,14,1,plain,known,,4,13,367.663,317.412,0,0
a-heldout,40000-40199,hidden,40045,19,11,plain,known,,10,8,152.228,81.295,0,0
a-heldout,40000-40199,hidden,40045,21,5,plain,known,,7,16,337.319,274.604,0,0
a-heldout,40000-40199,hidden,40046,4,0,plain,known,,8,4,83.634,24.453,0,0
a-heldout,40000-40199,hidden,40046,5,1,plain,known,,9,4,94.011,36.121,0,0
a-heldout,40000-40199,hidden,40046,12,6,decoy,slow_leak,,4,6,108.196,97.661,0,0
a-heldout,40000-40199,hidden,40046,15,4,plain,known,,8,11,162.044,103.617,0,0
a-heldout,40000-40199,hidden,40046,24,2,hard,split_brain,mimic,6,22,389.358,322.806,0,0
a-heldout,40000-40199,hidden,40046,25,23,plain,known,,7,2,71.016,24.612,0,0
a-heldout,40000-40199,hidden,40047,14,1,plain,known,,5,13,156.466,107.069,0,0
a-heldout,40000-40199,hidden,40047,24,12,plain,known,,8,12,295.365,254.985,0,0
a-heldout,40000-40199,hidden,40048,7,0,plain,known,,5,7,147.470,102.326,0,0
a-heldout,40000-40199,hidden,40048,11,5,plain,known,,8,6,91.984,29.925,0,0
a-heldout,40000-40199,hidden,40048,12,6,plain,known,,7,6,89.320,59.932,0,0
a-heldout,40000-40199,hidden,40048,13,7,plain,known,,5,6,75.233,24.072,1,0
a-heldout,40000-40199,hidden,40048,14,1,plain,known,,1,13,226.122,169.505,0,0
a-heldout,40000-40199,hidden,40048,15,9,plain,known,,3,6,91.499,41.191,0,0
a-heldout,40000-40199,hidden,40048,16,7,plain,known,,5,9,143.166,92.004,1,0
a-heldout,40000-40199,hidden,40048,24,2,plain,known,,8,22,427.853,390.324,0,0
a-heldout,40000-40199,hidden,40049,10,4,plain,known,,8,6,84.667,31.591,0,0
a-heldout,40000-40199,hidden,40049,12,7,plain,known,,0,5,101.417,44.715,0,0
a-heldout,40000-40199,hidden,40049,13,2,plain,known,,6,11,188.936,125.560,1,0
a-heldout,40000-40199,hidden,40049,22,5,hard,slow_leak,,1,17,289.346,230.350,0,0
a-heldout,40000-40199,hidden,40049,25,9,plain,known,,5,16,251.095,192.530,0,0
a-heldout,40000-40199,hidden,40050,15,2,plain,known,,4,13,249.685,203.510,0,0
a-heldout,40000-40199,hidden,40050,18,11,plain,known,,6,7,89.715,34.614,0,0
a-heldout,40000-40199,hidden,40050,19,3,plain,known,,8,16,297.906,253.342,0,0
a-heldout,40000-40199,hidden,40050,20,4,plain,known,,9,16,313.721,250.118,1,0
a-heldout,40000-40199,hidden,40050,24,14,plain,known,,3,10,112.394,56.233,0,0
a-heldout,40000-40199,hidden,40051,1,0,plain,known,,10,1,151.266,115.018,0,0
a-heldout,40000-40199,hidden,40051,7,0,plain,known,,10,7,210.789,174.540,0,0
a-heldout,40000-40199,hidden,40051,9,2,plain,known,,6,7,100.690,44.957,0,0
a-heldout,40000-40199,hidden,40051,10,5,plain,known,,11,5,79.444,34.970,0,0
a-heldout,40000-40199,hidden,40051,16,6,plain,known,,0,10,246.955,194.780,0,0
a-heldout,40000-40199,hidden,40051,20,15,plain,known,,7,5,91.246,29.450,0,0
a-heldout,40000-40199,hidden,40052,6,0,plain,known,,1,6,90.307,37.064,0,0
a-heldout,40000-40199,hidden,40052,9,1,plain,known,,7,8,113.168,48.051,0,0
a-heldout,40000-40199,hidden,40052,16,4,plain,known,,8,12,166.553,102.943,0,0
a-heldout,40000-40199,hidden,40052,19,6,plain,known,,1,13,172.028,121.637,0,0
a-heldout,40000-40199,hidden,40052,23,7,plain,known,,5,16,270.939,214.060,0,0
a-heldout,40000-40199,hidden,40053,2,0,plain,known,,1,2,70.448,26.602,0,0
a-heldout,40000-40199,hidden,40053,5,3,decoy,compound,mimic,5,2,55.993,45.974,0,0
a-heldout,40000-40199,hidden,40053,10,5,decoy,compound,mimic,5,5,81.536,60.578,0,0
a-heldout,40000-40199,hidden,40053,11,4,plain,known,,6,7,92.699,54.172,1,0
a-heldout,40000-40199,hidden,40053,13,7,plain,known,,0,6,90.521,49.823,0,0
a-heldout,40000-40199,hidden,40053,15,1,hard,cascade,mimic,2,14,226.068,183.407,0,0
a-heldout,40000-40199,hidden,40053,16,8,plain,known,,7,8,182.251,111.281,0,0
a-heldout,40000-40199,hidden,40053,17,10,decoy,compound,mimic,5,7,129.585,109.148,0,0
a-heldout,40000-40199,hidden,40053,21,2,plain,known,,1,19,317.721,255.983,0,0
a-heldout,40000-40199,hidden,40054,6,1,plain,known,,3,5,187.457,146.950,0,0
a-heldout,40000-40199,hidden,40054,7,4,plain,known,,8,3,126.275,76.913,0,0
a-heldout,40000-40199,hidden,40054,13,5,plain,known,,1,8,270.246,206.336,0,1
a-heldout,40000-40199,hidden,40054,14,10,decoy,split_brain,mimic,9,4,139.058,115.345,0,0
a-heldout,40000-40199,hidden,40055,8,0,hard,compound,contradict,3,8,167.143,92.258,1,0
a-heldout,40000-40199,hidden,40055,12,4,plain,known,,4,8,155.263,106.574,0,0
a-heldout,40000-40199,hidden,40055,13,10,decoy,compound,contradict,6,3,53.782,46.821,0,0
a-heldout,40000-40199,hidden,40055,24,3,plain,known,,0,21,372.867,306.017,1,0
a-heldout,40000-40199,hidden,40056,4,2,plain,known,,8,2,86.062,52.922,0,0
a-heldout,40000-40199,hidden,40056,9,0,plain,known,,6,9,187.111,140.712,0,0
a-heldout,40000-40199,hidden,40056,11,3,hard,split_brain,mimic,4,8,156.229,63.542,0,0
a-heldout,40000-40199,hidden,40056,14,1,plain,known,,9,13,306.962,250.824,0,0
a-heldout,40000-40199,hidden,40056,15,5,plain,known,,0,10,216.683,147.862,1,0
a-heldout,40000-40199,hidden,40057,18,5,hard,compound,mimic,6,13,314.855,260.200,1,0
a-heldout,40000-40199,hidden,40058,8,4,decoy,compound,contradict,6,4,110.013,103.670,0,0
a-heldout,40000-40199,hidden,40058,13,3,plain,known,,2,10,230.083,174.406,0,0
a-heldout,40000-40199,hidden,40058,14,6,plain,known,,6,8,182.115,134.490,0,0
a-heldout,40000-40199,hidden,40058,15,2,plain,known,,1,13,380.450,335.573,0,1
a-heldout,40000-40199,hidden,40059,12,0,plain,known,,0,12,242.266,182.003,0,0
a-heldout,40000-40199,hidden,40059,14,2,plain,known,,1,12,196.993,129.676,0,0
a-heldout,40000-40199,hidden,40059,18,9,hard,split_brain,contradict,4,9,156.919,83.429,0,0
a-heldout,40000-40199,hidden,40059,22,4,plain,known,,0,18,252.861,185.641,0,0
a-heldout,40000-40199,hidden,40060,9,4,plain,known,,0,5,124.761,78.158,0,0
a-heldout,40000-40199,hidden,40060,13,0,plain,known,,6,13,230.987,174.087,0,0
a-heldout,40000-40199,hidden,40060,21,7,plain,known,,6,14,158.896,106.698,0,0
a-heldout,40000-40199,hidden,40060,23,5,plain,known,,5,18,224.536,167.170,0,0
a-heldout,40000-40199,hidden,40060,26,18,plain,known,,7,8,103.691,46.370,0,0
a-heldout,40000-40199,hidden,40060,29,24,plain,known,,2,5,145.046,81.522,0,0
a-heldout,40000-40199,hidden,40061,2,0,decoy,compound,contradict,6,2,53.576,32.313,0,0
a-heldout,40000-40199,hidden,40061,4,0,decoy,compound,contradict,6,4,109.617,88.355,0,0
a-heldout,40000-40199,hidden,40061,6,1,plain,known,,2,5,198.851,166.354,0,0
a-heldout,40000-40199,hidden,40061,9,0,decoy,compound,contradict,6,9,226.348,205.086,0,0
a-heldout,40000-40199,hidden,40061,10,5,plain,known,,0,5,109.138,48.004,0,0
a-heldout,40000-40199,hidden,40061,13,11,decoy,slow_leak,,6,2,46.777,33.933,0,0
a-heldout,40000-40199,hidden,40061,14,8,plain,known,,1,6,108.260,49.316,0,0
a-heldout,40000-40199,hidden,40061,15,5,plain,known,,0,10,195.845,134.711,0,0
a-heldout,40000-40199,hidden,40062,7,0,plain,known,,4,7,185.488,131.098,0,0
a-heldout,40000-40199,hidden,40062,9,4,plain,known,,1,5,143.574,81.064,0,0
a-heldout,40000-40199,hidden,40062,11,3,decoy,compound,contradict,8,8,207.289,187.006,0,0
a-heldout,40000-40199,hidden,40062,19,15,decoy,split_brain,contradict,10,4,67.392,43.963,0,0
a-heldout,40000-40199,hidden,40063,7,1,plain,known,,7,6,94.961,34.069,0,0
a-heldout,40000-40199,hidden,40063,12,6,plain,known,,9,6,92.916,61.912,0,0
a-heldout,40000-40199,hidden,40063,14,8,plain,known,,4,6,71.305,35.398,0,0
a-heldout,40000-40199,hidden,40063,21,10,plain,known,,8,11,153.622,80.817,0,0
a-heldout,40000-40199,hidden,40063,24,8,plain,known,,4,16,203.134,167.226,0,0
a-heldout,40000-40199,hidden,40063,25,14,plain,known,,4,11,211.632,172.867,0,0
a-heldout,40000-40199,hidden,40064,8,5,plain,known,,6,3,94.785,30.725,0,0
a-heldout,40000-40199,hidden,40064,12,6,plain,known,,7,6,162.184,115.224,0,0
a-heldout,40000-40199,hidden,40064,14,4,plain,known,,1,10,245.030,190.884,0,0
a-heldout,40000-40199,hidden,40065,9,2,plain,known,,8,7,114.198,61.813,0,0
a-heldout,40000-40199,hidden,40065,13,3,plain,known,,5,10,109.730,58.426,0,0
a-heldout,40000-40199,hidden,40065,14,0,plain,known,,0,14,164.885,108.933,0,0
a-heldout,40000-40199,hidden,40065,20,6,plain,known,,2,14,163.309,115.039,0,0
a-heldout,40000-40199,hidden,40065,24,12,plain,known,,9,12,209.606,171.810,0,0
a-heldout,40000-40199,hidden,40065,27,20,plain,known,,2,7,133.936,88.771,0,0
a-heldout,40000-40199,hidden,40065,28,9,plain,known,,8,19,294.230,230.187,0,0
a-heldout,40000-40199,hidden,40066,16,0,plain,known,,6,16,333.883,267.098,1,0
a-heldout,40000-40199,hidden,40066,17,12,plain,known,,1,5,131.067,85.878,0,0
a-heldout,40000-40199,hidden,40066,22,7,plain,known,,2,15,327.771,272.440,0,0
a-heldout,40000-40199,hidden,40067,3,0,plain,known,,6,3,80.708,48.854,0,0
a-heldout,40000-40199,hidden,40067,4,1,plain,known,,9,3,91.089,34.654,0,0
a-heldout,40000-40199,hidden,40067,6,2,plain,known,,0,4,104.661,55.061,0,0
a-heldout,40000-40199,hidden,40067,8,3,plain,known,,6,5,118.161,86.847,1,0
a-heldout,40000-40199,hidden,40067,9,2,plain,known,,0,7,199.991,150.391,0,0
a-heldout,40000-40199,hidden,40067,11,1,plain,known,,9,10,281.983,225.547,1,0
a-heldout,40000-40199,hidden,40067,13,8,plain,known,,6,5,108.807,75.141,0,0
a-heldout,40000-40199,hidden,40067,14,5,plain,known,,4,9,213.914,144.810,0,0
a-heldout,40000-40199,hidden,40067,15,2,plain,known,,0,13,312.680,263.080,0,0
a-heldout,40000-40199,hidden,40067,19,4,plain,known,,9,15,281.021,227.323,1,0
a-heldout,40000-40199,hidden,40067,20,13,plain,known,,6,7,102.902,79.891,0,0
a-heldout,40000-40199,hidden,40067,22,10,plain,known,,8,12,188.078,130.387,0,0
a-heldout,40000-40199,hidden,40067,25,1,plain,known,,9,24,474.996,418.560,1,0
a-heldout,40000-40199,hidden,40068,20,14,plain,known,,6,6,177.750,125.139,0,0
a-heldout,40000-40199,hidden,40068,22,1,decoy,split_brain,mimic,0,21,381.670,362.785,0,0
a-heldout,40000-40199,hidden,40068,24,6,plain,known,,1,18,395.577,335.345,0,0
a-heldout,40000-40199,hidden,40068,25,3,plain,known,,6,22,437.990,386.296,1,0
a-heldout,40000-40199,hidden,40069,4,0,plain,known,,9,4,77.638,24.187,0,0
a-heldout,40000-40199,hidden,40069,5,2,plain,known,,6,3,85.164,29.303,0,0
a-heldout,40000-40199,hidden,40069,9,3,plain,known,,1,6,228.447,186.668,0,0
a-heldout,40000-40199,hidden,40069,11,1,plain,known,,4,10,300.967,238.306,0,0
a-heldout,40000-40199,hidden,40069,21,9,plain,known,,1,12,217.404,152.833,0,0
a-heldout,40000-40199,hidden,40070,4,0,decoy,compound,contradict,8,4,45.603,38.194,0,0
a-heldout,40000-40199,hidden,40070,7,1,decoy,slow_leak,,6,6,67.636,44.772,0,0
a-heldout,40000-40199,hidden,40070,10,0,decoy,compound,contradict,8,10,294.691,287.281,1,0
a-heldout,40000-40199,hidden,40070,11,3,plain,known,,4,8,280.866,230.410,0,0
a-heldout,40000-40199,hidden,40070,13,7,decoy,slow_leak,,6,6,242.478,233.103,0,0
a-heldout,40000-40199,hidden,40070,20,8,plain,known,,0,12,179.661,131.509,0,0
a-heldout,40000-40199,hidden,40070,22,10,decoy,compound,contradict,8,12,133.443,115.305,0,0
a-heldout,40000-40199,hidden,40070,24,16,plain,known,,2,8,95.873,39.171,0,1
a-heldout,40000-40199,hidden,40070,25,3,plain,known,,4,22,470.650,420.194,0,0
a-heldout,40000-40199,hidden,40071,25,15,plain,known,,4,10,150.389,98.687,0,0
a-heldout,40000-40199,hidden,40071,30,7,hard,slow_leak,,1,23,425.103,389.695,0,0
a-heldout,40000-40199,hidden,40072,14,4,decoy,split_brain,mimic,2,10,273.682,265.813,0,0
a-heldout,40000-40199,hidden,40072,15,2,plain,known,,5,13,320.886,287.934,0,0
a-heldout,40000-40199,hidden,40072,16,7,plain,known,,7,9,158.008,98.583,0,0
a-heldout,40000-40199,hidden,40073,2,0,plain,known,,10,2,69.298,36.036,0,0
a-heldout,40000-40199,hidden,40073,3,1,plain,known,,7,2,110.128,69.193,0,0
a-heldout,40000-40199,hidden,40073,4,2,plain,known,,10,2,64.971,30.218,0,0
a-heldout,40000-40199,hidden,40073,9,3,plain,known,,7,6,113.437,65.954,0,0
a-heldout,40000-40199,hidden,40073,22,16,hard,split_brain,contradict,8,6,96.553,38.421,0,0
a-heldout,40000-40199,hidden,40073,25,15,decoy,slow_leak,,6,10,135.768,125.417,0,0
a-heldout,40000-40199,hidden,40074,6,0,hard,cascade,mimic,1,6,126.211,86.113,0,0
a-heldout,40000-40199,hidden,40074,11,4,plain,known,,6,7,106.278,61.858,0,0
a-heldout,40000-40199,hidden,40074,15,11,plain,known,,6,4,97.164,38.716,0,0
a-heldout,40000-40199,hidden,40074,26,6,hard,cascade,mimic,1,20,387.050,357.651,0,0
a-heldout,40000-40199,hidden,40074,27,17,hard,split_brain,mimic,0,10,226.096,149.948,0,0
a-heldout,40000-40199,hidden,40074,28,1,plain,known,,5,27,513.171,461.772,0,1
a-heldout,40000-40199,hidden,40075,6,2,plain,known,,8,4,73.143,34.182,0,0
a-heldout,40000-40199,hidden,40075,7,3,plain,known,,7,4,83.448,37.516,0,0
a-heldout,40000-40199,hidden,40075,9,5,decoy,slow_leak,,5,4,47.084,30.644,0,0
a-heldout,40000-40199,hidden,40075,12,2,plain,known,,8,10,211.352,172.392,0,0
a-heldout,40000-40199,hidden,40075,15,1,plain,known,,1,14,246.475,188.765,0,0
a-heldout,40000-40199,hidden,40075,16,5,decoy,slow_leak,,5,11,184.774,168.334,0,0
a-heldout,40000-40199,hidden,40075,20,10,decoy,slow_leak,,10,10,136.254,114.713,0,0
a-heldout,40000-40199,hidden,40075,23,13,plain,known,,7,10,173.362,128.844,0,0
a-heldout,40000-40199,hidden,40075,28,18,plain,known,,11,10,160.220,99.821,0,0
a-heldout,40000-40199,hidden,40075,30,12,plain,known,,8,18,224.845,192.937,0,0
a-heldout,40000-40199,hidden,40075,31,19,plain,known,,4,12,160.801,100.394,0,0
a-heldout,40000-40199,hidden,40076,9,0,plain,known,,10,9,291.063,221.812,0,0
a-heldout,40000-40199,hidden,40076,12,6,plain,known,,7,6,93.096,24.996,0,0
a-heldout,40000-40199,hidden,40076,13,3,plain,known,,2,10,157.654,105.862,0,0
a-heldout,40000-40199,hidden,40076,16,14,plain,known,,11,2,64.775,32.653,0,0
a-heldout,40000-40199,hidden,40077,12,1,plain,known,,1,11,211.644,153.157,0,0
a-heldout,40000-40199,hidden,40077,16,2,plain,known,,6,14,252.829,190.504,0,0
a-heldout,40000-40199,hidden,40077,17,4,decoy,cascade,contradict,7,13,210.443,194.916,0,0
a-heldout,40000-40199,hidden,40077,23,10,plain,known,,6,13,275.357,231.066,0,0
a-heldout,40000-40199,hidden,40078,8,0,plain,known,,1,8,111.173,46.361,0,0
a-heldout,40000-40199,hidden,40078,11,0,plain,known,,1,11,244.575,179.762,0,0
a-heldout,40000-40199,hidden,40078,14,1,hard,cascade,mimic,8,13,255.289,164.020,1,0
a-heldout,40000-40199,hidden,40078,19,6,plain,known,,5,13,254.360,199.420,0,0
a-heldout,40000-40199,hidden,40078,21,8,plain,known,,1,13,240.486,190.573,0,0
a-heldout,40000-40199,hidden,40078,28,2,plain,known,,2,26,471.844,421.393,0,0
a-heldout,40000-40199,hidden,40079,11,4,hard,split_brain,contradict,1,7,153.606,68.670,0,0
a-heldout,40000-40199,hidden,40079,12,0,plain,known,,2,12,345.141,291.151,0,0
a-heldout,40000-40199,hidden,40079,13,1,decoy,compound,mimic,4,12,338.190,316.623,0,0
a-heldout,40000-40199,hidden,40079,14,3,plain,known,,5,11,239.275,209.218,0,0
a-heldout,40000-40199,hidden,40079,17,9,plain,known,,6,8,150.304,92.934,0,0
a-heldout,40000-40199,hidden,40079,18,10,plain,known,,7,8,78.551,27.285,0,0
a-heldout,40000-40199,hidden,40079,20,7,plain,known,,5,13,216.040,187.467,0,0
a-heldout,40000-40199,hidden,40079,22,13,decoy,compound,mimic,4,9,124.134,108.262,0,0
a-heldout,40000-40199,hidden,40079,23,9,plain,known,,6,14,246.657,189.287,0,0
a-heldout,40000-40199,hidden,40080,10,0,plain,known,,5,10,144.765,84.839,0,0
a-heldout,40000-40199,hidden,40080,15,12,plain,known,,9,3,101.629,29.927,0,0
a-heldout,40000-40199,hidden,40080,16,8,plain,known,,2,8,142.718,92.618,0,0
a-heldout,40000-40199,hidden,40080,24,15,plain,known,,9,9,131.744,75.459,0,0
a-heldout,40000-40199,hidden,40080,25,9,plain,known,,7,16,267.833,225.777,0,0
a-heldout,40000-40199,hidden,40080,28,5,plain,known,,4,23,447.872,392.978,0,0
a-heldout,40000-40199,hidden,40081,10,2,plain,known,,1,8,276.791,220.879,1,0
a-heldout,40000-40199,hidden,40081,15,8,plain,known,,3,7,94.442,25.726,0,0
a-heldout,40000-40199,hidden,40081,17,2,plain,known,,1,15,373.303,317.391,1,0
a-heldout,40000-40199,hidden,40082,13,6,plain,known,,2,7,82.402,28.088,0,0
a-heldout,40000-40199,hidden,40082,17,13,plain,known,,2,4,108.953,66.402,0,0
a-heldout,40000-40199,hidden,40082,18,3,plain,known,,6,15,218.574,186.250,0,0
a-heldout,40000-40199,hidden,40083,4,0,decoy,split_brain,mimic,7,4,58.413,34.605,0,0
a-heldout,40000-40199,hidden,40083,6,2,hard,compound,contradict,4,4,73.921,23.909,0,0
a-heldout,40000-40199,hidden,40083,7,3,decoy,cascade,contradict,11,4,79.698,67.857,0,0
a-heldout,40000-40199,hidden,40083,15,8,plain,known,,1,7,181.105,126.404,0,0
a-heldout,40000-40199,hidden,40083,16,6,hard,compound,contradict,4,10,277.855,218.618,0,0
a-heldout,40000-40199,hidden,40083,21,15,plain,known,,1,6,162.730,104.756,0,0
a-heldout,40000-40199,hidden,40084,10,2,plain,known,,0,8,85.775,25.719,0,0
a-heldout,40000-40199,hidden,40084,15,1,plain,known,,7,14,231.437,172.332,0,0
a-heldout,40000-40199,hidden,40084,16,9,plain,known,,2,7,143.867,89.278,0,0
a-heldout,40000-40199,hidden,40084,17,10,plain,known,,0,7,188.536,121.638,0,0
a-heldout,40000-40199,hidden,40084,22,12,plain,known,,5,10,223.863,176.705,0,0
a-heldout,40000-40199,hidden,40084,23,15,plain,known,,7,8,101.042,45.705,0,0
a-heldout,40000-40199,hidden,40084,25,19,plain,known,,1,6,64.262,30.933,0,0
a-heldout,40000-40199,hidden,40085,5,0,plain,known,,3,5,91.175,54.723,0,0
a-heldout,40000-40199,hidden,40085,6,1,decoy,cascade,mimic,7,5,84.182,63.694,0,0
a-heldout,40000-40199,hidden,40085,7,2,plain,known,,8,5,72.481,47.217,0,0
a-heldout,40000-40199,hidden,40085,11,6,decoy,cascade,mimic,7,5,63.201,40.793,0,0
a-heldout,40000-40199,hidden,40085,20,12,plain,known,,3,8,201.670,136.983,0,0
a-heldout,40000-40199,hidden,40085,28,8,decoy,compound,mimic,1,20,346.636,331.587,1,0
a-heldout,40000-40199,hidden,40086,4,0,plain,known,,4,4,107.062,69.030,0,0
a-heldout,40000-40199,hidden,40086,7,3,plain,known,,5,4,130.575,76.707,0,0
a-heldout,40000-40199,hidden,40086,9,2,plain,known,,7,7,202.423,166.567,0,0
a-heldout,40000-40199,hidden,40086,11,7,plain,known,,5,4,127.310,69.461,0,0
a-heldout,40000-40199,hidden,40086,14,2,plain,known,,7,12,379.050,343.195,0,0
a-heldout,40000-40199,hidden,40086,16,11,plain,known,,5,5,97.573,47.550,0,0
a-heldout,40000-40199,hidden,40086,19,14,plain,known,,7,5,55.799,26.289,0,0
a-heldout,40000-40199,hidden,40086,20,8,plain,known,,0,12,267.225,203.170,0,0
a-heldout,40000-40199,hidden,40087,6,2,plain,known,,6,4,87.620,27.225,0,0
a-heldout,40000-40199,hidden,40087,11,5,plain,known,,0,6,171.013,107.237,0,0
a-heldout,40000-40199,hidden,40087,13,3,plain,known,,3,10,261.083,224.213,0,0
a-heldout,40000-40199,hidden,40087,15,6,plain,known,,6,9,234.744,181.256,1,0
a-heldout,40000-40199,hidden,40087,17,10,plain,known,,5,7,215.760,160.821,0,1
a-heldout,40000-40199,hidden,40088,10,0,plain,known,,3,10,126.073,66.576,0,0
a-heldout,40000-40199,hidden,40088,15,13,plain,known,,9,2,85.010,40.756,0,0
a-heldout,40000-40199,hidden,40088,17,10,plain,known,,3,7,188.837,134.984,0,0
a-heldout,40000-40199,hidden,40088,21,2,plain,known,,0,19,375.887,350.680,0,0
a-heldout,40000-40199,hidden,40089,5,0,plain,known,,11,5,70.649,34.062,0,0
a-heldout,40000-40199,hidden,40089,10,5,plain,known,,11,5,57.757,34.992,0,0
a-heldout,40000-40199,hidden,40089,12,3,hard,slow_leak,,4,9,107.897,72.554,0,0
a-heldout,40000-40199,hidden,40089,14,6,plain,known,,3,8,87.488,29.114,0,0
a-heldout,40000-40199,hidden,40089,15,8,plain,known,,6,7,118.780,46.139,0,0
a-heldout,40000-40199,hidden,40089,16,7,plain,known,,7,9,206.932,155.692,1,0
a-heldout,40000-40199,hidden,40089,20,4,plain,known,,8,16,311.306,255.706,0,0
a-heldout,40000-40199,hidden,40089,21,15,plain,known,,6,6,179.057,125.648,0,0
a-heldout,40000-40199,hidden,40090,9,0,plain,known,,1,9,350.868,293.007,1,0
a-heldout,40000-40199,hidden,40090,11,2,plain,known,,0,9,340.790,285.107,0,0
a-heldout,40000-40199,hidden,40090,14,8,plain,known,,0,6,181.001,124.494,0,0
a-heldout,40000-40199,hidden,40090,16,4,decoy,compound,mimic,4,12,405.938,392.038,0,0
a-heldout,40000-40199,hidden,40090,17,5,plain,known,,6,12,399.287,364.407,0,0
a-heldout,40000-40199,hidden,40091,5,0,plain,known,,1,5,113.338,68.618,0,0
a-heldout,40000-40199,hidden,40091,9,1,plain,known,,3,8,172.105,117.596,1,0
a-heldout,40000-40199,hidden,40091,15,10,plain,known,,1,5,103.487,51.090,0,0
a-heldout,40000-40199,hidden,40091,17,4,plain,known,,4,13,274.549,230.897,0,0
a-heldout,40000-40199,hidden,40091,27,18,plain,known,,0,9,108.993,54.869,0,0
a-heldout,40000-40199,hidden,40092,8,4,plain,known,,10,4,151.268,114.066,0,0
a-heldout,40000-40199,hidden,40092,12,4,plain,known,,10,8,209.590,172.389,0,0
a-heldout,40000-40199,hidden,40092,21,6,plain,known,,3,15,166.664,121.931,0,0
a-heldout,40000-40199,hidden,40092,25,11,plain,known,,11,14,227.287,182.279,0,0
a-heldout,40000-40199,hidden,40093,12,4,plain,known,,6,8,178.741,121.249,0,0
a-heldout,40000-40199,hidden,40093,15,6,plain,known,,0,9,292.582,264.014,0,0
a-heldout,40000-40199,hidden,40094,6,0,hard,cascade,contradict,6,6,59.227,23.696,0,0
a-heldout,40000-40199,hidden,40094,7,4,plain,known,,1,3,88.717,30.419,0,0
a-heldout,40000-40199,hidden,40094,18,3,plain,known,,0,15,395.281,351.746,1,0
a-heldout,40000-40199,hidden,40094,20,12,plain,known,,8,8,175.933,121.840,0,0
a-heldout,40000-40199,hidden,40094,25,2,plain,known,,5,23,499.208,453.977,0,1
a-heldout,40000-40199,hidden,40095,7,3,plain,known,,2,4,60.203,23.063,0,0
a-heldout,40000-40199,hidden,40095,12,7,plain,known,,2,5,106.252,78.570,0,0
a-heldout,40000-40199,hidden,40095,22,14,plain,known,,10,8,109.645,41.854,0,0
a-heldout,40000-40199,hidden,40096,11,1,plain,known,,8,10,136.434,92.641,0,0
a-heldout,40000-40199,hidden,40096,13,0,plain,known,,9,13,192.586,130.211,0,0
a-heldout,40000-40199,hidden,40096,15,8,plain,known,,6,7,131.290,61.583,0,0
a-heldout,40000-40199,hidden,40096,19,5,plain,known,,1,14,241.001,212.366,0,0
a-heldout,40000-40199,hidden,40096,20,15,plain,known,,6,5,94.240,28.082,0,0
a-heldout,40000-40199,hidden,40096,21,9,hard,split_brain,contradict,5,12,252.405,168.899,0,0
a-heldout,40000-40199,hidden,40096,24,16,plain,known,,0,8,160.769,102.976,0,0
a-heldout,40000-40199,hidden,40096,28,1,plain,known,,8,27,467.107,423.315,0,0
a-heldout,40000-40199,hidden,40097,6,0,plain,known,,6,6,97.405,60.353,0,0
a-heldout,40000-40199,hidden,40097,10,4,plain,known,,10,6,91.017,60.814,0,0
a-heldout,40000-40199,hidden,40097,15,10,plain,known,,10,5,98.609,69.271,0,0
a-heldout,40000-40199,hidden,40097,19,13,plain,known,,8,6,126.233,61.999,0,0
a-heldout,40000-40199,hidden,40097,20,0,plain,known,,6,20,365.063,328.010,0,0
a-heldout,40000-40199,hidden,40097,21,15,plain,known,,10,6,124.622,85.553,0,0
a-heldout,40000-40199,hidden,40097,22,7,plain,known,,2,15,318.052,250.710,1,0
a-heldout,40000-40199,hidden,40097,23,3,plain,known,,11,20,368.140,315.598,0,0
a-heldout,40000-40199,hidden,40098,8,3,plain,known,,4,5,118.320,60.551,0,0
a-heldout,40000-40199,hidden,40098,13,6,plain,known,,0,7,110.187,65.092,0,0
a-heldout,40000-40199,hidden,40098,14,9,plain,known,,1,5,81.531,32.500,0,0
a-heldout,40000-40199,hidden,40098,20,13,plain,known,,0,7,100.912,38.872,0,0
a-heldout,40000-40199,hidden,40098,23,19,plain,known,,7,4,144.439,97.769,0,0
a-heldout,40000-40199,hidden,40099,8,1,plain,known,,3,7,77.200,38.978,0,0
a-heldout,40000-40199,hidden,40099,11,8,plain,known,,3,3,203.440,177.003,0,0
a-heldout,40000-40199,hidden,40099,15,6,plain,known,,6,9,343.287,283.480,0,0
a-heldout,40000-40199,hidden,40099,17,15,plain,known,,6,2,100.518,42.438,0,0
a-heldout,40000-40199,hidden,40100,11,4,plain,known,,6,7,90.455,48.098,0,0
a-heldout,40000-40199,hidden,40100,18,9,hard,slow_leak,,11,9,136.867,78.912,0,0
a-heldout,40000-40199,hidden,40100,19,15,plain,known,,0,4,82.521,42.858,0,0
a-heldout,40000-40199,hidden,40100,25,10,plain,known,,2,15,276.253,241.789,0,0
a-heldout,40000-40199,hidden,40100,26,19,plain,known,,0,7,150.107,107.310,0,0
a-heldout,40000-40199,hidden,40100,27,18,hard,slow_leak,,11,9,183.384,108.762,0,0
a-heldout,40000-40199,hidden,40101,1,0,plain,known,,6,1,85.356,41.939,0,0
a-heldout,40000-40199,hidden,40101,4,0,plain,known,,6,4,175.749,132.332,0,0
a-heldout,40000-40199,hidden,40101,7,3,plain,known,,1,4,101.758,39.263,0,0
a-heldout,40000-40199,hidden,40101,10,5,plain,known,,4,5,153.503,82.761,0,0
a-heldout,40000-40199,hidden,40101,16,5,plain,known,,4,11,269.842,199.101,0,0
a-heldout,40000-40199,hidden,40101,17,0,plain,known,,6,17,466.480,423.063,0,0
a-heldout,40000-40199,hidden,40101,18,12,plain,known,,2,6,118.361,81.724,0,0
a-heldout,40000-40199,hidden,40102,22,8,plain,known,,5,14,188.256,148.151,0,0
a-heldout,40000-40199,hidden,40103,6,2,decoy,split_brain,contradict,11,4,47.500,26.024,0,0
a-heldout,40000-40199,hidden,40103,12,1,plain,known,,10,11,255.204,208.688,1,0
a-heldout,40000-40199,hidden,40103,21,5,plain,known,,10,16,250.947,200.396,0,0
a-heldout,40000-40199,hidden,40103,26,6,decoy,split_brain,contradict,11,20,289.055,266.001,0,0
a-heldout,40000-40199,hidden,40103,29,9,plain,known,,11,20,220.862,153.568,0,0
a-heldout,40000-40199,hidden,40103,31,8,plain,known,,5,23,238.931,188.985,0,0
a-heldout,40000-40199,hidden,40103,34,24,plain,known,,0,10,93.231,41.469,0,0
a-heldout,40000-40199,hidden,40104,8,1,hard,split_brain,mimic,4,7,110.082,77.041,0,0
a-heldout,40000-40199,hidden,40104,18,0,plain,known,,3,18,390.522,337.406,0,0
a-heldout,40000-40199,hidden,40105,6,1,plain,known,,5,5,176.376,121.614,0,0
a-heldout,40000-40199,hidden,40105,8,5,plain,known,,4,3,140.579,81.080,0,0
a-heldout,40000-40199,hidden,40105,11,4,hard,cascade,mimic,6,7,213.693,149.626,0,0
a-heldout,40000-40199,hidden,40105,13,5,plain,known,,4,8,234.764,175.264,0,0
a-heldout,40000-40199,hidden,40105,16,1,plain,known,,5,15,337.034,282.272,0,0
a-heldout,40000-40199,hidden,40105,18,3,decoy,slow_leak,,7,15,364.251,348.316,0,0
a-heldout,40000-40199,hidden,40106,8,0,plain,known,,0,8,187.420,134.813,0,0
a-heldout,40000-40199,hidden,40106,9,3,plain,known,,3,6,83.085,25.517,0,0
a-heldout,40000-40199,hidden,40106,12,4,plain,known,,9,8,101.991,40.312,1,0
a-heldout,40000-40199,hidden,40106,15,8,plain,known,,0,7,65.199,25.558,0,0
a-heldout,40000-40199,hidden,40106,21,13,hard,compound,mimic,4,8,173.457,101.090,0,0
a-heldout,40000-40199,hidden,40106,23,12,plain,known,,9,11,201.985,153.838,0,0
a-heldout,40000-40199,hidden,40106,26,2,plain,known,,8,24,449.047,412.443,0,0
a-heldout,40000-40199,hidden,40106,27,1,plain,known,,7,26,466.974,414.910,1,0
a-heldout,40000-40199,hidden,40106,28,5,plain,known,,4,23,340.762,303.519,1,0
a-heldout,40000-40199,hidden,40107,19,9,plain,known,,9,10,217.005,187.172,0,0
a-heldout,40000-40199,hidden,40107,21,1,plain,known,,11,20,369.486,308.864,0,0
a-heldout,40000-40199,hidden,40107,24,4,plain,known,,1,20,421.637,365.132,1,0
a-heldout,40000-40199,hidden,40108,11,5,hard,split_brain,mimic,3,6,132.797,55.072,0,0
a-heldout,40000-40199,hidden,40108,16,4,decoy,slow_leak,,0,12,273.620,253.467,0,0
a-heldout,40000-40199,hidden,40108,17,10,plain,known,,5,7,93.124,55.356,0,0
a-heldout,40000-40199,hidden,40109,8,1,plain,known,,5,7,115.666,67.439,0,0
a-heldout,40000-40199,hidden,40109,13,1,plain,known,,5,12,200.047,151.821,0,0
a-heldout,40000-40199,hidden,40109,15,0,plain,known,,0,15,243.220,196.208,0,0
a-heldout,40000-40199,hidden,40109,18,0,plain,known,,0,18,346.232,299.220,0,0
a-heldout,40000-40199,hidden,40109,19,14,plain,known,,2,5,124.035,59.745,0,0
a-heldout,40000-40199,hidden,40109,26,16,plain,known,,1,10,254.079,203.594,0,1
a-heldout,40000-40199,hidden,40110,8,3,plain,known,,2,5,92.918,46.072,0,0
a-heldout,40000-40199,hidden,40110,14,11,plain,known,,4,3,67.266,35.751,1,0
a-heldout,40000-40199,hidden,40110,15,2,plain,known,,0,13,218.427,166.762,1,0
a-heldout,40000-40199,hidden,40110,18,1,plain,known,,3,17,255.910,190.899,0,0
a-heldout,40000-40199,hidden,40110,20,8,plain,known,,2,12,183.210,136.508,1,0
a-heldout,40000-40199,hidden,40110,23,1,plain,known,,3,22,356.334,291.324,0,0
a-heldout,40000-40199,hidden,40110,27,18,plain,known,,3,9,189.910,150.700,0,1
a-heldout,40000-40199,hidden,40111,5,0,plain,known,,6,5,118.614,67.819,0,0
a-heldout,40000-40199,hidden,40111,15,10,plain,known,,2,5,146.757,89.848,0,0
a-heldout,40000-40199,hidden,40111,19,1,plain,known,,7,18,363.509,294.795,0,0
a-heldout,40000-40199,hidden,40111,21,3,plain,known,,2,18,334.351,283.731,0,0
a-heldout,40000-40199,hidden,40111,23,2,plain,known,,5,21,403.459,351.990,0,1
a-heldout,40000-40199,hidden,40112,7,2,plain,known,,2,5,126.210,60.309,0,0
a-heldout,40000-40199,hidden,40112,9,6,plain,known,,0,3,72.951,28.281,0,0
a-heldout,40000-40199,hidden,40112,13,2,plain,known,,2,11,263.696,197.796,1,0
a-heldout,40000-40199,hidden,40112,18,1,plain,known,,4,17,336.439,270.977,0,0
a-heldout,40000-40199,hidden,40112,31,1,plain,known,,4,30,518.254,452.792,0,0
a-heldout,40000-40199,hidden,40113,4,0,hard,cascade,contradict,7,4,82.478,42.288,0,0
a-heldout,40000-40199,hidden,40113,6,1,plain,known,,6,5,105.011,67.337,0,0
a-heldout,40000-40199,hidden,40113,10,4,hard,cascade,contradict,7,6,110.889,75.773,0,0
a-heldout,40000-40199,hidden,40113,21,12,plain,known,,3,9,244.223,187.230,0,1
a-heldout,40000-40199,hidden,40113,24,0,hard,cascade,contradict,7,24,470.691,430.501,1,1
a-heldout,40000-40199,hidden,40114,12,4,hard,compound,mimic,2,8,252.600,167.398,1,0
a-heldout,40000-40199,hidden,40114,16,5,hard,split_brain,contradict,1,11,328.480,253.732,0,0
a-heldout,40000-40199,hidden,40114,18,13,plain,known,,4,5,83.899,32.185,0,0
a-heldout,40000-40199,hidden,40115,6,2,plain,known,,11,4,70.731,43.172,0,0
a-heldout,40000-40199,hidden,40115,7,0,plain,known,,0,7,119.811,61.932,0,0
a-heldout,40000-40199,hidden,40115,14,5,plain,known,,9,9,105.008,36.462,0,0
a-heldout,40000-40199,hidden,40115,24,11,plain,known,,11,13,178.128,128.381,1,0
a-heldout,40000-40199,hidden,40116,6,1,plain,known,,5,5,107.064,43.719,0,0
a-heldout,40000-40199,hidden,40116,7,2,plain,known,,7,5,76.102,23.584,0,0
a-heldout,40000-40199,hidden,40116,11,4,plain,known,,2,7,104.916,83.106,0,0
a-heldout,40000-40199,hidden,40116,16,1,plain,known,,5,15,230.037,166.692,0,0
a-heldout,40000-40199,hidden,40116,19,4,plain,known,,2,15,204.279,182.469,0,0
a-heldout,40000-40199,hidden,40116,21,9,plain,known,,8,12,161.183,107.948,0,0
a-heldout,40000-40199,hidden,40116,28,22,plain,known,,2,6,82.334,25.496,0,0
a-heldout,40000-40199,hidden,40116,29,7,plain,known,,7,22,346.959,301.874,0,0
a-heldout,40000-40199,hidden,40117,6,0,plain,known,,2,6,62.076,28.935,0,0
a-heldout,40000-40199,hidden,40117,9,3,plain,known,,6,6,103.245,33.395,0,0
a-heldout,40000-40199,hidden,40117,27,3,plain,known,,6,24,378.244,308.394,0,1
a-heldout,40000-40199,hidden,40117,29,6,plain,known,,2,23,424.846,393.380,1,0
a-heldout,40000-40199,hidden,40118,5,1,decoy,split_brain,mimic,8,4,67.728,49.553,0,0
a-heldout,40000-40199,hidden,40118,11,7,plain,known,,3,4,95.681,45.187,0,0
a-heldout,40000-40199,hidden,40118,25,17,plain,known,,5,8,120.990,75.187,0,0
a-heldout,40000-40199,hidden,40119,3,0,decoy,split_brain,contradict,6,3,71.544,55.545,0,0
a-heldout,40000-40199,hidden,40119,6,3,decoy,split_brain,contradict,6,3,38.309,23.354,0,0
a-heldout,40000-40199,hidden,40119,9,1,plain,known,,1,8,105.833,69.506,0,0
a-heldout,40000-40199,hidden,40119,14,8,plain,known,,8,6,134.800,85.054,0,0
a-heldout,40000-40199,hidden,40119,18,7,plain,known,,2,11,189.362,126.625,0,0
a-heldout,40000-40199,hidden,40119,22,14,plain,known,,8,8,86.610,24.159,0,0
a-heldout,40000-40199,hidden,40119,24,9,plain,known,,1,15,216.162,186.429,0,0
a-heldout,40000-40199,hidden,40119,26,10,hard,compound,mimic,4,16,234.293,166.141,0,0
a-heldout,40000-40199,hidden,40119,27,12,plain,known,,5,15,195.646,164.953,0,0
a-heldout,40000-40199,hidden,40119,28,24,plain,known,,1,4,63.075,25.481,0,0
a-heldout,40000-40199,hidden,40120,9,1,plain,known,,10,8,139.588,96.338,0,0
a-heldout,40000-40199,hidden,40120,10,7,decoy,compound,mimic,2,3,91.118,84.770,0,0
a-heldout,40000-40199,hidden,40120,14,3,plain,known,,6,11,257.306,205.002,0,0
a-heldout,40000-40199,hidden,40120,16,0,plain,known,,1,16,389.855,330.837,0,0
a-heldout,40000-40199,hidden,40121,7,0,plain,known,,7,7,103.831,32.997,0,0
a-heldout,40000-40199,hidden,40121,12,6,decoy,compound,mimic,6,6,54.346,34.764,0,0
a-heldout,40000-40199,hidden,40121,14,4,plain,known,,4,10,90.859,28.730,0,0
a-heldout,40000-40199,hidden,40121,20,12,decoy,compound,mimic,6,8,138.738,117.638,0,0
a-heldout,40000-40199,hidden,40121,21,8,plain,known,,5,13,192.497,126.338,0,0
a-heldout,40000-40199,hidden,40122,3,0,plain,known,,7,3,130.910,89.775,0,0
a-heldout,40000-40199,hidden,40122,7,5,decoy,compound,mimic,8,2,58.347,43.181,0,0
a-heldout,40000-40199,hidden,40122,16,6,plain,known,,4,10,173.659,131.401,1,0
a-heldout,40000-40199,hidden,40122,20,9,plain,known,,1,11,157.825,111.611,0,0
a-heldout,40000-40199,hidden,40122,21,12,plain,known,,0,9,129.955,96.734,0,0
a-heldout,40000-40199,hidden,40122,23,1,hard,slow_leak,,3,22,418.802,354.960,0,0
a-heldout,40000-40199,hidden,40122,27,3,plain,known,,7,24,381.604,347.070,0,0
a-heldout,40000-40199,hidden,40123,4,1,plain,known,,6,3,52.911,30.795,0,0
a-heldout,40000-40199,hidden,40123,10,4,plain,known,,6,6,102.842,78.601,0,0
a-heldout,40000-40199,hidden,40123,14,5,plain,known,,10,9,113.278,74.676,0,0
a-heldout,40000-40199,hidden,40123,21,11,plain,known,,1,10,143.307,84.405,0,0
a-heldout,40000-40199,hidden,40123,23,13,plain,known,,4,10,111.553,60.408,0,0
a-heldout,40000-40199,hidden,40123,28,24,plain,known,,8,4,146.352,81.299,0,0
a-heldout,40000-40199,hidden,40124,10,4,plain,known,,1,6,75.421,34.201,0,0
a-heldout,40000-40199,hidden,40124,13,7,plain,known,,8,6,86.832,44.743,0,0
a-heldout,40000-40199,hidden,40124,16,6,plain,known,,6,10,183.541,128.172,1,0
a-heldout,40000-40199,hidden,40124,18,12,plain,known,,7,6,123.388,82.077,1,0
a-heldout,40000-40199,hidden,40124,24,0,plain,known,,0,24,458.786,390.247,0,0
a-heldout,40000-40199,hidden,40125,5,2,decoy,compound,contradict,3,3,37.832,29.514,0,0
a-heldout,40000-40199,hidden,40125,6,0,plain,known,,5,6,83.078,50.089,0,0
a-heldout,40000-40199,hidden,40125,25,20,plain,known,,0,5,134.616,91.980,0,0
a-heldout,40000-40199,hidden,40126,5,2,decoy,cascade,mimic,3,3,58.019,49.244,0,0
a-heldout,40000-40199,hidden,40126,20,10,plain,known,,3,10,174.658,129.093,0,0
a-heldout,40000-40199,hidden,40126,24,4,plain,known,,7,20,275.321,228.056,0,0
a-heldout,40000-40199,hidden,40126,33,10,plain,known,,3,23,346.937,301.371,0,0
a-heldout,40000-40199,hidden,40127,5,1,plain,known,,4,4,96.794,45.541,0,0
a-heldout,40000-40199,hidden,40127,6,2,plain,known,,3,4,87.183,28.116,0,0
a-heldout,40000-40199,hidden,40127,11,3,plain,known,,6,8,233.414,169.985,1,0
a-heldout,40000-40199,hidden,40127,16,3,plain,known,,6,13,390.833,327.403,1,0
a-heldout,40000-40199,hidden,40127,19,14,hard,cascade,contradict,3,5,142.689,101.214,0,1
a-heldout,40000-40199,hidden,40128,9,2,plain,known,,7,7,94.896,37.707,0,0
a-heldout,40000-40199,hidden,40128,10,4,plain,known,,2,6,73.246,32.934,0,0
a-heldout,40000-40199,hidden,40128,13,7,plain,known,,6,6,71.978,23.014,0,0
a-heldout,40000-40199,hidden,40128,19,14,plain,known,,4,5,197.160,149.008,0,1
a-heldout,40000-40199,hidden,40128,24,9,plain,known,,7,15,331.275,273.541,1,0
a-heldout,40000-40199,hidden,40129,8,0,plain,known,,0,8,101.541,42.576,0,0
a-heldout,40000-40199,hidden,40129,14,11,hard,cascade,contradict,5,3,83.475,24.891,0,0
a-heldout,40000-40199,hidden,40129,15,0,plain,known,,0,15,248.118,189.153,0,0
a-heldout,40000-40199,hidden,40129,17,5,hard,split_brain,mimic,6,12,205.673,176.870,0,0
a-heldout,40000-40199,hidden,40129,21,3,plain,known,,5,18,307.900,253.367,0,0
a-heldout,40000-40199,hidden,40129,27,5,hard,split_brain,mimic,6,22,375.802,346.999,0,0
a-heldout,40000-40199,hidden,40129,30,8,plain,known,,0,22,366.124,311.437,0,0
a-heldout,40000-40199,hidden,40130,3,0,plain,known,,5,3,52.858,30.373,0,0
a-heldout,40000-40199,hidden,40130,6,0,plain,known,,5,6,121.639,99.154,0,0
a-heldout,40000-40199,hidden,40130,9,0,plain,known,,5,9,209.751,187.266,0,0
a-heldout,40000-40199,hidden,40130,11,5,hard,slow_leak,,8,6,132.768,88.903,0,0
a-heldout,40000-40199,hidden,40130,16,10,plain,known,,0,6,100.309,57.246,0,0
a-heldout,40000-40199,hidden,40130,22,15,plain,known,,5,7,140.500,82.534,0,0
a-heldout,40000-40199,hidden,40131,2,0,decoy,slow_leak,,5,2,44.410,34.668,0,0
a-heldout,40000-40199,hidden,40131,7,0,decoy,slow_leak,,5,7,91.668,81.927,0,0
a-heldout,40000-40199,hidden,40131,13,5,plain,known,,3,8,73.246,28.750,0,0
a-heldout,40000-40199,hidden,40131,17,4,hard,slow_leak,,0,13,162.741,99.721,0,0
a-heldout,40000-40199,hidden,40131,19,3,plain,known,,2,16,212.384,165.157,0,0
a-heldout,40000-40199,hidden,40131,25,6,plain,known,,4,19,350.795,287.035,0,0
a-heldout,40000-40199,hidden,40131,31,1,plain,known,,6,30,458.422,386.311,0,0
a-heldout,40000-40199,hidden,40132,5,1,plain,known,,0,4,107.317,47.884,0,0
a-heldout,40000-40199,hidden,40132,8,4,decoy,slow_leak,,2,4,89.706,71.059,0,0
a-heldout,40000-40199,hidden,40132,10,3,plain,known,,7,7,115.163,48.973,1,0
a-heldout,40000-40199,hidden,40132,11,5,plain,known,,0,6,83.367,23.326,0,0
a-heldout,40000-40199,hidden,40132,12,2,hard,cascade,contradict,3,10,198.423,112.669,1,0
a-heldout,40000-40199,hidden,40132,16,9,plain,known,,4,7,113.691,54.699,0,0
a-heldout,40000-40199,hidden,40132,17,7,plain,known,,6,10,143.348,82.461,0,0
a-heldout,40000-40199,hidden,40132,21,10,plain,known,,7,11,188.133,134.165,0,0
a-heldout,40000-40199,hidden,40132,23,7,plain,known,,6,16,221.566,160.679,0,0
a-heldout,40000-40199,hidden,40133,2,0,decoy,cascade,mimic,4,2,58.346,49.808,0,0
a-heldout,40000-40199,hidden,40133,11,8,plain,known,,5,3,121.245,71.198,0,0
a-heldout,40000-40199,hidden,40133,24,5,decoy,slow_leak,,9,19,363.522,354.464,0,0
a-heldout,40000-40199,hidden,40133,26,10,plain,known,,3,16,264.484,216.750,0,0
a-heldout,40000-40199,hidden,40133,30,14,plain,known,,1,16,241.593,177.012,0,0
a-heldout,40000-40199,hidden,40134,3,1,decoy,compound,contradict,9,2,68.177,60.119,0,0
a-heldout,40000-40199,hidden,40134,7,2,plain,known,,6,5,113.121,51.679,0,0
a-heldout,40000-40199,hidden,40134,10,3,decoy,compound,contradict,9,7,129.520,119.971,1,0
a-heldout,40000-40199,hidden,40134,11,4,plain,known,,1,7,121.732,68.944,1,0
a-heldout,40000-40199,hidden,40134,13,5,plain,known,,10,8,173.511,104.499,0,0
a-heldout,40000-40199,hidden,40135,5,0,decoy,cascade,mimic,5,5,52.682,32.714,0,0
a-heldout,40000-40199,hidden,40135,7,1,decoy,slow_leak,,6,6,53.675,32.636,0,0
a-heldout,40000-40199,hidden,40135,12,8,hard,compound,mimic,2,4,70.569,41.661,0,0
a-heldout,40000-40199,hidden,40135,13,7,decoy,slow_leak,,6,6,95.684,73.123,0,0
a-heldout,40000-40199,hidden,40135,14,9,plain,known,,7,5,102.619,45.120,0,0
a-heldout,40000-40199,hidden,40135,16,5,decoy,cascade,mimic,5,11,166.271,159.244,1,0
a-heldout,40000-40199,hidden,40135,17,3,plain,known,,4,14,183.707,140.717,0,0
a-heldout,40000-40199,hidden,40135,22,2,plain,known,,0,20,250.371,193.773,0,0
a-heldout,40000-40199,hidden,40135,30,21,plain,known,,1,9,142.675,96.271,0,0
a-heldout,40000-40199,hidden,40135,34,17,plain,known,,4,17,275.129,227.022,0,0
a-heldout,40000-40199,hidden,40135,35,30,plain,known,,1,5,103.132,47.046,0,0
a-heldout,40000-40199,hidden,40136,6,1,plain,known,,10,5,61.634,23.776,0,0
a-heldout,40000-40199,hidden,40136,8,0,plain,known,,3,8,101.071,33.877,0,0
a-heldout,40000-40199,hidden,40136,9,3,hard,split_brain,mimic,7,6,70.491,30.113,0,0
a-heldout,40000-40199,hidden,40136,12,6,plain,known,,10,6,99.790,45.615,0,0
a-heldout,40000-40199,hidden,40136,17,3,hard,split_brain,mimic,7,14,202.282,161.904,0,0
a-heldout,40000-40199,hidden,40136,18,13,plain,known,,11,5,75.344,26.119,0,0
a-heldout,40000-40199,hidden,40136,35,8,plain,known,,3,27,415.821,355.833,0,0
a-heldout,40000-40199,hidden,40137,13,2,plain,known,,9,11,186.106,121.399,0,0
a-heldout,40000-40199,hidden,40137,18,9,plain,known,,6,9,138.383,79.140,0,0
a-heldout,40000-40199,hidden,40137,22,15,plain,known,,4,7,118.614,82.043,0,0
a-heldout,40000-40199,hidden,40137,24,1,plain,known,,5,23,414.476,369.792,0,0
a-heldout,40000-40199,hidden,40138,7,3,hard,slow_leak,,2,4,89.505,28.550,0,0
a-heldout,40000-40199,hidden,40138,12,9,plain,known,,4,3,94.157,25.473,0,0
a-heldout,40000-40199,hidden,40138,15,5,plain,known,,8,10,201.673,139.643,0,0
a-heldout,40000-40199,hidden,40138,17,5,plain,known,,8,12,296.519,234.490,0,0
a-heldout,40000-40199,hidden,40138,18,6,plain,known,,7,12,295.745,257.998,0,0
a-heldout,40000-40199,hidden,40138,19,4,plain,known,,1,15,358.031,311.082,1,0
a-heldout,40000-40199,hidden,40138,20,1,plain,known,,5,19,412.950,369.910,1,1
a-heldout,40000-40199,hidden,40138,21,10,plain,known,,0,11,268.416,212.468,1,0
a-heldout,40000-40199,hidden,40138,26,0,plain,known,,7,26,526.543,471.679,0,0
a-heldout,40000-40199,hidden,40139,4,0,plain,known,,6,4,74.278,24.260,0,0
a-heldout,40000-40199,hidden,40139,5,2,plain,known,,2,3,87.604,35.921,0,0
a-heldout,40000-40199,hidden,40139,10,4,plain,known,,6,6,90.201,33.949,0,0
a-heldout,40000-40199,hidden,40139,18,3,plain,known,,3,15,309.432,256.295,0,0
a-heldout,40000-40199,hidden,40140,4,0,hard,compound,mimic,7,4,88.750,33.777,0,0
a-heldout,40000-40199,hidden,40140,9,2,plain,known,,3,7,142.478,99.084,0,0
a-heldout,40000-40199,hidden,40140,14,3,plain,known,,5,11,194.122,144.414,0,0
a-heldout,40000-40199,hidden,40140,15,6,plain,known,,2,9,165.814,117.662,0,0
a-heldout,40000-40199,hidden,40140,16,0,hard,compound,mimic,7,16,349.845,294.872,0,0
a-heldout,40000-40199,hidden,40140,17,2,plain,known,,3,15,321.524,278.130,1,0
a-heldout,40000-40199,hidden,40140,24,15,plain,known,,2,9,163.255,108.654,0,0
a-heldout,40000-40199,hidden,40140,26,8,plain,known,,5,18,312.337,243.525,1,1
a-heldout,40000-40199,hidden,40141,16,1,plain,known,,1,15,265.358,218.205,0,0
a-heldout,40000-40199,hidden,40141,18,3,decoy,slow_leak,,0,15,319.301,306.603,0,0
a-heldout,40000-40199,hidden,40141,26,13,plain,known,,7,13,145.655,89.203,0,0
a-heldout,40000-40199,hidden,40141,29,3,decoy,slow_leak,,0,26,459.015,446.317,0,0
a-heldout,40000-40199,hidden,40141,30,22,plain,known,,6,8,110.558,50.002,0,0
a-heldout,40000-40199,hidden,40142,16,6,hard,compound,contradict,0,10,144.491,104.535,0,0
a-heldout,40000-40199,hidden,40142,22,2,plain,known,,4,20,351.647,323.772,0,0
a-heldout,40000-40199,hidden,40142,24,21,decoy,compound,contradict,5,3,67.768,53.473,0,0
a-heldout,40000-40199,hidden,40142,25,10,plain,known,,3,15,237.877,195.902,0,1
a-heldout,40000-40199,hidden,40142,31,25,plain,known,,3,6,113.574,43.890,0,0
a-heldout,40000-40199,hidden,40143,5,1,plain,known,,11,4,72.392,38.020,0,0
a-heldout,40000-40199,hidden,40143,14,10,decoy,compound,mimic,4,4,103.301,96.164,0,0
a-heldout,40000-40199,hidden,40143,15,1,plain,known,,11,14,404.245,369.873,1,0
a-heldout,40000-40199,hidden,40143,16,3,plain,known,,0,13,386.209,329.631,0,0
a-heldout,40000-40199,hidden,40143,18,12,hard,split_brain,mimic,5,6,187.358,95.798,0,0
a-heldout,40000-40199,hidden,40144,6,0,plain,known,,2,6,99.957,32.201,0,0
a-heldout,40000-40199,hidden,40144,9,2,plain,known,,11,7,195.380,160.980,0,0
a-heldout,40000-40199,hidden,40144,11,7,plain,known,,7,4,129.582,91.909,0,0
a-heldout,40000-40199,hidden,40144,12,1,plain,known,,10,11,239.476,193.106,1,0
a-heldout,40000-40199,hidden,40144,13,8,decoy,compound,mimic,3,5,101.482,82.995,0,0
a-heldout,40000-40199,hidden,40144,15,13,decoy,compound,mimic,3,2,59.158,52.757,0,0
a-heldout,40000-40199,hidden,40144,23,14,plain,known,,0,9,138.385,96.346,0,0
a-heldout,40000-40199,hidden,40144,27,16,plain,known,,7,11,157.457,91.808,0,0
a-heldout,40000-40199,hidden,40145,8,4,plain,known,,4,4,142.667,82.705,0,0
a-heldout,40000-40199,hidden,40145,9,2,plain,known,,0,7,167.641,123.123,0,0
a-heldout,40000-40199,hidden,40145,10,6,hard,compound,mimic,8,4,90.335,28.771,0,0
a-heldout,40000-40199,hidden,40145,12,3,plain,known,,7,9,196.345,155.675,0,0
a-heldout,40000-40199,hidden,40145,18,14,plain,known,,2,4,76.641,34.387,0,0
a-heldout,40000-40199,hidden,40145,22,7,plain,known,,2,15,281.308,217.064,0,0
a-heldout,40000-40199,hidden,40145,27,12,plain,known,,7,15,260.310,206.042,0,0
a-heldout,40000-40199,hidden,40146,8,3,plain,known,,0,5,104.559,38.787,0,0
a-heldout,40000-40199,hidden,40146,10,2,decoy,cascade,contradict,1,8,155.000,139.943,0,0
a-heldout,40000-40199,hidden,40146,18,5,plain,known,,6,13,219.936,145.577,0,0
a-heldout,40000-40199,hidden,40146,22,7,plain,known,,7,15,259.795,201.224,0,0
a-heldout,40000-40199,hidden,40146,24,5,plain,known,,6,19,343.437,269.078,0,1
a-heldout,40000-40199,hidden,40146,25,7,plain,known,,7,18,338.761,280.190,0,0
a-heldout,40000-40199,hidden,40146,26,13,plain,known,,8,13,219.817,167.307,0,0
a-heldout,40000-40199,hidden,40146,27,17,plain,known,,5,10,176.486,134.619,0,0
a-heldout,40000-40199,hidden,40146,34,14,plain,known,,7,20,298.980,241.942,0,0
a-heldout,40000-40199,hidden,40147,10,6,decoy,compound,contradict,5,4,108.340,88.777,0,0
a-heldout,40000-40199,hidden,40147,11,3,hard,compound,mimic,6,8,183.191,91.868,0,0
a-heldout,40000-40199,hidden,40147,16,0,plain,known,,2,16,470.815,407.507,0,1
a-heldout,40000-40199,hidden,40148,15,4,plain,known,,2,11,359.544,294.144,0,0
a-heldout,40000-40199,hidden,40148,16,0,decoy,cascade,contradict,6,16,398.654,380.384,0,0
a-heldout,40000-40199,hidden,40148,21,12,plain,known,,4,9,262.434,197.267,0,1
a-heldout,40000-40199,hidden,40149,6,0,plain,known,,6,6,79.191,35.213,0,0
a-heldout,40000-40199,hidden,40149,7,4,plain,known,,9,3,82.163,55.751,0,0
a-heldout,40000-40199,hidden,40149,11,4,plain,known,,9,7,152.946,126.534,0,0
a-heldout,40000-40199,hidden,40149,13,3,plain,known,,8,10,181.701,138.471,0,0
a-heldout,40000-40199,hidden,40149,24,0,plain,known,,6,24,411.596,367.618,0,0
a-heldout,40000-40199,hidden,40150,10,2,plain,known,,7,8,116.340,70.193,0,0
a-heldout,40000-40199,hidden,40150,15,6,decoy,slow_leak,,4,9,183.806,172.413,0,0
a-heldout,40000-40199,hidden,40151,4,0,plain,known,,2,4,140.584,104.137,0,0
a-heldout,40000-40199,hidden,40151,10,4,plain,known,,2,6,117.630,89.374,0,0
a-heldout,40000-40199,hidden,40151,11,2,plain,known,,6,9,200.479,150.969,1,0
a-heldout,40000-40199,hidden,40151,12,6,hard,split_brain,mimic,5,6,124.347,38.847,0,0
a-heldout,40000-40199,hidden,40151,15,8,plain,known,,1,7,170.700,103.571,1,0
a-heldout,40000-40199,hidden,40151,21,10,plain,known,,2,11,220.813,184.287,0,0
a-heldout,40000-40199,hidden,40151,22,16,plain,known,,0,6,127.723,60.494,0,0
a-heldout,40000-40199,hidden,40151,23,14,hard,cascade,contradict,3,9,165.060,133.582,0,0
a-heldout,40000-40199,hidden,40152,8,3,plain,known,,1,5,117.554,84.438,0,0
a-heldout,40000-40199,hidden,40152,11,2,hard,slow_leak,,6,9,158.184,117.691,0,0
a-heldout,40000-40199,hidden,40152,13,1,plain,known,,2,12,218.016,150.498,0,0
a-heldout,40000-40199,hidden,40152,17,4,plain,known,,3,13,204.899,165.998,1,0
a-heldout,40000-40199,hidden,40152,19,5,plain,known,,9,14,192.511,134.890,0,0
a-heldout,40000-40199,hidden,40152,30,6,plain,known,,10,24,329.725,275.052,0,0
a-heldout,40000-40199,hidden,40152,31,13,plain,known,,2,18,243.509,189.099,0,0
a-heldout,40000-40199,hidden,40152,32,19,plain,known,,9,13,191.399,132.828,0,0
a-heldout,40000-40199,hidden,40153,9,2,plain,known,,4,7,158.457,100.119,0,0
a-heldout,40000-40199,hidden,40153,10,6,plain,known,,7,4,169.156,98.515,0,0
a-heldout,40000-40199,hidden,40153,17,12,plain,known,,2,5,171.278,129.374,0,0
a-heldout,40000-40199,hidden,40154,2,0,plain,known,,7,2,78.979,32.629,0,0
a-heldout,40000-40199,hidden,40154,3,1,plain,known,,5,2,51.431,25.584,0,0
a-heldout,40000-40199,hidden,40154,15,1,plain,known,,5,14,213.760,187.913,0,0
a-heldout,40000-40199,hidden,40154,17,7,plain,known,,2,10,174.301,137.904,0,0
a-heldout,40000-40199,hidden,40154,20,3,plain,known,,5,17,302.741,279.674,0,0
a-heldout,40000-40199,hidden,40154,21,6,plain,known,,4,15,261.380,212.214,0,0
a-heldout,40000-40199,hidden,40154,22,11,plain,known,,1,11,186.459,142.671,0,0
a-heldout,40000-40199,hidden,40155,6,5,plain,known,,1,1,104.891,45.244,0,0
a-heldout,40000-40199,hidden,40155,7,4,plain,known,,6,3,129.656,78.265,0,0
a-heldout,40000-40199,hidden,40155,8,3,plain,known,,4,5,162.265,121.721,0,0
a-heldout,40000-40199,hidden,40155,10,2,plain,known,,8,8,189.737,147.497,0,0
a-heldout,40000-40199,hidden,40155,16,6,plain,known,,1,10,101.663,36.708,0,0
a-heldout,40000-40199,hidden,40155,17,7,plain,known,,6,10,91.450,25.851,0,0
a-heldout,40000-40199,hidden,40155,22,13,plain,known,,7,9,100.322,31.658,0,0
a-heldout,40000-40199,hidden,40155,23,16,plain,known,,1,7,103.803,33.664,0,0
a-heldout,40000-40199,hidden,40155,26,15,plain,known,,4,11,128.950,73.056,0,0
a-heldout,40000-40199,hidden,40155,29,13,plain,known,,7,16,208.616,139.952,0,0
a-heldout,40000-40199,hidden,40155,31,18,plain,known,,2,13,193.637,125.357,0,0
a-heldout,40000-40199,hidden,40156,7,3,plain,known,,5,4,105.634,63.834,0,0
a-heldout,40000-40199,hidden,40156,8,4,hard,split_brain,contradict,0,4,112.632,27.003,0,0
a-heldout,40000-40199,hidden,40156,23,5,hard,split_brain,contradict,8,18,425.199,356.628,0,0
a-heldout,40000-40199,hidden,40157,13,5,plain,known,,10,8,135.066,89.567,0,0
a-heldout,40000-40199,hidden,40157,17,4,plain,known,,5,13,225.305,157.588,0,0
a-heldout,40000-40199,hidden,40157,19,16,decoy,split_brain,contradict,8,3,46.694,27.661,0,0
a-heldout,40000-40199,hidden,40157,20,13,plain,known,,10,7,140.723,80.134,0,0
a-heldout,40000-40199,hidden,40158,6,0,plain,known,,2,6,78.344,27.787,0,0
a-heldout,40000-40199,hidden,40158,13,1,plain,known,,11,12,223.006,171.961,1,0
a-heldout,40000-40199,hidden,40158,26,21,plain,known,,4,5,97.071,34.967,0,0
a-heldout,40000-40199,hidden,40158,27,19,decoy,split_brain,contradict,10,8,148.306,124.835,0,0
a-heldout,40000-40199,hidden,40158,30,12,plain,known,,1,18,282.578,236.600,0,0
a-heldout,40000-40199,hidden,40158,32,20,plain,known,,6,12,192.650,124.925,0,0
a-heldout,40000-40199,hidden,40159,11,3,plain,known,,0,8,193.640,149.791,1,0
a-heldout,40000-40199,hidden,40159,17,1,plain,known,,2,16,317.062,255.845,0,0
a-heldout,40000-40199,hidden,40159,18,11,plain,known,,0,7,114.491,58.881,0,0
a-heldout,40000-40199,hidden,40159,19,12,plain,known,,4,7,76.146,26.142,0,0
a-heldout,40000-40199,hidden,40159,21,2,hard,slow_leak,,3,19,341.910,301.689,0,0
a-heldout,40000-40199,hidden,40160,17,4,plain,known,,2,13,287.269,258.356,0,0
a-heldout,40000-40199,hidden,40161,7,4,decoy,split_brain,mimic,0,3,44.738,32.519,0,0
a-heldout,40000-40199,hidden,40161,9,2,plain,known,,2,7,121.395,56.156,0,0
a-heldout,40000-40199,hidden,40161,12,11,hard,compound,contradict,3,1,93.411,60.881,0,0
a-heldout,40000-40199,hidden,40161,13,9,plain,known,,2,4,180.411,130.664,0,0
a-heldout,40000-40199,hidden,40161,14,7,decoy,split_brain,mimic,0,7,240.887,217.610,0,0
a-heldout,40000-40199,hidden,40161,16,5,plain,known,,6,11,273.094,208.344,0,0
a-heldout,40000-40199,hidden,40162,4,2,plain,known,,4,2,87.304,25.239,0,0
a-heldout,40000-40199,hidden,40162,11,2,plain,known,,4,9,232.619,170.553,0,0
a-heldout,40000-40199,hidden,40163,6,0,plain,known,,3,6,106.190,58.119,0,0
a-heldout,40000-40199,hidden,40163,8,1,plain,known,,2,7,130.868,86.762,0,0
a-heldout,40000-40199,hidden,40163,9,2,plain,known,,9,7,102.806,59.929,0,0
a-heldout,40000-40199,hidden,40163,16,2,plain,known,,9,14,261.584,218.707,0,0
a-heldout,40000-40199,hidden,40163,24,5,hard,slow_leak,,6,19,344.771,304.189,0,0
a-heldout,40000-40199,hidden,40164,8,0,plain,known,,2,8,86.752,35.205,0,0
a-heldout,40000-40199,hidden,40164,12,3,plain,known,,8,9,90.837,36.480,0,0
a-heldout,40000-40199,hidden,40164,14,7,plain,known,,5,7,114.739,52.327,0,0
a-heldout,40000-40199,hidden,40164,30,3,plain,known,,8,27,420.807,366.450,0,0
a-heldout,40000-40199,hidden,40165,11,1,plain,known,,9,10,306.128,257.389,0,0
a-heldout,40000-40199,hidden,40165,12,0,plain,known,,8,12,317.316,292.106,0,0
a-heldout,40000-40199,hidden,40165,19,0,plain,known,,8,19,477.794,452.584,0,0
a-heldout,40000-40199,hidden,40166,3,1,decoy,cascade,mimic,9,2,61.725,53.099,0,0
a-heldout,40000-40199,hidden,40166,8,0,plain,known,,6,8,137.077,70.737,0,0
a-heldout,40000-40199,hidden,40166,10,2,plain,known,,3,8,154.080,100.682,0,0
a-heldout,40000-40199,hidden,40166,14,9,plain,known,,0,5,67.403,30.396,0,0
a-heldout,40000-40199,hidden,40166,15,8,plain,known,,6,7,104.994,39.686,0,0
a-heldout,40000-40199,hidden,40166,16,10,plain,known,,3,6,89.235,29.155,0,0
a-heldout,40000-40199,hidden,40166,18,2,plain,known,,3,16,383.715,330.316,0,1
a-heldout,40000-40199,hidden,40166,20,3,decoy,cascade,mimic,9,17,367.021,356.680,0,0
a-heldout,40000-40199,hidden,40167,8,3,plain,known,,4,5,82.371,44.431,0,0
a-heldout,40000-40199,hidden,40167,14,2,plain,known,,8,12,299.109,225.923,1,0
a-heldout,40000-40199,hidden,40168,13,5,plain,known,,6,8,77.477,26.424,0,0
a-heldout,40000-40199,hidden,40168,14,11,plain,known,,1,3,109.409,58.855,0,0
a-heldout,40000-40199,hidden,40168,15,0,plain,known,,7,15,337.834,283.292,0,0
a-heldout,40000-40199,hidden,40168,16,2,plain,known,,2,14,322.186,279.499,0,0
a-heldout,40000-40199,hidden,40168,26,7,plain,known,,3,19,341.891,305.548,0,0
a-heldout,40000-40199,hidden,40168,27,3,hard,compound,contradict,5,24,444.720,367.339,0,0
a-heldout,40000-40199,hidden,40169,4,0,plain,known,,11,4,125.818,58.895,0,0
a-heldout,40000-40199,hidden,40169,5,2,decoy,compound,contradict,7,3,112.668,89.639,0,0
a-heldout,40000-40199,hidden,40169,7,1,plain,known,,9,6,128.748,100.212,0,0
a-heldout,40000-40199,hidden,40169,9,5,decoy,compound,contradict,7,4,57.320,37.513,0,0
a-heldout,40000-40199,hidden,40169,11,0,plain,known,,11,11,224.333,157.410,1,0
a-heldout,40000-40199,hidden,40169,15,7,plain,known,,9,8,136.542,103.351,1,0
a-heldout,40000-40199,hidden,40169,16,6,plain,known,,0,10,152.687,88.556,0,0
a-heldout,40000-40199,hidden,40169,19,11,plain,known,,11,8,120.172,79.167,0,0
a-heldout,40000-40199,hidden,40169,26,11,plain,known,,11,15,287.339,246.334,0,0
a-heldout,40000-40199,hidden,40170,2,0,decoy,compound,contradict,11,2,71.826,48.986,0,0
a-heldout,40000-40199,hidden,40170,5,1,plain,known,,9,4,113.345,71.932,0,0
a-heldout,40000-40199,hidden,40170,7,4,plain,known,,1,3,120.763,56.580,0,0
a-heldout,40000-40199,hidden,40170,14,4,plain,known,,1,10,249.556,185.374,0,0
a-heldout,40000-40199,hidden,40171,5,1,plain,known,,8,4,96.447,57.616,0,0
a-heldout,40000-40199,hidden,40171,12,6,plain,known,,10,6,86.730,33.787,0,0
a-heldout,40000-40199,hidden,40171,20,16,plain,known,,0,4,94.370,48.739,0,0
a-heldout,40000-40199,hidden,40171,23,5,plain,known,,8,18,292.658,222.403,0,0
a-heldout,40000-40199,hidden,40171,32,8,plain,known,,5,24,351.178,305.266,0,0
a-heldout,40000-40199,hidden,40172,4,2,plain,known,,0,2,117.294,74.770,0,0
a-heldout,40000-40199,hidden,40172,8,0,plain,known,,3,8,176.582,111.607,0,0
a-heldout,40000-40199,hidden,40172,9,3,plain,known,,9,6,61.774,32.664,0,0
a-heldout,40000-40199,hidden,40172,10,5,plain,known,,8,5,54.930,26.499,0,0
a-heldout,40000-40199,hidden,40172,12,2,plain,known,,0,10,217.323,174.800,1,0
a-heldout,40000-40199,hidden,40172,16,5,plain,known,,8,11,225.837,197.407,0,0
a-heldout,40000-40199,hidden,40172,17,2,plain,known,,0,15,354.654,312.131,1,0
a-heldout,40000-40199,hidden,40172,19,3,plain,known,,9,16,276.412,247.302,0,0
a-heldout,40000-40199,hidden,40172,21,0,plain,known,,3,21,426.654,361.679,0,0
a-heldout,40000-40199,hidden,40172,23,11,plain,known,,7,12,215.771,145.528,0,0
a-heldout,40000-40199,hidden,40172,27,14,plain,known,,4,13,187.733,137.214,0,0
a-heldout,40000-40199,hidden,40173,6,3,decoy,cascade,mimic,7,3,50.732,28.744,0,0
a-heldout,40000-40199,hidden,40173,8,2,plain,known,,4,6,124.572,54.894,0,0
a-heldout,40000-40199,hidden,40173,10,5,plain,known,,1,5,143.544,88.210,0,0
a-heldout,40000-40199,hidden,40173,15,6,decoy,cascade,mimic,7,9,210.186,203.641,1,0
a-heldout,40000-40199,hidden,40173,21,16,plain,known,,2,5,97.814,34.454,0,0
a-heldout,40000-40199,hidden,40173,23,6,decoy,cascade,mimic,7,17,375.244,368.699,1,0
a-heldout,40000-40199,hidden,40173,24,1,plain,known,,8,23,456.715,399.688,1,0
a-heldout,40000-40199,hidden,40174,4,0,decoy,split_brain,contradict,1,4,141.643,124.253,0,0
a-heldout,40000-40199,hidden,40174,6,1,plain,known,,0,5,129.983,82.968,0,0
a-heldout,40000-40199,hidden,40174,7,4,decoy,split_brain,contradict,1,3,42.010,28.795,0,0
a-heldout,40000-40199,hidden,40174,9,3,plain,known,,7,6,121.949,80.902,1,0
a-heldout,40000-40199,hidden,40174,12,5,plain,known,,4,7,99.123,33.689,0,0
a-heldout,40000-40199,hidden,40174,15,6,plain,known,,0,9,147.661,82.655,0,0
a-heldout,40000-40199,hidden,40175,4,1,hard,slow_leak,,0,3,78.575,36.193,0,0
a-heldout,40000-40199,hidden,40175,16,7,decoy,compound,contradict,4,9,234.090,220.242,1,0
a-heldout,40000-40199,hidden,40175,19,0,plain,known,,1,19,414.224,353.197,0,0
a-heldout,40000-40199,hidden,40175,22,14,plain,known,,0,8,168.999,104.516,0,0
a-heldout,40000-40199,hidden,40176,9,4,plain,known,,6,5,88.810,34.753,0,0
a-heldout,40000-40199,hidden,40176,10,1,plain,known,,0,9,157.897,111.468,0,0
a-heldout,40000-40199,hidden,40176,20,3,plain,known,,3,17,430.230,368.381,1,0
a-heldout,40000-40199,hidden,40177,12,5,plain,known,,0,7,195.246,129.738,0,0
a-heldout,40000-40199,hidden,40177,13,6,plain,known,,7,7,237.961,182.796,0,0
a-heldout,40000-40199,hidden,40177,20,5,plain,known,,0,15,352.042,286.535,0,0
a-heldout,40000-40199,hidden,40178,4,0,plain,known,,0,4,102.411,49.893,0,0
a-heldout,40000-40199,hidden,40178,17,0,plain,known,,0,17,325.853,273.335,1,0
a-heldout,40000-40199,hidden,40178,18,3,plain,known,,11,15,242.799,183.562,0,0
a-heldout,40000-40199,hidden,40178,19,11,plain,known,,9,8,155.666,118.069,0,0
a-heldout,40000-40199,hidden,40178,24,14,plain,known,,11,10,212.047,166.948,0,0
a-heldout,40000-40199,hidden,40178,29,13,plain,known,,3,16,266.746,202.434,0,0
a-heldout,40000-40199,hidden,40179,5,0,decoy,compound,contradict,1,5,265.588,256.231,0,0
a-heldout,40000-40199,hidden,40179,7,0,decoy,compound,contradict,1,7,364.013,354.656,0,0
a-heldout,40000-40199,hidden,40179,8,4,plain,known,,5,4,137.119,75.351,0,0
a-heldout,40000-40199,hidden,40180,7,0,plain,known,,8,7,135.544,99.148,0,0
a-heldout,40000-40199,hidden,40180,9,5,plain,known,,11,4,96.035,55.689,0,0
a-heldout,40000-40199,hidden,40180,10,3,plain,known,,3,7,167.896,103.646,0,0
a-heldout,40000-40199,hidden,40180,14,0,plain,known,,8,14,323.026,286.630,1,0
a-heldout,40000-40199,hidden,40180,15,13,plain,known,,7,2,77.298,37.922,0,1
a-heldout,40000-40199,hidden,40181,2,0,plain,known,,7,2,106.956,42.024,0,0
a-heldout,40000-40199,hidden,40181,8,6,plain,known,,8,2,88.315,30.210,0,0
a-heldout,40000-40199,hidden,40181,9,1,plain,known,,4,8,329.900,287.083,0,0
a-heldout,40000-40199,hidden,40181,11,7,plain,known,,9,4,106.008,43.020,0,0
a-heldout,40000-40199,hidden,40181,15,5,plain,known,,6,10,246.480,177.289,0,0
a-heldout,40000-40199,hidden,40182,5,0,plain,known,,2,5,75.442,45.204,0,0
a-heldout,40000-40199,hidden,40182,7,1,plain,known,,3,6,83.493,58.650,0,0
a-heldout,40000-40199,hidden,40182,13,7,plain,known,,3,6,79.895,51.737,0,0
a-heldout,40000-40199,hidden,40182,26,13,plain,known,,3,13,207.829,174.246,0,0
a-heldout,40000-40199,hidden,40183,7,0,plain,known,,3,7,81.354,37.480,0,0
a-heldout,40000-40199,hidden,40183,9,4,plain,known,,2,5,126.096,80.582,0,0
a-heldout,40000-40199,hidden,40183,13,6,plain,known,,1,7,154.287,99.654,0,0
a-heldout,40000-40199,hidden,40183,16,8,decoy,compound,mimic,8,8,109.999,93.030,0,0
a-heldout,40000-40199,hidden,40183,21,7,plain,known,,3,14,259.641,191.989,0,0
a-heldout,40000-40199,hidden,40183,29,2,plain,known,,6,27,489.085,425.397,0,0
a-heldout,40000-40199,hidden,40183,30,22,plain,known,,0,8,133.171,89.933,0,0
a-heldout,40000-40199,hidden,40184,7,3,hard,split_brain,contradict,9,4,142.880,89.061,0,0
a-heldout,40000-40199,hidden,40184,12,5,plain,known,,8,7,204.594,144.434,1,0
a-heldout,40000-40199,hidden,40184,17,8,plain,known,,2,9,204.297,174.762,0,0
a-heldout,40000-40199,hidden,40184,20,13,plain,known,,4,7,161.006,93.924,0,0
a-heldout,40000-40199,hidden,40185,4,2,plain,known,,0,2,68.273,25.317,0,0
a-heldout,40000-40199,hidden,40185,5,0,plain,known,,4,5,114.879,58.715,0,0
a-heldout,40000-40199,hidden,40185,10,1,plain,known,,2,9,132.887,78.881,0,0
a-heldout,40000-40199,hidden,40185,11,4,plain,known,,0,7,78.544,24.714,0,0
a-heldout,40000-40199,hidden,40185,13,8,plain,known,,7,5,76.866,44.580,1,0
a-heldout,40000-40199,hidden,40185,15,6,plain,known,,3,9,113.924,53.324,1,0
a-heldout,40000-40199,hidden,40185,16,0,plain,known,,4,16,246.451,190.286,0,0
a-heldout,40000-40199,hidden,40185,17,9,plain,known,,1,8,92.939,38.221,0,0
a-heldout,40000-40199,hidden,40185,23,12,plain,known,,6,11,222.237,175.941,0,0
a-heldout,40000-40199,hidden,40185,26,19,hard,split_brain,mimic,2,7,126.861,38.589,0,1
a-heldout,40000-40199,hidden,40185,31,20,plain,known,,6,11,161.860,135.962,0,0
a-heldout,40000-40199,hidden,40186,4,3,hard,split_brain,mimic,4,1,58.652,23.799,0,0
a-heldout,40000-40199,hidden,40186,6,2,plain,known,,1,4,132.162,82.836,0,0
a-heldout,40000-40199,hidden,40186,16,5,plain,known,,6,11,163.735,110.607,0,0
a-heldout,40000-40199,hidden,40186,17,2,plain,known,,1,15,302.486,253.160,0,0
a-heldout,40000-40199,hidden,40186,20,9,plain,known,,9,11,227.533,201.424,0,0
a-heldout,40000-40199,hidden,40186,21,11,decoy,split_brain,mimic,8,10,207.536,193.652,0,0
a-heldout,40000-40199,hidden,40186,24,11,decoy,split_brain,mimic,8,13,269.711,255.827,0,0
a-heldout,40000-40199,hidden,40187,8,4,plain,known,,2,4,75.731,34.512,0,0
a-heldout,40000-40199,hidden,40187,14,9,plain,known,,0,5,78.177,27.226,0,0
a-heldout,40000-40199,hidden,40187,15,6,plain,known,,4,9,164.406,108.664,0,0
a-heldout,40000-40199,hidden,40187,18,4,plain,known,,2,14,270.794,229.574,1,0
a-heldout,40000-40199,hidden,40187,21,0,plain,known,,4,21,421.276,377.280,0,0
a-heldout,40000-40199,hidden,40187,23,2,plain,known,,7,21,376.818,337.034,0,0
a-heldout,40000-40199,hidden,40187,26,20,plain,known,,5,6,60.157,26.256,0,0
a-heldout,40000-40199,hidden,40188,6,1,plain,known,,5,5,87.073,24.311,0,0
a-heldout,40000-40199,hidden,40188,12,3,decoy,slow_leak,,3,9,182.284,171.558,0,0
a-heldout,40000-40199,hidden,40188,23,0,decoy,compound,contradict,6,23,491.350,475.959,0,0
a-heldout,40000-40199,hidden,40188,28,12,decoy,slow_leak,,3,16,277.520,265.072,0,0
a-heldout,40000-40199,hidden,40189,19,7,plain,known,,0,12,194.660,142.550,0,0
a-heldout,40000-40199,hidden,40189,25,13,decoy,split_brain,mimic,0,12,226.213,206.193,0,0
a-heldout,40000-40199,hidden,40189,32,24,plain,known,,10,8,113.230,48.987,0,0
a-heldout,40000-40199,hidden,40190,9,2,plain,known,,5,7,82.180,34.150,0,0
a-heldout,40000-40199,hidden,40190,11,7,plain,known,,6,4,77.192,56.546,1,0
a-heldout,40000-40199,hidden,40190,12,11,plain,known,,6,1,82.519,47.609,0,0
a-heldout,40000-40199,hidden,40190,23,15,decoy,slow_leak,,3,8,84.759,69.479,0,0
a-heldout,40000-40199,hidden,40190,25,7,plain,known,,6,18,361.591,340.946,1,0
a-heldout,40000-40199,hidden,40190,26,15,decoy,slow_leak,,3,11,123.676,108.397,0,0
a-heldout,40000-40199,hidden,40190,28,17,plain,known,,5,11,117.715,52.841,0,0
a-heldout,40000-40199,hidden,40190,29,18,plain,known,,7,11,114.319,67.019,0,0
a-heldout,40000-40199,hidden,40191,3,0,decoy,cascade,contradict,6,3,48.955,36.084,0,0
a-heldout,40000-40199,hidden,40191,10,1,plain,known,,2,9,172.804,109.186,0,0
a-heldout,40000-40199,hidden,40191,11,4,plain,known,,6,7,115.307,82.243,0,0
a-heldout,40000-40199,hidden,40191,16,2,hard,compound,mimic,5,14,244.801,212.972,1,0
a-heldout,40000-40199,hidden,40191,24,10,plain,known,,2,14,264.846,211.627,0,0
a-heldout,40000-40199,hidden,40192,10,0,plain,known,,3,10,112.248,64.745,0,0
a-heldout,40000-40199,hidden,40192,11,5,plain,known,,8,6,98.498,69.555,0,0
a-heldout,40000-40199,hidden,40192,12,2,plain,known,,7,10,115.603,63.160,0,0
a-heldout,40000-40199,hidden,40192,21,3,plain,known,,10,18,301.720,256.477,1,0
a-heldout,40000-40199,hidden,40192,23,12,plain,known,,7,11,198.292,148.452,0,0
a-heldout,40000-40199,hidden,40192,24,14,plain,known,,6,10,187.086,162.167,0,0
a-heldout,40000-40199,hidden,40192,25,8,plain,known,,11,17,263.032,209.562,1,0
a-heldout,40000-40199,hidden,40192,28,5,plain,known,,8,23,341.104,312.160,1,0
a-heldout,40000-40199,hidden,40192,30,13,plain,known,,2,17,276.942,221.479,0,0
a-heldout,40000-40199,hidden,40192,31,9,hard,split_brain,contradict,9,22,423.698,343.619,0,0
a-heldout,40000-40199,hidden,40192,32,0,plain,known,,3,32,524.120,476.617,0,1
a-heldout,40000-40199,hidden,40193,7,2,plain,known,,4,5,196.451,126.175,0,0
a-heldout,40000-40199,hidden,40193,9,3,plain,known,,7,6,176.175,114.195,0,0
a-heldout,40000-40199,hidden,40193,17,1,plain,known,,1,16,420.060,353.457,0,0
a-heldout,40000-40199,hidden,40194,4,1,decoy,slow_leak,,3,3,42.725,28.511,0,0
a-heldout,40000-40199,hidden,40194,8,3,plain,known,,6,5,72.382,27.296,0,0
a-heldout,40000-40199,hidden,40194,12,7,plain,known,,8,5,98.480,62.139,0,0
a-heldout,40000-40199,hidden,40194,21,16,plain,known,,5,5,108.327,51.622,0,0
a-heldout,40000-40199,hidden,40195,9,1,plain,known,,1,8,92.429,27.951,0,0
a-heldout,40000-40199,hidden,40195,13,0,plain,known,,6,13,197.594,140.790,0,0
a-heldout,40000-40199,hidden,40195,14,5,plain,known,,7,9,178.215,135.310,1,0
a-heldout,40000-40199,hidden,40195,23,4,plain,known,,5,19,403.640,372.847,0,0
a-heldout,40000-40199,hidden,40195,27,22,plain,known,,7,5,79.919,39.302,0,0
a-heldout,40000-40199,hidden,40196,9,3,plain,known,,0,6,107.091,43.449,0,0
a-heldout,40000-40199,hidden,40196,12,4,plain,known,,3,8,137.008,94.251,0,0
a-heldout,40000-40199,hidden,40196,17,0,plain,known,,4,17,302.307,258.290,1,0
a-heldout,40000-40199,hidden,40196,20,11,plain,known,,10,9,172.658,108.564,0,0
a-heldout,40000-40199,hidden,40196,23,16,plain,known,,0,7,108.239,43.672,0,0
a-heldout,40000-40199,hidden,40196,25,10,hard,split_brain,mimic,4,15,307.204,231.409,0,0
a-heldout,40000-40199,hidden,40197,6,0,plain,known,,4,6,88.730,29.971,0,0
a-heldout,40000-40199,hidden,40197,8,4,plain,known,,9,4,67.628,28.716,0,0
a-heldout,40000-40199,hidden,40197,10,2,plain,known,,5,8,115.437,79.313,0,0
a-heldout,40000-40199,hidden,40197,14,5,plain,known,,11,9,133.616,66.382,0,0
a-heldout,40000-40199,hidden,40197,22,18,plain,known,,5,4,110.362,38.564,0,0
a-heldout,40000-40199,hidden,40197,23,11,plain,known,,7,12,304.663,273.836,1,1
a-heldout,40000-40199,hidden,40197,25,20,plain,known,,10,5,109.382,57.481,0,0
a-heldout,40000-40199,hidden,40198,10,3,decoy,compound,contradict,11,7,96.233,78.817,0,0
a-heldout,40000-40199,hidden,40198,18,1,plain,known,,4,17,243.487,201.215,0,0
a-heldout,40000-40199,hidden,40198,21,4,plain,known,,0,17,320.845,258.325,0,0
a-heldout,40000-40199,hidden,40198,22,16,plain,known,,1,6,124.294,63.250,0,0
a-heldout,40000-40199,hidden,40198,23,1,plain,known,,4,22,410.034,367.763,0,0
a-heldout,40000-40199,hidden,40198,25,19,plain,known,,5,6,105.012,46.254,0,0
a-heldout,40000-40199,hidden,40198,31,17,hard,split_brain,mimic,3,14,245.667,194.403,0,0
a-heldout,40000-40199,hidden,40199,13,3,plain,known,,7,10,237.954,190.869,0,0
a-heldout,40000-40199,hidden,40199,15,3,plain,known,,7,12,330.684,283.599,0,0
b,50000-50099,hidden,50000,5,1,plain,known,,2,4,102.499,56.011,0,0
b,50000-50099,hidden,50000,7,1,plain,known,,2,6,171.481,124.993,0,0
b,50000-50099,hidden,50000,10,3,hard,cascade,contradict,7,7,202.780,122.274,0,0
b,50000-50099,hidden,50000,11,7,plain,known,,2,4,105.459,57.763,0,1
b,50000-50099,hidden,50000,12,6,plain,known,,0,6,140.556,81.496,0,0
b,50000-50099,hidden,50000,15,4,plain,known,,8,11,267.377,196.735,0,0
b,50000-50099,hidden,50000,16,14,decoy,split_brain,mimic,4,2,66.524,42.564,0,0
b,50000-50099,hidden,50000,17,1,plain,known,,2,16,408.261,361.772,0,1
b,50000-50099,hidden,50000,18,3,hard,cascade,contradict,7,15,339.038,258.532,0,0
b,50000-50099,hidden,50000,20,13,plain,known,,9,7,106.180,45.215,0,0
b,50000-50099,hidden,50000,21,14,decoy,split_brain,mimic,4,7,128.570,104.610,0,0
b,50000-50099,hidden,50001,4,0,plain,known,,4,4,103.200,44.294,0,0
b,50000-50099,hidden,50001,5,1,hard,slow_leak,,3,4,110.396,37.236,0,0
b,50000-50099,hidden,50001,6,2,plain,known,,6,4,108.554,40.072,0,0
b,50000-50099,hidden,50001,7,3,plain,known,,7,4,115.133,48.747,0,0
b,50000-50099,hidden,50001,10,4,plain,known,,4,6,129.488,88.878,0,0
b,50000-50099,hidden,50001,11,3,plain,known,,7,8,202.069,135.684,0,0
b,50000-50099,hidden,50001,16,5,hard,slow_leak,,3,11,254.241,154.156,0,0
b,50000-50099,hidden,50001,18,9,plain,known,,0,9,228.380,161.835,0,0
b,50000-50099,hidden,50001,19,14,plain,known,,2,5,185.068,125.778,0,0
b,50000-50099,hidden,50001,22,8,plain,known,,9,14,352.239,296.439,0,0
b,50000-50099,hidden,50002,3,1,plain,known,,0,2,69.669,32.018,0,0
b,50000-50099,hidden,50002,4,2,decoy,cascade,mimic,5,2,68.017,46.579,0,0
b,50000-50099,hidden,50002,7,4,decoy,cascade,mimic,5,3,46.242,27.106,0,0
b,50000-50099,hidden,50002,8,1,plain,known,,0,7,129.944,92.292,0,0
b,50000-50099,hidden,50002,10,3,plain,known,,0,7,135.141,99.193,0,0
b,50000-50099,hidden,50002,12,10,plain,known,,0,2,47.934,26.156,0,0
b,50000-50099,hidden,50002,14,6,plain,known,,4,8,158.764,108.197,0,0
b,50000-50099,hidden,50002,17,4,decoy,cascade,mimic,5,13,307.942,288.806,0,0
b,50000-50099,hidden,50002,18,3,plain,known,,0,15,329.975,294.027,0,0
b,50000-50099,hidden,50002,22,14,plain,known,,4,8,168.763,96.914,0,0
b,50000-50099,hidden,50002,23,4,decoy,cascade,mimic,5,19,380.924,361.788,0,0
b,50000-50099,hidden,50003,2,0,decoy,slow_leak,,7,2,61.767,43.440,0,0
b,50000-50099,hidden,50003,3,1,plain,known,,4,2,83.650,42.087,0,0
b,50000-50099,hidden,50003,7,0,decoy,slow_leak,,7,7,167.507,149.180,0,0
b,50000-50099,hidden,50003,9,4,plain,known,,9,5,98.275,39.654,0,0
b,50000-50099,hidden,50003,10,3,plain,known,,4,7,177.240,110.333,0,0
b,50000-50099,hidden,50003,11,6,plain,known,,3,5,147.447,96.437,0,1
b,50000-50099,hidden,50003,12,5,plain,known,,2,7,158.573,133.288,0,0
b,50000-50099,hidden,50003,14,9,plain,known,,9,5,172.969,128.114,0,0
b,50000-50099,hidden,50003,15,6,plain,known,,3,9,251.169,200.159,0,1
b,50000-50099,hidden,50003,16,13,plain,known,,8,3,76.506,41.701,0,0
b,50000-50099,hidden,50003,18,2,decoy,slow_leak,,7,16,417.040,396.481,0,0
b,50000-50099,hidden,50004,7,4,plain,known,,6,3,120.714,78.030,0,0
b,50000-50099,hidden,50004,8,0,hard,cascade,contradict,2,8,216.799,140.158,1,0
b,50000-50099,hidden,50004,9,5,plain,known,,1,4,117.199,62.880,1,0
b,50000-50099,hidden,50004,11,4,plain,known,,6,7,214.411,171.727,0,1
b,50000-50099,hidden,50004,14,8,hard,cascade,contradict,2,6,143.316,70.387,0,0
b,50000-50099,hidden,50004,15,2,plain,known,,0,13,320.287,263.656,0,0
b,50000-50099,hidden,50004,16,11,plain,known,,6,5,119.394,67.770,0,0
b,50000-50099,hidden,50004,21,9,plain,known,,1,12,253.488,188.453,0,0
b,50000-50099,hidden,50004,22,0,hard,cascade,contradict,2,22,495.108,418.467,1,0
b,50000-50099,hidden,50005,4,1,decoy,cascade,contradict,6,3,41.885,31.300,0,0
b,50000-50099,hidden,50005,5,0,plain,known,,4,5,87.788,24.073,0,0
b,50000-50099,hidden,50005,8,2,plain,known,,2,6,88.574,47.704,0,0
b,50000-50099,hidden,50005,9,3,plain,known,,7,6,88.520,40.963,0,0
b,50000-50099,hidden,50005,14,6,plain,known,,0,8,118.327,61.003,0,0
b,50000-50099,hidden,50005,15,9,plain,known,,7,6,73.497,25.486,0,0
b,50000-50099,hidden,50005,16,0,plain,known,,4,16,288.609,224.894,0,0
b,50000-50099,hidden,50005,18,13,plain,known,,8,5,125.347,53.859,0,0
b,50000-50099,hidden,50005,22,2,plain,known,,2,20,359.195,318.326,0,1
b,50000-50099,hidden,50005,23,12,plain,known,,1,11,241.289,183.773,0,1
b,50000-50099,hidden,50005,24,14,plain,known,,0,10,190.528,144.420,0,0
b,50000-50099,hidden,50005,25,13,plain,known,,8,12,232.413,160.925,0,0
b,50000-50099,hidden,50005,30,21,plain,known,,3,9,93.381,27.234,0,0
b,50000-50099,hidden,50005,31,24,plain,known,,0,7,95.897,29.207,0,0
b,50000-50099,hidden,50005,33,22,plain,known,,2,11,114.350,58.881,0,0
b,50000-50099,hidden,50006,6,2,plain,known,,4,4,73.205,29.607,0,0
b,50000-50099,hidden,50006,7,1,plain,known,,3,6,92.901,55.507,0,0
b,50000-50099,hidden,50006,8,4,decoy,split_brain,contradict,7,4,67.325,54.506,0,0
b,50000-50099,hidden,50006,9,0,hard,split_brain,contradict,6,9,114.610,47.660,0,0
b,50000-50099,hidden,50006,10,5,plain,known,,2,5,70.421,24.024,0,0
b,50000-50099,hidden,50006,11,4,decoy,split_brain,contradict,7,7,115.590,102.771,0,0
b,50000-50099,hidden,50006,12,3,plain,known,,0,9,130.183,84.865,0,0
b,50000-50099,hidden,50006,13,2,plain,known,,4,11,182.632,139.034,0,0
b,50000-50099,hidden,50006,14,5,plain,known,,2,9,157.361,110.964,0,0
b,50000-50099,hidden,50006,15,9,hard,split_brain,contradict,6,6,97.063,26.587,0,0
b,50000-50099,hidden,50006,17,3,plain,known,,0,14,229.771,184.452,0,0
b,50000-50099,hidden,50006,18,7,plain,known,,3,11,180.857,135.307,0,0
b,50000-50099,hidden,50006,19,8,decoy,split_brain,contradict,7,11,213.280,195.439,0,0
b,50000-50099,hidden,50006,21,18,plain,known,,3,3,71.700,28.543,0,1
b,50000-50099,hidden,50006,22,16,plain,known,,1,6,124.270,93.368,0,0
b,50000-50099,hidden,50006,23,15,hard,split_brain,contradict,6,8,184.968,108.255,0,0
b,50000-50099,hidden,50006,24,22,plain,known,,1,2,55.836,29.114,0,0
b,50000-50099,hidden,50006,25,13,plain,known,,4,12,219.968,152.038,0,0
b,50000-50099,hidden,50007,9,3,hard,compound,contradict,2,6,120.292,69.855,1,0
b,50000-50099,hidden,50007,10,2,plain,known,,6,8,178.118,126.185,0,0
b,50000-50099,hidden,50007,12,6,plain,known,,4,6,158.218,125.339,1,0
b,50000-50099,hidden,50007,13,5,decoy,compound,contradict,5,8,179.052,164.159,0,0
b,50000-50099,hidden,50007,14,1,plain,known,,3,13,260.021,194.834,1,0
b,50000-50099,hidden,50007,15,4,plain,known,,7,11,257.445,213.017,0,0
b,50000-50099,hidden,50007,16,2,plain,known,,6,14,324.479,272.547,0,0
b,50000-50099,hidden,50007,17,5,decoy,compound,contradict,5,12,286.348,271.455,0,1
b,50000-50099,hidden,50007,19,6,plain,known,,4,13,298.511,265.632,1,0
b,50000-50099,hidden,50007,20,14,plain,known,,3,6,129.696,65.113,0,0
b,50000-50099,hidden,50007,22,6,plain,known,,4,16,370.291,337.413,1,0
b,50000-50099,hidden,50007,23,15,plain,known,,7,8,129.769,80.990,0,0
b,50000-50099,hidden,50008,3,0,plain,known,,2,3,91.002,27.531,0,0
b,50000-50099,hidden,50008,5,3,plain,known,,2,2,81.313,38.339,0,0
b,50000-50099,hidden,50008,6,1,hard,split_brain,contradict,0,5,191.016,115.305,0,0
b,50000-50099,hidden,50008,7,2,plain,known,,7,5,153.124,93.650,0,0
b,50000-50099,hidden,50008,8,3,plain,known,,2,5,170.414,127.439,0,0
b,50000-50099,hidden,50008,12,6,hard,split_brain,contradict,0,6,96.405,27.269,0,0
b,50000-50099,hidden,50008,13,2,plain,known,,7,11,237.138,177.663,0,0
b,50000-50099,hidden,50008,22,2,plain,known,,7,20,333.385,273.911,0,0
b,50000-50099,hidden,50008,27,8,plain,known,,2,19,221.724,171.825,0,0
b,50000-50099,hidden,50008,28,7,plain,known,,7,21,267.666,223.515,0,0
b,50000-50099,hidden,50008,29,9,plain,known,,5,20,219.357,192.372,0,0
b,50000-50099,hidden,50008,31,12,hard,split_brain,contradict,0,19,244.261,162.575,0,0
b,50000-50099,hidden,50008,32,4,plain,known,,9,28,367.987,324.633,0,0
b,50000-50099,hidden,50009,4,0,plain,known,,4,4,136.983,82.923,0,0
b,50000-50099,hidden,50009,5,2,plain,known,,7,3,123.100,60.146,0,0
b,50000-50099,hidden,50009,9,3,plain,known,,0,6,136.555,67.283,0,0
b,50000-50099,hidden,50009,12,2,plain,known,,7,10,243.068,180.115,0,0
b,50000-50099,hidden,50009,15,0,plain,known,,4,15,309.462,255.402,0,0
b,50000-50099,hidden,50009,16,11,decoy,compound,contradict,3,5,55.618,36.570,0,0
b,50000-50099,hidden,50009,17,7,plain,known,,9,10,174.072,122.569,0,0
b,50000-50099,hidden,50009,19,8,plain,known,,8,11,187.793,145.327,0,0
b,50000-50099,hidden,50009,20,6,plain,known,,3,14,207.266,159.200,0,0
b,50000-50099,hidden,50009,21,0,plain,known,,4,21,387.992,333.933,0,0
b,50000-50099,hidden,50009,22,5,plain,known,,7,17,238.732,170.815,0,0
b,50000-50099,hidden,50009,25,10,plain,known,,5,15,227.682,178.203,0,1
b,50000-50099,hidden,50010,5,2,decoy,cascade,contradict,6,3,140.049,117.823,0,0
b,50000-50099,hidden,50010,6,3,plain,known,,10,3,165.213,128.205,1,0
b,50000-50099,hidden,50010,7,4,hard,cascade,contradict,5,3,153.868,62.241,0,0
b,50000-50099,hidden,50010,8,1,plain,known,,4,7,296.689,235.144,1,0
b,50000-50099,hidden,50010,9,0,plain,known,,9,9,339.774,299.498,0,0
b,50000-50099,hidden,50010,10,2,decoy,cascade,contradict,6,8,299.277,277.051,0,0
b,50000-50099,hidden,50010,11,3,plain,known,,10,8,316.832,279.823,1,0
b,50000-50099,hidden,50010,15,0,plain,known,,9,15,420.549,380.273,0,0
b,50000-50099,hidden,50010,16,8,plain,known,,4,8,99.523,29.611,0,0
b,50000-50099,hidden,50010,18,12,plain,known,,1,6,105.806,69.480,0,0
b,50000-50099,hidden,50010,20,15,plain,known,,9,5,74.740,27.777,0,0
b,50000-50099,hidden,50010,22,6,plain,known,,10,16,279.292,243.358,0,0
b,50000-50099,hidden,50011,5,4,decoy,slow_leak,,4,1,66.879,56.450,0,0
b,50000-50099,hidden,50011,6,3,hard,slow_leak,,9,3,72.045,39.796,0,0
b,50000-50099,hidden,50011,7,1,plain,known,,1,6,112.828,55.672,0,0
b,50000-50099,hidden,50011,8,2,plain,known,,6,6,130.171,72.509,0,0
b,50000-50099,hidden,50011,9,6,hard,slow_leak,,9,3,91.888,55.900,0,0
b,50000-50099,hidden,50011,10,0,hard,split_brain,mimic,7,10,253.102,207.539,0,0
b,50000-50099,hidden,50011,11,4,decoy,slow_leak,,4,7,217.468,207.039,0,0
b,50000-50099,hidden,50011,13,9,hard,slow_leak,,9,4,74.452,43.489,0,0
b,50000-50099,hidden,50011,15,8,plain,known,,6,7,166.888,123.635,0,0
b,50000-50099,hidden,50011,17,5,decoy,slow_leak,,4,12,255.581,232.146,0,0
b,50000-50099,hidden,50011,19,1,plain,known,,1,18,361.793,304.637,0,0
b,50000-50099,hidden,50011,20,16,plain,known,,7,4,72.901,37.282,0,0
b,50000-50099,hidden,50011,23,15,plain,known,,6,8,103.896,48.692,0,0
b,50000-50099,hidden,50012,3,0,plain,known,,6,3,84.307,42.910,0,0
b,50000-50099,hidden,50012,8,1,plain,known,,1,7,94.585,37.214,0,0
b,50000-50099,hidden,50012,10,0,plain,known,,6,10,163.646,122.248,0,0
b,50000-50099,hidden,50012,13,2,plain,known,,2,11,211.898,162.098,0,0
b,50000-50099,hidden,50012,14,10,plain,known,,6,4,95.482,48.221,0,0
b,50000-50099,hidden,50012,16,6,plain,known,,0,10,200.760,159.350,0,0
b,50000-50099,hidden,50012,20,3,plain,known,,6,17,262.360,215.479,0,0
b,50000-50099,hidden,50012,21,6,plain,known,,0,15,264.707,223.297,0,0
b,50000-50099,hidden,50012,22,7,plain,known,,3,15,259.535,190.453,0,0
b,50000-50099,hidden,50012,24,18,hard,slow_leak,,5,6,78.313,26.612,0,0
b,50000-50099,hidden,50012,27,23,plain,known,,2,4,107.682,50.389,0,0
b,50000-50099,hidden,50012,28,10,plain,known,,6,18,344.931,297.670,0,0
b,50000-50099,hidden,50012,29,7,plain,known,,3,22,420.271,351.189,0,0
b,50000-50099,hidden,50013,5,2,plain,known,,8,3,101.235,49.405,0,0
b,50000-50099,hidden,50013,9,0,plain,known,,4,9,188.752,122.848,0,0
b,50000-50099,hidden,50013,10,4,plain,known,,0,6,118.464,85.241,0,0
b,50000-50099,hidden,50013,12,2,plain,known,,8,10,233.554,181.723,1,0
b,50000-50099,hidden,50013,13,8,plain,known,,2,5,111.777,52.440,0,0
b,50000-50099,hidden,50013,14,3,plain,known,,10,11,224.511,202.007,0,0
b,50000-50099,hidden,50013,15,3,plain,known,,10,12,321.158,298.654,0,0
b,50000-50099,hidden,50013,17,2,plain,known,,8,15,369.047,317.216,1,0
b,50000-50099,hidden,50013,18,7,hard,slow_leak,,7,11,281.337,238.411,0,0
b,50000-50099,hidden,50013,19,8,plain,known,,2,11,282.218,222.882,0,1
b,50000-50099,hidden,50013,20,4,plain,known,,0,16,361.446,328.223,0,0
b,50000-50099,hidden,50013,21,16,plain,known,,5,5,94.459,35.732,0,0
b,50000-50099,hidden,50013,23,18,hard,slow_leak,,7,5,62.108,33.124,0,0
b,50000-50099,hidden,50013,24,6,plain,known,,9,18,351.231,299.945,0,0
b,50000-50099,hidden,50013,26,9,plain,known,,4,17,313.920,269.033,0,0
b,50000-50099,hidden,50013,27,3,plain,known,,10,24,465.934,443.430,0,0
b,50000-50099,hidden,50013,28,4,plain,known,,0,24,443.005,409.781,0,0
b,50000-50099,hidden,50014,3,2,decoy,split_brain,contradict,8,1,56.628,45.336,0,0
b,50000-50099,hidden,50014,5,3,decoy,split_brain,contradict,8,2,59.482,40.477,0,0
b,50000-50099,hidden,50014,7,0,hard,cascade,contradict,2,7,168.856,67.421,0,0
b,50000-50099,hidden,50014,8,4,plain,known,,7,4,75.599,30.888,1,0
b,50000-50099,hidden,50014,16,11,plain,known,,6,5,89.170,39.118,0,0
b,50000-50099,hidden,50014,18,13,plain,known,,3,5,99.790,33.941,0,1
b,50000-50099,hidden,50014,19,1,plain,known,,6,18,405.007,343.590,0,0
b,50000-50099,hidden,50014,21,8,plain,known,,7,13,285.788,228.339,0,0
b,50000-50099,hidden,50014,22,14,decoy,slow_leak,,5,8,228.213,214.640,0,0
b,50000-50099,hidden,50014,23,13,plain,known,,3,10,245.276,179.426,0,1
b,50000-50099,hidden,50014,24,11,plain,known,,6,13,295.379,245.326,0,0
b,50000-50099,hidden,50014,25,9,plain,known,,1,16,337.171,278.118,0,0
b,50000-50099,hidden,50014,26,20,plain,known,,8,6,88.838,27.378,0,0
b,50000-50099,hidden,50015,8,0,plain,known,,10,8,79.264,30.067,0,0
b,50000-50099,hidden,50015,11,3,plain,known,,1,8,105.560,41.050,0,0
b,50000-50099,hidden,50015,13,7,plain,known,,5,6,127.831,72.888,0,0
b,50000-50099,hidden,50015,15,8,plain,known,,10,7,155.756,115.445,1,0
b,50000-50099,hidden,50015,16,3,plain,known,,1,13,243.333,178.823,0,0
b,50000-50099,hidden,50015,17,6,plain,known,,7,11,215.318,148.559,0,0
b,50000-50099,hidden,50015,20,3,plain,known,,1,17,393.134,328.623,0,0
b,50000-50099,hidden,50015,22,13,plain,known,,5,9,255.204,192.989,0,1
b,50000-50099,hidden,50015,23,1,plain,known,,6,22,461.117,400.049,0,1
b,50000-50099,hidden,50016,5,0,plain,known,,5,5,80.350,27.616,0,0
b,50000-50099,hidden,50016,7,1,plain,known,,7,6,79.775,30.539,0,0
b,50000-50099,hidden,50016,8,2,plain,known,,9,6,98.651,26.781,0,0
b,50000-50099,hidden,50016,14,6,plain,known,,6,8,178.814,133.408,0,0
b,50000-50099,hidden,50016,15,1,plain,known,,7,14,242.102,192.866,0,1
b,50000-50099,hidden,50016,18,4,plain,known,,1,14,255.813,207.510,1,0
b,50000-50099,hidden,50016,19,8,plain,known,,9,11,185.481,140.552,0,0
b,50000-50099,hidden,50016,20,15,plain,known,,7,5,92.921,35.161,0,0
b,50000-50099,hidden,50016,21,6,plain,known,,6,15,277.275,231.868,0,0
b,50000-50099,hidden,50016,22,18,plain,known,,1,4,91.974,31.051,0,0
b,50000-50099,hidden,50016,24,9,plain,known,,8,15,276.369,223.310,0,0
b,50000-50099,hidden,50016,28,16,plain,known,,3,12,181.522,132.000,0,0
b,50000-50099,hidden,50016,32,22,plain,known,,1,10,92.436,26.404,0,0
b,50000-50099,hidden,50016,33,8,plain,known,,9,25,367.623,322.694,0,0
b,50000-50099,hidden,50017,3,0,plain,known,,1,3,72.530,46.964,0,0
b,50000-50099,hidden,50017,4,1,hard,split_brain,contradict,3,3,89.079,50.269,0,0
b,50000-50099,hidden,50017,8,2,hard,compound,mimic,4,6,123.385,32.481,0,0
b,50000-50099,hidden,50017,10,1,hard,split_brain,contradict,3,9,169.751,130.940,0,0
b,50000-50099,hidden,50017,12,6,hard,split_brain,contradict,8,6,103.996,27.895,0,0
b,50000-50099,hidden,50017,13,0,plain,known,,1,13,207.683,182.117,0,0
b,50000-50099,hidden,50017,15,4,hard,split_brain,contradict,3,11,144.927,102.242,0,0
b,50000-50099,hidden,50017,18,11,plain,known,,2,7,149.751,114.334,0,1
b,50000-50099,hidden,50017,25,18,plain,known,,2,7,104.328,70.958,0,0
b,50000-50099,hidden,50017,26,22,decoy,cascade,contradict,5,4,63.382,40.861,0,0
b,50000-50099,hidden,50017,27,17,hard,slow_leak,,3,10,164.985,84.438,0,0
b,50000-50099,hidden,50017,28,0,plain,known,,1,28,459.860,434.294,0,1
b,50000-50099,hidden,50017,29,12,hard,split_brain,contradict,8,17,259.963,171.386,0,0
b,50000-50099,hidden,50017,30,19,plain,known,,7,11,126.616,74.087,0,0
b,50000-50099,hidden,50018,7,1,hard,cascade,mimic,8,6,68.953,25.925,0,0
b,50000-50099,hidden,50018,9,3,plain,known,,7,6,77.525,30.573,0,0
b,50000-50099,hidden,50018,10,7,hard,cascade,mimic,8,3,61.713,23.440,0,0
b,50000-50099,hidden,50018,11,5,plain,known,,5,6,93.096,46.151,0,0
b,50000-50099,hidden,50018,12,2,plain,known,,3,10,150.220,92.280,0,0
b,50000-50099,hidden,50018,13,8,plain,known,,6,5,86.034,29.298,0,0
b,50000-50099,hidden,50018,15,6,plain,known,,2,9,120.712,59.415,0,0
b,50000-50099,hidden,50018,16,9,plain,known,,7,7,98.109,27.604,0,0
b,50000-50099,hidden,50018,17,4,plain,known,,1,13,174.125,116.006,0,0
b,50000-50099,hidden,50018,18,11,plain,known,,5,7,70.255,24.152,0,0
b,50000-50099,hidden,50018,21,3,plain,known,,7,18,292.801,245.849,0,0
b,50000-50099,hidden,50018,24,5,plain,known,,5,19,340.692,293.746,0,0
b,50000-50099,hidden,50018,25,20,plain,known,,2,5,83.524,43.469,0,0
b,50000-50099,hidden,50018,26,8,plain,known,,6,18,318.363,261.626,0,0
b,50000-50099,hidden,50019,8,4,plain,known,,5,4,124.792,58.660,0,0
b,50000-50099,hidden,50019,9,1,plain,known,,10,8,179.412,120.968,0,0
b,50000-50099,hidden,50019,11,0,plain,known,,1,11,246.145,195.313,0,0
b,50000-50099,hidden,50019,12,4,plain,known,,5,8,217.676,151.544,0,0
b,50000-50099,hidden,50019,13,6,plain,known,,4,7,169.428,122.090,0,0
b,50000-50099,hidden,50019,14,7,plain,known,,8,7,151.270,92.267,0,0
b,50000-50099,hidden,50019,15,9,plain,known,,10,6,111.483,59.131,0,0
b,50000-50099,hidden,50019,16,4,plain,known,,5,12,279.720,213.588,0,1
b,50000-50099,hidden,50019,17,3,plain,known,,3,14,319.186,253.248,1,0
b,50000-50099,hidden,50019,18,5,plain,known,,7,13,319.058,264.994,0,0
b,50000-50099,hidden,50019,20,12,plain,known,,5,8,131.792,95.105,0,1
b,50000-50099,hidden,50019,23,13,plain,known,,4,10,156.081,96.744,0,0
b,50000-50099,hidden,50019,24,17,plain,known,,3,7,104.277,39.895,0,0
b,50000-50099,hidden,50020,7,0,plain,known,,6,7,75.498,32.535,0,0
b,50000-50099,hidden,50020,8,1,plain,known,,0,7,97.631,42.134,0,0
b,50000-50099,hidden,50020,9,5,hard,split_brain,contradict,4,4,79.934,26.867,0,0
b,50000-50099,hidden,50020,11,4,plain,known,,1,7,112.994,62.532,0,0
b,50000-50099,hidden,50020,12,2,plain,known,,8,10,187.767,132.683,0,0
b,50000-50099,hidden,50020,13,7,plain,known,,6,6,132.142,77.018,1,0
b,50000-50099,hidden,50020,14,10,plain,known,,3,4,114.158,45.576,0,0
b,50000-50099,hidden,50020,15,4,plain,known,,1,11,217.936,167.474,0,0
b,50000-50099,hidden,50020,16,5,hard,split_brain,contradict,4,11,237.176,184.109,0,0
b,50000-50099,hidden,50020,17,10,plain,known,,3,7,208.135,139.553,0,1
b,50000-50099,hidden,50020,18,0,plain,known,,6,18,354.074,311.111,1,0
b,50000-50099,hidden,50020,19,4,plain,known,,1,15,318.027,267.566,0,0
b,50000-50099,hidden,50020,20,5,hard,split_brain,contradict,4,15,354.403,301.336,0,0
b,50000-50099,hidden,50020,21,1,plain,known,,0,20,398.783,343.287,0,0
b,50000-50099,hidden,50020,22,5,hard,split_brain,contradict,4,17,433.697,380.630,0,0
b,50000-50099,hidden,50020,23,6,plain,known,,5,17,420.611,358.039,0,1
b,50000-50099,hidden,50020,25,7,plain,known,,6,18,439.205,384.082,1,0
b,50000-50099,hidden,50021,9,0,plain,known,,8,9,137.650,66.560,0,0
b,50000-50099,hidden,50021,10,3,plain,known,,2,7,92.774,65.643,0,0
b,50000-50099,hidden,50021,11,1,hard,split_brain,mimic,3,10,124.382,72.508,0,0
b,50000-50099,hidden,50021,12,4,plain,known,,5,8,88.492,40.620,0,0
b,50000-50099,hidden,50021,13,6,plain,known,,6,7,121.646,61.418,0,0
b,50000-50099,hidden,50021,16,2,plain,known,,1,14,189.123,137.085,0,0
b,50000-50099,hidden,50021,17,4,plain,known,,5,13,267.578,219.706,0,0
b,50000-50099,hidden,50021,21,14,decoy,split_brain,mimic,2,7,239.954,222.070,0,0
b,50000-50099,hidden,50022,7,0,plain,known,,7,7,110.290,43.956,0,0
b,50000-50099,hidden,50022,11,4,plain,known,,2,7,137.139,77.849,0,0
b,50000-50099,hidden,50022,13,2,hard,slow_leak,,3,11,217.520,130.426,0,0
b,50000-50099,hidden,50022,16,1,hard,compound,mimic,0,15,292.250,212.627,0,0
b,50000-50099,hidden,50022,17,8,plain,known,,4,9,190.668,141.318,0,0
b,50000-50099,hidden,50022,19,4,plain,known,,2,15,273.393,214.103,0,1
b,50000-50099,hidden,50022,20,2,hard,slow_leak,,3,18,324.375,237.282,0,0
b,50000-50099,hidden,50022,21,14,hard,compound,contradict,5,7,106.683,49.976,0,0
b,50000-50099,hidden,50022,23,3,plain,known,,4,20,364.493,315.470,0,0
b,50000-50099,hidden,50022,24,10,plain,known,,3,14,274.256,234.003,0,0
b,50000-50099,hidden,50022,25,12,plain,known,,7,13,230.411,195.084,0,0
b,50000-50099,hidden,50022,27,9,plain,known,,0,18,365.015,301.872,0,0
b,50000-50099,hidden,50023,4,1,decoy,split_brain,mimic,2,3,74.424,56.478,0,0
b,50000-50099,hidden,50023,7,2,plain,known,,0,5,149.308,104.025,0,0
b,50000-50099,hidden,50023,9,0,plain,known,,6,9,213.820,175.085,0,0
b,50000-50099,hidden,50023,11,5,plain,known,,1,6,91.077,27.608,0,0
b,50000-50099,hidden,50023,12,2,plain,known,,0,10,226.079,180.796,0,0
b,50000-50099,hidden,50023,14,11,plain,known,,1,3,87.045,38.101,0,0
b,50000-50099,hidden,50023,15,10,plain,known,,2,5,99.663,34.252,0,0
b,50000-50099,hidden,50023,16,11,plain,known,,1,5,179.002,130.057,0,0
b,50000-50099,hidden,50023,18,7,plain,known,,0,11,338.430,288.445,0,0
b,50000-50099,hidden,50023,19,11,plain,known,,1,8,291.032,242.087,0,0
b,50000-50099,hidden,50024,4,3,plain,known,,7,1,91.606,44.884,1,0
b,50000-50099,hidden,50024,5,1,decoy,compound,contradict,4,4,134.439,122.023,0,0
b,50000-50099,hidden,50024,8,0,plain,known,,5,8,187.840,156.001,0,0
b,50000-50099,hidden,50024,9,2,plain,known,,0,7,160.462,103.648,0,0
b,50000-50099,hidden,50024,13,0,plain,known,,5,13,288.124,256.285,0,0
b,50000-50099,hidden,50024,14,1,decoy,compound,contradict,4,13,292.029,279.613,0,0
b,50000-50099,hidden,50024,16,6,plain,known,,1,10,237.831,199.726,0,0
b,50000-50099,hidden,50024,17,1,decoy,compound,contradict,4,16,443.805,431.389,0,0
b,50000-50099,hidden,50024,18,8,plain,known,,5,10,292.645,267.670,0,0
b,50000-50099,hidden,50025,6,0,plain,known,,0,6,96.017,47.782,0,0
b,50000-50099,hidden,50025,9,7,plain,known,,3,2,106.253,46.400,0,0
b,50000-50099,hidden,50025,11,3,plain,known,,6,8,178.030,112.690,0,0
b,50000-50099,hidden,50025,12,6,plain,known,,0,6,140.200,85.819,0,0
b,50000-50099,hidden,50025,13,1,plain,known,,5,12,227.462,204.093,0,0
b,50000-50099,hidden,50025,14,4,plain,known,,4,10,214.778,166.111,0,0
b,50000-50099,hidden,50025,15,8,plain,known,,1,7,102.704,50.064,0,0
b,50000-50099,hidden,50025,18,17,plain,known,,0,1,82.586,41.186,0,0
b,50000-50099,hidden,50025,19,9,plain,known,,3,10,201.316,143.634,0,1
b,50000-50099,hidden,50025,20,14,plain,known,,4,6,141.873,83.065,0,0
b,50000-50099,hidden,50026,6,1,plain,known,,3,5,92.998,27.968,0,0
b,50000-50099,hidden,50026,9,5,decoy,split_brain,mimic,4,4,41.034,23.882,0,0
b,50000-50099,hidden,50026,11,0,plain,known,,6,11,145.085,81.330,0,0
b,50000-50099,hidden,50026,12,9,decoy,split_brain,mimic,4,3,45.823,25.790,0,0
b,50000-50099,hidden,50026,13,4,hard,split_brain,mimic,1,9,120.346,52.290,0,0
b,50000-50099,hidden,50026,14,3,plain,known,,7,11,132.965,103.178,0,0
b,50000-50099,hidden,50026,16,9,decoy,split_brain,mimic,4,7,84.261,64.228,0,0
b,50000-50099,hidden,50026,18,12,decoy,split_brain,mimic,4,6,94.609,86.726,0,0
b,50000-50099,hidden,50026,19,6,plain,known,,3,13,194.530,134.916,0,1
b,50000-50099,hidden,50026,20,12,decoy,split_brain,mimic,4,8,147.115,139.232,0,1
b,50000-50099,hidden,50026,21,5,decoy,split_brain,mimic,4,16,283.025,265.873,0,1
b,50000-50099,hidden,50026,23,13,hard,split_brain,mimic,1,10,193.404,114.237,0,1
b,50000-50099,hidden,50026,24,11,plain,known,,6,13,240.638,196.554,0,1
b,50000-50099,hidden,50026,25,18,decoy,split_brain,mimic,4,7,158.263,137.273,0,1
b,50000-50099,hidden,50026,28,12,decoy,split_brain,mimic,4,16,300.055,292.172,0,1
b,50000-50099,hidden,50027,9,4,plain,known,,7,5,96.737,47.771,0,0
b,50000-50099,hidden,50027,13,5,plain,known,,9,8,212.080,168.161,1,0
b,50000-50099,hidden,50027,14,6,plain,known,,4,8,270.173,239.781,0,0
b,50000-50099,hidden,50027,15,2,plain,known,,5,13,334.008,291.441,0,0
b,50000-50099,hidden,50027,16,5,plain,known,,9,11,319.119,275.200,1,0
b,50000-50099,hidden,50027,20,10,plain,known,,6,10,227.946,177.806,0,0
b,50000-50099,hidden,50027,21,9,plain,known,,7,12,389.136,320.791,1,1
b,50000-50099,hidden,50027,22,10,plain,known,,6,12,322.189,272.049,0,0
b,50000-50099,hidden,50028,3,0,decoy,slow_leak,,6,3,45.354,34.686,0,0
b,50000-50099,hidden,50028,6,0,decoy,slow_leak,,6,6,82.735,72.067,0,0
b,50000-50099,hidden,50028,9,3,decoy,slow_leak,,6,6,86.197,73.284,0,0
b,50000-50099,hidden,50028,11,5,plain,known,,0,6,87.866,38.366,0,0
b,50000-50099,hidden,50028,12,7,plain,known,,7,5,79.635,40.629,0,0
b,50000-50099,hidden,50028,14,1,plain,known,,2,13,197.953,151.173,0,0
b,50000-50099,hidden,50028,15,11,plain,known,,0,4,83.349,31.648,0,0
b,50000-50099,hidden,50028,17,0,decoy,slow_leak,,6,17,269.446,258.778,0,0
b,50000-50099,hidden,50028,19,8,plain,known,,8,11,271.965,225.999,0,1
b,50000-50099,hidden,50028,20,13,plain,known,,4,7,180.385,141.747,0,0
b,50000-50099,hidden,50028,22,1,plain,known,,2,21,372.809,326.029,0,0
b,50000-50099,hidden,50028,23,7,plain,known,,7,16,302.690,263.685,0,0
b,50000-50099,hidden,50028,24,5,plain,known,,0,19,321.779,272.280,0,0
b,50000-50099,hidden,50028,25,3,decoy,slow_leak,,6,22,358.497,345.584,0,0
b,50000-50099,hidden,50028,28,2,plain,known,,1,26,408.669,365.479,0,0
b,50000-50099,hidden,50028,29,18,plain,known,,10,11,95.232,27.210,0,0
b,50000-50099,hidden,50028,30,8,plain,known,,8,22,386.165,340.198,0,1
b,50000-50099,hidden,50028,31,0,decoy,slow_leak,,6,31,481.491,470.823,0,0
b,50000-50099,hidden,50029,3,0,plain,known,,11,3,92.848,31.853,0,0
b,50000-50099,hidden,50029,6,3,plain,known,,11,3,101.952,37.882,0,0
b,50000-50099,hidden,50029,7,1,plain,known,,3,6,180.165,113.193,0,0
b,50000-50099,hidden,50029,8,5,plain,known,,0,3,116.385,60.467,1,0
b,50000-50099,hidden,50029,9,4,plain,known,,1,5,146.871,95.068,0,0
b,50000-50099,hidden,50029,10,2,plain,known,,4,8,178.803,129.985,0,0
b,50000-50099,hidden,50029,12,1,plain,known,,3,11,336.337,269.365,0,0
b,50000-50099,hidden,50029,13,5,plain,known,,0,8,305.386,249.468,1,0
b,50000-50099,hidden,50029,14,10,plain,known,,4,4,212.574,155.759,0,0
b,50000-50099,hidden,50029,16,9,plain,known,,1,7,241.088,176.540,0,1
b,50000-50099,hidden,50030,5,0,plain,known,,5,5,82.652,43.232,0,0
b,50000-50099,hidden,50030,9,6,decoy,slow_leak,,3,3,42.711,35.648,0,0
b,50000-50099,hidden,50030,12,0,plain,known,,5,12,177.805,138.385,1,0
b,50000-50099,hidden,50030,14,5,plain,known,,5,9,180.481,124.597,1,0
b,50000-50099,hidden,50030,15,13,plain,known,,6,2,82.907,44.764,0,0
b,50000-50099,hidden,50030,16,9,decoy,slow_leak,,3,7,182.172,164.596,0,0
b,50000-50099,hidden,50030,17,2,plain,known,,2,15,271.689,231.327,0,0
b,50000-50099,hidden,50030,18,7,plain,known,,7,11,300.230,254.597,0,0
b,50000-50099,hidden,50030,19,16,decoy,slow_leak,,3,3,97.730,84.856,0,0
b,50000-50099,hidden,50030,20,10,plain,known,,0,10,280.408,235.606,0,0
b,50000-50099,hidden,50030,21,17,plain,known,,2,4,102.630,66.668,0,0
b,50000-50099,hidden,50030,23,19,decoy,slow_leak,,3,4,71.448,58.707,0,0
b,50000-50099,hidden,50031,8,2,plain,known,,8,6,117.165,50.997,0,0
b,50000-50099,hidden,50031,9,3,decoy,split_brain,mimic,7,6,117.486,95.640,0,0
b,50000-50099,hidden,50031,10,1,plain,known,,11,9,131.744,106.483,0,0
b,50000-50099,hidden,50031,11,4,plain,known,,9,7,118.468,46.080,0,0
b,50000-50099,hidden,50031,12,5,plain,known,,10,7,97.864,46.105,0,0
b,50000-50099,hidden,50031,13,6,plain,known,,5,7,136.233,66.423,0,0
b,50000-50099,hidden,50031,14,8,plain,known,,8,6,91.075,37.649,0,0
b,50000-50099,hidden,50031,16,10,plain,known,,11,6,90.578,57.483,0,0
b,50000-50099,hidden,50031,17,3,decoy,split_brain,mimic,7,14,208.532,186.685,0,0
b,50000-50099,hidden,50031,18,4,plain,known,,9,14,203.480,131.091,0,0
b,50000-50099,hidden,50031,19,5,plain,known,,10,14,198.665,146.906,0,0
b,50000-50099,hidden,50031,24,4,plain,known,,9,20,378.910,306.522,0,0
b,50000-50099,hidden,50032,1,0,decoy,split_brain,mimic,0,1,110.729,101.452,0,0
b,50000-50099,hidden,50032,7,0,decoy,split_brain,mimic,0,7,173.730,164.454,0,0
b,50000-50099,hidden,50032,8,2,plain,known,,9,6,71.744,29.047,0,0
b,50000-50099,hidden,50032,10,7,decoy,split_brain,mimic,0,3,64.431,48.810,0,0
b,50000-50099,hidden,50032,11,3,plain,known,,1,8,125.072,65.882,0,1
b,50000-50099,hidden,50032,12,5,plain,known,,7,7,149.546,94.280,0,0
b,50000-50099,hidden,50032,13,1,decoy,split_brain,mimic,0,12,192.362,173.302,0,0
b,50000-50099,hidden,50032,14,9,decoy,slow_leak,,8,5,131.554,112.346,0,0
b,50000-50099,hidden,50032,15,4,plain,known,,2,11,192.678,123.929,0,1
b,50000-50099,hidden,50032,16,3,plain,known,,1,13,209.611,150.421,0,1
b,50000-50099,hidden,50032,19,9,decoy,slow_leak,,8,10,200.136,180.929,0,0
b,50000-50099,hidden,50032,20,6,plain,known,,3,14,262.441,198.910,0,0
b,50000-50099,hidden,50032,22,13,decoy,split_brain,mimic,0,9,169.713,149.192,0,0
b,50000-50099,hidden,50033,10,4,decoy,split_brain,contradict,2,6,43.856,23.103,0,0
b,50000-50099,hidden,50033,11,3,plain,known,,8,8,96.354,45.488,0,0
b,50000-50099,hidden,50033,12,4,decoy,split_brain,contradict,2,8,80.113,59.359,0,0
b,50000-50099,hidden,50033,14,9,plain,known,,1,5,117.676,52.618,0,0
b,50000-50099,hidden,50033,15,7,plain,known,,7,8,132.701,105.342,1,0
b,50000-50099,hidden,50033,17,10,decoy,split_brain,contradict,2,7,157.409,149.766,0,0
b,50000-50099,hidden,50033,19,15,plain,known,,7,4,118.229,83.209,0,0
b,50000-50099,hidden,50033,21,1,plain,known,,0,20,426.411,380.993,0,0
b,50000-50099,hidden,50034,5,0,decoy,split_brain,contradict,1,5,79.093,66.275,0,0
b,50000-50099,hidden,50034,6,4,plain,known,,0,2,53.606,25.627,0,0
b,50000-50099,hidden,50034,7,1,plain,known,,7,6,95.404,39.377,0,0
b,50000-50099,hidden,50034,8,0,decoy,split_brain,contradict,1,8,167.457,154.640,0,0
b,50000-50099,hidden,50034,9,7,plain,known,,7,2,89.766,39.279,0,0
b,50000-50099,hidden,50034,14,1,plain,known,,7,13,321.049,265.022,0,0
b,50000-50099,hidden,50034,15,11,plain,known,,3,4,119.515,85.809,0,0
b,50000-50099,hidden,50034,16,10,plain,known,,4,6,137.059,93.361,0,1
b,50000-50099,hidden,50034,17,0,decoy,split_brain,contradict,1,17,363.114,350.296,0,1
b,50000-50099,hidden,50034,18,12,plain,known,,0,6,104.000,38.521,0,0
b,50000-50099,hidden,50034,19,3,plain,known,,5,16,343.378,271.577,1,0
b,50000-50099,hidden,50034,22,1,plain,known,,7,21,411.977,355.950,0,0
b,50000-50099,hidden,50034,23,18,plain,known,,0,5,91.902,24.436,0,0
b,50000-50099,hidden,50034,24,15,plain,known,,3,9,120.779,91.141,0,0
b,50000-50099,hidden,50034,25,0,decoy,split_brain,contradict,1,25,499.103,486.285,0,1
b,50000-50099,hidden,50034,26,19,plain,known,,5,7,108.195,41.930,0,0
b,50000-50099,hidden,50035,2,0,decoy,slow_leak,,1,2,33.365,26.047,0,0
b,50000-50099,hidden,50035,6,2,decoy,slow_leak,,1,4,115.920,92.379,0,0
b,50000-50099,hidden,50035,7,3,plain,known,,5,4,91.347,24.828,0,0
b,50000-50099,hidden,50035,8,1,plain,known,,6,7,161.041,111.703,1,0
b,50000-50099,hidden,50035,11,6,decoy,slow_leak,,1,5,49.314,34.168,0,0
b,50000-50099,hidden,50035,14,1,plain,known,,6,13,307.593,258.255,1,0
b,50000-50099,hidden,50035,20,15,decoy,slow_leak,,1,5,50.647,30.139,0,0
b,50000-50099,hidden,50035,21,5,plain,known,,4,16,267.943,205.971,0,0
b,50000-50099,hidden,50036,6,3,plain,known,,0,3,76.687,32.198,0,0
b,50000-50099,hidden,50036,8,1,plain,known,,1,7,106.950,42.748,0,0
b,50000-50099,hidden,50036,11,1,plain,known,,1,10,216.817,152.615,0,0
b,50000-50099,hidden,50036,13,3,plain,known,,0,10,211.611,167.122,0,0
b,50000-50099,hidden,50036,14,10,plain,known,,4,4,116.034,56.326,0,0
b,50000-50099,hidden,50036,15,9,plain,known,,5,6,147.863,92.535,0,1
b,50000-50099,hidden,50036,16,5,plain,known,,6,11,236.055,200.659,0,0
b,50000-50099,hidden,50036,18,7,plain,known,,3,11,196.728,131.824,0,1
b,50000-50099,hidden,50036,25,4,plain,known,,4,21,435.651,387.506,1,0
b,50000-50099,hidden,50037,5,1,decoy,split_brain,mimic,0,4,33.627,27.206,0,0
b,50000-50099,hidden,50037,6,1,decoy,split_brain,mimic,0,5,82.109,75.688,0,0
b,50000-50099,hidden,50037,7,0,plain,known,,5,7,127.283,79.228,0,0
b,50000-50099,hidden,50037,9,2,plain,known,,1,7,129.197,77.480,0,0
b,50000-50099,hidden,50037,10,4,plain,known,,4,6,127.782,87.072,1,0
b,50000-50099,hidden,50037,11,3,plain,known,,3,8,138.131,82.149,0,0
b,50000-50099,hidden,50037,14,7,plain,known,,5,7,81.001,25.423,0,0
b,50000-50099,hidden,50037,16,8,plain,known,,6,8,81.862,44.732,0,0
b,50000-50099,hidden,50037,17,11,plain,known,,3,6,104.076,48.728,0,0
b,50000-50099,hidden,50037,18,9,plain,known,,1,9,118.940,55.878,0,0
b,50000-50099,hidden,50037,19,13,plain,known,,2,6,91.457,24.776,0,1
b,50000-50099,hidden,50037,20,7,plain,known,,5,13,205.478,149.900,0,0
b,50000-50099,hidden,50037,21,6,decoy,split_brain,mimic,0,15,211.675,204.925,0,0
b,50000-50099,hidden,50037,24,10,plain,known,,4,14,285.012,251.330,0,0
b,50000-50099,hidden,50037,26,3,plain,known,,3,23,430.388,374.405,0,0
b,50000-50099,hidden,50037,27,9,plain,known,,1,18,304.249,241.187,0,0
b,50000-50099,hidden,50038,3,1,decoy,compound,contradict,8,2,63.315,48.900,0,0
b,50000-50099,hidden,50038,5,0,plain,known,,2,5,93.433,30.260,0,0
b,50000-50099,hidden,50038,7,2,plain,known,,5,5,118.487,50.478,1,0
b,50000-50099,hidden,50038,8,1,decoy,compound,contradict,8,7,139.915,125.500,0,0
b,50000-50099,hidden,50038,10,0,plain,known,,2,10,191.224,128.050,0,0
b,50000-50099,hidden,50038,11,9,plain,known,,3,2,68.894,25.720,0,0
b,50000-50099,hidden,50038,12,3,decoy,compound,contradict,8,9,173.653,162.685,0,0
b,50000-50099,hidden,50038,13,5,plain,known,,2,8,191.483,126.668,0,0
b,50000-50099,hidden,50038,14,4,plain,known,,4,10,224.844,158.461,0,0
b,50000-50099,hidden,50038,15,12,decoy,compound,contradict,8,3,62.062,41.833,0,0
b,50000-50099,hidden,50038,16,11,plain,known,,3,5,98.779,39.272,0,1
b,50000-50099,hidden,50038,17,7,plain,known,,5,10,194.576,155.879,0,0
b,50000-50099,hidden,50038,18,1,decoy,compound,contradict,8,17,345.487,331.072,0,0
b,50000-50099,hidden,50038,19,6,plain,known,,6,13,291.179,221.294,1,0
b,50000-50099,hidden,50038,21,5,plain,known,,2,16,316.791,251.975,0,1
b,50000-50099,hidden,50038,23,9,plain,known,,3,14,298.927,255.753,0,1
b,50000-50099,hidden,50038,24,8,decoy,compound,contradict,8,16,367.523,344.302,0,0
b,50000-50099,hidden,50039,6,2,plain,known,,3,4,55.053,24.208,0,0
b,50000-50099,hidden,50039,7,3,decoy,cascade,mimic,5,4,45.291,30.887,0,0
b,50000-50099,hidden,50039,10,4,plain,known,,4,6,134.207,62.503,0,0
b,50000-50099,hidden,50039,11,8,plain,known,,10,3,99.773,38.799,0,0
b,50000-50099,hidden,50039,12,2,plain,known,,3,10,187.301,156.456,0,0
b,50000-50099,hidden,50039,13,5,plain,known,,6,8,175.992,119.249,0,0
b,50000-50099,hidden,50039,15,3,decoy,cascade,mimic,5,12,209.047,194.643,0,0
b,50000-50099,hidden,50039,16,4,plain,known,,4,12,209.881,138.176,0,0
b,50000-50099,hidden,50039,17,0,plain,known,,7,17,263.713,209.649,0,0
b,50000-50099,hidden,50039,20,9,plain,known,,8,11,155.488,101.843,0,0
b,50000-50099,hidden,50039,21,4,plain,known,,4,17,308.335,236.630,0,0
b,50000-50099,hidden,50039,23,2,plain,known,,3,21,415.420,384.575,0,0
b,50000-50099,hidden,50039,24,17,plain,known,,7,7,173.206,109.879,0,0
b,50000-50099,hidden,50039,25,20,plain,known,,8,5,105.319,45.985,0,0
b,50000-50099,hidden,50039,26,1,plain,known,,9,25,441.911,376.157,0,0
b,50000-50099,hidden,50039,29,10,plain,known,,4,19,321.137,281.713,0,0
b,50000-50099,hidden,50040,6,2,decoy,cascade,contradict,10,4,71.218,47.262,0,0
b,50000-50099,hidden,50040,7,4,hard,compound,contradict,3,3,78.107,26.945,0,0
b,50000-50099,hidden,50040,9,1,plain,known,,8,8,146.407,116.336,0,0
b,50000-50099,hidden,50040,10,6,decoy,cascade,contradict,10,4,72.208,58.439,0,0
b,50000-50099,hidden,50040,11,5,plain,known,,1,6,162.169,95.358,0,0
b,50000-50099,hidden,50040,13,10,decoy,cascade,contradict,10,3,42.905,24.802,0,0
b,50000-50099,hidden,50040,14,0,plain,known,,6,14,234.385,165.159,0,0
b,50000-50099,hidden,50040,15,2,decoy,cascade,contradict,10,13,226.629,202.673,0,0
b,50000-50099,hidden,50040,16,8,plain,known,,0,8,126.085,62.379,0,0
b,50000-50099,hidden,50040,17,4,hard,compound,contradict,3,13,239.494,188.332,1,0
b,50000-50099,hidden,50040,18,12,plain,known,,7,6,85.253,33.584,0,0
b,50000-50099,hidden,50040,19,15,decoy,cascade,contradict,10,4,60.253,44.971,0,0
b,50000-50099,hidden,50040,20,3,plain,known,,2,17,295.968,226.500,0,0
b,50000-50099,hidden,50040,21,8,plain,known,,0,13,193.769,130.063,0,0
b,50000-50099,hidden,50040,22,11,plain,known,,1,11,123.194,72.874,0,0
b,50000-50099,hidden,50040,23,22,plain,known,,1,1,110.779,71.547,0,0
b,50000-50099,hidden,50040,24,9,plain,known,,8,15,281.037,251.036,0,0
b,50000-50099,hidden,50040,26,14,plain,known,,6,12,227.763,171.185,0,1
b,50000-50099,hidden,50040,27,4,hard,compound,contradict,3,23,457.118,405.956,1,0
b,50000-50099,hidden,50041,5,0,hard,split_brain,contradict,1,5,64.794,24.860,0,0
b,50000-50099,hidden,50041,7,1,plain,known,,6,6,87.872,63.288,0,0
b,50000-50099,hidden,50041,8,2,decoy,slow_leak,,7,6,69.901,46.670,0,0
b,50000-50099,hidden,50041,9,3,hard,split_brain,contradict,4,6,123.585,51.281,0,0
b,50000-50099,hidden,50041,11,5,hard,split_brain,contradict,1,6,134.986,102.440,0,0
b,50000-50099,hidden,50041,12,5,hard,split_brain,contradict,1,7,210.404,177.859,0,0
b,50000-50099,hidden,50041,13,2,decoy,slow_leak,,7,11,242.136,218.905,0,0
b,50000-50099,hidden,50041,15,10,plain,known,,6,5,120.683,63.700,0,0
b,50000-50099,hidden,50041,18,11,hard,split_brain,contradict,1,7,178.801,126.632,0,0
b,50000-50099,hidden,50041,21,2,decoy,slow_leak,,7,19,382.860,359.629,0,0
b,50000-50099,hidden,50041,24,16,plain,known,,2,8,142.988,95.690,0,0
b,50000-50099,hidden,50041,25,10,plain,known,,6,15,284.550,227.567,0,0
b,50000-50099,hidden,50041,26,13,decoy,slow_leak,,7,13,205.235,188.280,0,0
b,50000-50099,hidden,50041,27,0,hard,split_brain,contradict,1,27,514.394,474.460,0,0
b,50000-50099,hidden,50042,12,2,plain,known,,7,10,86.267,45.979,0,0
b,50000-50099,hidden,50042,14,0,plain,known,,8,14,230.167,178.951,0,0
b,50000-50099,hidden,50042,15,12,plain,known,,7,3,154.380,88.629,0,0
b,50000-50099,hidden,50042,20,8,plain,known,,1,12,297.228,233.834,0,0
b,50000-50099,hidden,50042,21,12,plain,known,,7,9,241.141,175.391,0,0
b,50000-50099,hidden,50042,22,0,plain,known,,8,22,354.610,303.395,0,0
b,50000-50099,hidden,50042,24,7,plain,known,,0,17,322.872,287.804,0,0
b,50000-50099,hidden,50042,29,5,hard,compound,contradict,5,24,449.889,349.652,0,0
b,50000-50099,hidden,50043,4,3,decoy,split_brain,contradict,7,1,67.740,59.658,0,0
b,50000-50099,hidden,50043,6,0,hard,split_brain,contradict,5,6,136.084,52.946,0,0
b,50000-50099,hidden,50043,7,1,plain,known,,6,6,137.055,93.591,0,0
b,50000-50099,hidden,50043,9,7,plain,known,,6,2,132.265,62.110,0,1
b,50000-50099,hidden,50043,10,4,decoy,split_brain,contradict,7,6,176.534,159.047,0,0
b,50000-50099,hidden,50043,11,5,plain,known,,4,6,195.917,136.893,0,0
b,50000-50099,hidden,50043,14,8,plain,known,,7,6,218.255,154.132,0,0
b,50000-50099,hidden,50043,15,6,hard,split_brain,contradict,5,9,260.827,171.566,0,0
b,50000-50099,hidden,50043,16,9,plain,known,,6,7,115.008,53.633,0,0
b,50000-50099,hidden,50043,19,8,plain,known,,7,11,318.263,254.140,0,0
b,50000-50099,hidden,50044,5,0,plain,known,,1,5,117.864,81.408,0,0
b,50000-50099,hidden,50044,7,3,plain,known,,8,4,103.060,63.749,0,0
b,50000-50099,hidden,50044,8,2,plain,known,,7,6,110.288,53.217,0,0
b,50000-50099,hidden,50044,9,1,decoy,cascade,contradict,2,8,152.155,136.873,0,0
b,50000-50099,hidden,50044,11,5,plain,known,,1,6,77.703,40.307,0,0
b,50000-50099,hidden,50044,13,1,decoy,cascade,contradict,2,12,199.606,184.324,0,0
b,50000-50099,hidden,50044,20,14,plain,known,,0,6,78.839,32.439,0,0
b,50000-50099,hidden,50044,21,4,plain,known,,6,17,264.161,202.584,1,1
b,50000-50099,hidden,50044,22,16,plain,known,,3,6,85.637,34.105,0,1
b,50000-50099,hidden,50044,23,7,plain,known,,8,16,170.435,131.013,0,1
b,50000-50099,hidden,50044,24,8,plain,known,,7,16,193.021,147.334,0,1
b,50000-50099,hidden,50044,25,12,hard,split_brain,contradict,5,13,147.647,71.832,0,1
b,50000-50099,hidden,50044,26,0,plain,known,,1,26,372.422,335.967,0,0
b,50000-50099,hidden,50044,27,22,plain,known,,3,5,87.336,33.294,0,0
b,50000-50099,hidden,50044,28,19,plain,known,,9,9,110.458,60.155,0,0
b,50000-50099,hidden,50044,29,14,plain,known,,0,15,189.704,143.304,0,0
b,50000-50099,hidden,50044,32,26,plain,known,,1,6,60.088,23.200,0,0
b,50000-50099,hidden,50044,33,4,plain,known,,6,29,392.740,331.163,1,1
b,50000-50099,hidden,50045,4,1,decoy,split_brain,mimic,2,3,55.813,49.393,0,0
b,50000-50099,hidden,50045,5,2,decoy,split_brain,contradict,4,3,48.124,35.000,0,0
b,50000-50099,hidden,50045,6,0,plain,known,,9,6,90.415,35.547,0,0
b,50000-50099,hidden,50045,8,1,decoy,split_brain,mimic,2,7,100.686,94.265,0,0
b,50000-50099,hidden,50045,9,2,decoy,split_brain,contradict,4,7,93.631,80.507,0,0
b,50000-50099,hidden,50045,12,7,decoy,cascade,mimic,11,5,44.000,24.576,0,0
b,50000-50099,hidden,50045,14,0,plain,known,,9,14,185.167,130.299,0,0
b,50000-50099,hidden,50045,15,5,decoy,split_brain,contradict,4,10,103.063,83.784,0,0
b,50000-50099,hidden,50045,18,8,decoy,split_brain,mimic,2,10,86.688,69.844,0,0
b,50000-50099,hidden,50045,19,13,hard,slow_leak,,7,6,61.051,23.791,0,0
b,50000-50099,hidden,50045,20,2,decoy,split_brain,contradict,4,18,192.939,179.815,0,0
b,50000-50099,hidden,50045,21,10,plain,known,,0,11,100.203,48.135,1,0
b,50000-50099,hidden,50045,22,6,plain,known,,9,16,200.719,137.832,0,0
b,50000-50099,hidden,50045,24,13,hard,slow_leak,,7,11,162.398,125.139,0,0
b,50000-50099,hidden,50045,27,11,plain,known,,3,16,206.174,151.056,0,1
b,50000-50099,hidden,50045,28,15,decoy,split_brain,contradict,4,13,180.845,162.143,0,0
b,50000-50099,hidden,50045,29,10,plain,known,,0,19,233.275,181.207,1,0
b,50000-50099,hidden,50045,31,16,plain,known,,8,15,186.029,125.488,0,0
b,50000-50099,hidden,50045,33,15,decoy,split_brain,contradict,4,18,225.270,206.569,0,0
b,50000-50099,hidden,50045,34,25,plain,known,,11,9,92.489,34.544,0,0
b,50000-50099,hidden,50046,8,1,plain,known,,8,7,121.493,62.604,0,0
b,50000-50099,hidden,50046,9,3,plain,known,,6,6,97.742,50.460,0,0
b,50000-50099,hidden,50046,12,6,plain,known,,3,6,99.370,61.458,0,0
b,50000-50099,hidden,50046,13,7,plain,known,,7,6,85.318,59.151,0,0
b,50000-50099,hidden,50046,14,4,plain,known,,4,10,166.723,96.579,0,0
b,50000-50099,hidden,50046,15,5,plain,known,,1,10,179.736,110.649,0,0
b,50000-50099,hidden,50046,16,0,plain,known,,6,16,323.320,279.687,0,0
b,50000-50099,hidden,50046,17,8,plain,known,,8,9,176.680,108.167,0,0
b,50000-50099,hidden,50046,21,10,plain,known,,5,11,227.057,171.035,0,0
b,50000-50099,hidden,50046,22,3,plain,known,,6,19,344.910,297.629,0,0
b,50000-50099,hidden,50046,23,11,plain,known,,0,12,225.229,155.876,0,0
b,50000-50099,hidden,50046,24,17,plain,known,,8,7,130.464,72.384,0,0
b,50000-50099,hidden,50046,25,5,plain,known,,1,20,371.820,302.733,0,0
b,50000-50099,hidden,50047,2,0,plain,known,,6,2,70.040,24.535,0,0
b,50000-50099,hidden,50047,10,2,plain,known,,6,8,123.204,57.592,1,0
b,50000-50099,hidden,50047,13,9,hard,compound,mimic,7,4,55.879,25.571,0,0
b,50000-50099,hidden,50047,14,5,plain,known,,0,9,128.106,61.255,0,0
b,50000-50099,hidden,50047,15,4,plain,known,,2,11,143.938,85.686,0,0
b,50000-50099,hidden,50047,16,6,plain,known,,1,10,137.062,77.174,0,0
b,50000-50099,hidden,50047,17,8,plain,known,,3,9,119.333,85.705,0,0
b,50000-50099,hidden,50047,18,3,plain,known,,5,15,182.515,136.279,1,0
b,50000-50099,hidden,50047,19,9,hard,compound,mimic,7,10,167.144,136.836,0,0
b,50000-50099,hidden,50047,21,11,plain,known,,4,10,166.213,113.435,0,1
b,50000-50099,hidden,50047,23,14,plain,known,,0,9,155.791,94.472,0,0
b,50000-50099,hidden,50047,24,12,plain,known,,5,12,192.274,159.420,0,0
b,50000-50099,hidden,50047,25,7,decoy,slow_leak,,7,18,294.755,279.599,0,0
b,50000-50099,hidden,50047,26,16,plain,known,,1,10,195.504,144.404,0,0
b,50000-50099,hidden,50047,27,13,hard,compound,mimic,7,14,299.553,263.388,0,0
b,50000-50099,hidden,50048,4,2,decoy,cascade,mimic,6,2,55.643,48.388,0,0
b,50000-50099,hidden,50048,5,0,plain,known,,1,5,106.448,55.916,0,0
b,50000-50099,hidden,50048,7,3,plain,known,,2,4,121.172,56.997,0,0
b,50000-50099,hidden,50048,8,1,plain,known,,7,7,172.414,110.142,0,0
b,50000-50099,hidden,50048,9,5,plain,known,,1,4,83.078,23.968,0,0
b,50000-50099,hidden,50048,11,6,plain,known,,0,5,105.387,40.773,0,0
b,50000-50099,hidden,50048,13,1,plain,known,,7,12,251.017,188.745,0,0
b,50000-50099,hidden,50048,15,10,plain,known,,8,5,89.258,30.545,0,0
b,50000-50099,hidden,50048,16,0,plain,known,,1,16,298.739,248.207,0,1
b,50000-50099,hidden,50048,22,10,plain,known,,8,12,162.741,104.028,0,0
b,50000-50099,hidden,50048,24,2,decoy,cascade,mimic,6,22,371.946,364.692,0,0
b,50000-50099,hidden,50049,3,0,plain,known,,1,3,104.809,44.041,0,0
b,50000-50099,hidden,50049,5,1,plain,known,,0,4,98.605,47.136,0,0
b,50000-50099,hidden,50049,6,2,plain,known,,10,4,91.482,62.251,1,0
b,50000-50099,hidden,50049,9,1,plain,known,,0,8,188.153,136.684,0,0
b,50000-50099,hidden,50049,10,4,plain,known,,8,6,137.073,76.037,0,0
b,50000-50099,hidden,50049,13,10,plain,known,,8,3,91.766,40.896,0,0
b,50000-50099,hidden,50049,14,7,plain,known,,3,7,139.843,109.783,0,0
b,50000-50099,hidden,50049,15,5,plain,known,,0,10,234.409,174.321,0,0
b,50000-50099,hidden,50049,16,8,plain,known,,6,8,181.261,114.718,0,1
b,50000-50099,hidden,50049,17,12,plain,known,,2,5,113.915,70.423,0,0
b,50000-50099,hidden,50049,18,7,plain,known,,3,11,211.390,181.330,0,0
b,50000-50099,hidden,50049,21,15,plain,known,,0,6,100.889,56.303,0,0
b,50000-50099,hidden,50049,23,13,plain,known,,8,10,163.475,107.464,0,0
b,50000-50099,hidden,50049,24,16,plain,known,,6,8,84.674,23.982,0,0
b,50000-50099,hidden,50049,25,7,plain,known,,3,18,271.396,241.336,0,0
b,50000-50099,hidden,50050,1,0,plain,known,,6,1,63.659,28.716,0,0
b,50000-50099,hidden,50050,5,1,plain,known,,6,4,78.149,39.562,0,0
b,50000-50099,hidden,50050,8,4,plain,known,,2,4,71.098,44.197,0,0
b,50000-50099,hidden,50050,9,0,plain,known,,6,9,204.381,169.438,0,0
b,50000-50099,hidden,50050,12,0,plain,known,,6,12,258.042,223.098,0,0
b,50000-50099,hidden,50050,14,10,decoy,cascade,mimic,8,4,45.182,32.435,0,0
b,50000-50099,hidden,50050,15,7,plain,known,,9,8,90.037,34.283,0,0
b,50000-50099,hidden,50050,20,9,plain,known,,6,11,161.142,138.389,0,0
b,50000-50099,hidden,50050,22,11,plain,known,,1,11,149.041,98.410,0,0
b,50000-50099,hidden,50050,23,7,plain,known,,9,16,274.527,218.773,0,0
b,50000-50099,hidden,50050,25,18,hard,split_brain,contradict,2,7,130.450,36.321,0,0
b,50000-50099,hidden,50051,4,1,plain,known,,9,3,53.155,29.625,0,0
b,50000-50099,hidden,50051,5,0,plain,known,,5,5,128.579,71.807,0,0
b,50000-50099,hidden,50051,6,3,plain,known,,8,3,88.234,24.223,0,0
b,50000-50099,hidden,50051,8,2,plain,known,,0,6,102.967,34.999,0,0
b,50000-50099,hidden,50051,9,4,plain,known,,9,5,59.468,25.729,0,0
b,50000-50099,hidden,50051,15,9,plain,known,,9,6,69.645,28.035,0,0
b,50000-50099,hidden,50051,16,8,plain,known,,0,8,75.528,36.993,0,0
b,50000-50099,hidden,50051,17,6,plain,known,,8,11,89.245,44.824,0,0
b,50000-50099,hidden,50051,18,2,plain,known,,0,16,323.516,255.547,0,0
b,50000-50099,hidden,50051,19,14,decoy,slow_leak,,1,5,177.551,162.459,0,0
b,50000-50099,hidden,50051,21,10,plain,known,,4,11,250.269,183.802,0,0
b,50000-50099,hidden,50051,23,11,plain,known,,7,12,276.985,227.624,0,1
b,50000-50099,hidden,50051,25,12,plain,known,,6,13,305.436,264.619,0,0
b,50000-50099,hidden,50051,26,17,plain,known,,8,9,263.081,208.406,0,0
b,50000-50099,hidden,50051,27,10,plain,known,,4,17,327.433,260.966,0,0
b,50000-50099,hidden,50052,5,1,decoy,cascade,contradict,6,4,43.406,24.438,0,0
b,50000-50099,hidden,50052,7,1,decoy,cascade,contradict,6,6,99.713,80.745,0,0
b,50000-50099,hidden,50052,10,7,decoy,cascade,contradict,6,3,47.866,26.010,0,0
b,50000-50099,hidden,50052,11,2,plain,known,,0,9,153.439,95.408,0,0
b,50000-50099,hidden,50052,12,10,decoy,cascade,contradict,6,2,73.747,55.495,0,0
b,50000-50099,hidden,50052,13,4,hard,split_brain,contradict,3,9,196.804,161.577,0,0
b,50000-50099,hidden,50052,15,2,plain,known,,0,13,237.833,179.802,0,0
b,50000-50099,hidden,50052,16,3,plain,known,,4,13,235.503,171.406,0,0
b,50000-50099,hidden,50052,17,6,plain,known,,8,11,182.086,115.195,0,0
b,50000-50099,hidden,50052,19,10,decoy,cascade,contradict,6,9,152.861,134.609,0,0
b,50000-50099,hidden,50052,20,13,hard,split_brain,contradict,3,7,83.866,32.029,0,0
b,50000-50099,hidden,50052,21,9,plain,known,,2,12,209.386,160.328,0,0
b,50000-50099,hidden,50052,23,16,plain,known,,4,7,106.164,41.132,0,0
b,50000-50099,hidden,50052,24,4,hard,split_brain,contradict,3,20,346.892,311.665,0,0
b,50000-50099,hidden,50052,25,15,plain,known,,0,10,146.252,89.329,0,0
b,50000-50099,hidden,50052,26,14,plain,known,,1,12,163.406,100.443,0,0
b,50000-50099,hidden,50052,27,22,plain,known,,7,5,88.233,42.352,0,0
b,50000-50099,hidden,50052,28,17,plain,known,,8,11,191.640,130.297,0,0
b,50000-50099,hidden,50052,29,24,hard,split_brain,contradict,3,5,77.799,47.167,0,0
b,50000-50099,hidden,50052,31,23,plain,known,,4,8,135.726,82.869,0,0
b,50000-50099,hidden,50053,9,0,plain,known,,5,9,151.993,91.803,0,0
b,50000-50099,hidden,50053,10,7,plain,known,,9,3,89.983,28.331,0,0
b,50000-50099,hidden,50053,11,1,plain,known,,1,10,156.912,94.348,0,0
b,50000-50099,hidden,50053,12,2,plain,known,,8,10,160.807,113.437,0,0
b,50000-50099,hidden,50053,13,6,hard,split_brain,mimic,0,7,143.479,64.744,0,0
b,50000-50099,hidden,50053,15,10,plain,known,,9,5,175.975,118.508,0,0
b,50000-50099,hidden,50053,18,1,plain,known,,1,17,380.777,318.214,0,1
b,50000-50099,hidden,50053,21,8,plain,known,,8,13,320.055,272.650,0,0
b,50000-50099,hidden,50053,22,6,hard,split_brain,mimic,0,16,387.657,308.923,0,0
b,50000-50099,hidden,50054,8,1,plain,known,,8,7,106.181,49.991,0,0
b,50000-50099,hidden,50054,10,0,hard,split_brain,contradict,5,10,178.950,96.457,0,0
b,50000-50099,hidden,50054,11,4,plain,known,,2,7,142.079,99.201,0,0
b,50000-50099,hidden,50054,12,7,plain,known,,1,5,109.588,75.726,0,0
b,50000-50099,hidden,50054,14,2,plain,known,,0,12,184.047,124.259,0,0
b,50000-50099,hidden,50054,17,7,plain,known,,1,10,171.339,137.477,0,0
b,50000-50099,hidden,50054,19,7,plain,known,,1,12,227.708,193.846,0,1
b,50000-50099,hidden,50054,20,2,plain,known,,0,18,328.960,269.172,0,0
b,50000-50099,hidden,50054,21,11,plain,known,,2,10,177.302,108.821,0,0
b,50000-50099,hidden,50054,22,10,hard,split_brain,contradict,5,12,191.651,96.318,0,0
b,50000-50099,hidden,50054,23,1,plain,known,,8,22,369.477,313.286,0,0
b,50000-50099,hidden,50054,24,13,hard,slow_leak,,7,11,186.442,89.936,0,0
b,50000-50099,hidden,50054,25,12,plain,known,,1,13,218.001,184.447,0,1
b,50000-50099,hidden,50054,26,3,hard,split_brain,contradict,6,23,403.655,324.512,0,0
b,50000-50099,hidden,50054,27,20,plain,known,,0,7,86.185,35.247,0,0
b,50000-50099,hidden,50054,29,11,plain,known,,2,18,275.298,206.817,0,0
b,50000-50099,hidden,50054,31,7,plain,known,,1,24,387.042,353.180,0,1
b,50000-50099,hidden,50055,4,0,plain,known,,4,4,109.068,55.175,0,0
b,50000-50099,hidden,50055,5,1,decoy,compound,mimic,8,4,70.144,49.640,0,0
b,50000-50099,hidden,50055,9,1,decoy,compound,mimic,8,8,125.008,104.504,0,0
b,50000-50099,hidden,50055,10,0,plain,known,,4,10,184.467,130.574,0,0
b,50000-50099,hidden,50055,11,5,decoy,compound,mimic,8,6,98.152,74.554,0,0
b,50000-50099,hidden,50055,12,6,plain,known,,9,6,111.019,75.965,0,0
b,50000-50099,hidden,50055,14,11,decoy,compound,mimic,8,3,147.607,136.020,0,0
b,50000-50099,hidden,50055,15,10,plain,known,,4,5,202.939,152.222,0,0
b,50000-50099,hidden,50055,18,8,plain,known,,10,10,285.166,227.738,0,0
b,50000-50099,hidden,50055,21,4,plain,known,,4,17,380.471,331.067,0,0
b,50000-50099,hidden,50056,7,1,decoy,cascade,mimic,7,6,67.881,57.587,0,0
b,50000-50099,hidden,50056,8,2,plain,known,,2,6,80.029,36.758,0,0
b,50000-50099,hidden,50056,9,3,plain,known,,9,6,85.550,35.982,0,0
b,50000-50099,hidden,50056,11,5,plain,known,,1,6,115.593,63.671,0,0
b,50000-50099,hidden,50056,12,4,plain,known,,6,8,141.777,103.392,1,0
b,50000-50099,hidden,50056,13,1,decoy,cascade,mimic,7,12,171.306,161.012,0,0
b,50000-50099,hidden,50056,16,13,decoy,cascade,mimic,7,3,70.685,50.493,0,0
b,50000-50099,hidden,50056,17,14,plain,known,,2,3,85.536,28.643,0,0
b,50000-50099,hidden,50056,18,11,plain,known,,1,7,99.139,41.442,0,0
b,50000-50099,hidden,50056,20,15,plain,known,,10,5,215.172,170.058,0,0
b,50000-50099,hidden,50056,23,10,plain,known,,4,13,335.007,269.037,0,0
b,50000-50099,hidden,50056,24,9,plain,known,,9,15,375.801,319.484,1,0
b,50000-50099,hidden,50056,25,18,plain,known,,1,7,220.139,165.970,0,1
b,50000-50099,hidden,50056,26,0,plain,known,,10,26,530.663,480.257,0,0
b,50000-50099,hidden,50057,8,1,plain,known,,11,7,79.003,25.942,0,0
b,50000-50099,hidden,50057,9,2,decoy,compound,contradict,10,7,91.430,68.205,0,0
b,50000-50099,hidden,50057,12,6,hard,split_brain,mimic,6,6,131.521,70.269,0,0
b,50000-50099,hidden,50057,14,1,plain,known,,11,13,170.467,117.406,0,0
b,50000-50099,hidden,50057,15,7,plain,known,,3,8,133.635,107.737,0,0
b,50000-50099,hidden,50057,16,0,hard,slow_leak,,0,16,191.277,146.543,0,0
b,50000-50099,hidden,50057,19,12,hard,split_brain,mimic,6,7,180.080,85.345,0,0
b,50000-50099,hidden,50057,20,14,plain,known,,11,6,183.299,136.318,0,0
b,50000-50099,hidden,50057,21,17,plain,known,,9,4,106.555,34.702,0,0
b,50000-50099,hidden,50057,22,11,plain,known,,2,11,217.974,154.817,0,0
b,50000-50099,hidden,50057,23,13,plain,known,,10,10,197.272,139.289,0,0
b,50000-50099,hidden,50057,25,16,hard,slow_leak,,0,9,209.248,171.614,0,0
b,50000-50099,hidden,50057,29,7,plain,known,,3,22,416.043,390.145,0,0
b,50000-50099,hidden,50057,30,22,plain,known,,2,8,111.435,61.101,0,0
b,50000-50099,hidden,50057,32,27,plain,known,,5,5,108.225,52.196,0,0
b,50000-50099,hidden,50058,6,4,plain,known,,0,2,90.733,53.937,0,0
b,50000-50099,hidden,50058,9,4,plain,known,,0,5,161.372,124.576,0,0
b,50000-50099,hidden,50058,12,8,decoy,compound,mimic,2,4,55.538,43.108,0,0
b,50000-50099,hidden,50058,13,0,plain,known,,4,13,237.885,189.189,0,0
b,50000-50099,hidden,50058,14,9,plain,known,,0,5,60.937,28.816,0,0
b,50000-50099,hidden,50058,15,10,decoy,split_brain,contradict,10,5,56.478,43.889,0,0
b,50000-50099,hidden,50058,16,2,plain,known,,9,14,283.901,231.542,0,0
b,50000-50099,hidden,50058,17,10,decoy,split_brain,contradict,10,7,187.996,175.406,0,0
b,50000-50099,hidden,50058,19,12,decoy,compound,mimic,2,7,168.724,159.247,0,1
b,50000-50099,hidden,50058,22,16,plain,known,,9,6,150.135,99.667,0,0
b,50000-50099,hidden,50058,23,19,decoy,compound,mimic,2,4,69.339,55.317,0,0
b,50000-50099,hidden,50058,25,1,plain,known,,10,24,494.296,451.051,0,0
b,50000-50099,hidden,50059,9,5,decoy,cascade,mimic,8,4,104.555,90.750,0,0
b,50000-50099,hidden,50059,10,7,plain,known,,0,3,79.264,49.857,0,0
b,50000-50099,hidden,50059,11,4,plain,known,,3,7,158.053,87.865,0,0
b,50000-50099,hidden,50059,12,2,plain,known,,10,10,181.201,112.263,0,0
b,50000-50099,hidden,50059,14,0,plain,known,,11,14,235.390,169.894,1,0
b,50000-50099,hidden,50059,15,3,decoy,slow_leak,,6,12,200.513,176.887,0,0
b,50000-50099,hidden,50059,19,11,plain,known,,3,8,104.049,46.081,0,0
b,50000-50099,hidden,50059,20,10,plain,known,,0,10,168.197,130.557,0,0
b,50000-50099,hidden,50059,25,3,decoy,slow_leak,,6,22,480.028,456.403,0,0
b,50000-50099,hidden,50060,8,2,plain,known,,0,6,88.019,31.648,0,0
b,50000-50099,hidden,50060,9,3,plain,known,,7,6,98.976,62.901,0,0
b,50000-50099,hidden,50060,10,0,plain,known,,2,10,168.223,110.552,0,0
b,50000-50099,hidden,50060,15,2,plain,known,,0,13,223.242,166.871,0,0
b,50000-50099,hidden,50060,18,1,plain,known,,8,17,274.333,222.088,1,0
b,50000-50099,hidden,50060,19,5,plain,known,,1,14,244.395,179.591,1,1
b,50000-50099,hidden,50060,20,12,plain,known,,6,8,81.506,24.001,0,0
b,50000-50099,hidden,50060,21,13,plain,known,,4,8,72.249,27.463,0,0
b,50000-50099,hidden,50060,22,2,plain,known,,0,20,311.001,254.630,0,0
b,50000-50099,hidden,50060,24,16,plain,known,,7,8,110.151,66.984,0,0
b,50000-50099,hidden,50061,6,5,plain,known,,1,1,93.362,46.882,0,0
b,50000-50099,hidden,50061,7,0,plain,known,,7,7,225.336,175.728,0,0
b,50000-50099,hidden,50061,8,4,plain,known,,0,4,197.521,156.355,0,0
b,50000-50099,hidden,50061,10,3,hard,split_brain,contradict,4,7,228.857,173.911,0,0
b,50000-50099,hidden,50061,12,1,plain,known,,2,11,269.646,228.910,0,0
b,50000-50099,hidden,50061,16,4,plain,known,,0,12,286.748,245.582,0,0
b,50000-50099,hidden,50061,19,15,plain,known,,6,4,112.948,60.040,0,0
b,50000-50099,hidden,50062,2,0,plain,known,,9,2,78.362,32.406,0,0
b,50000-50099,hidden,50062,4,1,plain,known,,10,3,80.415,30.869,0,0
b,50000-50099,hidden,50062,9,2,plain,known,,9,7,94.141,30.240,0,0
b,50000-50099,hidden,50062,11,3,plain,known,,3,8,114.348,41.235,0,0
b,50000-50099,hidden,50062,12,1,plain,known,,10,11,155.709,106.162,1,0
b,50000-50099,hidden,50062,13,9,plain,known,,9,4,103.134,48.314,0,0
b,50000-50099,hidden,50062,15,6,plain,known,,2,9,188.082,133.930,0,0
b,50000-50099,hidden,50062,17,0,plain,known,,9,17,375.122,329.167,0,0
b,50000-50099,hidden,50062,18,7,plain,known,,4,11,240.506,191.003,0,0
b,50000-50099,hidden,50062,20,10,plain,known,,8,10,259.341,206.704,0,0
b,50000-50099,hidden,50062,21,1,plain,known,,10,20,408.062,358.515,1,0
b,50000-50099,hidden,50063,8,6,hard,slow_leak,,0,2,89.255,47.237,0,0
b,50000-50099,hidden,50063,10,4,plain,known,,6,6,129.253,90.483,0,0
b,50000-50099,hidden,50063,11,3,hard,cascade,mimic,1,8,142.502,81.499,0,0
b,50000-50099,hidden,50063,13,2,decoy,cascade,contradict,7,11,236.058,228.351,0,0
b,50000-50099,hidden,50063,15,4,plain,known,,6,11,229.900,191.131,0,0
b,50000-50099,hidden,50063,16,0,plain,known,,0,16,283.953,245.943,0,0
b,50000-50099,hidden,50063,17,1,plain,known,,5,16,280.042,229.910,0,0
b,50000-50099,hidden,50063,18,5,decoy,slow_leak,,3,13,302.384,293.698,0,0
b,50000-50099,hidden,50063,20,8,hard,slow_leak,,0,12,232.701,192.568,0,0
b,50000-50099,hidden,50063,21,5,decoy,slow_leak,,3,16,358.252,349.566,0,0
b,50000-50099,hidden,50063,22,13,decoy,cascade,contradict,7,9,153.826,147.730,0,0
b,50000-50099,hidden,50063,25,7,plain,known,,3,18,375.005,327.199,0,0
b,50000-50099,hidden,50063,26,8,hard,slow_leak,,0,18,329.410,289.277,0,0
b,50000-50099,hidden,50064,2,0,plain,known,,0,2,88.245,42.437,0,0
b,50000-50099,hidden,50064,6,1,plain,known,,6,5,84.605,41.695,0,0
b,50000-50099,hidden,50064,11,1,plain,known,,6,10,156.039,113.129,0,0
b,50000-50099,hidden,50064,12,9,hard,compound,mimic,5,3,98.307,44.532,0,0
b,50000-50099,hidden,50064,13,8,plain,known,,9,5,135.851,76.001,0,0
b,50000-50099,hidden,50064,17,10,plain,known,,8,7,130.630,90.545,0,0
b,50000-50099,hidden,50064,18,1,plain,known,,6,17,261.486,218.576,0,0
b,50000-50099,hidden,50064,19,12,hard,compound,mimic,5,7,68.811,25.142,0,0
b,50000-50099,hidden,50064,20,7,plain,known,,3,13,201.372,136.706,0,1
b,50000-50099,hidden,50064,21,4,hard,split_brain,contradict,1,17,226.957,145.569,0,0
b,50000-50099,hidden,50064,22,16,plain,known,,0,6,86.153,35.065,0,0
b,50000-50099,hidden,50064,23,15,plain,known,,4,8,131.127,78.137,0,0
b,50000-50099,hidden,50064,24,17,plain,known,,8,7,142.444,72.185,0,0
b,50000-50099,hidden,50064,25,1,plain,known,,6,24,414.143,371.232,0,0
b,50000-50099,hidden,50065,2,0,plain,known,,6,2,90.587,26.474,0,0
b,50000-50099,hidden,50065,5,3,decoy,cascade,contradict,5,2,80.067,71.423,1,0
b,50000-50099,hidden,50065,6,2,plain,known,,6,4,107.848,55.952,0,0
b,50000-50099,hidden,50065,8,1,plain,known,,8,7,217.978,159.324,1,0
b,50000-50099,hidden,50065,12,0,plain,known,,6,12,317.611,253.499,0,1
b,50000-50099,hidden,50065,14,7,plain,known,,10,7,115.313,53.512,0,0
b,50000-50099,hidden,50065,19,0,plain,known,,6,19,535.035,470.922,0,1
b,50000-50099,hidden,50066,5,1,plain,known,,4,4,75.835,32.354,0,0
b,50000-50099,hidden,50066,6,0,hard,cascade,mimic,6,6,105.556,23.273,0,0
b,50000-50099,hidden,50066,7,4,decoy,slow_leak,,10,3,48.126,38.164,0,0
b,50000-50099,hidden,50066,9,2,plain,known,,7,7,115.219,61.729,0,0
b,50000-50099,hidden,50066,10,3,plain,known,,0,7,124.010,80.017,0,0
b,50000-50099,hidden,50066,11,1,plain,known,,4,10,171.744,128.262,0,0
b,50000-50099,hidden,50066,13,0,hard,cascade,mimic,6,13,211.092,128.808,0,0
b,50000-50099,hidden,50066,14,4,decoy,slow_leak,,10,10,154.746,144.784,0,0
b,50000-50099,hidden,50066,15,2,plain,known,,7,13,213.603,160.113,0,0
b,50000-50099,hidden,50066,16,10,plain,known,,0,6,76.931,25.816,0,0
b,50000-50099,hidden,50066,24,4,decoy,slow_leak,,10,20,404.646,394.684,0,0
b,50000-50099,hidden,50066,25,12,plain,known,,3,13,293.412,249.048,0,1
b,50000-50099,hidden,50067,3,0,plain,known,,0,3,62.537,31.508,0,0
b,50000-50099,hidden,50067,7,1,plain,known,,4,6,87.457,28.086,0,0
b,50000-50099,hidden,50067,12,2,hard,compound,mimic,3,10,125.493,52.906,0,0
b,50000-50099,hidden,50067,15,1,plain,known,,4,14,231.461,172.089,0,0
b,50000-50099,hidden,50067,16,0,plain,known,,0,16,241.716,210.687,0,0
b,50000-50099,hidden,50067,19,10,plain,known,,10,9,145.409,83.557,0,0
b,50000-50099,hidden,50067,20,8,decoy,compound,mimic,9,12,175.349,159.264,0,0
b,50000-50099,hidden,50067,21,12,hard,compound,mimic,3,9,149.513,54.348,0,1
b,50000-50099,hidden,50067,23,18,hard,split_brain,mimic,5,5,104.418,44.126,0,0
b,50000-50099,hidden,50067,26,7,plain,known,,4,19,336.428,283.236,0,0
b,50000-50099,hidden,50067,27,5,plain,known,,7,22,366.070,291.218,0,0
b,50000-50099,hidden,50068,3,0,plain,known,,2,3,100.683,54.212,0,0
b,50000-50099,hidden,50068,9,4,plain,known,,8,5,105.923,59.572,0,0
b,50000-50099,hidden,50068,11,5,plain,known,,4,6,123.617,76.008,0,0
b,50000-50099,hidden,50068,12,7,plain,known,,6,5,104.575,52.323,0,0
b,50000-50099,hidden,50068,14,2,plain,known,,1,12,178.737,137.307,0,0
b,50000-50099,hidden,50068,18,10,plain,known,,10,8,83.203,51.765,0,0
b,50000-50099,hidden,50068,19,14,plain,known,,1,5,89.155,38.377,0,0
b,50000-50099,hidden,50068,21,0,plain,known,,2,21,370.536,324.066,0,0
b,50000-50099,hidden,50068,22,9,plain,known,,8,13,196.127,143.423,0,0
b,50000-50099,hidden,50068,23,16,plain,known,,7,7,100.133,26.082,0,0
b,50000-50099,hidden,50068,24,5,plain,known,,4,19,285.841,238.232,0,1
b,50000-50099,hidden,50068,26,18,plain,known,,10,8,102.313,76.379,0,0
b,50000-50099,hidden,50068,27,19,plain,known,,1,8,73.448,32.126,0,0
b,50000-50099,hidden,50068,28,15,plain,known,,9,13,150.576,99.285,0,0
b,50000-50099,hidden,50068,30,1,hard,split_brain,mimic,0,29,402.803,326.218,0,0
b,50000-50099,hidden,50068,31,25,plain,known,,3,6,73.920,26.439,0,0
b,50000-50099,hidden,50069,3,0,plain,known,,1,3,107.225,46.352,0,0
b,50000-50099,hidden,50069,5,2,decoy,cascade,contradict,2,3,106.262,97.188,1,0
b,50000-50099,hidden,50069,7,3,plain,known,,1,4,103.855,67.360,0,0
b,50000-50099,hidden,50069,9,1,plain,known,,6,8,234.610,171.040,0,0
b,50000-50099,hidden,50069,10,2,decoy,cascade,contradict,2,8,222.593,213.519,1,0
b,50000-50099,hidden,50069,11,6,plain,known,,8,5,112.006,54.772,0,0
b,50000-50099,hidden,50069,12,2,decoy,cascade,contradict,2,10,295.540,286.466,1,0
b,50000-50099,hidden,50069,13,4,plain,known,,6,9,211.319,153.602,0,0
b,50000-50099,hidden,50069,14,3,plain,known,,1,11,287.766,251.270,0,0
b,50000-50099,hidden,50069,15,8,plain,known,,5,7,123.012,56.099,0,1
b,50000-50099,hidden,50069,16,12,decoy,cascade,contradict,2,4,70.303,47.700,0,0
b,50000-50099,hidden,50069,17,11,plain,known,,8,6,128.281,66.455,0,0
b,50000-50099,hidden,50069,18,1,plain,known,,6,17,444.153,380.582,0,0
b,50000-50099,hidden,50069,20,7,plain,known,,1,13,301.013,229.514,0,0
b,50000-50099,hidden,50070,3,0,plain,known,,2,3,101.935,53.180,0,0
b,50000-50099,hidden,50070,4,2,decoy,slow_leak,,0,2,90.607,84.324,0,0
b,50000-50099,hidden,50070,5,1,plain,known,,5,4,97.768,66.280,0,0
b,50000-50099,hidden,50070,8,2,decoy,slow_leak,,0,6,158.557,152.274,0,0
b,50000-50099,hidden,50070,9,5,plain,known,,5,4,69.065,44.316,0,0
b,50000-50099,hidden,50070,11,3,plain,known,,2,8,93.519,23.851,0,0
b,50000-50099,hidden,50070,12,1,plain,known,,5,11,232.972,201.485,0,0
b,50000-50099,hidden,50070,13,7,plain,known,,7,6,115.116,83.170,0,0
b,50000-50099,hidden,50070,14,8,decoy,slow_leak,,0,6,99.405,79.187,0,0
b,50000-50099,hidden,50070,16,6,plain,known,,8,10,172.411,111.476,0,0
b,50000-50099,hidden,50070,18,12,plain,known,,5,6,99.096,62.204,0,0
b,50000-50099,hidden,50070,19,8,decoy,slow_leak,,0,11,176.578,156.360,0,0
b,50000-50099,hidden,50070,20,3,plain,known,,2,17,269.622,199.954,0,0
b,50000-50099,hidden,50070,21,1,plain,known,,5,20,389.532,358.045,0,0
b,50000-50099,hidden,50070,22,19,decoy,slow_leak,,0,3,53.965,32.193,0,0
b,50000-50099,hidden,50070,24,10,plain,known,,9,14,255.640,188.060,0,0
b,50000-50099,hidden,50070,25,13,plain,known,,7,12,184.793,149.330,0,0
b,50000-50099,hidden,50070,26,16,plain,known,,8,10,171.499,103.214,0,0
b,50000-50099,hidden,50070,27,9,plain,known,,5,18,279.632,249.141,0,0
b,50000-50099,hidden,50070,29,15,plain,known,,4,14,227.384,184.854,0,1
b,50000-50099,hidden,50071,4,1,decoy,cascade,contradict,3,3,46.823,29.831,0,0
b,50000-50099,hidden,50071,5,2,decoy,split_brain,contradict,7,3,46.044,36.386,0,0
b,50000-50099,hidden,50071,8,3,plain,known,,6,5,108.831,44.310,0,0
b,50000-50099,hidden,50071,9,7,plain,known,,5,2,101.365,52.386,0,0
b,50000-50099,hidden,50071,10,0,plain,known,,0,10,238.966,213.199,0,0
b,50000-50099,hidden,50071,12,10,plain,known,,0,2,63.203,28.406,0,0
b,50000-50099,hidden,50071,13,5,decoy,split_brain,contradict,7,8,296.730,274.934,0,0
b,50000-50099,hidden,50071,16,10,plain,known,,0,6,145.340,110.542,0,0
b,50000-50099,hidden,50071,21,11,plain,known,,7,10,232.444,175.910,0,0
b,50000-50099,hidden,50072,2,0,plain,known,,8,2,56.884,25.219,0,0
b,50000-50099,hidden,50072,4,1,decoy,split_brain,contradict,7,3,71.655,55.226,0,0
b,50000-50099,hidden,50072,5,0,plain,known,,8,5,121.739,90.075,0,0
b,50000-50099,hidden,50072,10,4,decoy,split_brain,contradict,7,6,67.850,55.176,0,0
b,50000-50099,hidden,50072,12,3,plain,known,,1,9,166.801,114.491,0,0
b,50000-50099,hidden,50072,13,7,plain,known,,6,6,129.283,84.581,0,0
b,50000-50099,hidden,50072,14,4,decoy,split_brain,contradict,7,10,186.061,173.387,0,0
b,50000-50099,hidden,50072,15,2,plain,known,,8,13,243.515,211.817,1,0
b,50000-50099,hidden,50072,17,11,plain,known,,4,6,164.683,120.722,0,0
b,50000-50099,hidden,50072,18,3,plain,known,,1,15,298.161,245.851,0,1
b,50000-50099,hidden,50072,19,0,plain,known,,8,19,377.531,345.867,1,0
b,50000-50099,hidden,50072,20,7,plain,known,,6,13,252.739,208.038,0,0
b,50000-50099,hidden,50072,22,6,plain,known,,3,16,285.500,235.942,0,0
b,50000-50099,hidden,50072,23,8,plain,known,,5,15,295.326,246.390,1,0
b,50000-50099,hidden,50072,24,16,plain,known,,2,8,99.612,37.595,0,0
b,50000-50099,hidden,50072,27,5,plain,known,,8,22,351.397,328.415,1,0
b,50000-50099,hidden,50072,28,21,plain,known,,7,7,88.341,25.862,0,0
b,50000-50099,hidden,50072,29,7,plain,known,,6,22,359.246,314.544,0,0
b,50000-50099,hidden,50072,30,6,plain,known,,3,24,369.763,320.204,0,0
b,50000-50099,hidden,50073,7,0,plain,known,,4,7,74.487,29.311,0,0
b,50000-50099,hidden,50073,10,4,plain,known,,8,6,91.659,33.288,0,0
b,50000-50099,hidden,50073,11,3,hard,slow_leak,,3,8,125.212,26.815,0,0
b,50000-50099,hidden,50073,12,8,plain,known,,2,4,143.491,97.175,0,0
b,50000-50099,hidden,50073,13,7,plain,known,,4,6,201.583,149.536,1,0
b,50000-50099,hidden,50073,14,11,hard,slow_leak,,3,3,155.693,92.434,0,0
b,50000-50099,hidden,50073,15,4,plain,known,,8,11,273.636,215.265,0,0
b,50000-50099,hidden,50073,16,1,plain,known,,1,15,299.022,248.830,0,1
b,50000-50099,hidden,50073,17,5,plain,known,,0,12,275.566,236.875,0,0
b,50000-50099,hidden,50073,19,12,plain,known,,2,7,99.390,44.418,0,0
b,50000-50099,hidden,50073,20,0,plain,known,,4,20,360.299,315.124,1,0
b,50000-50099,hidden,50074,9,1,plain,known,,0,8,138.291,84.798,1,0
b,50000-50099,hidden,50074,13,11,hard,compound,mimic,4,2,77.137,33.676,0,0
b,50000-50099,hidden,50074,14,3,plain,known,,1,11,259.615,189.837,0,0
b,50000-50099,hidden,50074,15,4,plain,known,,5,11,223.677,181.504,0,0
b,50000-50099,hidden,50074,16,9,plain,known,,0,7,135.749,74.698,0,0
b,50000-50099,hidden,50074,17,6,plain,known,,6,11,167.223,130.446,0,1
b,50000-50099,hidden,50074,19,13,hard,compound,mimic,4,6,106.030,54.532,0,0
b,50000-50099,hidden,50074,20,17,plain,known,,6,3,102.275,69.818,0,0
b,50000-50099,hidden,50074,23,6,plain,known,,6,17,345.279,308.502,0,1
b,50000-50099,hidden,50074,24,13,hard,compound,mimic,4,11,224.247,172.749,0,0
b,50000-50099,hidden,50074,25,15,plain,known,,5,10,194.208,130.996,0,0
b,50000-50099,hidden,50075,5,1,plain,known,,6,4,64.416,35.063,0,0
b,50000-50099,hidden,50075,8,0,hard,split_brain,mimic,8,8,86.916,29.112,0,0
b,50000-50099,hidden,50075,11,3,plain,known,,1,8,139.045,83.835,0,0
b,50000-50099,hidden,50075,12,2,decoy,cascade,mimic,2,10,155.422,144.747,1,0
b,50000-50099,hidden,50075,13,4,plain,known,,0,9,174.569,137.835,0,0
b,50000-50099,hidden,50075,14,0,hard,split_brain,mimic,8,14,247.857,190.052,0,0
b,50000-50099,hidden,50075,16,12,decoy,cascade,mimic,2,4,118.973,97.497,0,0
b,50000-50099,hidden,50075,17,1,plain,known,,6,16,297.935,268.583,0,0
b,50000-50099,hidden,50075,19,10,plain,known,,5,9,186.001,126.163,0,0
b,50000-50099,hidden,50075,20,13,plain,known,,0,7,110.806,63.656,0,0
b,50000-50099,hidden,50075,23,15,plain,known,,1,8,78.699,29.543,0,0
b,50000-50099,hidden,50075,24,5,plain,known,,6,19,317.485,292.409,0,0
b,50000-50099,hidden,50075,28,8,hard,split_brain,mimic,8,20,387.058,313.554,0,0
b,50000-50099,hidden,50075,29,19,plain,known,,5,10,125.400,75.687,0,0
b,50000-50099,hidden,50076,5,0,plain,known,,9,5,99.647,57.212,0,0
b,50000-50099,hidden,50076,8,4,plain,known,,2,4,96.542,39.848,1,0
b,50000-50099,hidden,50076,10,2,hard,cascade,contradict,10,8,159.524,75.371,1,0
b,50000-50099,hidden,50076,12,1,hard,compound,contradict,8,11,201.846,141.176,0,0
b,50000-50099,hidden,50076,13,2,hard,cascade,contradict,10,11,273.347,189.194,1,0
b,50000-50099,hidden,50076,14,9,plain,known,,3,5,150.902,101.436,0,1
b,50000-50099,hidden,50076,15,12,hard,compound,contradict,8,3,111.026,33.229,0,0
b,50000-50099,hidden,50076,17,8,plain,known,,2,9,324.718,283.825,0,0
b,50000-50099,hidden,50076,18,5,plain,known,,9,13,375.439,327.066,1,0
b,50000-50099,hidden,50076,21,12,hard,compound,contradict,8,9,283.865,206.067,0,0
b,50000-50099,hidden,50076,22,6,plain,known,,1,16,386.346,327.270,0,0
b,50000-50099,hidden,50076,23,3,plain,known,,11,20,484.351,437.777,0,0
b,50000-50099,hidden,50077,5,0,decoy,compound,contradict,3,5,44.476,27.552,0,0
b,50000-50099,hidden,50077,8,0,decoy,compound,contradict,3,8,98.748,81.825,0,0
b,50000-50099,hidden,50077,9,1,plain,known,,6,8,99.321,33.169,0,0
b,50000-50099,hidden,50077,10,4,hard,cascade,mimic,8,6,83.403,52.656,0,0
b,50000-50099,hidden,50077,11,3,plain,known,,7,8,98.324,41.097,0,0
b,50000-50099,hidden,50077,12,7,plain,known,,5,5,73.773,25.612,0,0
b,50000-50099,hidden,50077,13,2,plain,known,,2,11,103.655,58.841,0,0
b,50000-50099,hidden,50077,18,5,decoy,compound,contradict,3,13,183.223,174.093,0,0
b,50000-50099,hidden,50077,19,3,plain,known,,7,16,205.606,148.380,0,0
b,50000-50099,hidden,50077,22,0,decoy,compound,contradict,3,22,303.709,286.785,0,0
b,50000-50099,hidden,50077,24,3,plain,known,,7,21,375.505,318.278,0,0
b,50000-50099,hidden,50077,25,17,plain,known,,2,8,213.711,165.697,0,0
b,50000-50099,hidden,50077,26,15,plain,known,,4,11,280.931,249.130,0,0
b,50000-50099,hidden,50077,28,19,plain,known,,7,9,286.410,244.947,0,0
b,50000-50099,hidden,50078,5,0,hard,slow_leak,,0,5,94.710,65.381,0,0
b,50000-50099,hidden,50078,6,2,plain,known,,6,4,93.414,38.765,0,0
b,50000-50099,hidden,50078,7,4,hard,compound,contradict,2,3,112.645,71.334,1,0
b,50000-50099,hidden,50078,8,5,hard,slow_leak,,0,3,72.409,32.933,0,0
b,50000-50099,hidden,50078,9,1,plain,known,,4,8,155.635,90.059,0,0
b,50000-50099,hidden,50078,10,3,plain,known,,1,7,138.798,99.852,1,0
b,50000-50099,hidden,50078,13,6,plain,known,,6,7,97.502,29.787,1,0
b,50000-50099,hidden,50078,14,11,hard,split_brain,contradict,3,3,115.506,26.843,0,0
b,50000-50099,hidden,50078,17,12,plain,known,,5,5,125.384,55.959,0,0
b,50000-50099,hidden,50078,18,3,plain,known,,1,15,277.594,238.648,1,0
b,50000-50099,hidden,50078,22,19,decoy,compound,contradict,4,3,52.076,38.702,0,0
b,50000-50099,hidden,50078,23,18,plain,known,,1,5,107.077,57.063,0,0
b,50000-50099,hidden,50078,24,11,hard,split_brain,contradict,3,13,265.199,176.536,0,0
b,50000-50099,hidden,50078,25,12,plain,known,,5,13,286.400,216.975,0,0
b,50000-50099,hidden,50078,26,5,hard,slow_leak,,0,21,414.285,374.810,0,0
b,50000-50099,hidden,50078,29,4,hard,compound,contradict,2,25,492.401,451.089,1,1
b,50000-50099,hidden,50079,2,0,plain,known,,6,2,82.995,28.606,0,0
b,50000-50099,hidden,50079,9,1,plain,known,,9,8,103.677,46.713,0,0
b,50000-50099,hidden,50079,10,6,decoy,cascade,contradict,7,4,36.132,27.135,1,0
b,50000-50099,hidden,50079,11,4,plain,known,,4,7,51.328,24.800,0,0
b,50000-50099,hidden,50079,14,3,plain,known,,0,11,149.519,83.409,0,0
b,50000-50099,hidden,50079,18,14,plain,known,,0,4,87.890,31.953,0,0
b,50000-50099,hidden,50079,19,12,plain,known,,8,7,176.745,109.800,0,0
b,50000-50099,hidden,50079,23,15,plain,known,,6,8,123.486,58.932,0,0
b,50000-50099,hidden,50079,24,16,plain,known,,2,8,113.336,57.292,0,0
b,50000-50099,hidden,50079,26,9,plain,known,,9,17,265.197,218.908,0,0
b,50000-50099,hidden,50079,28,3,plain,known,,0,25,321.600,255.490,0,0
b,50000-50099,hidden,50079,29,19,plain,known,,8,10,124.271,55.396,0,0
b,50000-50099,hidden,50079,31,2,plain,known,,6,29,427.493,360.949,0,0
b,50000-50099,hidden,50080,2,1,plain,known,,5,1,69.069,28.272,0,0
b,50000-50099,hidden,50080,4,0,plain,known,,7,4,100.623,48.724,0,0
b,50000-50099,hidden,50080,10,3,plain,known,,8,7,158.709,111.398,0,0
b,50000-50099,hidden,50080,12,5,plain,known,,10,7,145.206,77.333,0,0
b,50000-50099,hidden,50080,13,0,plain,known,,7,13,265.329,213.430,0,0
b,50000-50099,hidden,50080,15,6,plain,known,,4,9,185.761,161.009,0,1
b,50000-50099,hidden,50080,16,9,plain,known,,5,7,104.235,63.884,0,0
b,50000-50099,hidden,50080,17,8,hard,compound,mimic,9,9,134.842,59.078,0,0
b,50000-50099,hidden,50080,18,15,plain,known,,4,3,90.910,67.273,0,0
b,50000-50099,hidden,50080,19,3,plain,known,,8,16,304.128,256.817,0,0
b,50000-50099,hidden,50080,20,11,plain,known,,2,9,148.854,100.551,0,0
b,50000-50099,hidden,50080,21,5,plain,known,,10,16,310.392,242.519,0,0
b,50000-50099,hidden,50080,23,13,plain,known,,7,10,192.022,123.262,0,0
b,50000-50099,hidden,50080,24,15,plain,known,,4,9,189.843,166.206,0,0
b,50000-50099,hidden,50080,25,20,plain,known,,2,5,93.389,35.154,0,0
b,50000-50099,hidden,50081,5,0,decoy,cascade,mimic,1,5,52.331,43.019,0,0
b,50000-50099,hidden,50081,7,4,plain,known,,5,3,74.128,44.880,0,0
b,50000-50099,hidden,50081,15,4,plain,known,,5,11,148.518,119.270,0,0
b,50000-50099,hidden,50081,16,14,plain,known,,4,2,82.537,35.268,0,0
b,50000-50099,hidden,50081,17,11,plain,known,,3,6,124.997,92.661,0,0
b,50000-50099,hidden,50081,18,13,plain,known,,1,5,173.694,106.148,0,0
b,50000-50099,hidden,50081,21,3,plain,known,,3,18,408.571,342.349,0,0
b,50000-50099,hidden,50081,22,13,plain,known,,1,9,269.998,202.452,0,0
b,50000-50099,hidden,50081,23,4,plain,known,,5,19,395.951,366.703,0,1
b,50000-50099,hidden,50082,5,0,plain,known,,3,5,84.900,29.655,0,0
b,50000-50099,hidden,50082,7,2,plain,known,,0,5,49.263,24.786,0,0
b,50000-50099,hidden,50082,9,1,plain,known,,9,8,95.253,43.863,0,0
b,50000-50099,hidden,50082,11,0,plain,known,,3,11,173.948,118.703,0,0
b,50000-50099,hidden,50082,12,2,plain,known,,0,10,111.381,86.905,0,0
b,50000-50099,hidden,50082,16,1,plain,known,,9,15,167.240,115.849,0,0
b,50000-50099,hidden,50082,18,10,plain,known,,4,8,105.407,49.929,0,0
b,50000-50099,hidden,50082,19,11,plain,known,,3,8,117.299,55.489,0,0
b,50000-50099,hidden,50082,20,15,plain,known,,6,5,113.341,72.023,0,0
b,50000-50099,hidden,50082,21,17,plain,known,,7,4,130.162,74.161,0,0
b,50000-50099,hidden,50082,23,7,plain,known,,0,16,297.328,264.359,0,0
b,50000-50099,hidden,50082,25,13,hard,cascade,mimic,5,12,245.240,154.266,0,1
b,50000-50099,hidden,50083,4,0,plain,known,,1,4,84.143,39.254,0,0
b,50000-50099,hidden,50083,5,2,plain,known,,2,3,88.040,34.364,0,0
b,50000-50099,hidden,50083,6,1,plain,known,,3,5,144.650,89.458,0,0
b,50000-50099,hidden,50083,8,2,plain,known,,2,6,174.032,120.356,0,0
b,50000-50099,hidden,50083,9,4,plain,known,,1,5,114.155,54.746,0,0
b,50000-50099,hidden,50083,10,1,plain,known,,3,9,220.660,165.469,0,0
b,50000-50099,hidden,50083,15,5,plain,known,,2,10,216.208,162.466,0,0
b,50000-50099,hidden,50083,18,4,plain,known,,1,14,381.743,322.334,0,0
b,50000-50099,hidden,50083,19,3,plain,known,,7,16,431.789,366.283,0,0
b,50000-50099,hidden,50083,21,2,plain,known,,2,19,464.658,410.983,0,0
b,50000-50099,hidden,50083,22,17,plain,known,,6,5,66.494,40.886,0,0
b,50000-50099,hidden,50083,23,6,plain,known,,3,17,362.285,319.424,0,0
b,50000-50099,hidden,50084,5,0,plain,known,,0,5,101.876,32.620,0,0
b,50000-50099,hidden,50084,8,3,plain,known,,5,5,87.185,47.472,0,0
b,50000-50099,hidden,50084,9,8,plain,known,,5,1,56.695,29.643,0,0
b,50000-50099,hidden,50084,10,2,plain,known,,7,8,191.118,149.437,1,0
b,50000-50099,hidden,50084,11,0,plain,known,,0,11,261.523,192.267,0,0
b,50000-50099,hidden,50084,12,6,plain,known,,6,6,156.693,111.789,0,0
b,50000-50099,hidden,50084,16,2,plain,known,,7,14,314.154,272.474,1,0
b,50000-50099,hidden,50084,19,12,plain,known,,6,7,211.895,149.124,0,0
b,50000-50099,hidden,50084,20,4,decoy,compound,contradict,3,16,448.553,439.222,0,0
b,50000-50099,hidden,50085,7,1,plain,known,,3,6,93.877,35.689,0,0
b,50000-50099,hidden,50085,8,4,plain,known,,9,4,98.322,58.085,1,0
b,50000-50099,hidden,50085,11,5,plain,known,,5,6,108.938,50.631,0,0
b,50000-50099,hidden,50085,12,6,plain,known,,0,6,103.437,30.509,0,0
b,50000-50099,hidden,50085,13,7,plain,known,,3,6,103.653,57.131,1,0
b,50000-50099,hidden,50085,14,2,hard,cascade,contradict,7,12,190.563,122.407,0,0
b,50000-50099,hidden,50085,15,4,plain,known,,9,11,168.550,128.313,1,0
b,50000-50099,hidden,50085,19,13,plain,known,,3,6,136.591,76.652,0,0
b,50000-50099,hidden,50085,20,15,plain,known,,9,5,150.910,120.014,0,0
b,50000-50099,hidden,50085,21,17,plain,known,,0,4,87.867,58.670,0,0
b,50000-50099,hidden,50085,23,5,plain,known,,5,18,339.662,281.355,0,0
b,50000-50099,hidden,50085,24,9,plain,known,,8,15,268.977,224.161,0,0
b,50000-50099,hidden,50085,25,10,plain,known,,1,15,267.073,215.039,0,0
b,50000-50099,hidden,50085,27,7,plain,known,,3,20,384.942,338.420,1,0
b,50000-50099,hidden,50085,28,18,plain,known,,10,10,152.942,82.540,0,0
b,50000-50099,hidden,50085,30,5,plain,known,,5,25,419.056,360.749,0,0
b,50000-50099,hidden,50086,8,1,plain,known,,4,7,77.452,29.343,0,0
b,50000-50099,hidden,50086,13,2,plain,known,,5,11,239.235,204.477,0,1
b,50000-50099,hidden,50086,17,6,plain,known,,7,11,336.152,298.335,1,0
b,50000-50099,hidden,50086,19,14,plain,known,,6,5,122.666,69.765,0,0
b,50000-50099,hidden,50087,6,2,decoy,cascade,mimic,3,4,55.221,37.855,0,0
b,50000-50099,hidden,50087,8,1,hard,cascade,mimic,5,7,109.219,36.923,0,0
b,50000-50099,hidden,50087,11,6,decoy,cascade,mimic,3,5,82.077,72.125,0,0
b,50000-50099,hidden,50087,13,3,plain,known,,6,10,155.865,111.974,1,0
b,50000-50099,hidden,50087,15,11,decoy,cascade,mimic,3,4,54.714,32.056,0,0
b,50000-50099,hidden,50087,16,3,plain,known,,6,13,257.544,213.653,1,0
b,50000-50099,hidden,50087,17,8,hard,cascade,mimic,5,9,203.209,109.695,1,1
b,50000-50099,hidden,50087,18,0,hard,slow_leak,,1,18,324.316,234.933,0,0
b,50000-50099,hidden,50087,19,14,hard,split_brain,mimic,0,5,141.520,41.498,0,0
b,50000-50099,hidden,50088,1,0,plain,known,,7,1,77.418,32.066,0,0
b,50000-50099,hidden,50088,10,3,plain,known,,6,7,193.463,148.325,0,0
b,50000-50099,hidden,50088,11,1,plain,known,,7,10,217.520,152.350,0,0
b,50000-50099,hidden,50088,13,4,hard,slow_leak,,0,9,206.619,143.434,0,0
b,50000-50099,hidden,50088,14,2,plain,known,,5,12,229.429,179.935,0,0
b,50000-50099,hidden,50088,15,6,hard,compound,contradict,1,9,205.258,110.235,0,0
b,50000-50099,hidden,50088,20,15,hard,compound,contradict,1,5,95.499,33.467,0,0
b,50000-50099,hidden,50089,3,0,plain,known,,6,3,59.907,32.688,0,0
b,50000-50099,hidden,50089,5,0,plain,known,,6,5,135.250,108.031,0,0
b,50000-50099,hidden,50089,7,2,hard,cascade,contradict,1,5,110.254,55.342,0,0
b,50000-50099,hidden,50089,8,0,plain,known,,6,8,227.787,200.568,0,0
b,50000-50099,hidden,50089,10,6,plain,known,,0,4,99.239,30.284,0,0
b,50000-50099,hidden,50089,12,2,hard,cascade,contradict,1,10,223.804,168.892,0,0
b,50000-50099,hidden,50089,13,4,plain,known,,4,9,199.521,169.019,0,0
b,50000-50099,hidden,50089,16,0,plain,known,,6,16,298.062,270.843,0,0
b,50000-50099,hidden,50089,17,10,plain,known,,0,7,91.559,42.466,0,0
b,50000-50099,hidden,50089,18,9,plain,known,,7,9,103.365,38.667,0,0
b,50000-50099,hidden,50089,20,2,hard,cascade,contradict,1,18,364.775,309.863,0,1
b,50000-50099,hidden,50089,22,14,plain,known,,5,8,143.602,101.344,0,0
b,50000-50099,hidden,50089,23,4,plain,known,,4,19,345.614,315.111,0,0
b,50000-50099,hidden,50089,24,9,plain,known,,7,15,221.745,157.047,0,0
b,50000-50099,hidden,50089,25,15,plain,known,,8,10,190.271,156.956,0,0
b,50000-50099,hidden,50089,26,0,plain,known,,6,26,494.755,467.536,0,0
b,50000-50099,hidden,50090,7,4,plain,known,,7,3,71.090,27.665,0,0
b,50000-50099,hidden,50090,8,3,plain,known,,2,5,120.422,91.954,0,0
b,50000-50099,hidden,50090,9,0,plain,known,,6,9,167.794,121.294,0,0
b,50000-50099,hidden,50090,10,2,plain,known,,4,8,169.288,136.791,0,0
b,50000-50099,hidden,50090,13,7,plain,known,,7,6,114.770,71.829,0,0
b,50000-50099,hidden,50090,15,0,plain,known,,6,15,248.030,201.530,0,0
b,50000-50099,hidden,50090,16,5,plain,known,,9,11,197.067,158.856,1,0
b,50000-50099,hidden,50090,19,6,plain,known,,8,13,242.717,186.387,0,0
b,50000-50099,hidden,50090,21,16,plain,known,,9,5,60.754,25.022,0,0
b,50000-50099,hidden,50090,25,2,plain,known,,4,23,354.176,321.679,0,1
b,50000-50099,hidden,50090,26,20,hard,cascade,contradict,5,6,116.895,56.025,0,0
b,50000-50099,hidden,50090,27,15,plain,known,,6,12,187.444,133.554,0,0
b,50000-50099,hidden,50091,6,1,plain,known,,7,5,143.463,69.413,0,0
b,50000-50099,hidden,50091,8,0,hard,cascade,contradict,5,8,185.019,84.254,0,0
b,50000-50099,hidden,50091,9,2,plain,known,,6,7,174.292,142.707,0,0
b,50000-50099,hidden,50091,11,5,decoy,slow_leak,,5,6,158.956,145.151,0,0
b,50000-50099,hidden,50091,13,8,hard,cascade,contradict,5,5,152.104,67.656,0,0
b,50000-50099,hidden,50091,14,6,plain,known,,7,8,217.215,152.084,0,0
b,50000-50099,hidden,50091,16,4,plain,known,,6,12,283.098,250.748,0,0
b,50000-50099,hidden,50091,17,8,hard,cascade,contradict,5,9,267.976,183.527,0,0
b,50000-50099,hidden,50091,18,10,plain,known,,4,8,167.047,114.897,0,0
b,50000-50099,hidden,50091,19,14,plain,known,,7,5,82.016,37.724,0,0
b,50000-50099,hidden,50092,7,1,hard,split_brain,mimic,0,6,105.077,38.615,0,0
b,50000-50099,hidden,50092,9,2,plain,known,,1,7,96.062,33.420,0,0
b,50000-50099,hidden,50092,11,3,plain,known,,3,8,147.003,88.582,0,0
b,50000-50099,hidden,50092,12,4,plain,known,,9,8,238.630,180.595,0,0
b,50000-50099,hidden,50092,13,7,hard,split_brain,mimic,0,6,240.704,173.330,0,0
b,50000-50099,hidden,50092,15,8,hard,split_brain,contradict,6,7,323.095,270.178,0,0
b,50000-50099,hidden,50092,16,4,plain,known,,9,12,420.473,362.439,0,0
b,50000-50099,hidden,50092,17,5,plain,known,,5,12,419.635,356.349,0,0
b,50000-50099,hidden,50092,18,11,plain,known,,3,7,305.292,235.316,0,1
b,50000-50099,hidden,50093,6,0,plain,known,,5,6,113.853,47.068,0,0
b,50000-50099,hidden,50093,7,2,plain,known,,6,5,101.474,31.928,0,0
b,50000-50099,hidden,50093,10,1,plain,known,,3,9,171.809,117.593,0,0
b,50000-50099,hidden,50093,13,6,plain,known,,5,7,135.810,69.451,1,0
b,50000-50099,hidden,50093,15,2,plain,known,,6,13,245.531,175.986,0,0
b,50000-50099,hidden,50093,16,4,plain,known,,7,12,194.397,140.232,0,0
b,50000-50099,hidden,50093,17,11,plain,known,,4,6,98.855,42.843,0,0
b,50000-50099,hidden,50093,19,1,plain,known,,3,18,334.717,280.501,0,0
b,50000-50099,hidden,50093,20,12,plain,known,,1,8,102.026,46.940,0,1
b,50000-50099,hidden,50093,22,15,plain,known,,6,7,102.121,46.003,0,0
b,50000-50099,hidden,50093,23,4,plain,known,,7,19,313.670,259.505,0,0
b,50000-50099,hidden,50093,27,13,plain,known,,5,14,190.813,145.488,0,0
b,50000-50099,hidden,50093,28,11,plain,known,,4,17,274.681,218.669,0,0
b,50000-50099,hidden,50094,3,0,plain,known,,10,3,76.529,34.684,0,0
b,50000-50099,hidden,50094,9,3,plain,known,,10,6,95.980,54.899,0,0
b,50000-50099,hidden,50094,10,4,plain,known,,2,6,100.412,54.384,0,0
b,50000-50099,hidden,50094,11,5,plain,known,,0,6,81.864,34.916,0,0
b,50000-50099,hidden,50094,12,2,plain,known,,4,10,117.459,78.117,0,0
b,50000-50099,hidden,50094,14,7,decoy,compound,contradict,6,7,71.500,60.546,0,0
b,50000-50099,hidden,50094,15,0,plain,known,,10,15,265.643,223.799,0,0
b,50000-50099,hidden,50094,17,10,plain,known,,2,7,121.590,70.372,0,0
b,50000-50099,hidden,50094,19,14,decoy,compound,contradict,6,5,126.623,108.836,0,0
b,50000-50099,hidden,50094,20,15,plain,known,,10,5,89.458,29.538,0,0
b,50000-50099,hidden,50094,21,11,plain,known,,0,10,173.230,118.987,0,0
b,50000-50099,hidden,50094,22,16,plain,known,,4,6,117.119,72.055,0,0
b,50000-50099,hidden,50094,23,14,decoy,compound,contradict,6,9,227.625,209.838,0,0
b,50000-50099,hidden,50094,24,5,plain,known,,0,19,362.959,316.011,0,0
b,50000-50099,hidden,50094,25,14,decoy,compound,contradict,6,11,270.475,252.688,0,0
b,50000-50099,hidden,50094,26,20,plain,known,,10,6,127.599,82.507,0,0
b,50000-50099,hidden,50094,27,18,plain,known,,5,9,179.424,115.258,0,0
b,50000-50099,hidden,50095,3,0,plain,known,,5,3,109.800,79.416,0,0
b,50000-50099,hidden,50095,5,2,plain,known,,7,3,67.941,30.284,0,0
b,50000-50099,hidden,50095,7,1,plain,known,,4,6,104.627,49.713,1,0
b,50000-50099,hidden,50095,8,0,plain,known,,5,8,177.723,147.338,0,0
b,50000-50099,hidden,50095,9,2,plain,known,,7,7,124.512,86.856,0,0
b,50000-50099,hidden,50095,12,4,plain,known,,2,8,90.613,23.755,0,0
b,50000-50099,hidden,50095,15,3,plain,known,,5,12,139.686,113.573,0,0
b,50000-50099,hidden,50095,17,4,plain,known,,2,13,177.963,111.105,0,1
b,50000-50099,hidden,50095,19,9,plain,known,,7,10,136.456,109.767,0,0
b,50000-50099,hidden,50095,20,13,hard,compound,mimic,0,7,115.091,44.730,0,0
b,50000-50099,hidden,50095,21,15,plain,known,,5,6,111.665,80.669,0,0
b,50000-50099,hidden,50095,23,5,plain,known,,7,18,267.790,235.949,0,0
b,50000-50099,hidden,50096,7,4,decoy,compound,contradict,7,3,40.617,23.059,0,0
b,50000-50099,hidden,50096,8,2,plain,known,,0,6,93.677,24.638,0,0
b,50000-50099,hidden,50096,9,3,plain,known,,5,6,79.381,48.651,0,0
b,50000-50099,hidden,50096,10,0,plain,known,,6,10,133.580,91.531,1,0
b,50000-50099,hidden,50096,12,5,plain,known,,3,7,98.908,60.132,0,0
b,50000-50099,hidden,50096,14,6,plain,known,,2,8,116.130,64.281,1,0
b,50000-50099,hidden,50096,15,3,plain,known,,5,12,154.233,123.504,0,0
b,50000-50099,hidden,50096,16,11,plain,known,,8,5,70.748,24.939,0,0
b,50000-50099,hidden,50096,17,5,plain,known,,3,12,188.492,149.715,0,0
b,50000-50099,hidden,50096,19,15,plain,known,,5,4,118.147,82.406,0,0
b,50000-50099,hidden,50096,21,16,plain,known,,8,5,114.814,42.461,0,0
b,50000-50099,hidden,50096,22,0,plain,known,,6,22,340.826,298.778,1,0
b,50000-50099,hidden,50096,24,7,decoy,compound,contradict,7,17,312.349,296.124,0,0
b,50000-50099,hidden,50096,26,11,plain,known,,8,15,301.217,255.408,0,0
b,50000-50099,hidden,50096,27,20,plain,known,,4,7,143.126,93.001,0,0
b,50000-50099,hidden,50096,28,13,plain,known,,1,15,311.136,253.938,0,0
b,50000-50099,hidden,50097,11,5,plain,known,,4,6,57.792,23.706,0,0
b,50000-50099,hidden,50097,14,4,plain,known,,1,10,92.340,32.380,0,0
b,50000-50099,hidden,50097,15,10,decoy,slow_leak,,8,5,48.649,29.273,0,0
b,50000-50099,hidden,50097,18,6,plain,known,,7,12,111.619,51.159,0,0
b,50000-50099,hidden,50097,19,9,plain,known,,5,10,98.809,43.541,1,0
b,50000-50099,hidden,50097,21,14,plain,known,,1,7,96.342,40.985,0,0
b,50000-50099,hidden,50097,23,9,plain,known,,5,14,242.397,187.129,1,1
b,50000-50099,hidden,50097,25,14,plain,known,,1,11,204.563,149.206,0,0
b,50000-50099,hidden,50097,27,17,plain,known,,6,10,193.920,144.320,0,0
b,50000-50099,hidden,50097,28,7,plain,known,,0,21,361.337,311.872,0,0
b,50000-50099,hidden,50097,30,10,decoy,slow_leak,,8,20,356.665,337.290,0,0
b,50000-50099,hidden,50097,32,26,plain,known,,4,6,141.377,85.058,0,0
b,50000-50099,hidden,50098,5,0,plain,known,,4,5,78.649,23.037,0,0
b,50000-50099,hidden,50098,9,4,plain,known,,2,5,61.866,24.017,0,0
b,50000-50099,hidden,50098,14,6,plain,known,,10,8,113.314,47.291,0,0
b,50000-50099,hidden,50098,15,7,plain,known,,0,8,118.589,76.783,0,0
b,50000-50099,hidden,50098,16,5,plain,known,,4,11,143.528,78.322,0,0
b,50000-50099,hidden,50098,18,10,plain,known,,9,8,127.898,65.256,0,0
b,50000-50099,hidden,50098,19,8,plain,known,,7,11,136.136,90.326,0,0
b,50000-50099,hidden,50098,21,0,plain,known,,4,21,311.976,256.364,0,1
b,50000-50099,hidden,50098,22,3,plain,known,,6,19,257.720,200.902,0,0
b,50000-50099,hidden,50098,23,11,plain,known,,1,12,195.154,143.627,0,0
b,50000-50099,hidden,50098,24,12,plain,known,,3,12,183.849,132.845,0,1
b,50000-50099,hidden,50098,26,2,plain,known,,8,24,308.073,254.081,0,0
b,50000-50099,hidden,50098,27,21,plain,known,,4,6,83.078,24.325,0,0
b,50000-50099,hidden,50098,29,10,plain,known,,9,19,311.272,248.630,0,0
b,50000-50099,hidden,50098,30,14,plain,known,,10,16,301.737,259.080,0,0
b,50000-50099,hidden,50098,31,28,plain,known,,7,3,88.496,38.860,0,0
b,50000-50099,hidden,50099,10,4,hard,split_brain,mimic,7,6,73.186,26.863,0,0
b,50000-50099,hidden,50099,14,8,plain,known,,9,6,118.868,71.266,1,0
b,50000-50099,hidden,50099,17,12,plain,known,,4,5,144.935,72.945,0,0
b,50000-50099,hidden,50099,21,1,plain,known,,9,20,355.235,331.128,0,0
b,50000-50099,hidden,50099,23,7,hard,slow_leak,,3,16,313.305,220.630,0,0
b,50000-50099,hidden,50099,25,17,plain,known,,4,8,93.658,39.958,0,0
b,50000-50099,hidden,50099,26,3,plain,known,,1,23,366.837,296.942,0,0
b,50000-50099,hidden,50099,29,3,plain,known,,1,26,455.065,385.170,0,0
b,50000-50099,hidden,50099,30,19,plain,known,,8,11,149.442,83.997,0,0
