range,seed,incident,family,mode,site,onset_s,recurrence_of,first_notice_s,calls,refs,modelled_ns,arm_correct,first_correct_s,tpl_first_correct_s,R,R_chain,R_fresh,F_only,F,F_strict,stale_by_construction
a-tune,10001,3,split_brain,mimic,6,55.526,,59.000,1,36,280000000,1,77.500,,0,0,0,0,0,0,0
a-tune,10002,7,split_brain,mimic,4,218.447,,221.500,1,36,280000000,0,,,0,0,0,0,0,0,0
a-tune,10002,8,slow_leak,,2,220.520,,234.000,1,35,275000000,1,252.500,,0,0,0,0,0,0,0
a-tune,10002,9,split_brain,mimic,7,242.902,,243.000,1,29,245000000,0,,,0,0,0,0,0,0,0
a-tune,10002,14,slow_leak,,2,355.117,8,370.500,1,39,295000000,1,389.000,252.500,1,1,1,0,1,1,0
a-tune,10002,18,compound,mimic,0,380.576,,381.000,1,59,395000000,1,399.500,,0,0,0,0,0,0,0
a-tune,10002,22,cascade,contradict,6,478.019,,480.500,1,35,275000000,0,,,0,0,0,0,0,0,0
a-tune,10002,25,slow_leak,,2,533.841,8,550.500,1,46,330000000,1,569.000,252.500,1,1,1,0,1,1,0
a-tune,10003,4,cascade,mimic,3,88.685,,90.000,1,29,245000000,0,,,0,0,0,0,0,0,0
a-tune,10003,5,slow_leak,,2,89.838,,101.500,1,33,265000000,1,120.000,,0,0,0,0,0,0,0
a-tune,10003,10,compound,contradict,9,187.261,,187.500,1,30,250000000,0,,,0,0,0,0,0,0,0
a-tune,10003,13,cascade,contradict,7,264.327,,264.500,1,35,275000000,1,283.000,,0,0,0,0,0,0,0
a-tune,10003,23,compound,contradict,1,474.552,,475.000,1,54,370000000,1,493.500,,0,0,0,0,0,0,0
a-tune,10004,17,slow_leak,,4,282.998,,,0,0,0,0,,,0,0,0,0,0,0,0
a-tune,10004,26,cascade,mimic,7,432.410,,434.500,1,28,240000000,0,,,0,0,0,0,0,0,0
a-tune,10005,22,split_brain,contradict,1,427.622,,428.000,1,54,370000000,1,446.500,,0,0,0,0,0,0,0
a-tune,10006,4,split_brain,contradict,4,49.206,,50.500,1,36,280000000,1,69.000,,0,0,0,0,0,0,0
a-tune,10006,6,split_brain,mimic,1,70.320,,74.000,1,63,415000000,1,92.500,,0,0,0,0,0,0,0
a-tune,10007,2,compound,mimic,1,50.740,,53.500,1,50,350000000,1,72.000,,0,0,0,0,0,0,0
a-tune,10008,12,compound,contradict,4,212.590,,214.000,1,45,325000000,1,234.500,,0,0,0,0,0,0,0
a-tune,10008,16,split_brain,mimic,7,240.472,,244.000,1,40,300000000,0,,,0,0,0,0,0,0,0
a-tune,10008,28,split_brain,contradict,6,501.587,,504.000,1,27,235000000,1,522.500,,0,0,0,0,0,0,0
a-tune,10008,30,slow_leak,,7,514.745,,528.500,1,28,240000000,1,547.000,,0,0,0,0,0,0,0
a-tune,10009,0,cascade,contradict,5,6.402,,6.500,1,29,245000000,1,25.000,,0,0,0,0,0,0,0
a-tune,10009,7,compound,mimic,8,109.899,,115.000,1,44,320000000,1,133.500,,0,0,0,0,0,0,0
a-tune,10009,10,cascade,contradict,5,167.841,0,168.000,1,37,285000000,0,,25.000,1,1,1,0,1,1,0
a-tune,10009,16,compound,mimic,1,393.472,,393.500,1,45,325000000,1,412.000,,0,0,0,1,1,0,0
a-tune,10010,24,compound,contradict,0,418.754,,419.000,1,63,415000000,1,437.500,,0,0,0,0,0,0,0
a-tune,10014,3,compound,mimic,3,56.056,,,0,0,0,0,,,0,0,0,0,0,0,0
a-tune,10014,8,cascade,mimic,9,132.620,,134.000,1,29,245000000,0,,,0,0,0,0,0,0,0
a-tune,10014,11,split_brain,mimic,1,214.812,,216.000,1,50,350000000,0,,,0,0,0,0,0,0,0
a-tune,10015,10,split_brain,mimic,7,234.267,,234.500,1,26,230000000,0,,,0,0,0,0,0,0,0
a-tune,10016,5,cascade,mimic,3,92.566,,93.000,1,52,360000000,0,,,0,0,0,0,0,0,0
a-tune,10016,12,compound,contradict,6,214.788,,215.000,1,31,255000000,0,,,0,0,0,0,0,0,0
a-tune,10016,16,compound,contradict,6,280.525,12,283.000,1,38,290000000,1,301.500,,0,0,0,0,0,0,0
a-tune,10016,20,compound,contradict,6,372.611,12,373.000,1,38,290000000,0,,,0,1,0,1,1,1,0
a-tune,10017,31,cascade,mimic,3,499.443,,499.500,1,54,370000000,0,,,0,0,0,0,0,0,0
a-tune,10018,9,compound,mimic,7,233.653,,234.000,1,47,335000000,1,252.500,,0,0,0,0,0,0,0
a-tune,10018,10,split_brain,contradict,7,310.956,,311.000,1,39,295000000,0,,,0,0,0,0,0,0,0
a-tune,10019,11,split_brain,mimic,7,296.283,,301.500,1,34,270000000,0,,,0,0,0,0,0,0,0
a-tune,10020,3,compound,mimic,1,76.590,,79.500,1,50,350000000,1,98.000,,0,0,0,0,0,0,0
a-tune,10020,22,split_brain,contradict,1,446.645,,447.000,2,80,600000000,1,468.500,,0,0,0,0,0,0,0
a-tune,10021,8,compound,contradict,5,244.246,,244.500,1,39,295000000,1,263.000,,0,0,0,0,0,0,0
a-tune,10022,15,slow_leak,,4,327.493,,,0,0,0,0,,,0,0,0,0,0,0,0
a-tune,10022,23,compound,mimic,3,497.441,,501.000,1,45,325000000,1,519.500,,0,0,0,0,0,0,0
a-tune,10023,3,compound,contradict,5,108.158,,108.500,1,42,310000000,1,127.000,,0,0,0,0,0,0,0
a-tune,10023,15,split_brain,contradict,5,317.977,,318.500,1,38,290000000,1,337.000,,0,0,0,0,0,0,0
a-tune,10023,18,compound,contradict,1,375.119,,375.500,1,57,385000000,1,394.000,,0,0,0,1,1,0,0
a-tune,10023,23,compound,contradict,5,513.017,3,513.500,1,36,280000000,1,532.000,127.000,1,1,1,0,1,1,0
a-tune,10024,21,slow_leak,,8,520.614,,,0,0,0,0,,,0,0,0,0,0,0,0
a-tune,10025,1,cascade,mimic,1,24.469,,24.500,1,43,315000000,0,,,0,0,0,0,0,0,0
a-tune,10025,6,cascade,mimic,1,179.728,1,180.000,1,48,340000000,0,,,0,0,0,0,0,0,0
a-tune,10025,10,cascade,mimic,1,251.798,6,252.000,1,41,305000000,1,270.500,,0,0,0,0,0,0,0
a-tune,10025,12,cascade,mimic,11,285.220,,286.500,1,36,280000000,0,,,0,0,0,1,1,0,0
a-tune,10025,17,cascade,mimic,1,339.812,6,340.000,1,48,340000000,0,,,0,1,0,1,1,1,0
a-tune,10025,26,slow_leak,,2,515.808,,,0,0,0,0,,,0,0,0,0,0,0,0
a-tune,10026,0,slow_leak,,1,70.570,,,0,0,0,0,,,0,0,0,0,0,0,0
a-tune,10026,3,slow_leak,,0,128.086,,141.000,1,56,380000000,1,159.500,,0,0,0,0,0,0,0
a-tune,10026,6,cascade,mimic,6,169.730,,170.000,1,29,245000000,0,,,0,0,0,0,0,0,0
a-tune,10026,7,cascade,contradict,8,172.396,,176.000,1,37,285000000,1,194.500,,0,0,0,0,0,0,0
a-tune,10026,12,slow_leak,,0,264.529,3,291.500,1,59,395000000,0,,159.500,1,1,1,0,1,1,0
a-tune,10027,9,split_brain,mimic,1,189.135,,189.500,1,30,250000000,0,,,0,0,0,0,0,0,0
a-tune,10027,16,split_brain,mimic,1,337.326,9,339.000,1,40,300000000,1,357.500,,0,0,0,0,0,0,0
a-tune,10028,3,compound,contradict,5,99.609,,100.000,1,40,300000000,1,118.500,,0,0,0,0,0,0,0
a-tune,10028,10,compound,contradict,0,271.022,,271.500,2,109,745000000,1,290.000,,0,0,0,1,1,1,0
a-tune,10028,15,split_brain,mimic,6,353.402,,358.500,1,46,330000000,0,,,0,0,0,0,0,0,0
a-tune,10028,19,split_brain,mimic,6,490.116,15,491.500,1,32,260000000,0,,,0,0,0,0,0,0,0
a-tune,10029,9,cascade,contradict,1,209.946,,210.000,1,56,380000000,0,,,0,0,0,0,0,0,0
a-tune,10029,11,compound,contradict,5,228.535,,229.000,1,48,340000000,1,247.500,,0,0,0,0,0,0,0
a-tune,10029,14,compound,contradict,0,255.265,,255.500,1,73,465000000,1,274.000,,0,0,0,1,1,0,0
a-tune,10029,22,compound,contradict,10,418.401,,418.500,1,32,260000000,1,437.000,,0,0,0,1,1,0,0
a-tune,10030,1,cascade,mimic,4,6.389,,6.500,2,88,640000000,1,25.000,,0,0,0,0,0,0,0
a-tune,10030,16,slow_leak,,9,330.453,,,0,0,0,0,,,0,0,0,0,0,0,0
a-tune,10030,17,cascade,contradict,5,372.707,,373.000,1,45,325000000,1,391.500,,0,0,0,0,0,0,0
a-tune,10030,23,split_brain,contradict,9,430.551,,437.000,1,38,290000000,1,455.500,,0,0,0,0,0,0,0
a-tune,10031,16,compound,mimic,8,351.558,,,0,0,0,0,,,0,0,0,0,0,0,0
a-tune,10034,9,cascade,contradict,6,121.892,,125.500,1,40,300000000,1,144.000,,0,0,0,0,0,0,0
a-tune,10034,29,slow_leak,,6,489.759,,506.500,1,31,255000000,1,525.000,,0,0,0,0,0,0,0
a-tune,10035,0,cascade,mimic,7,19.060,,19.500,1,32,260000000,1,38.000,,0,0,0,0,0,0,0
a-tune,10036,17,split_brain,contradict,2,478.867,,479.000,1,51,355000000,0,,,0,0,0,0,0,0,0
a-tune,10038,9,cascade,contradict,6,186.049,,188.000,1,34,270000000,0,,,0,0,0,0,0,0,0
a-tune,10038,10,cascade,contradict,5,213.580,,216.500,1,30,250000000,0,,,0,0,0,0,0,0,0
a-tune,10038,16,compound,mimic,4,295.049,,307.000,1,56,380000000,1,325.500,,0,0,0,0,0,0,0
a-tune,10038,18,cascade,contradict,5,370.234,10,374.000,1,40,300000000,1,392.500,,0,0,0,0,0,0,0
a-tune,10038,19,compound,mimic,4,372.303,16,379.000,1,44,320000000,1,397.500,325.500,1,1,1,0,1,1,0
a-tune,10039,9,cascade,mimic,10,223.800,,224.000,1,32,260000000,0,,,0,0,0,0,0,0,0
a-tune,10039,12,split_brain,mimic,0,233.932,,235.500,1,50,350000000,1,254.000,,0,0,0,0,0,0,0
a-tune,10039,22,split_brain,contradict,4,435.858,,437.500,2,66,530000000,1,456.000,,0,0,0,0,0,0,0
a-tune,10040,2,cascade,contradict,1,129.948,,130.000,1,58,390000000,1,148.500,,0,0,0,0,0,0,0
a-tune,10042,9,cascade,contradict,2,154.719,,157.000,1,54,370000000,1,175.500,,0,0,0,0,0,0,0
a-tune,10042,18,compound,contradict,0,399.314,,399.500,1,57,385000000,1,418.000,,0,0,0,0,0,0,0
a-tune,10042,23,compound,contradict,0,499.343,18,499.500,2,103,715000000,1,518.000,418.000,1,1,1,0,1,1,0
a-tune,10044,9,cascade,contradict,4,106.207,,112.000,1,45,325000000,1,130.500,,0,0,0,0,0,0,0
a-tune,10044,14,cascade,contradict,4,178.354,9,181.000,1,44,320000000,0,,130.500,1,1,1,0,1,1,0
a-tune,10044,19,cascade,contradict,4,293.965,14,,0,0,0,0,,,0,1,0,1,1,1,1
a-tune,10044,21,slow_leak,,0,308.307,,,0,0,0,0,,,0,0,0,0,0,0,0
a-tune,10044,29,slow_leak,,5,415.572,,,0,0,0,0,,,0,0,0,0,0,0,0
a-tune,10044,30,split_brain,contradict,1,424.368,,430.500,1,46,330000000,0,,,0,0,0,0,0,0,0
a-tune,10044,33,split_brain,contradict,4,476.270,,479.500,1,37,285000000,1,498.000,,0,0,0,0,0,0,0
a-tune,10044,34,split_brain,contradict,8,485.946,,491.000,1,38,290000000,0,,,0,0,0,0,0,0,0
a-tune,10045,27,slow_leak,,5,328.197,,,0,0,0,0,,,0,0,0,0,0,0,0
a-tune,10045,31,compound,mimic,3,370.029,,381.000,1,34,270000000,1,399.500,,0,0,0,0,0,0,0
a-tune,10045,33,compound,mimic,6,517.691,,525.000,1,40,300000000,1,543.500,,0,0,0,1,1,0,0
a-tune,10046,5,slow_leak,,0,93.511,,,0,0,0,0,,,0,0,0,0,0,0,0
a-tune,10046,11,split_brain,mimic,9,201.692,,212.500,0,0,0,0,,,0,0,0,0,0,0,0
a-tune,10046,20,compound,contradict,6,481.944,,482.000,1,34,270000000,1,500.500,,0,0,0,0,0,0,0
a-tune,10048,6,slow_leak,,3,146.180,,,0,0,0,0,,,0,0,0,0,0,0,0
a-tune,10048,15,slow_leak,,1,364.707,,,0,0,0,0,,,0,0,0,0,0,0,0
a-tune,10048,23,slow_leak,,3,535.448,,550.000,1,37,285000000,0,,,0,0,0,0,0,0,0
a-tune,10049,3,cascade,contradict,3,58.584,,59.000,1,57,385000000,1,77.500,,0,0,0,0,0,0,0
a-tune,10049,6,slow_leak,,8,95.441,,113.000,1,44,320000000,1,131.500,,0,0,0,0,0,0,0
a-tune,10049,14,slow_leak,,5,184.539,,198.500,1,45,325000000,0,,,0,0,0,1,1,1,0
a-tune,10049,18,cascade,contradict,4,322.684,,323.000,1,32,260000000,1,341.500,,0,0,0,1,1,1,0
a-tune,10049,22,cascade,contradict,4,448.979,,449.500,1,42,310000000,1,468.000,,0,0,0,1,1,1,0
a-tune,10049,25,split_brain,mimic,1,466.283,,469.000,1,48,340000000,1,487.500,,0,0,0,0,0,0,0
a-tune,10049,26,slow_leak,,5,486.637,14,509.000,1,48,340000000,0,,,0,0,0,1,1,1,0
a-tune,10050,2,cascade,mimic,4,43.434,,44.500,1,30,250000000,0,,,0,0,0,0,0,0,0
a-tune,10050,3,split_brain,contradict,9,88.457,,89.500,1,30,250000000,0,,,0,0,0,0,0,0,0
a-tune,10050,15,split_brain,contradict,9,289.577,3,295.500,1,33,265000000,0,,,0,0,0,0,0,0,0
a-tune,10050,18,cascade,mimic,6,360.961,,361.500,1,36,280000000,0,,,0,0,0,0,0,0,0
a-tune,10051,0,cascade,mimic,10,91.342,,91.500,1,31,255000000,0,,,0,0,0,0,0,0,0
a-tune,10051,2,split_brain,mimic,3,117.991,,118.500,1,37,285000000,1,137.000,,0,0,0,0,0,0,0
a-tune,10051,3,cascade,mimic,10,182.980,0,183.000,1,32,260000000,1,201.500,,0,0,0,0,0,0,0
a-tune,10051,10,split_brain,mimic,3,269.323,2,272.000,1,41,305000000,0,,137.000,1,1,1,0,1,1,0
a-tune,10051,19,slow_leak,,10,437.844,,450.500,1,28,240000000,1,469.000,,0,0,0,0,0,0,0
a-tune,10051,20,split_brain,contradict,0,445.972,,446.000,1,58,390000000,1,464.500,,0,0,0,0,0,0,0
a-tune,10053,11,compound,contradict,3,158.370,,162.500,1,42,310000000,1,181.000,,0,0,0,0,0,0,0
a-tune,10053,22,cascade,contradict,6,304.784,,308.000,1,39,295000000,1,326.500,,0,0,0,0,0,0,0
a-tune,10053,23,compound,contradict,3,340.409,11,343.000,1,40,300000000,1,361.500,181.000,1,1,1,0,1,1,0
a-tune,10053,30,split_brain,mimic,2,502.271,,510.000,1,57,385000000,0,,,0,0,0,0,0,0,0
a-tune,10054,5,split_brain,mimic,10,93.925,,97.500,1,32,260000000,0,,,0,0,0,0,0,0,0
a-tune,10054,8,split_brain,contradict,7,143.087,,143.500,1,23,215000000,1,162.000,,0,0,0,0,0,0,0
a-tune,10054,12,split_brain,mimic,10,259.766,5,,0,0,0,0,,,0,0,0,0,0,0,0
a-tune,10054,16,compound,mimic,7,311.835,,312.500,1,34,270000000,1,331.000,,0,0,0,0,0,0,0
a-tune,10054,23,split_brain,mimic,10,393.768,12,403.000,1,24,220000000,0,,,0,0,0,0,0,0,0
a-tune,10054,27,split_brain,contradict,0,473.494,,474.000,1,46,330000000,0,,,0,0,0,1,1,1,0
a-tune,10055,20,split_brain,contradict,7,370.918,,374.500,1,34,270000000,0,,,0,0,0,0,0,0,0
a-tune,10057,18,split_brain,mimic,3,448.088,,449.500,1,39,295000000,0,,,0,0,0,0,0,0,0
a-tune,10058,20,split_brain,contradict,4,305.548,,308.000,1,41,305000000,1,326.500,,0,0,0,0,0,0,0
a-tune,10060,4,cascade,mimic,5,40.883,,41.000,1,46,330000000,0,,,0,0,0,0,0,0,0
a-tune,10060,20,split_brain,contradict,6,274.824,,281.500,1,36,280000000,1,300.000,,0,0,0,0,0,0,0
a-tune,10060,21,compound,contradict,0,317.361,,318.000,1,49,345000000,1,336.500,,0,0,0,0,0,0,0
a-tune,10061,17,cascade,mimic,8,282.531,,284.000,1,35,275000000,1,302.500,,0,0,0,0,0,0,0
a-tune,10062,1,split_brain,contradict,8,64.566,,68.500,1,27,235000000,0,,,0,0,0,0,0,0,0
a-tune,10062,11,slow_leak,,8,242.071,,258.000,1,39,295000000,1,276.500,,0,0,0,0,0,0,0
a-tune,10062,22,compound,mimic,0,363.434,,364.000,1,61,405000000,1,382.500,,0,0,0,0,0,0,0
a-tune,10063,17,split_brain,mimic,2,374.704,,376.500,1,44,320000000,1,395.000,,0,0,0,0,0,0,0
a-tune,10063,21,split_brain,contradict,0,487.529,,489.000,1,51,355000000,1,507.500,,0,0,0,0,0,0,0
a-tune,10064,4,split_brain,contradict,3,112.471,,112.500,1,39,295000000,1,131.000,,0,0,0,0,0,0,0
a-tune,10064,13,slow_leak,,0,208.090,,,0,0,0,0,,,0,0,0,0,0,0,0
a-tune,10064,16,slow_leak,,9,277.134,,291.000,1,39,295000000,1,309.500,,0,0,0,0,0,0,0
a-tune,10064,26,split_brain,mimic,0,522.850,,523.000,1,43,315000000,0,,,0,0,0,0,0,0,0
a-tune,10065,9,slow_leak,,7,155.544,,,0,0,0,0,,,0,0,0,0,0,0,0
a-tune,10065,29,split_brain,contradict,10,500.491,,505.000,1,34,270000000,0,,,0,0,0,0,0,0,0
a-tune,10066,5,compound,mimic,2,52.332,,,0,0,0,0,,,0,0,0,0,0,0,0
a-tune,10066,10,slow_leak,,6,192.076,,205.500,1,36,280000000,1,224.000,,0,0,0,0,0,0,0
a-tune,10066,15,compound,mimic,2,266.624,5,269.000,1,38,290000000,1,287.500,,0,0,0,0,0,0,0
a-tune,10066,16,compound,contradict,7,273.548,,274.000,1,30,250000000,1,292.500,,0,0,0,0,0,0,0
a-tune,10066,20,compound,contradict,7,375.012,16,378.500,1,40,300000000,1,397.000,292.500,1,1,1,0,1,1,0
a-tune,10066,28,compound,mimic,2,508.738,15,511.500,1,44,320000000,1,530.000,287.500,1,1,0,0,1,1,1
a-tune,10067,4,cascade,contradict,5,167.124,,167.500,1,37,285000000,0,,,0,0,0,0,0,0,0
a-tune,10068,6,compound,contradict,0,128.577,,129.000,1,47,335000000,1,147.500,,0,0,0,0,0,0,0
a-tune,10069,3,compound,mimic,4,69.685,,73.000,1,50,350000000,1,91.500,,0,0,0,0,0,0,0
a-tune,10069,27,compound,contradict,7,511.384,,515.500,1,34,270000000,1,534.000,,0,0,0,0,0,0,0
a-tune,10071,0,cascade,mimic,2,11.214,,11.500,1,66,430000000,0,,,0,0,0,0,0,0,0
a-tune,10071,11,cascade,mimic,2,161.982,0,162.000,1,66,430000000,0,,,0,0,0,0,0,0,0
a-tune,10072,8,cascade,contradict,8,197.362,,199.000,1,32,260000000,1,217.500,,0,0,0,0,0,0,0
a-tune,10072,19,slow_leak,,5,522.480,,,0,0,0,0,,,0,0,0,0,0,0,0
a-tune,10073,6,compound,mimic,0,183.654,,184.000,1,58,390000000,1,202.500,,0,0,0,0,0,0,0
a-tune,10073,19,slow_leak,,1,455.014,,468.000,1,44,320000000,1,486.500,,0,0,0,0,0,0,0
a-tune,10075,0,cascade,contradict,8,20.566,,21.000,1,29,245000000,1,39.500,,0,0,0,0,0,0,0
a-tune,10075,1,split_brain,contradict,1,45.753,,46.000,2,92,660000000,1,64.500,,0,0,0,0,0,0,0
a-tune,10075,14,cascade,mimic,1,401.264,,401.500,1,62,410000000,0,,,0,0,0,0,0,0,0
a-tune,10075,15,slow_leak,,4,430.892,,,0,0,0,0,,,0,0,0,0,0,0,0
a-tune,10075,16,slow_leak,,9,450.323,,,0,0,0,0,,,0,0,0,0,0,0,0
a-tune,10076,3,compound,mimic,2,60.287,,,0,0,0,0,,,0,0,0,0,0,0,0
a-tune,10076,5,compound,contradict,9,130.060,,130.500,1,36,280000000,0,,,0,0,0,0,0,0,0
a-tune,10076,6,split_brain,mimic,0,150.392,,150.500,1,42,310000000,0,,,0,0,0,0,0,0,0
a-tune,10076,7,compound,mimic,2,173.347,3,173.500,1,57,385000000,1,192.000,,0,0,0,0,0,0,0
a-tune,10076,11,split_brain,mimic,0,220.173,6,221.500,1,58,390000000,0,,,0,0,0,0,0,0,0
a-tune,10076,21,compound,contradict,9,394.081,5,394.500,1,25,225000000,1,413.000,,0,0,0,0,0,0,0
a-tune,10076,25,compound,contradict,9,515.273,5,516.500,1,36,280000000,1,535.000,,0,1,0,1,1,1,0
a-tune,10077,3,cascade,contradict,1,17.819,,18.000,1,33,265000000,1,36.500,,0,0,0,0,0,0,0
a-tune,10077,8,cascade,contradict,1,110.579,3,111.000,1,28,240000000,1,129.500,36.500,1,1,1,0,1,1,0
a-tune,10078,9,slow_leak,,1,353.728,,,0,0,0,0,,,0,0,0,0,0,0,0
a-tune,10079,0,split_brain,mimic,1,18.081,,18.500,1,42,310000000,1,37.000,,0,0,0,0,0,0,0
a-tune,10079,8,split_brain,mimic,1,141.483,0,144.000,1,43,315000000,0,,37.000,1,1,1,0,1,1,0
a-tune,10080,3,slow_leak,,6,95.054,,106.000,1,34,270000000,0,,,0,0,0,0,0,0,0
a-tune,10080,5,split_brain,contradict,5,123.820,,124.000,1,32,260000000,0,,,0,0,0,0,0,0,0
a-tune,10080,21,cascade,mimic,1,504.760,,505.000,2,101,705000000,0,,,0,0,0,0,0,0,0
a-tune,10081,9,slow_leak,,1,108.597,,,0,0,0,0,,,0,0,0,0,0,0,0
a-tune,10081,20,compound,mimic,0,388.017,,388.500,1,54,370000000,1,407.000,,0,0,0,0,0,0,0
a-tune,10082,0,compound,mimic,1,70.955,,71.000,1,40,300000000,1,89.500,,0,0,0,0,0,0,0
a-tune,10082,3,cascade,contradict,3,109.906,,110.000,1,35,275000000,1,131.500,,0,0,0,0,0,0,0
a-tune,10082,8,compound,mimic,9,272.696,,278.500,1,39,295000000,1,297.000,,0,0,0,1,1,0,0
a-tune,10083,0,split_brain,mimic,5,5.228,,5.500,2,63,515000000,0,,,0,0,0,0,0,0,0
a-tune,10083,6,slow_leak,,5,91.158,,,0,0,0,0,,,0,0,0,0,0,0,0
a-tune,10083,7,slow_leak,,1,113.405,,,0,0,0,0,,,0,0,0,0,0,0,0
a-tune,10083,16,split_brain,mimic,5,352.397,0,352.500,1,34,270000000,0,,,0,0,0,0,0,0,0
a-tune,10083,21,split_brain,contradict,0,380.745,,384.500,1,65,425000000,1,403.000,,0,0,0,0,0,0,0
a-tune,10083,26,slow_leak,,6,480.556,,495.000,1,32,260000000,0,,,0,0,0,0,0,0,0
a-tune,10083,29,slow_leak,,1,488.297,7,507.500,1,48,340000000,0,,,0,0,0,0,0,0,0
a-tune,10084,6,compound,contradict,2,175.935,,176.000,1,46,330000000,1,194.500,,0,0,0,0,0,0,0
a-tune,10084,16,cascade,contradict,7,408.940,,411.500,1,34,270000000,1,430.000,,0,0,0,0,0,0,0
a-tune,10086,18,compound,mimic,8,328.664,,336.500,1,49,345000000,1,355.000,,0,0,0,0,0,0,0
a-tune,10087,12,cascade,mimic,8,263.061,,263.500,1,29,245000000,0,,,0,0,0,0,0,0,0
a-tune,10087,21,compound,contradict,5,408.744,,409.000,1,35,275000000,1,427.500,,0,0,0,0,0,0,0
a-tune,10087,25,cascade,mimic,3,496.243,,500.500,1,33,265000000,0,,,0,0,0,0,0,0,0
a-tune,10088,3,compound,mimic,8,53.832,,60.500,1,27,235000000,1,79.000,,0,0,0,0,0,0,0
a-tune,10088,7,compound,mimic,11,175.917,,176.000,1,27,235000000,1,194.500,,0,0,0,1,1,1,0
a-tune,10088,9,compound,mimic,3,224.718,,225.000,1,42,310000000,0,,,0,0,0,1,1,0,0
a-tune,10088,18,compound,mimic,8,367.283,3,369.500,1,40,300000000,1,388.000,79.000,1,1,0,0,1,1,1
a-tune,10089,0,compound,mimic,7,4.709,,5.000,1,30,250000000,0,,,0,0,0,0,0,0,0
a-tune,10089,1,compound,contradict,0,18.947,,29.000,0,0,0,0,,,0,0,0,0,0,0,0
a-tune,10089,3,cascade,contradict,4,59.650,,60.000,1,53,365000000,1,78.500,,0,0,0,0,0,0,0
a-tune,10089,5,cascade,contradict,4,145.297,3,145.500,1,49,345000000,0,,78.500,1,1,1,0,1,1,0
a-tune,10089,6,compound,contradict,0,153.081,1,153.500,1,53,365000000,1,172.000,,0,0,0,0,0,0,0
a-tune,10089,8,compound,mimic,7,230.205,0,234.000,1,32,260000000,1,252.500,,0,0,0,0,0,0,0
a-tune,10089,21,compound,mimic,5,452.297,,456.500,1,38,290000000,1,475.000,,0,0,0,1,1,0,0
a-tune,10089,26,compound,contradict,0,508.983,6,512.000,1,59,395000000,1,530.500,172.000,1,1,1,0,1,1,0
a-tune,10089,27,compound,contradict,2,514.016,,514.500,1,54,370000000,1,533.000,,0,0,0,1,1,0,0
a-tune,10090,2,cascade,contradict,4,159.614,,160.000,1,40,300000000,1,178.500,,0,0,0,0,0,0,0
a-tune,10090,17,cascade,contradict,2,371.697,,374.500,1,51,355000000,0,,,0,0,0,1,1,0,0
a-tune,10090,21,slow_leak,,3,425.606,,,0,0,0,0,,,0,0,0,0,0,0,0
a-tune,10090,24,cascade,contradict,2,466.302,17,467.000,2,85,625000000,1,485.500,,0,0,0,1,1,0,1
a-tune,10091,0,cascade,contradict,4,26.327,,26.500,1,29,245000000,1,45.000,,0,0,0,0,0,0,0
a-tune,10091,5,split_brain,contradict,7,92.875,,93.000,1,25,225000000,1,111.500,,0,0,0,0,0,0,0
a-tune,10091,21,compound,contradict,5,487.269,,487.500,1,50,350000000,1,506.000,,0,0,0,0,0,0,0
a-tune,10092,11,split_brain,contradict,4,211.061,,213.500,1,38,290000000,1,232.000,,0,0,0,0,0,0,0
a-tune,10093,27,split_brain,contradict,4,481.178,,484.000,1,37,285000000,0,,,0,0,0,0,0,0,0
a-tune,10093,30,compound,mimic,6,508.139,,514.000,1,35,275000000,1,532.500,,0,0,0,0,0,0,0
a-tune,10094,0,split_brain,mimic,1,2.640,,3.000,1,37,285000000,1,21.500,,0,0,0,0,0,0,0
a-tune,10094,3,split_brain,mimic,1,101.650,0,103.000,1,41,305000000,0,,21.500,1,1,1,0,1,1,0
a-tune,10094,22,slow_leak,,2,406.381,,,0,0,0,0,,,0,0,0,0,0,0,0
a-tune,10095,0,cascade,mimic,2,12.999,,13.500,1,37,285000000,0,,,0,0,0,0,0,0,0
a-tune,10095,4,split_brain,contradict,4,76.274,,78.500,1,36,280000000,1,97.000,,0,0,0,0,0,0,0
a-tune,10095,8,cascade,mimic,2,178.881,0,179.000,1,39,295000000,0,,,0,0,0,0,0,0,0
a-tune,10095,16,split_brain,contradict,4,369.397,,376.000,1,44,320000000,1,394.500,,0,0,0,1,1,1,0
a-tune,10095,18,cascade,mimic,6,440.173,,444.000,1,37,285000000,0,,,0,0,0,0,0,0,0
a-tune,10096,12,cascade,contradict,6,230.298,,230.500,1,28,240000000,0,,,0,0,0,0,0,0,0
a-tune,10097,17,slow_leak,,7,501.487,,,0,0,0,0,,,0,0,0,0,0,0,0
a-tune,10098,8,compound,mimic,6,198.384,,198.500,1,35,275000000,1,217.000,,0,0,0,0,0,0,0
a-tune,10098,16,compound,contradict,6,373.355,,376.000,1,38,290000000,1,394.500,,0,0,0,0,0,0,0
a-heldout,40000,19,slow_leak,,4,335.188,,,0,0,0,0,,,0,0,0,0,0,0,0
a-heldout,40001,14,split_brain,contradict,10,314.956,,321.500,1,40,300000000,1,340.000,,0,0,0,0,0,0,0
a-heldout,40003,0,split_brain,mimic,7,26.913,,28.000,2,39,395000000,0,,,0,0,0,0,0,0,0
a-heldout,40003,8,compound,mimic,7,149.508,,152.000,1,40,300000000,1,170.500,,0,0,0,0,0,0,0
a-heldout,40003,27,slow_leak,,9,420.648,,,0,0,0,0,,,0,0,0,0,0,0,0
a-heldout,40004,1,cascade,mimic,5,86.502,,87.000,1,33,265000000,1,105.500,,0,0,0,0,0,0,0
a-heldout,40004,7,slow_leak,,2,308.675,,,0,0,0,0,,,0,0,0,0,0,0,0
a-heldout,40004,24,split_brain,contradict,7,492.635,,497.000,1,42,310000000,1,515.500,,0,0,0,0,0,0,0
a-heldout,40005,1,split_brain,contradict,7,11.589,,12.000,1,18,190000000,0,,,0,0,0,0,0,0,0
a-heldout,40005,9,cascade,mimic,7,232.571,,233.500,1,35,275000000,0,,,0,0,0,0,0,0,0
a-heldout,40005,19,split_brain,contradict,7,490.491,1,,0,0,0,0,,,0,0,0,0,0,0,0
a-heldout,40007,6,cascade,contradict,7,165.979,,167.500,1,36,280000000,0,,,0,0,0,0,0,0,0
a-heldout,40007,14,slow_leak,,8,331.890,,348.000,1,34,270000000,0,,,0,0,0,0,0,0,0
a-heldout,40008,3,cascade,contradict,5,74.742,,76.000,1,26,230000000,0,,,0,0,0,0,0,0,0
a-heldout,40009,0,compound,contradict,7,6.682,,7.000,1,33,265000000,1,25.500,,0,0,0,0,0,0,0
a-heldout,40009,3,compound,contradict,7,109.966,0,110.000,1,35,275000000,1,128.500,25.500,1,1,1,0,1,1,0
a-heldout,40009,8,compound,contradict,7,237.192,3,237.500,1,33,265000000,1,256.000,128.500,1,1,0,0,1,1,1
a-heldout,40009,15,cascade,mimic,9,361.846,,364.500,1,33,265000000,0,,,0,0,0,0,0,0,0
a-heldout,40010,3,cascade,mimic,7,59.879,,62.500,1,34,270000000,0,,,0,0,0,0,0,0,0
a-heldout,40011,5,slow_leak,,1,127.906,,140.500,1,41,305000000,1,159.000,,0,0,0,0,0,0,0
a-heldout,40011,11,cascade,contradict,2,218.688,,219.000,1,48,340000000,1,237.500,,0,0,0,0,0,0,0
a-heldout,40011,21,compound,contradict,0,378.111,,380.000,1,82,510000000,1,398.500,,0,0,0,0,0,0,0
a-heldout,40011,30,slow_leak,,0,524.560,,,0,0,0,0,,,0,0,0,1,1,1,0
a-heldout,40012,0,slow_leak,,1,8.894,,18.500,1,32,260000000,1,37.000,,0,0,0,0,0,0,0
a-heldout,40012,7,split_brain,contradict,8,233.798,,236.500,2,57,485000000,1,255.000,,0,0,0,0,0,0,0
a-heldout,40014,7,compound,mimic,7,147.747,,,0,0,0,0,,,0,0,0,0,0,0,0
a-heldout,40014,9,compound,contradict,5,172.549,,174.000,1,33,265000000,1,192.500,,0,0,0,0,0,0,0
a-heldout,40015,21,split_brain,mimic,0,412.999,,413.500,1,56,380000000,0,,,0,0,0,0,0,0,0
a-heldout,40016,15,compound,mimic,1,462.053,,462.500,1,42,310000000,1,481.000,,0,0,0,0,0,0,0
a-heldout,40017,9,split_brain,contradict,0,127.565,,128.000,1,53,365000000,1,146.500,,0,0,0,0,0,0,0
a-heldout,40017,14,split_brain,contradict,0,252.959,9,259.000,1,50,350000000,1,277.500,146.500,1,1,1,0,1,1,0
a-heldout,40017,22,compound,contradict,5,425.537,,430.000,1,38,290000000,1,448.500,,0,0,0,0,0,0,0
a-heldout,40018,1,cascade,contradict,5,55.764,,56.000,1,32,260000000,1,74.500,,0,0,0,0,0,0,0
a-heldout,40018,9,cascade,mimic,7,211.044,,211.500,1,26,230000000,0,,,0,0,0,0,0,0,0
a-heldout,40018,10,compound,contradict,6,254.568,,256.000,1,34,270000000,0,,,0,0,0,0,0,0,0
a-heldout,40018,15,slow_leak,,6,416.874,,,0,0,0,0,,,0,0,0,0,0,0,0
a-heldout,40019,2,slow_leak,,3,20.072,,32.500,1,42,310000000,1,51.000,,0,0,0,0,0,0,0
a-heldout,40019,9,slow_leak,,3,135.813,2,150.500,1,39,295000000,1,169.000,51.000,1,1,1,0,1,1,0
a-heldout,40019,17,split_brain,contradict,7,425.049,,426.500,1,25,225000000,1,445.000,,0,0,0,0,0,0,0
a-heldout,40019,22,slow_leak,,5,465.429,,480.000,1,36,280000000,1,498.500,,0,0,0,1,1,1,0
a-heldout,40020,5,compound,contradict,6,186.126,,186.500,1,29,245000000,1,205.000,,0,0,0,0,0,0,0
a-heldout,40020,9,split_brain,contradict,2,272.729,,274.000,1,37,285000000,1,292.500,,0,0,0,0,0,0,0
a-heldout,40020,17,compound,contradict,6,381.567,5,386.500,1,32,260000000,1,405.000,205.000,1,1,0,0,1,1,1
a-heldout,40021,1,slow_leak,,8,29.475,,,0,0,0,0,,,0,0,0,0,0,0,0
a-heldout,40021,5,slow_leak,,8,122.712,1,,0,0,0,0,,,0,0,0,0,0,0,0
a-heldout,40021,9,cascade,mimic,3,228.779,,230.000,1,34,270000000,0,,,0,0,0,0,0,0,0
a-heldout,40021,16,slow_leak,,8,387.492,1,405.000,1,37,285000000,0,,,0,0,0,0,0,0,0
a-heldout,40021,20,cascade,contradict,6,499.723,,500.000,1,36,280000000,0,,,0,0,0,0,0,0,0
a-heldout,40021,21,cascade,contradict,8,526.646,,531.500,1,37,285000000,1,550.000,,0,0,0,0,0,0,0
a-heldout,40022,8,slow_leak,,0,135.367,,,0,0,0,0,,,0,0,0,0,0,0,0
a-heldout,40022,26,slow_leak,,7,490.156,,,0,0,0,0,,,0,0,0,0,0,0,0
a-heldout,40022,28,slow_leak,,0,530.078,8,,0,0,0,0,,,0,0,0,0,0,0,0
a-heldout,40023,1,slow_leak,,9,104.875,,,0,0,0,0,,,0,0,0,0,0,0,0
a-heldout,40023,19,split_brain,contradict,3,478.381,,479.500,1,33,265000000,1,498.000,,0,0,0,0,0,0,0
a-heldout,40024,16,compound,contradict,9,386.928,,387.000,1,27,235000000,1,405.500,,0,0,0,0,0,0,0
a-heldout,40024,17,slow_leak,,8,396.878,,,0,0,0,0,,,0,0,0,0,0,0,0
a-heldout,40024,18,split_brain,contradict,4,398.402,,401.000,1,30,250000000,1,419.500,,0,0,0,0,0,0,0
a-heldout,40025,1,slow_leak,,2,25.709,,,0,0,0,0,,,0,0,0,0,0,0,0
a-heldout,40025,5,slow_leak,,2,102.126,1,114.000,1,34,270000000,1,132.500,,0,0,0,0,0,0,0
a-heldout,40025,7,split_brain,contradict,0,138.658,,139.000,1,50,350000000,1,157.500,,0,0,0,0,0,0,0
a-heldout,40025,9,slow_leak,,2,173.985,1,189.500,1,30,250000000,0,,,0,1,0,1,1,1,0
a-heldout,40025,21,slow_leak,,2,528.173,5,542.000,1,40,300000000,0,,132.500,1,1,1,0,1,1,0
a-heldout,40026,19,cascade,contradict,5,242.464,,243.000,1,35,275000000,1,261.500,,0,0,0,0,0,0,0
a-heldout,40026,20,slow_leak,,7,260.793,,,0,0,0,0,,,0,0,0,0,0,0,0
a-heldout,40027,20,split_brain,contradict,1,376.020,,376.500,1,43,315000000,0,,,0,0,0,0,0,0,0
a-heldout,40028,11,split_brain,mimic,0,225.996,,226.500,1,48,340000000,0,,,0,0,0,0,0,0,0
a-heldout,40028,12,split_brain,mimic,8,257.336,,260.500,1,30,250000000,0,,,0,0,0,0,0,0,0
a-heldout,40028,18,slow_leak,,5,381.242,,396.500,1,36,280000000,1,415.000,,0,0,0,0,0,0,0
a-heldout,40028,20,cascade,contradict,8,397.936,,399.500,1,27,235000000,1,418.000,,0,0,0,0,0,0,0
a-heldout,40028,21,cascade,contradict,6,399.089,,401.000,1,42,310000000,1,419.500,,0,0,0,0,0,0,0
a-heldout,40028,22,cascade,contradict,8,497.090,20,497.500,1,32,260000000,1,516.000,418.000,1,1,1,0,1,1,0
a-heldout,40029,10,cascade,mimic,6,210.631,,,0,0,0,0,,,0,0,0,0,0,0,0
a-heldout,40029,24,cascade,mimic,3,508.466,,509.000,1,25,225000000,0,,,0,0,0,0,0,0,0
a-heldout,40030,4,cascade,mimic,2,114.783,,115.000,1,48,340000000,0,,,0,0,0,0,0,0,0
a-heldout,40030,7,split_brain,mimic,0,139.633,,141.500,1,54,370000000,0,,,0,0,0,0,0,0,0
a-heldout,40031,4,cascade,mimic,4,62.482,,62.500,1,52,360000000,1,81.000,,0,0,0,0,0,0,0
a-heldout,40031,6,split_brain,mimic,1,93.840,,99.000,1,50,350000000,0,,,0,0,0,0,0,0,0
a-heldout,40031,8,cascade,contradict,10,125.767,,126.000,1,25,225000000,1,144.500,,0,0,0,0,0,0,0
a-heldout,40031,12,cascade,mimic,4,179.466,4,179.500,1,46,330000000,0,,81.000,1,1,1,0,1,1,0
a-heldout,40031,14,slow_leak,,0,184.196,,,0,0,0,0,,,0,0,0,0,0,0,0
a-heldout,40032,2,compound,contradict,6,97.437,,97.500,1,41,305000000,1,116.000,,0,0,0,0,0,0,0
a-heldout,40032,15,cascade,contradict,11,240.977,,246.500,2,54,470000000,1,265.000,,0,0,0,0,0,0,0
a-heldout,40032,18,cascade,mimic,8,278.299,,279.500,1,28,240000000,0,,,0,0,0,0,0,0,0
a-heldout,40032,22,slow_leak,,9,325.213,,346.500,1,31,255000000,0,,,0,0,0,0,0,0,0
a-heldout,40035,18,compound,contradict,3,367.813,,369.000,1,47,335000000,1,387.500,,0,0,0,0,0,0,0
a-heldout,40035,23,compound,contradict,3,522.780,18,525.500,1,48,340000000,1,544.000,387.500,1,1,0,0,1,1,1
a-heldout,40036,3,cascade,mimic,5,59.870,,60.000,1,36,280000000,0,,,0,0,0,0,0,0,0
a-heldout,40036,4,compound,mimic,1,64.716,,65.000,1,68,440000000,1,83.500,,0,0,0,0,0,0,0
a-heldout,40036,7,split_brain,contradict,6,97.237,,106.000,1,37,285000000,1,124.500,,0,0,0,0,0,0,0
a-heldout,40036,9,split_brain,contradict,7,149.229,,154.000,1,32,260000000,1,172.500,,0,0,0,1,1,1,0
a-heldout,40036,12,compound,mimic,1,208.019,4,213.000,1,61,405000000,1,231.500,83.500,1,1,1,0,1,1,0
a-heldout,40036,15,cascade,mimic,2,265.539,,267.500,2,75,575000000,1,286.000,,0,0,0,0,0,0,0
a-heldout,40037,14,cascade,contradict,9,221.580,,223.500,0,0,0,0,,,0,0,0,0,0,0,0
a-heldout,40038,27,slow_leak,,3,501.800,,,0,0,0,0,,,0,0,0,0,0,0,0
a-heldout,40039,1,slow_leak,,0,35.271,,,0,0,0,0,,,0,0,0,0,0,0,0
a-heldout,40039,13,slow_leak,,4,225.146,,,0,0,0,0,,,0,0,0,0,0,0,0
a-heldout,40039,17,slow_leak,,4,302.397,13,316.500,1,41,305000000,1,335.000,,0,0,0,0,0,0,0
a-heldout,40040,1,cascade,mimic,1,37.328,,37.500,1,31,255000000,0,,,0,0,0,0,0,0,0
a-heldout,40040,6,compound,mimic,6,139.327,,145.500,1,43,315000000,1,164.000,,0,0,0,0,0,0,0
a-heldout,40040,14,cascade,contradict,3,255.988,,256.500,1,54,370000000,1,275.000,,0,0,0,0,0,0,0
a-heldout,40040,18,cascade,mimic,5,324.181,,329.500,1,39,295000000,0,,,0,0,0,0,0,0,0
a-heldout,40041,9,compound,contradict,5,145.525,,146.000,1,35,275000000,1,164.500,,0,0,0,0,0,0,0
a-heldout,40041,28,split_brain,contradict,7,514.315,,516.000,1,30,250000000,0,,,0,0,0,0,0,0,0
a-heldout,40042,11,cascade,mimic,4,255.427,,255.500,1,36,280000000,0,,,0,0,0,0,0,0,0
a-heldout,40042,20,compound,contradict,7,365.987,,366.500,1,37,285000000,1,385.000,,0,0,0,0,0,0,0
a-heldout,40042,21,compound,mimic,1,366.753,,367.000,1,62,410000000,1,385.500,,0,0,0,0,0,0,0
a-heldout,40043,3,slow_leak,,1,41.309,,56.500,1,38,290000000,0,,,0,0,0,0,0,0,0
a-heldout,40043,15,cascade,mimic,6,319.690,,320.000,1,26,230000000,0,,,0,0,0,0,0,0,0
a-heldout,40043,17,split_brain,mimic,3,394.255,,396.500,2,76,580000000,1,426.000,,0,0,0,0,0,0,0
a-heldout,40043,23,compound,mimic,1,490.711,,491.000,1,65,425000000,1,509.500,,0,0,0,0,0,0,0
a-heldout,40043,26,cascade,contradict,7,510.185,,514.000,1,35,275000000,1,532.500,,0,0,0,0,0,0,0
a-heldout,40044,2,split_brain,mimic,7,28.831,,33.000,1,43,315000000,1,51.500,,0,0,0,0,0,0,0
a-heldout,40044,22,split_brain,mimic,5,482.639,,483.000,1,31,255000000,0,,,0,0,0,1,1,1,0
a-heldout,40045,15,cascade,mimic,7,383.625,,391.000,1,39,295000000,0,,,0,0,0,0,0,0,0
a-heldout,40046,2,split_brain,mimic,6,52.067,,,0,0,0,0,,,0,0,0,0,0,0,0
a-heldout,40046,13,cascade,mimic,6,236.438,,237.000,1,31,255000000,1,255.500,,0,0,0,0,0,0,0
a-heldout,40046,24,split_brain,mimic,6,441.425,2,446.000,1,33,265000000,1,464.500,,0,0,0,0,0,0,0
a-heldout,40046,26,cascade,contradict,1,488.396,,489.000,2,90,650000000,0,,,0,0,0,0,0,0,0
a-heldout,40047,9,split_brain,mimic,0,110.875,,114.000,1,41,305000000,0,,,0,0,0,0,0,0,0
a-heldout,40047,13,split_brain,mimic,3,154.584,,158.500,1,45,325000000,0,,,0,0,0,0,0,0,0
a-heldout,40047,20,slow_leak,,3,378.362,,,0,0,0,0,,,0,0,0,0,0,0,0
a-heldout,40048,18,slow_leak,,8,367.919,,,0,0,0,0,,,0,0,0,0,0,0,0
a-heldout,40048,23,cascade,mimic,1,505.005,,506.000,2,61,505000000,1,524.500,,0,0,0,0,0,0,0
a-heldout,40048,25,compound,contradict,7,524.356,,526.000,1,38,290000000,1,544.500,,0,0,0,0,0,0,0
a-heldout,40049,5,slow_leak,,1,118.258,,132.500,1,51,355000000,1,151.000,,0,0,0,0,0,0,0
a-heldout,40049,15,split_brain,contradict,5,314.772,,316.500,1,36,280000000,0,,,0,0,0,0,0,0,0
a-heldout,40049,21,compound,mimic,8,393.274,,397.000,1,44,320000000,1,415.500,,0,0,0,0,0,0,0
a-heldout,40049,22,slow_leak,,1,407.604,5,424.500,1,38,290000000,0,,151.000,1,1,1,0,1,1,0
a-heldout,40049,24,slow_leak,,0,446.342,,460.500,1,61,405000000,1,479.000,,0,0,0,1,1,1,0
a-heldout,40050,1,slow_leak,,1,53.177,,67.500,1,40,300000000,1,86.000,,0,0,0,0,0,0,0
a-heldout,40050,5,compound,mimic,2,75.014,,75.500,1,56,380000000,1,94.000,,0,0,0,0,0,0,0
a-heldout,40050,7,split_brain,mimic,3,178.678,,179.000,1,39,295000000,0,,,0,0,0,0,0,0,0
a-heldout,40050,10,compound,contradict,8,225.515,,227.000,1,33,265000000,1,245.500,,0,0,0,0,0,0,0
a-heldout,40051,8,compound,contradict,7,255.338,,255.500,1,29,245000000,1,274.000,,0,0,0,0,0,0,0
a-heldout,40051,14,split_brain,contradict,2,393.025,,393.500,1,53,365000000,0,,,0,0,0,0,0,0,0
a-heldout,40051,17,compound,mimic,1,455.057,,455.500,1,67,435000000,1,474.000,,0,0,0,0,0,0,0
a-heldout,40052,10,compound,mimic,2,197.799,,202.000,1,53,365000000,1,220.500,,0,0,0,0,0,0,0
a-heldout,40053,1,cascade,mimic,2,71.128,,71.500,1,26,230000000,0,,,0,0,0,0,0,0,0
a-heldout,40053,15,cascade,mimic,2,297.195,1,300.000,1,38,290000000,0,,,0,0,0,0,0,0,0
a-heldout,40053,20,cascade,mimic,2,372.814,,378.500,1,35,275000000,0,,,0,0,0,0,0,0,0
a-heldout,40055,0,compound,contradict,3,80.196,,80.500,1,50,350000000,1,99.000,,0,0,0,0,0,0,0
a-heldout,40055,8,compound,contradict,3,247.339,0,254.500,1,55,375000000,1,273.000,99.000,1,1,0,0,1,1,1
a-heldout,40055,16,split_brain,mimic,5,359.222,,365.000,1,38,290000000,1,383.500,,0,0,0,0,0,0,0
a-heldout,40056,3,split_brain,mimic,4,144.783,,145.000,1,37,285000000,1,163.500,,0,0,0,0,0,0,0
a-heldout,40056,11,split_brain,mimic,4,301.012,3,302.500,2,73,565000000,0,,163.500,1,1,1,0,1,1,0
a-heldout,40056,16,cascade,mimic,5,432.846,,433.000,1,33,265000000,0,,,0,0,0,0,0,0,0
a-heldout,40056,17,slow_leak,,6,453.515,,,0,0,0,0,,,0,0,0,0,0,0,0
a-heldout,40057,0,compound,contradict,8,37.248,,37.500,1,33,265000000,1,56.000,,0,0,0,0,0,0,0
a-heldout,40057,3,slow_leak,,4,153.168,,170.000,1,33,265000000,1,188.500,,0,0,0,0,0,0,0
a-heldout,40057,5,compound,mimic,6,175.535,,176.000,1,34,270000000,1,202.000,,0,0,0,0,0,0,0
a-heldout,40057,8,split_brain,mimic,7,241.663,,243.000,1,30,250000000,0,,,0,0,0,0,0,0,0
a-heldout,40057,12,cascade,mimic,3,353.554,,354.000,1,40,300000000,0,,,0,0,0,0,0,0,0
a-heldout,40057,18,compound,mimic,6,490.390,5,494.000,1,48,340000000,1,512.500,202.000,1,1,0,0,1,1,1
a-heldout,40059,8,cascade,contradict,9,142.221,,142.500,1,34,270000000,1,161.000,,0,0,0,0,0,0,0
a-heldout,40059,9,split_brain,contradict,4,149.053,,149.500,1,46,330000000,1,168.000,,0,0,0,0,0,0,0
a-heldout,40059,17,split_brain,mimic,2,283.660,,285.000,1,40,300000000,0,,,0,0,0,0,0,0,0
a-heldout,40059,18,split_brain,contradict,4,305.972,9,308.500,1,45,325000000,1,327.000,168.000,1,1,1,0,1,1,0
a-heldout,40060,22,compound,mimic,10,325.923,,335.500,1,38,290000000,1,354.000,,0,0,0,0,0,0,0
a-heldout,40062,16,compound,contradict,8,393.593,,394.000,1,37,285000000,1,412.500,,0,0,0,0,0,0,0
a-heldout,40064,7,cascade,mimic,3,158.365,,160.500,1,42,310000000,0,,,0,0,0,0,0,0,0
a-heldout,40064,16,split_brain,contradict,8,358.723,,364.000,1,34,270000000,0,,,0,0,0,0,0,0,0
a-heldout,40064,22,compound,contradict,4,435.459,,436.000,2,77,585000000,0,,,0,0,0,0,0,0,0
a-heldout,40065,11,compound,contradict,11,181.016,,,0,0,0,0,,,0,0,0,0,0,0,0
a-heldout,40065,19,split_brain,contradict,11,287.705,,293.500,1,30,250000000,0,,,0,0,0,0,0,0,0
a-heldout,40066,5,compound,contradict,0,71.110,,71.500,1,61,405000000,1,90.000,,0,0,0,0,0,0,0
a-heldout,40066,9,split_brain,contradict,1,101.966,,103.000,1,46,330000000,1,121.500,,0,0,0,0,0,0,0
a-heldout,40066,25,split_brain,mimic,5,451.946,,460.500,1,55,375000000,0,,,0,0,0,0,0,0,0
a-heldout,40066,26,cascade,contradict,3,463.957,,468.500,1,34,270000000,1,487.000,,0,0,0,0,0,0,0
a-heldout,40067,17,split_brain,mimic,2,377.315,,379.500,1,46,330000000,0,,,0,0,0,0,0,0,0
a-heldout,40067,21,split_brain,mimic,1,436.910,,440.500,1,57,385000000,0,,,0,0,0,0,0,0,0
a-heldout,40068,4,compound,mimic,5,78.889,,82.500,1,47,335000000,1,101.000,,0,0,0,0,0,0,0
a-heldout,40068,21,cascade,contradict,4,445.863,,446.500,2,82,610000000,0,,,0,0,0,0,0,0,0
a-heldout,40068,23,split_brain,mimic,5,450.809,,465.000,0,0,0,0,,,0,0,0,0,0,0,0
a-heldout,40069,6,slow_leak,,11,182.485,,194.500,1,35,275000000,1,213.000,,0,0,0,0,0,0,0
a-heldout,40071,1,slow_leak,,2,17.978,,30.000,1,40,300000000,1,48.500,,0,0,0,0,0,0,0
a-heldout,40071,7,slow_leak,,1,110.948,,,0,0,0,0,,,0,0,0,1,1,1,0
a-heldout,40071,11,compound,contradict,2,176.661,,177.000,1,51,355000000,1,195.500,,0,0,0,0,0,0,0
a-heldout,40071,24,compound,contradict,5,438.767,,439.000,1,45,325000000,0,,,0,0,0,1,1,0,0
a-heldout,40071,26,cascade,mimic,7,470.142,,470.500,1,38,290000000,0,,,0,0,0,0,0,0,0
a-heldout,40071,30,slow_leak,,1,536.051,7,,0,0,0,0,,,0,0,0,1,1,1,0
a-heldout,40072,8,split_brain,mimic,0,323.245,,326.000,1,44,320000000,0,,,0,0,0,0,0,0,0
a-heldout,40073,5,split_brain,mimic,2,151.059,,151.500,1,50,350000000,0,,,0,0,0,0,0,0,0
a-heldout,40073,14,cascade,contradict,4,308.303,,308.500,1,41,305000000,0,,,0,0,0,0,0,0,0
a-heldout,40073,16,split_brain,contradict,8,319.981,,323.500,0,0,0,0,,,0,0,0,0,0,0,0
a-heldout,40073,22,split_brain,contradict,8,416.534,16,417.500,1,35,275000000,0,,,0,0,0,0,0,0,0
a-heldout,40074,0,cascade,mimic,1,3.450,,3.500,1,39,295000000,0,,,0,0,0,0,0,0,0
a-heldout,40074,6,cascade,mimic,1,129.661,0,130.000,1,51,355000000,0,,,0,0,0,0,0,0,0
a-heldout,40074,17,split_brain,mimic,0,301.542,,302.000,1,46,330000000,0,,,0,0,0,0,0,0,0
a-heldout,40074,26,cascade,mimic,1,516.711,6,517.000,1,64,420000000,0,,,0,0,0,0,0,0,0
a-heldout,40074,27,split_brain,mimic,0,527.637,17,529.000,1,46,330000000,0,,,0,0,0,0,0,0,0
a-heldout,40075,22,compound,contradict,8,373.743,,375.000,1,33,265000000,1,393.500,,0,0,0,0,0,0,0
a-heldout,40075,27,split_brain,mimic,0,459.187,,463.000,1,54,370000000,1,481.500,,0,0,0,0,0,0,0
a-heldout,40077,5,slow_leak,,3,91.971,,,0,0,0,0,,,0,0,0,0,0,0,0
a-heldout,40077,8,cascade,contradict,7,130.782,,132.000,1,30,250000000,0,,,0,0,0,0,0,0,0
a-heldout,40077,21,cascade,contradict,2,456.117,,458.000,1,48,340000000,1,476.500,,0,0,0,0,0,0,0
a-heldout,40078,1,cascade,mimic,8,27.402,,27.500,1,28,240000000,0,,,0,0,0,0,0,0,0
a-heldout,40078,14,cascade,mimic,8,282.691,1,284.500,1,31,255000000,1,303.000,,0,0,0,0,0,0,1
a-heldout,40079,4,split_brain,contradict,1,204.071,,204.500,1,33,265000000,1,223.000,,0,0,0,0,0,0,0
a-heldout,40079,11,split_brain,contradict,1,357.677,4,360.000,1,42,310000000,1,378.500,223.000,1,1,1,0,1,1,0
a-heldout,40080,1,compound,contradict,3,39.720,,40.000,1,52,360000000,1,58.500,,0,0,0,0,0,0,0
a-heldout,40080,26,cascade,contradict,8,470.048,,470.500,1,35,275000000,0,,,0,0,0,0,0,0,0
a-heldout,40081,0,cascade,contradict,5,26.683,,27.000,1,33,265000000,1,45.500,,0,0,0,0,0,0,0
a-heldout,40081,1,split_brain,contradict,0,68.000,,68.500,1,47,335000000,0,,,0,0,0,0,0,0,0
a-heldout,40082,12,slow_leak,,1,217.958,,234.000,1,49,345000000,0,,,0,0,0,0,0,0,0
a-heldout,40082,14,split_brain,mimic,0,233.221,,239.500,1,61,405000000,1,258.000,,0,0,0,0,0,0,0
a-heldout,40082,21,compound,contradict,5,377.585,,378.000,1,49,345000000,1,396.500,,0,0,0,0,0,0,0
a-heldout,40083,2,compound,contradict,4,37.540,,38.000,2,64,520000000,1,56.500,,0,0,0,0,0,0,0
a-heldout,40083,6,compound,contradict,4,111.461,2,,0,0,0,0,,56.500,1,1,1,0,1,1,0
a-heldout,40083,16,compound,contradict,4,389.316,6,389.500,1,39,295000000,1,408.000,,0,1,0,1,1,1,0
a-heldout,40085,3,split_brain,mimic,9,55.006,,58.000,1,31,255000000,0,,,0,0,0,0,0,0,0
a-heldout,40085,19,compound,mimic,4,376.679,,,0,0,0,0,,,0,0,0,0,0,0,0
a-heldout,40085,26,cascade,mimic,8,459.144,,464.000,1,34,270000000,0,,,0,0,0,0,0,0,0
a-heldout,40086,10,split_brain,contradict,8,295.841,,302.000,1,39,295000000,0,,,0,0,0,0,0,0,0
a-heldout,40086,18,compound,mimic,3,451.984,,454.500,1,40,300000000,1,473.000,,0,0,0,0,0,0,0
a-heldout,40087,4,compound,mimic,1,127.259,,127.500,1,55,375000000,1,146.000,,0,0,0,0,0,0,0
a-heldout,40089,3,slow_leak,,4,72.831,,85.000,1,43,315000000,0,,,0,0,0,0,0,0,0
a-heldout,40089,12,slow_leak,,4,180.728,3,198.500,1,44,320000000,1,217.000,,0,0,0,0,0,0,0
a-heldout,40089,22,split_brain,contradict,5,497.406,,499.000,1,32,260000000,0,,,0,0,0,0,0,0,0
a-heldout,40090,7,split_brain,contradict,2,170.474,,171.000,1,32,260000000,0,,,0,0,0,0,0,0,0
a-heldout,40090,15,cascade,contradict,2,467.314,,467.500,1,45,325000000,1,486.000,,0,0,0,0,0,0,0
a-heldout,40091,22,cascade,contradict,8,482.886,,483.000,1,34,270000000,1,501.500,,0,0,0,0,0,0,0
a-heldout,40092,2,cascade,contradict,2,66.930,,67.000,1,36,280000000,0,,,0,0,0,0,0,0,0
a-heldout,40092,9,slow_leak,,8,277.169,,,0,0,0,0,,,0,0,0,0,0,0,0
a-heldout,40092,14,compound,contradict,7,321.267,,322.500,1,30,250000000,0,,,0,0,0,0,0,0,0
a-heldout,40092,15,compound,contradict,2,333.599,,334.000,1,40,300000000,1,352.500,,0,0,0,0,0,0,0
a-heldout,40093,0,cascade,mimic,11,0.561,,1.000,1,23,215000000,0,,,0,0,0,0,0,0,0
a-heldout,40093,2,compound,mimic,2,66.683,,67.000,1,60,400000000,1,85.500,,0,0,0,0,0,0,0
a-heldout,40094,0,cascade,contradict,6,7.414,,7.500,1,48,340000000,0,,,0,0,0,0,0,0,0
a-heldout,40094,6,cascade,contradict,6,66.642,0,67.000,1,55,375000000,0,,,0,0,0,0,0,0,0
a-heldout,40094,16,compound,mimic,11,364.112,,,0,0,0,0,,,0,0,0,0,0,0,0
a-heldout,40094,19,compound,mimic,1,477.233,,477.500,1,41,305000000,1,496.000,,0,0,0,0,0,0,0
a-heldout,40094,24,slow_leak,,2,522.209,,539.500,1,54,370000000,0,,,0,0,0,0,0,0,0
a-heldout,40095,9,split_brain,contradict,6,174.394,,178.500,1,28,240000000,1,197.000,,0,0,0,0,0,0,0
a-heldout,40095,23,cascade,contradict,8,491.766,,495.000,1,36,280000000,1,513.500,,0,0,0,0,0,0,0
a-heldout,40096,4,cascade,mimic,4,84.061,,84.500,1,58,390000000,0,,,0,0,0,0,0,0,0
a-heldout,40096,9,split_brain,contradict,5,126.419,,129.000,1,35,275000000,1,147.500,,0,0,0,0,0,0,0
a-heldout,40096,12,split_brain,mimic,1,203.242,,205.500,1,49,345000000,0,,,0,0,0,0,0,0,0
a-heldout,40096,21,split_brain,contradict,5,378.824,9,383.000,2,60,500000000,0,,147.500,1,1,1,0,1,1,0
a-heldout,40097,5,compound,contradict,7,97.131,,97.500,1,41,305000000,1,116.000,,0,0,0,0,0,0,0
a-heldout,40097,24,cascade,mimic,4,452.370,,452.500,1,42,310000000,0,,,0,0,0,0,0,0,0
a-heldout,40097,27,split_brain,mimic,2,535.154,,539.000,1,53,365000000,0,,,0,0,0,0,0,0,0
a-heldout,40098,1,split_brain,mimic,0,13.713,,14.000,1,45,325000000,0,,,0,0,0,0,0,0,0
a-heldout,40098,4,cascade,contradict,6,59.154,,59.500,1,29,245000000,0,,,0,0,0,0,0,0,0
a-heldout,40100,0,compound,contradict,10,14.280,,14.500,1,30,250000000,1,33.000,,0,0,0,0,0,0,0
a-heldout,40100,8,cascade,mimic,8,196.783,,,0,0,0,0,,,0,0,0,0,0,0,0
a-heldout,40100,9,slow_leak,,11,206.770,,,0,0,0,0,,,0,0,0,0,0,0,0
a-heldout,40100,18,slow_leak,,11,343.637,9,,0,0,0,0,,,0,0,0,0,0,0,0
a-heldout,40100,20,slow_leak,,9,345.721,,362.000,1,40,300000000,1,380.500,,0,0,0,0,0,0,0
a-heldout,40100,27,slow_leak,,11,527.021,18,,0,0,0,0,,,0,0,0,1,1,1,0
a-heldout,40102,4,split_brain,contradict,4,119.183,,120.500,1,48,340000000,1,139.000,,0,0,0,0,0,0,0
a-heldout,40102,7,slow_leak,,7,229.512,,,0,0,0,0,,,0,0,0,0,0,0,0
a-heldout,40102,12,slow_leak,,5,327.857,,345.500,1,43,315000000,0,,,0,0,0,0,0,0,0
a-heldout,40102,15,cascade,contradict,4,352.518,,353.000,1,53,365000000,0,,,0,0,0,0,0,0,0
a-heldout,40103,4,slow_leak,,8,145.914,,158.000,1,29,245000000,1,176.500,,0,0,0,0,0,0,0
a-heldout,40103,11,split_brain,mimic,3,286.041,,286.500,1,37,285000000,0,,,0,0,0,0,0,0,0
a-heldout,40103,19,cascade,mimic,11,381.990,,383.500,1,28,240000000,0,,,0,0,0,0,0,0,0
a-heldout,40103,23,cascade,mimic,6,420.524,,421.000,1,39,295000000,0,,,0,0,0,0,0,0,0
a-heldout,40104,1,split_brain,mimic,4,30.541,,31.000,1,27,235000000,0,,,0,0,0,0,0,0,0
a-heldout,40104,8,split_brain,mimic,4,140.622,1,141.000,1,30,250000000,0,,,0,0,0,0,0,0,0
a-heldout,40104,16,split_brain,contradict,6,344.048,,352.000,1,32,260000000,0,,,0,0,0,0,0,0,0
a-heldout,40104,19,slow_leak,,9,434.410,,452.000,1,24,220000000,0,,,0,0,0,0,0,0,0
a-heldout,40104,20,slow_leak,,8,461.567,,,0,0,0,0,,,0,0,0,0,0,0,0
a-heldout,40105,4,cascade,mimic,6,89.209,,89.500,1,47,335000000,0,,,0,0,0,0,0,0,0
a-heldout,40105,11,cascade,mimic,6,302.902,4,303.000,2,53,465000000,0,,,0,0,0,0,0,0,0
a-heldout,40105,17,compound,mimic,3,371.666,,379.000,1,61,405000000,1,397.500,,0,0,0,0,0,0,0
a-heldout,40106,6,split_brain,mimic,1,162.655,,163.000,1,49,345000000,1,181.500,,0,0,0,0,0,0,0
a-heldout,40106,7,slow_leak,,5,194.295,,214.000,1,29,245000000,0,,,0,0,0,0,0,0,0
a-heldout,40106,13,compound,mimic,4,237.554,,240.500,1,49,345000000,1,259.000,,0,0,0,0,0,0,0
a-heldout,40106,16,slow_leak,,2,277.050,,,0,0,0,0,,,0,0,0,0,0,0,0
a-heldout,40106,21,compound,mimic,4,411.011,13,417.000,1,51,355000000,1,435.500,259.000,1,1,1,0,1,1,0
a-heldout,40107,7,compound,contradict,5,58.862,,70.000,1,35,275000000,1,88.500,,0,0,0,0,0,0,0
a-heldout,40107,14,compound,mimic,9,195.317,,198.500,1,43,315000000,1,217.000,,0,0,0,0,0,0,0
a-heldout,40107,15,split_brain,contradict,8,202.614,,205.500,1,34,270000000,1,224.000,,0,0,0,0,0,0,0
a-heldout,40108,1,compound,mimic,3,10.372,,10.500,1,35,275000000,1,29.000,,0,0,0,0,0,0,0
a-heldout,40108,5,split_brain,mimic,3,123.089,,127.500,1,32,260000000,0,,,0,0,0,0,0,0,0
a-heldout,40108,11,split_brain,mimic,3,255.886,5,263.000,1,49,345000000,0,,,0,0,0,0,0,0,0
a-heldout,40109,17,slow_leak,,1,354.819,,,0,0,0,0,,,0,0,0,0,0,0,0
a-heldout,40110,5,cascade,contradict,4,52.601,,54.000,1,32,260000000,1,72.500,,0,0,0,0,0,0,0
a-heldout,40111,4,split_brain,mimic,4,172.190,,175.500,2,78,590000000,1,198.500,,0,0,0,0,0,0,0
a-heldout,40111,12,cascade,contradict,6,276.084,,279.000,1,38,290000000,0,,,0,0,0,0,0,0,0
a-heldout,40112,0,cascade,mimic,5,2.265,,2.500,2,55,475000000,0,,,0,0,0,0,0,0,0
a-heldout,40112,4,slow_leak,,6,42.959,,58.000,1,42,310000000,1,76.500,,0,0,0,0,0,0,0
a-heldout,40112,8,cascade,mimic,7,189.586,,193.500,1,33,265000000,1,212.000,,0,0,0,0,0,0,0
a-heldout,40112,23,split_brain,mimic,5,391.813,,396.000,1,45,325000000,0,,,0,0,0,0,0,0,0
a-heldout,40113,0,cascade,contradict,7,5.041,,5.500,1,29,245000000,1,24.000,,0,0,0,0,0,0,0
a-heldout,40113,3,split_brain,mimic,2,61.548,,64.000,1,41,305000000,0,,,0,0,0,0,0,0,0
a-heldout,40113,4,cascade,contradict,7,87.519,0,88.000,1,32,260000000,1,106.500,24.000,1,1,1,0,1,1,0
a-heldout,40113,10,cascade,contradict,7,198.409,4,199.000,1,29,245000000,1,219.000,106.500,1,1,1,0,1,1,0
a-heldout,40113,16,slow_leak,,9,340.151,,,0,0,0,0,,,0,0,0,0,0,0,0
a-heldout,40113,24,cascade,contradict,7,475.732,0,478.500,1,31,255000000,1,497.000,24.000,1,1,0,0,1,1,1
a-heldout,40114,4,compound,mimic,2,74.332,,81.000,1,37,285000000,1,99.500,,0,0,0,0,0,0,0
a-heldout,40114,5,split_brain,contradict,1,76.408,,77.000,1,50,350000000,1,95.500,,0,0,0,0,0,0,0
a-heldout,40114,11,compound,contradict,3,317.784,,318.000,2,118,790000000,1,336.500,,0,0,0,0,0,0,0
a-heldout,40114,12,compound,mimic,2,326.932,4,330.000,1,40,300000000,1,348.500,99.500,1,1,0,0,1,1,1
a-heldout,40114,16,split_brain,contradict,1,404.887,5,405.500,1,47,335000000,0,,95.500,1,1,1,0,1,1,0
a-heldout,40115,15,split_brain,mimic,1,200.276,,204.000,1,43,315000000,0,,,0,0,0,0,0,0,0
a-heldout,40115,22,split_brain,mimic,2,259.274,,267.000,1,45,325000000,0,,,0,0,0,0,0,0,0
a-heldout,40115,30,split_brain,mimic,2,448.351,,448.500,1,31,255000000,0,,,0,0,0,0,0,0,0
a-heldout,40117,21,split_brain,contradict,1,329.102,,329.500,1,66,430000000,1,348.000,,0,0,0,0,0,0,0
a-heldout,40118,4,cascade,contradict,4,149.657,,151.500,1,33,265000000,1,170.000,,0,0,0,0,0,0,0
a-heldout,40118,8,cascade,contradict,9,249.131,,249.500,1,29,245000000,1,268.000,,0,0,0,1,1,0,0
a-heldout,40119,10,compound,mimic,4,153.728,,157.500,1,45,325000000,1,176.000,,0,0,0,0,0,0,0
a-heldout,40119,26,compound,mimic,4,388.021,10,389.500,1,34,270000000,1,417.000,176.000,1,1,1,0,1,1,0
a-heldout,40120,15,compound,contradict,0,423.181,,423.500,1,65,425000000,1,442.000,,0,0,0,0,0,0,0
a-heldout,40121,23,compound,contradict,6,419.934,,422.500,1,44,320000000,1,441.000,,0,0,0,0,0,0,0
a-heldout,40121,31,split_brain,contradict,2,518.201,,518.500,1,45,325000000,0,,,0,0,0,0,0,0,0
a-heldout,40122,1,slow_leak,,3,50.179,,64.500,1,45,325000000,1,83.000,,0,0,0,0,0,0,0
a-heldout,40122,14,split_brain,mimic,6,344.377,,348.500,1,38,290000000,1,367.000,,0,0,0,0,0,0,0
a-heldout,40122,23,slow_leak,,3,468.981,1,,0,0,0,0,,83.000,1,1,1,0,1,1,0
a-heldout,40123,2,cascade,mimic,4,42.004,,42.500,1,44,320000000,0,,,0,0,0,0,0,0,0
a-heldout,40123,17,split_brain,mimic,5,262.508,,265.000,1,28,240000000,1,283.500,,0,0,0,0,0,0,0
a-heldout,40123,26,slow_leak,,7,391.516,,406.000,1,39,295000000,1,424.500,,0,0,0,0,0,0,0
a-heldout,40124,2,split_brain,mimic,7,25.617,,26.000,1,39,295000000,1,44.500,,0,0,0,0,0,0,0
a-heldout,40124,15,cascade,contradict,4,193.855,,194.000,1,42,310000000,1,212.500,,0,0,0,0,0,0,0
a-heldout,40124,20,cascade,contradict,2,349.962,,350.500,1,48,340000000,0,,,0,0,0,1,1,0,0
a-heldout,40125,18,split_brain,mimic,9,322.520,,327.500,1,33,265000000,0,,,0,0,0,0,0,0,0
a-heldout,40125,22,split_brain,mimic,5,418.553,,435.000,1,48,340000000,1,453.500,,0,0,0,0,0,0,0
a-heldout,40126,12,split_brain,contradict,5,196.862,,199.500,1,42,310000000,0,,,0,0,0,0,0,0,0
a-heldout,40126,14,slow_leak,,0,220.424,,,0,0,0,0,,,0,0,0,0,0,0,0
a-heldout,40126,23,cascade,contradict,2,325.201,,327.500,1,52,360000000,1,346.000,,0,0,0,0,0,0,0
a-heldout,40126,32,split_brain,mimic,4,423.159,,428.500,1,45,325000000,1,447.000,,0,0,0,0,0,0,0
a-heldout,40127,10,cascade,mimic,5,230.247,,230.500,1,34,270000000,1,249.000,,0,0,0,0,0,0,0
a-heldout,40127,13,cascade,mimic,7,334.783,,335.000,1,31,255000000,0,,,0,0,0,1,1,1,0
a-heldout,40127,14,cascade,contradict,3,392.407,,397.500,1,37,285000000,1,416.000,,0,0,0,0,0,0,0
a-heldout,40127,19,cascade,contradict,3,535.096,14,535.500,1,31,255000000,1,555.000,416.000,1,1,0,0,1,1,1
a-heldout,40128,0,split_brain,contradict,1,18.581,,21.500,0,0,0,0,,,0,0,0,0,0,0,0
a-heldout,40128,18,compound,mimic,3,393.122,,399.500,1,46,330000000,1,418.000,,0,0,0,0,0,0,0
a-heldout,40129,5,split_brain,mimic,6,85.051,,87.500,1,30,250000000,0,,,0,0,0,0,0,0,0
a-heldout,40129,11,cascade,contradict,5,177.649,,178.000,1,35,275000000,0,,,0,0,0,0,0,0,0
a-heldout,40129,14,cascade,contradict,5,261.124,11,266.000,1,44,320000000,1,284.500,,0,0,0,0,0,0,0
a-heldout,40129,16,compound,contradict,4,274.891,,279.000,1,40,300000000,1,297.500,,0,0,0,0,0,0,0
a-heldout,40129,17,split_brain,mimic,6,290.725,5,297.000,1,40,300000000,0,,,0,0,0,0,0,0,0
a-heldout,40129,27,split_brain,mimic,6,460.854,5,466.000,1,45,325000000,0,,,0,0,0,0,0,0,0
a-heldout,40130,2,split_brain,mimic,2,46.606,,47.000,1,43,315000000,0,,,0,0,0,0,0,0,0
a-heldout,40130,4,compound,contradict,6,106.495,,107.000,1,37,285000000,1,125.500,,0,0,0,0,0,0,0
a-heldout,40130,5,slow_leak,,8,111.840,,,0,0,0,0,,,0,0,0,0,0,0,0
a-heldout,40130,11,slow_leak,,8,244.608,5,,0,0,0,0,,,0,0,0,0,0,0,0
a-heldout,40130,21,cascade,contradict,4,464.338,,464.500,1,34,270000000,0,,,0,0,0,0,0,0,0
a-heldout,40131,4,slow_leak,,0,84.238,,99.000,1,52,360000000,1,117.500,,0,0,0,0,0,0,0
a-heldout,40131,16,cascade,contradict,4,241.202,,244.500,1,41,305000000,1,263.000,,0,0,0,0,0,0,0
a-heldout,40131,17,slow_leak,,0,246.979,4,,0,0,0,0,,117.500,1,1,1,0,1,1,0
a-heldout,40132,2,cascade,contradict,3,47.921,,48.000,1,47,335000000,1,66.500,,0,0,0,0,0,0,0
a-heldout,40132,12,cascade,contradict,3,246.344,2,253.500,1,59,395000000,1,272.000,66.500,1,1,0,0,1,1,1
a-heldout,40135,4,slow_leak,,1,45.893,,,0,0,0,0,,,0,0,0,0,0,0,0
a-heldout,40135,8,compound,mimic,2,71.431,,76.500,1,49,345000000,1,95.000,,0,0,0,0,0,0,0
a-heldout,40135,12,compound,mimic,2,142.000,8,145.500,1,48,340000000,1,164.000,95.000,1,1,1,0,1,1,0
a-heldout,40135,25,cascade,contradict,9,374.776,,378.500,1,30,250000000,1,397.000,,0,0,0,0,0,0,0
a-heldout,40135,29,cascade,contradict,5,397.858,,417.000,1,36,280000000,1,435.500,,0,0,0,1,1,1,0
a-heldout,40135,33,split_brain,mimic,6,480.958,,485.500,1,28,240000000,0,,,0,0,0,0,0,0,0
a-heldout,40136,3,split_brain,mimic,7,42.269,,44.000,1,32,260000000,0,,,0,0,0,0,0,0,0
a-heldout,40136,9,split_brain,mimic,7,112.760,3,116.500,1,37,285000000,0,,,0,0,0,0,0,0,0
a-heldout,40136,17,split_brain,mimic,7,244.550,3,247.000,1,38,290000000,0,,,0,0,0,0,0,0,0
a-heldout,40136,23,compound,contradict,10,371.134,,372.500,1,32,260000000,1,391.000,,0,0,0,0,0,0,0
a-heldout,40136,27,slow_leak,,10,468.435,,,0,0,0,0,,,0,0,0,0,0,0,0
a-heldout,40136,31,cascade,mimic,2,498.418,,498.500,2,91,655000000,0,,,0,0,0,0,0,0,0
a-heldout,40137,6,cascade,mimic,1,193.894,,194.000,1,56,380000000,0,,,0,0,0,0,0,0,0
a-heldout,40137,12,split_brain,mimic,3,279.160,,282.000,1,30,250000000,0,,,0,0,0,0,0,0,0
a-heldout,40138,3,slow_leak,,2,31.395,,,0,0,0,0,,,0,0,0,0,0,0,0
a-heldout,40138,7,slow_leak,,2,120.900,3,135.500,1,44,320000000,1,154.000,,0,0,0,0,0,0,0
a-heldout,40138,11,split_brain,mimic,5,209.554,,215.000,1,34,270000000,0,,,0,0,0,0,0,0,0
a-heldout,40138,13,split_brain,contradict,1,275.655,,276.000,1,43,315000000,1,294.500,,0,0,0,0,0,0,0
a-heldout,40138,23,split_brain,mimic,3,480.142,,482.000,1,30,250000000,0,,,0,0,0,0,0,0,0
a-heldout,40139,6,slow_leak,,7,123.866,,,0,0,0,0,,,0,0,0,0,0,0,0
a-heldout,40139,15,split_brain,contradict,2,311.957,,312.000,1,52,360000000,0,,,0,0,0,0,0,0,0
a-heldout,40140,0,compound,mimic,7,11.947,,12.000,1,33,265000000,1,30.500,,0,0,0,0,0,0,0
a-heldout,40140,1,slow_leak,,0,46.006,,,0,0,0,0,,,0,0,0,0,0,0,0
a-heldout,40140,4,compound,mimic,7,100.697,0,101.000,1,36,280000000,1,119.500,30.500,1,1,1,0,1,1,0
a-heldout,40140,16,compound,mimic,7,361.791,0,365.500,1,43,315000000,1,384.000,30.500,1,1,1,0,1,1,0
a-heldout,40140,25,cascade,mimic,1,476.169,,479.500,1,42,310000000,0,,,0,0,0,0,0,0,0
a-heldout,40141,6,cascade,contradict,7,72.011,,77.000,1,34,270000000,0,,,0,0,0,0,0,0,0
a-heldout,40141,24,compound,mimic,4,411.182,,411.500,1,39,295000000,0,,,0,0,0,0,0,0,0
a-heldout,40142,6,compound,contradict,0,93.200,,93.500,1,62,410000000,0,,,0,0,0,0,0,0,0
a-heldout,40142,16,compound,contradict,0,237.691,6,238.000,1,69,445000000,1,256.500,,0,0,0,0,0,0,0
a-heldout,40142,23,split_brain,contradict,6,372.373,,384.500,1,45,325000000,1,403.000,,0,0,0,0,0,0,0
a-heldout,40142,27,cascade,contradict,4,425.130,,425.500,1,27,235000000,1,444.000,,0,0,0,0,0,0,0
a-heldout,40143,2,slow_leak,,2,79.794,,,0,0,0,0,,,0,0,0,0,0,0,0
a-heldout,40143,12,split_brain,mimic,5,347.381,,347.500,1,32,260000000,0,,,0,0,0,0,0,0,0
a-heldout,40143,18,split_brain,mimic,5,534.740,12,535.000,1,28,240000000,0,,,0,0,0,0,0,0,0
a-heldout,40144,17,split_brain,mimic,5,380.103,,381.500,1,35,275000000,0,,,0,0,0,0,0,0,0
a-heldout,40144,18,split_brain,contradict,10,381.030,,381.500,1,39,295000000,0,,,0,0,0,0,0,0,0
a-heldout,40145,6,compound,mimic,8,135.163,,,0,0,0,0,,,0,0,0,0,0,0,0
a-heldout,40145,10,compound,mimic,8,225.498,6,232.000,2,63,515000000,1,250.500,,0,0,0,0,0,0,0
a-heldout,40145,13,slow_leak,,6,272.289,,,0,0,0,0,,,0,0,0,0,0,0,0
a-heldout,40145,19,slow_leak,,0,403.850,,,0,0,0,0,,,0,0,0,0,0,0,0
a-heldout,40145,26,compound,mimic,8,505.561,,511.000,1,42,310000000,1,529.500,,0,1,0,1,1,1,0
a-heldout,40146,4,slow_leak,,2,37.576,,54.500,1,48,340000000,1,73.000,,0,0,0,0,0,0,0
a-heldout,40146,9,cascade,contradict,6,171.493,,172.000,1,39,295000000,1,190.500,,0,0,0,0,0,0,0
a-heldout,40146,20,split_brain,mimic,8,313.309,,319.000,1,35,275000000,0,,,0,0,0,0,0,0,0
a-heldout,40147,3,compound,mimic,6,56.822,,59.000,1,42,310000000,1,77.500,,0,0,0,0,0,0,0
a-heldout,40147,8,compound,mimic,4,172.634,,179.000,1,41,305000000,1,197.500,,0,0,0,1,1,0,0
a-heldout,40147,11,compound,mimic,6,240.013,3,242.500,1,39,295000000,1,261.000,77.500,1,1,1,0,1,1,0
a-heldout,40148,5,compound,contradict,3,78.993,,79.500,1,37,285000000,1,98.000,,0,0,0,0,0,0,0
a-heldout,40149,16,slow_leak,,4,283.019,,,0,0,0,0,,,0,0,0,0,0,0,0
a-heldout,40150,17,cascade,mimic,3,390.624,,391.000,1,57,385000000,0,,,0,0,0,0,0,0,0
a-heldout,40150,18,split_brain,contradict,5,391.356,,391.500,1,64,420000000,1,412.000,,0,0,0,0,0,0,0
a-heldout,40150,22,slow_leak,,3,514.201,,534.500,1,37,285000000,0,,,0,0,0,0,0,0,0
a-heldout,40150,23,slow_leak,,5,522.611,,540.500,1,39,295000000,1,559.000,,0,0,0,0,0,0,0
a-heldout,40151,1,compound,mimic,9,47.269,,54.000,1,36,280000000,1,72.500,,0,0,0,0,0,0,0
a-heldout,40151,6,split_brain,mimic,5,179.907,,182.500,1,26,230000000,0,,,0,0,0,0,0,0,0
a-heldout,40151,12,split_brain,mimic,5,304.254,6,304.500,1,29,245000000,1,323.000,,0,0,0,0,0,0,0
a-heldout,40151,14,cascade,contradict,3,367.215,,367.500,1,31,255000000,1,386.000,,0,0,0,0,0,0,0
a-heldout,40151,19,cascade,contradict,3,455.044,,460.000,1,35,275000000,0,,,0,0,0,1,1,0,0
a-heldout,40151,23,cascade,contradict,3,532.275,14,532.500,1,32,260000000,0,,386.000,1,1,1,0,1,1,0
a-heldout,40152,2,slow_leak,,6,59.953,,69.500,1,32,260000000,1,88.000,,0,0,0,0,0,0,0
a-heldout,40152,11,slow_leak,,6,218.138,2,,0,0,0,0,,88.000,1,1,1,0,1,1,0
a-heldout,40152,24,compound,mimic,8,411.835,,416.000,1,39,295000000,1,434.500,,0,0,0,0,0,0,0
a-heldout,40153,14,compound,mimic,1,439.562,,442.000,1,46,330000000,1,460.500,,0,0,0,0,0,0,0
a-heldout,40153,15,cascade,mimic,3,460.560,,461.000,1,37,285000000,0,,,0,0,0,0,0,0,0
a-heldout,40154,4,slow_leak,,0,108.474,,127.000,1,40,300000000,0,,,0,0,0,0,0,0,0
a-heldout,40154,16,compound,mimic,9,362.869,,363.000,1,38,290000000,1,381.500,,0,0,0,0,0,0,0
a-heldout,40154,19,compound,contradict,8,407.428,,407.500,2,65,525000000,1,426.000,,0,0,0,0,0,0,0
a-heldout,40155,1,cascade,contradict,3,36.420,,36.500,1,58,390000000,1,55.000,,0,0,0,0,0,0,0
a-heldout,40155,20,split_brain,mimic,8,342.005,,346.500,1,31,255000000,1,365.000,,0,0,0,0,0,0,0
a-heldout,40155,21,compound,contradict,3,346.366,,350.000,1,54,370000000,1,368.500,,0,0,0,0,0,0,0
a-heldout,40156,4,split_brain,contradict,0,41.325,,41.500,1,55,375000000,1,61.000,,0,0,0,0,0,0,0
a-heldout,40156,5,split_brain,contradict,8,63.740,,65.000,1,34,270000000,0,,,0,0,0,1,1,1,0
a-heldout,40156,8,split_brain,contradict,0,153.958,4,154.000,1,45,325000000,0,,61.000,1,1,1,0,1,1,0
a-heldout,40156,10,split_brain,mimic,6,198.724,,204.500,1,41,305000000,0,,,0,0,0,0,0,0,0
a-heldout,40156,19,compound,contradict,2,443.580,,445.000,1,35,275000000,1,463.500,,0,0,0,0,0,0,0
a-heldout,40156,22,split_brain,mimic,3,486.476,,491.500,1,38,290000000,0,,,0,0,0,0,0,0,0
a-heldout,40156,23,split_brain,contradict,8,488.939,5,496.500,1,51,355000000,1,515.000,,0,0,0,1,1,1,0
a-heldout,40157,9,split_brain,mimic,6,203.366,,206.500,1,28,240000000,0,,,0,0,0,0,0,0,0
a-heldout,40158,17,slow_leak,,5,254.951,,,0,0,0,0,,,0,0,0,0,0,0,0
a-heldout,40158,23,split_brain,mimic,9,372.190,,372.500,1,37,285000000,0,,,0,0,0,0,0,0,0
a-heldout,40159,2,slow_leak,,3,73.688,,89.500,1,44,320000000,1,108.000,,0,0,0,0,0,0,0
a-heldout,40159,16,cascade,contradict,7,360.754,,365.500,1,41,305000000,1,384.000,,0,0,0,0,0,0,0
a-heldout,40159,20,slow_leak,,6,414.646,,433.000,1,40,300000000,0,,,0,0,0,1,1,1,0
a-heldout,40159,21,slow_leak,,3,415.598,2,433.500,1,38,290000000,1,452.000,108.000,1,1,1,0,1,1,0
a-heldout,40159,26,slow_leak,,7,525.348,,,0,0,0,0,,,0,0,0,1,1,1,0
a-heldout,40160,10,slow_leak,,7,216.797,,238.000,1,35,275000000,1,256.500,,0,0,0,0,0,0,0
a-heldout,40160,21,split_brain,contradict,3,503.054,,505.500,1,37,285000000,1,524.000,,0,0,0,0,0,0,0
a-heldout,40161,0,slow_leak,,5,70.791,,84.500,1,33,265000000,1,103.000,,0,0,0,0,0,0,0
a-heldout,40161,10,split_brain,mimic,5,328.908,,333.500,1,39,295000000,0,,,0,0,0,0,0,0,0
a-heldout,40161,11,compound,contradict,3,330.717,,331.000,1,43,315000000,1,349.500,,0,0,0,0,0,0,0
a-heldout,40161,12,compound,contradict,3,424.128,11,424.500,1,39,295000000,1,443.000,349.500,1,1,1,0,1,1,0
a-heldout,40163,5,slow_leak,,6,134.150,,153.000,1,33,265000000,0,,,0,0,0,0,0,0,0
a-heldout,40163,24,slow_leak,,6,478.921,5,492.000,1,42,310000000,0,,,0,0,0,0,0,0,0
a-heldout,40163,26,slow_leak,,1,525.084,,,0,0,0,0,,,0,0,0,0,0,0,0
a-heldout,40164,5,compound,contradict,6,77.845,,78.000,1,38,290000000,1,96.500,,0,0,0,0,0,0,0
a-heldout,40164,9,compound,mimic,0,111.758,,115.000,1,92,560000000,1,133.500,,0,0,0,0,0,0,0
a-heldout,40164,24,cascade,mimic,1,407.657,,408.000,2,123,815000000,0,,,0,0,0,0,0,0,0
a-heldout,40164,29,compound,mimic,4,458.356,,469.500,1,49,345000000,1,488.000,,0,0,0,1,1,0,0
a-heldout,40165,8,compound,contradict,0,210.816,,211.000,1,57,385000000,1,229.500,,0,0,0,0,0,0,0
a-heldout,40165,15,compound,contradict,3,366.508,,367.000,1,45,325000000,1,385.500,,0,0,0,1,1,1,0
a-heldout,40166,4,cascade,contradict,2,137.283,,137.500,1,60,400000000,1,156.000,,0,0,0,0,0,0,0
a-heldout,40166,12,cascade,contradict,8,240.433,,240.500,1,29,245000000,1,259.000,,0,0,0,1,1,0,0
a-heldout,40167,4,slow_leak,,9,129.723,,,0,0,0,0,,,0,0,0,0,0,0,0
a-heldout,40167,11,compound,contradict,10,301.034,,302.500,1,36,280000000,1,321.000,,0,0,0,0,0,0,0
a-heldout,40167,16,cascade,contradict,1,493.307,,493.500,1,58,390000000,0,,,0,0,0,0,0,0,0
a-heldout,40168,3,compound,contradict,5,57.621,,58.500,2,74,570000000,0,,,0,0,0,0,0,0,0
a-heldout,40168,6,split_brain,mimic,1,147.375,,147.500,1,49,345000000,0,,,0,0,0,0,0,0,0
a-heldout,40168,8,split_brain,mimic,5,180.340,,184.500,1,48,340000000,1,203.000,,0,0,0,0,0,0,0
a-heldout,40168,23,slow_leak,,2,455.216,,,0,0,0,0,,,0,0,0,0,0,0,0
a-heldout,40168,25,split_brain,contradict,6,492.687,,499.000,1,52,360000000,0,,,0,0,0,0,0,0,0
a-heldout,40168,27,compound,contradict,5,502.341,3,509.500,1,52,360000000,1,528.000,,0,0,0,0,0,0,0
a-heldout,40169,20,slow_leak,,1,374.330,,387.500,1,46,330000000,1,406.000,,0,0,0,0,0,0,0
a-heldout,40169,22,cascade,contradict,7,431.624,,432.000,1,34,270000000,0,,,0,0,0,0,0,0,0
a-heldout,40169,25,cascade,contradict,5,511.585,,512.000,2,79,595000000,1,530.500,,0,0,0,0,0,0,0
a-heldout,40170,15,slow_leak,,0,378.594,,396.500,1,39,295000000,1,415.000,,0,0,0,0,0,0,0
a-heldout,40171,28,slow_leak,,6,452.586,,467.000,1,38,290000000,1,485.500,,0,0,0,0,0,0,0
a-heldout,40173,12,slow_leak,,3,282.217,,,0,0,0,0,,,0,0,0,0,0,0,0
a-heldout,40174,11,compound,mimic,8,255.029,,,0,0,0,0,,,0,0,0,0,0,0,0
a-heldout,40174,16,slow_leak,,7,361.892,,,0,0,0,0,,,0,0,0,0,0,0,0
a-heldout,40175,1,slow_leak,,0,50.350,,66.000,1,40,300000000,0,,,0,0,0,0,0,0,0
a-heldout,40175,4,slow_leak,,0,128.925,1,,0,0,0,0,,,0,0,0,0,0,0,0
a-heldout,40175,20,cascade,mimic,11,475.815,,476.000,1,34,270000000,0,,,0,0,0,0,0,0,0
a-heldout,40177,10,cascade,contradict,2,271.180,,274.000,1,48,340000000,0,,,0,0,0,0,0,0,0
a-heldout,40177,17,cascade,contradict,2,438.123,,438.500,2,83,615000000,0,,,0,0,0,0,0,0,0
a-heldout,40178,9,split_brain,contradict,10,200.122,,206.000,1,35,275000000,1,224.500,,0,0,0,0,0,0,0
a-heldout,40178,21,cascade,contradict,3,393.819,,394.000,1,40,300000000,0,,,0,0,0,0,0,0,0
a-heldout,40178,23,compound,contradict,4,465.027,,465.500,1,35,275000000,1,484.000,,0,0,0,0,0,0,0
a-heldout,40182,3,cascade,contradict,4,52.623,,54.500,1,39,295000000,1,73.000,,0,0,0,0,0,0,0
a-heldout,40182,30,slow_leak,,4,461.386,,477.500,1,35,275000000,1,496.000,,0,0,0,0,0,0,0
a-heldout,40182,34,slow_leak,,7,535.094,,,0,0,0,0,,,0,0,0,1,1,1,0
a-heldout,40183,25,split_brain,contradict,1,418.289,,422.000,1,52,360000000,0,,,0,0,0,0,0,0,0
a-heldout,40184,3,split_brain,contradict,9,101.569,,103.500,1,31,255000000,0,,,0,0,0,0,0,0,0
a-heldout,40184,7,split_brain,contradict,9,244.449,3,245.000,1,33,265000000,1,263.500,,0,0,0,0,0,0,0
a-heldout,40185,19,split_brain,mimic,2,354.340,,373.000,1,48,340000000,0,,,0,0,0,0,0,0,0
a-heldout,40185,26,split_brain,mimic,2,481.200,19,500.500,1,65,425000000,0,,,0,0,0,0,0,0,1
a-heldout,40186,3,split_brain,mimic,4,57.103,,57.500,1,35,275000000,0,,,0,0,0,0,0,0,0
a-heldout,40186,4,split_brain,mimic,4,115.754,3,116.000,1,35,275000000,0,,,0,0,0,0,0,0,0
a-heldout,40186,8,cascade,contradict,5,189.816,,190.000,2,42,410000000,0,,,0,0,0,0,0,0,0
a-heldout,40187,17,slow_leak,,6,347.022,,,0,0,0,0,,,0,0,0,0,0,0,0
a-heldout,40188,4,compound,contradict,6,85.189,,85.500,1,40,300000000,1,104.000,,0,0,0,0,0,0,0
a-heldout,40188,9,slow_leak,,5,220.129,,,0,0,0,0,,,0,0,0,0,0,0,0
a-heldout,40188,11,cascade,mimic,11,230.429,,232.000,1,26,230000000,0,,,0,0,0,0,0,0,0
a-heldout,40188,13,split_brain,mimic,0,324.405,,324.500,1,45,325000000,1,343.000,,0,0,0,0,0,0,0
a-heldout,40188,17,slow_leak,,4,409.407,,,0,0,0,0,,,0,0,0,0,0,0,0
a-heldout,40189,5,cascade,mimic,5,50.546,,52.000,1,38,290000000,1,70.500,,0,0,0,0,0,0,0
a-heldout,40189,8,slow_leak,,2,92.545,,108.500,1,47,335000000,1,127.000,,0,0,0,0,0,0,0
a-heldout,40189,10,split_brain,mimic,1,94.718,,97.000,1,62,410000000,0,,,0,0,0,0,0,0,0
a-heldout,40190,4,cascade,contradict,4,115.981,,116.000,1,33,265000000,1,134.500,,0,0,0,0,0,0,0
a-heldout,40191,2,compound,mimic,5,47.843,,51.000,1,34,270000000,1,69.500,,0,0,0,0,0,0,0
a-heldout,40191,16,compound,mimic,5,292.644,2,297.000,1,38,290000000,1,315.500,69.500,1,1,0,0,1,1,1
a-heldout,40191,21,compound,mimic,8,346.502,,350.000,1,34,270000000,1,368.500,,0,0,0,1,1,0,0
a-heldout,40192,4,compound,mimic,0,46.836,,47.000,1,66,430000000,1,65.500,,0,0,0,0,0,0,0
a-heldout,40192,9,split_brain,contradict,9,104.109,,107.000,1,36,280000000,1,125.500,,0,0,0,0,0,0,0
a-heldout,40192,29,split_brain,contradict,9,394.002,,,0,0,0,0,,,0,0,0,1,1,1,0
a-heldout,40192,31,split_brain,contradict,9,527.808,9,531.500,1,33,265000000,1,550.000,125.500,1,1,1,0,1,1,0
a-heldout,40194,11,cascade,mimic,5,158.154,,158.500,1,32,260000000,1,177.000,,0,0,0,0,0,0,0
a-heldout,40194,13,cascade,mimic,9,198.635,,202.500,1,29,245000000,1,221.000,,0,0,0,1,1,1,0
a-heldout,40194,15,slow_leak,,8,256.763,,,0,0,0,0,,,0,0,0,0,0,0,0
a-heldout,40195,3,compound,contradict,4,37.566,,38.000,1,37,285000000,1,56.500,,0,0,0,0,0,0,0
a-heldout,40195,24,compound,mimic,0,465.005,,467.500,1,63,415000000,1,486.000,,0,0,0,0,0,0,0
a-heldout,40196,10,split_brain,mimic,4,197.286,,200.000,1,38,290000000,0,,,0,0,0,0,0,0,0
a-heldout,40196,21,cascade,mimic,11,377.316,,377.500,1,25,225000000,0,,,0,0,0,0,0,0,0
a-heldout,40196,25,split_brain,mimic,4,504.491,10,510.000,1,41,305000000,0,,,0,0,0,0,0,0,0
a-heldout,40197,7,split_brain,contradict,2,111.787,,114.000,1,31,255000000,0,,,0,0,0,0,0,0,0
a-heldout,40198,17,split_brain,mimic,3,275.945,,281.500,1,41,305000000,1,300.000,,0,0,0,0,0,0,0
a-heldout,40198,31,split_brain,mimic,3,521.612,17,522.000,1,41,305000000,0,,300.000,1,1,1,0,1,1,0
a-heldout,40199,4,cascade,contradict,3,100.283,,100.500,1,41,305000000,1,119.000,,0,0,0,0,0,0,0
a-heldout,40199,18,split_brain,contradict,8,503.972,,504.500,1,37,285000000,1,533.000,,0,0,0,0,0,0,0
c-tune,60000,3,split_brain,contradict,4,79.904,,80.000,1,42,310000000,1,98.500,,0,0,0,0,0,0,0
c-tune,60000,6,cascade,contradict,3,217.523,,218.000,1,29,245000000,0,,,0,0,0,0,0,0,0
c-tune,60000,7,slow_leak,,2,227.961,,240.500,1,38,290000000,0,,,0,0,0,0,0,0,0
c-tune,60000,12,slow_leak,,10,305.855,,,0,0,0,0,,,0,0,0,0,0,0,0
c-tune,60000,14,cascade,contradict,8,421.911,,422.000,1,34,270000000,0,,,0,0,0,0,0,0,0
c-tune,60000,16,compound,contradict,7,486.530,,489.000,1,31,255000000,1,507.500,,0,0,0,0,0,0,0
c-tune,60001,1,split_brain,contradict,3,26.159,,26.500,1,41,305000000,0,,,0,0,0,0,0,0,0
c-tune,60001,3,split_brain,contradict,3,111.287,1,111.500,1,40,300000000,0,,,0,0,0,0,0,0,0
c-tune,60001,4,compound,mimic,9,122.856,,125.000,1,35,275000000,1,143.500,,0,0,0,0,0,0,0
c-tune,60001,10,compound,contradict,0,283.114,,283.500,2,100,700000000,1,302.000,,0,0,0,0,0,0,0
c-tune,60001,11,compound,contradict,9,284.350,,,0,0,0,0,,,0,0,0,0,0,0,0
c-tune,60001,12,cascade,mimic,5,308.500,,309.000,1,36,280000000,1,327.500,,0,0,0,0,0,0,0
c-tune,60001,17,compound,mimic,9,426.264,4,432.500,1,35,275000000,1,451.000,143.500,1,1,1,0,1,1,0
c-tune,60001,18,compound,contradict,2,435.172,,435.500,1,67,435000000,1,454.000,,0,0,0,1,1,1,0
c-tune,60001,19,slow_leak,,11,501.431,,,0,0,0,0,,,0,0,0,0,0,0,0
c-tune,60001,21,cascade,contradict,8,526.723,,527.000,1,36,280000000,0,,,0,0,0,0,0,0,0
c-tune,60002,3,slow_leak,,6,59.046,,,0,0,0,0,,,0,0,0,0,0,0,0
c-tune,60002,5,slow_leak,,4,86.682,,104.500,1,42,310000000,0,,,0,0,0,0,0,0,0
c-tune,60002,11,slow_leak,,0,149.381,,,0,0,0,0,,,0,0,0,0,0,0,0
c-tune,60002,12,compound,contradict,4,214.674,,215.000,1,38,290000000,1,233.500,,0,0,0,0,0,0,0
c-tune,60002,13,slow_leak,,6,216.702,3,234.000,1,39,295000000,1,252.500,,0,0,0,0,0,0,0
c-tune,60002,18,split_brain,mimic,0,306.225,,310.500,1,54,370000000,0,,,0,0,0,0,0,0,0
c-tune,60002,19,slow_leak,,1,312.862,,,0,0,0,0,,,0,0,0,1,1,1,0
c-tune,60002,23,slow_leak,,5,415.496,,434.500,1,40,300000000,0,,,0,0,0,1,1,1,0
c-tune,60002,26,slow_leak,,6,449.519,,,0,0,0,0,,,0,1,0,1,1,1,0
c-tune,60002,28,split_brain,contradict,3,484.011,,489.500,1,62,410000000,1,508.000,,0,0,0,0,0,0,0
c-tune,60003,0,compound,contradict,4,20.791,,21.000,1,42,310000000,1,39.500,,0,0,0,0,0,0,0
c-tune,60003,1,compound,mimic,9,55.651,,62.500,1,37,285000000,1,81.000,,0,0,0,0,0,0,0
c-tune,60003,2,split_brain,contradict,7,72.844,,73.000,1,29,245000000,0,,,0,0,0,0,0,0,0
c-tune,60003,6,slow_leak,,1,162.699,,182.000,1,48,340000000,0,,,0,0,0,0,0,0,0
c-tune,60003,7,split_brain,contradict,7,179.209,2,179.500,1,25,225000000,0,,,0,0,0,0,0,0,0
c-tune,60003,8,split_brain,mimic,5,236.329,,236.500,1,39,295000000,0,,,0,0,0,0,0,0,0
c-tune,60003,11,slow_leak,,7,313.427,,325.500,1,34,270000000,1,344.000,,0,0,0,0,0,0,0
c-tune,60003,12,slow_leak,,1,330.238,6,349.000,1,65,425000000,0,,,0,0,0,1,1,1,0
c-tune,60003,14,compound,mimic,9,333.241,1,333.500,1,32,260000000,1,352.000,81.000,1,1,1,0,1,1,0
c-tune,60003,19,slow_leak,,10,388.378,,,0,0,0,0,,,0,0,0,1,1,1,0
c-tune,60003,20,split_brain,mimic,1,412.479,,413.000,1,40,300000000,0,,,0,0,0,0,0,0,0
c-tune,60003,22,split_brain,mimic,8,460.628,,463.500,1,31,255000000,0,,,0,0,0,0,0,0,0
c-tune,60003,23,slow_leak,,6,469.449,,482.500,1,37,285000000,1,501.000,,0,0,0,1,1,1,0
c-tune,60004,3,compound,mimic,9,95.651,,96.000,1,30,250000000,0,,,0,0,0,0,0,0,0
c-tune,60004,10,slow_leak,,3,198.852,,212.500,1,40,300000000,1,231.000,,0,0,0,0,0,0,0
c-tune,60004,12,compound,mimic,9,225.996,3,231.000,1,40,300000000,1,249.500,,0,0,0,0,0,0,0
c-tune,60004,18,compound,contradict,5,264.161,,264.500,1,44,320000000,1,283.000,,0,0,0,0,0,0,0
c-tune,60004,19,slow_leak,,0,287.868,,,0,0,0,0,,,0,0,0,1,1,1,0
c-tune,60004,22,split_brain,mimic,7,335.109,,337.500,1,33,265000000,0,,,0,0,0,0,0,0,0
c-tune,60004,24,compound,mimic,5,429.438,,433.000,1,39,295000000,0,,,0,0,0,1,1,0,0
c-tune,60004,27,slow_leak,,8,510.663,,530.500,1,35,275000000,1,549.000,,0,0,0,1,1,1,0
c-tune,60004,28,split_brain,contradict,9,522.431,,527.000,1,28,240000000,1,545.500,,0,0,0,0,0,0,0
c-tune,60005,0,compound,mimic,6,55.124,,,0,0,0,0,,,0,0,0,0,0,0,0
c-tune,60005,5,compound,mimic,6,128.211,0,133.000,1,41,305000000,1,151.500,,0,0,0,0,0,0,0
c-tune,60005,8,compound,mimic,6,244.901,5,245.000,1,36,280000000,1,263.500,151.500,1,1,1,0,1,1,0
c-tune,60005,9,compound,mimic,3,319.149,,319.500,1,37,285000000,1,338.000,,0,0,0,1,1,0,0
c-tune,60005,12,slow_leak,,1,370.432,,387.500,1,55,375000000,1,406.000,,0,0,0,0,0,0,0
c-tune,60005,13,compound,mimic,6,378.017,5,382.500,1,42,310000000,1,401.000,151.500,1,1,1,0,1,1,0
c-tune,60005,16,compound,mimic,6,451.201,8,454.500,1,38,290000000,1,473.000,263.500,1,1,1,0,1,1,0
c-tune,60005,18,cascade,mimic,3,499.431,,501.000,2,60,500000000,0,,,0,0,0,0,0,0,0
c-tune,60006,2,cascade,contradict,2,69.185,,69.500,2,89,645000000,1,88.000,,0,0,0,0,0,0,0
c-tune,60006,6,cascade,contradict,2,146.660,2,147.000,1,53,365000000,1,165.500,88.000,1,1,1,0,1,1,0
c-tune,60006,7,compound,mimic,4,199.461,,206.000,1,45,325000000,1,224.500,,0,0,0,0,0,0,0
c-tune,60006,8,split_brain,contradict,2,248.769,,253.000,1,42,310000000,1,271.500,,0,0,0,0,0,0,0
c-tune,60006,17,split_brain,contradict,3,444.761,,446.000,1,41,305000000,1,464.500,,0,0,0,1,1,1,0
c-tune,60007,1,cascade,contradict,8,24.571,,25.000,1,31,255000000,1,43.500,,0,0,0,0,0,0,0
c-tune,60007,3,cascade,contradict,2,108.231,,110.000,1,32,260000000,0,,,0,0,0,1,1,0,0
c-tune,60007,8,split_brain,contradict,6,174.878,,178.500,1,37,285000000,0,,,0,0,0,0,0,0,0
c-tune,60007,10,compound,contradict,3,221.074,,221.500,1,62,410000000,1,240.000,,0,0,0,0,0,0,0
c-tune,60007,12,cascade,mimic,4,241.175,,242.500,1,43,315000000,0,,,0,0,0,0,0,0,0
c-tune,60007,13,cascade,contradict,8,271.339,,271.500,1,34,270000000,1,290.000,,0,0,0,1,1,1,0
c-tune,60007,23,split_brain,mimic,2,453.453,,475.000,1,52,360000000,0,,,0,0,0,0,0,0,0
c-tune,60007,27,split_brain,contradict,6,511.827,8,517.500,1,35,275000000,1,536.000,,0,0,0,0,0,0,0
c-tune,60008,1,slow_leak,,9,19.627,,,0,0,0,0,,,0,0,0,0,0,0,0
c-tune,60008,2,compound,contradict,0,30.453,,30.500,2,89,645000000,1,49.000,,0,0,0,0,0,0,0
c-tune,60008,3,slow_leak,,5,30.743,,46.000,1,34,270000000,0,,,0,0,0,0,0,0,0
c-tune,60008,4,compound,contradict,8,43.080,,45.000,1,36,280000000,1,63.500,,0,0,0,0,0,0,0
c-tune,60008,8,cascade,contradict,2,64.467,,65.000,1,47,335000000,1,85.500,,0,0,0,0,0,0,0
c-tune,60008,9,slow_leak,,9,90.977,1,,0,0,0,0,,,0,0,0,0,0,0,0
c-tune,60008,10,compound,contradict,8,124.169,4,128.500,1,35,275000000,1,147.000,63.500,1,1,1,0,1,1,0
c-tune,60008,14,slow_leak,,9,239.113,1,255.000,1,24,220000000,0,,,0,0,0,0,0,0,0
c-tune,60008,16,compound,contradict,8,277.806,4,283.000,1,39,295000000,1,301.500,63.500,1,1,0,0,1,1,1
c-tune,60008,17,cascade,contradict,4,292.749,,293.000,1,35,275000000,0,,,0,0,0,1,1,0,0
c-tune,60008,20,split_brain,mimic,9,319.978,,323.500,1,28,240000000,0,,,0,0,0,0,0,0,0
c-tune,60008,25,slow_leak,,5,404.242,3,,0,0,0,0,,,0,0,0,0,0,0,0
c-tune,60008,29,slow_leak,,9,492.993,9,513.000,1,36,280000000,1,531.500,,0,0,0,0,0,0,0
c-tune,60008,31,slow_leak,,2,497.240,,512.000,1,39,295000000,1,530.500,,0,0,0,0,0,0,0
c-tune,60009,4,split_brain,contradict,3,136.963,,137.000,1,37,285000000,1,155.500,,0,0,0,0,0,0,0
c-tune,60009,10,cascade,contradict,11,230.205,,230.500,1,31,255000000,1,249.000,,0,0,0,0,0,0,0
c-tune,60009,15,compound,contradict,9,335.042,,335.500,1,29,245000000,1,354.000,,0,0,0,0,0,0,0
c-tune,60009,16,compound,contradict,5,356.025,,356.500,1,44,320000000,1,375.000,,0,0,0,1,1,0,0
c-tune,60009,19,compound,mimic,6,425.123,,426.500,1,38,290000000,1,445.000,,0,0,0,0,0,0,0
c-tune,60009,25,split_brain,contradict,0,459.370,,459.500,1,70,450000000,1,478.500,,0,0,0,1,1,1,0
c-tune,60009,27,compound,contradict,9,476.541,15,477.000,1,42,310000000,1,495.500,354.000,1,1,1,0,1,1,0
c-tune,60009,29,compound,contradict,5,480.777,16,481.500,2,79,595000000,1,501.000,375.000,1,1,0,0,1,1,1
c-tune,60009,30,split_brain,contradict,10,506.760,,517.500,1,41,305000000,0,,,0,0,0,1,1,1,0
c-tune,60009,32,split_brain,contradict,3,528.184,,531.500,1,51,355000000,1,550.000,,0,0,0,1,1,1,0
c-tune,60009,33,split_brain,mimic,1,533.926,,535.000,1,49,345000000,1,553.500,,0,0,0,0,0,0,0
c-tune,60010,0,split_brain,contradict,9,2.627,,3.000,1,30,250000000,0,,,0,0,0,0,0,0,0
c-tune,60010,2,cascade,contradict,11,70.957,,72.500,1,32,260000000,1,91.000,,0,0,0,0,0,0,0
c-tune,60010,9,split_brain,mimic,7,199.120,,199.500,1,36,280000000,0,,,0,0,0,0,0,0,0
c-tune,60010,11,cascade,contradict,11,203.825,2,,0,0,0,0,,91.000,1,1,1,0,1,1,0
c-tune,60010,17,slow_leak,,5,380.620,,,0,0,0,0,,,0,0,0,0,0,0,0
c-tune,60010,18,cascade,contradict,10,385.600,,388.000,1,27,235000000,1,406.500,,0,0,0,1,1,0,0
c-tune,60010,19,cascade,mimic,6,395.577,,396.000,1,38,290000000,0,,,0,0,0,0,0,0,0
c-tune,60010,22,slow_leak,,6,531.231,,,0,0,0,0,,,0,0,0,0,0,0,0
c-tune,60011,0,slow_leak,,6,9.862,,23.500,1,38,290000000,0,,,0,0,0,0,0,0,0
c-tune,60011,1,cascade,contradict,5,18.731,,19.000,1,34,270000000,1,37.500,,0,0,0,0,0,0,0
c-tune,60011,3,compound,contradict,2,37.892,,38.000,1,58,390000000,1,56.500,,0,0,0,0,0,0,0
c-tune,60011,4,cascade,contradict,5,92.137,1,92.500,1,31,255000000,0,,37.500,1,1,1,0,1,1,0
c-tune,60011,6,slow_leak,,6,96.064,0,110.000,1,41,305000000,1,128.500,,0,0,0,0,0,0,0
c-tune,60011,8,compound,mimic,4,114.972,,,0,0,0,0,,,0,0,0,0,0,0,0
c-tune,60011,27,split_brain,contradict,5,462.781,,466.000,1,39,295000000,1,484.500,,0,0,0,0,0,0,0
c-tune,60011,28,slow_leak,,6,508.911,0,523.000,1,40,300000000,1,541.500,,0,1,0,1,1,1,0
c-tune,60012,2,split_brain,contradict,3,43.201,,43.500,1,29,245000000,0,,,0,0,0,0,0,0,0
c-tune,60012,4,slow_leak,,0,82.854,,,0,0,0,0,,,0,0,0,0,0,0,0
c-tune,60012,12,slow_leak,,2,182.799,,201.500,1,33,265000000,0,,,0,0,0,0,0,0,0
c-tune,60012,16,split_brain,mimic,3,386.196,,387.500,1,25,225000000,0,,,0,0,0,0,0,0,0
c-tune,60013,4,slow_leak,,7,134.601,,148.000,1,40,300000000,1,166.500,,0,0,0,0,0,0,0
c-tune,60013,5,slow_leak,,6,137.874,,152.000,1,38,290000000,1,170.500,,0,0,0,0,0,0,0
c-tune,60013,6,cascade,contradict,1,160.661,,161.000,1,54,370000000,1,179.500,,0,0,0,0,0,0,0
c-tune,60013,8,split_brain,contradict,5,176.016,,178.000,1,47,335000000,1,196.500,,0,0,0,0,0,0,0
c-tune,60013,11,split_brain,mimic,4,236.440,,236.500,1,37,285000000,0,,,0,0,0,0,0,0,0
c-tune,60013,14,split_brain,contradict,5,305.687,8,306.000,1,49,345000000,1,324.500,196.500,1,1,1,0,1,1,0
c-tune,60013,15,split_brain,mimic,4,375.372,11,375.500,1,39,295000000,0,,,0,0,0,0,0,0,0
c-tune,60013,23,cascade,mimic,4,463.035,,465.000,1,53,365000000,0,,,0,0,0,0,0,0,0
c-tune,60014,0,compound,contradict,5,29.599,,30.000,1,32,260000000,1,48.500,,0,0,0,0,0,0,0
c-tune,60014,6,split_brain,contradict,4,124.977,,125.500,1,41,305000000,1,144.000,,0,0,0,0,0,0,0
c-tune,60014,10,slow_leak,,2,186.288,,,0,0,0,0,,,0,0,0,0,0,0,0
c-tune,60014,13,slow_leak,,0,229.353,,,0,0,0,0,,,0,0,0,0,0,0,0
c-tune,60014,14,split_brain,contradict,5,232.251,,234.500,2,71,555000000,1,253.000,,0,0,0,1,1,1,0
c-tune,60014,20,split_brain,mimic,10,325.853,,326.500,1,23,215000000,0,,,0,0,0,0,0,0,0
c-tune,60014,21,split_brain,contradict,8,348.002,,350.500,1,35,275000000,0,,,0,0,0,1,1,1,0
c-tune,60014,23,compound,mimic,3,416.211,,420.000,1,43,315000000,1,438.500,,0,0,0,0,0,0,0
c-tune,60014,24,slow_leak,,6,416.241,,,0,0,0,0,,,0,0,0,0,0,0,0
c-tune,60014,29,split_brain,mimic,11,487.675,,490.000,1,34,270000000,0,,,0,0,0,0,0,0,0
c-tune,60015,1,slow_leak,,5,22.765,,,0,0,0,0,,,0,0,0,0,0,0,0
c-tune,60015,2,cascade,mimic,1,34.596,,35.000,2,80,600000000,0,,,0,0,0,0,0,0,0
c-tune,60015,6,cascade,mimic,4,126.582,,127.000,1,49,345000000,0,,,0,0,0,0,0,0,0
c-tune,60015,10,split_brain,contradict,4,277.424,,278.000,1,35,275000000,0,,,0,0,0,0,0,0,0
c-tune,60015,12,cascade,mimic,1,403.154,2,403.500,1,45,325000000,0,,,0,0,0,0,0,0,1
c-tune,60015,15,split_brain,contradict,0,479.285,,480.000,1,67,435000000,0,,,0,0,0,0,0,0,0
c-tune,60016,0,cascade,mimic,6,26.864,,27.000,1,40,300000000,0,,,0,0,0,0,0,0,0
c-tune,60016,3,slow_leak,,1,54.723,,66.500,1,45,325000000,1,85.000,,0,0,0,0,0,0,0
c-tune,60016,5,slow_leak,,8,76.349,,91.500,1,33,265000000,1,110.000,,0,0,0,1,1,1,0
c-tune,60016,9,slow_leak,,1,206.386,3,,0,0,0,0,,85.000,1,1,1,0,1,1,0
c-tune,60016,10,slow_leak,,8,206.448,5,218.500,1,39,295000000,1,237.000,110.000,1,1,1,0,1,1,0
c-tune,60016,19,slow_leak,,8,409.733,10,422.500,1,39,295000000,1,441.000,237.000,1,1,1,0,1,1,0
c-tune,60016,22,slow_leak,,9,490.547,,504.500,1,32,260000000,1,523.000,,0,0,0,1,1,1,0
c-tune,60016,23,slow_leak,,1,500.891,3,,0,0,0,0,,85.000,1,1,1,0,1,1,0
c-tune,60017,9,cascade,mimic,1,336.417,,336.500,1,53,365000000,1,355.000,,0,0,0,0,0,0,0
c-tune,60017,11,compound,mimic,2,404.062,,404.500,1,30,250000000,1,423.000,,0,0,0,0,0,0,0
c-tune,60017,14,compound,mimic,2,467.092,,467.500,1,39,295000000,1,486.000,,0,1,0,1,1,1,0
c-tune,60017,18,slow_leak,,1,517.661,,,0,0,0,0,,,0,0,0,0,0,0,0
c-tune,60018,7,cascade,mimic,10,307.659,,309.000,1,33,265000000,0,,,0,0,0,0,0,0,0
c-tune,60018,10,split_brain,mimic,2,397.834,,398.000,1,31,255000000,1,416.500,,0,0,0,0,0,0,0
c-tune,60018,14,cascade,mimic,4,515.993,,516.000,1,50,350000000,0,,,0,0,0,0,0,0,0
c-tune,60019,0,compound,mimic,2,5.441,,5.500,1,41,305000000,1,24.000,,0,0,0,0,0,0,0
c-tune,60019,4,slow_leak,,9,91.124,,107.000,1,30,250000000,0,,,0,0,0,0,0,0,0
c-tune,60019,10,compound,mimic,2,160.085,,161.500,1,48,340000000,0,,,0,0,0,1,1,0,0
c-tune,60019,16,cascade,contradict,3,276.692,,277.000,1,42,310000000,1,295.500,,0,0,0,0,0,0,0
c-tune,60019,21,cascade,contradict,2,394.219,,394.500,1,48,340000000,1,413.000,,0,0,0,1,1,0,0
c-tune,60019,22,slow_leak,,3,420.228,,,0,0,0,0,,,0,0,0,0,0,0,0
c-tune,60019,24,compound,mimic,6,421.368,,426.500,1,38,290000000,1,445.000,,0,0,0,1,1,0,0
c-tune,60019,27,cascade,contradict,5,531.674,,534.000,1,38,290000000,1,552.500,,0,0,0,1,1,1,0
c-tune,60020,1,split_brain,contradict,2,34.624,,35.000,2,72,560000000,1,53.500,,0,0,0,0,0,0,0
c-tune,60020,4,split_brain,contradict,11,135.648,,136.000,1,30,250000000,0,,,0,0,0,1,1,1,0
c-tune,60020,11,slow_leak,,4,233.509,,248.500,1,40,300000000,1,267.000,,0,0,0,0,0,0,0
c-tune,60020,12,split_brain,mimic,6,241.075,,242.500,1,35,275000000,0,,,0,0,0,0,0,0,0
c-tune,60020,13,split_brain,mimic,0,241.585,,243.500,1,59,395000000,0,,,0,0,0,0,0,0,0
c-tune,60020,16,slow_leak,,11,342.971,,356.500,1,31,255000000,1,375.000,,0,0,0,1,1,1,0
c-tune,60020,18,slow_leak,,5,359.778,,372.500,1,42,310000000,1,391.000,,0,0,0,1,1,1,0
c-tune,60020,21,split_brain,contradict,2,389.572,,390.000,1,47,335000000,1,408.500,,0,0,0,1,1,1,0
c-tune,60021,2,split_brain,mimic,3,20.922,,21.000,1,44,320000000,0,,,0,0,0,0,0,0,0
c-tune,60021,5,compound,mimic,2,61.562,,65.500,1,44,320000000,1,84.000,,0,0,0,0,0,0,0
c-tune,60021,8,compound,contradict,7,100.136,,101.500,1,33,265000000,1,120.000,,0,0,0,0,0,0,0
c-tune,60021,9,split_brain,contradict,6,177.041,,178.500,1,37,285000000,1,197.000,,0,0,0,0,0,0,0
c-tune,60021,10,split_brain,mimic,3,179.509,2,181.000,1,50,350000000,0,,,0,0,0,0,0,0,0
c-tune,60021,11,cascade,mimic,8,186.018,,190.000,1,36,280000000,1,208.500,,0,0,0,0,0,0,0
c-tune,60021,15,split_brain,mimic,6,282.195,,284.500,1,34,270000000,0,,,0,0,0,0,0,0,0
c-tune,60021,20,split_brain,contradict,0,365.050,,365.500,1,55,375000000,0,,,0,0,0,1,1,1,0
c-tune,60022,3,compound,contradict,7,40.386,,43.000,1,36,280000000,1,61.500,,0,0,0,0,0,0,0
c-tune,60022,4,cascade,mimic,9,41.002,,45.000,1,34,270000000,1,63.500,,0,0,0,0,0,0,0
c-tune,60022,5,cascade,contradict,4,101.605,,103.000,1,37,285000000,0,,,0,0,0,0,0,0,0
c-tune,60022,7,slow_leak,,7,132.634,,,0,0,0,0,,,0,0,0,0,0,0,0
c-tune,60022,8,compound,contradict,5,140.826,,142.000,1,35,275000000,1,160.500,,0,0,0,1,1,0,0
c-tune,60022,12,compound,contradict,2,179.935,,180.000,1,66,430000000,1,198.500,,0,0,0,1,1,0,0
c-tune,60022,13,slow_leak,,7,208.752,,,0,0,0,0,,,0,0,0,0,0,0,0
c-tune,60022,14,compound,contradict,0,214.484,,215.000,1,54,370000000,1,233.500,,0,0,0,1,1,1,0
c-tune,60022,15,slow_leak,,2,269.347,,,0,0,0,0,,,0,0,0,0,0,0,0
c-tune,60022,24,slow_leak,,9,433.973,,450.500,1,36,280000000,1,469.000,,0,0,0,0,0,0,0
c-tune,60022,25,cascade,mimic,7,466.705,,474.000,1,35,275000000,1,492.500,,0,0,0,1,1,0,0
c-tune,60022,27,split_brain,contradict,0,520.554,,521.000,1,58,390000000,0,,,0,0,0,0,0,0,0
c-tune,60023,11,cascade,contradict,3,283.206,,287.500,1,39,295000000,0,,,0,0,0,0,0,0,0
c-tune,60023,15,slow_leak,,1,340.580,,353.500,1,44,320000000,1,372.000,,0,0,0,0,0,0,0
c-tune,60023,17,compound,contradict,4,392.628,,394.000,1,39,295000000,1,412.500,,0,0,0,0,0,0,0
c-tune,60023,18,split_brain,contradict,6,414.373,,417.000,1,31,255000000,1,435.500,,0,0,0,0,0,0,0
c-tune,60023,20,slow_leak,,1,467.032,15,482.000,1,39,295000000,1,500.500,372.000,1,1,1,0,1,1,0
c-tune,60024,2,compound,contradict,6,19.351,,19.500,1,37,285000000,0,,,0,0,0,0,0,0,0
c-tune,60024,4,compound,mimic,3,39.382,,39.500,1,52,360000000,1,58.000,,0,0,0,0,0,0,0
c-tune,60024,7,compound,contradict,5,80.701,,81.000,1,33,265000000,1,99.500,,0,0,0,0,0,0,0
c-tune,60024,10,slow_leak,,7,270.632,,,0,0,0,0,,,0,0,0,0,0,0,0
c-tune,60024,12,slow_leak,,11,313.891,,,0,0,0,0,,,0,0,0,0,0,0,0
c-tune,60024,13,slow_leak,,7,328.959,10,,0,0,0,0,,,0,0,0,0,0,0,0
c-tune,60024,18,compound,contradict,6,369.782,2,370.000,1,36,280000000,1,388.500,,0,0,0,1,1,0,0
c-tune,60024,20,slow_leak,,7,414.018,13,,0,0,0,0,,,0,0,0,0,0,0,0
c-tune,60024,22,slow_leak,,1,450.372,,,0,0,0,0,,,0,0,0,0,0,0,0
c-tune,60024,23,slow_leak,,0,476.263,,490.500,1,43,315000000,1,509.000,,0,0,0,0,0,0,0
c-tune,60025,0,compound,contradict,8,10.487,,,0,0,0,0,,,0,0,0,0,0,0,0
c-tune,60025,3,cascade,mimic,7,87.487,,88.000,1,35,275000000,0,,,0,0,0,0,0,0,0
c-tune,60025,7,compound,contradict,0,161.139,,161.500,1,67,435000000,1,180.000,,0,0,0,0,0,0,0
c-tune,60025,8,compound,mimic,4,191.583,,197.500,1,33,265000000,1,216.000,,0,0,0,0,0,0,0
c-tune,60025,18,compound,contradict,4,325.921,,326.000,1,35,275000000,1,344.500,,0,0,0,1,1,1,0
c-tune,60025,20,compound,contradict,0,369.595,7,370.000,1,69,445000000,1,388.500,180.000,1,1,0,0,1,1,1
c-tune,60025,21,slow_leak,,9,391.833,,403.500,1,29,245000000,1,422.000,,0,0,0,0,0,0,0
c-tune,60025,27,cascade,contradict,9,517.743,,520.500,1,26,230000000,1,539.000,,0,0,0,0,0,0,0
c-tune,60026,4,slow_leak,,0,119.529,,133.500,1,40,300000000,0,,,0,0,0,0,0,0,0
c-tune,60026,10,compound,mimic,0,201.272,,203.500,1,60,400000000,1,222.000,,0,0,0,0,0,0,0
c-tune,60026,15,cascade,mimic,9,428.118,,430.500,1,30,250000000,0,,,0,0,0,0,0,0,0
c-tune,60026,18,compound,mimic,0,448.216,10,448.500,1,55,375000000,1,467.000,222.000,1,1,1,0,1,1,0
c-tune,60026,20,slow_leak,,7,499.164,,,0,0,0,0,,,0,0,0,0,0,0,0
c-tune,60026,21,cascade,contradict,10,521.402,,521.500,1,24,220000000,0,,,0,0,0,0,0,0,0
c-tune,60027,0,compound,contradict,1,31.385,,31.500,1,40,300000000,1,50.000,,0,0,0,0,0,0,0
c-tune,60027,5,split_brain,mimic,0,127.384,,127.500,1,51,355000000,0,,,0,0,0,0,0,0,0
c-tune,60027,6,compound,contradict,1,134.026,0,134.500,1,36,280000000,1,153.000,50.000,1,1,1,0,1,1,0
c-tune,60027,11,cascade,contradict,1,203.537,,204.000,1,42,310000000,0,,,0,0,0,0,0,0,0
c-tune,60027,15,split_brain,mimic,6,270.171,,,0,0,0,0,,,0,0,0,0,0,0,0
c-tune,60027,22,slow_leak,,1,419.065,,,0,0,0,0,,,0,0,0,0,0,0,0
c-tune,60027,25,split_brain,contradict,6,445.993,,449.000,1,39,295000000,1,467.500,,0,0,0,0,0,0,0
c-tune,60028,3,split_brain,contradict,6,20.998,,23.000,1,39,295000000,1,41.500,,0,0,0,0,0,0,0
c-tune,60028,11,slow_leak,,0,264.515,,,0,0,0,0,,,0,0,0,0,0,0,0
c-tune,60029,0,cascade,mimic,4,35.146,,35.500,1,46,330000000,0,,,0,0,0,0,0,0,0
c-tune,60029,1,compound,mimic,9,80.996,,82.000,1,30,250000000,1,100.500,,0,0,0,0,0,0,0
c-tune,60029,3,cascade,contradict,7,90.580,,92.000,1,35,275000000,0,,,0,0,0,0,0,0,0
c-tune,60029,4,split_brain,contradict,1,129.581,,131.000,1,50,350000000,1,149.500,,0,0,0,0,0,0,0
c-tune,60029,6,split_brain,mimic,4,155.155,,157.500,1,45,325000000,0,,,0,0,0,0,0,0,0
c-tune,60029,8,cascade,mimic,3,206.437,,208.500,1,42,310000000,1,227.000,,0,0,0,0,0,0,0
c-tune,60029,9,compound,mimic,5,207.623,,208.000,1,41,305000000,1,226.500,,0,0,0,1,1,0,0
c-tune,60029,13,split_brain,mimic,4,247.383,,250.500,1,48,340000000,0,,,0,0,0,0,0,0,0
c-tune,60029,28,cascade,mimic,4,447.432,,447.500,1,56,380000000,0,,,0,0,0,1,1,1,0
c-tune,60029,29,cascade,mimic,6,455.143,,455.500,1,29,245000000,0,,,0,0,0,1,1,1,0
c-tune,60029,31,split_brain,mimic,9,479.073,,483.500,1,32,260000000,0,,,0,0,0,0,0,0,0
c-tune,60029,32,compound,mimic,1,509.152,,511.500,1,70,450000000,1,530.000,,0,0,0,1,1,1,0
c-tune,60030,9,slow_leak,,0,185.660,,200.500,1,43,315000000,0,,,0,0,0,0,0,0,0
c-tune,60030,11,split_brain,contradict,6,237.356,,240.000,1,35,275000000,0,,,0,0,0,0,0,0,0
c-tune,60030,12,compound,contradict,7,252.954,,253.000,1,35,275000000,1,271.500,,0,0,0,0,0,0,0
c-tune,60030,14,slow_leak,,6,305.572,,,0,0,0,0,,,0,0,0,0,0,0,0
c-tune,60030,22,cascade,mimic,7,528.559,,531.000,1,41,305000000,0,,,0,0,0,0,0,0,0
c-tune,60030,23,compound,contradict,2,532.327,,537.000,1,45,325000000,0,,,0,0,0,1,1,0,0
c-tune,60031,1,split_brain,mimic,4,41.415,,41.500,1,31,255000000,0,,,0,0,0,0,0,0,0
c-tune,60031,5,split_brain,contradict,5,123.272,,124.500,1,31,255000000,0,,,0,0,0,0,0,0,0
c-tune,60031,12,cascade,contradict,4,294.860,,295.000,1,44,320000000,1,313.500,,0,0,0,0,0,0,0
c-tune,60031,14,split_brain,mimic,2,318.809,,321.000,1,33,265000000,1,339.500,,0,0,0,0,0,0,0
c-tune,60031,15,split_brain,mimic,0,361.852,,365.500,1,46,330000000,0,,,0,0,0,1,1,1,0
c-tune,60032,1,cascade,mimic,5,44.404,,,0,0,0,0,,,0,0,0,0,0,0,0
c-tune,60032,7,slow_leak,,1,192.378,,,0,0,0,0,,,0,0,0,0,0,0,0
c-tune,60032,10,cascade,contradict,7,245.187,,247.000,1,36,280000000,1,265.500,,0,0,0,0,0,0,0
c-tune,60032,11,compound,contradict,4,285.715,,286.000,1,37,285000000,1,304.500,,0,0,0,0,0,0,0
c-tune,60032,12,compound,mimic,3,306.915,,307.000,1,41,305000000,1,325.500,,0,0,0,0,0,0,0
c-tune,60032,17,compound,contradict,4,501.049,11,501.500,1,31,255000000,1,520.000,304.500,1,1,0,0,1,1,1
c-tune,60033,0,split_brain,contradict,3,48.107,,48.500,1,33,265000000,1,67.000,,0,0,0,0,0,0,0
c-tune,60033,2,cascade,mimic,6,90.244,,90.500,1,34,270000000,0,,,0,0,0,0,0,0,0
c-tune,60033,4,compound,contradict,8,146.519,,149.500,1,30,250000000,1,168.000,,0,0,0,0,0,0,0
c-tune,60033,10,compound,contradict,1,253.773,,254.000,1,38,290000000,1,272.500,,0,0,0,1,1,0,0
c-tune,60033,12,compound,contradict,6,275.600,,285.000,1,46,330000000,1,303.500,,0,0,0,1,1,0,0
c-tune,60033,21,slow_leak,,2,439.382,,456.500,1,50,350000000,1,475.000,,0,0,0,0,0,0,0
c-tune,60033,31,compound,contradict,6,518.109,,519.000,1,42,310000000,1,537.500,,0,1,0,1,1,1,0
c-tune,60034,0,split_brain,mimic,6,1.814,,4.500,1,33,265000000,0,,,0,0,0,0,0,0,0
c-tune,60034,1,split_brain,mimic,2,11.363,,,0,0,0,0,,,0,0,0,0,0,0,0
c-tune,60034,6,slow_leak,,7,67.899,,,0,0,0,0,,,0,0,0,0,0,0,0
c-tune,60034,8,split_brain,mimic,2,130.344,1,131.500,1,53,365000000,1,150.000,,0,0,0,0,0,0,0
c-tune,60034,11,slow_leak,,5,192.902,,,0,0,0,0,,,0,0,0,0,0,0,0
c-tune,60034,12,split_brain,mimic,1,198.219,,199.500,1,44,320000000,0,,,0,0,0,1,1,1,0
c-tune,60034,16,slow_leak,,7,296.708,6,,0,0,0,0,,,0,0,0,0,0,0,0
c-tune,60034,18,split_brain,mimic,2,343.374,8,344.000,1,58,390000000,1,362.500,150.000,1,1,1,0,1,1,0
c-tune,60034,20,cascade,contradict,7,383.150,,,0,0,0,0,,,0,0,0,0,0,0,0
c-tune,60034,21,split_brain,contradict,1,390.599,,391.000,1,49,345000000,0,,,0,0,0,0,0,0,0
c-tune,60035,4,split_brain,contradict,8,63.088,,63.500,1,34,270000000,1,84.000,,0,0,0,0,0,0,0
c-tune,60035,7,cascade,mimic,3,182.801,,183.000,1,34,270000000,0,,,0,0,0,0,0,0,0
c-tune,60035,9,split_brain,mimic,2,219.542,,221.000,1,47,335000000,1,239.500,,0,0,0,0,0,0,0
c-tune,60035,11,compound,contradict,4,267.504,,268.000,1,35,275000000,1,286.500,,0,0,0,0,0,0,0
c-tune,60035,13,cascade,mimic,3,298.805,7,299.000,1,41,305000000,0,,,0,0,0,0,0,0,0
c-tune,60035,19,split_brain,contradict,8,375.787,4,391.000,1,49,345000000,1,409.500,84.000,1,1,1,0,1,1,0
c-tune,60036,3,compound,contradict,6,68.098,,68.500,1,30,250000000,0,,,0,0,0,0,0,0,0
c-tune,60036,6,compound,contradict,1,240.374,,242.000,1,38,290000000,1,260.500,,0,0,0,0,0,0,0
c-tune,60037,2,cascade,mimic,3,46.170,,46.500,2,84,620000000,0,,,0,0,0,0,0,0,0
c-tune,60037,3,slow_leak,,8,50.245,,,0,0,0,0,,,0,0,0,0,0,0,0
c-tune,60037,7,cascade,contradict,7,100.464,,101.000,1,62,410000000,1,133.000,,0,0,0,0,0,0,0
c-tune,60037,8,slow_leak,,3,109.592,,125.500,1,41,305000000,0,,,0,0,0,0,0,0,0
c-tune,60037,9,cascade,contradict,1,156.168,,156.500,1,69,445000000,0,,,0,0,0,1,1,0,0
c-tune,60037,11,split_brain,contradict,9,178.924,,184.000,1,34,270000000,0,,,0,0,0,0,0,0,0
c-tune,60037,25,slow_leak,,4,497.749,,,0,0,0,0,,,0,0,0,0,0,0,0
c-tune,60037,26,compound,mimic,8,521.727,,528.500,1,42,310000000,1,547.000,,0,0,0,0,0,0,0
c-tune,60038,1,slow_leak,,6,25.574,,,0,0,0,0,,,0,0,0,0,0,0,0
c-tune,60038,6,split_brain,mimic,3,116.155,,119.000,1,44,320000000,0,,,0,0,0,0,0,0,0
c-tune,60038,10,compound,contradict,7,270.557,,271.000,1,38,290000000,1,289.500,,0,0,0,0,0,0,0
c-tune,60038,11,slow_leak,,6,315.728,1,328.500,1,28,240000000,0,,,0,0,0,0,0,0,0
c-tune,60038,13,split_brain,mimic,3,327.501,,330.500,1,40,300000000,0,,,0,0,0,0,0,0,0
c-tune,60039,0,split_brain,contradict,5,3.139,,4.000,1,38,290000000,0,,,0,0,0,0,0,0,0
c-tune,60039,4,slow_leak,,3,27.209,,,0,0,0,0,,,0,0,0,0,0,0,0
c-tune,60039,6,slow_leak,,0,50.407,,70.000,1,49,345000000,0,,,0,0,0,0,0,0,0
c-tune,60039,9,cascade,contradict,2,114.040,,114.500,1,36,280000000,1,133.000,,0,0,0,0,0,0,0
c-tune,60039,13,cascade,contradict,6,245.716,,250.500,1,32,260000000,1,269.000,,0,0,0,1,1,1,0
c-tune,60039,17,compound,mimic,7,287.151,,,0,0,0,0,,,0,0,0,0,0,0,0
c-tune,60039,18,slow_leak,,0,292.135,6,,0,0,0,0,,,0,0,0,0,0,0,0
c-tune,60039,22,split_brain,mimic,3,373.204,,379.500,1,52,360000000,0,,,0,0,0,0,0,0,0
c-tune,60039,24,cascade,contradict,2,410.699,,,0,0,0,0,,,0,0,0,1,1,1,0
c-tune,60040,0,slow_leak,,9,81.643,,,0,0,0,0,,,0,0,0,0,0,0,0
c-tune,60040,2,slow_leak,,9,182.528,0,,0,0,0,0,,,0,0,0,0,0,0,0
c-tune,60040,4,slow_leak,,1,199.131,,,0,0,0,0,,,0,0,0,0,0,0,0
c-tune,60040,5,slow_leak,,5,227.377,,241.000,1,36,280000000,1,259.500,,0,0,0,0,0,0,0
c-tune,60040,6,split_brain,contradict,2,228.192,,228.500,1,52,360000000,0,,,0,0,0,0,0,0,0
c-tune,60040,11,compound,mimic,9,426.273,,427.500,1,38,290000000,1,446.000,,0,0,0,0,0,0,0
c-tune,60040,12,split_brain,contradict,7,448.096,,449.500,1,32,260000000,1,468.000,,0,0,0,0,0,0,0
c-tune,60040,15,compound,mimic,8,482.584,,483.000,1,38,290000000,1,501.500,,0,0,0,1,1,0,0
c-tune,60040,16,cascade,contradict,5,488.725,,492.000,1,33,265000000,0,,,0,0,0,0,0,0,0
c-tune,60040,18,split_brain,contradict,2,529.253,6,529.500,1,51,355000000,1,548.000,,0,0,0,1,1,1,0
c-tune,60041,0,slow_leak,,3,8.348,,,0,0,0,0,,,0,0,0,0,0,0,0
c-tune,60041,1,cascade,contradict,5,10.153,,10.500,1,38,290000000,0,,,0,0,0,0,0,0,0
c-tune,60041,10,cascade,contradict,1,161.822,,,0,0,0,0,,,0,0,0,0,0,0,0
c-tune,60041,11,split_brain,mimic,2,208.466,,227.000,1,69,445000000,0,,,0,0,0,0,0,0,0
c-tune,60041,13,compound,contradict,6,230.519,,233.500,1,43,315000000,1,252.000,,0,0,0,0,0,0,0
c-tune,60041,14,slow_leak,,3,235.068,0,,0,0,0,0,,,0,0,0,0,0,0,0
c-tune,60041,16,slow_leak,,1,285.641,,,0,0,0,0,,,0,0,0,0,0,0,0
c-tune,60041,17,slow_leak,,2,317.665,,,0,0,0,0,,,0,0,0,0,0,0,0
c-tune,60041,23,slow_leak,,3,412.396,0,,0,0,0,0,,,0,0,0,0,0,0,0
c-tune,60041,24,slow_leak,,1,415.682,16,,0,0,0,0,,,0,0,0,0,0,0,0
c-tune,60041,25,slow_leak,,0,419.099,,,0,0,0,0,,,0,0,0,0,0,0,0
c-tune,60042,0,slow_leak,,6,25.122,,,0,0,0,0,,,0,0,0,0,0,0,0
c-tune,60042,7,split_brain,contradict,3,110.979,,111.500,1,41,305000000,1,130.000,,0,0,0,0,0,0,0
c-tune,60042,9,split_brain,mimic,8,138.079,,139.500,1,39,295000000,1,158.000,,0,0,0,0,0,0,0
c-tune,60042,13,cascade,mimic,2,242.737,,245.000,1,36,280000000,0,,,0,0,0,0,0,0,0
c-tune,60042,18,cascade,mimic,2,439.970,13,443.500,2,48,440000000,1,462.000,,0,0,0,0,0,0,0
c-tune,60042,19,split_brain,contradict,4,461.075,,463.000,1,31,255000000,1,481.500,,0,0,0,1,1,1,0
c-tune,60042,22,compound,mimic,6,517.394,,517.500,1,28,240000000,1,536.000,,0,0,0,0,0,0,0
c-tune,60043,2,split_brain,contradict,7,60.342,,60.500,1,31,255000000,1,84.000,,0,0,0,0,0,0,0
c-tune,60043,3,slow_leak,,6,72.515,,90.500,1,37,285000000,0,,,0,0,0,0,0,0,0
c-tune,60043,5,compound,contradict,4,106.922,,107.000,1,40,300000000,1,125.500,,0,0,0,0,0,0,0
c-tune,60043,8,compound,contradict,3,143.601,,144.000,1,48,340000000,1,162.500,,0,0,0,1,1,0,0
c-tune,60043,10,split_brain,contradict,7,153.434,2,158.000,1,33,265000000,0,,84.000,1,1,1,0,1,1,0
c-tune,60043,15,split_brain,mimic,2,240.178,,242.500,1,41,305000000,0,,,0,0,0,0,0,0,0
c-tune,60043,18,slow_leak,,3,303.470,,,0,0,0,0,,,0,0,0,0,0,0,0
c-tune,60043,21,compound,contradict,0,316.208,,316.500,2,110,750000000,1,335.000,,0,0,0,1,1,0,0
c-tune,60043,22,compound,contradict,4,321.448,5,322.500,1,41,305000000,1,341.000,125.500,1,1,1,0,1,1,0
c-tune,60043,25,split_brain,mimic,2,363.873,,365.000,1,38,290000000,0,,,0,0,0,0,0,0,0
c-tune,60043,28,compound,contradict,4,432.653,5,435.000,1,43,315000000,1,453.500,125.500,1,1,0,0,1,1,1
c-tune,60043,33,compound,mimic,0,485.651,,493.500,1,53,365000000,0,,,0,0,0,0,0,0,0
c-tune,60044,1,split_brain,contradict,6,64.532,,65.000,1,33,265000000,1,83.500,,0,0,0,0,0,0,0
c-tune,60044,11,split_brain,mimic,8,397.067,,403.000,1,32,260000000,0,,,0,0,0,0,0,0,0
c-tune,60044,13,cascade,mimic,1,427.814,,428.000,1,39,295000000,1,450.000,,0,0,0,0,0,0,0
c-tune,60045,1,compound,mimic,6,47.453,,47.500,1,37,285000000,0,,,0,0,0,0,0,0,0
c-tune,60045,3,cascade,contradict,4,92.658,,93.000,1,52,360000000,0,,,0,0,0,0,0,0,0
c-tune,60045,4,split_brain,contradict,6,153.256,,153.500,1,39,295000000,0,,,0,0,0,0,0,0,0
c-tune,60045,7,cascade,contradict,4,215.877,3,216.000,1,47,335000000,0,,,0,0,0,0,0,0,0
c-tune,60045,8,cascade,mimic,8,258.668,,261.000,2,78,590000000,0,,,0,0,0,0,0,0,0
c-tune,60045,10,cascade,contradict,3,271.152,,271.500,1,55,375000000,1,290.000,,0,0,0,0,0,0,0
c-tune,60045,11,compound,mimic,5,281.039,,284.500,1,50,350000000,1,303.000,,0,0,0,0,0,0,0
c-tune,60045,12,slow_leak,,2,350.622,,367.000,1,42,310000000,1,385.500,,0,0,0,0,0,0,0
c-tune,60045,13,compound,mimic,8,406.696,,410.000,1,42,310000000,1,428.500,,0,0,0,1,1,0,0
c-tune,60045,17,cascade,contradict,6,509.401,,509.500,1,35,275000000,1,528.000,,0,0,0,1,1,1,0
c-tune,60046,2,split_brain,mimic,1,47.628,,48.000,1,33,265000000,0,,,0,0,0,0,0,0,0
c-tune,60046,4,compound,contradict,3,109.584,,110.000,1,35,275000000,1,128.500,,0,0,0,0,0,0,0
c-tune,60046,9,compound,contradict,3,222.625,4,223.000,1,33,265000000,1,241.500,128.500,1,1,1,0,1,1,0
c-tune,60046,11,split_brain,mimic,6,263.841,,268.000,1,32,260000000,0,,,0,0,0,0,0,0,0
c-tune,60046,15,compound,contradict,3,312.126,9,312.500,1,36,280000000,1,331.000,241.500,1,1,1,0,1,1,0
c-tune,60046,16,slow_leak,,0,324.218,,,0,0,0,0,,,0,0,0,0,0,0,0
c-tune,60046,19,cascade,contradict,6,345.194,,345.500,1,33,265000000,0,,,0,0,0,0,0,0,0
c-tune,60046,26,slow_leak,,8,435.276,,451.000,1,34,270000000,0,,,0,0,0,0,0,0,0
c-tune,60046,28,compound,contradict,3,489.440,15,489.500,1,37,285000000,0,,331.000,1,1,1,0,1,1,0
c-tune,60047,2,compound,contradict,3,45.953,,46.000,1,34,270000000,1,64.500,,0,0,0,0,0,0,0
c-tune,60047,4,split_brain,mimic,8,61.097,,66.500,1,35,275000000,0,,,0,0,0,0,0,0,0
c-tune,60047,6,compound,contradict,0,94.098,,95.500,1,61,405000000,1,114.000,,0,0,0,1,1,0,0
c-tune,60047,7,split_brain,contradict,5,116.462,,120.500,1,47,335000000,1,139.000,,0,0,0,0,0,0,0
c-tune,60047,8,cascade,contradict,4,124.379,,126.500,1,37,285000000,0,,,0,0,0,0,0,0,0
c-tune,60047,9,split_brain,mimic,8,170.664,4,174.500,1,35,275000000,0,,,0,0,0,0,0,0,0
c-tune,60047,11,split_brain,contradict,5,290.413,7,291.000,1,47,335000000,1,315.000,139.000,1,1,1,0,1,1,0
c-tune,60047,13,compound,contradict,0,309.874,,310.000,1,55,375000000,1,328.500,,0,1,0,1,1,1,0
c-tune,60047,14,compound,contradict,7,344.756,,347.000,1,35,275000000,1,365.500,,0,0,0,1,1,1,0
c-tune,60047,16,compound,contradict,3,354.793,2,357.000,1,41,305000000,1,375.500,64.500,1,1,1,0,1,1,0
c-tune,60048,0,slow_leak,,5,39.447,,,0,0,0,0,,,0,0,0,0,0,0,0
c-tune,60048,2,slow_leak,,0,40.172,,51.000,1,61,405000000,1,69.500,,0,0,0,0,0,0,0
c-tune,60048,3,compound,mimic,1,55.314,,55.500,2,97,685000000,1,75.000,,0,0,0,0,0,0,0
c-tune,60048,4,cascade,contradict,3,72.171,,74.000,1,44,320000000,0,,,0,0,0,0,0,0,0
c-tune,60048,6,split_brain,contradict,1,113.992,,115.500,1,64,420000000,0,,,0,0,0,0,0,0,0
c-tune,60048,7,compound,contradict,4,119.330,,119.500,1,45,325000000,1,138.000,,0,0,0,0,0,0,0
c-tune,60048,9,split_brain,mimic,3,215.633,,219.500,1,48,340000000,0,,,0,0,0,0,0,0,0
c-tune,60048,10,compound,contradict,0,291.741,,292.000,1,67,435000000,1,310.500,,0,0,0,1,1,0,0
c-tune,60048,11,compound,contradict,4,375.271,7,377.500,2,77,585000000,1,396.000,138.000,1,1,0,0,1,1,1
c-tune,60048,13,cascade,mimic,5,413.709,,417.500,1,36,280000000,0,,,0,0,0,0,0,0,0
c-tune,60048,15,compound,mimic,1,463.682,,468.500,1,64,420000000,0,,,0,0,0,1,1,0,0
c-tune,60048,16,compound,contradict,3,489.676,,490.000,1,39,295000000,1,508.500,,0,0,0,1,1,0,0
c-tune,60048,17,slow_leak,,5,532.467,0,,0,0,0,0,,,0,0,0,1,1,1,0
c-tune,60049,0,slow_leak,,3,8.942,,24.500,1,49,345000000,1,43.000,,0,0,0,0,0,0,0
c-tune,60049,5,slow_leak,,5,99.359,,113.000,1,35,275000000,1,131.500,,0,0,0,1,1,1,0
c-tune,60049,8,slow_leak,,3,122.293,0,135.500,1,50,350000000,1,154.000,43.000,1,1,1,0,1,1,0
c-tune,60049,9,slow_leak,,5,171.843,5,191.000,1,26,230000000,0,,131.500,1,1,1,0,1,1,0
c-tune,60049,11,slow_leak,,1,189.738,,,0,0,0,0,,,0,0,0,1,1,1,0
c-tune,60049,12,compound,contradict,11,199.053,,199.500,1,32,260000000,0,,,0,0,0,0,0,0,0
c-tune,60049,15,slow_leak,,3,240.385,8,256.000,1,57,385000000,1,274.500,154.000,1,1,1,0,1,1,0
c-tune,60049,18,split_brain,mimic,7,303.258,,306.000,1,28,240000000,1,324.500,,0,0,0,0,0,0,0
c-tune,60049,19,split_brain,contradict,0,329.684,,330.000,1,52,360000000,1,348.500,,0,0,0,0,0,0,0
c-tune,60049,26,cascade,mimic,2,470.842,,471.000,1,42,310000000,0,,,0,0,0,0,0,0,0
c-tune,60050,4,split_brain,contradict,0,161.638,,162.000,1,49,345000000,1,180.500,,0,0,0,0,0,0,0
c-tune,60050,5,slow_leak,,1,167.157,,,0,0,0,0,,,0,0,0,0,0,0,0
c-tune,60050,10,slow_leak,,1,271.897,5,285.500,1,51,355000000,1,304.000,,0,0,0,0,0,0,0
c-tune,60050,13,split_brain,contradict,5,284.642,,285.000,1,45,325000000,1,303.500,,0,0,0,1,1,1,0
c-tune,60050,18,compound,contradict,3,379.974,,380.500,1,40,300000000,0,,,0,0,0,0,0,0,0
c-tune,60050,19,slow_leak,,6,382.618,,,0,0,0,0,,,0,0,0,1,1,1,0
c-tune,60050,21,slow_leak,,5,452.727,,,0,0,0,0,,,0,0,0,1,1,1,0
c-tune,60051,2,cascade,contradict,2,59.544,,60.000,1,54,370000000,0,,,0,0,0,0,0,0,0
c-tune,60051,3,slow_leak,,7,80.861,,,0,0,0,0,,,0,0,0,0,0,0,0
c-tune,60051,5,cascade,mimic,4,90.222,,90.500,1,31,255000000,0,,,0,0,0,0,0,0,0
c-tune,60051,7,slow_leak,,8,116.347,,,0,0,0,0,,,0,0,0,0,0,0,0
c-tune,60051,8,compound,mimic,3,148.594,,151.500,1,40,300000000,1,170.000,,0,0,0,0,0,0,0
c-tune,60051,9,slow_leak,,7,156.098,3,169.000,1,35,275000000,1,187.500,,0,0,0,0,0,0,0
c-tune,60051,11,slow_leak,,9,201.713,,,0,0,0,0,,,0,0,0,1,1,1,0
c-tune,60051,14,slow_leak,,7,268.397,3,284.000,1,35,275000000,1,302.500,,0,1,0,1,1,1,0
c-tune,60051,16,slow_leak,,9,362.744,11,,0,0,0,0,,,0,0,0,1,1,1,0
c-tune,60051,19,compound,mimic,7,418.262,,422.000,1,40,300000000,1,440.500,,0,0,0,1,1,0,0
c-tune,60051,21,slow_leak,,9,422.654,16,,0,0,0,0,,,0,0,0,1,1,1,0
c-tune,60052,6,split_brain,mimic,2,132.428,,134.000,1,37,285000000,1,152.500,,0,0,0,0,0,0,0
c-tune,60052,7,cascade,contradict,7,134.479,,136.000,1,32,260000000,0,,,0,0,0,0,0,0,0
c-tune,60052,8,split_brain,contradict,1,142.684,,143.000,1,51,355000000,1,161.500,,0,0,0,0,0,0,0
c-tune,60052,12,split_brain,mimic,2,230.592,6,232.500,1,40,300000000,0,,152.500,1,1,1,0,1,1,0
c-tune,60052,23,split_brain,mimic,2,342.858,,344.500,1,33,265000000,0,,,0,0,0,1,1,1,0
c-tune,60052,24,split_brain,contradict,3,355.892,,357.000,1,27,235000000,1,375.500,,0,0,0,1,1,1,0
c-tune,60052,27,compound,mimic,5,378.326,,385.000,1,43,315000000,0,,,0,0,0,0,0,0,0
c-tune,60052,28,slow_leak,,8,411.054,,428.000,1,32,260000000,1,446.500,,0,0,0,0,0,0,0
c-tune,60052,30,compound,contradict,0,468.063,,468.500,1,58,390000000,1,487.000,,0,0,0,0,0,0,0
c-tune,60052,33,split_brain,mimic,2,522.072,23,,0,0,0,0,,,0,0,0,1,1,1,0
c-tune,60053,0,compound,mimic,2,5.674,,7.000,1,41,305000000,1,25.500,,0,0,0,0,0,0,0
c-tune,60053,2,slow_leak,,7,89.505,,106.000,1,40,300000000,0,,,0,0,0,0,0,0,0
c-tune,60053,3,cascade,mimic,5,89.709,,90.000,1,36,280000000,1,108.500,,0,0,0,0,0,0,0
c-tune,60053,6,compound,mimic,2,213.922,0,215.000,1,40,300000000,1,233.500,25.500,1,1,0,0,1,1,1
c-tune,60053,7,slow_leak,,6,267.183,,280.000,1,29,245000000,0,,,0,0,0,0,0,0,0
c-tune,60053,9,slow_leak,,3,274.192,,,0,0,0,0,,,0,0,0,0,0,0,0
c-tune,60053,10,slow_leak,,7,276.523,2,295.500,1,26,230000000,0,,,0,0,0,0,0,0,0
c-tune,60053,12,slow_leak,,5,288.413,,302.000,1,39,295000000,1,320.500,,0,0,0,0,0,0,0
c-tune,60053,13,split_brain,mimic,4,318.791,,322.000,1,34,270000000,0,,,0,0,0,0,0,0,0
c-tune,60053,14,slow_leak,,7,345.099,,368.000,1,34,270000000,0,,,0,0,0,1,1,1,0
c-tune,60053,16,slow_leak,,5,389.750,,403.000,1,28,240000000,0,,,0,1,0,1,1,1,0
c-tune,60053,17,cascade,contradict,2,391.238,,391.500,1,47,335000000,0,,,0,0,0,0,0,0,0
c-tune,60053,19,slow_leak,,3,429.943,9,,0,0,0,0,,,0,0,0,1,1,1,0
c-tune,60053,21,slow_leak,,7,480.916,10,,0,0,0,0,,,0,0,0,1,1,1,0
c-tune,60054,3,cascade,contradict,2,208.605,,209.000,1,49,345000000,0,,,0,0,0,0,0,0,0
c-tune,60054,5,split_brain,mimic,1,236.666,,237.000,1,43,315000000,0,,,0,0,0,0,0,0,0
c-tune,60054,6,slow_leak,,8,238.544,,254.500,1,34,270000000,1,273.000,,0,0,0,0,0,0,0
c-tune,60054,7,cascade,mimic,3,242.621,,243.000,1,26,230000000,0,,,0,0,0,0,0,0,0
c-tune,60054,9,compound,contradict,4,292.765,,293.000,1,68,440000000,1,311.500,,0,0,0,0,0,0,0
c-tune,60054,12,slow_leak,,2,337.940,,,0,0,0,0,,,0,0,0,1,1,1,0
c-tune,60054,14,slow_leak,,8,384.510,6,,0,0,0,0,,273.000,1,1,1,0,1,1,0
c-tune,60054,20,compound,mimic,4,409.680,,410.000,1,47,335000000,0,,,0,0,0,0,0,0,0
c-tune,60054,22,slow_leak,,2,432.537,,448.000,1,40,300000000,1,466.500,,0,0,0,1,1,1,0
c-tune,60054,23,cascade,mimic,6,440.779,,441.000,1,38,290000000,1,459.500,,0,0,0,0,0,0,0
c-tune,60055,0,split_brain,mimic,5,31.633,,32.000,1,33,265000000,0,,,0,0,0,0,0,0,0
c-tune,60055,1,slow_leak,,6,44.196,,,0,0,0,0,,,0,0,0,0,0,0,0
c-tune,60055,6,split_brain,mimic,5,118.641,0,121.000,1,36,280000000,0,,,0,0,0,0,0,0,0
c-tune,60055,8,compound,contradict,0,128.115,,128.500,1,62,410000000,1,147.000,,0,0,0,0,0,0,0
c-tune,60055,10,split_brain,mimic,4,140.200,,141.500,1,37,285000000,0,,,0,0,0,0,0,0,0
c-tune,60055,13,compound,contradict,2,218.214,,218.500,1,55,375000000,1,237.000,,0,0,0,1,1,0,0
c-tune,60055,14,compound,contradict,0,287.827,8,288.000,1,46,330000000,0,,147.000,1,1,1,0,1,1,0
c-tune,60055,15,compound,contradict,9,288.547,,290.000,1,34,270000000,1,308.500,,0,0,0,1,1,0,0
c-tune,60055,16,split_brain,mimic,4,308.831,10,309.500,2,67,535000000,0,,,0,0,0,0,0,0,0
c-tune,60055,17,cascade,mimic,5,312.706,,313.000,1,26,230000000,0,,,0,0,0,0,0,0,0
c-tune,60055,20,cascade,mimic,7,379.832,,380.000,1,29,245000000,0,,,0,0,0,0,0,0,0
c-tune,60055,22,split_brain,mimic,4,452.802,10,455.500,1,34,270000000,0,,,0,0,0,0,0,0,0
c-tune,60055,25,compound,contradict,9,532.618,15,533.000,1,31,255000000,1,551.500,308.500,1,1,1,0,1,1,0
c-tune,60056,2,split_brain,mimic,6,12.016,,13.000,1,26,230000000,1,31.500,,0,0,0,0,0,0,0
c-tune,60056,6,split_brain,mimic,6,243.274,2,245.500,1,32,260000000,0,,31.500,1,1,1,0,1,1,0
c-tune,60056,8,split_brain,mimic,2,279.728,,281.500,1,48,340000000,1,300.000,,0,0,0,1,1,1,0
c-tune,60056,10,split_brain,mimic,5,292.415,,295.000,1,31,255000000,0,,,0,0,0,1,1,1,0
c-tune,60056,11,split_brain,mimic,5,451.429,10,451.500,1,32,260000000,1,470.000,,0,0,0,1,1,1,0
c-tune,60056,12,compound,contradict,3,459.085,,459.500,1,42,310000000,1,478.000,,0,0,0,0,0,0,0
c-tune,60056,14,compound,contradict,4,473.207,,476.000,1,49,345000000,1,494.500,,0,0,0,0,0,0,0
c-tune,60057,3,compound,contradict,10,97.649,,98.000,1,33,265000000,1,116.500,,0,0,0,0,0,0,0
c-tune,60057,5,slow_leak,,9,135.722,,149.000,1,37,285000000,1,167.500,,0,0,0,0,0,0,0
c-tune,60057,9,slow_leak,,2,151.315,,164.000,1,39,295000000,1,182.500,,0,0,0,0,0,0,0
c-tune,60057,13,slow_leak,,9,287.449,5,,0,0,0,0,,167.500,1,1,1,0,1,1,0
c-tune,60057,16,slow_leak,,2,349.544,9,,0,0,0,0,,182.500,1,1,1,0,1,1,0
c-tune,60057,21,slow_leak,,6,376.755,,387.000,1,42,310000000,1,405.500,,0,0,0,1,1,1,0
c-tune,60057,23,slow_leak,,4,421.186,,436.500,1,42,310000000,1,455.000,,0,0,0,1,1,1,0
c-tune,60057,25,slow_leak,,9,466.776,13,,0,0,0,0,,,0,1,0,1,1,1,0
c-tune,60057,27,split_brain,contradict,2,505.686,,506.000,1,36,280000000,0,,,0,0,0,0,0,0,0
c-tune,60057,30,split_brain,mimic,6,530.581,,532.500,1,36,280000000,0,,,0,0,0,0,0,0,0
c-tune,60058,3,cascade,mimic,5,159.194,,160.500,1,27,235000000,0,,,0,0,0,0,0,0,0
c-tune,60058,6,slow_leak,,6,279.937,,296.500,1,38,290000000,1,315.000,,0,0,0,0,0,0,0
c-tune,60058,7,cascade,mimic,3,313.704,,314.000,1,35,275000000,1,332.500,,0,0,0,0,0,0,0
c-tune,60058,11,slow_leak,,5,390.605,,,0,0,0,0,,,0,0,0,1,1,1,0
c-tune,60058,12,compound,contradict,7,393.150,,393.500,1,29,245000000,1,412.000,,0,0,0,0,0,0,0
c-tune,60058,13,split_brain,mimic,0,412.570,,413.500,1,56,380000000,1,432.000,,0,0,0,0,0,0,0
c-tune,60058,19,split_brain,contradict,3,519.191,,522.000,1,32,260000000,0,,,0,0,0,0,0,0,0
c-tune,60059,1,cascade,contradict,5,38.534,,39.000,1,51,355000000,0,,,0,0,0,0,0,0,0
c-tune,60059,6,cascade,contradict,5,147.454,1,148.000,3,113,865000000,0,,,0,0,0,0,0,0,0
c-tune,60059,9,slow_leak,,1,264.078,,,0,0,0,0,,,0,0,0,0,0,0,0
c-tune,60059,10,slow_leak,,3,277.864,,291.000,1,39,295000000,1,309.500,,0,0,0,0,0,0,0
c-tune,60059,12,compound,mimic,4,347.728,,349.000,1,41,305000000,1,367.500,,0,0,0,0,0,0,0
c-tune,60059,14,slow_leak,,2,368.017,,381.500,1,29,245000000,0,,,0,0,0,1,1,1,0
c-tune,60059,18,slow_leak,,0,429.964,,444.000,1,56,380000000,1,462.500,,0,0,0,1,1,1,0
c-tune,60059,19,cascade,contradict,5,430.588,6,431.000,1,55,375000000,1,450.500,,0,0,0,0,0,0,0
c-tune,60059,22,split_brain,contradict,4,469.962,,470.500,1,53,365000000,0,,,0,0,0,0,0,0,0
c-tune,60060,0,compound,mimic,9,18.579,,22.000,1,37,285000000,1,40.500,,0,0,0,0,0,0,0
c-tune,60060,1,cascade,contradict,2,23.844,,24.000,1,58,390000000,0,,,0,0,0,0,0,0,0
c-tune,60060,6,split_brain,mimic,10,85.053,,85.500,1,28,240000000,0,,,0,0,0,0,0,0,0
c-tune,60060,9,slow_leak,,0,104.799,,120.000,1,46,330000000,1,138.500,,0,0,0,0,0,0,0
c-tune,60060,14,split_brain,mimic,8,249.236,,252.500,1,31,255000000,0,,,0,0,0,0,0,0,0
c-tune,60060,16,split_brain,mimic,10,309.293,6,314.000,1,38,290000000,0,,,0,0,0,0,0,0,0
c-tune,60060,17,split_brain,mimic,4,329.628,,330.000,1,30,250000000,1,348.500,,0,0,0,0,0,0,0
c-tune,60060,23,split_brain,mimic,10,434.717,16,438.500,1,34,270000000,0,,,0,0,0,1,1,1,0
c-tune,60060,24,cascade,contradict,2,461.988,1,462.500,1,41,305000000,0,,,0,0,0,0,0,0,1
c-tune,60060,26,compound,mimic,4,493.451,,496.500,1,31,255000000,1,515.000,,0,0,0,1,1,1,0
c-tune,60060,27,split_brain,mimic,8,495.150,14,501.000,2,66,530000000,1,519.500,,0,0,0,1,1,1,0
c-tune,60060,28,compound,mimic,0,509.268,,509.500,1,66,430000000,1,528.000,,0,0,0,1,1,0,0
c-tune,60060,29,split_brain,mimic,10,520.091,6,524.000,1,34,270000000,0,,,0,0,0,1,1,1,0
c-tune,60061,7,split_brain,mimic,2,145.749,,149.000,1,34,270000000,1,167.500,,0,0,0,0,0,0,0
c-tune,60061,9,compound,mimic,6,179.894,,185.500,1,51,355000000,1,204.000,,0,0,0,0,0,0,0
c-tune,60061,10,slow_leak,,7,214.446,,,0,0,0,0,,,0,0,0,0,0,0,0
c-tune,60061,20,split_brain,contradict,4,443.266,,446.000,1,45,325000000,1,464.500,,0,0,0,0,0,0,0
c-tune,60061,22,slow_leak,,1,494.391,,,0,0,0,0,,,0,0,0,0,0,0,0
c-tune,60062,0,compound,mimic,0,9.688,,10.000,1,52,360000000,1,28.500,,0,0,0,0,0,0,0
c-tune,60062,1,cascade,contradict,3,52.063,,52.500,2,56,480000000,1,71.000,,0,0,0,0,0,0,0
c-tune,60062,2,split_brain,mimic,7,85.396,,89.000,1,33,265000000,1,107.500,,0,0,0,0,0,0,0
c-tune,60062,3,cascade,mimic,1,88.907,,89.000,1,52,360000000,1,107.500,,0,0,0,0,0,0,0
c-tune,60062,6,compound,contradict,5,176.534,,177.000,1,38,290000000,1,195.500,,0,0,0,0,0,0,0
c-tune,60062,8,split_brain,mimic,3,221.061,,224.500,1,42,310000000,0,,,0,0,0,1,1,1,0
c-tune,60062,12,compound,mimic,6,269.784,,271.000,1,35,275000000,0,,,0,0,0,1,1,0,0
c-tune,60062,17,compound,contradict,5,298.467,6,300.000,1,37,285000000,1,318.500,195.500,1,1,1,0,1,1,0
c-tune,60062,18,cascade,contradict,2,330.256,,338.500,1,44,320000000,0,,,0,0,0,1,1,1,0
c-tune,60062,22,split_brain,mimic,6,397.117,,399.500,1,36,280000000,0,,,0,0,0,1,1,1,0
c-tune,60062,23,compound,contradict,5,408.582,17,409.000,1,34,270000000,1,427.500,318.500,1,1,1,0,1,1,0
c-tune,60062,25,split_brain,contradict,4,446.931,,453.500,1,42,310000000,1,472.000,,0,0,0,0,0,0,0
c-tune,60062,26,split_brain,mimic,3,484.537,8,487.000,1,42,310000000,0,,,0,0,0,1,1,1,0
c-tune,60062,27,split_brain,mimic,6,510.265,22,513.000,1,37,285000000,0,,,0,0,0,1,1,1,0
c-tune,60063,1,slow_leak,,5,16.877,,32.000,1,39,295000000,0,,,0,0,0,0,0,0,0
c-tune,60063,2,slow_leak,,3,49.554,,66.500,1,54,370000000,0,,,0,0,0,0,0,0,0
c-tune,60063,3,split_brain,contradict,0,92.027,,92.500,1,55,375000000,0,,,0,0,0,0,0,0,0
c-tune,60063,7,split_brain,contradict,0,207.093,3,207.500,1,62,410000000,0,,,0,0,0,0,0,0,0
c-tune,60063,8,slow_leak,,3,209.191,2,,0,0,0,0,,,0,0,0,0,0,0,0
c-tune,60063,11,split_brain,contradict,4,260.310,,264.000,1,33,265000000,0,,,0,0,0,0,0,0,0
c-tune,60063,12,slow_leak,,5,264.332,,,0,0,0,0,,,0,0,0,0,0,0,0
c-tune,60063,14,cascade,mimic,2,302.038,,302.500,1,68,440000000,0,,,0,0,0,0,0,0,0
c-tune,60063,16,slow_leak,,5,325.797,1,,0,0,0,0,,,0,0,0,0,0,0,0
c-tune,60063,17,slow_leak,,7,343.076,,362.500,1,41,305000000,1,381.000,,0,0,0,0,0,0,0
c-tune,60063,25,compound,mimic,0,501.856,,502.000,1,49,345000000,1,520.500,,0,0,0,0,0,0,0
c-tune,60064,5,compound,contradict,3,99.402,,99.500,1,43,315000000,1,118.000,,0,0,0,0,0,0,0
c-tune,60064,10,cascade,contradict,5,191.776,,194.000,1,28,240000000,0,,,0,0,0,0,0,0,0
c-tune,60064,12,cascade,contradict,9,239.382,,241.500,1,30,250000000,1,260.000,,0,0,0,0,0,0,0
c-tune,60064,15,cascade,mimic,7,291.366,,,0,0,0,0,,,0,0,0,0,0,0,0
c-tune,60064,16,compound,contradict,3,318.187,5,318.500,1,42,310000000,1,337.000,118.000,1,1,1,0,1,1,0
c-tune,60064,18,slow_leak,,8,328.619,,,0,0,0,0,,,0,0,0,0,0,0,0
c-tune,60064,21,cascade,contradict,5,409.837,,410.000,1,31,255000000,0,,,0,0,0,1,1,0,0
c-tune,60064,25,cascade,mimic,1,504.764,,505.000,1,58,390000000,0,,,0,0,0,0,0,0,0
c-tune,60065,0,cascade,mimic,1,57.076,,57.500,2,73,565000000,1,90.500,,0,0,0,0,0,0,0
c-tune,60065,1,slow_leak,,8,64.343,,81.500,1,35,275000000,1,100.000,,0,0,0,0,0,0,0
c-tune,60065,5,cascade,mimic,1,122.882,0,123.000,1,53,365000000,0,,90.500,1,1,1,0,1,1,0
c-tune,60065,6,split_brain,contradict,2,126.010,,126.500,1,44,320000000,1,148.500,,0,0,0,0,0,0,0
c-tune,60065,7,compound,mimic,7,134.888,,137.500,1,41,305000000,1,156.000,,0,0,0,0,0,0,0
c-tune,60065,12,slow_leak,,8,352.305,1,,0,0,0,0,,100.000,1,1,1,0,1,1,0
c-tune,60065,13,slow_leak,,3,352.762,,,0,0,0,0,,,0,0,0,1,1,1,0
c-tune,60065,15,compound,mimic,7,367.833,7,368.000,1,36,280000000,1,386.500,156.000,1,1,0,0,1,1,1
c-tune,60065,19,split_brain,mimic,3,433.600,,434.000,1,31,255000000,1,452.500,,0,0,0,0,0,0,0
c-tune,60066,1,split_brain,mimic,4,16.043,,22.500,1,33,265000000,0,,,0,0,0,0,0,0,0
c-tune,60066,2,split_brain,mimic,6,18.068,,20.500,1,34,270000000,1,39.000,,0,0,0,0,0,0,0
c-tune,60066,3,compound,contradict,1,49.800,,50.000,1,60,400000000,1,68.500,,0,0,0,0,0,0,0
c-tune,60066,4,split_brain,mimic,5,51.102,,52.000,1,35,275000000,0,,,0,0,0,1,1,1,0
c-tune,60066,8,split_brain,mimic,4,200.757,1,205.500,1,46,330000000,0,,,0,0,0,1,1,1,0
c-tune,60066,9,compound,contradict,1,210.625,3,211.000,1,61,405000000,1,229.500,68.500,1,1,0,0,1,1,1
c-tune,60066,10,split_brain,mimic,6,243.684,2,247.500,1,31,255000000,0,,39.000,1,1,1,0,1,1,0
c-tune,60066,12,split_brain,mimic,5,260.599,4,268.500,1,31,255000000,0,,,0,0,0,1,1,1,0
c-tune,60066,13,cascade,contradict,2,300.962,,301.000,1,39,295000000,0,,,0,0,0,0,0,0,0
c-tune,60066,15,slow_leak,,3,373.920,,,0,0,0,0,,,0,0,0,0,0,0,0
c-tune,60066,17,compound,contradict,7,413.744,,419.500,2,73,565000000,1,438.000,,0,0,0,1,1,0,0
c-tune,60066,19,compound,contradict,1,427.325,9,427.500,1,57,385000000,1,446.000,229.500,1,1,1,0,1,1,0
c-tune,60067,1,slow_leak,,6,20.291,,34.000,1,33,265000000,1,52.500,,0,0,0,0,0,0,0
c-tune,60067,2,slow_leak,,1,40.632,,57.000,1,51,355000000,1,75.500,,0,0,0,1,1,1,0
c-tune,60067,4,compound,contradict,7,48.780,,49.000,1,44,320000000,1,67.500,,0,0,0,0,0,0,0
c-tune,60067,5,slow_leak,,9,50.559,,65.000,1,31,255000000,1,83.500,,0,0,0,1,1,1,0
c-tune,60067,12,compound,contradict,3,259.592,,260.000,1,45,325000000,1,278.500,,0,0,0,1,1,1,0
c-tune,60067,14,split_brain,mimic,5,311.627,,312.000,1,35,275000000,1,330.500,,0,0,0,0,0,0,0
c-tune,60067,17,slow_leak,,8,380.206,,399.000,1,36,280000000,0,,,0,0,0,1,1,1,0
c-tune,60067,18,slow_leak,,9,390.000,5,,0,0,0,0,,83.500,1,1,1,0,1,1,0
c-tune,60067,24,compound,contradict,3,487.216,12,489.000,1,45,325000000,1,507.500,278.500,1,1,1,0,1,1,0
c-tune,60067,27,slow_leak,,8,529.177,17,541.000,1,33,265000000,1,559.500,,0,0,0,1,1,1,0
c-tune,60068,12,compound,contradict,6,198.406,,198.500,1,42,310000000,1,217.000,,0,0,0,0,0,0,0
c-tune,60068,13,compound,contradict,0,199.351,,199.500,0,0,0,0,,,0,0,0,0,0,0,0
c-tune,60068,14,split_brain,mimic,5,207.743,,211.000,1,37,285000000,1,229.500,,0,0,0,0,0,0,0
c-tune,60068,15,split_brain,contradict,7,224.121,,230.000,1,32,260000000,0,,,0,0,0,0,0,0,0
c-tune,60068,20,split_brain,mimic,5,285.135,14,288.500,1,32,260000000,1,307.000,229.500,1,1,1,0,1,1,0
c-tune,60068,21,split_brain,contradict,9,288.358,,288.500,1,26,230000000,0,,,0,0,0,0,0,0,0
c-tune,60068,26,split_brain,contradict,5,370.676,,376.000,1,36,280000000,1,394.500,,0,0,0,0,0,0,0
c-tune,60068,29,split_brain,contradict,4,405.104,,411.000,1,31,255000000,0,,,0,0,0,1,1,1,0
c-tune,60068,36,slow_leak,,6,483.094,,,0,0,0,0,,,0,0,0,0,0,0,0
c-tune,60068,37,split_brain,contradict,5,491.376,,499.000,1,44,320000000,0,,,0,0,0,1,1,1,0
c-tune,60068,38,split_brain,contradict,4,512.919,29,519.500,1,34,270000000,0,,,0,0,0,1,1,1,0
c-tune,60069,9,split_brain,contradict,6,231.058,,233.000,1,29,245000000,1,251.500,,0,0,0,0,0,0,0
c-tune,60069,15,cascade,mimic,10,390.301,,390.500,1,27,235000000,0,,,0,0,0,0,0,0,0
c-tune,60069,21,compound,mimic,5,487.824,,490.000,1,48,340000000,1,508.500,,0,0,0,0,0,0,0
c-tune,60070,5,split_brain,mimic,1,260.116,,262.500,1,39,295000000,0,,,0,0,0,0,0,0,0
c-tune,60070,12,compound,mimic,5,330.569,,331.000,1,35,275000000,1,349.500,,0,0,0,0,0,0,0
c-tune,60070,18,slow_leak,,9,437.003,,458.000,1,32,260000000,0,,,0,0,0,0,0,0,0
c-tune,60070,22,cascade,mimic,5,489.894,,493.500,1,40,300000000,0,,,0,0,0,0,0,0,0
c-tune,60071,0,slow_leak,,5,0.907,,,0,0,0,0,,,0,0,0,0,0,0,0
c-tune,60071,3,cascade,mimic,1,65.606,,66.000,1,63,415000000,0,,,0,0,0,0,0,0,0
c-tune,60071,8,split_brain,contradict,8,250.919,,251.500,1,48,340000000,1,287.500,,0,0,0,0,0,0,0
c-tune,60071,10,cascade,contradict,10,295.975,,296.500,1,27,235000000,0,,,0,0,0,0,0,0,0
c-tune,60071,14,compound,mimic,3,329.612,,330.000,1,58,390000000,1,348.500,,0,0,0,0,0,0,0
c-tune,60071,18,split_brain,contradict,5,385.333,,390.000,1,31,255000000,0,,,0,0,0,1,1,1,0
c-tune,60071,22,split_brain,contradict,9,475.456,,483.000,1,31,255000000,1,501.500,,0,0,0,1,1,1,0
c-tune,60072,0,split_brain,contradict,7,21.706,,22.000,2,68,540000000,1,40.500,,0,0,0,0,0,0,0
c-tune,60072,4,compound,contradict,2,82.575,,83.000,1,56,380000000,1,101.500,,0,0,0,0,0,0,0
c-tune,60072,9,split_brain,contradict,5,182.910,,183.500,1,39,295000000,1,202.000,,0,0,0,1,1,1,0
c-tune,60072,15,split_brain,contradict,7,271.413,,274.000,1,37,285000000,1,292.500,,0,0,0,1,1,1,0
c-tune,60072,16,split_brain,contradict,9,291.608,,292.000,1,32,260000000,1,310.500,,0,0,0,1,1,1,0
c-tune,60072,17,compound,contradict,5,299.258,,299.500,1,51,355000000,1,318.000,,0,0,0,1,1,0,0
c-tune,60072,20,split_brain,contradict,7,385.608,15,386.000,1,36,280000000,1,404.500,292.500,1,1,1,0,1,1,0
c-tune,60072,27,split_brain,mimic,0,450.455,,453.000,1,76,480000000,0,,,0,0,0,0,0,0,0
c-tune,60073,1,slow_leak,,7,34.440,,,0,0,0,0,,,0,0,0,0,0,0,0
c-tune,60073,4,cascade,mimic,9,81.001,,86.000,1,31,255000000,0,,,0,0,0,0,0,0,0
c-tune,60073,6,slow_leak,,7,114.174,1,131.500,1,26,230000000,0,,,0,0,0,0,0,0,0
c-tune,60073,7,cascade,mimic,6,153.404,,153.500,1,30,250000000,0,,,0,0,0,0,0,0,0
c-tune,60073,10,slow_leak,,7,190.996,6,205.500,1,37,285000000,1,224.000,,0,0,0,0,0,0,0
c-tune,60073,14,cascade,mimic,5,331.321,,331.500,1,37,285000000,0,,,0,0,0,0,0,0,0
c-tune,60074,1,compound,contradict,2,15.913,,,0,0,0,0,,,0,0,0,0,0,0,0
c-tune,60074,3,compound,mimic,0,52.056,,52.500,1,55,375000000,1,71.000,,0,0,0,0,0,0,0
c-tune,60074,5,compound,contradict,2,70.829,1,71.000,1,50,350000000,1,89.500,,0,0,0,0,0,0,0
c-tune,60074,13,compound,mimic,0,203.191,3,203.500,1,53,365000000,1,222.000,71.000,1,1,0,0,1,1,1
c-tune,60074,19,slow_leak,,7,301.356,,318.000,1,30,250000000,0,,,0,0,0,0,0,0,0
c-tune,60074,21,cascade,contradict,5,312.612,,316.500,1,42,310000000,1,335.000,,0,0,0,0,0,0,0
c-tune,60074,24,slow_leak,,2,349.072,,,0,0,0,0,,,0,0,0,0,0,0,0
c-tune,60075,0,split_brain,contradict,7,53.125,,53.500,1,33,265000000,0,,,0,0,0,0,0,0,0
c-tune,60075,3,slow_leak,,3,65.780,,,0,0,0,0,,,0,0,0,0,0,0,0
c-tune,60075,11,cascade,mimic,7,195.915,,199.500,1,38,290000000,0,,,0,0,0,0,0,0,0
c-tune,60075,14,split_brain,mimic,2,233.692,,253.500,1,82,510000000,1,272.000,,0,0,0,0,0,0,0
c-tune,60075,19,compound,mimic,4,364.680,,366.000,1,45,325000000,1,384.500,,0,0,0,0,0,0,0
c-tune,60075,25,slow_leak,,7,500.542,,,0,0,0,0,,,0,0,0,0,0,0,0
c-tune,60075,26,split_brain,contradict,2,506.040,,506.500,1,46,330000000,1,525.000,,0,0,0,0,0,0,0
c-tune,60076,2,cascade,contradict,2,58.368,,58.500,1,50,350000000,1,77.000,,0,0,0,0,0,0,0
c-tune,60076,3,split_brain,mimic,3,97.410,,97.500,1,31,255000000,0,,,0,0,0,0,0,0,0
c-tune,60076,7,compound,contradict,2,150.788,,151.000,1,39,295000000,0,,,0,0,0,0,0,0,0
c-tune,60076,8,compound,mimic,1,162.218,,162.500,1,54,370000000,0,,,0,0,0,0,0,0,0
c-tune,60076,10,cascade,contradict,3,215.772,,216.000,1,43,315000000,1,234.500,,0,0,0,1,1,0,0
c-tune,60076,12,slow_leak,,0,264.749,,,0,0,0,0,,,0,0,0,0,0,0,0
c-tune,60076,13,cascade,contradict,1,299.313,,300.500,1,20,200000000,0,,,0,0,0,1,1,1,0
c-tune,60076,14,cascade,contradict,3,346.673,10,347.000,1,48,340000000,0,,234.500,1,1,1,0,1,1,0
c-tune,60076,18,cascade,contradict,1,448.908,13,449.000,2,89,645000000,1,467.500,,0,0,0,1,1,1,1
c-tune,60076,19,split_brain,contradict,6,474.869,,476.500,1,36,280000000,0,,,0,0,0,0,0,0,0
c-tune,60077,4,cascade,mimic,8,91.354,,91.500,1,30,250000000,1,110.000,,0,0,0,0,0,0,0
c-tune,60077,8,split_brain,contradict,4,158.484,,159.000,1,42,310000000,1,177.500,,0,0,0,0,0,0,0
c-tune,60077,13,compound,contradict,6,201.958,,209.000,1,46,330000000,1,227.500,,0,0,0,0,0,0,0
c-tune,60077,15,slow_leak,,1,235.730,,254.000,1,49,345000000,1,272.500,,0,0,0,0,0,0,0
c-tune,60077,16,split_brain,mimic,9,241.710,,246.500,1,33,265000000,1,265.000,,0,0,0,0,0,0,0
c-tune,60077,19,compound,mimic,6,303.003,,308.000,1,53,365000000,1,326.500,,0,0,0,0,0,0,0
c-tune,60077,23,slow_leak,,5,367.348,,,0,0,0,0,,,0,0,0,1,1,1,0
c-tune,60077,25,compound,contradict,3,387.588,,388.000,1,60,400000000,0,,,0,0,0,1,1,0,0
c-tune,60077,28,compound,mimic,8,537.437,,540.500,1,32,260000000,1,559.000,,0,0,0,1,1,0,0
c-tune,60078,2,compound,mimic,0,41.438,,41.500,1,49,345000000,1,60.000,,0,0,0,0,0,0,0
c-tune,60078,5,split_brain,contradict,1,126.461,,127.000,1,43,315000000,1,146.500,,0,0,0,0,0,0,0
c-tune,60078,15,slow_leak,,4,225.174,,,0,0,0,0,,,0,0,0,0,0,0,0
c-tune,60078,17,cascade,mimic,2,263.261,,263.500,1,45,325000000,0,,,0,0,0,0,0,0,0
c-tune,60078,20,cascade,mimic,6,295.631,,299.500,1,43,315000000,0,,,0,0,0,0,0,0,0
c-tune,60078,22,compound,mimic,0,357.206,,357.500,1,52,360000000,1,376.000,,0,0,0,1,1,0,0
c-tune,60078,23,split_brain,mimic,2,362.734,,368.000,1,32,260000000,0,,,0,0,0,0,0,0,0
c-tune,60079,5,split_brain,mimic,9,153.171,,153.500,1,29,245000000,0,,,0,0,0,0,0,0,0
c-tune,60079,6,cascade,contradict,5,153.739,,154.000,1,37,285000000,1,172.500,,0,0,0,0,0,0,0
c-tune,60079,10,split_brain,mimic,9,228.555,5,232.000,1,32,260000000,0,,,0,0,0,0,0,0,0
c-tune,60079,15,cascade,contradict,4,358.061,,358.500,2,78,590000000,1,377.000,,0,0,0,1,1,0,0
c-tune,60079,16,split_brain,mimic,9,364.450,5,,0,0,0,0,,,0,0,0,0,0,0,0
c-tune,60079,22,split_brain,mimic,9,472.531,10,474.000,1,29,245000000,1,492.500,,0,0,0,0,0,0,1
c-tune,60079,23,slow_leak,,0,509.803,,525.500,1,46,330000000,1,544.000,,0,0,0,0,0,0,0
c-tune,60079,26,compound,contradict,3,521.903,,522.000,1,48,340000000,1,540.500,,0,0,0,0,0,0,0
c-tune,60079,27,cascade,mimic,9,526.260,,529.000,1,28,240000000,0,,,0,0,0,0,0,0,0
c-tune,60080,10,cascade,mimic,6,132.136,,132.500,1,36,280000000,0,,,0,0,0,0,0,0,0
c-tune,60080,16,cascade,contradict,3,321.478,,321.500,1,39,295000000,1,340.000,,0,0,0,0,0,0,0
c-tune,60080,17,slow_leak,,8,367.677,,,0,0,0,0,,,0,0,0,0,0,0,0
c-tune,60080,24,split_brain,contradict,9,496.887,,500.000,1,34,270000000,0,,,0,0,0,0,0,0,0
c-tune,60081,3,split_brain,mimic,8,81.457,,94.000,1,42,310000000,1,112.500,,0,0,0,0,0,0,0
c-tune,60081,9,cascade,mimic,5,203.863,,207.500,1,43,315000000,0,,,0,0,0,0,0,0,0
c-tune,60081,10,compound,mimic,8,223.269,,,0,0,0,0,,,0,0,0,0,0,0,0
c-tune,60081,13,split_brain,contradict,7,268.009,,272.500,1,44,320000000,1,291.000,,0,0,0,0,0,0,0
c-tune,60082,0,slow_leak,,1,3.213,,,0,0,0,0,,,0,0,0,0,0,0,0
c-tune,60082,2,slow_leak,,1,164.029,0,,0,0,0,0,,,0,0,0,0,0,0,0
c-tune,60082,4,compound,contradict,7,198.168,,198.500,1,35,275000000,1,217.000,,0,0,0,0,0,0,0
c-tune,60082,7,split_brain,mimic,4,292.110,,292.500,1,41,305000000,1,311.000,,0,0,0,0,0,0,0
c-tune,60082,8,slow_leak,,1,301.941,0,313.500,1,50,350000000,1,332.000,,0,0,0,0,0,0,0
c-tune,60082,9,slow_leak,,3,308.843,,327.000,1,43,315000000,0,,,0,0,0,0,0,0,0
c-tune,60082,14,slow_leak,,3,444.696,9,,0,0,0,0,,,0,0,0,1,1,1,0
c-tune,60082,15,split_brain,mimic,4,463.655,7,464.000,1,40,300000000,0,,311.000,1,1,1,0,1,1,0
c-tune,60082,16,slow_leak,,2,465.918,,,0,0,0,0,,,0,0,0,1,1,1,0
c-tune,60083,3,split_brain,mimic,1,168.523,,169.000,2,67,535000000,1,204.000,,0,0,0,0,0,0,0
c-tune,60083,12,split_brain,mimic,1,421.615,3,429.000,1,58,390000000,0,,204.000,1,1,1,0,1,1,0
c-tune,60083,14,slow_leak,,5,444.578,,,0,0,0,0,,,0,0,0,0,0,0,0
c-tune,60084,0,split_brain,mimic,3,0.539,,1.000,2,55,475000000,0,,,0,0,0,0,0,0,0
c-tune,60084,5,split_brain,contradict,0,48.634,,51.000,1,59,395000000,1,69.500,,0,0,0,0,0,0,0
c-tune,60084,10,cascade,mimic,8,129.258,,132.000,1,37,285000000,0,,,0,0,0,0,0,0,0
c-tune,60084,13,compound,contradict,4,184.573,,185.000,1,41,305000000,1,203.500,,0,0,0,0,0,0,0
c-tune,60084,16,compound,mimic,6,219.787,,221.500,1,42,310000000,1,240.000,,0,0,0,0,0,0,0
c-tune,60084,18,slow_leak,,8,260.266,,275.000,1,28,240000000,1,293.500,,0,0,0,0,0,0,0
c-tune,60084,20,cascade,mimic,6,305.274,,,0,0,0,0,,,0,0,0,0,0,0,0
c-tune,60084,22,compound,contradict,1,320.454,,320.500,2,99,695000000,1,339.000,,0,0,0,1,1,0,0
c-tune,60084,24,split_brain,mimic,4,337.321,,343.500,1,43,315000000,1,362.000,,0,0,0,0,0,0,0
c-tune,60084,27,cascade,mimic,7,432.926,,438.500,1,31,255000000,0,,,0,0,0,0,0,0,0
c-tune,60084,28,compound,mimic,6,444.442,,453.000,1,35,275000000,0,,,0,0,0,1,1,0,0
c-tune,60085,0,slow_leak,,4,19.418,,34.500,1,36,280000000,0,,,0,0,0,0,0,0,0
c-tune,60085,2,slow_leak,,0,63.442,,,0,0,0,0,,,0,0,0,0,0,0,0
c-tune,60085,4,split_brain,mimic,8,82.543,,83.500,1,25,225000000,0,,,0,0,0,0,0,0,0
c-tune,60085,6,slow_leak,,4,106.779,0,122.500,1,34,270000000,0,,,0,0,0,0,0,0,0
c-tune,60085,9,slow_leak,,6,159.737,,,0,0,0,0,,,0,0,0,0,0,0,0
c-tune,60085,15,cascade,mimic,1,273.015,,273.500,1,53,365000000,0,,,0,0,0,0,0,0,0
c-tune,60085,19,compound,contradict,6,339.005,,339.500,1,36,280000000,1,358.000,,0,0,0,0,0,0,0
c-tune,60085,20,compound,contradict,4,345.661,,346.000,1,49,345000000,0,,,0,0,0,0,0,0,0
c-tune,60085,21,cascade,mimic,1,375.330,15,375.500,1,61,405000000,0,,,0,0,0,0,0,0,0
c-tune,60085,23,split_brain,mimic,7,385.436,,388.000,0,0,0,0,,,0,0,0,0,0,0,0
c-tune,60085,25,split_brain,mimic,0,416.204,,422.500,1,63,415000000,0,,,0,0,0,0,0,0,0
c-tune,60085,30,slow_leak,,7,506.449,,,0,0,0,0,,,0,0,0,0,0,0,0
c-tune,60086,1,slow_leak,,7,11.341,,,0,0,0,0,,,0,0,0,0,0,0,0
c-tune,60086,2,cascade,mimic,5,26.716,,27.000,1,25,225000000,0,,,0,0,0,0,0,0,0
c-tune,60086,13,slow_leak,,7,199.270,,216.500,1,37,285000000,0,,,0,0,0,0,0,0,0
c-tune,60086,18,slow_leak,,2,445.464,,,0,0,0,0,,,0,0,0,0,0,0,0
c-tune,60086,19,cascade,mimic,3,497.988,,498.500,1,37,285000000,0,,,0,0,0,0,0,0,0
c-tune,60086,21,split_brain,contradict,6,511.277,,515.000,1,44,320000000,1,533.500,,0,0,0,0,0,0,0
c-tune,60087,1,slow_leak,,1,12.050,,28.500,1,46,330000000,0,,,0,0,0,0,0,0,0
c-tune,60087,9,compound,contradict,0,170.096,,170.500,1,73,465000000,1,189.000,,0,0,0,0,0,0,0
c-tune,60087,10,slow_leak,,3,189.068,,,0,0,0,0,,,0,0,0,0,0,0,0
c-tune,60087,11,compound,mimic,2,197.140,,201.500,2,106,730000000,1,220.000,,0,0,0,0,0,0,0
c-tune,60087,14,slow_leak,,1,231.216,1,,0,0,0,0,,,0,0,0,0,0,0,0
c-tune,60087,19,compound,mimic,0,287.082,,293.500,1,60,400000000,1,312.000,,0,0,0,1,1,1,0
c-tune,60087,23,split_brain,mimic,4,346.075,,350.000,1,48,340000000,0,,,0,0,0,0,0,0,0
c-tune,60087,24,slow_leak,,8,347.233,,,0,0,0,0,,,0,0,0,0,0,0,0
c-tune,60087,27,slow_leak,,1,378.518,,396.500,1,53,365000000,1,415.000,,0,0,0,0,0,0,0
c-tune,60087,29,slow_leak,,5,418.521,,,0,0,0,0,,,0,0,0,1,1,1,0
c-tune,60087,33,split_brain,mimic,2,488.834,,496.000,1,53,365000000,0,,,0,0,0,0,0,0,0
c-tune,60088,1,slow_leak,,6,4.491,,,0,0,0,0,,,0,0,0,0,0,0,0
c-tune,60088,7,slow_leak,,6,218.975,1,233.500,1,34,270000000,1,252.000,,0,0,0,0,0,0,0
c-tune,60088,12,slow_leak,,5,376.982,,,0,0,0,0,,,0,0,0,1,1,1,0
c-tune,60088,16,compound,contradict,7,474.582,,475.000,1,47,335000000,1,493.500,,0,0,0,0,0,0,0
c-tune,60089,2,split_brain,mimic,7,84.776,,85.000,1,33,265000000,0,,,0,0,0,0,0,0,0
c-tune,60089,17,slow_leak,,6,354.401,,377.000,1,35,275000000,0,,,0,0,0,0,0,0,0
c-tune,60089,20,slow_leak,,6,452.210,17,,0,0,0,0,,,0,0,0,0,0,0,0
c-tune,60089,22,compound,contradict,5,481.063,,481.500,1,33,265000000,1,500.000,,0,0,0,0,0,0,0
c-tune,60090,2,cascade,contradict,3,68.167,,68.500,1,59,395000000,1,87.000,,0,0,0,0,0,0,0
c-tune,60090,7,slow_leak,,11,382.177,,396.000,1,32,260000000,0,,,0,0,0,0,0,0,0
c-tune,60090,11,cascade,contradict,3,506.596,2,507.000,1,58,390000000,0,,87.000,1,1,1,0,1,1,0
c-tune,60091,10,split_brain,contradict,6,264.911,,,0,0,0,0,,,0,0,0,0,0,0,0
c-tune,60091,13,slow_leak,,5,329.781,,,0,0,0,0,,,0,0,0,0,0,0,0
c-tune,60091,16,split_brain,contradict,2,350.887,,353.500,1,46,330000000,1,372.000,,0,0,0,0,0,0,0
c-tune,60091,19,compound,mimic,2,517.560,,519.500,1,44,320000000,0,,,0,0,0,0,0,0,0
c-tune,60092,6,cascade,contradict,11,248.042,,248.500,1,28,240000000,0,,,0,0,0,0,0,0,0
c-tune,60092,9,cascade,contradict,11,342.139,6,,0,0,0,0,,,0,0,0,0,0,0,0
c-tune,60092,12,cascade,contradict,2,376.882,,377.000,1,54,370000000,0,,,0,0,0,0,0,0,0
c-tune,60092,13,split_brain,contradict,10,485.670,,486.000,1,31,255000000,1,504.500,,0,0,0,0,0,0,0
c-tune,60092,14,cascade,contradict,11,537.547,,540.000,1,30,250000000,1,558.500,,0,0,0,0,0,0,0
c-tune,60093,9,split_brain,mimic,7,270.244,,274.000,1,40,300000000,0,,,0,0,0,0,0,0,0
c-tune,60093,12,compound,mimic,2,310.516,,313.000,1,53,365000000,1,331.500,,0,0,0,0,0,0,0
c-tune,60093,18,split_brain,mimic,2,401.068,,401.500,1,36,280000000,0,,,0,0,0,0,0,0,0
c-tune,60093,22,slow_leak,,6,482.237,,,0,0,0,0,,,0,0,0,0,0,0,0
c-tune,60093,23,split_brain,contradict,4,490.086,,490.500,1,34,270000000,0,,,0,0,0,0,0,0,0
c-tune,60093,26,cascade,contradict,1,529.749,,530.000,2,74,570000000,0,,,0,0,0,0,0,0,0
c-tune,60094,1,compound,mimic,0,10.873,,11.000,1,59,395000000,1,29.500,,0,0,0,0,0,0,0
c-tune,60094,4,split_brain,mimic,6,108.849,,112.500,1,41,305000000,0,,,0,0,0,0,0,0,0
c-tune,60094,5,cascade,contradict,5,109.703,,110.000,1,33,265000000,0,,,0,0,0,0,0,0,0
c-tune,60094,10,cascade,contradict,2,234.312,,234.500,1,39,295000000,0,,,0,0,0,0,0,0,0
c-tune,60094,11,compound,contradict,0,254.555,,255.000,1,66,430000000,1,273.500,,0,0,0,0,0,0,0
c-tune,60094,13,split_brain,mimic,2,358.794,,362.000,1,44,320000000,1,380.500,,0,0,0,0,0,0,0
c-tune,60094,16,compound,contradict,0,460.973,11,461.000,1,62,410000000,1,479.500,273.500,1,1,1,0,1,1,0
c-tune,60095,9,slow_leak,,9,224.548,,,0,0,0,0,,,0,0,0,0,0,0,0
c-tune,60095,15,compound,contradict,5,299.833,,301.000,1,47,335000000,1,319.500,,0,0,0,0,0,0,0
c-tune,60095,20,split_brain,contradict,4,374.336,,376.000,1,38,290000000,0,,,0,0,0,0,0,0,0
c-tune,60096,4,split_brain,mimic,5,44.089,,44.500,1,25,225000000,0,,,0,0,0,0,0,0,0
c-tune,60096,5,cascade,contradict,10,45.727,,46.000,1,31,255000000,1,64.500,,0,0,0,0,0,0,0
c-tune,60096,6,split_brain,contradict,6,61.261,,64.500,1,29,245000000,1,83.000,,0,0,0,0,0,0,0
c-tune,60096,7,compound,mimic,7,70.921,,71.000,1,33,265000000,0,,,0,0,0,0,0,0,0
c-tune,60096,16,compound,mimic,3,353.511,,354.000,1,38,290000000,1,372.500,,0,0,0,0,0,0,0
c-tune,60096,18,slow_leak,,8,381.584,,395.500,1,32,260000000,1,414.000,,0,0,0,0,0,0,0
c-tune,60097,5,cascade,mimic,7,63.904,,66.000,1,38,290000000,0,,,0,0,0,0,0,0,0
c-tune,60097,14,split_brain,mimic,4,256.816,,260.500,1,34,270000000,0,,,0,0,0,0,0,0,0
c-tune,60097,16,cascade,mimic,7,289.120,,289.500,1,33,265000000,1,308.000,,0,0,0,0,0,0,0
c-tune,60097,20,cascade,mimic,1,411.138,,411.500,1,58,390000000,0,,,0,0,0,1,1,0,0
c-tune,60097,21,slow_leak,,4,421.613,,,0,0,0,0,,,0,0,0,0,0,0,0
c-tune,60097,22,cascade,mimic,7,439.085,,439.500,1,34,270000000,0,,,0,0,0,1,1,1,0
c-tune,60097,24,compound,contradict,10,457.070,,459.000,1,33,265000000,1,477.500,,0,0,0,0,0,0,0
c-tune,60098,9,compound,mimic,4,272.096,,275.000,1,39,295000000,1,293.500,,0,0,0,0,0,0,0
c-tune,60098,10,split_brain,contradict,2,275.679,,276.000,1,57,385000000,0,,,0,0,0,0,0,0,0
c-tune,60098,11,slow_leak,,6,302.483,,,0,0,0,0,,,0,0,0,0,0,0,0
c-tune,60098,15,split_brain,contradict,2,378.947,10,380.500,1,45,325000000,1,399.000,,0,0,0,0,0,0,0
c-tune,60098,16,slow_leak,,6,413.378,11,,0,0,0,0,,,0,0,0,0,0,0,0
c-tune,60098,19,split_brain,mimic,7,443.942,,448.500,1,35,275000000,1,467.000,,0,0,0,0,0,0,0
c-tune,60098,20,slow_leak,,3,444.299,,,0,0,0,0,,,0,0,0,0,0,0,0
c-tune,60098,21,slow_leak,,6,470.283,11,489.000,1,39,295000000,1,507.500,,0,0,0,0,0,0,0
c-tune,60099,2,cascade,contradict,8,81.142,,81.500,1,25,225000000,1,100.000,,0,0,0,0,0,0,0
c-tune,60099,5,cascade,mimic,7,161.056,,161.500,1,31,255000000,0,,,0,0,0,0,0,0,0
c-tune,60099,17,split_brain,contradict,2,423.002,,427.000,1,52,360000000,0,,,0,0,0,0,0,0,0
c-heldout,70000,0,split_brain,contradict,1,67.981,,68.500,1,54,370000000,1,89.000,,0,0,0,0,0,0,0
c-heldout,70000,1,split_brain,mimic,2,72.942,,90.000,0,0,0,0,,,0,0,0,0,0,0,0
c-heldout,70000,3,split_brain,mimic,0,99.453,,100.500,1,42,310000000,1,119.000,,0,0,0,0,0,0,0
c-heldout,70000,5,slow_leak,,4,154.137,,169.500,1,41,305000000,1,188.000,,0,0,0,0,0,0,0
c-heldout,70000,6,split_brain,mimic,0,165.468,3,167.000,1,52,360000000,1,185.500,119.000,1,1,1,0,1,1,0
c-heldout,70000,9,cascade,contradict,2,199.088,,199.500,1,46,330000000,0,,,0,0,0,0,0,0,0
c-heldout,70000,11,split_brain,mimic,7,249.872,,251.500,1,38,290000000,0,,,0,0,0,1,1,1,0
c-heldout,70000,14,split_brain,mimic,2,303.554,1,310.000,1,62,410000000,0,,,0,0,0,1,1,1,0
c-heldout,70000,15,compound,contradict,5,305.008,,305.500,1,37,285000000,1,324.000,,0,0,0,0,0,0,0
c-heldout,70000,17,split_brain,mimic,1,393.692,,401.500,1,53,365000000,0,,,0,0,0,1,1,1,0
c-heldout,70000,19,split_brain,mimic,2,432.470,,433.500,1,47,335000000,1,452.000,,0,0,0,1,1,1,0
c-heldout,70000,22,compound,contradict,3,460.839,,461.000,1,38,290000000,1,479.500,,0,0,0,1,1,0,0
c-heldout,70001,3,split_brain,contradict,9,36.782,,37.000,1,30,250000000,0,,,0,0,0,0,0,0,0
c-heldout,70001,6,split_brain,mimic,4,86.347,,89.000,1,40,300000000,1,107.500,,0,0,0,0,0,0,0
c-heldout,70001,7,cascade,contradict,5,86.639,,90.000,1,41,305000000,1,108.500,,0,0,0,0,0,0,0
c-heldout,70001,10,cascade,contradict,5,171.049,7,171.500,2,69,545000000,1,191.500,108.500,1,1,1,0,1,1,0
c-heldout,70001,11,compound,mimic,10,174.823,,,0,0,0,0,,,0,0,0,0,0,0,0
c-heldout,70001,17,compound,contradict,3,284.429,,284.500,1,43,315000000,1,303.000,,0,0,0,0,0,0,0
c-heldout,70002,1,cascade,contradict,1,12.384,,12.500,1,45,325000000,0,,,0,0,0,0,0,0,0
c-heldout,70002,5,cascade,contradict,1,71.607,1,73.000,1,41,305000000,0,,,0,0,0,0,0,0,0
c-heldout,70002,9,slow_leak,,6,112.057,,132.500,1,35,275000000,0,,,0,0,0,0,0,0,0
c-heldout,70002,10,split_brain,mimic,0,148.260,,150.500,1,48,340000000,1,169.000,,0,0,0,0,0,0,0
c-heldout,70002,13,split_brain,contradict,8,204.629,,207.500,0,0,0,0,,,0,0,0,0,0,0,0
c-heldout,70002,16,slow_leak,,4,235.824,,253.000,1,40,300000000,1,271.500,,0,0,0,0,0,0,0
c-heldout,70002,24,split_brain,contradict,8,390.519,,,0,0,0,0,,,0,0,0,0,0,0,0
c-heldout,70002,28,split_brain,mimic,0,445.334,10,449.000,1,57,385000000,0,,169.000,1,1,1,0,1,1,0
c-heldout,70002,30,slow_leak,,6,485.645,9,,0,0,0,0,,,0,0,0,1,1,1,0
c-heldout,70002,32,slow_leak,,7,500.715,,,0,0,0,0,,,0,0,0,1,1,1,0
c-heldout,70003,0,slow_leak,,5,19.310,,,0,0,0,0,,,0,0,0,0,0,0,0
c-heldout,70003,4,compound,contradict,7,77.815,,78.000,1,32,260000000,1,96.500,,0,0,0,0,0,0,0
c-heldout,70003,12,compound,contradict,7,249.321,4,249.500,1,28,240000000,1,268.000,96.500,1,1,1,0,1,1,0
c-heldout,70003,13,split_brain,mimic,6,357.400,,363.000,2,60,500000000,1,382.500,,0,0,0,0,0,0,0
c-heldout,70003,18,slow_leak,,6,441.374,,456.500,1,45,325000000,1,475.000,,0,0,0,0,0,0,0
c-heldout,70003,20,split_brain,contradict,0,461.382,,464.000,1,52,360000000,1,482.500,,0,0,0,0,0,0,0
c-heldout,70004,1,cascade,contradict,1,72.968,,73.000,2,87,635000000,0,,,0,0,0,0,0,0,0
c-heldout,70004,2,split_brain,mimic,7,80.960,,87.500,1,34,270000000,0,,,0,0,0,0,0,0,0
c-heldout,70004,4,split_brain,mimic,7,225.247,2,228.000,1,39,295000000,1,246.500,,0,0,0,0,0,0,0
c-heldout,70004,6,split_brain,contradict,6,248.022,,248.500,1,40,300000000,0,,,0,0,0,0,0,0,0
c-heldout,70004,8,compound,contradict,3,300.535,,301.000,1,41,305000000,1,319.500,,0,0,0,0,0,0,0
c-heldout,70004,15,split_brain,contradict,7,392.864,,398.500,1,38,290000000,1,417.000,,0,0,0,0,0,0,0
c-heldout,70005,0,compound,contradict,0,0.904,,1.000,1,45,325000000,1,19.500,,0,0,0,0,0,0,0
c-heldout,70005,1,slow_leak,,1,8.310,,,0,0,0,0,,,0,0,0,0,0,0,0
c-heldout,70005,7,compound,mimic,2,76.437,,79.000,1,53,365000000,1,97.500,,0,0,0,0,0,0,0
c-heldout,70005,10,slow_leak,,7,145.169,,,0,0,0,0,,,0,0,0,0,0,0,0
c-heldout,70005,11,slow_leak,,3,156.676,,,0,0,0,0,,,0,0,0,0,0,0,0
c-heldout,70005,12,split_brain,mimic,8,163.136,,167.000,1,31,255000000,0,,,0,0,0,0,0,0,0
c-heldout,70005,15,compound,mimic,1,282.424,,282.500,1,38,290000000,1,301.000,,0,0,0,1,1,0,0
c-heldout,70005,26,compound,contradict,0,498.414,0,498.500,1,56,380000000,1,517.000,19.500,1,1,0,0,1,1,1
c-heldout,70006,7,split_brain,contradict,10,141.685,,150.500,1,33,265000000,1,169.000,,0,0,0,0,0,0,0
c-heldout,70006,21,split_brain,mimic,10,368.252,,372.500,1,31,255000000,1,391.000,,0,0,0,0,0,0,0
c-heldout,70006,23,slow_leak,,8,401.167,,,0,0,0,0,,,0,0,0,0,0,0,0
c-heldout,70006,27,split_brain,contradict,10,453.496,7,455.500,1,25,225000000,0,,169.000,1,1,1,0,1,1,0
c-heldout,70006,29,compound,contradict,6,502.656,,504.000,1,27,235000000,0,,,0,0,0,0,0,0,0
c-heldout,70007,4,compound,mimic,7,34.201,,35.500,1,35,275000000,1,54.000,,0,0,0,0,0,0,0
c-heldout,70007,9,cascade,contradict,6,153.757,,154.000,1,33,265000000,0,,,0,0,0,0,0,0,0
c-heldout,70007,19,compound,mimic,5,366.196,,368.500,1,32,260000000,1,387.000,,0,0,0,1,1,0,0
c-heldout,70007,23,cascade,mimic,5,524.757,,530.500,1,39,295000000,1,549.000,,0,0,0,0,0,0,0
c-heldout,70008,3,cascade,contradict,9,58.873,,59.000,1,25,225000000,0,,,0,0,0,0,0,0,0
c-heldout,70008,6,cascade,contradict,6,135.047,,135.500,1,47,335000000,1,154.000,,0,0,0,0,0,0,0
c-heldout,70008,10,cascade,contradict,9,159.041,3,161.500,1,30,250000000,0,,,0,0,0,1,1,0,0
c-heldout,70008,12,split_brain,contradict,5,189.570,,193.000,1,31,255000000,1,211.500,,0,0,0,0,0,0,0
c-heldout,70008,17,slow_leak,,10,358.712,,374.500,1,29,245000000,1,393.000,,0,0,0,0,0,0,0
c-heldout,70008,18,slow_leak,,3,385.516,,399.500,1,40,300000000,0,,,0,0,0,1,1,1,0
c-heldout,70008,27,compound,contradict,6,484.491,,485.000,1,46,330000000,1,503.500,,0,0,0,0,0,0,0
c-heldout,70009,0,cascade,mimic,1,8.294,,8.500,1,53,365000000,0,,,0,0,0,0,0,0,0
c-heldout,70009,4,cascade,contradict,7,71.358,,,0,0,0,0,,,0,0,0,0,0,0,0
c-heldout,70009,8,cascade,mimic,1,116.229,0,116.500,2,99,695000000,0,,,0,0,0,0,0,0,0
c-heldout,70009,17,compound,contradict,6,292.903,,295.000,1,31,255000000,1,313.500,,0,0,0,0,0,0,0
c-heldout,70009,25,compound,contradict,6,490.272,,492.000,1,38,290000000,0,,,0,0,0,1,1,0,0
c-heldout,70010,1,slow_leak,,6,17.032,,34.500,1,36,280000000,1,53.000,,0,0,0,0,0,0,0
c-heldout,70010,2,compound,mimic,1,26.946,,27.000,1,56,380000000,1,45.500,,0,0,0,0,0,0,0
c-heldout,70010,4,slow_leak,,7,56.447,,72.000,1,37,285000000,1,90.500,,0,0,0,1,1,1,0
c-heldout,70010,5,slow_leak,,3,75.927,,,0,0,0,0,,,0,0,0,1,1,1,0
c-heldout,70010,8,slow_leak,,0,88.281,,113.500,1,65,425000000,0,,,0,0,0,1,1,1,0
c-heldout,70010,9,compound,mimic,1,122.700,2,124.000,2,102,710000000,1,142.500,45.500,1,1,1,0,1,1,0
c-heldout,70010,14,split_brain,contradict,1,268.232,,271.000,1,52,360000000,0,,,0,0,0,0,0,0,0
c-heldout,70010,17,slow_leak,,7,376.796,4,,0,0,0,0,,90.500,1,1,1,0,1,1,0
c-heldout,70010,18,slow_leak,,6,397.254,1,,0,0,0,0,,53.000,1,1,1,0,1,1,0
c-heldout,70010,23,compound,mimic,3,461.046,,461.500,3,124,920000000,1,480.500,,0,0,0,1,1,0,0
c-heldout,70011,10,slow_leak,,9,133.273,,,0,0,0,0,,,0,0,0,0,0,0,0
c-heldout,70011,11,split_brain,mimic,11,173.383,,178.500,1,36,280000000,0,,,0,0,0,0,0,0,0
c-heldout,70011,27,slow_leak,,7,411.382,,,0,0,0,0,,,0,0,0,0,0,0,0
c-heldout,70011,31,split_brain,mimic,8,476.863,,482.000,1,30,250000000,0,,,0,0,0,0,0,0,0
c-heldout,70012,3,cascade,mimic,4,56.814,,57.000,1,56,380000000,0,,,0,0,0,0,0,0,0
c-heldout,70012,6,compound,contradict,2,95.912,,96.000,1,57,385000000,1,114.500,,0,0,0,0,0,0,0
c-heldout,70012,7,split_brain,contradict,6,107.492,,109.000,1,33,265000000,0,,,0,0,0,0,0,0,0
c-heldout,70012,12,slow_leak,,0,166.776,,184.000,1,56,380000000,1,202.500,,0,0,0,0,0,0,0
c-heldout,70012,15,cascade,contradict,8,209.838,,214.500,1,44,320000000,1,233.000,,0,0,0,0,0,0,0
c-heldout,70012,17,compound,contradict,2,300.729,6,301.000,1,55,375000000,1,319.500,114.500,1,1,0,0,1,1,1
c-heldout,70012,24,slow_leak,,10,431.346,,449.000,1,30,250000000,1,467.500,,0,0,0,1,1,1,0
c-heldout,70013,2,split_brain,contradict,8,31.284,,32.500,1,31,255000000,1,51.000,,0,0,0,0,0,0,0
c-heldout,70013,5,compound,mimic,5,97.926,,101.500,1,40,300000000,0,,,0,0,0,0,0,0,0
c-heldout,70013,12,slow_leak,,7,178.188,,,0,0,0,0,,,0,0,0,0,0,0,0
c-heldout,70013,19,compound,contradict,5,333.076,,336.500,1,47,335000000,1,355.000,,0,0,0,0,0,0,0
c-heldout,70013,20,compound,mimic,0,336.425,,341.000,1,57,385000000,1,359.500,,0,0,0,0,0,0,0
c-heldout,70013,22,slow_leak,,1,373.673,,387.000,1,34,270000000,1,405.500,,0,0,0,0,0,0,0
c-heldout,70013,26,compound,mimic,0,426.165,20,426.500,1,59,395000000,1,445.000,359.500,1,1,1,0,1,1,0
c-heldout,70013,30,compound,contradict,3,482.691,,485.500,1,42,310000000,1,504.000,,0,0,0,1,1,0,0
c-heldout,70014,0,slow_leak,,6,1.818,,,0,0,0,0,,,0,0,0,0,0,0,0
c-heldout,70014,3,cascade,contradict,5,66.244,,66.500,1,50,350000000,0,,,0,0,0,0,0,0,0
c-heldout,70014,4,compound,contradict,9,88.742,,102.000,1,45,325000000,1,120.500,,0,0,0,0,0,0,0
c-heldout,70014,11,compound,contradict,9,295.844,4,296.000,1,37,285000000,1,314.500,120.500,1,1,1,0,1,1,0
c-heldout,70014,12,cascade,contradict,3,299.370,,299.500,1,51,355000000,1,318.000,,0,0,0,0,0,0,0
c-heldout,70014,16,split_brain,mimic,0,345.696,,348.000,1,53,365000000,0,,,0,0,0,0,0,0,0
c-heldout,70014,19,cascade,contradict,3,379.685,12,380.000,1,49,345000000,1,398.500,318.000,1,1,1,0,1,1,0
c-heldout,70015,1,cascade,mimic,4,24.904,,25.000,1,36,280000000,0,,,0,0,0,0,0,0,0
c-heldout,70015,4,compound,mimic,1,39.195,,39.500,1,56,380000000,1,58.000,,0,0,0,0,0,0,0
c-heldout,70015,5,compound,mimic,1,116.092,4,117.000,1,59,395000000,1,135.500,58.000,1,1,1,0,1,1,0
c-heldout,70015,7,cascade,contradict,6,166.915,,174.500,1,46,330000000,1,193.000,,0,0,0,0,0,0,0
c-heldout,70015,9,compound,mimic,1,199.789,5,202.500,1,52,360000000,1,221.000,135.500,1,1,1,0,1,1,0
c-heldout,70015,11,compound,mimic,2,221.117,,221.500,1,44,320000000,1,240.000,,0,0,0,1,1,0,0
c-heldout,70015,16,compound,mimic,1,352.702,9,353.000,1,48,340000000,1,371.500,221.000,1,1,0,0,1,1,1
c-heldout,70015,17,cascade,contradict,3,403.030,,403.500,2,83,615000000,1,422.000,,0,0,0,1,1,0,0
c-heldout,70016,6,compound,contradict,0,87.124,,87.500,1,65,425000000,1,106.000,,0,0,0,0,0,0,0
c-heldout,70016,18,compound,contradict,0,363.420,6,363.500,1,62,410000000,1,382.000,106.000,1,1,0,0,1,1,1
c-heldout,70016,19,split_brain,mimic,3,368.286,,368.500,1,37,285000000,0,,,0,0,0,0,0,0,0
c-heldout,70016,21,split_brain,mimic,5,416.566,,,0,0,0,0,,,0,0,0,0,0,0,0
c-heldout,70016,26,slow_leak,,6,473.228,,492.000,1,43,315000000,1,510.500,,0,0,0,0,0,0,0
c-heldout,70017,3,split_brain,mimic,4,106.122,,106.500,1,37,285000000,0,,,0,0,0,0,0,0,0
c-heldout,70017,5,compound,contradict,6,148.656,,149.000,1,34,270000000,1,167.500,,0,0,0,0,0,0,0
c-heldout,70018,0,slow_leak,,4,10.337,,,0,0,0,0,,,0,0,0,0,0,0,0
c-heldout,70018,4,compound,mimic,2,87.385,,92.000,1,44,320000000,1,110.500,,0,0,0,0,0,0,0
c-heldout,70018,5,compound,mimic,3,95.103,,99.000,1,51,355000000,1,117.500,,0,0,0,0,0,0,0
c-heldout,70018,6,slow_leak,,7,104.851,,,0,0,0,0,,,0,0,0,0,0,0,0
c-heldout,70018,9,compound,mimic,4,137.209,,142.500,1,45,325000000,1,161.000,,0,0,0,1,1,0,0
c-heldout,70018,13,slow_leak,,7,174.173,,,0,0,0,0,,,0,0,0,0,0,0,0
c-heldout,70018,21,slow_leak,,0,296.772,,,0,0,0,0,,,0,0,0,0,0,0,0
c-heldout,70018,22,compound,contradict,3,317.580,,318.000,2,107,735000000,1,336.500,,0,0,0,0,0,0,0
c-heldout,70018,23,cascade,mimic,4,326.162,,330.000,1,35,275000000,0,,,0,0,0,0,0,0,0
c-heldout,70019,5,compound,mimic,11,113.604,,116.000,1,35,275000000,1,134.500,,0,0,0,0,0,0,0
c-heldout,70019,6,cascade,contradict,8,116.610,,117.000,1,32,260000000,1,135.500,,0,0,0,0,0,0,0
c-heldout,70019,9,compound,contradict,6,166.280,,166.500,1,45,325000000,1,185.000,,0,0,0,0,0,0,0
c-heldout,70019,10,split_brain,contradict,9,175.299,,182.500,1,48,340000000,1,201.000,,0,0,0,0,0,0,0
c-heldout,70019,12,split_brain,mimic,10,251.622,,255.500,1,31,255000000,0,,,0,0,0,0,0,0,0
c-heldout,70019,14,compound,mimic,11,263.442,5,268.000,1,35,275000000,1,286.500,134.500,1,1,0,0,1,1,1
c-heldout,70019,22,slow_leak,,4,422.356,,441.000,1,39,295000000,1,459.500,,0,0,0,0,0,0,0
c-heldout,70019,23,split_brain,contradict,6,439.043,,,0,0,0,0,,,0,0,0,1,1,1,0
c-heldout,70019,24,compound,mimic,0,441.332,,441.500,1,67,435000000,1,460.000,,0,0,0,1,1,1,0
c-heldout,70019,27,slow_leak,,11,450.393,,,0,0,0,0,,,0,0,0,0,0,0,0
c-heldout,70019,29,compound,contradict,5,497.652,,499.000,1,32,260000000,0,,,0,0,0,1,1,0,0
c-heldout,70019,32,compound,mimic,11,525.709,5,527.500,1,34,270000000,1,546.000,134.500,1,1,0,0,1,1,1
c-heldout,70020,0,slow_leak,,7,5.836,,,0,0,0,0,,,0,0,0,0,0,0,0
c-heldout,70020,2,split_brain,mimic,5,79.675,,80.000,1,39,295000000,0,,,0,0,0,0,0,0,0
c-heldout,70020,4,compound,contradict,1,148.531,,149.000,1,46,330000000,1,167.500,,0,0,0,0,0,0,0
c-heldout,70020,5,slow_leak,,0,152.753,,174.000,1,55,375000000,0,,,0,0,0,0,0,0,0
c-heldout,70020,7,split_brain,contradict,6,176.494,,179.500,1,37,285000000,0,,,0,0,0,0,0,0,0
c-heldout,70020,8,compound,mimic,4,178.751,,192.000,1,50,350000000,1,210.500,,0,0,0,0,0,0,0
c-heldout,70020,9,split_brain,mimic,5,199.981,,201.500,1,36,280000000,1,220.000,,0,0,0,0,0,0,0
c-heldout,70020,11,split_brain,contradict,1,286.296,,286.500,1,46,330000000,1,305.000,,0,0,0,0,0,0,0
c-heldout,70020,12,compound,mimic,4,287.178,8,,0,0,0,0,,210.500,1,1,1,0,1,1,0
c-heldout,70020,15,split_brain,contradict,1,350.546,11,353.000,1,55,375000000,1,371.500,305.000,1,1,1,0,1,1,0
c-heldout,70020,19,split_brain,mimic,6,482.320,,482.500,1,28,240000000,1,501.000,,0,0,0,1,1,1,0
c-heldout,70020,20,slow_leak,,0,485.714,,,0,0,0,0,,,0,0,0,0,0,0,0
c-heldout,70021,9,cascade,contradict,7,248.280,,248.500,1,28,240000000,1,267.000,,0,0,0,0,0,0,0
c-heldout,70021,14,compound,contradict,3,308.206,,311.500,1,55,375000000,1,330.000,,0,0,0,0,0,0,0
c-heldout,70021,16,compound,mimic,1,318.204,,322.500,1,72,460000000,1,341.000,,0,0,0,0,0,0,0
c-heldout,70021,17,split_brain,mimic,0,337.498,,339.000,1,50,350000000,0,,,0,0,0,0,0,0,0
c-heldout,70021,18,slow_leak,,8,351.950,,369.500,1,35,275000000,0,,,0,0,0,0,0,0,0
c-heldout,70021,19,split_brain,contradict,4,411.192,,411.500,1,52,360000000,1,430.000,,0,0,0,0,0,0,0
c-heldout,70021,20,compound,contradict,6,439.507,,456.000,1,29,245000000,0,,,0,0,0,1,1,0,0
c-heldout,70021,22,slow_leak,,8,495.888,18,,0,0,0,0,,,0,0,0,0,0,0,0
c-heldout,70021,24,split_brain,mimic,6,505.548,,,0,0,0,0,,,0,0,0,0,0,0,0
c-heldout,70021,26,compound,mimic,0,514.279,,514.500,2,102,710000000,1,538.500,,0,0,0,1,1,0,0
c-heldout,70022,2,slow_leak,,5,124.751,,,0,0,0,0,,,0,0,0,0,0,0,0
c-heldout,70022,3,split_brain,mimic,6,125.020,,125.500,1,31,255000000,0,,,0,0,0,0,0,0,0
c-heldout,70022,9,compound,mimic,0,249.560,,250.000,1,61,405000000,1,268.500,,0,0,0,0,0,0,0
c-heldout,70022,10,split_brain,contradict,4,253.282,,256.000,1,34,270000000,1,274.500,,0,0,0,0,0,0,0
c-heldout,70022,12,slow_leak,,3,292.726,,,0,0,0,0,,,0,0,0,0,0,0,0
c-heldout,70022,13,split_brain,contradict,5,314.393,,314.500,1,36,280000000,1,333.000,,0,0,0,1,1,1,0
c-heldout,70022,14,split_brain,mimic,0,340.229,,341.500,1,53,365000000,0,,,0,0,0,0,0,0,0
c-heldout,70022,19,cascade,mimic,3,486.956,,487.000,2,62,510000000,0,,,0,0,0,0,0,0,0
c-heldout,70022,20,compound,mimic,1,493.572,,495.000,1,53,365000000,1,513.500,,0,0,0,1,1,0,0
c-heldout,70023,0,split_brain,mimic,8,14.417,,16.500,1,30,250000000,0,,,0,0,0,0,0,0,0
c-heldout,70023,3,compound,contradict,5,109.827,,110.000,1,45,325000000,1,128.500,,0,0,0,0,0,0,0
c-heldout,70023,9,split_brain,mimic,8,160.198,0,163.500,1,38,290000000,1,182.000,,0,0,0,0,0,0,0
c-heldout,70023,17,cascade,contradict,1,358.450,,358.500,1,51,355000000,0,,,0,0,0,0,0,0,0
c-heldout,70023,21,split_brain,contradict,0,434.337,,434.500,1,51,355000000,1,457.500,,0,0,0,0,0,0,0
c-heldout,70023,23,compound,mimic,6,437.965,,440.500,1,49,345000000,1,459.000,,0,0,0,0,0,0,0
c-heldout,70023,24,split_brain,mimic,2,446.385,,451.000,1,48,340000000,0,,,0,0,0,1,1,1,0
c-heldout,70023,28,split_brain,mimic,6,502.871,,508.500,1,38,290000000,1,527.000,,0,0,0,1,1,1,0
c-heldout,70024,7,slow_leak,,5,182.052,,,0,0,0,0,,,0,0,0,0,0,0,0
c-heldout,70024,8,split_brain,mimic,1,182.817,,184.500,1,55,375000000,0,,,0,0,0,0,0,0,0
c-heldout,70024,10,compound,contradict,0,217.087,,217.500,1,55,375000000,1,236.000,,0,0,0,0,0,0,0
c-heldout,70024,14,split_brain,mimic,9,394.330,,396.000,1,37,285000000,0,,,0,0,0,0,0,0,0
c-heldout,70024,16,slow_leak,,7,401.258,,,0,0,0,0,,,0,0,0,0,0,0,0
c-heldout,70024,20,slow_leak,,8,475.280,,,0,0,0,0,,,0,0,0,0,0,0,0
c-heldout,70024,22,compound,mimic,0,507.407,,507.500,1,52,360000000,1,526.000,,0,0,0,0,0,0,0
c-heldout,70024,25,slow_leak,,2,529.396,,,0,0,0,0,,,0,0,0,0,0,0,0
c-heldout,70025,1,split_brain,mimic,0,37.516,,38.000,1,46,330000000,0,,,0,0,0,0,0,0,0
c-heldout,70025,2,slow_leak,,3,42.237,,57.000,1,36,280000000,0,,,0,0,0,0,0,0,0
c-heldout,70025,3,split_brain,mimic,2,60.868,,61.000,1,41,305000000,0,,,0,0,0,0,0,0,0
c-heldout,70025,14,slow_leak,,5,281.725,,,0,0,0,0,,,0,0,0,0,0,0,0
c-heldout,70025,16,slow_leak,,3,311.166,2,331.000,1,38,290000000,0,,,0,0,0,0,0,0,0
c-heldout,70025,25,slow_leak,,5,482.177,14,496.000,1,35,275000000,0,,,0,0,0,0,0,0,0
c-heldout,70025,29,slow_leak,,7,538.725,,,0,0,0,0,,,0,0,0,0,0,0,0
c-heldout,70026,1,compound,contradict,6,12.682,,13.000,1,42,310000000,1,31.500,,0,0,0,0,0,0,0
c-heldout,70026,3,cascade,mimic,4,42.536,,43.000,1,49,345000000,0,,,0,0,0,0,0,0,0
c-heldout,70026,5,compound,contradict,1,61.527,,62.000,1,61,405000000,1,80.500,,0,0,0,1,1,0,0
c-heldout,70026,6,split_brain,mimic,8,88.652,,95.000,1,32,260000000,1,113.500,,0,0,0,0,0,0,0
c-heldout,70026,8,cascade,mimic,4,133.153,3,133.500,1,45,325000000,1,152.000,,0,0,0,0,0,0,0
c-heldout,70026,9,cascade,contradict,5,143.996,,146.000,2,77,585000000,1,164.500,,0,0,0,0,0,0,0
c-heldout,70026,15,split_brain,mimic,8,271.459,6,275.000,1,30,250000000,1,293.500,113.500,1,1,1,0,1,1,0
c-heldout,70026,16,compound,contradict,1,297.682,5,298.000,1,61,405000000,1,316.500,80.500,1,1,0,0,1,1,1
c-heldout,70026,18,compound,mimic,3,304.072,,304.500,1,43,315000000,1,323.000,,0,0,0,0,0,0,0
c-heldout,70026,20,slow_leak,,5,336.801,,,0,0,0,0,,,0,0,0,0,0,0,0
c-heldout,70026,24,cascade,mimic,8,416.937,,424.500,1,36,280000000,0,,,0,0,0,1,1,1,0
c-heldout,70026,27,slow_leak,,2,459.795,,474.000,1,42,310000000,1,492.500,,0,0,0,0,0,0,0
c-heldout,70026,28,slow_leak,,11,461.892,,477.000,1,35,275000000,1,495.500,,0,0,0,0,0,0,0
c-heldout,70027,1,compound,contradict,2,46.936,,47.000,1,41,305000000,1,65.500,,0,0,0,0,0,0,0
c-heldout,70027,10,compound,contradict,2,338.239,1,,0,0,0,0,,65.500,1,1,1,0,1,1,0
c-heldout,70027,13,compound,mimic,0,430.062,,430.500,2,106,730000000,1,449.000,,0,0,0,0,0,0,0
c-heldout,70027,14,cascade,mimic,1,477.714,,478.000,1,49,345000000,1,496.500,,0,0,0,0,0,0,0
c-heldout,70027,15,slow_leak,,8,504.188,,518.500,1,40,300000000,1,537.000,,0,0,0,0,0,0,0
c-heldout,70027,16,split_brain,mimic,7,508.919,,511.500,1,35,275000000,1,530.000,,0,0,0,0,0,0,0
c-heldout,70027,19,cascade,contradict,9,537.932,,540.500,1,34,270000000,0,,,0,0,0,0,0,0,0
c-heldout,70028,1,compound,mimic,7,11.272,,11.500,1,38,290000000,1,30.000,,0,0,0,0,0,0,0
c-heldout,70028,4,slow_leak,,5,182.585,,,0,0,0,0,,,0,0,0,0,0,0,0
c-heldout,70028,5,compound,contradict,9,205.231,,205.500,1,36,280000000,1,224.000,,0,0,0,0,0,0,0
c-heldout,70028,7,compound,contradict,6,265.748,,266.000,1,34,270000000,1,284.500,,0,0,0,1,1,0,0
c-heldout,70028,8,cascade,mimic,3,283.068,,283.500,1,47,335000000,0,,,0,0,0,0,0,0,0
c-heldout,70028,11,slow_leak,,9,326.580,,,0,0,0,0,,,0,0,0,0,0,0,0
c-heldout,70028,18,split_brain,contradict,10,495.064,,497.500,1,34,270000000,0,,,0,0,0,0,0,0,0
c-heldout,70029,1,cascade,contradict,9,17.383,,17.500,1,34,270000000,0,,,0,0,0,0,0,0,0
c-heldout,70029,2,slow_leak,,0,41.041,,60.500,1,52,360000000,0,,,0,0,0,0,0,0,0
c-heldout,70029,3,split_brain,mimic,2,42.515,,43.000,1,37,285000000,0,,,0,0,0,0,0,0,0
c-heldout,70029,4,cascade,mimic,6,45.086,,45.500,1,28,240000000,0,,,0,0,0,0,0,0,0
c-heldout,70029,10,slow_leak,,0,154.383,2,,0,0,0,0,,,0,0,0,0,0,0,0
c-heldout,70029,23,slow_leak,,3,348.506,,,0,0,0,0,,,0,0,0,0,0,0,0
c-heldout,70029,27,slow_leak,,5,436.915,,,0,0,0,0,,,0,0,0,0,0,0,0
c-heldout,70030,3,split_brain,mimic,0,89.683,,90.000,1,39,295000000,0,,,0,0,0,0,0,0,0
c-heldout,70030,6,split_brain,mimic,2,114.921,,117.500,1,46,330000000,0,,,0,0,0,0,0,0,0
c-heldout,70030,7,cascade,mimic,5,180.624,,181.000,1,33,265000000,0,,,0,0,0,0,0,0,0
c-heldout,70030,9,split_brain,mimic,2,234.832,6,238.500,1,47,335000000,0,,,0,0,0,0,0,0,0
c-heldout,70030,11,compound,contradict,0,270.723,,271.000,1,71,455000000,1,289.500,,0,0,0,0,0,0,0
c-heldout,70030,15,slow_leak,,7,352.611,,,0,0,0,0,,,0,0,0,0,0,0,0
c-heldout,70030,16,cascade,mimic,3,355.738,,358.500,1,40,300000000,0,,,0,0,0,0,0,0,0
c-heldout,70031,12,compound,contradict,7,220.783,,223.500,1,38,290000000,1,242.000,,0,0,0,0,0,0,0
c-heldout,70031,14,split_brain,mimic,5,260.089,,264.000,1,44,320000000,0,,,0,0,0,0,0,0,0
c-heldout,70031,15,compound,contradict,1,260.475,,260.500,1,55,375000000,1,279.000,,0,0,0,1,1,0,0
c-heldout,70031,19,compound,mimic,7,301.844,,309.500,1,39,295000000,1,328.000,,0,0,0,0,0,0,0
c-heldout,70031,27,slow_leak,,7,511.422,,527.000,1,30,250000000,1,545.500,,0,0,0,0,0,0,0
c-heldout,70032,2,slow_leak,,4,85.569,,103.500,1,41,305000000,1,122.000,,0,0,0,0,0,0,0
c-heldout,70032,4,compound,mimic,0,112.028,,112.500,2,105,725000000,1,131.000,,0,0,0,0,0,0,0
c-heldout,70032,8,split_brain,contradict,1,187.716,,188.000,1,46,330000000,0,,,0,0,0,0,0,0,0
c-heldout,70032,13,slow_leak,,0,286.022,,301.500,1,50,350000000,1,320.000,,0,0,0,1,1,1,0
c-heldout,70032,14,slow_leak,,2,305.432,,321.000,1,56,380000000,0,,,0,0,0,1,1,1,0
c-heldout,70032,18,split_brain,contradict,8,385.275,,387.500,1,38,290000000,1,406.000,,0,0,0,0,0,0,0
c-heldout,70033,0,split_brain,mimic,6,16.719,,18.000,1,44,320000000,0,,,0,0,0,0,0,0,0
c-heldout,70033,2,split_brain,mimic,3,23.902,,24.000,1,40,300000000,1,42.500,,0,0,0,0,0,0,0
c-heldout,70033,5,split_brain,contradict,4,43.347,,45.500,1,35,275000000,0,,,0,0,0,0,0,0,0
c-heldout,70033,7,slow_leak,,6,108.966,,,0,0,0,0,,,0,0,0,0,0,0,0
c-heldout,70033,8,split_brain,mimic,3,113.614,2,126.500,1,47,335000000,0,,42.500,1,1,1,0,1,1,0
c-heldout,70033,9,compound,contradict,5,115.572,,116.000,1,29,245000000,1,134.500,,0,0,0,0,0,0,0
c-heldout,70033,15,slow_leak,,8,224.118,,,0,0,0,0,,,0,0,0,0,0,0,0
c-heldout,70033,18,split_brain,contradict,5,277.748,,284.500,1,48,340000000,0,,,0,0,0,0,0,0,0
c-heldout,70033,21,split_brain,contradict,5,377.195,18,378.500,1,35,275000000,0,,,0,0,0,0,0,0,0
c-heldout,70033,24,compound,mimic,7,452.757,,464.000,2,86,630000000,1,482.500,,0,0,0,0,0,0,0
c-heldout,70033,25,split_brain,contradict,4,465.036,,468.500,1,35,275000000,1,487.000,,0,0,0,0,0,0,0
c-heldout,70033,27,slow_leak,,1,475.946,,498.000,1,43,315000000,0,,,0,0,0,0,0,0,0
c-heldout,70034,7,cascade,contradict,3,250.370,,250.500,1,30,250000000,1,269.000,,0,0,0,0,0,0,0
c-heldout,70034,10,cascade,mimic,7,327.085,,341.500,0,0,0,0,,,0,0,0,0,0,0,0
c-heldout,70034,12,slow_leak,,9,357.718,,,0,0,0,0,,,0,0,0,0,0,0,0
c-heldout,70034,13,cascade,mimic,1,373.580,,374.000,1,54,370000000,0,,,0,0,0,0,0,0,0
c-heldout,70034,18,slow_leak,,9,422.388,12,,0,0,0,0,,,0,0,0,0,0,0,0
c-heldout,70034,23,slow_leak,,7,489.222,,,0,0,0,0,,,0,0,0,0,0,0,0
c-heldout,70035,1,split_brain,mimic,5,57.676,,58.000,1,34,270000000,1,76.500,,0,0,0,0,0,0,0
c-heldout,70035,5,slow_leak,,8,165.412,,,0,0,0,0,,,0,0,0,0,0,0,0
c-heldout,70035,6,compound,mimic,7,171.463,,178.500,1,35,275000000,1,197.000,,0,0,0,0,0,0,0
c-heldout,70035,10,compound,contradict,0,204.993,,205.500,1,63,415000000,1,224.000,,0,0,0,0,0,0,0
c-heldout,70035,13,split_brain,mimic,5,257.415,1,260.000,1,38,290000000,0,,76.500,1,1,1,0,1,1,0
c-heldout,70035,17,slow_leak,,2,344.455,,,0,0,0,0,,,0,0,0,0,0,0,0
c-heldout,70035,18,cascade,mimic,3,379.989,,380.500,2,61,505000000,0,,,0,0,0,0,0,0,0
c-heldout,70035,20,split_brain,contradict,8,392.289,,393.500,1,40,300000000,0,,,0,0,0,0,0,0,0
c-heldout,70035,21,compound,mimic,1,400.506,,401.000,1,63,415000000,1,419.500,,0,0,0,1,1,0,0
c-heldout,70035,23,split_brain,contradict,5,425.127,,449.000,1,62,410000000,0,,,0,0,0,0,0,0,0
c-heldout,70035,24,split_brain,mimic,1,473.229,,476.000,1,40,300000000,0,,,0,0,0,1,1,1,0
c-heldout,70036,4,compound,mimic,5,143.518,,144.000,1,50,350000000,1,162.500,,0,0,0,0,0,0,0
c-heldout,70036,5,slow_leak,,9,209.353,,,0,0,0,0,,,0,0,0,0,0,0,0
c-heldout,70036,9,compound,mimic,5,318.428,4,319.000,1,38,290000000,1,337.500,162.500,1,1,1,0,1,1,0
c-heldout,70036,17,split_brain,mimic,0,431.362,,434.000,1,48,340000000,0,,,0,0,0,0,0,0,0
c-heldout,70036,23,compound,contradict,9,519.271,,559.500,1,29,245000000,0,,,0,0,0,0,0,0,0
c-heldout,70036,24,split_brain,contradict,6,520.965,,523.500,1,31,255000000,0,,,0,0,0,0,0,0,0
c-heldout,70037,0,split_brain,contradict,9,18.889,,19.000,1,31,255000000,1,37.500,,0,0,0,0,0,0,0
c-heldout,70037,4,split_brain,contradict,9,81.358,0,84.500,1,26,230000000,1,103.000,37.500,1,1,1,0,1,1,0
c-heldout,70037,5,compound,contradict,10,95.594,,96.000,1,34,270000000,1,114.500,,0,0,0,0,0,0,0
c-heldout,70037,8,slow_leak,,6,194.835,,208.000,1,31,255000000,1,226.500,,0,0,0,0,0,0,0
c-heldout,70037,14,split_brain,contradict,2,323.599,,324.000,1,40,300000000,1,342.500,,0,0,0,1,1,1,0
c-heldout,70037,17,slow_leak,,4,399.955,,,0,0,0,0,,,0,0,0,1,1,1,0
c-heldout,70037,19,compound,mimic,7,465.588,,467.000,1,38,290000000,1,485.500,,0,0,0,0,0,0,0
c-heldout,70037,21,compound,contradict,4,489.204,,489.500,1,44,320000000,1,508.000,,0,0,0,1,1,0,0
c-heldout,70038,0,cascade,contradict,4,17.183,,17.500,1,49,345000000,1,36.000,,0,0,0,0,0,0,0
c-heldout,70038,2,slow_leak,,1,108.962,,,0,0,0,0,,,0,0,0,0,0,0,0
c-heldout,70038,4,split_brain,contradict,8,120.886,,121.000,1,39,295000000,0,,,0,0,0,0,0,0,0
c-heldout,70038,7,cascade,contradict,7,153.514,,154.000,1,55,375000000,0,,,0,0,0,1,1,1,0
c-heldout,70038,8,slow_leak,,1,205.317,2,,0,0,0,0,,,0,0,0,0,0,0,0
c-heldout,70038,10,cascade,mimic,5,212.497,,213.000,1,52,360000000,0,,,0,0,0,0,0,0,0
c-heldout,70038,11,compound,mimic,11,228.657,,230.000,1,33,265000000,1,248.500,,0,0,0,0,0,0,0
c-heldout,70038,13,split_brain,contradict,8,232.362,4,236.000,1,43,315000000,0,,,0,0,0,0,0,0,0
c-heldout,70038,18,split_brain,contradict,10,401.880,,405.500,2,74,570000000,0,,,0,0,0,0,0,0,0
c-heldout,70038,20,cascade,contradict,7,430.167,7,430.500,1,34,270000000,1,449.000,,0,0,0,1,1,1,0
c-heldout,70038,23,cascade,mimic,5,522.100,10,525.000,1,54,370000000,0,,,0,0,0,0,0,0,0
c-heldout,70039,3,slow_leak,,2,21.520,,36.500,1,50,350000000,1,55.000,,0,0,0,0,0,0,0
c-heldout,70039,6,compound,contradict,3,60.313,,60.500,1,45,325000000,1,79.000,,0,0,0,0,0,0,0
c-heldout,70039,7,slow_leak,,0,76.347,,,0,0,0,0,,,0,0,0,1,1,1,0
c-heldout,70039,8,cascade,contradict,5,91.796,,93.500,1,41,305000000,1,112.000,,0,0,0,0,0,0,0
c-heldout,70039,11,slow_leak,,6,182.936,,,0,0,0,0,,,0,0,0,1,1,1,0
c-heldout,70039,16,slow_leak,,6,266.557,11,,0,0,0,0,,,0,0,0,1,1,1,0
c-heldout,70039,21,cascade,contradict,5,520.930,,521.000,1,37,285000000,1,539.500,,0,0,0,1,1,1,0
c-heldout,70040,4,split_brain,contradict,3,122.187,,124.500,1,24,220000000,1,143.000,,0,0,0,0,0,0,0
c-heldout,70040,5,slow_leak,,2,128.245,,,0,0,0,0,,,0,0,0,0,0,0,0
c-heldout,70040,7,slow_leak,,10,156.599,,,0,0,0,0,,,0,0,0,0,0,0,0
c-heldout,70040,8,cascade,mimic,1,189.283,,189.500,2,77,585000000,1,208.000,,0,0,0,0,0,0,0
c-heldout,70040,12,slow_leak,,2,241.267,5,,0,0,0,0,,,0,0,0,0,0,0,0
c-heldout,70040,14,split_brain,mimic,10,261.811,,267.000,1,32,260000000,0,,,0,0,0,0,0,0,0
c-heldout,70040,17,split_brain,contradict,4,302.240,,302.500,1,44,320000000,1,321.000,,0,0,0,1,1,1,0
c-heldout,70040,21,cascade,contradict,10,389.986,,391.500,1,30,250000000,1,410.000,,0,0,0,0,0,0,0
c-heldout,70040,27,compound,mimic,9,487.560,,492.000,1,36,280000000,1,510.500,,0,0,0,0,0,0,0
c-heldout,70040,28,split_brain,contradict,4,500.490,17,504.500,1,45,325000000,1,523.000,321.000,1,1,1,0,1,1,0
c-heldout,70041,4,compound,contradict,4,63.871,,64.000,1,47,335000000,1,82.500,,0,0,0,0,0,0,0
c-heldout,70041,9,slow_leak,,2,179.774,,,0,0,0,0,,,0,0,0,0,0,0,0
c-heldout,70041,14,split_brain,contradict,6,243.705,,246.000,1,37,285000000,0,,,0,0,0,0,0,0,0
c-heldout,70041,15,compound,contradict,4,251.929,4,252.000,1,42,310000000,0,,82.500,1,1,1,0,1,1,0
c-heldout,70041,17,cascade,mimic,1,290.586,,292.500,1,53,365000000,1,311.000,,0,0,0,0,0,0,0
c-heldout,70041,20,split_brain,contradict,6,357.582,14,360.500,1,41,305000000,1,379.000,,0,0,0,0,0,0,0
c-heldout,70041,27,slow_leak,,1,431.353,,451.000,1,46,330000000,1,469.500,,0,0,0,0,0,0,0
c-heldout,70041,28,split_brain,contradict,6,437.674,14,440.000,1,44,320000000,1,458.500,,0,1,0,1,1,1,0
c-heldout,70041,30,split_brain,mimic,8,512.149,,532.500,1,45,325000000,1,551.000,,0,0,0,0,0,0,0
c-heldout,70041,31,compound,contradict,4,521.241,4,522.500,1,33,265000000,1,541.000,82.500,1,1,1,0,1,1,0
c-heldout,70042,4,split_brain,contradict,6,135.262,,135.500,1,41,305000000,1,154.000,,0,0,0,0,0,0,0
c-heldout,70042,9,split_brain,contradict,3,199.237,,204.500,1,47,335000000,0,,,0,0,0,1,1,1,0
c-heldout,70042,10,split_brain,contradict,6,285.389,4,286.000,1,33,265000000,1,304.500,154.000,1,1,1,0,1,1,0
c-heldout,70042,14,split_brain,contradict,6,397.659,10,398.000,1,32,260000000,0,,304.500,1,1,1,0,1,1,0
c-heldout,70042,15,split_brain,contradict,1,426.990,,427.500,1,48,340000000,1,446.000,,0,0,0,1,1,1,0
c-heldout,70042,16,split_brain,contradict,0,428.921,,433.000,1,79,495000000,0,,,0,0,0,1,1,1,0
c-heldout,70042,19,slow_leak,,6,494.608,,,0,0,0,0,,,0,0,0,0,0,0,0
c-heldout,70042,21,split_brain,contradict,1,535.565,15,536.000,1,47,335000000,1,554.500,446.000,1,1,1,0,1,1,0
c-heldout,70043,0,compound,mimic,8,9.244,,14.000,1,39,295000000,1,32.500,,0,0,0,0,0,0,0
c-heldout,70043,1,compound,mimic,5,11.011,,11.500,1,44,320000000,1,30.000,,0,0,0,0,0,0,0
c-heldout,70043,6,slow_leak,,10,132.629,,150.000,1,35,275000000,0,,,0,0,0,0,0,0,0
c-heldout,70043,10,compound,mimic,6,168.282,,,0,0,0,0,,,0,0,0,1,1,1,0
c-heldout,70043,14,slow_leak,,4,210.239,,,0,0,0,0,,,0,0,0,0,0,0,0
c-heldout,70043,20,split_brain,contradict,1,391.095,,391.500,1,49,345000000,1,410.000,,0,0,0,0,0,0,0
c-heldout,70043,22,cascade,contradict,7,471.596,,472.000,1,45,325000000,0,,,0,0,0,0,0,0,0
c-heldout,70043,26,cascade,mimic,1,507.132,,507.500,1,62,410000000,0,,,0,0,0,0,0,0,0
c-heldout,70044,1,slow_leak,,6,28.118,,,0,0,0,0,,,0,0,0,0,0,0,0
c-heldout,70044,7,cascade,contradict,6,165.371,,168.000,1,33,265000000,1,186.500,,0,0,0,0,0,0,0
c-heldout,70044,9,slow_leak,,0,189.934,,208.500,1,47,335000000,1,227.000,,0,0,0,0,0,0,0
c-heldout,70044,11,cascade,mimic,2,253.981,,254.000,1,50,350000000,0,,,0,0,0,0,0,0,0
c-heldout,70044,13,cascade,mimic,4,293.827,,297.000,1,51,355000000,1,315.500,,0,0,0,0,0,0,0
c-heldout,70044,17,split_brain,contradict,5,357.091,,401.500,1,86,530000000,0,,,0,0,0,0,0,0,0
c-heldout,70044,21,compound,mimic,3,486.071,,491.500,1,49,345000000,1,510.000,,0,0,0,0,0,0,0
c-heldout,70045,0,slow_leak,,0,13.273,,28.500,1,49,345000000,1,47.000,,0,0,0,0,0,0,0
c-heldout,70045,5,cascade,mimic,5,174.417,,174.500,1,43,315000000,1,193.000,,0,0,0,0,0,0,0
c-heldout,70045,7,slow_leak,,0,196.148,0,,0,0,0,0,,47.000,1,1,1,0,1,1,0
c-heldout,70045,13,cascade,mimic,5,347.602,,348.000,2,74,570000000,0,,,0,1,0,1,1,1,0
c-heldout,70045,14,compound,mimic,7,352.302,,,0,0,0,0,,,0,0,0,0,0,0,0
c-heldout,70045,18,split_brain,contradict,0,428.422,,435.500,1,62,410000000,0,,,0,0,0,0,0,0,0
c-heldout,70046,2,slow_leak,,1,62.850,,84.000,1,48,340000000,0,,,0,0,0,0,0,0,0
c-heldout,70046,8,split_brain,contradict,0,275.103,,275.500,1,52,360000000,1,294.000,,0,0,0,0,0,0,0
c-heldout,70046,11,split_brain,contradict,4,297.075,,297.500,1,43,315000000,1,316.000,,0,0,0,1,1,1,0
c-heldout,70046,13,compound,contradict,7,331.119,,331.500,1,30,250000000,1,350.000,,0,0,0,0,0,0,0
c-heldout,70046,14,slow_leak,,5,331.139,,345.000,1,35,275000000,1,363.500,,0,0,0,0,0,0,0
c-heldout,70046,16,split_brain,contradict,0,396.363,8,396.500,1,50,350000000,0,,294.000,1,1,1,0,1,1,0
c-heldout,70046,19,compound,contradict,8,453.489,,454.500,1,38,290000000,1,473.000,,0,0,0,1,1,0,0
c-heldout,70046,20,slow_leak,,5,458.225,14,476.500,1,48,340000000,0,,363.500,1,1,1,0,1,1,0
c-heldout,70046,22,slow_leak,,3,476.623,,498.000,1,44,320000000,1,516.500,,0,0,0,1,1,1,0
c-heldout,70046,25,slow_leak,,1,515.536,2,,0,0,0,0,,,0,0,0,1,1,1,0
c-heldout,70047,2,compound,contradict,1,34.928,,35.000,1,53,365000000,1,53.500,,0,0,0,0,0,0,0
c-heldout,70047,3,cascade,mimic,4,35.276,,47.500,1,40,300000000,1,66.000,,0,0,0,0,0,0,0
c-heldout,70047,7,compound,contradict,6,135.013,,136.500,1,36,280000000,1,155.000,,0,0,0,1,1,0,0
c-heldout,70047,9,cascade,mimic,4,260.261,3,263.000,1,30,250000000,0,,66.000,1,1,1,0,1,1,0
c-heldout,70047,10,split_brain,contradict,0,272.403,,272.500,1,46,330000000,0,,,0,0,0,0,0,0,0
c-heldout,70047,11,slow_leak,,7,277.166,,292.500,1,37,285000000,0,,,0,0,0,0,0,0,0
c-heldout,70047,13,compound,contradict,1,371.349,2,371.500,1,44,320000000,1,390.000,53.500,1,1,1,0,1,1,0
c-heldout,70047,15,split_brain,mimic,3,378.973,,,0,0,0,0,,,0,0,0,0,0,0,0
c-heldout,70047,17,compound,contradict,2,421.358,,421.500,1,54,370000000,1,440.000,,0,0,0,1,1,0,0
c-heldout,70048,4,compound,mimic,8,81.191,,81.500,1,38,290000000,1,100.000,,0,0,0,0,0,0,0
c-heldout,70048,10,compound,contradict,4,112.061,,112.500,1,45,325000000,0,,,0,0,0,0,0,0,0
c-heldout,70048,11,split_brain,contradict,5,166.477,,173.000,1,35,275000000,0,,,0,0,0,0,0,0,0
c-heldout,70048,19,compound,mimic,8,281.385,4,286.000,1,38,290000000,1,304.500,100.000,1,1,1,0,1,1,0
c-heldout,70048,22,split_brain,mimic,0,327.056,,330.000,1,70,450000000,0,,,0,0,0,0,0,0,0
c-heldout,70048,23,compound,contradict,4,337.415,10,339.000,2,72,560000000,1,357.500,,0,0,0,0,0,0,1
c-heldout,70048,26,compound,contradict,6,380.384,,384.000,1,35,275000000,1,402.500,,0,0,0,1,1,0,0
c-heldout,70048,28,split_brain,contradict,5,408.159,11,,0,0,0,0,,,0,0,0,0,0,0,0
c-heldout,70048,33,compound,contradict,4,457.359,23,458.500,2,75,575000000,1,478.500,357.500,1,1,1,0,1,1,0
c-heldout,70048,34,cascade,contradict,5,478.565,,485.000,1,36,280000000,1,503.500,,0,0,0,0,0,0,0
c-heldout,70048,36,compound,mimic,8,526.735,4,534.500,1,38,290000000,1,553.000,100.000,1,1,1,0,1,1,0
c-heldout,70049,1,slow_leak,,1,77.616,,92.500,1,51,355000000,0,,,0,0,0,0,0,0,0
c-heldout,70049,5,compound,contradict,7,152.418,,152.500,1,39,295000000,1,171.000,,0,0,0,0,0,0,0
c-heldout,70049,9,slow_leak,,1,199.077,1,,0,0,0,0,,,0,0,0,0,0,0,0
c-heldout,70049,10,cascade,contradict,6,228.439,,232.500,1,44,320000000,1,251.000,,0,0,0,0,0,0,0
c-heldout,70049,14,cascade,contradict,6,362.164,10,364.500,1,37,285000000,0,,251.000,1,1,1,0,1,1,0
c-heldout,70049,15,split_brain,contradict,7,398.893,,401.500,1,47,335000000,1,422.500,,0,0,0,0,0,0,0
c-heldout,70049,18,split_brain,contradict,1,427.244,,,0,0,0,0,,,0,0,0,1,1,1,0
c-heldout,70049,19,slow_leak,,5,428.265,,447.500,1,32,260000000,1,466.000,,0,0,0,0,0,0,0
c-heldout,70049,20,compound,contradict,0,494.702,,495.000,1,63,415000000,0,,,0,0,0,1,1,0,0
c-heldout,70050,0,cascade,contradict,8,26.740,,27.000,2,64,520000000,1,45.500,,0,0,0,0,0,0,0
c-heldout,70050,1,split_brain,mimic,1,36.431,,36.500,1,36,280000000,0,,,0,0,0,0,0,0,0
c-heldout,70050,5,split_brain,contradict,9,101.542,,106.500,1,40,300000000,0,,,0,0,0,0,0,0,0
c-heldout,70050,9,compound,mimic,11,161.228,,161.500,1,35,275000000,1,180.000,,0,0,0,0,0,0,0
c-heldout,70050,16,slow_leak,,1,273.967,,,0,0,0,0,,,0,0,0,0,0,0,0
c-heldout,70050,19,slow_leak,,11,296.587,,,0,0,0,0,,,0,0,0,0,0,0,0
c-heldout,70050,20,split_brain,contradict,10,345.036,,345.500,1,24,220000000,0,,,0,0,0,0,0,0,0
c-heldout,70050,22,split_brain,contradict,6,384.851,,387.000,1,36,280000000,1,405.500,,0,0,0,0,0,0,0
c-heldout,70050,25,slow_leak,,7,422.000,,438.000,1,33,265000000,0,,,0,0,0,0,0,0,0
c-heldout,70050,29,split_brain,contradict,5,456.470,,457.000,1,39,295000000,0,,,0,0,0,1,1,1,0
c-heldout,70050,32,slow_leak,,2,492.820,,506.500,1,39,295000000,0,,,0,0,0,0,0,0,0
c-heldout,70050,34,compound,mimic,11,535.757,9,541.000,1,38,290000000,1,559.500,180.000,1,1,1,0,1,1,0
c-heldout,70051,0,split_brain,contradict,4,0.563,,1.000,1,35,275000000,1,19.500,,0,0,0,0,0,0,0
c-heldout,70051,2,cascade,mimic,2,45.448,,45.500,1,51,355000000,0,,,0,0,0,0,0,0,0
c-heldout,70051,5,cascade,contradict,9,278.380,,278.500,1,31,255000000,0,,,0,0,0,0,0,0,0
c-heldout,70051,6,split_brain,contradict,4,296.137,0,296.500,1,31,255000000,1,315.000,19.500,1,1,1,0,1,1,0
c-heldout,70051,9,cascade,mimic,2,370.693,2,371.000,1,52,360000000,0,,,0,0,0,0,0,0,1
c-heldout,70051,10,slow_leak,,10,374.619,,,0,0,0,0,,,0,0,0,0,0,0,0
c-heldout,70051,13,split_brain,contradict,1,456.623,,457.000,1,40,300000000,0,,,0,0,0,1,1,1,0
c-heldout,70052,1,compound,mimic,9,30.923,,31.000,1,34,270000000,1,49.500,,0,0,0,0,0,0,0
c-heldout,70052,6,cascade,mimic,10,156.936,,159.500,1,32,260000000,0,,,0,0,0,0,0,0,0
c-heldout,70052,8,slow_leak,,5,178.023,,202.500,1,36,280000000,0,,,0,0,0,0,0,0,0
c-heldout,70052,12,compound,contradict,3,214.367,,,0,0,0,0,,,0,0,0,0,0,0,0
c-heldout,70052,19,split_brain,mimic,7,329.021,,,0,0,0,0,,,0,0,0,0,0,0,0
c-heldout,70052,29,compound,contradict,6,538.925,,543.500,1,39,295000000,1,562.000,,0,0,0,0,0,0,0
c-heldout,70053,2,split_brain,mimic,3,252.187,,255.500,1,31,255000000,1,274.000,,0,0,0,0,0,0,0
c-heldout,70053,5,split_brain,mimic,0,306.126,,306.500,2,77,585000000,1,325.000,,0,0,0,1,1,1,0
c-heldout,70053,8,compound,mimic,1,398.923,,399.000,1,53,365000000,1,417.500,,0,0,0,0,0,0,0
c-heldout,70053,9,split_brain,mimic,3,400.285,2,400.500,1,37,285000000,0,,274.000,1,1,1,0,1,1,0
c-heldout,70053,10,split_brain,contradict,6,432.151,,436.000,1,39,295000000,1,454.500,,0,0,0,0,0,0,0
c-heldout,70054,1,cascade,contradict,9,39.567,,40.000,1,28,240000000,0,,,0,0,0,0,0,0,0
c-heldout,70054,4,cascade,contradict,3,78.257,,78.500,2,90,650000000,1,97.000,,0,0,0,0,0,0,0
c-heldout,70054,7,slow_leak,,0,106.187,,,0,0,0,0,,,0,0,0,0,0,0,0
c-heldout,70054,8,compound,mimic,7,146.979,,151.000,1,34,270000000,1,169.500,,0,0,0,0,0,0,0
c-heldout,70054,10,slow_leak,,0,156.403,7,,0,0,0,0,,,0,0,0,0,0,0,0
c-heldout,70054,12,cascade,contradict,9,197.227,,197.500,1,29,245000000,1,216.000,,0,0,0,1,1,1,0
c-heldout,70054,16,compound,contradict,7,280.288,,280.500,1,34,270000000,1,299.000,,0,0,0,0,0,0,0
c-heldout,70054,22,slow_leak,,3,329.483,,,0,0,0,0,,,0,0,0,0,0,0,0
c-heldout,70054,31,compound,contradict,4,479.688,,480.500,1,36,280000000,1,499.000,,0,0,0,1,1,0,0
c-heldout,70054,34,slow_leak,,9,508.973,,,0,0,0,0,,,0,0,0,0,0,0,0
c-heldout,70055,4,slow_leak,,5,57.347,,71.500,1,35,275000000,1,90.000,,0,0,0,0,0,0,0
c-heldout,70055,10,split_brain,mimic,4,119.395,,122.500,1,40,300000000,0,,,0,0,0,0,0,0,0
c-heldout,70055,17,split_brain,mimic,6,258.231,,,0,0,0,0,,,0,0,0,0,0,0,0
c-heldout,70055,20,split_brain,contradict,3,292.293,,297.500,1,43,315000000,0,,,0,0,0,0,0,0,0
c-heldout,70055,24,slow_leak,,3,404.659,,433.500,1,44,320000000,0,,,0,0,0,1,1,1,0
c-heldout,70055,25,split_brain,mimic,4,460.423,10,466.000,1,49,345000000,0,,,0,0,0,0,0,0,0
c-heldout,70055,26,compound,contradict,0,470.543,,471.000,1,69,445000000,1,489.500,,0,0,0,0,0,0,0
c-heldout,70056,4,split_brain,mimic,9,111.892,,112.000,1,30,250000000,0,,,0,0,0,0,0,0,0
c-heldout,70056,8,compound,mimic,10,154.732,,157.500,1,34,270000000,1,176.000,,0,0,0,0,0,0,0
c-heldout,70056,10,cascade,mimic,5,173.616,,174.000,1,33,265000000,0,,,0,0,0,0,0,0,0
c-heldout,70056,17,cascade,contradict,11,317.695,,321.500,1,32,260000000,1,340.000,,0,0,0,0,0,0,0
c-heldout,70056,21,cascade,contradict,10,423.621,,424.000,1,30,250000000,0,,,0,0,0,1,1,0,0
c-heldout,70056,25,compound,contradict,7,482.692,,483.000,1,47,335000000,1,501.500,,0,0,0,0,0,0,0
c-heldout,70056,28,compound,contradict,3,527.426,,527.500,1,57,385000000,0,,,0,0,0,1,1,0,0
c-heldout,70057,6,split_brain,contradict,6,86.397,,91.000,1,31,255000000,1,109.500,,0,0,0,0,0,0,0
c-heldout,70057,7,slow_leak,,1,113.304,,130.000,1,46,330000000,1,148.500,,0,0,0,0,0,0,0
c-heldout,70057,11,split_brain,contradict,7,215.356,,220.000,1,34,270000000,0,,,0,0,0,1,1,1,0
c-heldout,70057,12,split_brain,contradict,1,222.899,,223.000,1,49,345000000,0,,,0,0,0,1,1,1,0
c-heldout,70057,18,compound,contradict,7,369.064,,369.500,1,33,265000000,1,388.000,,0,0,0,0,0,0,0
c-heldout,70058,4,cascade,mimic,10,143.874,,144.000,1,26,230000000,0,,,0,0,0,0,0,0,0
c-heldout,70058,7,cascade,contradict,11,205.239,,207.000,1,34,270000000,1,225.500,,0,0,0,0,0,0,0
c-heldout,70058,8,cascade,mimic,2,222.353,,222.500,1,43,315000000,0,,,0,0,0,0,0,0,0
c-heldout,70058,20,compound,contradict,0,381.660,,382.000,1,54,370000000,1,400.500,,0,0,0,0,0,0,0
c-heldout,70058,22,split_brain,contradict,7,416.250,,416.500,1,33,265000000,1,435.000,,0,0,0,0,0,0,0
c-heldout,70058,23,split_brain,contradict,5,437.081,,437.500,1,35,275000000,1,456.000,,0,0,0,1,1,1,0
c-heldout,70058,27,split_brain,contradict,0,492.624,,493.000,1,55,375000000,1,511.500,,0,0,0,1,1,1,0
c-heldout,70059,0,cascade,mimic,8,49.029,,49.500,1,33,265000000,0,,,0,0,0,0,0,0,0
c-heldout,70059,5,split_brain,contradict,5,106.780,,110.500,1,42,310000000,1,129.000,,0,0,0,0,0,0,0
c-heldout,70059,15,cascade,mimic,8,296.205,0,296.500,1,26,230000000,0,,,0,0,0,0,0,0,0
c-heldout,70059,22,compound,mimic,3,443.017,,449.500,1,46,330000000,1,468.000,,0,0,0,0,0,0,0
c-heldout,70060,0,cascade,mimic,8,39.434,,39.500,1,35,275000000,0,,,0,0,0,0,0,0,0
c-heldout,70060,6,cascade,mimic,7,111.579,,112.000,1,31,255000000,0,,,0,0,0,0,0,0,0
c-heldout,70060,10,slow_leak,,0,169.828,,192.500,1,61,405000000,1,211.000,,0,0,0,0,0,0,0
c-heldout,70060,11,cascade,mimic,7,206.868,6,211.000,1,31,255000000,1,229.500,,0,0,0,0,0,0,0
c-heldout,70060,15,compound,contradict,8,399.418,,399.500,1,30,250000000,1,418.000,,0,0,0,0,0,0,0
c-heldout,70060,16,split_brain,mimic,2,411.082,,413.000,1,45,325000000,0,,,0,0,0,0,0,0,0
c-heldout,70060,17,slow_leak,,6,412.990,,,0,0,0,0,,,0,0,0,1,1,1,0
c-heldout,70060,22,compound,mimic,7,481.959,,487.000,2,76,580000000,1,505.500,,0,0,0,0,0,0,0
c-heldout,70060,23,split_brain,contradict,3,489.631,,490.000,1,26,230000000,1,508.500,,0,0,0,0,0,0,0
c-heldout,70061,0,compound,mimic,2,17.818,,23.000,1,54,370000000,1,41.500,,0,0,0,0,0,0,0
c-heldout,70061,3,cascade,mimic,7,49.099,,49.500,1,24,220000000,1,68.000,,0,0,0,0,0,0,0
c-heldout,70061,4,slow_leak,,1,56.967,,,0,0,0,0,,,0,0,0,0,0,0,0
c-heldout,70061,6,slow_leak,,10,64.274,,78.500,1,29,245000000,1,97.000,,0,0,0,0,0,0,0
c-heldout,70061,9,cascade,mimic,7,108.766,3,111.500,1,28,240000000,1,130.000,68.000,1,1,1,0,1,1,0
c-heldout,70061,12,cascade,mimic,7,192.209,3,192.500,1,24,220000000,0,,68.000,1,1,1,0,1,1,0
c-heldout,70061,13,split_brain,contradict,1,215.522,,216.000,1,46,330000000,0,,,0,0,0,0,0,0,0
c-heldout,70061,19,cascade,mimic,7,354.959,12,355.000,1,24,220000000,0,,,0,1,0,1,1,1,0
c-heldout,70061,20,compound,contradict,2,394.901,,395.000,1,61,405000000,0,,,0,0,0,0,0,0,0
c-heldout,70061,28,cascade,contradict,3,453.632,,456.000,1,31,255000000,0,,,0,0,0,0,0,0,0
c-heldout,70061,31,slow_leak,,1,524.874,,,0,0,0,0,,,0,0,0,1,1,1,0
c-heldout,70062,1,split_brain,contradict,7,20.383,,22.000,1,33,265000000,1,40.500,,0,0,0,0,0,0,0
c-heldout,70062,2,compound,mimic,5,79.356,,82.000,1,39,295000000,1,100.500,,0,0,0,0,0,0,0
c-heldout,70062,4,split_brain,contradict,7,117.506,1,121.000,1,37,285000000,1,139.500,40.500,1,1,1,0,1,1,0
c-heldout,70062,9,compound,contradict,5,161.134,,161.500,1,33,265000000,1,180.000,,0,0,0,0,0,0,0
c-heldout,70062,10,slow_leak,,2,171.778,,,0,0,0,0,,,0,0,0,0,0,0,0
c-heldout,70062,11,compound,mimic,6,186.154,,188.000,1,36,280000000,1,206.500,,0,0,0,1,1,1,0
c-heldout,70062,15,cascade,contradict,4,255.424,,255.500,1,41,305000000,1,274.000,,0,0,0,0,0,0,0
c-heldout,70062,18,compound,contradict,5,282.300,,288.000,1,41,305000000,1,306.500,,0,0,0,1,1,0,0
c-heldout,70062,23,split_brain,contradict,7,461.677,4,466.500,1,36,280000000,1,485.000,139.500,1,1,1,0,1,1,0
c-heldout,70062,26,split_brain,mimic,1,497.510,,499.000,1,47,335000000,0,,,0,0,0,0,0,0,0
c-heldout,70063,1,cascade,contradict,7,26.434,,28.000,2,50,450000000,0,,,0,0,0,0,0,0,0
c-heldout,70063,4,cascade,mimic,10,214.069,,214.500,2,49,445000000,0,,,0,0,0,0,0,0,0
c-heldout,70063,7,cascade,mimic,2,237.038,,237.500,1,68,440000000,0,,,0,0,0,0,0,0,0
c-heldout,70063,8,slow_leak,,3,242.467,,255.500,1,52,360000000,1,274.000,,0,0,0,0,0,0,0
c-heldout,70063,11,cascade,contradict,5,364.348,,364.500,2,50,450000000,0,,,0,0,0,0,0,0,0
c-heldout,70063,20,slow_leak,,3,524.721,,544.500,1,46,330000000,0,,,0,1,0,1,1,1,0
c-heldout,70064,3,compound,mimic,0,45.550,,46.000,1,65,425000000,1,64.500,,0,0,0,0,0,0,0
c-heldout,70064,6,slow_leak,,4,94.012,,110.000,1,39,295000000,1,128.500,,0,0,0,0,0,0,0
c-heldout,70064,7,compound,contradict,6,132.717,,133.000,1,36,280000000,1,151.500,,0,0,0,0,0,0,0
c-heldout,70064,10,slow_leak,,4,218.742,6,235.500,1,39,295000000,1,254.000,128.500,1,1,1,0,1,1,0
c-heldout,70064,14,compound,contradict,6,263.155,7,264.500,1,49,345000000,1,283.000,151.500,1,1,1,0,1,1,0
c-heldout,70064,19,slow_leak,,2,415.049,,,0,0,0,0,,,0,0,0,1,1,1,0
c-heldout,70064,20,compound,contradict,7,454.866,,455.000,1,32,260000000,1,473.500,,0,0,0,1,1,0,0
c-heldout,70064,24,cascade,contradict,6,520.525,,524.500,1,46,330000000,1,543.000,,0,0,0,0,0,0,0
c-heldout,70065,3,slow_leak,,7,144.797,,,0,0,0,0,,,0,0,0,0,0,0,0
c-heldout,70065,5,slow_leak,,10,227.377,,,0,0,0,0,,,0,0,0,0,0,0,0
c-heldout,70065,16,split_brain,contradict,7,414.410,,418.500,1,30,250000000,1,437.000,,0,0,0,0,0,0,0
c-heldout,70066,3,split_brain,mimic,6,54.967,,55.500,1,29,245000000,1,74.000,,0,0,0,0,0,0,0
c-heldout,70066,8,split_brain,mimic,6,122.467,3,124.500,1,32,260000000,1,143.000,74.000,1,1,1,0,1,1,0
c-heldout,70066,9,split_brain,contradict,4,132.902,,133.000,1,49,345000000,1,151.500,,0,0,0,0,0,0,0
c-heldout,70066,12,split_brain,mimic,1,171.050,,174.500,1,58,390000000,0,,,0,0,0,1,1,1,0
c-heldout,70066,18,compound,mimic,1,348.465,,349.000,1,58,390000000,1,367.500,,0,0,0,0,0,0,0
c-heldout,70066,22,split_brain,contradict,6,471.621,,478.500,1,41,305000000,0,,,0,0,0,1,1,1,0
c-heldout,70066,24,cascade,mimic,8,532.027,,532.500,1,30,250000000,0,,,0,0,0,0,0,0,0
c-heldout,70067,5,compound,mimic,7,128.267,,128.500,1,31,255000000,1,147.000,,0,0,0,0,0,0,0
c-heldout,70067,6,cascade,contradict,6,129.523,,131.000,1,29,245000000,1,149.500,,0,0,0,0,0,0,0
c-heldout,70067,9,compound,mimic,8,138.570,,146.500,1,46,330000000,1,165.000,,0,0,0,0,0,0,0
c-heldout,70067,10,split_brain,mimic,0,194.055,,194.500,2,63,515000000,1,213.000,,0,0,0,0,0,0,0
c-heldout,70067,11,split_brain,mimic,2,206.720,,211.500,1,37,285000000,1,230.000,,0,0,0,0,0,0,0
c-heldout,70067,13,split_brain,contradict,9,250.586,,254.000,1,33,265000000,1,272.500,,0,0,0,0,0,0,0
c-heldout,70067,14,cascade,contradict,8,278.045,,280.500,1,48,340000000,0,,,0,0,0,1,1,0,0
c-heldout,70067,26,cascade,contradict,7,433.717,,434.000,1,28,240000000,1,453.000,,0,0,0,1,1,1,0
c-heldout,70067,28,slow_leak,,4,485.780,,,0,0,0,0,,,0,0,0,0,0,0,0
c-heldout,70068,0,compound,mimic,8,3.570,,5.000,1,32,260000000,0,,,0,0,0,0,0,0,0
c-heldout,70068,8,compound,mimic,8,133.971,0,137.500,1,40,300000000,1,156.000,,0,0,0,0,0,0,0
c-heldout,70068,17,compound,mimic,1,251.244,,251.500,1,46,330000000,1,270.000,,0,0,0,1,1,0,0
c-heldout,70068,19,slow_leak,,3,274.939,,291.500,1,31,255000000,1,310.000,,0,0,0,0,0,0,0
c-heldout,70068,23,slow_leak,,9,306.897,,324.500,1,37,285000000,1,343.000,,0,0,0,1,1,1,0
c-heldout,70068,24,compound,mimic,1,313.070,17,314.500,2,101,705000000,1,334.500,270.000,1,1,1,0,1,1,0
c-heldout,70068,26,slow_leak,,6,328.314,,,0,0,0,0,,,0,0,0,1,1,1,0
c-heldout,70068,31,slow_leak,,3,390.796,19,415.500,1,50,350000000,0,,310.000,1,1,1,0,1,1,0
c-heldout,70068,34,compound,mimic,8,419.786,0,427.500,1,44,320000000,1,446.000,,0,1,0,1,1,1,1
c-heldout,70068,38,compound,mimic,8,505.789,8,510.500,1,35,275000000,1,529.000,156.000,1,1,0,0,1,1,1
c-heldout,70069,0,split_brain,contradict,5,4.748,,5.000,1,32,260000000,1,23.500,,0,0,0,0,0,0,0
c-heldout,70069,1,cascade,mimic,6,18.589,,19.000,1,31,255000000,0,,,0,0,0,0,0,0,0
c-heldout,70069,7,split_brain,contradict,5,87.052,0,90.500,1,29,245000000,1,109.000,23.500,1,1,1,0,1,1,0
c-heldout,70069,9,compound,mimic,9,144.112,,146.500,1,41,305000000,1,165.000,,0,0,0,0,0,0,0
c-heldout,70069,19,compound,mimic,9,239.903,9,,0,0,0,0,,165.000,1,1,0,0,1,1,1
c-heldout,70069,29,compound,mimic,9,430.122,9,433.500,1,41,305000000,0,,165.000,1,1,0,0,1,1,1
c-heldout,70069,30,cascade,contradict,4,436.139,,436.500,1,46,330000000,1,455.000,,0,0,0,0,0,0,0
c-heldout,70069,32,cascade,contradict,9,520.368,,521.500,1,33,265000000,1,540.000,,0,0,0,1,1,1,0
c-heldout,70070,7,cascade,mimic,1,235.390,,235.500,1,39,295000000,0,,,0,0,0,0,0,0,0
c-heldout,70070,9,compound,mimic,7,272.490,,274.000,1,40,300000000,1,297.000,,0,0,0,0,0,0,0
c-heldout,70070,15,slow_leak,,5,373.525,,,0,0,0,0,,,0,0,0,0,0,0,0
c-heldout,70070,18,slow_leak,,4,433.276,,,0,0,0,0,,,0,0,0,0,0,0,0
c-heldout,70070,19,split_brain,contradict,3,439.603,,446.000,1,57,385000000,1,464.500,,0,0,0,0,0,0,0
c-heldout,70070,20,slow_leak,,6,466.836,,484.500,1,34,270000000,1,503.000,,0,0,0,0,0,0,0
c-heldout,70070,21,compound,mimic,7,477.678,9,481.000,1,42,310000000,1,499.500,297.000,1,1,1,0,1,1,0
c-heldout,70070,22,slow_leak,,1,479.604,,,0,0,0,0,,,0,0,0,0,0,0,0
c-heldout,70071,0,compound,contradict,9,9.895,,10.000,1,28,240000000,1,28.500,,0,0,0,0,0,0,0
c-heldout,70071,1,split_brain,mimic,7,50.260,,53.000,1,30,250000000,0,,,0,0,0,0,0,0,0
c-heldout,70071,4,compound,mimic,5,91.639,,92.000,1,44,320000000,1,110.500,,0,0,0,0,0,0,0
c-heldout,70071,13,compound,mimic,0,270.501,,271.000,1,61,405000000,1,289.500,,0,0,0,1,1,0,0
c-heldout,70071,14,compound,contradict,8,277.747,,278.000,1,30,250000000,1,296.500,,0,0,0,1,1,1,0
c-heldout,70071,18,slow_leak,,1,364.932,,381.500,1,47,335000000,1,400.000,,0,0,0,0,0,0,0
c-heldout,70072,0,compound,contradict,6,8.044,,8.500,1,45,325000000,1,27.000,,0,0,0,0,0,0,0
c-heldout,70072,1,slow_leak,,3,25.392,,38.000,1,49,345000000,1,56.500,,0,0,0,0,0,0,0
c-heldout,70072,2,split_brain,mimic,2,40.507,,41.000,1,30,250000000,0,,,0,0,0,0,0,0,0
c-heldout,70072,4,cascade,mimic,11,79.623,,81.500,1,33,265000000,1,100.000,,0,0,0,0,0,0,0
c-heldout,70072,10,slow_leak,,4,203.233,,,0,0,0,0,,,0,0,0,1,1,1,0
c-heldout,70072,16,cascade,contradict,5,287.330,,289.500,1,34,270000000,1,308.000,,0,0,0,0,0,0,0
c-heldout,70072,22,compound,contradict,4,449.069,,449.500,1,53,365000000,1,468.000,,0,0,0,1,1,1,0
c-heldout,70072,23,split_brain,contradict,6,454.630,,455.000,1,46,330000000,0,,,0,0,0,0,0,0,0
c-heldout,70073,5,cascade,contradict,7,59.172,,59.500,1,42,310000000,1,78.000,,0,0,0,0,0,0,0
c-heldout,70073,8,split_brain,mimic,3,86.224,,89.000,1,45,325000000,0,,,0,0,0,0,0,0,0
c-heldout,70073,15,split_brain,mimic,4,194.184,,196.500,1,44,320000000,0,,,0,0,0,0,0,0,0
c-heldout,70073,22,cascade,mimic,3,284.454,,287.000,1,54,370000000,0,,,0,0,0,0,0,0,0
c-heldout,70073,26,compound,contradict,7,326.282,,327.500,1,52,360000000,1,346.000,,0,0,0,0,0,0,0
c-heldout,70073,27,compound,mimic,5,335.434,,,0,0,0,0,,,0,0,0,0,0,0,0
c-heldout,70073,30,cascade,mimic,3,376.686,22,377.000,1,56,380000000,0,,,0,0,0,0,0,0,0
c-heldout,70073,32,compound,contradict,9,393.821,,424.000,1,31,255000000,0,,,0,0,0,1,1,0,0
c-heldout,70074,0,compound,contradict,0,6.272,,6.500,1,48,340000000,1,25.000,,0,0,0,0,0,0,0
c-heldout,70074,6,split_brain,contradict,2,102.068,,102.500,1,50,350000000,1,121.000,,0,0,0,0,0,0,0
c-heldout,70074,7,split_brain,mimic,3,128.755,,131.000,1,45,325000000,0,,,0,0,0,0,0,0,0
c-heldout,70074,18,split_brain,contradict,6,384.223,,389.000,2,78,590000000,1,407.500,,0,0,0,1,1,1,0
c-heldout,70074,19,slow_leak,,7,385.678,,404.000,1,31,255000000,0,,,0,0,0,0,0,0,0
c-heldout,70074,20,cascade,contradict,4,407.477,,414.000,1,38,290000000,1,432.500,,0,0,0,0,0,0,0
c-heldout,70074,21,compound,mimic,6,473.832,,478.500,1,39,295000000,0,,,0,0,0,0,0,0,0
c-heldout,70075,0,slow_leak,,2,16.493,,,0,0,0,0,,,0,0,0,0,0,0,0
c-heldout,70075,3,slow_leak,,1,49.893,,,0,0,0,0,,,0,0,0,0,0,0,0
c-heldout,70075,5,split_brain,mimic,3,90.892,,92.500,1,42,310000000,0,,,0,0,0,0,0,0,0
c-heldout,70075,6,split_brain,mimic,0,93.853,,98.500,1,63,415000000,1,117.000,,0,0,0,0,0,0,0
c-heldout,70075,8,slow_leak,,2,169.111,0,186.500,1,44,320000000,1,205.000,,0,0,0,0,0,0,0
c-heldout,70075,13,split_brain,contradict,3,244.157,,246.500,1,37,285000000,1,265.000,,0,0,0,0,0,0,0
c-heldout,70075,15,slow_leak,,2,283.307,,298.500,1,37,285000000,1,317.000,,0,1,0,1,1,1,0
c-heldout,70075,21,slow_leak,,5,413.706,,430.000,1,40,300000000,1,448.500,,0,0,0,1,1,1,0
c-heldout,70075,22,compound,mimic,3,414.619,,421.500,1,42,310000000,1,440.000,,0,0,0,0,0,0,0
c-heldout,70075,23,slow_leak,,2,417.017,8,431.500,1,46,330000000,1,450.000,205.000,1,1,1,0,1,1,0
c-heldout,70075,26,slow_leak,,6,440.940,,458.000,1,31,255000000,1,476.500,,0,0,0,1,1,1,0
c-heldout,70075,28,cascade,contradict,4,513.986,,518.500,1,40,300000000,0,,,0,0,0,0,0,0,0
c-heldout,70075,29,slow_leak,,6,536.475,,552.000,1,33,265000000,1,570.500,,0,1,0,1,1,1,0
c-heldout,70076,4,cascade,mimic,1,100.139,,100.500,1,44,320000000,0,,,0,0,0,0,0,0,0
c-heldout,70076,6,slow_leak,,4,138.095,,,0,0,0,0,,,0,0,0,0,0,0,0
c-heldout,70076,12,compound,contradict,5,181.978,,182.000,1,30,250000000,1,200.500,,0,0,0,0,0,0,0
c-heldout,70076,13,compound,mimic,3,194.906,,196.500,1,44,320000000,0,,,0,0,0,0,0,0,0
c-heldout,70076,17,cascade,mimic,1,268.530,4,269.000,1,41,305000000,0,,,0,0,0,0,0,0,1
c-heldout,70076,19,slow_leak,,3,420.584,,,0,0,0,0,,,0,0,0,0,0,0,0
c-heldout,70076,22,split_brain,contradict,6,509.975,,515.000,1,45,325000000,0,,,0,0,0,0,0,0,0
c-heldout,70076,24,compound,contradict,5,528.586,12,530.500,1,30,250000000,1,549.000,200.500,1,1,0,0,1,1,1
c-heldout,70077,0,compound,contradict,0,22.724,,23.000,1,48,340000000,1,41.500,,0,0,0,0,0,0,0
c-heldout,70077,3,compound,mimic,2,92.845,,93.000,1,59,395000000,1,111.500,,0,0,0,0,0,0,0
c-heldout,70077,4,split_brain,contradict,7,93.039,,94.000,0,0,0,0,,,0,0,0,0,0,0,0
c-heldout,70077,9,slow_leak,,4,192.368,,,0,0,0,0,,,0,0,0,0,0,0,0
c-heldout,70077,12,cascade,contradict,9,267.542,,270.500,1,32,260000000,1,289.000,,0,0,0,0,0,0,0
c-heldout,70077,14,cascade,mimic,7,294.481,,297.000,1,42,310000000,1,315.500,,0,0,0,0,0,0,0
c-heldout,70077,17,slow_leak,,3,337.161,,351.000,1,42,310000000,1,369.500,,0,0,0,0,0,0,0
c-heldout,70077,19,split_brain,contradict,9,393.875,,397.500,1,31,255000000,1,416.000,,0,0,0,0,0,0,0
c-heldout,70078,2,slow_leak,,0,20.473,,,0,0,0,0,,,0,0,0,0,0,0,0
c-heldout,70078,5,slow_leak,,3,104.209,,,0,0,0,0,,,0,0,0,0,0,0,0
c-heldout,70078,7,compound,mimic,6,128.839,,133.500,1,43,315000000,1,152.000,,0,0,0,0,0,0,0
c-heldout,70078,8,split_brain,contradict,0,143.024,,146.500,1,57,385000000,1,167.500,,0,0,0,0,0,0,0
c-heldout,70078,12,slow_leak,,3,261.815,5,,0,0,0,0,,,0,0,0,0,0,0,0
c-heldout,70078,13,split_brain,contradict,0,263.297,8,263.500,1,56,380000000,1,282.000,167.500,1,1,1,0,1,1,0
c-heldout,70078,15,compound,mimic,6,283.138,7,289.500,1,47,335000000,1,308.000,152.000,1,1,0,0,1,1,1
c-heldout,70078,20,cascade,mimic,5,383.441,,383.500,1,38,290000000,0,,,0,0,0,0,0,0,0
c-heldout,70078,21,split_brain,contradict,1,410.379,,412.500,1,31,255000000,0,,,0,0,0,1,1,1,0
c-heldout,70078,26,cascade,contradict,1,519.329,,519.500,1,41,305000000,1,540.000,,0,0,0,0,0,0,0
c-heldout,70078,27,split_brain,contradict,0,525.326,13,529.000,1,54,370000000,1,547.500,282.000,1,1,1,0,1,1,0
c-heldout,70079,0,compound,contradict,1,10.135,,10.500,1,28,240000000,0,,,0,0,0,0,0,0,0
c-heldout,70079,7,slow_leak,,5,80.990,,97.500,1,31,255000000,1,116.000,,0,0,0,0,0,0,0
c-heldout,70079,9,slow_leak,,7,103.687,,116.500,1,43,315000000,1,135.000,,0,0,0,1,1,1,0
c-heldout,70079,10,cascade,contradict,2,109.586,,112.500,1,33,265000000,1,131.000,,0,0,0,0,0,0,0
c-heldout,70079,12,compound,contradict,1,133.634,0,134.000,1,73,465000000,1,152.500,,0,0,0,0,0,0,0
c-heldout,70079,14,split_brain,contradict,6,179.738,,203.500,1,68,440000000,1,222.000,,0,0,0,0,0,0,0
c-heldout,70079,17,cascade,contradict,3,273.492,,274.000,1,38,290000000,0,,,0,0,0,1,1,1,0
c-heldout,70079,18,split_brain,contradict,6,313.140,14,318.500,1,41,305000000,0,,222.000,1,1,1,0,1,1,0
c-heldout,70079,25,compound,contradict,1,468.800,0,469.000,2,89,645000000,1,487.500,,0,1,0,1,1,1,1
c-heldout,70080,3,split_brain,mimic,5,86.798,,91.000,1,33,265000000,0,,,0,0,0,0,0,0,0
c-heldout,70080,4,slow_leak,,2,100.935,,,0,0,0,0,,,0,0,0,0,0,0,0
c-heldout,70080,7,split_brain,mimic,1,205.213,,207.500,1,42,310000000,0,,,0,0,0,0,0,0,0
c-heldout,70080,11,slow_leak,,6,382.092,,,0,0,0,0,,,0,0,0,0,0,0,0
c-heldout,70081,2,compound,contradict,7,27.357,,27.500,1,37,285000000,1,46.000,,0,0,0,0,0,0,0
c-heldout,70081,4,slow_leak,,11,59.348,,78.000,0,0,0,0,,,0,0,0,0,0,0,0
c-heldout,70081,8,slow_leak,,10,196.584,,212.000,1,36,280000000,0,,,0,0,0,0,0,0,0
c-heldout,70081,10,compound,contradict,7,205.854,2,206.000,1,39,295000000,1,224.500,46.000,1,1,1,0,1,1,0
c-heldout,70081,12,compound,mimic,11,223.905,,225.000,1,35,275000000,1,243.500,,0,0,0,0,0,0,0
c-heldout,70081,16,split_brain,contradict,2,279.274,,,0,0,0,0,,,0,0,0,0,0,0,0
c-heldout,70081,18,split_brain,contradict,10,348.697,,351.500,1,25,225000000,1,370.000,,0,0,0,0,0,0,0
c-heldout,70081,21,cascade,contradict,7,465.033,,465.500,1,42,310000000,0,,,0,0,0,0,0,0,0
c-heldout,70081,22,slow_leak,,0,481.324,,,0,0,0,0,,,0,0,0,0,0,0,0
c-heldout,70081,23,compound,mimic,11,482.704,12,483.000,1,24,220000000,1,501.500,243.500,1,1,1,0,1,1,0
c-heldout,70081,26,slow_leak,,10,521.087,8,537.500,1,24,220000000,0,,,0,0,0,0,0,0,0
c-heldout,70081,27,compound,contradict,5,523.129,,523.500,1,40,300000000,1,542.000,,0,0,0,1,1,0,0
c-heldout,70082,6,split_brain,mimic,1,258.209,,261.000,1,28,240000000,0,,,0,0,0,0,0,0,0
c-heldout,70082,12,cascade,contradict,1,475.435,,478.500,1,30,250000000,1,498.500,,0,0,0,0,0,0,0
c-heldout,70082,14,cascade,contradict,1,539.706,,540.000,1,37,285000000,1,558.500,,0,0,0,1,1,0,0
c-heldout,70083,1,compound,mimic,7,36.669,,37.000,1,32,260000000,1,55.500,,0,0,0,0,0,0,0
c-heldout,70083,3,compound,contradict,0,56.625,,57.000,1,60,400000000,1,75.500,,0,0,0,0,0,0,0
c-heldout,70083,8,compound,contradict,4,108.457,,108.500,1,53,365000000,1,127.000,,0,0,0,1,1,0,0
c-heldout,70083,14,split_brain,contradict,4,234.124,,235.000,1,53,365000000,1,258.500,,0,0,0,0,0,0,0
c-heldout,70083,19,compound,mimic,6,368.483,,370.000,1,38,290000000,1,388.500,,0,0,0,1,1,1,0
c-heldout,70083,21,split_brain,mimic,4,442.524,,443.000,1,41,305000000,0,,,0,0,0,0,0,0,0
c-heldout,70084,2,slow_leak,,0,31.796,,44.000,1,43,315000000,1,62.500,,0,0,0,0,0,0,0
c-heldout,70084,3,split_brain,mimic,7,34.665,,35.500,2,64,520000000,1,65.500,,0,0,0,0,0,0,0
c-heldout,70084,14,compound,contradict,7,275.819,,277.500,1,35,275000000,0,,,0,0,0,0,0,0,0
c-heldout,70084,19,split_brain,contradict,1,378.447,,379.500,1,39,295000000,0,,,0,0,0,0,0,0,0
c-heldout,70085,0,compound,mimic,8,19.826,,20.500,1,32,260000000,1,39.000,,0,0,0,0,0,0,0
c-heldout,70085,1,compound,mimic,5,30.335,,31.500,1,46,330000000,1,50.000,,0,0,0,0,0,0,0
c-heldout,70085,16,slow_leak,,9,362.201,,375.500,1,28,240000000,1,394.000,,0,0,0,0,0,0,0
c-heldout,70085,17,compound,mimic,7,391.153,,393.500,1,28,240000000,1,412.000,,0,0,0,1,1,0,0
c-heldout,70085,18,slow_leak,,0,395.289,,416.000,1,35,275000000,0,,,0,0,0,1,1,1,0
c-heldout,70085,20,slow_leak,,3,437.102,,,0,0,0,0,,,0,0,0,1,1,1,0
c-heldout,70085,25,slow_leak,,2,488.473,,504.000,1,49,345000000,0,,,0,0,0,1,1,1,0
c-heldout,70086,0,split_brain,mimic,8,36.037,,36.500,1,28,240000000,0,,,0,0,0,0,0,0,0
c-heldout,70086,2,slow_leak,,7,134.781,,,0,0,0,0,,,0,0,0,0,0,0,0
c-heldout,70086,7,slow_leak,,7,215.855,2,,0,0,0,0,,,0,0,0,0,0,0,0
c-heldout,70086,9,cascade,contradict,5,224.226,,227.000,1,32,260000000,1,245.500,,0,0,0,0,0,0,0
c-heldout,70086,12,split_brain,contradict,8,260.432,,264.500,1,37,285000000,1,283.000,,0,0,0,0,0,0,0
c-heldout,70086,14,cascade,contradict,6,296.099,,296.500,1,45,325000000,1,315.000,,0,0,0,1,1,1,0
c-heldout,70086,15,cascade,contradict,5,299.850,9,301.000,1,32,260000000,0,,245.500,1,1,1,0,1,1,0
c-heldout,70086,16,compound,mimic,7,320.705,,322.000,1,36,280000000,0,,,0,0,0,0,0,0,0
c-heldout,70087,2,cascade,contradict,1,67.379,,67.500,1,44,320000000,0,,,0,0,0,0,0,0,0
c-heldout,70087,3,cascade,mimic,5,71.367,,71.500,1,32,260000000,1,90.000,,0,0,0,0,0,0,0
c-heldout,70087,4,slow_leak,,3,97.347,,,0,0,0,0,,,0,0,0,0,0,0,0
c-heldout,70087,7,slow_leak,,3,201.218,4,222.000,1,37,285000000,0,,,0,0,0,0,0,0,0
c-heldout,70087,14,slow_leak,,7,282.974,,,0,0,0,0,,,0,0,0,0,0,0,0
c-heldout,70087,16,slow_leak,,5,373.862,,389.000,1,40,300000000,1,407.500,,0,0,0,0,0,0,0
c-heldout,70087,18,slow_leak,,3,426.513,4,441.000,1,31,255000000,1,459.500,,0,0,0,1,1,1,0
c-heldout,70087,22,slow_leak,,7,462.611,14,,0,0,0,0,,,0,0,0,1,1,1,0
c-heldout,70087,24,compound,contradict,5,492.389,,492.500,1,39,295000000,1,511.000,,0,0,0,0,0,0,0
c-heldout,70088,1,compound,mimic,11,158.532,,159.000,1,33,265000000,1,177.500,,0,0,0,0,0,0,0
c-heldout,70088,3,split_brain,contradict,0,241.583,,242.000,1,43,315000000,0,,,0,0,0,0,0,0,0
c-heldout,70088,9,slow_leak,,1,461.013,,476.000,1,51,355000000,1,494.500,,0,0,0,0,0,0,0
c-heldout,70088,12,split_brain,mimic,2,501.629,,503.000,1,49,345000000,0,,,0,0,0,0,0,0,0
c-heldout,70089,1,slow_leak,,6,62.144,,,0,0,0,0,,,0,0,0,0,0,0,0
c-heldout,70089,2,compound,mimic,0,135.715,,136.000,0,0,0,0,,,0,0,0,0,0,0,0
c-heldout,70089,3,compound,mimic,3,150.014,,152.000,1,47,335000000,1,170.500,,0,0,0,0,0,0,0
c-heldout,70089,7,split_brain,contradict,4,213.077,,213.500,1,42,310000000,0,,,0,0,0,0,0,0,0
c-heldout,70089,8,compound,mimic,3,232.031,3,234.500,1,47,335000000,1,253.000,170.500,1,1,1,0,1,1,0
c-heldout,70089,16,compound,mimic,3,313.652,8,317.500,1,69,445000000,1,336.000,253.000,1,1,1,0,1,1,0
c-heldout,70089,17,compound,mimic,0,341.305,,345.000,1,63,415000000,1,363.500,,0,0,0,1,1,0,0
c-heldout,70089,19,compound,contradict,6,377.002,,383.000,1,42,310000000,1,401.500,,0,0,0,0,0,0,0
c-heldout,70089,20,slow_leak,,2,382.841,,,0,0,0,0,,,0,0,0,0,0,0,0
c-heldout,70089,21,split_brain,contradict,1,443.203,,443.500,1,40,300000000,1,462.000,,0,0,0,0,0,0,0
c-heldout,70089,22,slow_leak,,5,496.960,,512.000,1,40,300000000,1,530.500,,0,0,0,0,0,0,0
c-heldout,70090,5,compound,mimic,3,130.011,,130.500,1,44,320000000,1,149.000,,0,0,0,0,0,0,0
c-heldout,70090,10,compound,mimic,1,219.615,,220.000,1,49,345000000,1,238.500,,0,0,0,1,1,0,0
c-heldout,70090,16,slow_leak,,3,316.789,,331.000,1,33,265000000,1,349.500,,0,0,0,0,0,0,0
c-heldout,70090,17,split_brain,contradict,4,339.161,,341.500,1,33,265000000,1,360.000,,0,0,0,0,0,0,0
c-heldout,70090,18,split_brain,mimic,0,361.616,,366.000,1,52,360000000,0,,,0,0,0,0,0,0,0
c-heldout,70090,31,split_brain,contradict,11,521.878,,523.000,1,26,230000000,1,541.500,,0,0,0,1,1,1,0
c-heldout,70091,1,slow_leak,,0,116.374,,128.500,1,51,355000000,1,147.000,,0,0,0,0,0,0,0
c-heldout,70091,3,cascade,mimic,6,120.151,,123.500,1,44,320000000,0,,,0,0,0,0,0,0,0
c-heldout,70091,6,cascade,contradict,5,184.257,,184.500,1,35,275000000,0,,,0,0,0,0,0,0,0
c-heldout,70091,8,slow_leak,,7,231.472,,,0,0,0,0,,,0,0,0,1,1,1,0
c-heldout,70091,12,slow_leak,,1,301.063,,318.000,1,50,350000000,1,336.500,,0,0,0,1,1,1,0
c-heldout,70091,14,split_brain,contradict,2,310.564,,311.500,1,38,290000000,0,,,0,0,0,0,0,0,0
c-heldout,70091,15,compound,mimic,7,358.512,,365.000,1,39,295000000,1,383.500,,0,0,0,0,0,0,0
c-heldout,70091,18,compound,mimic,1,427.034,,427.500,1,55,375000000,1,446.000,,0,0,0,1,1,0,0
c-heldout,70091,21,compound,mimic,7,500.418,15,508.000,1,43,315000000,1,526.500,383.500,1,1,1,0,1,1,0
c-heldout,70091,23,split_brain,contradict,2,530.555,14,532.000,1,40,300000000,1,550.500,,0,0,0,0,0,0,0
c-heldout,70092,2,compound,contradict,3,56.995,,57.000,1,43,315000000,1,75.500,,0,0,0,0,0,0,0
c-heldout,70092,5,compound,contradict,1,103.756,,104.000,1,68,440000000,0,,,0,0,0,1,1,1,0
c-heldout,70092,10,compound,contradict,3,235.709,2,236.000,1,41,305000000,1,254.500,75.500,1,1,0,0,1,1,1
c-heldout,70092,11,slow_leak,,10,248.097,,262.000,1,31,255000000,0,,,0,0,0,0,0,0,0
c-heldout,70092,20,compound,contradict,3,404.131,,404.500,1,49,345000000,1,423.000,,0,1,0,1,1,1,0
c-heldout,70092,21,slow_leak,,7,440.461,,,0,0,0,0,,,0,0,0,0,0,0,0
c-heldout,70092,23,cascade,mimic,9,481.003,,481.500,1,33,265000000,0,,,0,0,0,0,0,0,0
c-heldout,70092,26,split_brain,contradict,10,512.360,,514.000,1,42,310000000,1,537.000,,0,0,0,0,0,0,0
c-heldout,70092,27,slow_leak,,7,531.928,21,,0,0,0,0,,,0,0,0,0,0,0,0
c-heldout,70093,0,compound,contradict,4,55.188,,55.500,1,39,295000000,1,74.000,,0,0,0,0,0,0,0
c-heldout,70093,1,split_brain,mimic,3,61.069,,61.500,1,37,285000000,0,,,0,0,0,0,0,0,0
c-heldout,70093,5,split_brain,mimic,7,191.468,,194.500,1,26,230000000,0,,,0,0,0,0,0,0,0
c-heldout,70093,10,cascade,mimic,1,277.725,,278.000,1,41,305000000,0,,,0,0,0,0,0,0,0
c-heldout,70093,11,split_brain,mimic,6,358.817,,359.000,1,29,245000000,0,,,0,0,0,0,0,0,0
c-heldout,70093,12,cascade,mimic,1,361.657,10,362.000,2,74,570000000,0,,,0,0,0,0,0,0,0
c-heldout,70093,14,cascade,contradict,7,423.290,,425.000,1,36,280000000,1,443.500,,0,0,0,0,0,0,0
c-heldout,70093,15,split_brain,mimic,3,425.353,1,428.000,1,39,295000000,0,,,0,0,0,0,0,0,0
c-heldout,70093,19,slow_leak,,0,525.710,,,0,0,0,0,,,0,0,0,0,0,0,0
c-heldout,70095,2,slow_leak,,7,28.173,,,0,0,0,0,,,0,0,0,0,0,0,0
c-heldout,70095,9,compound,contradict,7,163.870,,165.000,1,35,275000000,1,183.500,,0,0,0,0,0,0,0
c-heldout,70095,11,compound,contradict,3,189.377,,189.500,1,51,355000000,1,208.000,,0,0,0,1,1,0,0
c-heldout,70095,13,slow_leak,,1,242.844,,,0,0,0,0,,,0,0,0,0,0,0,0
c-heldout,70095,21,slow_leak,,1,420.686,13,,0,0,0,0,,,0,0,0,0,0,0,0
c-heldout,70095,28,split_brain,mimic,2,524.128,,527.000,1,41,305000000,0,,,0,0,0,0,0,0,0
c-heldout,70096,2,cascade,mimic,1,29.672,,31.000,1,31,255000000,0,,,0,0,0,0,0,0,0
c-heldout,70096,9,cascade,contradict,1,236.092,,238.500,1,34,270000000,1,257.000,,0,0,0,0,0,0,0
c-heldout,70096,17,slow_leak,,6,322.386,,,0,0,0,0,,,0,0,0,0,0,0,0
c-heldout,70096,19,split_brain,contradict,7,350.723,,354.000,1,41,305000000,0,,,0,0,0,0,0,0,0
c-heldout,70096,24,compound,mimic,0,527.495,,528.000,1,57,385000000,1,546.500,,0,0,0,0,0,0,0
c-heldout,70097,2,split_brain,contradict,9,52.279,,54.500,1,31,255000000,0,,,0,0,0,0,0,0,0
c-heldout,70097,5,slow_leak,,3,81.878,,100.000,1,42,310000000,0,,,0,0,0,0,0,0,0
c-heldout,70097,8,cascade,contradict,8,110.929,,114.000,1,28,240000000,0,,,0,0,0,0,0,0,0
c-heldout,70097,12,compound,contradict,7,179.147,,180.500,1,35,275000000,1,199.000,,0,0,0,0,0,0,0
c-heldout,70097,13,split_brain,mimic,8,181.288,,185.500,1,32,260000000,0,,,0,0,0,0,0,0,0
c-heldout,70097,14,compound,mimic,1,242.803,,243.000,1,45,325000000,1,261.500,,0,0,0,0,0,0,0
c-heldout,70097,23,slow_leak,,9,402.865,,414.000,1,38,290000000,1,432.500,,0,0,0,0,0,0,0
c-heldout,70097,28,split_brain,contradict,9,455.525,,462.500,1,37,285000000,0,,,0,0,0,0,0,0,0
c-heldout,70097,31,slow_leak,,5,491.249,,,0,0,0,0,,,0,0,0,1,1,1,0
c-heldout,70097,32,compound,mimic,1,498.068,14,498.500,1,59,395000000,0,,261.500,1,1,1,0,1,1,0
c-heldout,70098,1,split_brain,mimic,6,55.704,,56.000,1,36,280000000,1,74.500,,0,0,0,0,0,0,0
c-heldout,70098,3,compound,mimic,8,127.610,,129.000,1,37,285000000,1,147.500,,0,0,0,0,0,0,0
c-heldout,70098,9,slow_leak,,9,217.310,,,0,0,0,0,,,0,0,0,0,0,0,0
c-heldout,70098,13,split_brain,mimic,6,288.917,1,289.000,1,31,255000000,0,,74.500,1,1,1,0,1,1,0
c-heldout,70098,16,compound,mimic,9,334.368,,339.000,1,36,280000000,0,,,0,0,0,1,1,0,0
c-heldout,70098,17,split_brain,mimic,6,410.420,13,415.500,1,39,295000000,0,,,0,1,0,1,1,1,0
c-heldout,70098,23,compound,mimic,8,485.097,3,489.500,1,41,305000000,1,508.000,147.500,1,1,1,0,1,1,0
c-heldout,70099,2,compound,mimic,0,71.859,,73.500,1,49,345000000,1,92.000,,0,0,0,0,0,0,0
c-heldout,70099,3,cascade,contradict,4,77.288,,82.000,1,39,295000000,0,,,0,0,0,0,0,0,0
c-heldout,70099,5,slow_leak,,1,101.207,,,0,0,0,0,,,0,0,0,0,0,0,0
c-heldout,70099,6,split_brain,contradict,1,239.199,,242.500,1,44,320000000,1,261.000,,0,0,0,0,0,0,0
c-heldout,70099,12,slow_leak,,6,279.300,,295.500,1,32,260000000,1,314.000,,0,0,0,0,0,0,0
c-heldout,70099,14,split_brain,mimic,0,398.920,,399.000,1,45,325000000,0,,,0,0,0,0,0,0,0
c-heldout,70099,15,slow_leak,,2,418.045,,,0,0,0,0,,,0,0,0,1,1,1,0
c-heldout,70099,16,split_brain,mimic,3,440.578,,443.000,1,40,300000000,0,,,0,0,0,0,0,0,0
c-heldout,70099,18,slow_leak,,1,488.791,5,,0,0,0,0,,,0,0,0,1,1,1,0
c-heldout,70100,2,slow_leak,,8,28.409,,,0,0,0,0,,,0,0,0,0,0,0,0
c-heldout,70100,3,slow_leak,,4,47.676,,63.500,1,45,325000000,1,82.000,,0,0,0,0,0,0,0
c-heldout,70100,7,slow_leak,,4,108.740,,,0,0,0,0,,,0,1,0,1,1,1,0
c-heldout,70100,8,slow_leak,,8,113.505,2,129.500,1,41,305000000,0,,,0,0,0,1,1,1,0
c-heldout,70100,9,cascade,mimic,2,123.923,,124.000,2,87,635000000,1,142.500,,0,0,0,0,0,0,0
c-heldout,70100,16,slow_leak,,4,338.066,3,,0,0,0,0,,82.000,1,1,1,0,1,1,0
c-heldout,70100,23,cascade,contradict,4,457.507,,458.000,1,46,330000000,0,,,0,0,0,0,0,0,0
c-heldout,70100,24,slow_leak,,7,465.812,,479.000,1,32,260000000,0,,,0,0,0,1,1,1,0
c-heldout,70100,25,split_brain,mimic,8,471.287,,476.000,1,34,270000000,0,,,0,0,0,0,0,0,0
c-heldout,70100,27,slow_leak,,2,501.929,,520.000,1,40,300000000,1,538.500,,0,0,0,1,1,1,0
c-heldout,70100,30,slow_leak,,5,537.226,,,0,0,0,0,,,0,0,0,1,1,1,0
c-heldout,70101,8,slow_leak,,6,221.583,,,0,0,0,0,,,0,0,0,0,0,0,0
c-heldout,70101,11,cascade,mimic,2,299.842,,300.000,1,55,375000000,0,,,0,0,0,0,0,0,0
c-heldout,70101,12,slow_leak,,7,300.063,,318.000,1,45,325000000,1,336.500,,0,0,0,0,0,0,0
c-heldout,70101,13,split_brain,contradict,0,314.318,,317.500,1,60,400000000,0,,,0,0,0,0,0,0,0
c-heldout,70101,14,cascade,mimic,4,324.889,,325.000,1,38,290000000,1,343.500,,0,0,0,0,0,0,0
c-heldout,70101,17,slow_leak,,4,395.502,,,0,0,0,0,,,0,0,0,1,1,1,0
c-heldout,70102,0,cascade,mimic,2,58.642,,59.000,1,48,340000000,1,77.500,,0,0,0,0,0,0,0
c-heldout,70102,7,slow_leak,,0,126.369,,,0,0,0,0,,,0,0,0,0,0,0,0
c-heldout,70102,8,slow_leak,,3,132.819,,147.500,1,39,295000000,0,,,0,0,0,0,0,0,0
c-heldout,70102,9,cascade,mimic,6,228.671,,231.000,1,43,315000000,1,249.500,,0,0,0,1,1,1,0
c-heldout,70102,10,cascade,contradict,2,251.660,,252.000,1,41,305000000,0,,,0,0,0,0,0,0,0
c-heldout,70102,20,compound,mimic,4,480.187,,480.500,2,69,545000000,1,499.000,,0,0,0,0,0,0,0
c-heldout,70102,22,slow_leak,,6,492.723,,,0,0,0,0,,,0,0,0,0,0,0,0
c-heldout,70102,25,slow_leak,,7,502.368,,,0,0,0,0,,,0,0,0,0,0,0,0
c-heldout,70102,27,slow_leak,,1,528.474,,545.000,1,35,275000000,0,,,0,0,0,0,0,0,0
c-heldout,70103,1,split_brain,contradict,2,23.231,,23.500,1,41,305000000,1,42.000,,0,0,0,0,0,0,0
c-heldout,70103,3,slow_leak,,0,42.086,,,0,0,0,0,,,0,0,0,0,0,0,0
c-heldout,70103,10,compound,mimic,1,125.963,,129.500,1,48,340000000,1,148.000,,0,0,0,0,0,0,0
c-heldout,70103,12,slow_leak,,4,161.820,,,0,0,0,0,,,0,0,0,0,0,0,0
c-heldout,70103,16,compound,mimic,1,246.043,10,251.500,1,36,280000000,1,270.000,148.000,1,1,0,0,1,1,1
c-heldout,70103,17,split_brain,mimic,5,256.569,,258.000,1,30,250000000,0,,,0,0,0,0,0,0,0
c-heldout,70103,18,compound,contradict,7,263.115,,266.500,1,31,255000000,1,285.000,,0,0,0,0,0,0,0
c-heldout,70103,19,compound,mimic,6,270.250,,278.000,1,32,260000000,1,296.500,,0,0,0,1,1,0,0
c-heldout,70103,25,compound,mimic,1,369.155,10,376.500,1,46,330000000,1,395.000,148.000,1,1,0,0,1,1,1
c-heldout,70104,1,cascade,mimic,6,39.036,,39.500,1,41,305000000,0,,,0,0,0,0,0,0,0
c-heldout,70104,3,split_brain,mimic,4,53.875,,54.000,1,27,235000000,0,,,0,0,0,0,0,0,0
c-heldout,70104,6,compound,mimic,3,106.205,,108.000,1,46,330000000,1,126.500,,0,0,0,0,0,0,0
c-heldout,70104,7,slow_leak,,2,154.995,,,0,0,0,0,,,0,0,0,0,0,0,0
c-heldout,70104,8,cascade,mimic,5,177.411,,179.000,1,36,280000000,0,,,0,0,0,0,0,0,0
c-heldout,70104,11,cascade,contradict,6,263.340,,263.500,1,43,315000000,0,,,0,0,0,0,0,0,0
c-heldout,70104,12,compound,mimic,1,278.649,,279.000,1,48,340000000,1,297.500,,0,0,0,1,1,0,0
c-heldout,70104,18,cascade,mimic,6,389.995,,390.500,1,37,285000000,0,,,0,0,0,0,0,0,0
c-heldout,70104,23,split_brain,mimic,6,492.397,,494.500,1,45,325000000,0,,,0,0,0,0,0,0,0
c-heldout,70104,25,compound,contradict,4,526.766,,527.000,1,39,295000000,1,545.500,,0,0,0,0,0,0,0
c-heldout,70105,0,cascade,mimic,5,62.247,,62.500,1,30,250000000,0,,,0,0,0,0,0,0,0
c-heldout,70105,1,split_brain,mimic,7,74.373,,74.500,1,30,250000000,0,,,0,0,0,0,0,0,0
c-heldout,70105,3,slow_leak,,6,105.942,,,0,0,0,0,,,0,0,0,0,0,0,0
c-heldout,70105,4,slow_leak,,1,152.377,,166.000,1,49,345000000,1,184.500,,0,0,0,0,0,0,0
c-heldout,70105,7,cascade,mimic,5,227.067,0,231.000,1,33,265000000,0,,,0,0,0,0,0,0,0
c-heldout,70105,9,cascade,contradict,6,267.613,,268.000,1,28,240000000,0,,,0,0,0,0,0,0,0
c-heldout,70105,10,slow_leak,,1,299.489,4,,0,0,0,0,,184.500,1,1,1,0,1,1,0
c-heldout,70105,13,slow_leak,,2,374.791,,389.500,1,30,250000000,0,,,0,0,0,1,1,1,0
c-heldout,70105,15,slow_leak,,1,396.089,4,,0,0,0,0,,184.500,1,1,1,0,1,1,0
c-heldout,70105,20,split_brain,mimic,1,467.851,,469.500,1,51,355000000,1,488.000,,0,0,0,0,0,0,0
c-heldout,70106,2,split_brain,contradict,5,107.179,,107.500,1,29,245000000,0,,,0,0,0,0,0,0,0
c-heldout,70106,8,split_brain,contradict,5,308.501,2,313.000,1,34,270000000,0,,,0,0,0,0,0,0,0
c-heldout,70106,13,split_brain,contradict,3,364.655,,365.000,1,47,335000000,1,383.500,,0,0,0,0,0,0,0
c-heldout,70106,15,split_brain,contradict,5,416.278,8,418.000,1,33,265000000,0,,,0,0,0,1,1,1,0
c-heldout,70106,20,slow_leak,,1,480.026,,,0,0,0,0,,,0,0,0,0,0,0,0
c-heldout,70107,1,split_brain,contradict,7,5.671,,11.500,1,39,295000000,1,30.000,,0,0,0,0,0,0,0
c-heldout,70107,4,split_brain,contradict,7,167.843,1,171.000,1,36,280000000,1,189.500,30.000,1,1,1,0,1,1,0
c-heldout,70107,7,compound,contradict,0,188.656,,189.000,1,70,450000000,1,207.500,,0,0,0,0,0,0,0
c-heldout,70107,10,cascade,contradict,2,228.927,,233.500,1,41,305000000,0,,,0,0,0,0,0,0,0
c-heldout,70107,15,compound,contradict,4,377.752,,378.000,1,37,285000000,1,396.500,,0,0,0,1,1,1,0
c-heldout,70107,25,slow_leak,,6,501.037,,521.000,1,39,295000000,1,539.500,,0,0,0,0,0,0,0
c-heldout,70108,3,split_brain,mimic,6,22.630,,24.000,1,41,305000000,1,42.500,,0,0,0,0,0,0,0
c-heldout,70108,4,compound,contradict,2,36.355,,36.500,1,49,345000000,1,55.000,,0,0,0,0,0,0,0
c-heldout,70108,10,split_brain,mimic,6,137.083,3,144.000,1,34,270000000,1,162.500,42.500,1,1,1,0,1,1,0
c-heldout,70108,11,compound,mimic,3,182.056,,186.500,1,59,395000000,1,205.000,,0,0,0,0,0,0,0
c-heldout,70108,15,compound,contradict,1,384.411,,384.500,1,57,385000000,1,403.000,,0,0,0,1,1,0,0
c-heldout,70108,16,compound,mimic,7,407.488,,413.000,1,39,295000000,1,431.500,,0,0,0,1,1,0,0
c-heldout,70108,18,slow_leak,,6,523.086,,,0,0,0,0,,,0,0,0,0,0,0,0
c-heldout,70109,1,cascade,contradict,7,35.450,,37.000,1,32,260000000,0,,,0,0,0,0,0,0,0
c-heldout,70109,2,slow_leak,,0,52.902,,65.500,1,41,305000000,1,84.000,,0,0,0,0,0,0,0
c-heldout,70109,3,compound,contradict,3,54.293,,54.500,1,42,310000000,1,73.000,,0,0,0,0,0,0,0
c-heldout,70109,13,compound,contradict,7,308.063,,312.000,1,34,270000000,0,,,0,0,0,1,1,0,0
c-heldout,70109,15,split_brain,mimic,10,325.931,,,0,0,0,0,,,0,0,0,0,0,0,0
c-heldout,70109,18,slow_leak,,0,334.367,,,0,0,0,0,,,0,1,0,1,1,1,0
c-heldout,70109,19,compound,contradict,4,345.495,,346.000,1,58,390000000,1,364.500,,0,0,0,1,1,0,0
c-heldout,70109,20,compound,contradict,3,386.070,3,386.500,1,42,310000000,1,405.000,73.000,1,1,1,0,1,1,0
c-heldout,70109,23,slow_leak,,8,446.984,,,0,0,0,0,,,0,0,0,1,1,1,0
c-heldout,70109,25,compound,contradict,4,475.232,19,475.500,2,94,670000000,1,494.000,364.500,1,1,0,0,1,1,1
c-heldout,70109,27,slow_leak,,0,494.951,,508.000,1,53,365000000,1,526.500,,0,1,0,1,1,1,0
c-heldout,70109,29,slow_leak,,6,521.419,,539.000,1,34,270000000,1,557.500,,0,0,0,1,1,1,0
c-heldout,70110,2,compound,contradict,7,18.322,,18.500,1,42,310000000,1,37.000,,0,0,0,0,0,0,0
c-heldout,70110,17,split_brain,contradict,5,239.273,,239.500,1,28,240000000,1,260.500,,0,0,0,0,0,0,0
c-heldout,70110,23,cascade,mimic,6,343.859,,344.000,1,39,295000000,0,,,0,0,0,0,0,0,0
c-heldout,70110,26,slow_leak,,5,445.374,,,0,0,0,0,,,0,0,0,0,0,0,0
c-heldout,70110,28,slow_leak,,8,464.657,,,0,0,0,0,,,0,0,0,0,0,0,0
c-heldout,70110,29,compound,mimic,9,481.148,,487.500,1,35,275000000,1,506.000,,0,0,0,0,0,0,0
c-heldout,70111,0,slow_leak,,1,1.791,,16.500,1,39,295000000,0,,,0,0,0,0,0,0,0
c-heldout,70111,2,compound,mimic,3,16.955,,17.000,1,32,260000000,0,,,0,0,0,0,0,0,0
c-heldout,70111,6,slow_leak,,1,55.919,0,,0,0,0,0,,,0,0,0,0,0,0,0
c-heldout,70111,10,slow_leak,,1,127.774,6,145.000,1,40,300000000,0,,,0,0,0,0,0,0,0
c-heldout,70111,13,compound,contradict,0,170.073,,170.500,1,57,385000000,1,189.000,,0,0,0,0,0,0,0
c-heldout,70111,15,compound,contradict,4,205.420,,205.500,1,33,265000000,1,224.000,,0,0,0,1,1,0,0
c-heldout,70111,16,slow_leak,,8,212.552,,,0,0,0,0,,,0,0,0,0,0,0,0
c-heldout,70111,22,compound,contradict,4,369.503,15,370.000,1,37,285000000,1,388.500,224.000,1,1,1,0,1,1,0
c-heldout,70111,25,split_brain,mimic,6,450.487,,450.500,1,36,280000000,1,469.000,,0,0,0,0,0,0,0
c-heldout,70111,26,cascade,contradict,8,504.289,,513.000,1,29,245000000,1,531.500,,0,0,0,0,0,0,0
c-heldout,70111,27,compound,mimic,3,518.913,2,520.000,1,40,300000000,1,538.500,,0,0,0,0,0,0,0
c-heldout,70112,5,cascade,mimic,7,106.750,,108.000,1,26,230000000,0,,,0,0,0,0,0,0,0
c-heldout,70112,12,cascade,mimic,7,270.030,5,271.000,1,34,270000000,1,289.500,,0,0,0,0,0,0,0
c-heldout,70112,19,compound,mimic,3,389.856,,395.000,1,45,325000000,1,413.500,,0,0,0,0,0,0,0
c-heldout,70113,0,split_brain,contradict,3,10.604,,11.000,1,39,295000000,1,29.500,,0,0,0,0,0,0,0
c-heldout,70113,1,cascade,contradict,7,13.508,,14.000,1,47,335000000,1,32.500,,0,0,0,0,0,0,0
c-heldout,70113,3,cascade,mimic,8,47.660,,48.000,2,68,540000000,1,66.500,,0,0,0,0,0,0,0
c-heldout,70113,13,cascade,mimic,5,319.719,,321.000,2,80,600000000,0,,,0,0,0,1,1,0,0
c-heldout,70113,18,slow_leak,,0,473.900,,,0,0,0,0,,,0,0,0,0,0,0,0
c-heldout,70113,20,split_brain,contradict,10,517.469,,522.500,1,30,250000000,0,,,0,0,0,1,1,1,0
c-heldout,70114,2,slow_leak,,8,80.336,,92.500,1,38,290000000,1,111.000,,0,0,0,0,0,0,0
c-heldout,70114,3,split_brain,mimic,6,161.513,,162.000,1,30,250000000,0,,,0,0,0,0,0,0,0
c-heldout,70114,4,cascade,mimic,8,173.532,,174.000,1,32,260000000,1,192.500,,0,0,0,0,0,0,0
c-heldout,70114,5,compound,mimic,9,200.291,,200.500,1,31,255000000,1,219.000,,0,0,0,0,0,0,0
c-heldout,70114,19,slow_leak,,6,458.681,,,0,0,0,0,,,0,0,0,1,1,1,0
c-heldout,70114,24,cascade,mimic,4,504.133,,511.500,1,38,290000000,0,,,0,0,0,1,1,0,0
c-heldout,70115,10,split_brain,mimic,5,234.499,,237.500,1,45,325000000,0,,,0,0,0,0,0,0,0
c-heldout,70115,13,split_brain,contradict,1,352.255,,352.500,1,45,325000000,0,,,0,0,0,0,0,0,0
c-heldout,70115,14,compound,contradict,8,354.694,,356.500,1,33,265000000,1,375.000,,0,0,0,0,0,0,0
c-heldout,70115,16,compound,contradict,7,384.866,,387.500,1,32,260000000,1,406.000,,0,0,0,1,1,0,0
c-heldout,70115,24,split_brain,mimic,2,512.980,,517.500,1,34,270000000,0,,,0,0,0,0,0,0,0
c-heldout,70115,25,slow_leak,,6,522.598,,,0,0,0,0,,,0,0,0,0,0,0,0
c-heldout,70116,1,slow_leak,,8,28.132,,,0,0,0,0,,,0,0,0,0,0,0,0
c-heldout,70116,7,slow_leak,,8,138.394,1,155.500,1,34,270000000,1,174.000,,0,0,0,0,0,0,0
c-heldout,70116,11,compound,contradict,7,210.298,,213.000,1,38,290000000,1,231.500,,0,0,0,0,0,0,0
c-heldout,70116,13,slow_leak,,8,261.017,,280.500,1,37,285000000,1,299.000,,0,1,0,1,1,1,0
c-heldout,70116,20,slow_leak,,3,438.885,,451.000,1,37,285000000,1,469.500,,0,0,0,1,1,1,0
c-heldout,70116,22,slow_leak,,6,516.171,,,0,0,0,0,,,0,0,0,1,1,1,0
c-heldout,70117,1,compound,contradict,3,7.516,,8.000,1,50,350000000,1,26.500,,0,0,0,0,0,0,0
c-heldout,70117,6,compound,contradict,5,118.685,,119.000,1,44,320000000,1,137.500,,0,0,0,1,1,0,0
c-heldout,70117,7,compound,contradict,6,156.219,,156.500,1,26,230000000,0,,,0,0,0,1,1,0,0
c-heldout,70117,9,cascade,mimic,7,219.936,,220.000,1,31,255000000,0,,,0,0,0,0,0,0,0
c-heldout,70117,16,cascade,mimic,7,370.368,9,372.500,1,35,275000000,0,,,0,0,0,0,0,0,0
c-heldout,70117,19,split_brain,mimic,4,412.375,,412.500,1,27,235000000,1,431.000,,0,0,0,0,0,0,0
c-heldout,70117,20,slow_leak,,0,428.096,,,0,0,0,0,,,0,0,0,0,0,0,0
c-heldout,70117,22,split_brain,contradict,2,467.242,,467.500,1,36,280000000,1,486.000,,0,0,0,0,0,0,0
c-heldout,70117,24,split_brain,contradict,8,505.826,,506.000,1,36,280000000,1,524.500,,0,0,0,1,1,1,0
c-heldout,70117,25,compound,contradict,6,526.273,,526.500,1,37,285000000,1,545.000,,0,0,0,1,1,1,0
c-heldout,70118,0,split_brain,mimic,10,14.636,,15.000,3,76,680000000,0,,,0,0,0,0,0,0,0
c-heldout,70118,1,cascade,contradict,6,28.647,,29.000,1,29,245000000,1,47.500,,0,0,0,0,0,0,0
c-heldout,70118,2,slow_leak,,9,33.192,,48.000,1,30,250000000,0,,,0,0,0,0,0,0,0
c-heldout,70118,7,compound,contradict,0,207.627,,208.000,1,67,435000000,1,226.500,,0,0,0,0,0,0,0
c-heldout,70118,11,slow_leak,,9,330.065,2,,0,0,0,0,,,0,0,0,0,0,0,0
c-heldout,70118,14,split_brain,mimic,10,410.292,0,412.500,1,31,255000000,0,,,0,0,0,0,0,0,0
c-heldout,70118,16,compound,mimic,5,428.116,,431.500,1,33,265000000,1,450.000,,0,0,0,0,0,0,0
c-heldout,70118,17,cascade,mimic,8,486.852,,490.500,1,27,235000000,1,509.000,,0,0,0,0,0,0,0
c-heldout,70118,18,compound,mimic,6,525.956,,527.500,1,35,275000000,1,546.000,,0,0,0,1,1,1,0
c-heldout,70119,0,cascade,contradict,2,5.661,,6.000,2,85,625000000,1,24.500,,0,0,0,0,0,0,0
c-heldout,70119,1,compound,mimic,5,5.991,,,0,0,0,0,,,0,0,0,0,0,0,0
c-heldout,70119,4,split_brain,contradict,0,41.640,,42.000,1,55,375000000,1,60.500,,0,0,0,0,0,0,0
c-heldout,70119,8,cascade,mimic,7,158.325,,158.500,1,32,260000000,0,,,0,0,0,0,0,0,0
c-heldout,70119,10,split_brain,contradict,5,192.565,,197.000,1,30,250000000,1,215.500,,0,0,0,1,1,1,0
c-heldout,70119,12,split_brain,contradict,2,254.876,,255.500,1,38,290000000,0,,,0,0,0,1,1,1,0
c-heldout,70119,15,compound,mimic,3,315.307,,318.000,1,37,285000000,1,336.500,,0,0,0,0,0,0,0
c-heldout,70119,16,compound,contradict,6,362.280,,363.500,1,32,260000000,1,382.000,,0,0,0,0,0,0,0
c-heldout,70119,17,compound,mimic,5,364.043,1,367.000,1,36,280000000,1,385.500,,0,0,0,1,1,0,0
c-heldout,70119,18,split_brain,contradict,2,368.194,12,368.500,1,52,360000000,1,388.500,,0,0,0,1,1,1,0
c-heldout,70119,22,compound,contradict,3,443.138,,443.500,1,47,335000000,0,,,0,0,0,1,1,0,0
c-heldout,70120,0,split_brain,contradict,10,6.152,,7.500,1,25,225000000,1,26.000,,0,0,0,0,0,0,0
c-heldout,70120,5,split_brain,mimic,5,109.641,,113.500,1,32,260000000,1,132.000,,0,0,0,0,0,0,0
c-heldout,70120,13,slow_leak,,7,356.487,,369.000,1,31,255000000,1,387.500,,0,0,0,0,0,0,0
c-heldout,70120,15,slow_leak,,2,420.983,,435.000,1,36,280000000,1,453.500,,0,0,0,1,1,1,0
c-heldout,70120,17,split_brain,contradict,0,440.075,,440.500,1,52,360000000,1,459.000,,0,0,0,1,1,1,0
c-heldout,70121,0,split_brain,mimic,2,0.631,,1.000,1,35,275000000,0,,,0,0,0,0,0,0,0
c-heldout,70121,1,cascade,contradict,5,2.299,,3.500,1,35,275000000,0,,,0,0,0,0,0,0,0
c-heldout,70121,4,slow_leak,,3,86.554,,,0,0,0,0,,,0,0,0,0,0,0,0
c-heldout,70121,5,cascade,contradict,5,88.492,1,,0,0,0,0,,,0,0,0,0,0,0,0
c-heldout,70121,9,cascade,contradict,5,182.579,5,183.000,1,37,285000000,1,201.500,,0,0,0,0,0,0,0
c-heldout,70121,12,cascade,contradict,6,250.762,,255.000,1,39,295000000,1,273.500,,0,0,0,1,1,0,0
c-heldout,70121,16,slow_leak,,1,285.071,,,0,0,0,0,,,0,0,0,0,0,0,0
c-heldout,70121,21,slow_leak,,4,367.645,,385.000,1,24,220000000,0,,,0,0,0,0,0,0,0
c-heldout,70121,23,slow_leak,,6,404.765,,,0,0,0,0,,,0,0,0,0,0,0,0
c-heldout,70121,30,slow_leak,,4,500.920,21,521.000,1,44,320000000,1,539.500,,0,0,0,0,0,0,0
c-heldout,70122,0,compound,mimic,0,39.844,,40.500,0,0,0,0,,,0,0,0,0,0,0,0
c-heldout,70122,3,compound,mimic,0,117.038,0,117.500,1,52,360000000,0,,,0,0,0,0,0,0,0
c-heldout,70122,6,slow_leak,,8,257.244,,274.000,1,39,295000000,1,292.500,,0,0,0,0,0,0,0
c-heldout,70122,12,compound,mimic,0,366.643,0,367.000,1,51,355000000,1,385.500,,0,0,0,0,0,0,1
c-heldout,70122,16,cascade,mimic,3,424.383,,424.500,1,47,335000000,0,,,0,0,0,0,0,0,0
c-heldout,70123,5,slow_leak,,0,40.437,,57.000,1,51,355000000,0,,,0,0,0,0,0,0,0
c-heldout,70123,7,cascade,contradict,5,85.463,,85.500,1,40,300000000,1,104.000,,0,0,0,0,0,0,0
c-heldout,70123,9,slow_leak,,2,121.363,,,0,0,0,0,,,0,0,0,0,0,0,0
c-heldout,70123,17,compound,contradict,10,265.036,,266.500,1,41,305000000,1,285.000,,0,0,0,0,0,0,0
c-heldout,70123,18,cascade,contradict,5,268.023,7,268.500,1,42,310000000,0,,104.000,1,1,1,0,1,1,0
c-heldout,70123,28,compound,contradict,10,494.548,17,497.500,1,27,235000000,0,,285.000,1,1,1,0,1,1,0
c-heldout,70124,4,cascade,mimic,3,114.341,,114.500,1,43,315000000,0,,,0,0,0,0,0,0,0
c-heldout,70124,8,compound,mimic,2,220.727,,221.000,1,39,295000000,1,239.500,,0,0,0,0,0,0,0
c-heldout,70124,12,split_brain,mimic,8,273.724,,278.500,1,37,285000000,0,,,0,0,0,0,0,0,0
c-heldout,70124,17,split_brain,contradict,5,352.343,,359.500,1,37,285000000,0,,,0,0,0,0,0,0,0
c-heldout,70124,25,split_brain,mimic,0,467.745,,475.500,1,59,395000000,0,,,0,0,0,0,0,0,0
c-heldout,70124,27,split_brain,mimic,1,516.072,,519.500,1,46,330000000,0,,,0,0,0,0,0,0,0
c-heldout,70124,28,slow_leak,,6,533.691,,,0,0,0,0,,,0,0,0,0,0,0,0
c-heldout,70125,7,compound,contradict,6,141.967,,142.000,1,37,285000000,1,160.500,,0,0,0,0,0,0,0
c-heldout,70125,20,split_brain,mimic,6,413.162,,415.000,1,31,255000000,0,,,0,0,0,0,0,0,0
c-heldout,70126,0,slow_leak,,2,20.447,,,0,0,0,0,,,0,0,0,0,0,0,0
c-heldout,70126,1,slow_leak,,4,64.525,,75.000,1,37,285000000,1,93.500,,0,0,0,0,0,0,0
c-heldout,70126,2,split_brain,mimic,6,65.213,,65.500,1,35,275000000,0,,,0,0,0,0,0,0,0
c-heldout,70126,3,slow_leak,,2,77.667,0,92.500,1,42,310000000,0,,,0,0,0,0,0,0,0
c-heldout,70126,4,slow_leak,,11,99.754,,,0,0,0,0,,,0,0,0,1,1,1,0
c-heldout,70126,7,slow_leak,,4,266.248,1,280.500,1,45,325000000,1,299.000,93.500,1,1,1,0,1,1,0
c-heldout,70126,8,slow_leak,,11,266.418,4,278.500,1,32,260000000,1,297.000,,0,0,0,1,1,1,0
c-heldout,70126,11,slow_leak,,9,358.056,,371.500,1,36,280000000,1,390.000,,0,0,0,1,1,1,0
c-heldout,70126,12,slow_leak,,6,402.717,,,0,0,0,0,,,0,0,0,1,1,1,0
c-heldout,70126,13,compound,mimic,10,423.931,,426.500,1,34,270000000,1,445.000,,0,0,0,0,0,0,0
c-heldout,70126,14,slow_leak,,11,429.486,4,447.000,1,29,245000000,1,465.500,,0,1,0,1,1,1,0
c-heldout,70126,17,slow_leak,,2,479.102,,,0,0,0,0,,,0,0,0,1,1,1,0
c-heldout,70126,19,slow_leak,,4,495.409,1,510.500,1,45,325000000,1,529.000,93.500,1,1,1,0,1,1,0
c-heldout,70126,20,slow_leak,,9,498.654,,514.000,1,30,250000000,0,,,0,1,0,1,1,1,0
c-heldout,70127,3,split_brain,mimic,6,57.902,,60.000,1,35,275000000,0,,,0,0,0,0,0,0,0
c-heldout,70127,9,compound,mimic,9,137.646,,141.500,1,37,285000000,0,,,0,0,0,0,0,0,0
c-heldout,70127,12,cascade,contradict,4,192.067,,192.500,1,49,345000000,1,211.000,,0,0,0,0,0,0,0
c-heldout,70127,15,compound,mimic,9,222.815,9,225.500,1,37,285000000,1,244.000,,0,0,0,0,0,0,0
c-heldout,70127,19,compound,mimic,9,299.907,9,307.000,1,41,305000000,1,325.500,,0,1,0,1,1,1,0
c-heldout,70127,22,compound,mimic,9,377.986,15,,0,0,0,0,,244.000,1,1,1,0,1,1,0
c-heldout,70127,26,slow_leak,,1,411.495,,,0,0,0,0,,,0,0,0,0,0,0,0
c-heldout,70128,0,cascade,contradict,7,32.764,,33.000,1,30,250000000,0,,,0,0,0,0,0,0,0
c-heldout,70128,4,slow_leak,,6,138.399,,153.000,1,37,285000000,1,171.500,,0,0,0,0,0,0,0
c-heldout,70128,6,slow_leak,,9,140.534,,152.500,1,35,275000000,1,171.000,,0,0,0,0,0,0,0
c-heldout,70128,15,split_brain,mimic,0,293.271,,295.000,1,48,340000000,0,,,0,0,0,0,0,0,0
c-heldout,70128,18,compound,mimic,11,342.506,,343.000,1,32,260000000,0,,,0,0,0,0,0,0,0
c-heldout,70128,23,compound,mimic,4,382.389,,385.000,1,46,330000000,1,403.500,,0,0,0,0,0,0,0
c-heldout,70128,24,compound,contradict,1,395.751,,396.000,2,104,720000000,1,414.500,,0,0,0,0,0,0,0
c-heldout,70128,26,cascade,mimic,7,431.360,,431.500,1,34,270000000,1,450.000,,0,0,0,0,0,0,0
c-heldout,70128,27,split_brain,mimic,5,446.451,,448.000,1,37,285000000,0,,,0,0,0,0,0,0,0
c-heldout,70128,33,compound,mimic,11,508.572,18,511.500,1,31,255000000,0,,,0,0,0,1,1,0,0
c-heldout,70129,4,compound,mimic,4,141.358,,150.500,1,40,300000000,1,169.000,,0,0,0,0,0,0,0
c-heldout,70129,6,slow_leak,,6,161.114,,176.000,1,29,245000000,0,,,0,0,0,0,0,0,0
c-heldout,70129,7,cascade,mimic,6,244.748,,246.000,1,33,265000000,0,,,0,0,0,0,0,0,0
c-heldout,70129,10,cascade,mimic,7,266.875,,267.000,1,29,245000000,0,,,0,0,0,0,0,0,0
c-heldout,70129,12,compound,mimic,4,291.340,,294.000,1,36,280000000,1,312.500,,0,0,0,1,1,0,0
c-heldout,70129,13,slow_leak,,5,299.220,,,0,0,0,0,,,0,0,0,0,0,0,0
c-heldout,70129,16,cascade,mimic,7,374.709,10,,0,0,0,0,,,0,0,0,0,0,0,0
c-heldout,70129,20,slow_leak,,5,431.573,13,,0,0,0,0,,,0,0,0,0,0,0,0
c-heldout,70130,4,cascade,contradict,3,153.904,,154.000,1,28,240000000,1,172.500,,0,0,0,0,0,0,0
c-heldout,70130,6,slow_leak,,5,156.775,,171.500,1,40,300000000,1,190.000,,0,0,0,0,0,0,0
c-heldout,70130,14,split_brain,contradict,3,217.536,,218.000,1,34,270000000,1,236.500,,0,0,0,0,0,0,0
c-heldout,70130,18,split_brain,contradict,9,341.888,,347.000,1,30,250000000,0,,,0,0,0,1,1,1,0
c-heldout,70130,25,slow_leak,,10,419.513,,434.000,1,35,275000000,0,,,0,0,0,1,1,1,0
c-heldout,70130,26,compound,mimic,3,429.031,,433.000,1,35,275000000,1,451.500,,0,0,0,0,0,0,0
c-heldout,70130,28,split_brain,contradict,9,482.689,18,486.000,1,32,260000000,1,504.500,,0,0,0,1,1,1,0
c-heldout,70130,32,compound,contradict,0,520.202,,520.500,1,81,505000000,1,539.000,,0,0,0,0,0,0,0
c-heldout,70131,1,split_brain,contradict,5,5.564,,7.000,1,34,270000000,0,,,0,0,0,0,0,0,0
c-heldout,70131,2,compound,contradict,0,7.351,,7.500,1,74,470000000,1,26.000,,0,0,0,0,0,0,0
c-heldout,70131,3,slow_leak,,7,54.840,,74.500,1,33,265000000,1,93.000,,0,0,0,0,0,0,0
c-heldout,70131,9,split_brain,contradict,5,110.134,1,114.000,1,35,275000000,0,,,0,0,0,0,0,0,0
c-heldout,70131,12,compound,contradict,2,187.035,,187.500,1,47,335000000,1,206.000,,0,0,0,1,1,0,0
c-heldout,70131,15,slow_leak,,1,210.185,,228.000,1,44,320000000,1,246.500,,0,0,0,1,1,1,0
c-heldout,70131,24,slow_leak,,2,355.804,,,0,0,0,0,,,0,0,0,1,1,1,0
c-heldout,70131,25,cascade,contradict,3,375.991,,376.500,1,33,265000000,1,395.000,,0,0,0,0,0,0,0
c-heldout,70131,26,slow_leak,,1,389.844,15,406.500,1,41,305000000,0,,246.500,1,1,1,0,1,1,0
c-heldout,70131,28,slow_leak,,7,404.125,3,,0,0,0,0,,93.000,1,1,1,0,1,1,0
c-heldout,70131,29,slow_leak,,5,420.663,,432.500,1,46,330000000,1,451.000,,0,0,0,1,1,1,0
c-heldout,70131,31,split_brain,mimic,4,458.797,,461.500,1,35,275000000,0,,,0,0,0,0,0,0,0
c-heldout,70131,33,cascade,mimic,3,496.531,,499.000,1,45,325000000,0,,,0,0,0,0,0,0,0
c-heldout,70131,35,split_brain,contradict,5,514.220,1,521.000,1,35,275000000,1,539.500,,0,0,0,0,0,0,0
c-heldout,70132,3,compound,mimic,2,32.888,,33.000,1,39,295000000,0,,,0,0,0,0,0,0,0
c-heldout,70132,7,split_brain,mimic,10,97.636,,,0,0,0,0,,,0,0,0,0,0,0,0
c-heldout,70132,10,split_brain,contradict,2,146.699,,147.000,1,40,300000000,1,166.500,,0,0,0,0,0,0,0
c-heldout,70132,18,compound,mimic,3,331.893,,334.000,1,33,265000000,1,352.500,,0,0,0,0,0,0,0
c-heldout,70132,19,split_brain,contradict,2,373.217,10,374.500,1,33,265000000,1,393.000,166.500,1,1,1,0,1,1,0
c-heldout,70132,22,slow_leak,,1,455.460,,468.500,1,54,370000000,1,487.000,,0,0,0,0,0,0,0
c-heldout,70133,2,cascade,contradict,6,42.707,,43.000,1,37,285000000,1,61.500,,0,0,0,0,0,0,0
c-heldout,70133,4,cascade,mimic,4,120.420,,120.500,1,37,285000000,0,,,0,0,0,0,0,0,0
c-heldout,70133,11,slow_leak,,4,202.820,,,0,0,0,0,,,0,0,0,0,0,0,0
c-heldout,70133,18,split_brain,contradict,1,347.226,,351.500,1,35,275000000,0,,,0,0,0,0,0,0,0
c-heldout,70134,4,split_brain,contradict,0,52.394,,52.500,1,48,340000000,0,,,0,0,0,0,0,0,0
c-heldout,70134,9,slow_leak,,0,167.955,,185.000,1,52,360000000,1,203.500,,0,0,0,0,0,0,0
c-heldout,70134,13,split_brain,contradict,7,237.308,,237.500,1,24,220000000,1,256.000,,0,0,0,0,0,0,0
c-heldout,70134,14,compound,contradict,0,259.020,,259.500,1,55,375000000,1,278.000,,0,0,0,0,0,0,0
c-heldout,70134,19,slow_leak,,6,309.819,,322.500,1,42,310000000,1,341.000,,0,0,0,1,1,1,0
c-heldout,70134,20,slow_leak,,2,311.345,,326.500,1,50,350000000,1,345.000,,0,0,0,1,1,1,0
c-heldout,70134,21,compound,contradict,0,370.699,14,371.000,1,47,335000000,1,389.500,278.000,1,1,1,0,1,1,0
c-heldout,70134,25,compound,mimic,3,422.542,,423.000,1,43,315000000,1,441.500,,0,0,0,0,0,0,0
c-heldout,70134,27,split_brain,contradict,0,430.091,4,430.500,1,51,355000000,1,449.000,,0,0,0,1,1,1,0
c-heldout,70135,4,compound,contradict,8,81.792,,82.000,2,77,585000000,1,100.500,,0,0,0,0,0,0,0
c-heldout,70135,7,cascade,mimic,5,147.797,,148.000,1,39,295000000,0,,,0,0,0,0,0,0,0
c-heldout,70135,10,cascade,mimic,10,235.646,,237.000,1,23,215000000,0,,,0,0,0,0,0,0,0
c-heldout,70135,12,split_brain,contradict,3,296.323,,296.500,2,77,585000000,1,315.000,,0,0,0,0,0,0,0
c-heldout,70135,13,cascade,mimic,8,312.251,,312.500,1,29,245000000,1,331.000,,0,0,0,0,0,0,0
c-heldout,70135,16,cascade,mimic,10,399.316,10,413.000,1,45,325000000,0,,,0,0,0,1,1,0,0
c-heldout,70135,21,compound,contradict,8,450.445,4,452.000,1,40,300000000,1,470.500,100.500,1,1,1,0,1,1,0
c-heldout,70135,22,slow_leak,,7,520.775,,,0,0,0,0,,,0,0,0,0,0,0,0
c-heldout,70136,0,slow_leak,,9,0.554,,15.500,1,38,290000000,0,,,0,0,0,0,0,0,0
c-heldout,70136,2,split_brain,mimic,3,12.993,,13.500,1,40,300000000,0,,,0,0,0,0,0,0,0
c-heldout,70136,5,split_brain,mimic,3,178.404,2,178.500,1,38,290000000,0,,,0,0,0,0,0,0,0
c-heldout,70136,7,cascade,mimic,4,239.439,,239.500,1,36,280000000,0,,,0,0,0,0,0,0,0
c-heldout,70136,9,cascade,mimic,6,367.988,,370.500,2,97,685000000,0,,,0,0,0,0,0,0,0
c-heldout,70136,12,split_brain,mimic,0,376.312,,378.000,1,50,350000000,0,,,0,0,0,0,0,0,0
c-heldout,70137,2,slow_leak,,5,38.013,,,0,0,0,0,,,0,0,0,0,0,0,0
c-heldout,70137,5,split_brain,mimic,9,176.938,,178.500,1,35,275000000,1,197.000,,0,0,0,0,0,0,0
c-heldout,70137,15,compound,mimic,0,401.606,,402.000,1,50,350000000,1,420.500,,0,0,0,0,0,0,0
c-heldout,70137,20,cascade,contradict,4,486.813,,487.000,1,40,300000000,1,505.500,,0,0,0,0,0,0,0
c-heldout,70137,23,slow_leak,,5,522.601,,,0,0,0,0,,,0,0,0,0,0,0,0
c-heldout,70138,5,cascade,contradict,5,163.259,,163.500,1,31,255000000,0,,,0,0,0,0,0,0,0
c-heldout,70138,11,split_brain,contradict,2,281.797,,282.000,1,44,320000000,1,300.500,,0,0,0,0,0,0,0
c-heldout,70138,13,split_brain,mimic,1,284.147,,286.000,1,79,495000000,0,,,0,0,0,0,0,0,0
c-heldout,70138,15,compound,contradict,7,325.523,,326.000,1,32,260000000,1,344.500,,0,0,0,0,0,0,0
c-heldout,70139,3,cascade,contradict,8,104.366,,104.500,1,26,230000000,1,123.000,,0,0,0,0,0,0,0
c-heldout,70139,6,cascade,contradict,5,167.752,,168.000,1,33,265000000,0,,,0,0,0,1,1,1,0
c-heldout,70139,8,compound,contradict,0,189.822,,190.000,1,54,370000000,1,208.500,,0,0,0,0,0,0,0
c-heldout,70139,11,split_brain,contradict,0,260.999,,262.500,1,50,350000000,0,,,0,0,0,0,0,0,0
c-heldout,70139,15,cascade,contradict,8,349.014,3,351.000,1,29,245000000,1,369.500,123.000,1,1,1,0,1,1,0
c-heldout,70139,18,slow_leak,,2,365.828,,380.000,1,49,345000000,1,398.500,,0,0,0,0,0,0,0
c-heldout,70139,20,cascade,contradict,8,435.844,3,437.000,1,34,270000000,1,455.500,123.000,1,1,1,0,1,1,0
c-heldout,70139,22,compound,mimic,1,458.970,,,0,0,0,0,,,0,0,0,0,0,0,0
c-heldout,70140,9,slow_leak,,5,124.419,,,0,0,0,0,,,0,0,0,0,0,0,0
c-heldout,70140,11,slow_leak,,5,285.912,9,,0,0,0,0,,,0,0,0,0,0,0,0
c-heldout,70140,13,slow_leak,,1,332.138,,,0,0,0,0,,,0,0,0,0,0,0,0
c-heldout,70140,16,compound,contradict,3,453.596,,454.000,1,40,300000000,1,472.500,,0,0,0,0,0,0,0
c-heldout,70141,2,slow_leak,,3,21.948,,,0,0,0,0,,,0,0,0,0,0,0,0
c-heldout,70141,3,split_brain,mimic,1,46.358,,46.500,1,37,285000000,0,,,0,0,0,0,0,0,0
c-heldout,70141,7,slow_leak,,1,160.562,,,0,0,0,0,,,0,0,0,0,0,0,0
c-heldout,70141,10,slow_leak,,0,170.590,,,0,0,0,0,,,0,0,0,0,0,0,0
c-heldout,70141,11,cascade,contradict,3,201.147,,201.500,1,50,350000000,1,220.000,,0,0,0,0,0,0,0
c-heldout,70141,13,compound,contradict,10,205.278,,205.500,1,39,295000000,1,224.000,,0,0,0,0,0,0,0
c-heldout,70141,15,slow_leak,,8,238.734,,,0,0,0,0,,,0,0,0,0,0,0,0
c-heldout,70141,21,slow_leak,,0,383.147,10,404.500,1,54,370000000,0,,,0,0,0,0,0,0,0
c-heldout,70141,24,slow_leak,,3,413.535,2,,0,0,0,0,,,0,0,0,0,0,0,0
c-heldout,70141,25,slow_leak,,5,493.237,,,0,0,0,0,,,0,0,0,0,0,0,0
c-heldout,70141,26,split_brain,mimic,4,512.467,,514.000,1,30,250000000,0,,,0,0,0,0,0,0,0
c-heldout,70142,1,split_brain,contradict,0,47.028,,,0,0,0,0,,,0,0,0,0,0,0,0
c-heldout,70142,6,cascade,mimic,5,175.841,,176.500,1,37,285000000,1,195.000,,0,0,0,0,0,0,0
c-heldout,70142,10,slow_leak,,7,242.874,,258.500,1,37,285000000,1,277.000,,0,0,0,0,0,0,0
c-heldout,70142,13,split_brain,contradict,5,266.627,,267.000,1,23,215000000,0,,,0,0,0,0,0,0,0
c-heldout,70142,26,split_brain,mimic,4,454.895,,455.000,1,30,250000000,1,473.500,,0,0,0,0,0,0,0
c-heldout,70142,28,slow_leak,,1,483.572,,,0,0,0,0,,,0,0,0,1,1,1,0
c-heldout,70143,1,cascade,contradict,10,59.881,,60.000,1,29,245000000,1,78.500,,0,0,0,0,0,0,0
c-heldout,70143,2,split_brain,contradict,8,63.433,,64.000,1,31,255000000,1,85.000,,0,0,0,0,0,0,0
c-heldout,70143,4,split_brain,contradict,5,112.835,,114.500,1,37,285000000,0,,,0,0,0,1,1,1,0
c-heldout,70143,10,split_brain,contradict,8,207.057,,207.500,1,23,215000000,0,,,0,1,0,1,1,1,0
c-heldout,70143,18,split_brain,mimic,5,497.058,,497.500,1,32,260000000,0,,,0,0,0,0,0,0,0
c-heldout,70144,2,slow_leak,,4,76.624,,,0,0,0,0,,,0,0,0,0,0,0,0
c-heldout,70144,7,slow_leak,,0,137.260,,150.000,1,45,325000000,1,168.500,,0,0,0,0,0,0,0
c-heldout,70144,8,compound,contradict,4,149.292,,149.500,1,47,335000000,1,168.000,,0,0,0,0,0,0,0
c-heldout,70144,10,split_brain,mimic,4,222.800,,224.000,1,42,310000000,1,242.500,,0,0,0,0,0,0,0
c-heldout,70144,11,split_brain,mimic,2,232.866,,235.500,1,36,280000000,0,,,0,0,0,0,0,0,0
c-heldout,70144,13,split_brain,contradict,8,254.915,,258.500,1,37,285000000,0,,,0,0,0,0,0,0,0
c-heldout,70144,17,slow_leak,,1,320.079,,337.000,1,41,305000000,1,355.500,,0,0,0,1,1,1,0
c-heldout,70144,18,split_brain,mimic,8,323.058,,332.000,1,37,285000000,1,350.500,,0,0,0,1,1,1,0
c-heldout,70144,19,compound,mimic,0,351.939,,353.500,1,55,375000000,1,372.000,,0,0,0,0,0,0,0
c-heldout,70144,20,slow_leak,,4,379.741,,,0,0,0,0,,,0,0,0,1,1,1,0
c-heldout,70144,21,slow_leak,,8,407.723,,424.000,1,41,305000000,1,442.500,,0,0,0,1,1,1,0
c-heldout,70144,24,slow_leak,,1,431.495,17,,0,0,0,0,,355.500,1,1,1,0,1,1,0
c-heldout,70145,0,split_brain,mimic,0,17.676,,18.000,1,43,315000000,0,,,0,0,0,0,0,0,0
c-heldout,70145,7,slow_leak,,5,201.227,,,0,0,0,0,,,0,0,0,0,0,0,0
c-heldout,70145,9,compound,contradict,8,260.813,,261.000,1,34,270000000,1,279.500,,0,0,0,0,0,0,0
c-heldout,70145,10,split_brain,mimic,0,310.351,0,313.500,1,52,360000000,0,,,0,0,0,0,0,0,0
c-heldout,70145,14,slow_leak,,5,418.064,,,0,0,0,0,,,0,0,0,0,0,0,0
c-heldout,70145,19,compound,contradict,1,458.661,,459.000,1,67,435000000,1,477.500,,0,0,0,1,1,0,0
c-heldout,70145,20,slow_leak,,4,459.693,,,0,0,0,0,,,0,0,0,0,0,0,0
c-heldout,70145,21,slow_leak,,2,468.438,,,0,0,0,0,,,0,0,0,0,0,0,0
c-heldout,70145,22,cascade,contradict,6,502.859,,503.000,1,43,315000000,0,,,0,0,0,0,0,0,0
c-heldout,70146,4,compound,mimic,10,54.755,,57.000,1,34,270000000,0,,,0,0,0,0,0,0,0
c-heldout,70146,5,split_brain,contradict,1,114.113,,114.500,1,39,295000000,0,,,0,0,0,0,0,0,0
c-heldout,70146,7,split_brain,mimic,7,138.721,,140.000,1,39,295000000,0,,,0,0,0,0,0,0,0
c-heldout,70146,8,compound,mimic,10,185.867,4,187.500,1,35,275000000,1,206.000,,0,0,0,0,0,0,0
c-heldout,70146,9,slow_leak,,6,205.750,,,0,0,0,0,,,0,0,0,0,0,0,0
c-heldout,70146,10,split_brain,mimic,0,242.383,,242.500,1,44,320000000,0,,,0,0,0,0,0,0,0
c-heldout,70146,11,split_brain,mimic,7,246.232,7,249.000,1,42,310000000,0,,,0,0,0,0,0,0,0
c-heldout,70147,0,cascade,contradict,5,16.830,,17.000,1,34,270000000,1,35.500,,0,0,0,0,0,0,0
c-heldout,70147,3,cascade,mimic,6,37.056,,37.500,1,36,280000000,1,56.000,,0,0,0,0,0,0,0
c-heldout,70147,4,split_brain,mimic,10,75.871,,77.000,1,29,245000000,0,,,0,0,0,0,0,0,0
c-heldout,70147,6,cascade,mimic,6,163.341,3,163.500,1,41,305000000,0,,56.000,1,1,1,0,1,1,0
c-heldout,70147,8,split_brain,mimic,10,199.730,4,210.000,1,37,285000000,0,,,0,0,0,0,0,0,0
c-heldout,70147,10,cascade,mimic,6,256.589,3,257.000,1,45,325000000,0,,56.000,1,1,0,0,1,1,1
c-heldout,70147,11,cascade,mimic,8,272.014,,273.500,1,26,230000000,0,,,0,0,0,1,1,1,0
c-heldout,70147,19,compound,contradict,3,407.409,,407.500,1,37,285000000,1,426.000,,0,0,0,0,0,0,0
c-heldout,70148,0,slow_leak,,1,25.523,,,0,0,0,0,,,0,0,0,0,0,0,0
c-heldout,70148,4,slow_leak,,1,80.576,0,99.500,1,38,290000000,1,118.000,,0,0,0,0,0,0,0
c-heldout,70148,6,compound,contradict,5,96.499,,97.000,1,39,295000000,0,,,0,0,0,0,0,0,0
c-heldout,70148,7,slow_leak,,2,113.001,,,0,0,0,0,,,0,0,0,0,0,0,0
c-heldout,70148,13,cascade,contradict,7,303.893,,309.500,1,35,275000000,0,,,0,0,0,0,0,0,0
c-heldout,70148,16,slow_leak,,1,345.040,4,,0,0,0,0,,118.000,1,1,1,0,1,1,0
c-heldout,70148,19,slow_leak,,4,454.845,,469.500,1,41,305000000,1,488.000,,0,0,0,1,1,1,0
c-heldout,70149,22,slow_leak,,3,343.555,,366.000,1,36,280000000,0,,,0,0,0,0,0,0,0
c-heldout,70149,24,split_brain,mimic,3,415.629,,418.500,1,37,285000000,1,437.000,,0,0,0,0,0,0,0
c-heldout,70149,27,slow_leak,,5,461.284,,475.500,1,38,290000000,1,494.000,,0,0,0,0,0,0,0
c-heldout,70149,29,split_brain,contradict,8,484.786,,489.500,1,41,305000000,0,,,0,0,0,0,0,0,0
c-heldout,70149,30,slow_leak,,4,485.759,,500.500,1,36,280000000,1,519.000,,0,0,0,1,1,1,0
c-heldout,70150,1,compound,contradict,4,21.948,,22.000,1,40,300000000,1,40.500,,0,0,0,0,0,0,0
c-heldout,70150,4,split_brain,contradict,5,127.664,,128.000,1,42,310000000,0,,,0,0,0,0,0,0,0
c-heldout,70150,5,compound,contradict,4,130.460,1,130.500,1,48,340000000,1,149.000,40.500,1,1,1,0,1,1,0
c-heldout,70150,10,compound,contradict,4,286.885,1,290.000,1,53,365000000,1,308.500,40.500,1,1,0,0,1,1,1
c-heldout,70150,12,cascade,contradict,3,320.931,,321.000,2,69,545000000,1,339.500,,0,0,0,0,0,0,0
c-heldout,70150,22,slow_leak,,0,474.969,,494.500,1,53,365000000,1,513.000,,0,0,0,0,0,0,0
c-heldout,70150,27,slow_leak,,1,526.009,,,0,0,0,0,,,0,0,0,1,1,1,0
c-heldout,70151,1,cascade,contradict,1,91.792,,92.000,0,0,0,0,,,0,0,0,0,0,0,0
c-heldout,70151,5,split_brain,contradict,10,183.269,,183.500,1,31,255000000,1,202.000,,0,0,0,0,0,0,0
c-heldout,70151,10,compound,mimic,6,238.365,,238.500,1,47,335000000,1,257.000,,0,0,0,0,0,0,0
c-heldout,70151,17,split_brain,mimic,6,341.934,,345.500,1,35,275000000,0,,,0,0,0,0,0,0,0
c-heldout,70151,20,cascade,contradict,5,440.201,,440.500,1,35,275000000,1,459.000,,0,0,0,0,0,0,0
c-heldout,70151,21,compound,mimic,6,441.905,10,442.500,1,49,345000000,1,464.000,257.000,1,1,1,0,1,1,0
c-heldout,70151,26,slow_leak,,7,534.616,,,0,0,0,0,,,0,0,0,0,0,0,0
c-heldout,70152,0,split_brain,contradict,0,2.456,,2.500,1,48,340000000,1,21.000,,0,0,0,0,0,0,0
c-heldout,70152,3,slow_leak,,6,113.904,,128.500,1,41,305000000,1,147.000,,0,0,0,0,0,0,0
c-heldout,70152,4,split_brain,contradict,0,115.282,0,115.500,1,46,330000000,1,134.000,21.000,1,1,1,0,1,1,0
c-heldout,70152,12,cascade,contradict,2,272.427,,272.500,1,49,345000000,0,,,0,0,0,0,0,0,0
c-heldout,70152,14,split_brain,contradict,4,319.508,,320.500,1,35,275000000,0,,,0,0,0,1,1,1,0
c-heldout,70152,21,slow_leak,,8,538.897,,,0,0,0,0,,,0,0,0,1,1,1,0
c-heldout,70153,0,slow_leak,,2,0.336,,,0,0,0,0,,,0,0,0,0,0,0,0
c-heldout,70153,2,compound,mimic,7,41.294,,42.500,1,34,270000000,0,,,0,0,0,0,0,0,0
c-heldout,70153,3,slow_leak,,10,49.650,,,0,0,0,0,,,0,0,0,0,0,0,0
c-heldout,70153,7,cascade,mimic,5,148.259,,148.500,1,48,340000000,1,167.000,,0,0,0,0,0,0,0
c-heldout,70153,8,compound,mimic,3,159.879,,163.500,1,35,275000000,1,182.000,,0,0,0,0,0,0,0
c-heldout,70153,10,cascade,mimic,4,190.990,,193.000,1,43,315000000,0,,,0,0,0,1,1,0,0
c-heldout,70153,12,slow_leak,,10,209.000,,,0,0,0,0,,,0,0,0,0,0,0,0
c-heldout,70153,15,cascade,mimic,4,312.372,10,312.500,1,41,305000000,0,,,0,0,0,1,1,0,0
c-heldout,70153,16,cascade,mimic,5,349.959,7,350.000,1,44,320000000,0,,167.000,1,1,0,0,1,1,1
c-heldout,70153,17,slow_leak,,10,362.974,3,,0,0,0,0,,,0,0,0,0,0,0,0
c-heldout,70153,19,cascade,mimic,4,427.775,15,428.000,2,101,705000000,0,,,0,0,0,1,1,0,0
c-heldout,70153,23,slow_leak,,10,514.490,17,,0,0,0,0,,,0,0,0,0,0,0,0
c-heldout,70154,1,split_brain,contradict,9,44.524,,45.000,1,27,235000000,1,63.500,,0,0,0,0,0,0,0
c-heldout,70154,5,cascade,mimic,8,79.860,,81.500,1,42,310000000,0,,,0,0,0,0,0,0,0
c-heldout,70154,8,split_brain,contradict,9,114.326,1,119.000,1,30,250000000,1,137.500,63.500,1,1,1,0,1,1,0
c-heldout,70154,9,compound,contradict,0,222.687,,223.000,1,62,410000000,1,241.500,,0,0,0,0,0,0,0
c-heldout,70154,10,cascade,mimic,5,231.123,,231.500,1,40,300000000,0,,,0,0,0,0,0,0,0
c-heldout,70154,13,compound,mimic,4,259.456,,261.000,1,41,305000000,1,279.500,,0,0,0,0,0,0,0
c-heldout,70154,15,cascade,mimic,5,325.771,10,326.000,1,30,250000000,0,,,0,0,0,0,0,0,0
c-heldout,70154,21,slow_leak,,9,460.726,,474.500,1,31,255000000,1,493.000,,0,0,0,0,0,0,0
c-heldout,70154,22,compound,mimic,1,476.348,,476.500,1,47,335000000,1,495.000,,0,0,0,1,1,0,0
c-heldout,70155,2,slow_leak,,0,28.061,,46.500,1,49,345000000,0,,,0,0,0,0,0,0,0
c-heldout,70155,5,slow_leak,,6,40.224,,,0,0,0,0,,,0,0,0,0,0,0,0
c-heldout,70155,16,slow_leak,,0,423.660,,441.000,1,40,300000000,0,,,0,0,0,0,0,0,0
c-heldout,70155,21,compound,mimic,3,508.971,,509.500,1,42,310000000,1,528.000,,0,0,0,0,0,0,0
c-heldout,70156,11,compound,mimic,5,377.789,,379.000,1,37,285000000,1,397.500,,0,0,0,0,0,0,0
c-heldout,70156,13,split_brain,contradict,2,405.823,,406.000,1,39,295000000,1,427.000,,0,0,0,0,0,0,0
c-heldout,70156,16,compound,contradict,5,490.761,,491.000,1,32,260000000,1,509.500,,0,0,0,0,0,0,0
c-heldout,70156,17,split_brain,contradict,2,522.783,13,525.000,1,40,300000000,1,543.500,427.000,1,1,1,0,1,1,0
c-heldout,70157,0,cascade,mimic,6,2.221,,2.500,3,87,735000000,0,,,0,0,0,0,0,0,0
c-heldout,70157,1,compound,contradict,8,19.981,,20.000,1,37,285000000,1,38.500,,0,0,0,0,0,0,0
c-heldout,70157,3,split_brain,contradict,10,39.641,,44.000,1,29,245000000,1,62.500,,0,0,0,0,0,0,0
c-heldout,70157,5,compound,contradict,8,109.692,1,110.000,1,36,280000000,1,128.500,38.500,1,1,1,0,1,1,0
c-heldout,70157,7,split_brain,contradict,10,182.646,3,185.500,1,33,265000000,0,,62.500,1,1,1,0,1,1,0
c-heldout,70157,18,split_brain,contradict,10,375.666,7,377.500,1,27,235000000,0,,,0,1,0,1,1,1,0
c-heldout,70157,23,slow_leak,,5,496.110,,,0,0,0,0,,,0,0,0,0,0,0,0
c-heldout,70158,3,compound,mimic,0,72.970,,73.000,1,63,415000000,0,,,0,0,0,0,0,0,0
c-heldout,70158,8,split_brain,contradict,5,107.770,,108.000,1,31,255000000,1,126.500,,0,0,0,0,0,0,0
c-heldout,70158,9,slow_leak,,8,119.674,,137.000,1,38,290000000,1,155.500,,0,0,0,0,0,0,0
c-heldout,70158,12,compound,mimic,6,190.057,,191.500,1,47,335000000,1,210.000,,0,0,0,0,0,0,0
c-heldout,70158,13,slow_leak,,8,199.260,9,,0,0,0,0,,155.500,1,1,1,0,1,1,0
c-heldout,70158,14,slow_leak,,5,201.149,,,0,0,0,0,,,0,0,0,1,1,1,0
c-heldout,70158,16,split_brain,mimic,1,247.179,,252.500,1,51,355000000,0,,,0,0,0,0,0,0,0
c-heldout,70158,17,cascade,mimic,2,248.676,,249.000,1,51,355000000,1,267.500,,0,0,0,0,0,0,0
c-heldout,70158,18,compound,contradict,0,255.446,,255.500,1,74,470000000,1,274.000,,0,0,0,0,0,0,0
c-heldout,70158,19,split_brain,mimic,6,282.509,,283.000,1,30,250000000,0,,,0,0,0,0,0,0,0
c-heldout,70158,23,slow_leak,,7,361.674,,,0,0,0,0,,,0,0,0,1,1,1,0
c-heldout,70158,24,compound,contradict,0,375.716,18,376.000,2,108,740000000,1,394.500,274.000,1,1,1,0,1,1,0
c-heldout,70158,25,split_brain,mimic,1,396.963,,407.000,1,50,350000000,0,,,0,0,0,0,0,0,0
c-heldout,70158,26,compound,contradict,3,521.957,,523.500,1,36,280000000,0,,,0,0,0,1,1,0,0
c-heldout,70159,0,cascade,contradict,7,2.612,,3.000,1,37,285000000,1,21.500,,0,0,0,0,0,0,0
c-heldout,70159,8,cascade,contradict,7,92.323,0,96.000,1,27,235000000,0,,21.500,1,1,1,0,1,1,0
c-heldout,70159,9,slow_leak,,2,108.741,,,0,0,0,0,,,0,0,0,0,0,0,0
c-heldout,70159,10,compound,mimic,4,109.211,,116.000,1,40,300000000,1,134.500,,0,0,0,0,0,0,0
c-heldout,70159,11,slow_leak,,6,134.562,,,0,0,0,0,,,0,0,0,0,0,0,0
c-heldout,70159,12,compound,mimic,1,203.506,,205.000,1,34,270000000,1,223.500,,0,0,0,1,1,0,0
c-heldout,70159,14,slow_leak,,2,210.815,9,,0,0,0,0,,,0,0,0,0,0,0,0
c-heldout,70159,18,split_brain,contradict,3,287.527,,291.500,1,46,330000000,0,,,0,0,0,0,0,0,0
c-heldout,70159,19,compound,contradict,7,303.030,,306.000,1,31,255000000,1,324.500,,0,0,0,0,0,0,0
c-heldout,70159,21,slow_leak,,6,319.277,,350.500,1,34,270000000,0,,,0,0,0,0,0,0,0
c-heldout,70159,23,cascade,contradict,2,356.520,,357.000,1,51,355000000,1,375.500,,0,0,0,1,1,1,0
c-heldout,70159,27,slow_leak,,1,445.149,,,0,0,0,0,,,0,0,0,0,0,0,0
c-heldout,70159,32,slow_leak,,5,503.416,,,0,0,0,0,,,0,0,0,0,0,0,0
c-heldout,70160,2,slow_leak,,7,48.682,,62.000,1,41,305000000,1,80.500,,0,0,0,0,0,0,0
c-heldout,70160,18,compound,mimic,2,274.230,,281.000,1,56,380000000,1,299.500,,0,0,0,0,0,0,0
c-heldout,70160,24,compound,mimic,1,424.740,,425.000,1,53,365000000,1,443.500,,0,0,0,1,1,0,0
c-heldout,70161,0,split_brain,contradict,0,51.151,,51.500,1,47,335000000,1,70.000,,0,0,0,0,0,0,0
c-heldout,70161,3,split_brain,contradict,0,190.975,,191.000,1,41,305000000,1,209.500,,0,0,0,1,1,1,0
c-heldout,70161,5,cascade,contradict,3,249.957,,250.000,1,46,330000000,1,268.500,,0,0,0,0,0,0,0
c-heldout,70161,6,split_brain,contradict,5,284.665,,285.000,1,41,305000000,1,303.500,,0,0,0,1,1,1,0
c-heldout,70161,12,slow_leak,,6,380.907,,,0,0,0,0,,,0,0,0,0,0,0,0
c-heldout,70161,14,slow_leak,,7,409.366,,,0,0,0,0,,,0,0,0,0,0,0,0
c-heldout,70161,17,cascade,contradict,9,518.236,,518.500,1,37,285000000,1,537.000,,0,0,0,1,1,0,0
c-heldout,70162,0,split_brain,contradict,5,39.744,,40.000,1,36,280000000,0,,,0,0,0,0,0,0,0
c-heldout,70162,2,slow_leak,,7,72.095,,84.500,1,32,260000000,1,103.000,,0,0,0,0,0,0,0
c-heldout,70162,7,slow_leak,,3,106.630,,124.000,1,42,310000000,0,,,0,0,0,1,1,1,0
c-heldout,70162,8,slow_leak,,4,147.544,,,0,0,0,0,,,0,0,0,1,1,1,0
c-heldout,70162,10,slow_leak,,7,169.988,2,183.500,1,33,265000000,1,202.000,103.000,1,1,1,0,1,1,0
c-heldout,70162,16,slow_leak,,7,263.863,2,,0,0,0,0,,103.000,1,1,1,0,1,1,0
c-heldout,70162,21,cascade,mimic,5,348.156,,348.500,2,58,490000000,1,367.000,,0,0,0,0,0,0,0
c-heldout,70162,25,split_brain,mimic,7,408.435,,413.500,1,38,290000000,0,,,0,0,0,0,0,0,0
c-heldout,70162,28,cascade,mimic,3,432.658,,435.500,2,75,575000000,1,454.000,,0,0,0,1,1,1,0
c-heldout,70162,29,slow_leak,,1,450.794,,,0,0,0,0,,,0,0,0,1,1,1,0
c-heldout,70162,32,slow_leak,,0,486.502,,505.000,1,59,395000000,0,,,0,0,0,1,1,1,0
c-heldout,70163,0,slow_leak,,0,5.861,,20.000,1,35,275000000,0,,,0,0,0,0,0,0,0
c-heldout,70163,3,cascade,contradict,5,63.375,,63.500,1,33,265000000,0,,,0,0,0,0,0,0,0
c-heldout,70163,6,slow_leak,,0,189.640,0,,0,0,0,0,,,0,0,0,0,0,0,0
c-heldout,70163,11,slow_leak,,0,266.761,0,282.000,1,42,310000000,1,300.500,,0,0,0,0,0,0,0
c-heldout,70163,12,compound,mimic,6,290.772,,295.500,1,35,275000000,1,314.000,,0,0,0,0,0,0,0
c-heldout,70163,17,compound,contradict,1,499.372,,499.500,2,89,645000000,1,518.000,,0,0,0,0,0,0,0
c-heldout,70163,18,cascade,contradict,6,499.981,,501.000,1,38,290000000,0,,,0,0,0,0,0,0,0
c-heldout,70164,2,split_brain,contradict,2,25.336,,25.500,1,51,355000000,0,,,0,0,0,0,0,0,0
c-heldout,70164,4,split_brain,contradict,9,32.266,,35.000,1,28,240000000,1,53.500,,0,0,0,0,0,0,0
c-heldout,70164,9,compound,mimic,8,104.424,,104.500,1,39,295000000,1,123.000,,0,0,0,0,0,0,0
c-heldout,70164,13,split_brain,mimic,9,259.049,,261.500,1,37,285000000,0,,,0,0,0,0,0,0,0
c-heldout,70164,14,split_brain,contradict,6,268.629,,269.000,1,46,330000000,1,287.500,,0,0,0,1,1,1,0
c-heldout,70164,15,split_brain,mimic,3,269.722,,274.000,1,51,355000000,1,292.500,,0,0,0,0,0,0,0
c-heldout,70164,17,split_brain,contradict,5,303.818,,306.000,1,35,275000000,1,324.500,,0,0,0,1,1,1,0
c-heldout,70164,21,split_brain,contradict,5,449.438,17,449.500,1,30,250000000,0,,324.500,1,1,1,0,1,1,0
c-heldout,70164,22,split_brain,contradict,7,492.128,,493.500,1,31,255000000,1,512.000,,0,0,0,1,1,1,0
c-heldout,70165,3,compound,mimic,6,78.010,,78.500,1,39,295000000,1,97.000,,0,0,0,0,0,0,0
c-heldout,70165,4,compound,mimic,7,85.709,,86.000,1,48,340000000,1,104.500,,0,0,0,0,0,0,0
c-heldout,70165,6,compound,contradict,2,99.682,,100.000,1,40,300000000,1,118.500,,0,0,0,0,0,0,0
c-heldout,70165,12,compound,contradict,1,223.182,,223.500,1,44,320000000,1,242.000,,0,0,0,1,1,0,0
c-heldout,70165,22,slow_leak,,5,426.297,,,0,0,0,0,,,0,0,0,0,0,0,0
c-heldout,70165,23,slow_leak,,1,447.930,,,0,0,0,0,,,0,0,0,0,0,0,0
c-heldout,70166,4,slow_leak,,1,115.765,,,0,0,0,0,,,0,0,0,0,0,0,0
c-heldout,70166,6,split_brain,contradict,4,164.176,,168.000,1,40,300000000,0,,,0,0,0,0,0,0,0
c-heldout,70166,11,split_brain,contradict,0,225.419,,226.000,1,54,370000000,0,,,0,0,0,0,0,0,0
c-heldout,70166,14,cascade,mimic,5,298.140,,300.500,1,33,265000000,0,,,0,0,0,0,0,0,0
c-heldout,70166,18,split_brain,mimic,0,369.663,,374.000,1,52,360000000,0,,,0,0,0,0,0,0,0
c-heldout,70166,26,slow_leak,,1,465.779,4,,0,0,0,0,,,0,0,0,0,0,0,0
c-heldout,70167,0,cascade,contradict,3,24.370,,24.500,1,38,290000000,1,43.000,,0,0,0,0,0,0,0
c-heldout,70167,1,compound,contradict,8,38.730,,39.000,1,31,255000000,1,57.500,,0,0,0,0,0,0,0
c-heldout,70167,4,compound,contradict,5,100.964,,101.000,1,34,270000000,1,119.500,,0,0,0,1,1,0,0
c-heldout,70167,5,split_brain,contradict,0,107.186,,107.500,2,104,720000000,0,,,0,0,0,0,0,0,0
c-heldout,70167,12,cascade,contradict,7,342.199,,342.500,2,60,500000000,1,361.000,,0,0,0,1,1,1,0
c-heldout,70167,16,cascade,contradict,3,397.242,,405.500,1,56,380000000,1,424.000,,0,0,0,1,1,0,0
c-heldout,70167,18,compound,contradict,5,414.000,,418.500,1,42,310000000,1,437.000,,0,0,0,1,1,1,0
c-heldout,70167,23,compound,contradict,0,482.215,,482.500,1,59,395000000,1,501.000,,0,0,0,1,1,1,0
c-heldout,70168,1,compound,contradict,0,10.167,,10.500,1,72,460000000,1,29.000,,0,0,0,0,0,0,0
c-heldout,70168,8,split_brain,mimic,6,100.717,,108.000,1,49,345000000,0,,,0,0,0,0,0,0,0
c-heldout,70168,14,compound,mimic,7,188.727,,202.000,1,33,265000000,1,220.500,,0,0,0,0,0,0,0
c-heldout,70168,16,compound,mimic,6,200.797,,208.000,1,46,330000000,1,226.500,,0,0,0,0,0,0,0
c-heldout,70168,19,split_brain,contradict,0,268.001,,272.500,1,50,350000000,0,,,0,0,0,0,0,0,0
c-heldout,70168,23,compound,mimic,5,453.954,,470.000,1,31,255000000,0,,,0,0,0,1,1,1,0
c-heldout,70169,0,slow_leak,,9,2.287,,,0,0,0,0,,,0,0,0,0,0,0,0
c-heldout,70169,4,compound,mimic,7,96.047,,96.500,1,36,280000000,1,115.000,,0,0,0,0,0,0,0
c-heldout,70169,5,split_brain,mimic,5,106.224,,110.000,1,34,270000000,0,,,0,0,0,0,0,0,0
c-heldout,70169,6,slow_leak,,0,122.298,,,0,0,0,0,,,0,0,0,0,0,0,0
c-heldout,70169,7,slow_leak,,9,143.459,0,,0,0,0,0,,,0,0,0,0,0,0,0
c-heldout,70169,11,compound,mimic,7,214.430,4,217.000,1,39,295000000,1,235.500,115.000,1,1,1,0,1,1,0
c-heldout,70169,16,cascade,mimic,5,380.027,,380.500,1,33,265000000,1,399.000,,0,0,0,0,0,0,0
c-heldout,70169,18,compound,contradict,4,424.080,,429.000,1,34,270000000,1,447.500,,0,0,0,0,0,0,0
c-heldout,70169,21,cascade,contradict,3,471.723,,472.000,1,32,260000000,1,490.500,,0,0,0,0,0,0,0
c-heldout,70169,22,compound,mimic,7,483.319,11,486.500,1,43,315000000,1,505.000,235.500,1,1,1,0,1,1,0
c-heldout,70170,7,cascade,contradict,7,237.553,,238.000,1,37,285000000,1,256.500,,0,0,0,0,0,0,0
c-heldout,70170,8,cascade,contradict,4,243.355,,243.500,1,45,325000000,1,262.000,,0,0,0,0,0,0,0
c-heldout,70170,9,split_brain,contradict,2,267.498,,270.000,1,43,315000000,0,,,0,0,0,0,0,0,0
c-heldout,70170,13,slow_leak,,5,409.574,,,0,0,0,0,,,0,0,0,0,0,0,0
c-heldout,70171,4,cascade,mimic,4,45.290,,45.500,1,45,325000000,1,64.000,,0,0,0,0,0,0,0
c-heldout,70171,15,split_brain,mimic,9,150.738,,153.500,1,33,265000000,0,,,0,0,0,0,0,0,0
c-heldout,70171,16,split_brain,contradict,8,164.609,,165.000,1,47,335000000,1,202.000,,0,0,0,0,0,0,0
c-heldout,70171,25,compound,mimic,5,440.893,,442.000,1,49,345000000,1,460.500,,0,0,0,0,0,0,0
c-heldout,70172,5,slow_leak,,0,184.475,,200.500,1,51,355000000,1,219.000,,0,0,0,0,0,0,0
c-heldout,70172,7,slow_leak,,6,224.086,,,0,0,0,0,,,0,0,0,1,1,1,0
c-heldout,70172,21,compound,contradict,7,475.982,,477.500,1,35,275000000,1,496.000,,0,0,0,0,0,0,0
c-heldout,70173,3,slow_leak,,8,218.178,,,0,0,0,0,,,0,0,0,0,0,0,0
c-heldout,70173,8,slow_leak,,8,341.689,,,0,0,0,0,,,0,0,0,0,0,0,0
c-heldout,70173,9,slow_leak,,10,352.205,,,0,0,0,0,,,0,0,0,0,0,0,0
c-heldout,70173,11,cascade,contradict,1,381.471,,381.500,1,40,300000000,1,400.000,,0,0,0,0,0,0,0
c-heldout,70174,1,cascade,contradict,6,5.537,,7.000,1,34,270000000,1,25.500,,0,0,0,0,0,0,0
c-heldout,70174,9,slow_leak,,1,195.089,,213.000,1,44,320000000,0,,,0,0,0,0,0,0,0
c-heldout,70174,15,cascade,contradict,2,415.305,,415.500,1,48,340000000,1,434.000,,0,0,0,1,1,1,0
c-heldout,70174,19,slow_leak,,9,525.479,,,0,0,0,0,,,0,0,0,0,0,0,0
c-heldout,70175,6,cascade,mimic,3,135.720,,136.000,1,51,355000000,0,,,0,0,0,0,0,0,0
c-heldout,70175,7,split_brain,mimic,4,148.826,,159.000,1,40,300000000,0,,,0,0,0,0,0,0,0
c-heldout,70175,14,slow_leak,,2,266.908,,279.500,1,44,320000000,1,298.000,,0,0,0,0,0,0,0
c-heldout,70175,20,compound,mimic,8,355.136,,359.000,1,38,290000000,1,377.500,,0,0,0,0,0,0,0
c-heldout,70176,0,cascade,contradict,7,21.876,,22.000,1,37,285000000,0,,,0,0,0,0,0,0,0
c-heldout,70176,2,split_brain,contradict,4,108.900,,109.000,1,33,265000000,0,,,0,0,0,0,0,0,0
c-heldout,70176,3,compound,mimic,3,122.342,,122.500,1,41,305000000,1,141.000,,0,0,0,0,0,0,0
c-heldout,70176,5,cascade,contradict,3,195.972,,196.000,1,50,350000000,1,214.500,,0,0,0,0,0,0,0
c-heldout,70176,7,slow_leak,,2,258.113,,,0,0,0,0,,,0,0,0,0,0,0,0
c-heldout,70176,9,compound,mimic,3,308.961,3,309.000,1,49,345000000,1,327.500,141.000,1,1,0,0,1,1,1
c-heldout,70176,10,split_brain,contradict,4,345.596,2,346.000,2,73,565000000,1,365.500,,0,0,0,0,0,0,0
c-heldout,70176,12,slow_leak,,0,397.539,,,0,0,0,0,,,0,0,0,0,0,0,0
c-heldout,70176,14,split_brain,contradict,10,411.723,,414.000,1,35,275000000,0,,,0,0,0,1,1,1,0
c-heldout,70176,15,compound,contradict,7,429.583,,430.000,1,31,255000000,1,448.500,,0,0,0,0,0,0,0
c-heldout,70176,17,split_brain,contradict,4,450.980,10,451.000,1,38,290000000,1,469.500,365.500,1,1,0,0,1,1,1
c-heldout,70176,18,compound,mimic,10,502.040,,504.500,1,32,260000000,1,523.000,,0,0,0,1,1,1,0
c-heldout,70176,24,slow_leak,,2,538.430,7,552.500,1,49,345000000,1,571.000,,0,0,0,0,0,0,0
c-heldout,70177,6,slow_leak,,7,60.782,,80.000,1,24,220000000,0,,,0,0,0,0,0,0,0
c-heldout,70177,10,split_brain,mimic,9,88.077,,,0,0,0,0,,,0,0,0,0,0,0,0
c-heldout,70177,12,cascade,mimic,8,130.552,,136.000,1,47,335000000,1,154.500,,0,0,0,0,0,0,0
c-heldout,70177,17,cascade,mimic,10,237.054,,241.000,1,36,280000000,0,,,0,0,0,1,1,0,0
c-heldout,70177,18,slow_leak,,0,241.216,,,0,0,0,0,,,0,0,0,0,0,0,0
c-heldout,70177,19,split_brain,contradict,7,279.203,,283.000,1,38,290000000,1,301.500,,0,0,0,0,0,0,0
c-heldout,70177,29,split_brain,mimic,0,429.023,,434.000,1,70,450000000,1,452.500,,0,0,0,0,0,0,0
c-heldout,70177,33,compound,mimic,8,516.062,,,0,0,0,0,,,0,0,0,0,0,0,0
c-heldout,70178,6,slow_leak,,9,146.185,,,0,0,0,0,,,0,0,0,0,0,0,0
c-heldout,70178,14,compound,mimic,7,351.528,,354.000,1,36,280000000,1,372.500,,0,0,0,0,0,0,0
c-heldout,70178,20,split_brain,mimic,9,420.458,,422.000,1,34,270000000,0,,,0,0,0,0,0,0,0
c-heldout,70178,21,split_brain,mimic,6,442.384,,444.000,1,32,260000000,0,,,0,0,0,0,0,0,0
c-heldout,70178,25,compound,mimic,10,489.676,,495.000,1,36,280000000,1,513.500,,0,0,0,1,1,0,0
c-heldout,70178,27,split_brain,mimic,2,515.812,,518.500,1,53,365000000,0,,,0,0,0,0,0,0,0
c-heldout,70179,0,compound,contradict,1,7.731,,8.000,1,42,310000000,1,26.500,,0,0,0,0,0,0,0
c-heldout,70179,4,compound,mimic,7,67.856,,72.000,1,33,265000000,1,90.500,,0,0,0,0,0,0,0
c-heldout,70179,6,cascade,mimic,4,135.542,,136.000,1,40,300000000,0,,,0,0,0,0,0,0,0
c-heldout,70179,7,compound,contradict,1,150.264,0,150.500,1,45,325000000,0,,26.500,1,1,1,0,1,1,0
c-heldout,70179,8,cascade,contradict,6,154.397,,157.500,1,36,280000000,1,176.000,,0,0,0,0,0,0,0
c-heldout,70179,13,compound,contradict,1,243.094,7,243.500,1,56,380000000,1,262.000,,0,1,0,1,1,1,0
c-heldout,70179,19,cascade,contradict,7,408.158,,408.500,1,32,260000000,1,427.000,,0,0,0,1,1,0,0
c-heldout,70180,1,compound,contradict,3,111.587,,112.000,1,46,330000000,1,130.500,,0,0,0,0,0,0,0
c-heldout,70180,3,split_brain,mimic,0,128.790,,129.000,1,41,305000000,1,147.500,,0,0,0,0,0,0,0
c-heldout,70180,4,cascade,mimic,9,148.272,,150.000,1,37,285000000,1,168.500,,0,0,0,0,0,0,0
c-heldout,70180,5,cascade,contradict,5,179.382,,179.500,1,35,275000000,1,198.000,,0,0,0,0,0,0,0
c-heldout,70180,6,slow_leak,,0,216.985,,,0,0,0,0,,,0,0,0,0,0,0,0
c-heldout,70180,7,cascade,contradict,10,230.395,,230.500,1,26,230000000,1,249.000,,0,0,0,1,1,0,0
c-heldout,70180,11,split_brain,contradict,9,287.496,,288.000,1,33,265000000,1,306.500,,0,0,0,0,0,0,0
c-heldout,70180,13,split_brain,mimic,0,324.338,3,324.500,1,46,330000000,1,343.000,147.500,1,1,1,0,1,1,0
c-heldout,70180,15,cascade,mimic,8,363.273,,365.000,1,32,260000000,0,,,0,0,0,1,1,0,0
c-heldout,70180,20,compound,contradict,4,415.069,,416.500,1,33,265000000,1,435.000,,0,0,0,1,1,0,0
c-heldout,70181,4,slow_leak,,1,54.614,,67.500,1,67,435000000,1,86.000,,0,0,0,0,0,0,0
c-heldout,70181,16,split_brain,contradict,10,289.898,,293.500,1,26,230000000,0,,,0,0,0,0,0,0,0
c-heldout,70181,20,split_brain,mimic,1,342.465,,346.000,1,55,375000000,1,364.500,,0,0,0,0,0,0,0
c-heldout,70182,3,cascade,mimic,1,92.920,,93.000,1,46,330000000,0,,,0,0,0,0,0,0,0
c-heldout,70182,4,slow_leak,,9,126.501,,142.500,1,27,235000000,0,,,0,0,0,0,0,0,0
c-heldout,70182,6,split_brain,mimic,3,182.689,,185.000,2,63,515000000,1,218.500,,0,0,0,0,0,0,0
c-heldout,70182,15,split_brain,contradict,7,337.413,,339.000,1,35,275000000,1,357.500,,0,0,0,0,0,0,0
c-heldout,70182,16,slow_leak,,6,382.260,,397.500,1,29,245000000,0,,,0,0,0,0,0,0,0
c-heldout,70182,21,compound,contradict,3,489.856,,490.000,1,43,315000000,1,508.500,,0,0,0,0,0,0,0
c-heldout,70182,23,cascade,contradict,2,526.604,,527.000,1,31,255000000,0,,,0,0,0,0,0,0,0
c-heldout,70183,1,split_brain,contradict,6,35.811,,36.000,1,28,240000000,0,,,0,0,0,0,0,0,0
c-heldout,70183,2,slow_leak,,5,41.009,,,0,0,0,0,,,0,0,0,0,0,0,0
c-heldout,70183,10,slow_leak,,5,196.969,2,,0,0,0,0,,,0,0,0,0,0,0,0
c-heldout,70183,11,compound,mimic,8,199.983,,,0,0,0,0,,,0,0,0,0,0,0,0
c-heldout,70183,23,compound,mimic,8,450.129,11,455.500,1,39,295000000,1,474.000,,0,0,0,0,0,0,1
c-heldout,70184,4,slow_leak,,10,80.015,,96.500,1,29,245000000,1,115.000,,0,0,0,0,0,0,0
c-heldout,70184,8,slow_leak,,10,182.004,,198.500,1,34,270000000,0,,,0,1,0,1,1,1,0
c-heldout,70184,12,slow_leak,,8,286.472,,,0,0,0,0,,,0,0,0,1,1,1,0
c-heldout,70184,16,split_brain,mimic,5,380.697,,381.000,1,33,265000000,0,,,0,0,0,0,0,0,0
c-heldout,70184,17,slow_leak,,8,405.627,12,,0,0,0,0,,,0,0,0,1,1,1,0
c-heldout,70184,18,compound,contradict,6,437.995,,438.500,1,37,285000000,0,,,0,0,0,0,0,0,0
c-heldout,70184,23,slow_leak,,10,468.913,4,,0,0,0,0,,115.000,1,1,1,0,1,1,0
c-heldout,70185,0,split_brain,mimic,1,56.968,,57.500,1,43,315000000,1,76.000,,0,0,0,0,0,0,0
c-heldout,70185,1,compound,mimic,9,60.357,,60.500,1,32,260000000,1,79.000,,0,0,0,0,0,0,0
c-heldout,70185,5,compound,mimic,9,169.723,1,173.500,1,31,255000000,1,192.000,79.000,1,1,1,0,1,1,0
c-heldout,70185,9,slow_leak,,8,221.197,,234.000,1,40,300000000,1,252.500,,0,0,0,0,0,0,0
c-heldout,70185,13,split_brain,mimic,8,303.709,,304.000,1,29,245000000,1,322.500,,0,0,0,1,1,1,0
c-heldout,70185,15,compound,mimic,9,399.923,5,401.500,1,36,280000000,1,420.000,192.000,1,1,0,0,1,1,1
c-heldout,70185,16,compound,contradict,1,406.117,,406.500,1,45,325000000,0,,,0,0,0,0,0,0,0
c-heldout,70185,18,compound,contradict,2,420.847,,421.000,1,51,355000000,1,439.500,,0,0,0,0,0,0,0
c-heldout,70185,22,compound,mimic,9,484.716,1,487.000,1,35,275000000,1,505.500,79.000,1,1,0,0,1,1,1
c-heldout,70185,23,split_brain,mimic,6,493.022,,496.000,1,38,290000000,0,,,0,0,0,1,1,1,0
c-heldout,70186,2,slow_leak,,0,26.147,,41.000,1,54,370000000,0,,,0,0,0,0,0,0,0
c-heldout,70186,9,compound,mimic,8,164.957,,165.000,1,35,275000000,1,183.500,,0,0,0,0,0,0,0
c-heldout,70186,12,slow_leak,,0,234.075,2,,0,0,0,0,,,0,0,0,0,0,0,0
c-heldout,70186,15,split_brain,contradict,7,286.685,,287.000,1,34,270000000,0,,,0,0,0,0,0,0,0
c-heldout,70186,19,slow_leak,,0,339.547,2,353.000,1,52,360000000,0,,,0,0,0,0,0,0,0
c-heldout,70187,1,slow_leak,,5,23.538,,,0,0,0,0,,,0,0,0,0,0,0,0
c-heldout,70187,13,compound,mimic,3,188.028,,194.500,1,39,295000000,1,213.000,,0,0,0,0,0,0,0
c-heldout,70187,17,compound,contradict,8,281.367,,282.000,1,35,275000000,1,300.500,,0,0,0,0,0,0,0
c-heldout,70187,19,slow_leak,,4,289.086,,306.000,1,42,310000000,1,324.500,,0,0,0,0,0,0,0
c-heldout,70187,23,compound,mimic,3,440.453,13,444.000,1,41,305000000,1,462.500,213.000,1,1,1,0,1,1,0
c-heldout,70187,26,slow_leak,,0,494.852,,,0,0,0,0,,,0,0,0,1,1,1,0
c-heldout,70188,6,cascade,contradict,3,82.395,,82.500,1,54,370000000,1,101.000,,0,0,0,0,0,0,0
c-heldout,70188,18,compound,contradict,4,239.083,,239.500,2,110,750000000,1,258.000,,0,0,0,0,0,0,0
c-heldout,70188,22,compound,contradict,9,292.177,,312.000,1,56,380000000,1,330.500,,0,0,0,1,1,0,0
c-heldout,70188,25,slow_leak,,5,358.130,,,0,0,0,0,,,0,0,0,0,0,0,0
c-heldout,70188,30,compound,mimic,8,434.525,,441.000,1,50,350000000,1,459.500,,0,0,0,0,0,0,0
c-heldout,70188,36,split_brain,contradict,0,522.700,,528.000,1,58,390000000,1,546.500,,0,0,0,0,0,0,0
c-heldout,70189,2,split_brain,mimic,2,49.274,,49.500,1,35,275000000,0,,,0,0,0,0,0,0,0
c-heldout,70189,6,split_brain,contradict,4,191.949,,192.000,1,38,290000000,1,210.500,,0,0,0,0,0,0,0
c-heldout,70189,11,split_brain,mimic,1,250.588,,252.500,1,50,350000000,0,,,0,0,0,0,0,0,0
c-heldout,70189,15,cascade,contradict,4,299.151,,299.500,1,64,420000000,1,318.000,,0,0,0,0,0,0,0
c-heldout,70189,17,slow_leak,,0,335.974,,348.000,1,46,330000000,1,366.500,,0,0,0,0,0,0,0
c-heldout,70189,19,compound,mimic,8,379.234,,383.000,1,36,280000000,1,401.500,,0,0,0,0,0,0,0
c-heldout,70189,20,split_brain,mimic,1,384.125,,384.500,1,43,315000000,0,,,0,0,0,0,0,0,0
c-heldout,70189,21,split_brain,contradict,7,424.598,,426.500,1,39,295000000,1,445.000,,0,0,0,1,1,1,0
c-heldout,70189,25,slow_leak,,9,458.795,,478.500,1,29,245000000,0,,,0,0,0,1,1,1,0
c-heldout,70189,30,cascade,contradict,3,533.426,,536.000,1,45,325000000,1,554.500,,0,0,0,1,1,0,0
c-heldout,70190,4,compound,contradict,0,38.535,,39.000,1,76,480000000,1,57.500,,0,0,0,0,0,0,0
c-heldout,70190,7,split_brain,mimic,6,115.001,,117.500,1,32,260000000,0,,,0,0,0,0,0,0,0
c-heldout,70190,13,compound,mimic,3,198.317,,202.000,1,50,350000000,1,220.500,,0,0,0,0,0,0,0
c-heldout,70190,16,compound,mimic,4,251.199,,,0,0,0,0,,,0,0,0,1,1,1,0
c-heldout,70190,18,split_brain,mimic,9,258.330,,260.500,1,35,275000000,0,,,0,0,0,0,0,0,0
c-heldout,70190,19,cascade,contradict,8,268.456,,275.500,1,39,295000000,0,,,0,0,0,0,0,0,0
c-heldout,70190,23,compound,mimic,4,374.138,16,388.500,1,58,390000000,1,407.000,,0,0,0,1,1,1,0
c-heldout,70190,25,split_brain,mimic,3,405.807,,409.000,1,45,325000000,0,,,0,0,0,0,0,0,0
c-heldout,70190,28,split_brain,contradict,8,424.700,,431.000,1,36,280000000,1,449.500,,0,0,0,0,0,0,0
c-heldout,70190,33,compound,mimic,4,478.801,23,482.500,1,58,390000000,1,501.000,407.000,1,1,1,0,1,1,0
c-heldout,70191,2,slow_leak,,5,170.805,,,0,0,0,0,,,0,0,0,0,0,0,0
c-heldout,70191,4,split_brain,mimic,7,203.684,,204.000,1,29,245000000,0,,,0,0,0,0,0,0,0
c-heldout,70191,11,cascade,contradict,8,292.149,,297.000,1,41,305000000,0,,,0,0,0,0,0,0,0
c-heldout,70191,12,split_brain,contradict,2,322.120,,322.500,1,40,300000000,1,343.000,,0,0,0,0,0,0,0
c-heldout,70191,16,slow_leak,,5,412.632,2,,0,0,0,0,,,0,0,0,0,0,0,0
c-heldout,70191,20,slow_leak,,5,518.563,2,533.000,1,40,300000000,0,,,0,0,0,0,0,0,0
c-heldout,70191,21,slow_leak,,7,521.403,,,0,0,0,0,,,0,0,0,0,0,0,0
c-heldout,70192,3,compound,contradict,0,119.304,,119.500,1,81,505000000,1,138.000,,0,0,0,0,0,0,0
c-heldout,70192,7,split_brain,mimic,1,169.062,,171.500,1,47,335000000,1,190.000,,0,0,0,0,0,0,0
c-heldout,70192,10,compound,contradict,2,265.207,,265.500,1,48,340000000,1,284.000,,0,0,0,1,1,0,0
c-heldout,70192,17,slow_leak,,3,388.851,,,0,0,0,0,,,0,0,0,0,0,0,0
c-heldout,70192,19,slow_leak,,6,432.041,,,0,0,0,0,,,0,0,0,0,0,0,0
c-heldout,70192,21,cascade,contradict,2,450.866,,,0,0,0,0,,,0,0,0,0,0,0,0
c-heldout,70192,22,slow_leak,,3,459.712,17,476.500,1,46,330000000,1,495.000,,0,0,0,0,0,0,0
c-heldout,70192,24,compound,contradict,1,516.330,,522.000,1,53,365000000,1,540.500,,0,0,0,1,1,0,0
c-heldout,70192,25,slow_leak,,3,530.917,22,556.500,1,40,300000000,0,,495.000,1,1,1,0,1,1,0
c-heldout,70192,26,slow_leak,,5,534.475,,,0,0,0,0,,,0,0,0,1,1,1,0
c-heldout,70193,4,compound,mimic,3,129.546,,130.000,1,37,285000000,1,148.500,,0,0,0,0,0,0,0
c-heldout,70193,5,split_brain,contradict,7,146.202,,148.000,1,28,240000000,0,,,0,0,0,0,0,0,0
c-heldout,70193,7,split_brain,contradict,10,178.765,,179.000,1,32,260000000,1,200.500,,0,0,0,0,0,0,0
c-heldout,70193,20,compound,mimic,7,420.429,,420.500,1,32,260000000,0,,,0,0,0,1,1,1,0
c-heldout,70193,22,slow_leak,,4,426.457,,,0,0,0,0,,,0,0,0,0,0,0,0
c-heldout,70193,23,compound,mimic,3,428.260,4,428.500,1,39,295000000,1,447.000,148.500,1,1,1,0,1,1,0
c-heldout,70194,1,compound,contradict,0,40.963,,41.000,1,54,370000000,1,59.500,,0,0,0,0,0,0,0
c-heldout,70194,8,slow_leak,,5,125.124,,,0,0,0,0,,,0,0,0,0,0,0,0
c-heldout,70194,10,slow_leak,,0,149.281,,169.500,1,54,370000000,0,,,0,0,0,0,0,0,0
c-heldout,70194,13,compound,contradict,2,240.593,,241.000,1,37,285000000,1,259.500,,0,0,0,1,1,0,0
c-heldout,70194,15,cascade,mimic,3,299.748,,300.000,1,45,325000000,0,,,0,0,0,0,0,0,0
c-heldout,70194,16,compound,contradict,1,369.908,,370.000,1,69,445000000,1,388.500,,0,0,0,1,1,1,0
c-heldout,70194,20,cascade,mimic,3,461.844,15,462.000,1,56,380000000,0,,,0,0,0,0,0,0,0
c-heldout,70194,22,split_brain,mimic,1,494.795,,502.500,1,44,320000000,0,,,0,0,0,0,0,0,0
c-heldout,70195,3,compound,contradict,5,94.096,,94.500,1,39,295000000,1,113.000,,0,0,0,0,0,0,0
c-heldout,70195,4,slow_leak,,3,100.420,,,0,0,0,0,,,0,0,0,0,0,0,0
c-heldout,70195,6,cascade,mimic,10,150.334,,151.500,1,33,265000000,0,,,0,0,0,0,0,0,0
c-heldout,70195,10,cascade,mimic,2,215.593,,216.000,1,82,510000000,0,,,0,0,0,0,0,0,0
c-heldout,70195,11,cascade,contradict,7,230.682,,231.000,1,27,235000000,0,,,0,0,0,0,0,0,0
c-heldout,70195,12,compound,contradict,5,230.695,3,232.500,1,55,375000000,0,,113.000,1,1,1,0,1,1,0
c-heldout,70195,18,cascade,mimic,10,321.668,6,322.500,1,35,275000000,0,,,0,0,0,0,0,0,0
c-heldout,70195,22,cascade,mimic,3,412.529,,413.000,1,32,260000000,1,431.500,,0,0,0,0,0,0,0
c-heldout,70195,23,slow_leak,,2,427.608,,,0,0,0,0,,,0,0,0,0,0,0,0
c-heldout,70195,24,slow_leak,,4,429.059,,,0,0,0,0,,,0,0,0,0,0,0,0
c-heldout,70195,26,cascade,mimic,9,469.138,,471.000,1,28,240000000,1,489.500,,0,0,0,1,1,1,0
c-heldout,70196,2,split_brain,mimic,7,40.821,,43.500,1,43,315000000,0,,,0,0,0,0,0,0,0
c-heldout,70196,8,cascade,contradict,6,117.673,,118.000,1,37,285000000,0,,,0,0,0,0,0,0,0
c-heldout,70196,11,split_brain,mimic,7,198.858,2,199.000,1,30,250000000,0,,,0,0,0,0,0,0,0
c-heldout,70196,17,compound,contradict,9,269.584,,270.000,1,37,285000000,1,288.500,,0,0,0,0,0,0,0
c-heldout,70196,22,split_brain,mimic,10,322.935,,330.000,1,43,315000000,1,348.500,,0,0,0,0,0,0,0
c-heldout,70196,23,compound,mimic,5,354.195,,361.500,1,62,410000000,1,380.000,,0,0,0,0,0,0,0
c-heldout,70196,24,slow_leak,,2,354.684,,374.000,1,52,360000000,1,392.500,,0,0,0,0,0,0,0
c-heldout,70196,26,cascade,mimic,4,364.847,,365.000,1,41,305000000,1,383.500,,0,0,0,0,0,0,0
c-heldout,70196,28,compound,mimic,5,446.467,23,446.500,1,56,380000000,1,465.000,380.000,1,1,1,0,1,1,0
c-heldout,70196,31,compound,contradict,3,453.233,,453.500,1,47,335000000,1,472.000,,0,0,0,1,1,0,0
c-heldout,70196,32,slow_leak,,2,489.471,24,,0,0,0,0,,392.500,1,1,1,0,1,1,0
c-heldout,70196,33,slow_leak,,8,500.557,,,0,0,0,0,,,0,0,0,1,1,1,0
c-heldout,70197,7,split_brain,contradict,9,292.328,,292.500,1,34,270000000,1,317.500,,0,0,0,0,0,0,0
c-heldout,70197,10,slow_leak,,3,300.619,,,0,0,0,0,,,0,0,0,0,0,0,0
c-heldout,70198,0,cascade,contradict,3,16.354,,16.500,2,107,735000000,1,35.000,,0,0,0,0,0,0,0
c-heldout,70198,1,split_brain,contradict,7,26.182,,26.500,1,36,280000000,1,45.000,,0,0,0,0,0,0,0
c-heldout,70198,6,compound,mimic,4,93.929,,96.500,1,54,370000000,1,115.000,,0,0,0,0,0,0,0
c-heldout,70198,8,split_brain,mimic,9,139.517,,140.500,1,26,230000000,1,159.000,,0,0,0,0,0,0,0
c-heldout,70198,9,compound,mimic,4,188.951,6,189.000,1,42,310000000,1,207.500,115.000,1,1,1,0,1,1,0
c-heldout,70198,11,split_brain,contradict,6,229.661,,233.000,1,53,365000000,0,,,0,0,0,1,1,1,0
c-heldout,70198,13,split_brain,mimic,8,233.186,,239.500,1,41,305000000,0,,,0,0,0,1,1,1,0
c-heldout,70198,14,cascade,contradict,3,240.598,0,241.000,1,56,380000000,1,259.500,35.000,1,1,1,0,1,1,0
c-heldout,70198,18,compound,mimic,4,349.960,9,350.000,1,49,345000000,1,368.500,207.500,1,1,1,0,1,1,0
c-heldout,70198,20,slow_leak,,1,386.871,,,0,0,0,0,,,0,0,0,0,0,0,0
c-heldout,70198,21,cascade,contradict,8,394.213,,398.000,1,30,250000000,1,416.500,,0,0,0,1,1,0,0
c-heldout,70198,22,compound,mimic,4,420.866,18,421.000,1,42,310000000,1,439.500,368.500,1,1,1,0,1,1,0
c-heldout,70199,8,cascade,mimic,5,190.457,,190.500,1,35,275000000,0,,,0,0,0,0,0,0,0
c-heldout,70199,10,cascade,contradict,6,193.224,,194.500,1,42,310000000,1,213.000,,0,0,0,0,0,0,0
c-heldout,70199,14,cascade,mimic,4,276.180,,276.500,1,30,250000000,0,,,0,0,0,0,0,0,0
c-heldout,70199,21,cascade,mimic,4,407.631,14,410.000,1,34,270000000,0,,,0,0,0,0,0,0,0
c-heldout,70199,26,slow_leak,,6,512.566,,526.500,1,36,280000000,1,545.000,,0,0,0,0,0,0,0
