range,seeds,side,cutoff_s,key,form,stream_reset,teacher,rule,streams,recalls,right,wrong,recalls_on_plain,recalls_on_decoy,recalls_on_hard,wrong_on_plain,wrong_on_decoy,wrong_on_hard,wrong_share,wrong_share_lo90,wrong_share_hi90,wrong_per_stream,wrong_per_stream_lo90,wrong_per_stream_hi90,hard_recalled_right,hard_incidents,hard_recalled_right_share,hard_right_lo90,hard_right_hi90,hard_recurrences,hard_recurrences_recalled_right,hard_recurrences_recalled_right_share,hrr_lo90,hrr_hi90
a-tune,10000-10099,hidden,6,ladder K1,site,yes,hard,last answer,100,53,45,8,5,3,45,5,3,0,0.1509,0.0769,0.2364,0.0800,0.0400,0.1300,45,243,0.1852,0.1404,0.2271,44,42,0.9545,0.8919,1.0000
a-tune,10000-10099,hidden,6,ladder K1,site,yes,hard,"vote, leader above 0.5",100,53,45,8,5,3,45,5,3,0,0.1509,0.0769,0.2364,0.0800,0.0400,0.1300,45,243,0.1852,0.1404,0.2271,44,42,0.9545,0.8919,1.0000
a-tune,10000-10099,hidden,6,ladder K1,site,yes,hard,"vote, leader above 0.8",100,53,45,8,5,3,45,5,3,0,0.1509,0.0769,0.2364,0.0800,0.0400,0.1300,45,243,0.1852,0.1404,0.2271,44,42,0.9545,0.8919,1.0000
a-tune,10000-10099,hidden,6,ladder K1,family,yes,hard,last answer,100,229,72,157,121,35,73,121,35,1,0.6856,0.6190,0.7490,1.5700,1.2200,1.9600,72,243,0.2963,0.2430,0.3450,44,42,0.9545,0.8919,1.0000
a-tune,10000-10099,hidden,6,ladder K1,family,yes,hard,"vote, leader above 0.5",100,229,72,157,121,35,73,121,35,1,0.6856,0.6190,0.7490,1.5700,1.2200,1.9600,72,243,0.2963,0.2430,0.3450,44,42,0.9545,0.8919,1.0000
a-tune,10000-10099,hidden,6,ladder K1,family,yes,hard,"vote, leader above 0.8",100,228,72,156,120,35,73,120,35,1,0.6842,0.6181,0.7476,1.5600,1.2200,1.9400,72,243,0.2963,0.2430,0.3450,44,42,0.9545,0.8919,1.0000
a-tune,10000-10099,hidden,6,ladder K1,family,no,hard,last answer,100,1749,216,1533,1277,250,222,1277,250,6,0.8765,0.8583,0.8933,15.3300,14.4800,16.1600,216,243,0.8889,0.8492,0.9263,44,43,0.9773,0.9333,1.0000
a-tune,10000-10099,hidden,6,ladder K1,family,no,hard,"vote, leader above 0.5",100,1749,218,1531,1277,250,222,1277,250,4,0.8754,0.8571,0.8923,15.3100,14.4600,16.1500,218,243,0.8971,0.8578,0.9339,44,43,0.9773,0.9333,1.0000
a-tune,10000-10099,hidden,6,ladder K1,family,no,hard,"vote, leader above 0.8",100,1711,216,1495,1246,245,220,1246,245,4,0.8738,0.8552,0.8910,14.9500,14.0700,15.8300,216,243,0.8889,0.8481,0.9267,44,43,0.9773,0.9333,1.0000
a-tune,10000-10099,hidden,6,ladder K2,site,yes,hard,last answer,100,49,43,6,4,2,43,4,2,0,0.1224,0.0533,0.2000,0.0600,0.0200,0.1000,43,243,0.1770,0.1342,0.2172,44,41,0.9318,0.8627,0.9833
a-tune,10000-10099,hidden,6,ladder K2,site,yes,hard,"vote, leader above 0.5",100,49,43,6,4,2,43,4,2,0,0.1224,0.0533,0.2000,0.0600,0.0200,0.1000,43,243,0.1770,0.1342,0.2172,44,41,0.9318,0.8627,0.9833
a-tune,10000-10099,hidden,6,ladder K2,site,yes,hard,"vote, leader above 0.8",100,49,43,6,4,2,43,4,2,0,0.1224,0.0533,0.2000,0.0600,0.0200,0.1000,43,243,0.1770,0.1342,0.2172,44,41,0.9318,0.8627,0.9833
a-tune,10000-10099,hidden,6,ladder K2,family,yes,hard,last answer,100,152,59,93,74,19,59,74,19,0,0.6118,0.5241,0.6946,0.9300,0.6700,1.2100,59,243,0.2428,0.1933,0.2868,44,41,0.9318,0.8627,0.9833
a-tune,10000-10099,hidden,6,ladder K2,family,yes,hard,"vote, leader above 0.5",100,152,59,93,74,19,59,74,19,0,0.6118,0.5241,0.6946,0.9300,0.6700,1.2100,59,243,0.2428,0.1933,0.2868,44,41,0.9318,0.8627,0.9833
a-tune,10000-10099,hidden,6,ladder K2,family,yes,hard,"vote, leader above 0.8",100,152,59,93,74,19,59,74,19,0,0.6118,0.5241,0.6946,0.9300,0.6700,1.2100,59,243,0.2428,0.1933,0.2868,44,41,0.9318,0.8627,0.9833
a-tune,10000-10099,hidden,6,ladder K2,family,no,hard,last answer,100,1657,202,1455,1215,234,208,1215,234,6,0.8781,0.8592,0.8956,14.5500,13.7000,15.4000,202,243,0.8313,0.7826,0.8750,44,43,0.9773,0.9333,1.0000
a-tune,10000-10099,hidden,6,ladder K2,family,no,hard,"vote, leader above 0.5",100,1646,203,1443,1206,233,207,1206,233,4,0.8767,0.8576,0.8945,14.4300,13.5600,15.2900,203,243,0.8354,0.7857,0.8802,44,43,0.9773,0.9333,1.0000
a-tune,10000-10099,hidden,6,ladder K2,family,no,hard,"vote, leader above 0.8",100,1582,197,1385,1156,226,200,1156,226,3,0.8755,0.8562,0.8934,13.8500,12.9600,14.7300,197,243,0.8107,0.7587,0.8597,44,40,0.9091,0.8158,0.9836
a-tune,10000-10099,hidden,6,ladder K3,site,yes,hard,last answer,100,44,38,6,4,2,38,4,2,0,0.1364,0.0606,0.2222,0.0600,0.0200,0.1000,38,243,0.1564,0.1130,0.1985,44,36,0.8182,0.7000,0.9167
a-tune,10000-10099,hidden,6,ladder K3,site,yes,hard,"vote, leader above 0.5",100,44,38,6,4,2,38,4,2,0,0.1364,0.0606,0.2222,0.0600,0.0200,0.1000,38,243,0.1564,0.1130,0.1985,44,36,0.8182,0.7000,0.9167
a-tune,10000-10099,hidden,6,ladder K3,site,yes,hard,"vote, leader above 0.8",100,44,38,6,4,2,38,4,2,0,0.1364,0.0606,0.2222,0.0600,0.0200,0.1000,38,243,0.1564,0.1130,0.1985,44,36,0.8182,0.7000,0.9167
a-tune,10000-10099,hidden,6,ladder K3,family,yes,hard,last answer,100,123,52,71,54,17,52,54,17,0,0.5772,0.4733,0.6776,0.7100,0.4900,0.9500,52,243,0.2140,0.1644,0.2581,44,36,0.8182,0.7000,0.9167
a-tune,10000-10099,hidden,6,ladder K3,family,yes,hard,"vote, leader above 0.5",100,123,52,71,54,17,52,54,17,0,0.5772,0.4733,0.6776,0.7100,0.4900,0.9500,52,243,0.2140,0.1644,0.2581,44,36,0.8182,0.7000,0.9167
a-tune,10000-10099,hidden,6,ladder K3,family,yes,hard,"vote, leader above 0.8",100,123,52,71,54,17,52,54,17,0,0.5772,0.4733,0.6776,0.7100,0.4900,0.9500,52,243,0.2140,0.1644,0.2581,44,36,0.8182,0.7000,0.9167
a-tune,10000-10099,hidden,6,ladder K3,family,no,hard,last answer,100,1453,186,1267,1054,207,192,1054,207,6,0.8720,0.8518,0.8910,12.6700,11.8700,13.4800,186,243,0.7654,0.7125,0.8157,44,39,0.8864,0.7750,0.9730
a-tune,10000-10099,hidden,6,ladder K3,family,no,hard,"vote, leader above 0.5",100,1451,187,1264,1053,207,191,1053,207,4,0.8711,0.8509,0.8904,12.6400,11.8400,13.4400,187,243,0.7695,0.7160,0.8200,44,38,0.8636,0.7500,0.9545
a-tune,10000-10099,hidden,6,ladder K3,family,no,hard,"vote, leader above 0.8",100,1408,185,1223,1015,205,188,1015,205,3,0.8686,0.8480,0.8881,12.2300,11.4600,12.9905,185,243,0.7613,0.7090,0.8112,44,38,0.8636,0.7500,0.9545
a-tune,10000-10099,hidden,6,ladder K4,site,yes,hard,last answer,100,44,38,6,4,2,38,4,2,0,0.1364,0.0606,0.2222,0.0600,0.0200,0.1000,38,243,0.1564,0.1130,0.1985,44,36,0.8182,0.7000,0.9167
a-tune,10000-10099,hidden,6,ladder K4,site,yes,hard,"vote, leader above 0.5",100,44,38,6,4,2,38,4,2,0,0.1364,0.0606,0.2222,0.0600,0.0200,0.1000,38,243,0.1564,0.1130,0.1985,44,36,0.8182,0.7000,0.9167
a-tune,10000-10099,hidden,6,ladder K4,site,yes,hard,"vote, leader above 0.8",100,44,38,6,4,2,38,4,2,0,0.1364,0.0606,0.2222,0.0600,0.0200,0.1000,38,243,0.1564,0.1130,0.1985,44,36,0.8182,0.7000,0.9167
a-tune,10000-10099,hidden,6,ladder K4,family,yes,hard,last answer,100,122,52,70,54,16,52,54,16,0,0.5738,0.4681,0.6754,0.7000,0.4800,0.9400,52,243,0.2140,0.1644,0.2581,44,36,0.8182,0.7000,0.9167
a-tune,10000-10099,hidden,6,ladder K4,family,yes,hard,"vote, leader above 0.5",100,122,52,70,54,16,52,54,16,0,0.5738,0.4681,0.6754,0.7000,0.4800,0.9400,52,243,0.2140,0.1644,0.2581,44,36,0.8182,0.7000,0.9167
a-tune,10000-10099,hidden,6,ladder K4,family,yes,hard,"vote, leader above 0.8",100,122,52,70,54,16,52,54,16,0,0.5738,0.4681,0.6754,0.7000,0.4800,0.9400,52,243,0.2140,0.1644,0.2581,44,36,0.8182,0.7000,0.9167
a-tune,10000-10099,hidden,6,ladder K4,family,no,hard,last answer,100,1448,186,1262,1054,202,192,1054,202,6,0.8715,0.8513,0.8906,12.6200,11.8200,13.4300,186,243,0.7654,0.7125,0.8157,44,39,0.8864,0.7750,0.9730
a-tune,10000-10099,hidden,6,ladder K4,family,no,hard,"vote, leader above 0.5",100,1446,187,1259,1053,202,191,1053,202,4,0.8707,0.8504,0.8900,12.5900,11.7900,13.4000,187,243,0.7695,0.7160,0.8200,44,38,0.8636,0.7500,0.9545
a-tune,10000-10099,hidden,6,ladder K4,family,no,hard,"vote, leader above 0.8",100,1403,185,1218,1015,200,188,1015,200,3,0.8681,0.8474,0.8876,12.1800,11.4100,12.9500,185,243,0.7613,0.7090,0.8112,44,38,0.8636,0.7500,0.9545
a-tune,10000-10099,hidden,10,ladder K1,site,yes,hard,last answer,100,50,43,7,4,3,43,4,3,0,0.1400,0.0656,0.2250,0.0700,0.0300,0.1100,43,243,0.1770,0.1362,0.2149,44,40,0.9091,0.8421,0.9737
a-tune,10000-10099,hidden,10,ladder K1,site,yes,hard,"vote, leader above 0.5",100,50,43,7,4,3,43,4,3,0,0.1400,0.0656,0.2250,0.0700,0.0300,0.1100,43,243,0.1770,0.1362,0.2149,44,40,0.9091,0.8421,0.9737
a-tune,10000-10099,hidden,10,ladder K1,site,yes,hard,"vote, leader above 0.8",100,50,43,7,4,3,43,4,3,0,0.1400,0.0656,0.2250,0.0700,0.0300,0.1100,43,243,0.1770,0.1362,0.2149,44,40,0.9091,0.8421,0.9737
a-tune,10000-10099,hidden,10,ladder K1,family,yes,hard,last answer,100,213,69,144,108,36,69,108,36,0,0.6761,0.6087,0.7395,1.4400,1.1000,1.8100,69,243,0.2840,0.2315,0.3320,44,40,0.9091,0.8421,0.9737
a-tune,10000-10099,hidden,10,ladder K1,family,yes,hard,"vote, leader above 0.5",100,213,69,144,108,36,69,108,36,0,0.6761,0.6087,0.7395,1.4400,1.1000,1.8100,69,243,0.2840,0.2315,0.3320,44,40,0.9091,0.8421,0.9737
a-tune,10000-10099,hidden,10,ladder K1,family,yes,hard,"vote, leader above 0.8",100,213,69,144,108,36,69,108,36,0,0.6761,0.6087,0.7395,1.4400,1.1000,1.8100,69,243,0.2840,0.2315,0.3320,44,40,0.9091,0.8421,0.9737
a-tune,10000-10099,hidden,10,ladder K1,family,no,hard,last answer,100,1721,220,1501,1249,248,224,1249,248,4,0.8722,0.8536,0.8893,15.0100,14.2000,15.8100,220,243,0.9053,0.8694,0.9391,44,43,0.9773,0.9333,1.0000
a-tune,10000-10099,hidden,10,ladder K1,family,no,hard,"vote, leader above 0.5",100,1721,222,1499,1249,248,224,1249,248,2,0.8710,0.8524,0.8882,14.9900,14.1800,15.7800,222,243,0.9136,0.8785,0.9464,44,43,0.9773,0.9333,1.0000
a-tune,10000-10099,hidden,10,ladder K1,family,no,hard,"vote, leader above 0.8",100,1721,222,1499,1249,248,224,1249,248,2,0.8710,0.8524,0.8882,14.9900,14.1800,15.7800,222,243,0.9136,0.8785,0.9464,44,43,0.9773,0.9333,1.0000
a-tune,10000-10099,hidden,10,ladder K2,site,yes,hard,last answer,100,39,35,4,2,2,35,2,2,0,0.1026,0.0294,0.1818,0.0400,0.0100,0.0700,35,243,0.1440,0.1055,0.1803,44,33,0.7500,0.6552,0.8378
a-tune,10000-10099,hidden,10,ladder K2,site,yes,hard,"vote, leader above 0.5",100,39,35,4,2,2,35,2,2,0,0.1026,0.0294,0.1818,0.0400,0.0100,0.0700,35,243,0.1440,0.1055,0.1803,44,33,0.7500,0.6552,0.8378
a-tune,10000-10099,hidden,10,ladder K2,site,yes,hard,"vote, leader above 0.8",100,39,35,4,2,2,35,2,2,0,0.1026,0.0294,0.1818,0.0400,0.0100,0.0700,35,243,0.1440,0.1055,0.1803,44,33,0.7500,0.6552,0.8378
a-tune,10000-10099,hidden,10,ladder K2,family,yes,hard,last answer,100,112,50,62,39,23,50,39,23,0,0.5536,0.4615,0.6415,0.6200,0.4200,0.8400,50,243,0.2058,0.1616,0.2454,44,34,0.7727,0.6765,0.8611
a-tune,10000-10099,hidden,10,ladder K2,family,yes,hard,"vote, leader above 0.5",100,112,50,62,39,23,50,39,23,0,0.5536,0.4615,0.6415,0.6200,0.4200,0.8400,50,243,0.2058,0.1616,0.2454,44,34,0.7727,0.6765,0.8611
a-tune,10000-10099,hidden,10,ladder K2,family,yes,hard,"vote, leader above 0.8",100,112,50,62,39,23,50,39,23,0,0.5536,0.4615,0.6415,0.6200,0.4200,0.8400,50,243,0.2058,0.1616,0.2454,44,34,0.7727,0.6765,0.8611
a-tune,10000-10099,hidden,10,ladder K2,family,no,hard,last answer,100,1595,207,1388,1153,233,209,1153,233,2,0.8702,0.8512,0.8878,13.8800,13.0400,14.7300,207,243,0.8519,0.8060,0.8943,44,42,0.9545,0.9020,1.0000
a-tune,10000-10099,hidden,10,ladder K2,family,no,hard,"vote, leader above 0.5",100,1595,207,1388,1153,233,209,1153,233,2,0.8702,0.8511,0.8878,13.8800,13.0400,14.7300,207,243,0.8519,0.8060,0.8945,44,42,0.9545,0.9020,1.0000
a-tune,10000-10099,hidden,10,ladder K2,family,no,hard,"vote, leader above 0.8",100,1563,205,1358,1127,229,207,1127,229,2,0.8688,0.8494,0.8868,13.5800,12.7500,14.4200,205,243,0.8436,0.7968,0.8873,44,41,0.9318,0.8649,0.9831
a-tune,10000-10099,hidden,10,ladder K3,site,yes,hard,last answer,100,29,26,3,1,2,26,1,2,0,0.1034,0.0227,0.1944,0.0300,0.0100,0.0600,26,243,0.1070,0.0744,0.1387,44,24,0.5455,0.4314,0.6512
a-tune,10000-10099,hidden,10,ladder K3,site,yes,hard,"vote, leader above 0.5",100,29,26,3,1,2,26,1,2,0,0.1034,0.0227,0.1944,0.0300,0.0100,0.0600,26,243,0.1070,0.0744,0.1387,44,24,0.5455,0.4314,0.6512
a-tune,10000-10099,hidden,10,ladder K3,site,yes,hard,"vote, leader above 0.8",100,29,26,3,1,2,26,1,2,0,0.1034,0.0227,0.1944,0.0300,0.0100,0.0600,26,243,0.1070,0.0744,0.1387,44,24,0.5455,0.4314,0.6512
a-tune,10000-10099,hidden,10,ladder K3,family,yes,hard,last answer,100,84,38,46,29,17,38,29,17,0,0.5476,0.4348,0.6542,0.4600,0.3000,0.6400,38,243,0.1564,0.1179,0.1911,44,24,0.5455,0.4314,0.6512
a-tune,10000-10099,hidden,10,ladder K3,family,yes,hard,"vote, leader above 0.5",100,84,38,46,29,17,38,29,17,0,0.5476,0.4348,0.6542,0.4600,0.3000,0.6400,38,243,0.1564,0.1179,0.1911,44,24,0.5455,0.4314,0.6512
a-tune,10000-10099,hidden,10,ladder K3,family,yes,hard,"vote, leader above 0.8",100,84,38,46,29,17,38,29,17,0,0.5476,0.4348,0.6542,0.4600,0.3000,0.6400,38,243,0.1564,0.1179,0.1911,44,24,0.5455,0.4314,0.6512
a-tune,10000-10099,hidden,10,ladder K3,family,no,hard,last answer,100,1364,178,1186,982,202,180,982,202,2,0.8695,0.8490,0.8888,11.8600,11.0500,12.6800,178,243,0.7325,0.6759,0.7867,44,35,0.7955,0.6889,0.8919
a-tune,10000-10099,hidden,10,ladder K3,family,no,hard,"vote, leader above 0.5",100,1364,178,1186,982,202,180,982,202,2,0.8695,0.8488,0.8889,11.8600,11.0500,12.6800,178,243,0.7325,0.6757,0.7869,44,35,0.7955,0.6889,0.8919
a-tune,10000-10099,hidden,10,ladder K3,family,no,hard,"vote, leader above 0.8",100,1331,176,1155,955,199,177,955,199,1,0.8678,0.8469,0.8873,11.5500,10.7600,12.3400,176,243,0.7243,0.6680,0.7787,44,34,0.7727,0.6591,0.8723
a-tune,10000-10099,hidden,10,ladder K4,site,yes,hard,last answer,100,29,26,3,1,2,26,1,2,0,0.1034,0.0227,0.1944,0.0300,0.0100,0.0600,26,243,0.1070,0.0744,0.1387,44,24,0.5455,0.4314,0.6512
a-tune,10000-10099,hidden,10,ladder K4,site,yes,hard,"vote, leader above 0.5",100,29,26,3,1,2,26,1,2,0,0.1034,0.0227,0.1944,0.0300,0.0100,0.0600,26,243,0.1070,0.0744,0.1387,44,24,0.5455,0.4314,0.6512
a-tune,10000-10099,hidden,10,ladder K4,site,yes,hard,"vote, leader above 0.8",100,29,26,3,1,2,26,1,2,0,0.1034,0.0227,0.1944,0.0300,0.0100,0.0600,26,243,0.1070,0.0744,0.1387,44,24,0.5455,0.4314,0.6512
a-tune,10000-10099,hidden,10,ladder K4,family,yes,hard,last answer,100,83,38,45,29,16,38,29,16,0,0.5422,0.4267,0.6505,0.4500,0.2900,0.6300,38,243,0.1564,0.1179,0.1911,44,24,0.5455,0.4314,0.6512
a-tune,10000-10099,hidden,10,ladder K4,family,yes,hard,"vote, leader above 0.5",100,83,38,45,29,16,38,29,16,0,0.5422,0.4267,0.6505,0.4500,0.2900,0.6300,38,243,0.1564,0.1179,0.1911,44,24,0.5455,0.4314,0.6512
a-tune,10000-10099,hidden,10,ladder K4,family,yes,hard,"vote, leader above 0.8",100,83,38,45,29,16,38,29,16,0,0.5422,0.4267,0.6505,0.4500,0.2900,0.6300,38,243,0.1564,0.1179,0.1911,44,24,0.5455,0.4314,0.6512
a-tune,10000-10099,hidden,10,ladder K4,family,no,hard,last answer,100,1341,178,1163,982,179,180,982,179,2,0.8673,0.8463,0.8869,11.6300,10.8200,12.4400,178,243,0.7325,0.6759,0.7867,44,35,0.7955,0.6889,0.8919
a-tune,10000-10099,hidden,10,ladder K4,family,no,hard,"vote, leader above 0.5",100,1341,178,1163,982,179,180,982,179,2,0.8673,0.8462,0.8869,11.6300,10.8200,12.4400,178,243,0.7325,0.6757,0.7869,44,35,0.7955,0.6889,0.8919
a-tune,10000-10099,hidden,10,ladder K4,family,no,hard,"vote, leader above 0.8",100,1308,176,1132,955,176,177,955,176,1,0.8654,0.8442,0.8852,11.3200,10.5300,12.1000,176,243,0.7243,0.6680,0.7787,44,34,0.7727,0.6591,0.8723
a-tune,10000-10099,hidden,13,ladder K1,site,yes,hard,last answer,100,51,44,7,4,3,44,4,3,0,0.1373,0.0652,0.2195,0.0700,0.0300,0.1100,44,243,0.1811,0.1392,0.2215,44,40,0.9091,0.8333,0.9744
a-tune,10000-10099,hidden,13,ladder K1,site,yes,hard,"vote, leader above 0.5",100,51,44,7,4,3,44,4,3,0,0.1373,0.0652,0.2195,0.0700,0.0300,0.1100,44,243,0.1811,0.1392,0.2215,44,40,0.9091,0.8333,0.9744
a-tune,10000-10099,hidden,13,ladder K1,site,yes,hard,"vote, leader above 0.8",100,51,44,7,4,3,44,4,3,0,0.1373,0.0652,0.2195,0.0700,0.0300,0.1100,44,243,0.1811,0.1392,0.2215,44,40,0.9091,0.8333,0.9744
a-tune,10000-10099,hidden,13,ladder K1,family,yes,hard,last answer,100,209,70,139,102,37,70,102,37,0,0.6651,0.5964,0.7291,1.3900,1.0500,1.7500,70,243,0.2881,0.2348,0.3359,44,40,0.9091,0.8333,0.9744
a-tune,10000-10099,hidden,13,ladder K1,family,yes,hard,"vote, leader above 0.5",100,209,70,139,102,37,70,102,37,0,0.6651,0.5964,0.7291,1.3900,1.0500,1.7500,70,243,0.2881,0.2348,0.3359,44,40,0.9091,0.8333,0.9744
a-tune,10000-10099,hidden,13,ladder K1,family,yes,hard,"vote, leader above 0.8",100,209,70,139,102,37,70,102,37,0,0.6651,0.5964,0.7291,1.3900,1.0500,1.7500,70,243,0.2881,0.2348,0.3359,44,40,0.9091,0.8333,0.9744
a-tune,10000-10099,hidden,13,ladder K1,family,no,hard,last answer,100,1720,219,1501,1249,248,223,1249,248,4,0.8727,0.8542,0.8897,15.0100,14.2000,15.8100,219,243,0.9012,0.8650,0.9353,44,42,0.9545,0.8966,1.0000
a-tune,10000-10099,hidden,13,ladder K1,family,no,hard,"vote, leader above 0.5",100,1720,221,1499,1249,248,223,1249,248,2,0.8715,0.8530,0.8885,14.9900,14.1800,15.7800,221,243,0.9095,0.8740,0.9425,44,42,0.9545,0.8966,1.0000
a-tune,10000-10099,hidden,13,ladder K1,family,no,hard,"vote, leader above 0.8",100,1720,221,1499,1249,248,223,1249,248,2,0.8715,0.8530,0.8885,14.9900,14.1800,15.7800,221,243,0.9095,0.8740,0.9425,44,42,0.9545,0.8966,1.0000
a-tune,10000-10099,hidden,13,ladder K2,site,yes,hard,last answer,100,40,36,4,2,2,36,2,2,0,0.1000,0.0294,0.1724,0.0400,0.0100,0.0700,36,243,0.1481,0.1082,0.1865,44,33,0.7500,0.6341,0.8537
a-tune,10000-10099,hidden,13,ladder K2,site,yes,hard,"vote, leader above 0.5",100,40,36,4,2,2,36,2,2,0,0.1000,0.0294,0.1724,0.0400,0.0100,0.0700,36,243,0.1481,0.1082,0.1865,44,33,0.7500,0.6341,0.8537
a-tune,10000-10099,hidden,13,ladder K2,site,yes,hard,"vote, leader above 0.8",100,40,36,4,2,2,36,2,2,0,0.1000,0.0294,0.1724,0.0400,0.0100,0.0700,36,243,0.1481,0.1082,0.1865,44,33,0.7500,0.6341,0.8537
a-tune,10000-10099,hidden,13,ladder K2,family,yes,hard,last answer,100,103,52,51,28,23,52,28,23,0,0.4951,0.4059,0.5854,0.5100,0.3400,0.7000,52,243,0.2140,0.1674,0.2565,44,33,0.7500,0.6341,0.8537
a-tune,10000-10099,hidden,13,ladder K2,family,yes,hard,"vote, leader above 0.5",100,103,52,51,28,23,52,28,23,0,0.4951,0.4059,0.5854,0.5100,0.3400,0.7000,52,243,0.2140,0.1674,0.2565,44,33,0.7500,0.6341,0.8537
a-tune,10000-10099,hidden,13,ladder K2,family,yes,hard,"vote, leader above 0.8",100,103,52,51,28,23,52,28,23,0,0.4951,0.4059,0.5854,0.5100,0.3400,0.7000,52,243,0.2140,0.1674,0.2565,44,33,0.7500,0.6341,0.8537
a-tune,10000-10099,hidden,13,ladder K2,family,no,hard,last answer,100,1544,209,1335,1097,236,211,1097,236,2,0.8646,0.8450,0.8830,13.3500,12.5400,14.1700,209,243,0.8601,0.8133,0.9027,44,41,0.9318,0.8684,0.9831
a-tune,10000-10099,hidden,13,ladder K2,family,no,hard,"vote, leader above 0.5",100,1544,209,1335,1097,236,211,1097,236,2,0.8646,0.8446,0.8832,13.3500,12.5400,14.1700,209,243,0.8601,0.8135,0.9025,44,41,0.9318,0.8684,0.9831
a-tune,10000-10099,hidden,13,ladder K2,family,no,hard,"vote, leader above 0.8",100,1512,207,1305,1071,232,209,1071,232,2,0.8631,0.8429,0.8818,13.0500,12.2500,13.8600,207,243,0.8519,0.8046,0.8956,44,40,0.9091,0.8333,0.9750
a-tune,10000-10099,hidden,13,ladder K3,site,yes,hard,last answer,100,24,21,3,1,2,21,1,2,0,0.1250,0.0277,0.2309,0.0300,0.0100,0.0600,21,243,0.0864,0.0531,0.1202,44,19,0.4318,0.2941,0.5610
a-tune,10000-10099,hidden,13,ladder K3,site,yes,hard,"vote, leader above 0.5",100,24,21,3,1,2,21,1,2,0,0.1250,0.0277,0.2309,0.0300,0.0100,0.0600,21,243,0.0864,0.0531,0.1202,44,19,0.4318,0.2941,0.5610
a-tune,10000-10099,hidden,13,ladder K3,site,yes,hard,"vote, leader above 0.8",100,24,21,3,1,2,21,1,2,0,0.1250,0.0277,0.2309,0.0300,0.0100,0.0600,21,243,0.0864,0.0531,0.1202,44,19,0.4318,0.2941,0.5610
a-tune,10000-10099,hidden,13,ladder K3,family,yes,hard,last answer,100,63,32,31,15,16,32,15,16,0,0.4921,0.3846,0.6029,0.3100,0.2000,0.4300,32,243,0.1317,0.0957,0.1653,44,20,0.4545,0.3226,0.5778
a-tune,10000-10099,hidden,13,ladder K3,family,yes,hard,"vote, leader above 0.5",100,63,32,31,15,16,32,15,16,0,0.4921,0.3846,0.6029,0.3100,0.2000,0.4300,32,243,0.1317,0.0957,0.1653,44,20,0.4545,0.3226,0.5778
a-tune,10000-10099,hidden,13,ladder K3,family,yes,hard,"vote, leader above 0.8",100,63,32,31,15,16,32,15,16,0,0.4921,0.3846,0.6029,0.3100,0.2000,0.4300,32,243,0.1317,0.0957,0.1653,44,20,0.4545,0.3226,0.5778
a-tune,10000-10099,hidden,13,ladder K3,family,no,hard,last answer,100,1308,174,1134,930,202,176,930,202,2,0.8670,0.8463,0.8865,11.3400,10.5500,12.1400,174,243,0.7160,0.6566,0.7738,44,34,0.7727,0.6667,0.8718
a-tune,10000-10099,hidden,13,ladder K3,family,no,hard,"vote, leader above 0.5",100,1308,174,1134,930,202,176,930,202,2,0.8670,0.8463,0.8866,11.3400,10.5500,12.1305,174,243,0.7160,0.6560,0.7742,44,34,0.7727,0.6667,0.8718
a-tune,10000-10099,hidden,13,ladder K3,family,no,hard,"vote, leader above 0.8",100,1275,172,1103,903,199,173,903,199,1,0.8651,0.8442,0.8850,11.0300,10.2600,11.8000,172,243,0.7078,0.6486,0.7655,44,33,0.7500,0.6383,0.8511
a-tune,10000-10099,hidden,13,ladder K4,site,yes,hard,last answer,100,23,21,2,1,1,21,1,1,0,0.0870,0.0000,0.1739,0.0200,0.0000,0.0400,21,243,0.0864,0.0531,0.1202,44,19,0.4318,0.2941,0.5610
a-tune,10000-10099,hidden,13,ladder K4,site,yes,hard,"vote, leader above 0.5",100,23,21,2,1,1,21,1,1,0,0.0870,0.0000,0.1739,0.0200,0.0000,0.0400,21,243,0.0864,0.0531,0.1202,44,19,0.4318,0.2941,0.5610
a-tune,10000-10099,hidden,13,ladder K4,site,yes,hard,"vote, leader above 0.8",100,23,21,2,1,1,21,1,1,0,0.0870,0.0000,0.1739,0.0200,0.0000,0.0400,21,243,0.0864,0.0531,0.1202,44,19,0.4318,0.2941,0.5610
a-tune,10000-10099,hidden,13,ladder K4,family,yes,hard,last answer,100,60,32,28,15,13,32,15,13,0,0.4667,0.3514,0.5862,0.2800,0.1800,0.4000,32,243,0.1317,0.0957,0.1653,44,20,0.4545,0.3226,0.5778
a-tune,10000-10099,hidden,13,ladder K4,family,yes,hard,"vote, leader above 0.5",100,60,32,28,15,13,32,15,13,0,0.4667,0.3514,0.5862,0.2800,0.1800,0.4000,32,243,0.1317,0.0957,0.1653,44,20,0.4545,0.3226,0.5778
a-tune,10000-10099,hidden,13,ladder K4,family,yes,hard,"vote, leader above 0.8",100,60,32,28,15,13,32,15,13,0,0.4667,0.3514,0.5862,0.2800,0.1800,0.4000,32,243,0.1317,0.0957,0.1653,44,20,0.4545,0.3226,0.5778
a-tune,10000-10099,hidden,13,ladder K4,family,no,hard,last answer,100,1256,174,1082,929,151,176,929,151,2,0.8615,0.8400,0.8818,10.8200,10.0500,11.5900,174,243,0.7160,0.6566,0.7738,44,34,0.7727,0.6667,0.8718
a-tune,10000-10099,hidden,13,ladder K4,family,no,hard,"vote, leader above 0.5",100,1256,174,1082,929,151,176,929,151,2,0.8615,0.8398,0.8818,10.8200,10.0500,11.5900,174,243,0.7160,0.6560,0.7742,44,34,0.7727,0.6667,0.8718
a-tune,10000-10099,hidden,13,ladder K4,family,no,hard,"vote, leader above 0.8",100,1223,172,1051,902,148,173,902,148,1,0.8594,0.8373,0.8800,10.5100,9.7600,11.2600,172,243,0.7078,0.6486,0.7655,44,33,0.7500,0.6383,0.8511
a-tune,10000-10099,hidden,16,ladder K1,site,yes,hard,last answer,100,50,46,4,2,2,46,2,2,0,0.0800,0.0217,0.1463,0.0400,0.0100,0.0700,46,243,0.1893,0.1452,0.2314,44,42,0.9545,0.8919,1.0000
a-tune,10000-10099,hidden,16,ladder K1,site,yes,hard,"vote, leader above 0.5",100,50,46,4,2,2,46,2,2,0,0.0800,0.0217,0.1463,0.0400,0.0100,0.0700,46,243,0.1893,0.1452,0.2314,44,42,0.9545,0.8919,1.0000
a-tune,10000-10099,hidden,16,ladder K1,site,yes,hard,"vote, leader above 0.8",100,50,46,4,2,2,46,2,2,0,0.0800,0.0217,0.1463,0.0400,0.0100,0.0700,46,243,0.1893,0.1452,0.2314,44,42,0.9545,0.8919,1.0000
a-tune,10000-10099,hidden,16,ladder K1,family,yes,hard,last answer,100,189,74,115,80,35,74,80,35,0,0.6085,0.5322,0.6822,1.1500,0.8700,1.4600,74,243,0.3045,0.2476,0.3564,44,42,0.9545,0.8919,1.0000
a-tune,10000-10099,hidden,16,ladder K1,family,yes,hard,"vote, leader above 0.5",100,189,74,115,80,35,74,80,35,0,0.6085,0.5322,0.6822,1.1500,0.8700,1.4600,74,243,0.3045,0.2476,0.3564,44,42,0.9545,0.8919,1.0000
a-tune,10000-10099,hidden,16,ladder K1,family,yes,hard,"vote, leader above 0.8",100,189,74,115,80,35,74,80,35,0,0.6085,0.5322,0.6822,1.1500,0.8700,1.4600,74,243,0.3045,0.2476,0.3564,44,42,0.9545,0.8919,1.0000
a-tune,10000-10099,hidden,16,ladder K1,family,no,hard,last answer,100,996,224,772,540,232,224,540,232,0,0.7751,0.7453,0.8039,7.7200,7.1500,8.2900,224,243,0.9218,0.8874,0.9535,44,43,0.9773,0.9333,1.0000
a-tune,10000-10099,hidden,16,ladder K1,family,no,hard,"vote, leader above 0.5",100,996,224,772,540,232,224,540,232,0,0.7751,0.7453,0.8039,7.7200,7.1500,8.2900,224,243,0.9218,0.8874,0.9535,44,43,0.9773,0.9333,1.0000
a-tune,10000-10099,hidden,16,ladder K1,family,no,hard,"vote, leader above 0.8",100,996,224,772,540,232,224,540,232,0,0.7751,0.7453,0.8039,7.7200,7.1500,8.2900,224,243,0.9218,0.8874,0.9535,44,43,0.9773,0.9333,1.0000
a-tune,10000-10099,hidden,16,ladder K2,site,yes,hard,last answer,100,45,44,1,0,1,44,0,1,0,0.0222,0.0000,0.0667,0.0100,0.0000,0.0300,44,243,0.1811,0.1385,0.2222,44,41,0.9318,0.8627,0.9833
a-tune,10000-10099,hidden,16,ladder K2,site,yes,hard,"vote, leader above 0.5",100,45,44,1,0,1,44,0,1,0,0.0222,0.0000,0.0667,0.0100,0.0000,0.0300,44,243,0.1811,0.1385,0.2222,44,41,0.9318,0.8627,0.9833
a-tune,10000-10099,hidden,16,ladder K2,site,yes,hard,"vote, leader above 0.8",100,45,44,1,0,1,44,0,1,0,0.0222,0.0000,0.0667,0.0100,0.0000,0.0300,44,243,0.1811,0.1385,0.2222,44,41,0.9318,0.8627,0.9833
a-tune,10000-10099,hidden,16,ladder K2,family,yes,hard,last answer,100,85,63,22,1,21,63,1,21,0,0.2588,0.1910,0.3333,0.2200,0.1400,0.3000,63,243,0.2593,0.2069,0.3077,44,41,0.9318,0.8627,0.9833
a-tune,10000-10099,hidden,16,ladder K2,family,yes,hard,"vote, leader above 0.5",100,85,63,22,1,21,63,1,21,0,0.2588,0.1910,0.3333,0.2200,0.1400,0.3000,63,243,0.2593,0.2069,0.3077,44,41,0.9318,0.8627,0.9833
a-tune,10000-10099,hidden,16,ladder K2,family,yes,hard,"vote, leader above 0.8",100,85,63,22,1,21,63,1,21,0,0.2588,0.1910,0.3333,0.2200,0.1400,0.3000,63,243,0.2593,0.2069,0.3077,44,41,0.9318,0.8627,0.9833
a-tune,10000-10099,hidden,16,ladder K2,family,no,hard,last answer,100,380,215,165,6,159,215,6,159,0,0.4342,0.3820,0.4866,1.6500,1.3800,1.9400,215,243,0.8848,0.8390,0.9270,44,42,0.9545,0.9020,1.0000
a-tune,10000-10099,hidden,16,ladder K2,family,no,hard,"vote, leader above 0.5",100,380,215,165,6,159,215,6,159,0,0.4342,0.3820,0.4866,1.6500,1.3800,1.9400,215,243,0.8848,0.8390,0.9270,44,42,0.9545,0.9020,1.0000
a-tune,10000-10099,hidden,16,ladder K2,family,no,hard,"vote, leader above 0.8",100,380,215,165,6,159,215,6,159,0,0.4342,0.3820,0.4866,1.6500,1.3800,1.9400,215,243,0.8848,0.8390,0.9270,44,42,0.9545,0.9020,1.0000
a-tune,10000-10099,hidden,16,ladder K3,site,yes,hard,last answer,100,20,20,0,0,0,20,0,0,0,0.0000,0.0000,0.0000,0.0000,0.0000,0.0000,20,243,0.0823,0.0484,0.1174,44,19,0.4318,0.2955,0.5556
a-tune,10000-10099,hidden,16,ladder K3,site,yes,hard,"vote, leader above 0.5",100,20,20,0,0,0,20,0,0,0,0.0000,0.0000,0.0000,0.0000,0.0000,0.0000,20,243,0.0823,0.0484,0.1174,44,19,0.4318,0.2955,0.5556
a-tune,10000-10099,hidden,16,ladder K3,site,yes,hard,"vote, leader above 0.8",100,20,20,0,0,0,20,0,0,0,0.0000,0.0000,0.0000,0.0000,0.0000,0.0000,20,243,0.0823,0.0484,0.1174,44,19,0.4318,0.2955,0.5556
a-tune,10000-10099,hidden,16,ladder K3,family,yes,hard,last answer,100,43,36,7,0,7,36,0,7,0,0.1628,0.0755,0.2546,0.0700,0.0300,0.1200,36,243,0.1481,0.1034,0.1911,44,20,0.4545,0.3095,0.5833
a-tune,10000-10099,hidden,16,ladder K3,family,yes,hard,"vote, leader above 0.5",100,43,36,7,0,7,36,0,7,0,0.1628,0.0755,0.2546,0.0700,0.0300,0.1200,36,243,0.1481,0.1034,0.1911,44,20,0.4545,0.3095,0.5833
a-tune,10000-10099,hidden,16,ladder K3,family,yes,hard,"vote, leader above 0.8",100,43,36,7,0,7,36,0,7,0,0.1628,0.0755,0.2546,0.0700,0.0300,0.1200,36,243,0.1481,0.1034,0.1911,44,20,0.4545,0.3095,0.5833
a-tune,10000-10099,hidden,16,ladder K3,family,no,hard,last answer,100,326,178,148,6,142,178,6,142,0,0.4540,0.4023,0.5055,1.4800,1.2300,1.7400,178,243,0.7325,0.6683,0.7950,44,32,0.7273,0.5897,0.8537
a-tune,10000-10099,hidden,16,ladder K3,family,no,hard,"vote, leader above 0.5",100,326,178,148,6,142,178,6,142,0,0.4540,0.4023,0.5055,1.4800,1.2300,1.7400,178,243,0.7325,0.6683,0.7950,44,32,0.7273,0.5897,0.8537
a-tune,10000-10099,hidden,16,ladder K3,family,no,hard,"vote, leader above 0.8",100,326,178,148,6,142,178,6,142,0,0.4540,0.4023,0.5055,1.4800,1.2300,1.7400,178,243,0.7325,0.6683,0.7950,44,32,0.7273,0.5897,0.8537
a-tune,10000-10099,hidden,16,ladder K4,site,yes,hard,last answer,100,20,20,0,0,0,20,0,0,0,0.0000,0.0000,0.0000,0.0000,0.0000,0.0000,20,243,0.0823,0.0484,0.1174,44,19,0.4318,0.2955,0.5556
a-tune,10000-10099,hidden,16,ladder K4,site,yes,hard,"vote, leader above 0.5",100,20,20,0,0,0,20,0,0,0,0.0000,0.0000,0.0000,0.0000,0.0000,0.0000,20,243,0.0823,0.0484,0.1174,44,19,0.4318,0.2955,0.5556
a-tune,10000-10099,hidden,16,ladder K4,site,yes,hard,"vote, leader above 0.8",100,20,20,0,0,0,20,0,0,0,0.0000,0.0000,0.0000,0.0000,0.0000,0.0000,20,243,0.0823,0.0484,0.1174,44,19,0.4318,0.2955,0.5556
a-tune,10000-10099,hidden,16,ladder K4,family,yes,hard,last answer,100,41,36,5,0,5,36,0,5,0,0.1220,0.0500,0.2000,0.0500,0.0200,0.0900,36,243,0.1481,0.1034,0.1911,44,20,0.4545,0.3095,0.5833
a-tune,10000-10099,hidden,16,ladder K4,family,yes,hard,"vote, leader above 0.5",100,41,36,5,0,5,36,0,5,0,0.1220,0.0500,0.2000,0.0500,0.0200,0.0900,36,243,0.1481,0.1034,0.1911,44,20,0.4545,0.3095,0.5833
a-tune,10000-10099,hidden,16,ladder K4,family,yes,hard,"vote, leader above 0.8",100,41,36,5,0,5,36,0,5,0,0.1220,0.0500,0.2000,0.0500,0.0200,0.0900,36,243,0.1481,0.1034,0.1911,44,20,0.4545,0.3095,0.5833
a-tune,10000-10099,hidden,16,ladder K4,family,no,hard,last answer,100,256,178,78,6,72,178,6,72,0,0.3047,0.2516,0.3593,0.7800,0.6100,0.9700,178,243,0.7325,0.6683,0.7950,44,32,0.7273,0.5897,0.8537
a-tune,10000-10099,hidden,16,ladder K4,family,no,hard,"vote, leader above 0.5",100,256,178,78,6,72,178,6,72,0,0.3047,0.2516,0.3593,0.7800,0.6100,0.9700,178,243,0.7325,0.6683,0.7950,44,32,0.7273,0.5897,0.8537
a-tune,10000-10099,hidden,16,ladder K4,family,no,hard,"vote, leader above 0.8",100,256,178,78,6,72,178,6,72,0,0.3047,0.2516,0.3593,0.7800,0.6100,0.9700,178,243,0.7325,0.6683,0.7950,44,32,0.7273,0.5897,0.8537
a-tune,10000-10099,hidden,32,ladder K1,site,yes,hard,last answer,100,50,46,4,2,2,46,2,2,0,0.0800,0.0217,0.1463,0.0400,0.0100,0.0700,46,243,0.1893,0.1452,0.2314,44,42,0.9545,0.8919,1.0000
a-tune,10000-10099,hidden,32,ladder K1,site,yes,hard,"vote, leader above 0.5",100,50,46,4,2,2,46,2,2,0,0.0800,0.0217,0.1463,0.0400,0.0100,0.0700,46,243,0.1893,0.1452,0.2314,44,42,0.9545,0.8919,1.0000
a-tune,10000-10099,hidden,32,ladder K1,site,yes,hard,"vote, leader above 0.8",100,50,46,4,2,2,46,2,2,0,0.0800,0.0217,0.1463,0.0400,0.0100,0.0700,46,243,0.1893,0.1452,0.2314,44,42,0.9545,0.8919,1.0000
a-tune,10000-10099,hidden,32,ladder K1,family,yes,hard,last answer,100,196,77,119,82,37,77,82,37,0,0.6071,0.5316,0.6800,1.1900,0.8900,1.5100,77,243,0.3169,0.2586,0.3698,44,42,0.9545,0.8919,1.0000
a-tune,10000-10099,hidden,32,ladder K1,family,yes,hard,"vote, leader above 0.5",100,196,77,119,82,37,77,82,37,0,0.6071,0.5316,0.6800,1.1900,0.8900,1.5100,77,243,0.3169,0.2586,0.3698,44,42,0.9545,0.8919,1.0000
a-tune,10000-10099,hidden,32,ladder K1,family,yes,hard,"vote, leader above 0.8",100,196,77,119,82,37,77,82,37,0,0.6071,0.5316,0.6800,1.1900,0.8900,1.5100,77,243,0.3169,0.2586,0.3698,44,42,0.9545,0.8919,1.0000
a-tune,10000-10099,hidden,32,ladder K1,family,no,hard,last answer,100,997,225,772,540,232,225,540,232,0,0.7743,0.7446,0.8033,7.7200,7.1500,8.2900,225,243,0.9259,0.8918,0.9574,44,43,0.9773,0.9333,1.0000
a-tune,10000-10099,hidden,32,ladder K1,family,no,hard,"vote, leader above 0.5",100,997,225,772,540,232,225,540,232,0,0.7743,0.7446,0.8033,7.7200,7.1500,8.2900,225,243,0.9259,0.8918,0.9574,44,43,0.9773,0.9333,1.0000
a-tune,10000-10099,hidden,32,ladder K1,family,no,hard,"vote, leader above 0.8",100,997,225,772,540,232,225,540,232,0,0.7743,0.7446,0.8033,7.7200,7.1500,8.2900,225,243,0.9259,0.8918,0.9574,44,43,0.9773,0.9333,1.0000
a-tune,10000-10099,hidden,32,ladder K2,site,yes,hard,last answer,100,45,44,1,0,1,44,0,1,0,0.0222,0.0000,0.0667,0.0100,0.0000,0.0300,44,243,0.1811,0.1385,0.2222,44,41,0.9318,0.8627,0.9833
a-tune,10000-10099,hidden,32,ladder K2,site,yes,hard,"vote, leader above 0.5",100,45,44,1,0,1,44,0,1,0,0.0222,0.0000,0.0667,0.0100,0.0000,0.0300,44,243,0.1811,0.1385,0.2222,44,41,0.9318,0.8627,0.9833
a-tune,10000-10099,hidden,32,ladder K2,site,yes,hard,"vote, leader above 0.8",100,45,44,1,0,1,44,0,1,0,0.0222,0.0000,0.0667,0.0100,0.0000,0.0300,44,243,0.1811,0.1385,0.2222,44,41,0.9318,0.8627,0.9833
a-tune,10000-10099,hidden,32,ladder K2,family,yes,hard,last answer,100,86,64,22,1,21,64,1,21,0,0.2558,0.1884,0.3286,0.2200,0.1400,0.3000,64,243,0.2634,0.2120,0.3110,44,41,0.9318,0.8627,0.9833
a-tune,10000-10099,hidden,32,ladder K2,family,yes,hard,"vote, leader above 0.5",100,86,64,22,1,21,64,1,21,0,0.2558,0.1884,0.3286,0.2200,0.1400,0.3000,64,243,0.2634,0.2120,0.3110,44,41,0.9318,0.8627,0.9833
a-tune,10000-10099,hidden,32,ladder K2,family,yes,hard,"vote, leader above 0.8",100,86,64,22,1,21,64,1,21,0,0.2558,0.1884,0.3286,0.2200,0.1400,0.3000,64,243,0.2634,0.2120,0.3110,44,41,0.9318,0.8627,0.9833
a-tune,10000-10099,hidden,32,ladder K2,family,no,hard,last answer,100,381,216,165,6,159,216,6,159,0,0.4331,0.3808,0.4851,1.6500,1.3800,1.9400,216,243,0.8889,0.8431,0.9310,44,42,0.9545,0.9020,1.0000
a-tune,10000-10099,hidden,32,ladder K2,family,no,hard,"vote, leader above 0.5",100,381,216,165,6,159,216,6,159,0,0.4331,0.3808,0.4851,1.6500,1.3800,1.9400,216,243,0.8889,0.8431,0.9310,44,42,0.9545,0.9020,1.0000
a-tune,10000-10099,hidden,32,ladder K2,family,no,hard,"vote, leader above 0.8",100,381,216,165,6,159,216,6,159,0,0.4331,0.3808,0.4851,1.6500,1.3800,1.9400,216,243,0.8889,0.8431,0.9310,44,42,0.9545,0.9020,1.0000
a-tune,10000-10099,hidden,32,ladder K3,site,yes,hard,last answer,100,26,26,0,0,0,26,0,0,0,0.0000,0.0000,0.0000,0.0000,0.0000,0.0000,26,243,0.1070,0.0769,0.1358,44,25,0.5682,0.4634,0.6744
a-tune,10000-10099,hidden,32,ladder K3,site,yes,hard,"vote, leader above 0.5",100,26,26,0,0,0,26,0,0,0,0.0000,0.0000,0.0000,0.0000,0.0000,0.0000,26,243,0.1070,0.0769,0.1358,44,25,0.5682,0.4634,0.6744
a-tune,10000-10099,hidden,32,ladder K3,site,yes,hard,"vote, leader above 0.8",100,26,26,0,0,0,26,0,0,0,0.0000,0.0000,0.0000,0.0000,0.0000,0.0000,26,243,0.1070,0.0769,0.1358,44,25,0.5682,0.4634,0.6744
a-tune,10000-10099,hidden,32,ladder K3,family,yes,hard,last answer,100,47,42,5,1,4,42,1,4,0,0.1064,0.0294,0.1778,0.0500,0.0100,0.1000,42,243,0.1728,0.1297,0.2146,44,26,0.5909,0.4821,0.6957
a-tune,10000-10099,hidden,32,ladder K3,family,yes,hard,"vote, leader above 0.5",100,47,42,5,1,4,42,1,4,0,0.1064,0.0294,0.1778,0.0500,0.0100,0.1000,42,243,0.1728,0.1297,0.2146,44,26,0.5909,0.4821,0.6957
a-tune,10000-10099,hidden,32,ladder K3,family,yes,hard,"vote, leader above 0.8",100,47,42,5,1,4,42,1,4,0,0.1064,0.0294,0.1778,0.0500,0.0100,0.1000,42,243,0.1728,0.1297,0.2146,44,26,0.5909,0.4821,0.6957
a-tune,10000-10099,hidden,32,ladder K3,family,no,hard,last answer,100,263,176,87,6,81,176,6,81,0,0.3308,0.2708,0.3900,0.8700,0.6700,1.0900,176,243,0.7243,0.6652,0.7820,44,34,0.7727,0.6571,0.8750
a-tune,10000-10099,hidden,32,ladder K3,family,no,hard,"vote, leader above 0.5",100,263,176,87,6,81,176,6,81,0,0.3308,0.2708,0.3900,0.8700,0.6700,1.0900,176,243,0.7243,0.6652,0.7820,44,34,0.7727,0.6571,0.8750
a-tune,10000-10099,hidden,32,ladder K3,family,no,hard,"vote, leader above 0.8",100,263,176,87,6,81,176,6,81,0,0.3308,0.2708,0.3900,0.8700,0.6700,1.0900,176,243,0.7243,0.6652,0.7820,44,34,0.7727,0.6571,0.8750
a-tune,10000-10099,hidden,32,ladder K4,site,yes,hard,last answer,100,24,24,0,0,0,24,0,0,0,0.0000,0.0000,0.0000,0.0000,0.0000,0.0000,24,243,0.0988,0.0699,0.1270,44,23,0.5227,0.4186,0.6286
a-tune,10000-10099,hidden,32,ladder K4,site,yes,hard,"vote, leader above 0.5",100,24,24,0,0,0,24,0,0,0,0.0000,0.0000,0.0000,0.0000,0.0000,0.0000,24,243,0.0988,0.0699,0.1270,44,23,0.5227,0.4186,0.6286
a-tune,10000-10099,hidden,32,ladder K4,site,yes,hard,"vote, leader above 0.8",100,24,24,0,0,0,24,0,0,0,0.0000,0.0000,0.0000,0.0000,0.0000,0.0000,24,243,0.0988,0.0699,0.1270,44,23,0.5227,0.4186,0.6286
a-tune,10000-10099,hidden,32,ladder K4,family,yes,hard,last answer,100,41,40,1,1,0,40,1,0,0,0.0244,0.0000,0.0714,0.0100,0.0000,0.0300,40,243,0.1646,0.1211,0.2072,44,24,0.5455,0.4324,0.6522
a-tune,10000-10099,hidden,32,ladder K4,family,yes,hard,"vote, leader above 0.5",100,41,40,1,1,0,40,1,0,0,0.0244,0.0000,0.0714,0.0100,0.0000,0.0300,40,243,0.1646,0.1211,0.2072,44,24,0.5455,0.4324,0.6522
a-tune,10000-10099,hidden,32,ladder K4,family,yes,hard,"vote, leader above 0.8",100,41,40,1,1,0,40,1,0,0,0.0244,0.0000,0.0714,0.0100,0.0000,0.0300,40,243,0.1646,0.1211,0.2072,44,24,0.5455,0.4324,0.6522
a-tune,10000-10099,hidden,32,ladder K4,family,no,hard,last answer,100,183,174,9,6,3,174,6,3,0,0.0492,0.0256,0.0729,0.0900,0.0400,0.1400,174,243,0.7160,0.6532,0.7762,44,32,0.7273,0.5952,0.8438
a-tune,10000-10099,hidden,32,ladder K4,family,no,hard,"vote, leader above 0.5",100,183,174,9,6,3,174,6,3,0,0.0492,0.0256,0.0729,0.0900,0.0400,0.1400,174,243,0.7160,0.6532,0.7762,44,32,0.7273,0.5952,0.8438
a-tune,10000-10099,hidden,32,ladder K4,family,no,hard,"vote, leader above 0.8",100,183,174,9,6,3,174,6,3,0,0.0492,0.0256,0.0729,0.0900,0.0400,0.1400,174,243,0.7160,0.6532,0.7762,44,32,0.7273,0.5952,0.8438
a-tune,10000-10099,hidden,snap,E1 kinds,site,yes,hard,last answer,100,19,19,0,0,0,19,0,0,0,0.0000,0.0000,0.0000,0.0000,0.0000,0.0000,19,243,0.0782,0.0391,0.1188,44,18,0.4091,0.2258,0.5691
a-tune,10000-10099,hidden,snap,E1 kinds,site,yes,hard,"vote, leader above 0.5",100,19,19,0,0,0,19,0,0,0,0.0000,0.0000,0.0000,0.0000,0.0000,0.0000,19,243,0.0782,0.0391,0.1188,44,18,0.4091,0.2258,0.5691
a-tune,10000-10099,hidden,snap,E1 kinds,site,yes,hard,"vote, leader above 0.8",100,19,19,0,0,0,19,0,0,0,0.0000,0.0000,0.0000,0.0000,0.0000,0.0000,19,243,0.0782,0.0391,0.1188,44,18,0.4091,0.2258,0.5691
a-tune,10000-10099,hidden,snap,E1 kinds,family,yes,hard,last answer,100,40,25,15,12,3,25,12,3,0,0.3750,0.2286,0.5385,0.1500,0.0800,0.2305,25,243,0.1029,0.0602,0.1468,44,18,0.4091,0.2258,0.5691
a-tune,10000-10099,hidden,snap,E1 kinds,family,yes,hard,"vote, leader above 0.5",100,40,25,15,12,3,25,12,3,0,0.3750,0.2286,0.5385,0.1500,0.0800,0.2305,25,243,0.1029,0.0602,0.1468,44,18,0.4091,0.2258,0.5691
a-tune,10000-10099,hidden,snap,E1 kinds,family,yes,hard,"vote, leader above 0.8",100,40,25,15,12,3,25,12,3,0,0.3750,0.2286,0.5385,0.1500,0.0800,0.2305,25,243,0.1029,0.0602,0.1468,44,18,0.4091,0.2258,0.5691
a-tune,10000-10099,hidden,snap,E1 kinds,family,no,hard,last answer,100,184,81,103,50,53,81,50,53,0,0.5598,0.4683,0.6471,1.0300,0.7700,1.3100,81,243,0.3333,0.2574,0.4105,44,19,0.4318,0.2500,0.5918
a-tune,10000-10099,hidden,snap,E1 kinds,family,no,hard,"vote, leader above 0.5",100,184,81,103,50,53,81,50,53,0,0.5598,0.4683,0.6471,1.0300,0.7700,1.3100,81,243,0.3333,0.2574,0.4105,44,19,0.4318,0.2500,0.5918
a-tune,10000-10099,hidden,snap,E1 kinds,family,no,hard,"vote, leader above 0.8",100,184,81,103,50,53,81,50,53,0,0.5598,0.4683,0.6471,1.0300,0.7700,1.3100,81,243,0.3333,0.2574,0.4105,44,19,0.4318,0.2500,0.5918
a-tune,10000-10099,hidden,snap,E1 timing,site,yes,hard,last answer,100,12,12,0,0,0,12,0,0,0,0.0000,0.0000,0.0000,0.0000,0.0000,0.0000,12,243,0.0494,0.0204,0.0796,44,12,0.2727,0.1296,0.4039
a-tune,10000-10099,hidden,snap,E1 timing,site,yes,hard,"vote, leader above 0.5",100,12,12,0,0,0,12,0,0,0,0.0000,0.0000,0.0000,0.0000,0.0000,0.0000,12,243,0.0494,0.0204,0.0796,44,12,0.2727,0.1296,0.4039
a-tune,10000-10099,hidden,snap,E1 timing,site,yes,hard,"vote, leader above 0.8",100,12,12,0,0,0,12,0,0,0,0.0000,0.0000,0.0000,0.0000,0.0000,0.0000,12,243,0.0494,0.0204,0.0796,44,12,0.2727,0.1296,0.4039
a-tune,10000-10099,hidden,snap,E1 timing,family,yes,hard,last answer,100,27,15,12,10,2,15,10,2,0,0.4444,0.2581,0.6667,0.1200,0.0600,0.1900,15,243,0.0617,0.0288,0.0954,44,12,0.2727,0.1296,0.4039
a-tune,10000-10099,hidden,snap,E1 timing,family,yes,hard,"vote, leader above 0.5",100,27,15,12,10,2,15,10,2,0,0.4444,0.2581,0.6667,0.1200,0.0600,0.1900,15,243,0.0617,0.0288,0.0954,44,12,0.2727,0.1296,0.4039
a-tune,10000-10099,hidden,snap,E1 timing,family,yes,hard,"vote, leader above 0.8",100,27,15,12,10,2,15,10,2,0,0.4444,0.2581,0.6667,0.1200,0.0600,0.1900,15,243,0.0617,0.0288,0.0954,44,12,0.2727,0.1296,0.4039
a-tune,10000-10099,hidden,snap,E1 timing,family,no,hard,last answer,100,158,65,93,47,46,65,47,46,0,0.5886,0.4913,0.6821,0.9300,0.6800,1.2000,65,243,0.2675,0.1967,0.3393,44,18,0.4091,0.2245,0.5715
a-tune,10000-10099,hidden,snap,E1 timing,family,no,hard,"vote, leader above 0.5",100,158,65,93,47,46,65,47,46,0,0.5886,0.4913,0.6821,0.9300,0.6800,1.2000,65,243,0.2675,0.1967,0.3393,44,18,0.4091,0.2245,0.5715
a-tune,10000-10099,hidden,snap,E1 timing,family,no,hard,"vote, leader above 0.8",100,158,65,93,47,46,65,47,46,0,0.5886,0.4913,0.6821,0.9300,0.6800,1.2000,65,243,0.2675,0.1967,0.3393,44,18,0.4091,0.2245,0.5715
a-heldout,40000-40199,hidden,6,ladder K1,site,yes,hard,last answer,200,105,79,26,19,7,79,19,7,0,0.2476,0.1743,0.3263,0.1300,0.0850,0.1750,79,512,0.1543,0.1303,0.1781,83,75,0.9036,0.8506,0.9529
a-heldout,40000-40199,hidden,6,ladder K1,site,yes,hard,"vote, leader above 0.5",200,105,79,26,19,7,79,19,7,0,0.2476,0.1743,0.3263,0.1300,0.0850,0.1750,79,512,0.1543,0.1303,0.1781,83,75,0.9036,0.8506,0.9529
a-heldout,40000-40199,hidden,6,ladder K1,site,yes,hard,"vote, leader above 0.8",200,105,79,26,19,7,79,19,7,0,0.2476,0.1743,0.3263,0.1300,0.0850,0.1750,79,512,0.1543,0.1303,0.1781,83,75,0.9036,0.8506,0.9529
a-heldout,40000-40199,hidden,6,ladder K1,family,yes,hard,last answer,200,419,130,289,203,82,134,203,82,4,0.6897,0.6436,0.7337,1.4450,1.2398,1.6650,130,512,0.2539,0.2211,0.2860,83,75,0.9036,0.8506,0.9529
a-heldout,40000-40199,hidden,6,ladder K1,family,yes,hard,"vote, leader above 0.5",200,419,130,289,203,82,134,203,82,4,0.6897,0.6436,0.7337,1.4450,1.2398,1.6650,130,512,0.2539,0.2211,0.2860,83,75,0.9036,0.8506,0.9529
a-heldout,40000-40199,hidden,6,ladder K1,family,yes,hard,"vote, leader above 0.8",200,413,130,283,198,81,134,198,81,4,0.6852,0.6378,0.7302,1.4150,1.2100,1.6300,130,512,0.2539,0.2211,0.2860,83,75,0.9036,0.8506,0.9529
a-heldout,40000-40199,hidden,6,ladder K1,family,no,hard,last answer,200,3625,463,3162,2675,469,481,2675,469,18,0.8723,0.8627,0.8819,15.8100,15.2648,16.3550,463,512,0.9043,0.8810,0.9262,83,77,0.9277,0.8784,0.9722
a-heldout,40000-40199,hidden,6,ladder K1,family,no,hard,"vote, leader above 0.5",200,3612,467,3145,2664,467,481,2664,467,14,0.8707,0.8612,0.8803,15.7250,15.1850,16.2650,467,512,0.9121,0.8885,0.9345,83,74,0.8916,0.8254,0.9494
a-heldout,40000-40199,hidden,6,ladder K1,family,no,hard,"vote, leader above 0.8",200,3612,467,3145,2664,467,481,2664,467,14,0.8707,0.8612,0.8803,15.7250,15.1850,16.2650,467,512,0.9121,0.8885,0.9345,83,74,0.8916,0.8254,0.9494
a-heldout,40000-40199,hidden,6,ladder K2,site,yes,hard,last answer,200,94,75,19,12,7,75,12,7,0,0.2021,0.1300,0.2826,0.0950,0.0600,0.1350,75,512,0.1465,0.1227,0.1700,83,72,0.8675,0.8046,0.9254
a-heldout,40000-40199,hidden,6,ladder K2,site,yes,hard,"vote, leader above 0.5",200,94,75,19,12,7,75,12,7,0,0.2021,0.1300,0.2826,0.0950,0.0600,0.1350,75,512,0.1465,0.1227,0.1700,83,72,0.8675,0.8046,0.9254
a-heldout,40000-40199,hidden,6,ladder K2,site,yes,hard,"vote, leader above 0.8",200,94,75,19,12,7,75,12,7,0,0.2021,0.1300,0.2826,0.0950,0.0600,0.1350,75,512,0.1465,0.1227,0.1700,83,72,0.8675,0.8046,0.9254
a-heldout,40000-40199,hidden,6,ladder K2,family,yes,hard,last answer,200,274,108,166,116,47,111,116,47,3,0.6058,0.5472,0.6620,0.8300,0.6750,0.9952,108,512,0.2109,0.1822,0.2397,83,72,0.8675,0.8046,0.9254
a-heldout,40000-40199,hidden,6,ladder K2,family,yes,hard,"vote, leader above 0.5",200,274,108,166,116,47,111,116,47,3,0.6058,0.5472,0.6620,0.8300,0.6750,0.9952,108,512,0.2109,0.1822,0.2397,83,72,0.8675,0.8046,0.9254
a-heldout,40000-40199,hidden,6,ladder K2,family,yes,hard,"vote, leader above 0.8",200,271,108,163,113,47,111,113,47,3,0.6015,0.5432,0.6574,0.8150,0.6600,0.9800,108,512,0.2109,0.1822,0.2397,83,72,0.8675,0.8046,0.9254
a-heldout,40000-40199,hidden,6,ladder K2,family,no,hard,last answer,200,3463,441,3022,2554,455,454,2554,455,13,0.8727,0.8630,0.8825,15.1100,14.5548,15.6650,441,512,0.8613,0.8346,0.8862,83,74,0.8916,0.8333,0.9437
a-heldout,40000-40199,hidden,6,ladder K2,family,no,hard,"vote, leader above 0.5",200,3463,441,3022,2554,455,454,2554,455,13,0.8727,0.8630,0.8824,15.1100,14.5500,15.6700,441,512,0.8613,0.8336,0.8871,83,71,0.8554,0.7849,0.9196
a-heldout,40000-40199,hidden,6,ladder K2,family,no,hard,"vote, leader above 0.8",200,3068,431,2637,2213,419,436,2213,419,5,0.8595,0.8488,0.8704,13.1850,12.6748,13.6950,431,512,0.8418,0.8116,0.8701,83,69,0.8313,0.7564,0.9029
a-heldout,40000-40199,hidden,6,ladder K3,site,yes,hard,last answer,200,77,62,15,10,5,62,10,5,0,0.1948,0.1184,0.2785,0.0750,0.0450,0.1100,62,512,0.1211,0.0992,0.1437,83,60,0.7229,0.6395,0.8022
a-heldout,40000-40199,hidden,6,ladder K3,site,yes,hard,"vote, leader above 0.5",200,77,62,15,10,5,62,10,5,0,0.1948,0.1184,0.2785,0.0750,0.0450,0.1100,62,512,0.1211,0.0992,0.1437,83,60,0.7229,0.6395,0.8022
a-heldout,40000-40199,hidden,6,ladder K3,site,yes,hard,"vote, leader above 0.8",200,77,62,15,10,5,62,10,5,0,0.1948,0.1184,0.2785,0.0750,0.0450,0.1100,62,512,0.1211,0.0992,0.1437,83,60,0.7229,0.6395,0.8022
a-heldout,40000-40199,hidden,6,ladder K3,family,yes,hard,last answer,200,221,88,133,88,42,91,88,42,3,0.6018,0.5349,0.6640,0.6650,0.5300,0.8100,88,512,0.1719,0.1448,0.1996,83,60,0.7229,0.6395,0.8022
a-heldout,40000-40199,hidden,6,ladder K3,family,yes,hard,"vote, leader above 0.5",200,218,88,130,85,42,91,85,42,3,0.5963,0.5303,0.6592,0.6500,0.5150,0.7950,88,512,0.1719,0.1448,0.1996,83,60,0.7229,0.6395,0.8022
a-heldout,40000-40199,hidden,6,ladder K3,family,yes,hard,"vote, leader above 0.8",200,218,88,130,85,42,91,85,42,3,0.5963,0.5303,0.6592,0.6500,0.5150,0.7950,88,512,0.1719,0.1448,0.1996,83,60,0.7229,0.6395,0.8022
a-heldout,40000-40199,hidden,6,ladder K3,family,no,hard,last answer,200,3213,410,2803,2356,433,424,2356,433,14,0.8724,0.8621,0.8828,14.0150,13.4300,14.6000,410,512,0.8008,0.7658,0.8333,83,70,0.8434,0.7711,0.9091
a-heldout,40000-40199,hidden,6,ladder K3,family,no,hard,"vote, leader above 0.5",200,3192,410,2782,2341,429,422,2341,429,12,0.8716,0.8613,0.8819,13.9100,13.3300,14.4900,410,512,0.8008,0.7665,0.8330,83,68,0.8193,0.7397,0.8933
a-heldout,40000-40199,hidden,6,ladder K3,family,no,hard,"vote, leader above 0.8",200,2896,402,2494,2082,406,408,2082,406,6,0.8612,0.8501,0.8724,12.4700,11.9250,13.0150,402,512,0.7852,0.7495,0.8185,83,66,0.7952,0.7143,0.8734
a-heldout,40000-40199,hidden,6,ladder K4,site,yes,hard,last answer,200,77,62,15,10,5,62,10,5,0,0.1948,0.1184,0.2785,0.0750,0.0450,0.1100,62,512,0.1211,0.0992,0.1437,83,60,0.7229,0.6395,0.8022
a-heldout,40000-40199,hidden,6,ladder K4,site,yes,hard,"vote, leader above 0.5",200,77,62,15,10,5,62,10,5,0,0.1948,0.1184,0.2785,0.0750,0.0450,0.1100,62,512,0.1211,0.0992,0.1437,83,60,0.7229,0.6395,0.8022
a-heldout,40000-40199,hidden,6,ladder K4,site,yes,hard,"vote, leader above 0.8",200,77,62,15,10,5,62,10,5,0,0.1948,0.1184,0.2785,0.0750,0.0450,0.1100,62,512,0.1211,0.0992,0.1437,83,60,0.7229,0.6395,0.8022
a-heldout,40000-40199,hidden,6,ladder K4,family,yes,hard,last answer,200,217,88,129,86,40,91,86,40,3,0.5945,0.5258,0.6587,0.6450,0.5100,0.7900,88,512,0.1719,0.1448,0.1996,83,60,0.7229,0.6395,0.8022
a-heldout,40000-40199,hidden,6,ladder K4,family,yes,hard,"vote, leader above 0.5",200,214,88,126,83,40,91,83,40,3,0.5888,0.5204,0.6525,0.6300,0.4950,0.7700,88,512,0.1719,0.1448,0.1996,83,60,0.7229,0.6395,0.8022
a-heldout,40000-40199,hidden,6,ladder K4,family,yes,hard,"vote, leader above 0.8",200,214,88,126,83,40,91,83,40,3,0.5888,0.5204,0.6525,0.6300,0.4950,0.7700,88,512,0.1719,0.1448,0.1996,83,60,0.7229,0.6395,0.8022
a-heldout,40000-40199,hidden,6,ladder K4,family,no,hard,last answer,200,3201,409,2792,2354,424,423,2354,424,14,0.8722,0.8619,0.8827,13.9600,13.3750,14.5400,409,512,0.7988,0.7640,0.8316,83,70,0.8434,0.7711,0.9091
a-heldout,40000-40199,hidden,6,ladder K4,family,no,hard,"vote, leader above 0.5",200,3180,409,2771,2339,420,421,2339,420,12,0.8714,0.8610,0.8818,13.8550,13.2750,14.4350,409,512,0.7988,0.7647,0.8314,83,68,0.8193,0.7397,0.8933
a-heldout,40000-40199,hidden,6,ladder K4,family,no,hard,"vote, leader above 0.8",200,2884,401,2483,2080,397,407,2080,397,6,0.8610,0.8499,0.8722,12.4150,11.8700,12.9552,401,512,0.7832,0.7475,0.8168,83,66,0.7952,0.7143,0.8734
a-heldout,40000-40199,hidden,10,ladder K1,site,yes,hard,last answer,200,99,75,24,17,7,75,17,7,0,0.2424,0.1667,0.3235,0.1200,0.0800,0.1650,75,512,0.1465,0.1230,0.1701,83,71,0.8554,0.7907,0.9146
a-heldout,40000-40199,hidden,10,ladder K1,site,yes,hard,"vote, leader above 0.5",200,99,75,24,17,7,75,17,7,0,0.2424,0.1667,0.3235,0.1200,0.0800,0.1650,75,512,0.1465,0.1230,0.1701,83,71,0.8554,0.7907,0.9146
a-heldout,40000-40199,hidden,10,ladder K1,site,yes,hard,"vote, leader above 0.8",200,99,75,24,17,7,75,17,7,0,0.2424,0.1667,0.3235,0.1200,0.0800,0.1650,75,512,0.1465,0.1230,0.1701,83,71,0.8554,0.7907,0.9146
a-heldout,40000-40199,hidden,10,ladder K1,family,yes,hard,last answer,200,390,127,263,175,85,130,175,85,3,0.6744,0.6250,0.7207,1.3150,1.1100,1.5250,127,512,0.2480,0.2153,0.2795,83,71,0.8554,0.7907,0.9146
a-heldout,40000-40199,hidden,10,ladder K1,family,yes,hard,"vote, leader above 0.5",200,386,127,259,172,84,130,172,84,3,0.6710,0.6219,0.7178,1.2950,1.0950,1.5000,127,512,0.2480,0.2153,0.2795,83,71,0.8554,0.7907,0.9146
a-heldout,40000-40199,hidden,10,ladder K1,family,yes,hard,"vote, leader above 0.8",200,384,127,257,170,84,130,170,84,3,0.6693,0.6196,0.7165,1.2850,1.0900,1.4900,127,512,0.2480,0.2153,0.2795,83,71,0.8554,0.7907,0.9146
a-heldout,40000-40199,hidden,10,ladder K1,family,no,hard,last answer,200,3523,467,3056,2576,466,481,2576,466,14,0.8674,0.8576,0.8771,15.2800,14.7198,15.8500,467,512,0.9121,0.8895,0.9329,83,76,0.9157,0.8627,0.9630
a-heldout,40000-40199,hidden,10,ladder K1,family,no,hard,"vote, leader above 0.5",200,3510,471,3039,2565,464,481,2565,464,10,0.8658,0.8559,0.8757,15.1950,14.6400,15.7550,471,512,0.9199,0.8973,0.9407,83,74,0.8916,0.8254,0.9494
a-heldout,40000-40199,hidden,10,ladder K1,family,no,hard,"vote, leader above 0.8",200,3510,471,3039,2565,464,481,2565,464,10,0.8658,0.8559,0.8757,15.1950,14.6400,15.7550,471,512,0.9199,0.8973,0.9407,83,74,0.8916,0.8254,0.9494
a-heldout,40000-40199,hidden,10,ladder K2,site,yes,hard,last answer,200,77,62,15,8,7,62,8,7,0,0.1948,0.1163,0.2821,0.0750,0.0400,0.1100,62,512,0.1211,0.0990,0.1431,83,59,0.7108,0.6301,0.7857
a-heldout,40000-40199,hidden,10,ladder K2,site,yes,hard,"vote, leader above 0.5",200,77,62,15,8,7,62,8,7,0,0.1948,0.1163,0.2821,0.0750,0.0400,0.1100,62,512,0.1211,0.0990,0.1431,83,59,0.7108,0.6301,0.7857
a-heldout,40000-40199,hidden,10,ladder K2,site,yes,hard,"vote, leader above 0.8",200,77,62,15,8,7,62,8,7,0,0.1948,0.1163,0.2821,0.0750,0.0400,0.1100,62,512,0.1211,0.0990,0.1431,83,59,0.7108,0.6301,0.7857
a-heldout,40000-40199,hidden,10,ladder K2,family,yes,hard,last answer,200,216,94,122,72,48,96,72,48,2,0.5648,0.4979,0.6292,0.6100,0.4800,0.7500,94,512,0.1836,0.1564,0.2111,83,59,0.7108,0.6301,0.7857
a-heldout,40000-40199,hidden,10,ladder K2,family,yes,hard,"vote, leader above 0.5",200,213,94,119,69,48,96,69,48,2,0.5587,0.4918,0.6237,0.5950,0.4700,0.7300,94,512,0.1836,0.1564,0.2111,83,59,0.7108,0.6301,0.7857
a-heldout,40000-40199,hidden,10,ladder K2,family,yes,hard,"vote, leader above 0.8",200,213,94,119,69,48,96,69,48,2,0.5587,0.4918,0.6237,0.5950,0.4700,0.7300,94,512,0.1836,0.1564,0.2111,83,59,0.7108,0.6301,0.7857
a-heldout,40000-40199,hidden,10,ladder K2,family,no,hard,last answer,200,3337,446,2891,2430,454,453,2430,454,7,0.8663,0.8561,0.8766,14.4550,13.8650,15.0500,446,512,0.8711,0.8441,0.8961,83,71,0.8554,0.7895,0.9158
a-heldout,40000-40199,hidden,10,ladder K2,family,no,hard,"vote, leader above 0.5",200,3337,444,2893,2430,454,453,2430,454,9,0.8669,0.8567,0.8772,14.4650,13.8700,15.0600,444,512,0.8672,0.8397,0.8925,83,69,0.8313,0.7564,0.9000
a-heldout,40000-40199,hidden,10,ladder K2,family,no,hard,"vote, leader above 0.8",200,3189,443,2746,2299,442,448,2299,442,5,0.8611,0.8505,0.8718,13.7300,13.1598,14.3000,443,512,0.8652,0.8365,0.8917,83,69,0.8313,0.7564,0.9000
a-heldout,40000-40199,hidden,10,ladder K3,site,yes,hard,last answer,200,59,47,12,7,5,47,7,5,0,0.2034,0.1148,0.3016,0.0600,0.0300,0.0900,47,512,0.0918,0.0720,0.1113,83,45,0.5422,0.4545,0.6250
a-heldout,40000-40199,hidden,10,ladder K3,site,yes,hard,"vote, leader above 0.5",200,59,47,12,7,5,47,7,5,0,0.2034,0.1148,0.3016,0.0600,0.0300,0.0900,47,512,0.0918,0.0720,0.1113,83,45,0.5422,0.4545,0.6250
a-heldout,40000-40199,hidden,10,ladder K3,site,yes,hard,"vote, leader above 0.8",200,59,47,12,7,5,47,7,5,0,0.2034,0.1148,0.3016,0.0600,0.0300,0.0900,47,512,0.0918,0.0720,0.1113,83,45,0.5422,0.4545,0.6250
a-heldout,40000-40199,hidden,10,ladder K3,family,yes,hard,last answer,200,156,71,85,48,36,72,48,36,1,0.5449,0.4653,0.6197,0.4250,0.3200,0.5350,71,512,0.1387,0.1144,0.1628,83,45,0.5422,0.4545,0.6250
a-heldout,40000-40199,hidden,10,ladder K3,family,yes,hard,"vote, leader above 0.5",200,156,71,85,48,36,72,48,36,1,0.5449,0.4653,0.6197,0.4250,0.3200,0.5350,71,512,0.1387,0.1144,0.1628,83,45,0.5422,0.4545,0.6250
a-heldout,40000-40199,hidden,10,ladder K3,family,yes,hard,"vote, leader above 0.8",200,156,71,85,48,36,72,48,36,1,0.5449,0.4653,0.6197,0.4250,0.3200,0.5350,71,512,0.1387,0.1144,0.1628,83,45,0.5422,0.4545,0.6250
a-heldout,40000-40199,hidden,10,ladder K3,family,no,hard,last answer,200,2867,400,2467,2039,420,408,2039,420,8,0.8605,0.8487,0.8720,12.3350,11.6350,13.0400,400,512,0.7812,0.7468,0.8135,83,69,0.8313,0.7632,0.8939
a-heldout,40000-40199,hidden,10,ladder K3,family,no,hard,"vote, leader above 0.5",200,2834,398,2436,2014,414,406,2014,414,8,0.8596,0.8475,0.8713,12.1800,11.4800,12.8750,398,512,0.7773,0.7431,0.8096,83,67,0.8072,0.7317,0.8788
a-heldout,40000-40199,hidden,10,ladder K3,family,no,hard,"vote, leader above 0.8",200,2682,397,2285,1877,403,402,1877,403,5,0.8520,0.8395,0.8643,11.4250,10.7750,12.0752,397,512,0.7754,0.7405,0.8083,83,67,0.8072,0.7317,0.8788
a-heldout,40000-40199,hidden,10,ladder K4,site,yes,hard,last answer,200,57,47,10,7,3,47,7,3,0,0.1754,0.0893,0.2712,0.0500,0.0250,0.0800,47,512,0.0918,0.0720,0.1113,83,45,0.5422,0.4545,0.6250
a-heldout,40000-40199,hidden,10,ladder K4,site,yes,hard,"vote, leader above 0.5",200,57,47,10,7,3,47,7,3,0,0.1754,0.0893,0.2712,0.0500,0.0250,0.0800,47,512,0.0918,0.0720,0.1113,83,45,0.5422,0.4545,0.6250
a-heldout,40000-40199,hidden,10,ladder K4,site,yes,hard,"vote, leader above 0.8",200,57,47,10,7,3,47,7,3,0,0.1754,0.0893,0.2712,0.0500,0.0250,0.0800,47,512,0.0918,0.0720,0.1113,83,45,0.5422,0.4545,0.6250
a-heldout,40000-40199,hidden,10,ladder K4,family,yes,hard,last answer,200,143,71,72,48,23,72,48,23,1,0.5035,0.4179,0.5833,0.3600,0.2650,0.4650,71,512,0.1387,0.1144,0.1628,83,45,0.5422,0.4545,0.6250
a-heldout,40000-40199,hidden,10,ladder K4,family,yes,hard,"vote, leader above 0.5",200,143,71,72,48,23,72,48,23,1,0.5035,0.4179,0.5833,0.3600,0.2650,0.4650,71,512,0.1387,0.1144,0.1628,83,45,0.5422,0.4545,0.6250
a-heldout,40000-40199,hidden,10,ladder K4,family,yes,hard,"vote, leader above 0.8",200,143,71,72,48,23,72,48,23,1,0.5035,0.4179,0.5833,0.3600,0.2650,0.4650,71,512,0.1387,0.1144,0.1628,83,45,0.5422,0.4545,0.6250
a-heldout,40000-40199,hidden,10,ladder K4,family,no,hard,last answer,200,2809,400,2409,2036,365,408,2036,365,8,0.8576,0.8455,0.8694,12.0450,11.3500,12.7400,400,512,0.7812,0.7468,0.8135,83,69,0.8313,0.7632,0.8939
a-heldout,40000-40199,hidden,10,ladder K4,family,no,hard,"vote, leader above 0.5",200,2776,398,2378,2011,359,406,2011,359,8,0.8566,0.8443,0.8686,11.8900,11.1950,12.5900,398,512,0.7773,0.7431,0.8096,83,67,0.8072,0.7317,0.8788
a-heldout,40000-40199,hidden,10,ladder K4,family,no,hard,"vote, leader above 0.8",200,2624,397,2227,1874,348,402,1874,348,5,0.8487,0.8358,0.8612,11.1350,10.4850,11.7850,397,512,0.7754,0.7405,0.8083,83,67,0.8072,0.7317,0.8788
a-heldout,40000-40199,hidden,13,ladder K1,site,yes,hard,last answer,200,100,76,24,17,7,76,17,7,0,0.2400,0.1650,0.3196,0.1200,0.0800,0.1650,76,512,0.1484,0.1252,0.1715,83,72,0.8675,0.8056,0.9250
a-heldout,40000-40199,hidden,13,ladder K1,site,yes,hard,"vote, leader above 0.5",200,100,76,24,17,7,76,17,7,0,0.2400,0.1650,0.3196,0.1200,0.0800,0.1650,76,512,0.1484,0.1252,0.1715,83,72,0.8675,0.8056,0.9250
a-heldout,40000-40199,hidden,13,ladder K1,site,yes,hard,"vote, leader above 0.8",200,100,76,24,17,7,76,17,7,0,0.2400,0.1650,0.3196,0.1200,0.0800,0.1650,76,512,0.1484,0.1252,0.1715,83,72,0.8675,0.8056,0.9250
a-heldout,40000-40199,hidden,13,ladder K1,family,yes,hard,last answer,200,377,129,248,160,85,132,160,85,3,0.6578,0.6068,0.7064,1.2400,1.0400,1.4450,129,512,0.2520,0.2205,0.2828,83,72,0.8675,0.8056,0.9250
a-heldout,40000-40199,hidden,13,ladder K1,family,yes,hard,"vote, leader above 0.5",200,376,129,247,159,85,132,159,85,3,0.6569,0.6055,0.7054,1.2350,1.0350,1.4400,129,512,0.2520,0.2205,0.2828,83,72,0.8675,0.8056,0.9250
a-heldout,40000-40199,hidden,13,ladder K1,family,yes,hard,"vote, leader above 0.8",200,374,129,245,157,85,132,157,85,3,0.6551,0.6028,0.7042,1.2250,1.0250,1.4350,129,512,0.2520,0.2205,0.2828,83,72,0.8675,0.8056,0.9250
a-heldout,40000-40199,hidden,13,ladder K1,family,no,hard,last answer,200,3275,472,2803,2324,468,483,2324,468,11,0.8559,0.8448,0.8666,14.0150,13.3650,14.6700,472,512,0.9219,0.9008,0.9417,83,76,0.9157,0.8627,0.9630
a-heldout,40000-40199,hidden,13,ladder K1,family,no,hard,"vote, leader above 0.5",200,3262,477,2785,2313,466,483,2313,466,6,0.8538,0.8426,0.8646,13.9250,13.2848,14.5702,477,512,0.9316,0.9115,0.9503,83,76,0.9157,0.8627,0.9630
a-heldout,40000-40199,hidden,13,ladder K1,family,no,hard,"vote, leader above 0.8",200,3262,477,2785,2313,466,483,2313,466,6,0.8538,0.8426,0.8646,13.9250,13.2848,14.5702,477,512,0.9316,0.9115,0.9503,83,76,0.9157,0.8627,0.9630
a-heldout,40000-40199,hidden,13,ladder K2,site,yes,hard,last answer,200,78,65,13,6,7,65,6,7,0,0.1667,0.0968,0.2439,0.0650,0.0350,0.1000,65,512,0.1270,0.1058,0.1479,83,63,0.7590,0.6875,0.8276
a-heldout,40000-40199,hidden,13,ladder K2,site,yes,hard,"vote, leader above 0.5",200,78,65,13,6,7,65,6,7,0,0.1667,0.0968,0.2439,0.0650,0.0350,0.1000,65,512,0.1270,0.1058,0.1479,83,63,0.7590,0.6875,0.8276
a-heldout,40000-40199,hidden,13,ladder K2,site,yes,hard,"vote, leader above 0.8",200,78,65,13,6,7,65,6,7,0,0.1667,0.0968,0.2439,0.0650,0.0350,0.1000,65,512,0.1270,0.1058,0.1479,83,63,0.7590,0.6875,0.8276
a-heldout,40000-40199,hidden,13,ladder K2,family,yes,hard,last answer,200,176,97,79,36,43,97,36,43,0,0.4489,0.3787,0.5176,0.3950,0.3000,0.4950,97,512,0.1895,0.1627,0.2161,83,63,0.7590,0.6875,0.8276
a-heldout,40000-40199,hidden,13,ladder K2,family,yes,hard,"vote, leader above 0.5",200,176,97,79,36,43,97,36,43,0,0.4489,0.3787,0.5176,0.3950,0.3000,0.4950,97,512,0.1895,0.1627,0.2161,83,63,0.7590,0.6875,0.8276
a-heldout,40000-40199,hidden,13,ladder K2,family,yes,hard,"vote, leader above 0.8",200,176,97,79,36,43,97,36,43,0,0.4489,0.3787,0.5176,0.3950,0.3000,0.4950,97,512,0.1895,0.1627,0.2161,83,63,0.7590,0.6875,0.8276
a-heldout,40000-40199,hidden,13,ladder K2,family,no,hard,last answer,200,3036,453,2583,2123,457,456,2123,457,3,0.8508,0.8390,0.8624,12.9150,12.2450,13.5750,453,512,0.8848,0.8608,0.9072,83,74,0.8916,0.8372,0.9429
a-heldout,40000-40199,hidden,13,ladder K2,family,no,hard,"vote, leader above 0.5",200,3036,451,2585,2123,457,456,2123,457,5,0.8514,0.8397,0.8629,12.9250,12.2600,13.5850,451,512,0.8809,0.8566,0.9035,83,73,0.8795,0.8205,0.9355
a-heldout,40000-40199,hidden,13,ladder K2,family,no,hard,"vote, leader above 0.8",200,2614,448,2166,1746,418,450,1746,418,2,0.8286,0.8156,0.8415,10.8300,10.2650,11.3900,448,512,0.8750,0.8499,0.8984,83,71,0.8554,0.7901,0.9189
a-heldout,40000-40199,hidden,13,ladder K3,site,yes,hard,last answer,200,48,39,9,5,4,39,5,4,0,0.1875,0.0983,0.2826,0.0450,0.0200,0.0700,39,512,0.0762,0.0579,0.0942,83,38,0.4578,0.3667,0.5467
a-heldout,40000-40199,hidden,13,ladder K3,site,yes,hard,"vote, leader above 0.5",200,48,39,9,5,4,39,5,4,0,0.1875,0.0983,0.2826,0.0450,0.0200,0.0700,39,512,0.0762,0.0579,0.0942,83,38,0.4578,0.3667,0.5467
a-heldout,40000-40199,hidden,13,ladder K3,site,yes,hard,"vote, leader above 0.8",200,48,39,9,5,4,39,5,4,0,0.1875,0.0983,0.2826,0.0450,0.0200,0.0700,39,512,0.0762,0.0579,0.0942,83,38,0.4578,0.3667,0.5467
a-heldout,40000-40199,hidden,13,ladder K3,family,yes,hard,last answer,200,109,57,52,21,31,57,21,31,0,0.4771,0.3918,0.5577,0.2600,0.1850,0.3400,57,512,0.1113,0.0885,0.1344,83,39,0.4699,0.3765,0.5618
a-heldout,40000-40199,hidden,13,ladder K3,family,yes,hard,"vote, leader above 0.5",200,109,57,52,21,31,57,21,31,0,0.4771,0.3918,0.5577,0.2600,0.1850,0.3400,57,512,0.1113,0.0885,0.1344,83,39,0.4699,0.3765,0.5618
a-heldout,40000-40199,hidden,13,ladder K3,family,yes,hard,"vote, leader above 0.8",200,109,57,52,21,31,57,21,31,0,0.4771,0.3918,0.5577,0.2600,0.1850,0.3400,57,512,0.1113,0.0885,0.1344,83,39,0.4699,0.3765,0.5618
a-heldout,40000-40199,hidden,13,ladder K3,family,no,hard,last answer,200,2633,391,2242,1827,409,397,1827,409,6,0.8515,0.8391,0.8638,11.2100,10.5450,11.8750,391,512,0.7637,0.7294,0.7953,83,68,0.8193,0.7468,0.8889
a-heldout,40000-40199,hidden,13,ladder K3,family,no,hard,"vote, leader above 0.5",200,2602,391,2211,1802,405,395,1802,405,4,0.8497,0.8371,0.8622,11.0550,10.3950,11.7150,391,512,0.7637,0.7295,0.7953,83,68,0.8193,0.7444,0.8889
a-heldout,40000-40199,hidden,13,ladder K3,family,no,hard,"vote, leader above 0.8",200,2363,390,1973,1585,385,393,1585,385,3,0.8350,0.8215,0.8486,9.8650,9.2700,10.4650,390,512,0.7617,0.7278,0.7934,83,67,0.8072,0.7342,0.8769
a-heldout,40000-40199,hidden,13,ladder K4,site,yes,hard,last answer,200,45,39,6,5,1,39,5,1,0,0.1333,0.0541,0.2250,0.0300,0.0100,0.0500,39,512,0.0762,0.0579,0.0942,83,38,0.4578,0.3667,0.5467
a-heldout,40000-40199,hidden,13,ladder K4,site,yes,hard,"vote, leader above 0.5",200,45,39,6,5,1,39,5,1,0,0.1333,0.0541,0.2250,0.0300,0.0100,0.0500,39,512,0.0762,0.0579,0.0942,83,38,0.4578,0.3667,0.5467
a-heldout,40000-40199,hidden,13,ladder K4,site,yes,hard,"vote, leader above 0.8",200,45,39,6,5,1,39,5,1,0,0.1333,0.0541,0.2250,0.0300,0.0100,0.0500,39,512,0.0762,0.0579,0.0942,83,38,0.4578,0.3667,0.5467
a-heldout,40000-40199,hidden,13,ladder K4,family,yes,hard,last answer,200,89,57,32,21,11,57,21,11,0,0.3596,0.2577,0.4571,0.1600,0.1000,0.2250,57,512,0.1113,0.0885,0.1344,83,39,0.4699,0.3765,0.5618
a-heldout,40000-40199,hidden,13,ladder K4,family,yes,hard,"vote, leader above 0.5",200,89,57,32,21,11,57,21,11,0,0.3596,0.2577,0.4571,0.1600,0.1000,0.2250,57,512,0.1113,0.0885,0.1344,83,39,0.4699,0.3765,0.5618
a-heldout,40000-40199,hidden,13,ladder K4,family,yes,hard,"vote, leader above 0.8",200,89,57,32,21,11,57,21,11,0,0.3596,0.2577,0.4571,0.1600,0.1000,0.2250,57,512,0.1113,0.0885,0.1344,83,39,0.4699,0.3765,0.5618
a-heldout,40000-40199,hidden,13,ladder K4,family,no,hard,last answer,200,2525,391,2134,1825,303,397,1825,303,6,0.8451,0.8320,0.8580,10.6700,10.0050,11.3300,391,512,0.7637,0.7294,0.7953,83,68,0.8193,0.7468,0.8889
a-heldout,40000-40199,hidden,13,ladder K4,family,no,hard,"vote, leader above 0.5",200,2494,391,2103,1800,299,395,1800,299,4,0.8432,0.8299,0.8563,10.5150,9.8600,11.1650,391,512,0.7637,0.7295,0.7953,83,68,0.8193,0.7444,0.8889
a-heldout,40000-40199,hidden,13,ladder K4,family,no,hard,"vote, leader above 0.8",200,2258,390,1868,1583,282,393,1583,282,3,0.8273,0.8129,0.8416,9.3400,8.7500,9.9300,390,512,0.7617,0.7278,0.7934,83,67,0.8072,0.7342,0.8769
a-heldout,40000-40199,hidden,16,ladder K1,site,yes,hard,last answer,200,99,78,21,14,7,78,14,7,0,0.2121,0.1415,0.2857,0.1050,0.0650,0.1450,78,512,0.1523,0.1285,0.1760,83,74,0.8916,0.8352,0.9434
a-heldout,40000-40199,hidden,16,ladder K1,site,yes,hard,"vote, leader above 0.5",200,99,78,21,14,7,78,14,7,0,0.2121,0.1415,0.2857,0.1050,0.0650,0.1450,78,512,0.1523,0.1285,0.1760,83,74,0.8916,0.8352,0.9434
a-heldout,40000-40199,hidden,16,ladder K1,site,yes,hard,"vote, leader above 0.8",200,99,78,21,14,7,78,14,7,0,0.2121,0.1415,0.2857,0.1050,0.0650,0.1450,78,512,0.1523,0.1285,0.1760,83,74,0.8916,0.8352,0.9434
a-heldout,40000-40199,hidden,16,ladder K1,family,yes,hard,last answer,200,369,133,236,149,85,135,149,85,2,0.6396,0.5862,0.6896,1.1800,0.9850,1.3850,133,512,0.2598,0.2277,0.2912,83,75,0.9036,0.8478,0.9540
a-heldout,40000-40199,hidden,16,ladder K1,family,yes,hard,"vote, leader above 0.5",200,368,133,235,148,85,135,148,85,2,0.6386,0.5851,0.6888,1.1750,0.9800,1.3800,133,512,0.2598,0.2277,0.2912,83,75,0.9036,0.8478,0.9540
a-heldout,40000-40199,hidden,16,ladder K1,family,yes,hard,"vote, leader above 0.8",200,366,133,233,146,85,135,146,85,2,0.6366,0.5823,0.6877,1.1650,0.9700,1.3700,133,512,0.2598,0.2277,0.2912,83,75,0.9036,0.8478,0.9540
a-heldout,40000-40199,hidden,16,ladder K1,family,no,hard,last answer,200,2097,481,1616,1170,442,485,1170,442,4,0.7706,0.7542,0.7867,8.0800,7.6850,8.4800,481,512,0.9395,0.9223,0.9557,83,78,0.9398,0.8939,0.9780
a-heldout,40000-40199,hidden,16,ladder K1,family,no,hard,"vote, leader above 0.5",200,2097,483,1614,1170,442,485,1170,442,2,0.7697,0.7532,0.7860,8.0700,7.6750,8.4700,483,512,0.9434,0.9266,0.9591,83,78,0.9398,0.8939,0.9780
a-heldout,40000-40199,hidden,16,ladder K1,family,no,hard,"vote, leader above 0.8",200,2097,483,1614,1170,442,485,1170,442,2,0.7697,0.7532,0.7860,8.0700,7.6750,8.4700,483,512,0.9434,0.9266,0.9591,83,78,0.9398,0.8939,0.9780
a-heldout,40000-40199,hidden,16,ladder K2,site,yes,hard,last answer,200,80,73,7,1,6,73,1,6,0,0.0875,0.0395,0.1429,0.0350,0.0150,0.0550,73,512,0.1426,0.1188,0.1663,83,71,0.8554,0.7889,0.9157
a-heldout,40000-40199,hidden,16,ladder K2,site,yes,hard,"vote, leader above 0.5",200,80,73,7,1,6,73,1,6,0,0.0875,0.0395,0.1429,0.0350,0.0150,0.0550,73,512,0.1426,0.1188,0.1663,83,71,0.8554,0.7889,0.9157
a-heldout,40000-40199,hidden,16,ladder K2,site,yes,hard,"vote, leader above 0.8",200,80,73,7,1,6,73,1,6,0,0.0875,0.0395,0.1429,0.0350,0.0150,0.0550,73,512,0.1426,0.1188,0.1663,83,71,0.8554,0.7889,0.9157
a-heldout,40000-40199,hidden,16,ladder K2,family,yes,hard,last answer,200,159,113,46,9,37,113,9,37,0,0.2893,0.2242,0.3544,0.2300,0.1650,0.3000,113,512,0.2207,0.1900,0.2510,83,72,0.8675,0.8026,0.9259
a-heldout,40000-40199,hidden,16,ladder K2,family,yes,hard,"vote, leader above 0.5",200,159,113,46,9,37,113,9,37,0,0.2893,0.2242,0.3544,0.2300,0.1650,0.3000,113,512,0.2207,0.1900,0.2510,83,72,0.8675,0.8026,0.9259
a-heldout,40000-40199,hidden,16,ladder K2,family,yes,hard,"vote, leader above 0.8",200,159,113,46,9,37,113,9,37,0,0.2893,0.2242,0.3544,0.2300,0.1650,0.3000,113,512,0.2207,0.1900,0.2510,83,72,0.8675,0.8026,0.9259
a-heldout,40000-40199,hidden,16,ladder K2,family,no,hard,last answer,200,1241,462,779,432,347,462,432,347,0,0.6277,0.5997,0.6551,3.8950,3.5750,4.2250,462,512,0.9023,0.8810,0.9219,83,76,0.9157,0.8636,0.9630
a-heldout,40000-40199,hidden,16,ladder K2,family,no,hard,"vote, leader above 0.5",200,1241,462,779,432,347,462,432,347,0,0.6277,0.5997,0.6551,3.8950,3.5750,4.2250,462,512,0.9023,0.8810,0.9219,83,76,0.9157,0.8636,0.9630
a-heldout,40000-40199,hidden,16,ladder K2,family,no,hard,"vote, leader above 0.8",200,1241,462,779,432,347,462,432,347,0,0.6277,0.5997,0.6551,3.8950,3.5750,4.2250,462,512,0.9023,0.8810,0.9219,83,76,0.9157,0.8636,0.9630
a-heldout,40000-40199,hidden,16,ladder K3,site,yes,hard,last answer,200,42,38,4,1,3,38,1,3,0,0.0952,0.0250,0.1778,0.0200,0.0050,0.0350,38,512,0.0742,0.0554,0.0929,83,37,0.4458,0.3582,0.5301
a-heldout,40000-40199,hidden,16,ladder K3,site,yes,hard,"vote, leader above 0.5",200,42,38,4,1,3,38,1,3,0,0.0952,0.0250,0.1778,0.0200,0.0050,0.0350,38,512,0.0742,0.0554,0.0929,83,37,0.4458,0.3582,0.5301
a-heldout,40000-40199,hidden,16,ladder K3,site,yes,hard,"vote, leader above 0.8",200,42,38,4,1,3,38,1,3,0,0.0952,0.0250,0.1778,0.0200,0.0050,0.0350,38,512,0.0742,0.0554,0.0929,83,37,0.4458,0.3582,0.5301
a-heldout,40000-40199,hidden,16,ladder K3,family,yes,hard,last answer,200,84,62,22,4,18,62,4,18,0,0.2619,0.1692,0.3587,0.1100,0.0650,0.1600,62,512,0.1211,0.0966,0.1454,83,40,0.4819,0.3933,0.5663
a-heldout,40000-40199,hidden,16,ladder K3,family,yes,hard,"vote, leader above 0.5",200,84,62,22,4,18,62,4,18,0,0.2619,0.1692,0.3587,0.1100,0.0650,0.1600,62,512,0.1211,0.0966,0.1454,83,40,0.4819,0.3933,0.5663
a-heldout,40000-40199,hidden,16,ladder K3,family,yes,hard,"vote, leader above 0.8",200,84,62,22,4,18,62,4,18,0,0.2619,0.1692,0.3587,0.1100,0.0650,0.1600,62,512,0.1211,0.0966,0.1454,83,40,0.4819,0.3933,0.5663
a-heldout,40000-40199,hidden,16,ladder K3,family,no,hard,last answer,200,948,406,542,236,306,406,236,306,0,0.5717,0.5400,0.6026,2.7100,2.4500,2.9800,406,512,0.7930,0.7602,0.8234,83,71,0.8554,0.7849,0.9211
a-heldout,40000-40199,hidden,16,ladder K3,family,no,hard,"vote, leader above 0.5",200,948,406,542,236,306,406,236,306,0,0.5717,0.5400,0.6026,2.7100,2.4500,2.9800,406,512,0.7930,0.7602,0.8234,83,71,0.8554,0.7849,0.9211
a-heldout,40000-40199,hidden,16,ladder K3,family,no,hard,"vote, leader above 0.8",200,948,406,542,236,306,406,236,306,0,0.5717,0.5400,0.6026,2.7100,2.4500,2.9800,406,512,0.7930,0.7602,0.8234,83,71,0.8554,0.7849,0.9211
a-heldout,40000-40199,hidden,16,ladder K4,site,yes,hard,last answer,200,39,38,1,1,0,38,1,0,0,0.0256,0.0000,0.0750,0.0050,0.0000,0.0150,38,512,0.0742,0.0554,0.0929,83,37,0.4458,0.3582,0.5301
a-heldout,40000-40199,hidden,16,ladder K4,site,yes,hard,"vote, leader above 0.5",200,39,38,1,1,0,38,1,0,0,0.0256,0.0000,0.0750,0.0050,0.0000,0.0150,38,512,0.0742,0.0554,0.0929,83,37,0.4458,0.3582,0.5301
a-heldout,40000-40199,hidden,16,ladder K4,site,yes,hard,"vote, leader above 0.8",200,39,38,1,1,0,38,1,0,0,0.0256,0.0000,0.0750,0.0050,0.0000,0.0150,38,512,0.0742,0.0554,0.0929,83,37,0.4458,0.3582,0.5301
a-heldout,40000-40199,hidden,16,ladder K4,family,yes,hard,last answer,200,70,62,8,4,4,62,4,4,0,0.1143,0.0577,0.1750,0.0400,0.0200,0.0650,62,512,0.1211,0.0966,0.1454,83,40,0.4819,0.3933,0.5663
a-heldout,40000-40199,hidden,16,ladder K4,family,yes,hard,"vote, leader above 0.5",200,70,62,8,4,4,62,4,4,0,0.1143,0.0577,0.1750,0.0400,0.0200,0.0650,62,512,0.1211,0.0966,0.1454,83,40,0.4819,0.3933,0.5663
a-heldout,40000-40199,hidden,16,ladder K4,family,yes,hard,"vote, leader above 0.8",200,70,62,8,4,4,62,4,4,0,0.1143,0.0577,0.1750,0.0400,0.0200,0.0650,62,512,0.1211,0.0966,0.1454,83,40,0.4819,0.3933,0.5663
a-heldout,40000-40199,hidden,16,ladder K4,family,no,hard,last answer,200,803,406,397,236,161,406,236,161,0,0.4944,0.4589,0.5293,1.9850,1.7600,2.2152,406,512,0.7930,0.7602,0.8234,83,71,0.8554,0.7849,0.9211
a-heldout,40000-40199,hidden,16,ladder K4,family,no,hard,"vote, leader above 0.5",200,803,406,397,236,161,406,236,161,0,0.4944,0.4589,0.5293,1.9850,1.7600,2.2152,406,512,0.7930,0.7602,0.8234,83,71,0.8554,0.7849,0.9211
a-heldout,40000-40199,hidden,16,ladder K4,family,no,hard,"vote, leader above 0.8",200,803,406,397,236,161,406,236,161,0,0.4944,0.4589,0.5293,1.9850,1.7600,2.2152,406,512,0.7930,0.7602,0.8234,83,71,0.8554,0.7849,0.9211
a-heldout,40000-40199,hidden,32,ladder K1,site,yes,hard,last answer,200,99,78,21,14,7,78,14,7,0,0.2121,0.1415,0.2857,0.1050,0.0650,0.1450,78,512,0.1523,0.1285,0.1760,83,74,0.8916,0.8352,0.9434
a-heldout,40000-40199,hidden,32,ladder K1,site,yes,hard,"vote, leader above 0.5",200,99,78,21,14,7,78,14,7,0,0.2121,0.1415,0.2857,0.1050,0.0650,0.1450,78,512,0.1523,0.1285,0.1760,83,74,0.8916,0.8352,0.9434
a-heldout,40000-40199,hidden,32,ladder K1,site,yes,hard,"vote, leader above 0.8",200,99,78,21,14,7,78,14,7,0,0.2121,0.1415,0.2857,0.1050,0.0650,0.1450,78,512,0.1523,0.1285,0.1760,83,74,0.8916,0.8352,0.9434
a-heldout,40000-40199,hidden,32,ladder K1,family,yes,hard,last answer,200,385,137,248,156,90,139,156,90,2,0.6442,0.5913,0.6937,1.2400,1.0400,1.4500,137,512,0.2676,0.2346,0.2995,83,75,0.9036,0.8478,0.9540
a-heldout,40000-40199,hidden,32,ladder K1,family,yes,hard,"vote, leader above 0.5",200,384,137,247,155,90,139,155,90,2,0.6432,0.5903,0.6927,1.2350,1.0400,1.4450,137,512,0.2676,0.2346,0.2995,83,75,0.9036,0.8478,0.9540
a-heldout,40000-40199,hidden,32,ladder K1,family,yes,hard,"vote, leader above 0.8",200,382,137,245,153,90,139,153,90,2,0.6414,0.5872,0.6916,1.2250,1.0300,1.4350,137,512,0.2676,0.2346,0.2995,83,75,0.9036,0.8478,0.9540
a-heldout,40000-40199,hidden,32,ladder K1,family,no,hard,last answer,200,2098,482,1616,1170,442,486,1170,442,4,0.7703,0.7537,0.7864,8.0800,7.6850,8.4800,482,512,0.9414,0.9243,0.9576,83,78,0.9398,0.8939,0.9780
a-heldout,40000-40199,hidden,32,ladder K1,family,no,hard,"vote, leader above 0.5",200,2098,484,1614,1170,442,486,1170,442,2,0.7693,0.7527,0.7857,8.0700,7.6750,8.4700,484,512,0.9453,0.9287,0.9610,83,78,0.9398,0.8939,0.9780
a-heldout,40000-40199,hidden,32,ladder K1,family,no,hard,"vote, leader above 0.8",200,2098,484,1614,1170,442,486,1170,442,2,0.7693,0.7527,0.7857,8.0700,7.6750,8.4700,484,512,0.9453,0.9287,0.9610,83,78,0.9398,0.8939,0.9780
a-heldout,40000-40199,hidden,32,ladder K2,site,yes,hard,last answer,200,80,73,7,1,6,73,1,6,0,0.0875,0.0395,0.1429,0.0350,0.0150,0.0550,73,512,0.1426,0.1188,0.1663,83,71,0.8554,0.7889,0.9157
a-heldout,40000-40199,hidden,32,ladder K2,site,yes,hard,"vote, leader above 0.5",200,80,73,7,1,6,73,1,6,0,0.0875,0.0395,0.1429,0.0350,0.0150,0.0550,73,512,0.1426,0.1188,0.1663,83,71,0.8554,0.7889,0.9157
a-heldout,40000-40199,hidden,32,ladder K2,site,yes,hard,"vote, leader above 0.8",200,80,73,7,1,6,73,1,6,0,0.0875,0.0395,0.1429,0.0350,0.0150,0.0550,73,512,0.1426,0.1188,0.1663,83,71,0.8554,0.7889,0.9157
a-heldout,40000-40199,hidden,32,ladder K2,family,yes,hard,last answer,200,166,117,49,9,40,117,9,40,0,0.2952,0.2289,0.3621,0.2450,0.1750,0.3200,117,512,0.2285,0.1968,0.2597,83,72,0.8675,0.8026,0.9259
a-heldout,40000-40199,hidden,32,ladder K2,family,yes,hard,"vote, leader above 0.5",200,166,117,49,9,40,117,9,40,0,0.2952,0.2289,0.3621,0.2450,0.1750,0.3200,117,512,0.2285,0.1968,0.2597,83,72,0.8675,0.8026,0.9259
a-heldout,40000-40199,hidden,32,ladder K2,family,yes,hard,"vote, leader above 0.8",200,166,117,49,9,40,117,9,40,0,0.2952,0.2289,0.3621,0.2450,0.1750,0.3200,117,512,0.2285,0.1968,0.2597,83,72,0.8675,0.8026,0.9259
a-heldout,40000-40199,hidden,32,ladder K2,family,no,hard,last answer,200,1242,463,779,432,347,463,432,347,0,0.6272,0.5992,0.6547,3.8950,3.5750,4.2250,463,512,0.9043,0.8831,0.9241,83,76,0.9157,0.8636,0.9630
a-heldout,40000-40199,hidden,32,ladder K2,family,no,hard,"vote, leader above 0.5",200,1242,463,779,432,347,463,432,347,0,0.6272,0.5992,0.6547,3.8950,3.5750,4.2250,463,512,0.9043,0.8831,0.9241,83,76,0.9157,0.8636,0.9630
a-heldout,40000-40199,hidden,32,ladder K2,family,no,hard,"vote, leader above 0.8",200,1242,463,779,432,347,463,432,347,0,0.6272,0.5992,0.6547,3.8950,3.5750,4.2250,463,512,0.9043,0.8831,0.9241,83,76,0.9157,0.8636,0.9630
a-heldout,40000-40199,hidden,32,ladder K3,site,yes,hard,last answer,200,41,41,0,0,0,41,0,0,0,0.0000,0.0000,0.0000,0.0000,0.0000,0.0000,41,512,0.0801,0.0600,0.1010,83,40,0.4819,0.3837,0.5765
a-heldout,40000-40199,hidden,32,ladder K3,site,yes,hard,"vote, leader above 0.5",200,41,41,0,0,0,41,0,0,0,0.0000,0.0000,0.0000,0.0000,0.0000,0.0000,41,512,0.0801,0.0600,0.1010,83,40,0.4819,0.3837,0.5765
a-heldout,40000-40199,hidden,32,ladder K3,site,yes,hard,"vote, leader above 0.8",200,41,41,0,0,0,41,0,0,0,0.0000,0.0000,0.0000,0.0000,0.0000,0.0000,41,512,0.0801,0.0600,0.1010,83,40,0.4819,0.3837,0.5765
a-heldout,40000-40199,hidden,32,ladder K3,family,yes,hard,last answer,200,74,68,6,4,2,68,4,2,0,0.0811,0.0317,0.1364,0.0300,0.0100,0.0500,68,512,0.1328,0.1061,0.1605,83,41,0.4940,0.3976,0.5882
a-heldout,40000-40199,hidden,32,ladder K3,family,yes,hard,"vote, leader above 0.5",200,74,68,6,4,2,68,4,2,0,0.0811,0.0317,0.1364,0.0300,0.0100,0.0500,68,512,0.1328,0.1061,0.1605,83,41,0.4940,0.3976,0.5882
a-heldout,40000-40199,hidden,32,ladder K3,family,yes,hard,"vote, leader above 0.8",200,74,68,6,4,2,68,4,2,0,0.0811,0.0317,0.1364,0.0300,0.0100,0.0500,68,512,0.1328,0.1061,0.1605,83,41,0.4940,0.3976,0.5882
a-heldout,40000-40199,hidden,32,ladder K3,family,no,hard,last answer,200,872,404,468,176,292,404,176,292,0,0.5367,0.5048,0.5683,2.3400,2.1300,2.5550,404,512,0.7891,0.7552,0.8208,83,68,0.8193,0.7442,0.8889
a-heldout,40000-40199,hidden,32,ladder K3,family,no,hard,"vote, leader above 0.5",200,872,404,468,176,292,404,176,292,0,0.5367,0.5048,0.5683,2.3400,2.1300,2.5550,404,512,0.7891,0.7552,0.8208,83,68,0.8193,0.7442,0.8889
a-heldout,40000-40199,hidden,32,ladder K3,family,no,hard,"vote, leader above 0.8",200,872,404,468,176,292,404,176,292,0,0.5367,0.5048,0.5683,2.3400,2.1300,2.5550,404,512,0.7891,0.7552,0.8208,83,68,0.8193,0.7442,0.8889
a-heldout,40000-40199,hidden,32,ladder K4,site,yes,hard,last answer,200,37,37,0,0,0,37,0,0,0,0.0000,0.0000,0.0000,0.0000,0.0000,0.0000,37,512,0.0723,0.0534,0.0919,83,36,0.4337,0.3400,0.5233
a-heldout,40000-40199,hidden,32,ladder K4,site,yes,hard,"vote, leader above 0.5",200,37,37,0,0,0,37,0,0,0,0.0000,0.0000,0.0000,0.0000,0.0000,0.0000,37,512,0.0723,0.0534,0.0919,83,36,0.4337,0.3400,0.5233
a-heldout,40000-40199,hidden,32,ladder K4,site,yes,hard,"vote, leader above 0.8",200,37,37,0,0,0,37,0,0,0,0.0000,0.0000,0.0000,0.0000,0.0000,0.0000,37,512,0.0723,0.0534,0.0919,83,36,0.4337,0.3400,0.5233
a-heldout,40000-40199,hidden,32,ladder K4,family,yes,hard,last answer,200,65,61,4,4,0,61,4,0,0,0.0615,0.0154,0.1186,0.0200,0.0050,0.0400,61,512,0.1191,0.0941,0.1450,83,38,0.4578,0.3636,0.5479
a-heldout,40000-40199,hidden,32,ladder K4,family,yes,hard,"vote, leader above 0.5",200,65,61,4,4,0,61,4,0,0,0.0615,0.0154,0.1186,0.0200,0.0050,0.0400,61,512,0.1191,0.0941,0.1450,83,38,0.4578,0.3636,0.5479
a-heldout,40000-40199,hidden,32,ladder K4,family,yes,hard,"vote, leader above 0.8",200,65,61,4,4,0,61,4,0,0,0.0615,0.0154,0.1186,0.0200,0.0050,0.0400,61,512,0.1191,0.0941,0.1450,83,38,0.4578,0.3636,0.5479
a-heldout,40000-40199,hidden,32,ladder K4,family,no,hard,last answer,200,701,402,299,172,127,402,172,127,0,0.4265,0.3926,0.4602,1.4950,1.3300,1.6650,402,512,0.7852,0.7516,0.8171,83,66,0.7952,0.7209,0.8675
a-heldout,40000-40199,hidden,32,ladder K4,family,no,hard,"vote, leader above 0.5",200,701,402,299,172,127,402,172,127,0,0.4265,0.3926,0.4602,1.4950,1.3300,1.6650,402,512,0.7852,0.7516,0.8171,83,66,0.7952,0.7209,0.8675
a-heldout,40000-40199,hidden,32,ladder K4,family,no,hard,"vote, leader above 0.8",200,701,402,299,172,127,402,172,127,0,0.4265,0.3926,0.4602,1.4950,1.3300,1.6650,402,512,0.7852,0.7516,0.8171,83,66,0.7952,0.7209,0.8675
a-heldout,40000-40199,hidden,snap,E1 kinds,site,yes,hard,last answer,200,26,23,3,2,1,23,2,1,0,0.1154,0.0000,0.2333,0.0150,0.0000,0.0300,23,512,0.0449,0.0296,0.0613,83,21,0.2530,0.1724,0.3380
a-heldout,40000-40199,hidden,snap,E1 kinds,site,yes,hard,"vote, leader above 0.5",200,26,23,3,2,1,23,2,1,0,0.1154,0.0000,0.2333,0.0150,0.0000,0.0300,23,512,0.0449,0.0296,0.0613,83,21,0.2530,0.1724,0.3380
a-heldout,40000-40199,hidden,snap,E1 kinds,site,yes,hard,"vote, leader above 0.8",200,26,23,3,2,1,23,2,1,0,0.1154,0.0000,0.2333,0.0150,0.0000,0.0300,23,512,0.0449,0.0296,0.0613,83,21,0.2530,0.1724,0.3380
a-heldout,40000-40199,hidden,snap,E1 kinds,family,yes,hard,last answer,200,55,32,23,16,7,32,16,7,0,0.4182,0.2941,0.5366,0.1150,0.0700,0.1650,32,512,0.0625,0.0447,0.0811,83,21,0.2530,0.1724,0.3380
a-heldout,40000-40199,hidden,snap,E1 kinds,family,yes,hard,"vote, leader above 0.5",200,55,32,23,16,7,32,16,7,0,0.4182,0.2941,0.5366,0.1150,0.0700,0.1650,32,512,0.0625,0.0447,0.0811,83,21,0.2530,0.1724,0.3380
a-heldout,40000-40199,hidden,snap,E1 kinds,family,yes,hard,"vote, leader above 0.8",200,55,32,23,16,7,32,16,7,0,0.4182,0.2941,0.5366,0.1150,0.0700,0.1650,32,512,0.0625,0.0447,0.0811,83,21,0.2530,0.1724,0.3380
a-heldout,40000-40199,hidden,snap,E1 kinds,family,no,hard,last answer,200,392,153,239,131,107,154,131,107,1,0.6097,0.5577,0.6582,1.1950,1.0050,1.4000,153,512,0.2988,0.2637,0.3360,83,24,0.2892,0.2051,0.3765
a-heldout,40000-40199,hidden,snap,E1 kinds,family,no,hard,"vote, leader above 0.5",200,380,153,227,121,105,154,121,105,1,0.5974,0.5449,0.6469,1.1350,0.9500,1.3300,153,512,0.2988,0.2637,0.3360,83,24,0.2892,0.2051,0.3765
a-heldout,40000-40199,hidden,snap,E1 kinds,family,no,hard,"vote, leader above 0.8",200,380,153,227,121,105,154,121,105,1,0.5974,0.5449,0.6469,1.1350,0.9500,1.3300,153,512,0.2988,0.2637,0.3360,83,24,0.2892,0.2051,0.3765
a-heldout,40000-40199,hidden,snap,E1 timing,site,yes,hard,last answer,200,15,13,2,2,0,13,2,0,0,0.1333,0.0000,0.2941,0.0100,0.0000,0.0250,13,512,0.0254,0.0149,0.0367,83,12,0.1446,0.0833,0.2099
a-heldout,40000-40199,hidden,snap,E1 timing,site,yes,hard,"vote, leader above 0.5",200,15,13,2,2,0,13,2,0,0,0.1333,0.0000,0.2941,0.0100,0.0000,0.0250,13,512,0.0254,0.0149,0.0367,83,12,0.1446,0.0833,0.2099
a-heldout,40000-40199,hidden,snap,E1 timing,site,yes,hard,"vote, leader above 0.8",200,15,13,2,2,0,13,2,0,0,0.1333,0.0000,0.2941,0.0100,0.0000,0.0250,13,512,0.0254,0.0149,0.0367,83,12,0.1446,0.0833,0.2099
a-heldout,40000-40199,hidden,snap,E1 timing,family,yes,hard,last answer,200,34,17,17,16,1,17,16,1,0,0.5000,0.3333,0.6458,0.0850,0.0400,0.1350,17,512,0.0332,0.0212,0.0460,83,12,0.1446,0.0833,0.2099
a-heldout,40000-40199,hidden,snap,E1 timing,family,yes,hard,"vote, leader above 0.5",200,34,17,17,16,1,17,16,1,0,0.5000,0.3333,0.6458,0.0850,0.0400,0.1350,17,512,0.0332,0.0212,0.0460,83,12,0.1446,0.0833,0.2099
a-heldout,40000-40199,hidden,snap,E1 timing,family,yes,hard,"vote, leader above 0.8",200,34,17,17,16,1,17,16,1,0,0.5000,0.3333,0.6458,0.0850,0.0400,0.1350,17,512,0.0332,0.0212,0.0460,83,12,0.1446,0.0833,0.2099
a-heldout,40000-40199,hidden,snap,E1 timing,family,no,hard,last answer,200,344,125,219,125,93,126,125,93,1,0.6366,0.5819,0.6879,1.0950,0.9150,1.2850,125,512,0.2441,0.2105,0.2791,83,20,0.2410,0.1600,0.3253
a-heldout,40000-40199,hidden,snap,E1 timing,family,no,hard,"vote, leader above 0.5",200,334,125,209,116,92,126,116,92,1,0.6257,0.5710,0.6772,1.0450,0.8700,1.2300,125,512,0.2441,0.2105,0.2791,83,20,0.2410,0.1600,0.3253
a-heldout,40000-40199,hidden,snap,E1 timing,family,no,hard,"vote, leader above 0.8",200,334,125,209,116,92,126,116,92,1,0.6257,0.5710,0.6772,1.0450,0.8700,1.2300,125,512,0.2441,0.2105,0.2791,83,20,0.2410,0.1600,0.3253
c-tune,60000-60099,hidden,6,ladder K1,site,yes,hard,last answer,100,197,166,31,16,12,169,16,12,3,0.1574,0.1129,0.2059,0.3100,0.2200,0.4100,166,786,0.2112,0.1877,0.2343,145,138,0.9517,0.9236,0.9783
c-tune,60000-60099,hidden,6,ladder K1,site,yes,hard,"vote, leader above 0.5",100,196,165,31,16,12,168,16,12,3,0.1582,0.1134,0.2071,0.3100,0.2200,0.4100,165,786,0.2099,0.1862,0.2331,145,137,0.9448,0.9151,0.9728
c-tune,60000-60099,hidden,6,ladder K1,site,yes,hard,"vote, leader above 0.8",100,196,165,31,16,12,168,16,12,3,0.1582,0.1134,0.2071,0.3100,0.2200,0.4100,165,786,0.2099,0.1862,0.2331,145,137,0.9448,0.9151,0.9728
c-tune,60000-60099,hidden,6,ladder K1,family,yes,hard,last answer,100,631,359,272,167,88,376,167,88,17,0.4311,0.3889,0.4716,2.7200,2.3100,3.1500,359,786,0.4567,0.4280,0.4841,145,139,0.9586,0.9333,0.9837
c-tune,60000-60099,hidden,6,ladder K1,family,yes,hard,"vote, leader above 0.5",100,613,356,257,161,84,368,161,84,12,0.4192,0.3785,0.4578,2.5700,2.1900,2.9700,356,786,0.4529,0.4240,0.4807,145,138,0.9517,0.9237,0.9781
c-tune,60000-60099,hidden,6,ladder K1,family,yes,hard,"vote, leader above 0.8",100,609,354,255,160,84,365,160,84,11,0.4187,0.3777,0.4573,2.5500,2.1700,2.9500,354,786,0.4504,0.4209,0.4787,145,137,0.9448,0.9155,0.9726
c-tune,60000-60099,hidden,6,ladder K1,family,no,hard,last answer,100,1982,717,1265,974,254,754,974,254,37,0.6382,0.6200,0.6560,12.6500,12.0000,13.3000,717,786,0.9122,0.8922,0.9309,145,140,0.9655,0.9419,0.9868
c-tune,60000-60099,hidden,6,ladder K1,family,no,hard,"vote, leader above 0.5",100,1975,728,1247,969,254,752,969,254,24,0.6314,0.6125,0.6497,12.4700,11.8100,13.1300,728,786,0.9262,0.9072,0.9437,145,138,0.9517,0.9231,0.9783
c-tune,60000-60099,hidden,6,ladder K1,family,no,hard,"vote, leader above 0.8",100,1740,678,1062,836,217,687,836,217,9,0.6103,0.5903,0.6300,10.6200,9.9800,11.2500,678,786,0.8626,0.8348,0.8889,145,135,0.9310,0.8936,0.9640
c-tune,60000-60099,hidden,6,ladder K2,site,yes,hard,last answer,100,172,152,20,10,9,153,10,9,1,0.1163,0.0743,0.1623,0.2000,0.1300,0.2800,152,786,0.1934,0.1703,0.2165,145,133,0.9172,0.8828,0.9500
c-tune,60000-60099,hidden,6,ladder K2,site,yes,hard,"vote, leader above 0.5",100,172,152,20,10,9,153,10,9,1,0.1163,0.0743,0.1623,0.2000,0.1300,0.2800,152,786,0.1934,0.1703,0.2165,145,133,0.9172,0.8828,0.9500
c-tune,60000-60099,hidden,6,ladder K2,site,yes,hard,"vote, leader above 0.8",100,172,152,20,10,9,153,10,9,1,0.1163,0.0743,0.1623,0.2000,0.1300,0.2800,152,786,0.1934,0.1703,0.2165,145,133,0.9172,0.8828,0.9500
c-tune,60000-60099,hidden,6,ladder K2,family,yes,hard,last answer,100,476,291,185,118,61,297,118,61,6,0.3887,0.3347,0.4420,1.8500,1.4900,2.2300,291,786,0.3702,0.3395,0.4005,145,134,0.9241,0.8913,0.9556
c-tune,60000-60099,hidden,6,ladder K2,family,yes,hard,"vote, leader above 0.5",100,470,291,179,116,60,294,116,60,3,0.3809,0.3286,0.4315,1.7900,1.4500,2.1500,291,786,0.3702,0.3395,0.4005,145,134,0.9241,0.8913,0.9556
c-tune,60000-60099,hidden,6,ladder K2,family,yes,hard,"vote, leader above 0.8",100,467,290,177,115,60,292,115,60,2,0.3790,0.3269,0.4291,1.7700,1.4400,2.1200,290,786,0.3690,0.3380,0.3995,145,134,0.9241,0.8913,0.9556
c-tune,60000-60099,hidden,6,ladder K2,family,no,hard,last answer,100,1906,705,1201,928,248,730,928,248,25,0.6301,0.6100,0.6496,12.0100,11.3400,12.6800,705,786,0.8969,0.8726,0.9193,145,136,0.9379,0.9071,0.9662
c-tune,60000-60099,hidden,6,ladder K2,family,no,hard,"vote, leader above 0.5",100,1878,704,1174,908,243,727,908,243,23,0.6251,0.6048,0.6448,11.7400,11.0500,12.4200,704,786,0.8957,0.8727,0.9170,145,135,0.9310,0.8984,0.9618
c-tune,60000-60099,hidden,6,ladder K2,family,no,hard,"vote, leader above 0.8",100,1669,676,993,768,218,683,768,218,7,0.5950,0.5728,0.6166,9.9300,9.3000,10.5600,676,786,0.8601,0.8333,0.8853,145,132,0.9103,0.8693,0.9474
c-tune,60000-60099,hidden,6,ladder K3,site,yes,hard,last answer,100,152,134,18,9,8,135,9,8,1,0.1184,0.0722,0.1712,0.1800,0.1100,0.2600,134,786,0.1705,0.1475,0.1943,145,119,0.8207,0.7647,0.8723
c-tune,60000-60099,hidden,6,ladder K3,site,yes,hard,"vote, leader above 0.5",100,152,134,18,9,8,135,9,8,1,0.1184,0.0722,0.1712,0.1800,0.1100,0.2600,134,786,0.1705,0.1475,0.1943,145,119,0.8207,0.7647,0.8723
c-tune,60000-60099,hidden,6,ladder K3,site,yes,hard,"vote, leader above 0.8",100,152,134,18,9,8,135,9,8,1,0.1184,0.0722,0.1712,0.1800,0.1100,0.2600,134,786,0.1705,0.1475,0.1943,145,119,0.8207,0.7647,0.8723
c-tune,60000-60099,hidden,6,ladder K3,family,yes,hard,last answer,100,404,255,149,92,51,261,92,51,6,0.3688,0.3144,0.4238,1.4900,1.1900,1.8100,255,786,0.3244,0.2911,0.3570,145,120,0.8276,0.7730,0.8784
c-tune,60000-60099,hidden,6,ladder K3,family,yes,hard,"vote, leader above 0.5",100,399,255,144,90,51,258,90,51,3,0.3609,0.3091,0.4127,1.4400,1.1600,1.7300,255,786,0.3244,0.2911,0.3570,145,120,0.8276,0.7730,0.8784
c-tune,60000-60099,hidden,6,ladder K3,family,yes,hard,"vote, leader above 0.8",100,397,254,143,90,51,256,90,51,2,0.3602,0.3088,0.4115,1.4300,1.1500,1.7200,254,786,0.3232,0.2898,0.3558,145,120,0.8276,0.7730,0.8784
c-tune,60000-60099,hidden,6,ladder K3,family,no,hard,last answer,100,1811,673,1138,874,238,699,874,238,26,0.6284,0.6086,0.6476,11.3800,10.7500,12.0100,673,786,0.8562,0.8301,0.8809,145,131,0.9034,0.8613,0.9430
c-tune,60000-60099,hidden,6,ladder K3,family,no,hard,"vote, leader above 0.5",100,1786,673,1113,857,234,695,857,234,22,0.6232,0.6031,0.6428,11.1300,10.4800,11.7800,673,786,0.8562,0.8307,0.8806,145,130,0.8966,0.8523,0.9375
c-tune,60000-60099,hidden,6,ladder K3,family,no,hard,"vote, leader above 0.8",100,1605,649,956,740,210,655,740,210,6,0.5956,0.5742,0.6166,9.5600,8.9500,10.1700,649,786,0.8257,0.7979,0.8519,145,129,0.8897,0.8455,0.9313
c-tune,60000-60099,hidden,6,ladder K4,site,yes,hard,last answer,100,151,134,17,9,7,135,9,7,1,0.1126,0.0686,0.1626,0.1700,0.1000,0.2400,134,786,0.1705,0.1475,0.1943,145,119,0.8207,0.7647,0.8723
c-tune,60000-60099,hidden,6,ladder K4,site,yes,hard,"vote, leader above 0.5",100,151,134,17,9,7,135,9,7,1,0.1126,0.0686,0.1626,0.1700,0.1000,0.2400,134,786,0.1705,0.1475,0.1943,145,119,0.8207,0.7647,0.8723
c-tune,60000-60099,hidden,6,ladder K4,site,yes,hard,"vote, leader above 0.8",100,151,134,17,9,7,135,9,7,1,0.1126,0.0686,0.1626,0.1700,0.1000,0.2400,134,786,0.1705,0.1475,0.1943,145,119,0.8207,0.7647,0.8723
c-tune,60000-60099,hidden,6,ladder K4,family,yes,hard,last answer,100,402,255,147,92,49,261,92,49,6,0.3657,0.3113,0.4207,1.4700,1.1700,1.7900,255,786,0.3244,0.2911,0.3570,145,120,0.8276,0.7730,0.8784
c-tune,60000-60099,hidden,6,ladder K4,family,yes,hard,"vote, leader above 0.5",100,397,255,142,90,49,258,90,49,3,0.3577,0.3060,0.4096,1.4200,1.1400,1.7100,255,786,0.3244,0.2911,0.3570,145,120,0.8276,0.7730,0.8784
c-tune,60000-60099,hidden,6,ladder K4,family,yes,hard,"vote, leader above 0.8",100,395,254,141,90,49,256,90,49,2,0.3570,0.3054,0.4085,1.4100,1.1400,1.7000,254,786,0.3232,0.2898,0.3558,145,120,0.8276,0.7730,0.8784
c-tune,60000-60099,hidden,6,ladder K4,family,no,hard,last answer,100,1808,673,1135,874,235,699,874,235,26,0.6278,0.6080,0.6470,11.3500,10.7200,11.9800,673,786,0.8562,0.8301,0.8809,145,131,0.9034,0.8613,0.9430
c-tune,60000-60099,hidden,6,ladder K4,family,no,hard,"vote, leader above 0.5",100,1783,673,1110,857,231,695,857,231,22,0.6225,0.6025,0.6421,11.1000,10.4600,11.7500,673,786,0.8562,0.8307,0.8806,145,130,0.8966,0.8523,0.9375
c-tune,60000-60099,hidden,6,ladder K4,family,no,hard,"vote, leader above 0.8",100,1602,649,953,740,207,655,740,207,6,0.5949,0.5734,0.6158,9.5300,8.9200,10.1300,649,786,0.8257,0.7979,0.8519,145,129,0.8897,0.8455,0.9313
c-tune,60000-60099,hidden,10,ladder K1,site,yes,hard,last answer,100,191,163,28,12,12,167,12,12,4,0.1466,0.0995,0.1979,0.2800,0.1900,0.3800,163,786,0.2074,0.1838,0.2305,145,135,0.9310,0.8985,0.9615
c-tune,60000-60099,hidden,10,ladder K1,site,yes,hard,"vote, leader above 0.5",100,189,162,27,12,12,165,12,12,3,0.1429,0.0971,0.1934,0.2700,0.1800,0.3600,162,786,0.2061,0.1824,0.2292,145,134,0.9241,0.8904,0.9557
c-tune,60000-60099,hidden,10,ladder K1,site,yes,hard,"vote, leader above 0.8",100,189,162,27,12,12,165,12,12,3,0.1429,0.0971,0.1934,0.2700,0.1800,0.3600,162,786,0.2061,0.1824,0.2292,145,134,0.9241,0.8904,0.9557
c-tune,60000-60099,hidden,10,ladder K1,family,yes,hard,last answer,100,613,364,249,144,92,377,144,92,13,0.4062,0.3638,0.4472,2.4900,2.1100,2.8800,364,786,0.4631,0.4348,0.4901,145,136,0.9379,0.9078,0.9669
c-tune,60000-60099,hidden,10,ladder K1,family,yes,hard,"vote, leader above 0.5",100,596,362,234,137,88,371,137,88,9,0.3926,0.3512,0.4327,2.3400,1.9800,2.7000,362,786,0.4606,0.4322,0.4877,145,135,0.9310,0.8993,0.9615
c-tune,60000-60099,hidden,10,ladder K1,family,yes,hard,"vote, leader above 0.8",100,591,360,231,136,88,367,136,88,7,0.3909,0.3487,0.4315,2.3100,1.9500,2.6700,360,786,0.4580,0.4291,0.4857,145,134,0.9241,0.8908,0.9562
c-tune,60000-60099,hidden,10,ladder K1,family,no,hard,last answer,100,1974,729,1245,966,254,754,966,254,25,0.6307,0.6112,0.6494,12.4500,11.7800,13.1100,729,786,0.9275,0.9080,0.9455,145,139,0.9586,0.9329,0.9833
c-tune,60000-60099,hidden,10,ladder K1,family,no,hard,"vote, leader above 0.5",100,1967,736,1231,961,254,752,961,254,16,0.6258,0.6065,0.6445,12.3100,11.6500,12.9600,736,786,0.9364,0.9173,0.9536,145,137,0.9448,0.9149,0.9724
c-tune,60000-60099,hidden,10,ladder K1,family,no,hard,"vote, leader above 0.8",100,1945,730,1215,953,250,742,953,250,12,0.6247,0.6053,0.6435,12.1500,11.4800,12.8100,730,786,0.9288,0.9083,0.9472,145,137,0.9448,0.9149,0.9724
c-tune,60000-60099,hidden,10,ladder K2,site,yes,hard,last answer,100,146,131,15,5,8,133,5,8,2,0.1027,0.0563,0.1550,0.1500,0.0800,0.2200,131,786,0.1667,0.1444,0.1892,145,113,0.7793,0.7248,0.8321
c-tune,60000-60099,hidden,10,ladder K2,site,yes,hard,"vote, leader above 0.5",100,145,131,14,5,8,132,5,8,1,0.0966,0.0530,0.1460,0.1400,0.0800,0.2100,131,786,0.1667,0.1444,0.1892,145,113,0.7793,0.7248,0.8321
c-tune,60000-60099,hidden,10,ladder K2,site,yes,hard,"vote, leader above 0.8",100,145,131,14,5,8,132,5,8,1,0.0966,0.0530,0.1460,0.1400,0.0800,0.2100,131,786,0.1667,0.1444,0.1892,145,113,0.7793,0.7248,0.8321
c-tune,60000-60099,hidden,10,ladder K2,family,yes,hard,last answer,100,427,277,150,81,63,283,81,63,6,0.3513,0.2928,0.4098,1.5000,1.1800,1.8500,277,786,0.3524,0.3212,0.3829,145,117,0.8069,0.7541,0.8582
c-tune,60000-60099,hidden,10,ladder K2,family,yes,hard,"vote, leader above 0.5",100,420,277,143,78,62,280,78,62,3,0.3405,0.2837,0.3963,1.4300,1.1300,1.7505,277,786,0.3524,0.3212,0.3829,145,117,0.8069,0.7541,0.8582
c-tune,60000-60099,hidden,10,ladder K2,family,yes,hard,"vote, leader above 0.8",100,418,277,141,77,62,279,77,62,2,0.3373,0.2805,0.3934,1.4100,1.1000,1.7300,277,786,0.3524,0.3212,0.3829,145,117,0.8069,0.7541,0.8582
c-tune,60000-60099,hidden,10,ladder K2,family,no,hard,last answer,100,1872,710,1162,895,248,729,895,248,19,0.6207,0.6006,0.6400,11.6200,10.9600,12.2600,710,786,0.9033,0.8796,0.9247,145,134,0.9241,0.8912,0.9557
c-tune,60000-60099,hidden,10,ladder K2,family,no,hard,"vote, leader above 0.5",100,1831,709,1122,864,242,725,864,242,16,0.6128,0.5918,0.6328,11.2200,10.5400,11.8800,709,786,0.9020,0.8784,0.9235,145,133,0.9172,0.8812,0.9500
c-tune,60000-60099,hidden,10,ladder K2,family,no,hard,"vote, leader above 0.8",100,1652,696,956,734,218,700,734,218,4,0.5787,0.5566,0.5999,9.5600,8.9600,10.1600,696,786,0.8855,0.8612,0.9079,145,132,0.9103,0.8732,0.9444
c-tune,60000-60099,hidden,10,ladder K3,site,yes,hard,last answer,100,121,108,13,4,7,110,4,7,2,0.1074,0.0544,0.1680,0.1300,0.0700,0.2000,108,786,0.1374,0.1156,0.1597,145,95,0.6552,0.5833,0.7233
c-tune,60000-60099,hidden,10,ladder K3,site,yes,hard,"vote, leader above 0.5",100,120,108,12,4,7,109,4,7,1,0.1000,0.0500,0.1569,0.1200,0.0600,0.1900,108,786,0.1374,0.1156,0.1597,145,95,0.6552,0.5833,0.7233
c-tune,60000-60099,hidden,10,ladder K3,site,yes,hard,"vote, leader above 0.8",100,120,108,12,4,7,109,4,7,1,0.1000,0.0500,0.1569,0.1200,0.0600,0.1900,108,786,0.1374,0.1156,0.1597,145,95,0.6552,0.5833,0.7233
c-tune,60000-60099,hidden,10,ladder K3,family,yes,hard,last answer,100,338,228,110,55,51,232,55,51,4,0.3254,0.2705,0.3810,1.1000,0.8600,1.3500,228,786,0.2901,0.2567,0.3224,145,98,0.6759,0.6022,0.7447
c-tune,60000-60099,hidden,10,ladder K3,family,yes,hard,"vote, leader above 0.5",100,337,228,109,55,51,231,55,51,3,0.3234,0.2686,0.3790,1.0900,0.8500,1.3400,228,786,0.2901,0.2567,0.3224,145,98,0.6759,0.6022,0.7447
c-tune,60000-60099,hidden,10,ladder K3,family,yes,hard,"vote, leader above 0.8",100,337,228,109,55,51,231,55,51,3,0.3234,0.2686,0.3790,1.0900,0.8500,1.3400,228,786,0.2901,0.2567,0.3224,145,98,0.6759,0.6022,0.7447
c-tune,60000-60099,hidden,10,ladder K3,family,no,hard,last answer,100,1752,664,1088,840,233,679,840,233,15,0.6210,0.6003,0.6410,10.8800,10.2400,11.5100,664,786,0.8448,0.8173,0.8711,145,127,0.8759,0.8323,0.9189
c-tune,60000-60099,hidden,10,ladder K3,family,no,hard,"vote, leader above 0.5",100,1733,660,1073,830,230,673,830,230,13,0.6192,0.5982,0.6392,10.7300,10.0900,11.3500,660,786,0.8397,0.8108,0.8669,145,126,0.8690,0.8239,0.9124
c-tune,60000-60099,hidden,10,ladder K3,family,no,hard,"vote, leader above 0.8",100,1591,652,939,725,210,656,725,210,4,0.5902,0.5685,0.6113,9.3900,8.8000,9.9700,652,786,0.8295,0.8005,0.8571,145,126,0.8690,0.8239,0.9124
c-tune,60000-60099,hidden,10,ladder K4,site,yes,hard,last answer,100,120,108,12,4,6,110,4,6,2,0.1000,0.0504,0.1565,0.1200,0.0600,0.1800,108,786,0.1374,0.1156,0.1597,145,95,0.6552,0.5833,0.7233
c-tune,60000-60099,hidden,10,ladder K4,site,yes,hard,"vote, leader above 0.5",100,119,108,11,4,6,109,4,6,1,0.0924,0.0469,0.1452,0.1100,0.0600,0.1700,108,786,0.1374,0.1156,0.1597,145,95,0.6552,0.5833,0.7233
c-tune,60000-60099,hidden,10,ladder K4,site,yes,hard,"vote, leader above 0.8",100,119,108,11,4,6,109,4,6,1,0.0924,0.0469,0.1452,0.1100,0.0600,0.1700,108,786,0.1374,0.1156,0.1597,145,95,0.6552,0.5833,0.7233
c-tune,60000-60099,hidden,10,ladder K4,family,yes,hard,last answer,100,329,228,101,55,42,232,55,42,4,0.3070,0.2500,0.3648,1.0100,0.7800,1.2500,228,786,0.2901,0.2567,0.3224,145,98,0.6759,0.6022,0.7447
c-tune,60000-60099,hidden,10,ladder K4,family,yes,hard,"vote, leader above 0.5",100,328,228,100,55,42,231,55,42,3,0.3049,0.2478,0.3630,1.0000,0.7700,1.2400,228,786,0.2901,0.2567,0.3224,145,98,0.6759,0.6022,0.7447
c-tune,60000-60099,hidden,10,ladder K4,family,yes,hard,"vote, leader above 0.8",100,328,228,100,55,42,231,55,42,3,0.3049,0.2478,0.3630,1.0000,0.7700,1.2400,228,786,0.2901,0.2567,0.3224,145,98,0.6759,0.6022,0.7447
c-tune,60000-60099,hidden,10,ladder K4,family,no,hard,last answer,100,1731,663,1068,840,213,678,840,213,15,0.6170,0.5958,0.6376,10.6800,10.0500,11.3100,663,786,0.8435,0.8152,0.8704,145,127,0.8759,0.8323,0.9189
c-tune,60000-60099,hidden,10,ladder K4,family,no,hard,"vote, leader above 0.5",100,1712,659,1053,830,210,672,830,210,13,0.6151,0.5937,0.6357,10.5300,9.9000,11.1500,659,786,0.8384,0.8088,0.8664,145,126,0.8690,0.8239,0.9124
c-tune,60000-60099,hidden,10,ladder K4,family,no,hard,"vote, leader above 0.8",100,1570,651,919,725,190,655,725,190,4,0.5854,0.5629,0.6070,9.1900,8.6100,9.7700,651,786,0.8282,0.7984,0.8566,145,126,0.8690,0.8239,0.9124
c-tune,60000-60099,hidden,13,ladder K1,site,yes,hard,last answer,100,193,165,28,12,13,168,12,13,3,0.1451,0.0984,0.1959,0.2800,0.1900,0.3800,165,786,0.2099,0.1869,0.2324,145,136,0.9379,0.9074,0.9671
c-tune,60000-60099,hidden,13,ladder K1,site,yes,hard,"vote, leader above 0.5",100,192,165,27,12,13,167,12,13,2,0.1406,0.0952,0.1899,0.2700,0.1800,0.3600,165,786,0.2099,0.1869,0.2324,145,136,0.9379,0.9074,0.9671
c-tune,60000-60099,hidden,13,ladder K1,site,yes,hard,"vote, leader above 0.8",100,192,165,27,12,13,167,12,13,2,0.1406,0.0952,0.1899,0.2700,0.1800,0.3600,165,786,0.2099,0.1869,0.2324,145,136,0.9379,0.9074,0.9671
c-tune,60000-60099,hidden,13,ladder K1,family,yes,hard,last answer,100,594,370,224,123,92,379,123,92,9,0.3771,0.3383,0.4136,2.2400,1.9100,2.5700,370,786,0.4707,0.4429,0.4969,145,137,0.9448,0.9167,0.9718
c-tune,60000-60099,hidden,13,ladder K1,family,yes,hard,"vote, leader above 0.5",100,581,369,212,117,88,376,117,88,7,0.3649,0.3278,0.4004,2.1200,1.8100,2.4300,369,786,0.4695,0.4416,0.4956,145,136,0.9379,0.9078,0.9671
c-tune,60000-60099,hidden,13,ladder K1,family,yes,hard,"vote, leader above 0.8",100,576,367,209,116,88,372,116,88,5,0.3628,0.3254,0.3988,2.0900,1.7800,2.4000,367,786,0.4669,0.4388,0.4937,145,136,0.9379,0.9078,0.9671
c-tune,60000-60099,hidden,13,ladder K1,family,no,hard,last answer,100,1959,736,1223,954,252,753,954,252,17,0.6243,0.6045,0.6432,12.2300,11.5900,12.8700,736,786,0.9364,0.9176,0.9535,145,138,0.9517,0.9248,0.9781
c-tune,60000-60099,hidden,13,ladder K1,family,no,hard,"vote, leader above 0.5",100,1955,739,1216,953,252,750,953,252,11,0.6220,0.6025,0.6409,12.1600,11.5200,12.7900,739,786,0.9402,0.9209,0.9574,145,136,0.9379,0.9067,0.9675
c-tune,60000-60099,hidden,13,ladder K1,family,no,hard,"vote, leader above 0.8",100,1934,733,1201,945,248,741,945,248,8,0.6210,0.6016,0.6399,12.0100,11.3500,12.6500,733,786,0.9326,0.9120,0.9516,145,136,0.9379,0.9067,0.9675
c-tune,60000-60099,hidden,13,ladder K2,site,yes,hard,last answer,100,152,140,12,3,7,142,3,7,2,0.0789,0.0400,0.1242,0.1200,0.0600,0.1900,140,786,0.1781,0.1555,0.2005,145,121,0.8345,0.7869,0.8794
c-tune,60000-60099,hidden,13,ladder K2,site,yes,hard,"vote, leader above 0.5",100,151,140,11,3,7,141,3,7,1,0.0728,0.0370,0.1145,0.1100,0.0600,0.1700,140,786,0.1781,0.1555,0.2005,145,121,0.8345,0.7869,0.8794
c-tune,60000-60099,hidden,13,ladder K2,site,yes,hard,"vote, leader above 0.8",100,151,140,11,3,7,141,3,7,1,0.0728,0.0370,0.1145,0.1100,0.0600,0.1700,140,786,0.1781,0.1555,0.2005,145,121,0.8345,0.7869,0.8794
c-tune,60000-60099,hidden,13,ladder K2,family,yes,hard,last answer,100,398,291,107,44,58,296,44,58,5,0.2688,0.2185,0.3204,1.0700,0.8300,1.3300,291,786,0.3702,0.3387,0.4005,145,123,0.8483,0.8027,0.8921
c-tune,60000-60099,hidden,13,ladder K2,family,yes,hard,"vote, leader above 0.5",100,396,291,105,44,58,294,44,58,3,0.2652,0.2154,0.3157,1.0500,0.8100,1.3000,291,786,0.3702,0.3387,0.4005,145,123,0.8483,0.8027,0.8921
c-tune,60000-60099,hidden,13,ladder K2,family,yes,hard,"vote, leader above 0.8",100,395,291,104,43,58,294,43,58,3,0.2633,0.2145,0.3128,1.0400,0.8100,1.2900,291,786,0.3702,0.3387,0.4005,145,123,0.8483,0.8027,0.8921
c-tune,60000-60099,hidden,13,ladder K2,family,no,hard,last answer,100,1851,717,1134,877,244,730,877,244,13,0.6126,0.5918,0.6326,11.3400,10.6800,11.9800,717,786,0.9122,0.8908,0.9322,145,133,0.9172,0.8831,0.9500
c-tune,60000-60099,hidden,13,ladder K2,family,no,hard,"vote, leader above 0.5",100,1807,718,1089,836,244,727,836,244,9,0.6027,0.5807,0.6235,10.8900,10.2300,11.5300,718,786,0.9135,0.8926,0.9328,145,133,0.9172,0.8831,0.9500
c-tune,60000-60099,hidden,13,ladder K2,family,no,hard,"vote, leader above 0.8",100,1669,708,961,738,220,711,738,220,3,0.5758,0.5541,0.5968,9.6100,9.0100,10.1800,708,786,0.9008,0.8788,0.9213,145,132,0.9103,0.8733,0.9444
c-tune,60000-60099,hidden,13,ladder K3,site,yes,hard,last answer,100,104,94,10,2,6,96,2,6,2,0.0962,0.0431,0.1600,0.1000,0.0500,0.1600,94,786,0.1196,0.0982,0.1412,145,82,0.5655,0.4963,0.6320
c-tune,60000-60099,hidden,13,ladder K3,site,yes,hard,"vote, leader above 0.5",100,103,94,9,2,6,95,2,6,1,0.0874,0.0396,0.1458,0.0900,0.0400,0.1500,94,786,0.1196,0.0982,0.1412,145,82,0.5655,0.4963,0.6320
c-tune,60000-60099,hidden,13,ladder K3,site,yes,hard,"vote, leader above 0.8",100,103,94,9,2,6,95,2,6,1,0.0874,0.0396,0.1458,0.0900,0.0400,0.1500,94,786,0.1196,0.0982,0.1412,145,82,0.5655,0.4963,0.6320
c-tune,60000-60099,hidden,13,ladder K3,family,yes,hard,last answer,100,289,207,82,28,50,211,28,50,4,0.2837,0.2297,0.3389,0.8200,0.6300,1.0200,207,786,0.2634,0.2319,0.2938,145,90,0.6207,0.5519,0.6863
c-tune,60000-60099,hidden,13,ladder K3,family,yes,hard,"vote, leader above 0.5",100,288,207,81,28,50,210,28,50,3,0.2812,0.2271,0.3361,0.8100,0.6295,1.0100,207,786,0.2634,0.2319,0.2938,145,90,0.6207,0.5519,0.6863
c-tune,60000-60099,hidden,13,ladder K3,family,yes,hard,"vote, leader above 0.8",100,288,207,81,28,50,210,28,50,3,0.2812,0.2271,0.3361,0.8100,0.6295,1.0100,207,786,0.2634,0.2319,0.2938,145,90,0.6207,0.5519,0.6863
c-tune,60000-60099,hidden,13,ladder K3,family,no,hard,last answer,100,1687,661,1026,788,227,672,788,227,11,0.6082,0.5864,0.6295,10.2600,9.6500,10.8600,661,786,0.8410,0.8112,0.8697,145,126,0.8690,0.8219,0.9136
c-tune,60000-60099,hidden,13,ladder K3,family,no,hard,"vote, leader above 0.5",100,1643,658,985,762,215,666,762,215,8,0.5995,0.5779,0.6207,9.8500,9.2500,10.4400,658,786,0.8372,0.8076,0.8656,145,126,0.8690,0.8219,0.9136
c-tune,60000-60099,hidden,13,ladder K3,family,no,hard,"vote, leader above 0.8",100,1544,655,889,680,205,659,680,205,4,0.5758,0.5524,0.5985,8.8900,8.3300,9.4500,655,786,0.8333,0.8037,0.8617,145,126,0.8690,0.8219,0.9136
c-tune,60000-60099,hidden,13,ladder K4,site,yes,hard,last answer,100,102,94,8,2,4,96,2,4,2,0.0784,0.0326,0.1333,0.0800,0.0300,0.1300,94,786,0.1196,0.0982,0.1412,145,82,0.5655,0.4963,0.6320
c-tune,60000-60099,hidden,13,ladder K4,site,yes,hard,"vote, leader above 0.5",100,101,94,7,2,4,95,2,4,1,0.0693,0.0297,0.1182,0.0700,0.0300,0.1100,94,786,0.1196,0.0982,0.1412,145,82,0.5655,0.4963,0.6320
c-tune,60000-60099,hidden,13,ladder K4,site,yes,hard,"vote, leader above 0.8",100,101,94,7,2,4,95,2,4,1,0.0693,0.0297,0.1182,0.0700,0.0300,0.1100,94,786,0.1196,0.0982,0.1412,145,82,0.5655,0.4963,0.6320
c-tune,60000-60099,hidden,13,ladder K4,family,yes,hard,last answer,100,266,207,59,28,27,211,28,27,4,0.2218,0.1678,0.2788,0.5900,0.4300,0.7500,207,786,0.2634,0.2319,0.2938,145,90,0.6207,0.5519,0.6863
c-tune,60000-60099,hidden,13,ladder K4,family,yes,hard,"vote, leader above 0.5",100,265,207,58,28,27,210,28,27,3,0.2189,0.1654,0.2756,0.5800,0.4200,0.7400,207,786,0.2634,0.2319,0.2938,145,90,0.6207,0.5519,0.6863
c-tune,60000-60099,hidden,13,ladder K4,family,yes,hard,"vote, leader above 0.8",100,265,207,58,28,27,210,28,27,3,0.2189,0.1654,0.2756,0.5800,0.4200,0.7400,207,786,0.2634,0.2319,0.2938,145,90,0.6207,0.5519,0.6863
c-tune,60000-60099,hidden,13,ladder K4,family,no,hard,last answer,100,1618,660,958,788,159,671,788,159,11,0.5921,0.5689,0.6148,9.5800,8.9700,10.1900,660,786,0.8397,0.8098,0.8685,145,126,0.8690,0.8219,0.9136
c-tune,60000-60099,hidden,13,ladder K4,family,no,hard,"vote, leader above 0.5",100,1575,657,918,762,148,665,762,148,8,0.5829,0.5598,0.6053,9.1800,8.5800,9.7700,657,786,0.8359,0.8063,0.8644,145,126,0.8690,0.8219,0.9136
c-tune,60000-60099,hidden,13,ladder K4,family,no,hard,"vote, leader above 0.8",100,1479,654,825,680,141,658,680,141,4,0.5578,0.5333,0.5817,8.2500,7.7000,8.8000,654,786,0.8321,0.8025,0.8606,145,126,0.8690,0.8219,0.9136
c-tune,60000-60099,hidden,16,ladder K1,site,yes,hard,last answer,100,191,168,23,10,11,170,10,11,2,0.1204,0.0773,0.1683,0.2300,0.1500,0.3200,168,786,0.2137,0.1905,0.2364,145,138,0.9517,0.9236,0.9783
c-tune,60000-60099,hidden,16,ladder K1,site,yes,hard,"vote, leader above 0.5",100,190,168,22,10,11,169,10,11,1,0.1158,0.0743,0.1615,0.2200,0.1400,0.3100,168,786,0.2137,0.1905,0.2364,145,138,0.9517,0.9236,0.9783
c-tune,60000-60099,hidden,16,ladder K1,site,yes,hard,"vote, leader above 0.8",100,190,168,22,10,11,169,10,11,1,0.1158,0.0743,0.1615,0.2200,0.1400,0.3100,168,786,0.2137,0.1905,0.2364,145,138,0.9517,0.9236,0.9783
c-tune,60000-60099,hidden,16,ladder K1,family,yes,hard,last answer,100,572,378,194,98,89,385,98,89,7,0.3392,0.3020,0.3750,1.9400,1.6400,2.2400,378,786,0.4809,0.4534,0.5069,145,139,0.9586,0.9333,0.9837
c-tune,60000-60099,hidden,16,ladder K1,family,yes,hard,"vote, leader above 0.5",100,565,377,188,95,88,382,95,88,5,0.3327,0.2968,0.3681,1.8800,1.6000,2.1700,377,786,0.4796,0.4522,0.5055,145,138,0.9517,0.9237,0.9781
c-tune,60000-60099,hidden,16,ladder K1,family,yes,hard,"vote, leader above 0.8",100,560,375,185,94,88,378,94,88,3,0.3304,0.2941,0.3659,1.8500,1.5600,2.1400,375,786,0.4771,0.4493,0.5036,145,138,0.9517,0.9237,0.9781
c-tune,60000-60099,hidden,16,ladder K1,family,no,hard,last answer,100,1619,744,875,618,246,755,618,246,11,0.5405,0.5163,0.5641,8.7500,8.1400,9.3900,744,786,0.9466,0.9288,0.9623,145,140,0.9655,0.9419,0.9868
c-tune,60000-60099,hidden,16,ladder K1,family,no,hard,"vote, leader above 0.5",100,1615,744,871,617,246,752,617,246,8,0.5393,0.5152,0.5628,8.7100,8.1000,9.3400,744,786,0.9466,0.9276,0.9632,145,138,0.9517,0.9231,0.9783
c-tune,60000-60099,hidden,16,ladder K1,family,no,hard,"vote, leader above 0.8",100,1602,741,861,612,244,746,612,244,5,0.5375,0.5131,0.5613,8.6100,7.9900,9.2500,741,786,0.9427,0.9227,0.9605,145,138,0.9517,0.9231,0.9783
c-tune,60000-60099,hidden,16,ladder K2,site,yes,hard,last answer,100,162,156,6,1,5,156,1,5,0,0.0370,0.0119,0.0676,0.0600,0.0200,0.1100,156,786,0.1985,0.1750,0.2214,145,133,0.9172,0.8828,0.9500
c-tune,60000-60099,hidden,16,ladder K2,site,yes,hard,"vote, leader above 0.5",100,162,156,6,1,5,156,1,5,0,0.0370,0.0119,0.0676,0.0600,0.0200,0.1100,156,786,0.1985,0.1750,0.2214,145,133,0.9172,0.8828,0.9500
c-tune,60000-60099,hidden,16,ladder K2,site,yes,hard,"vote, leader above 0.8",100,162,156,6,1,5,156,1,5,0,0.0370,0.0119,0.0676,0.0600,0.0200,0.1100,156,786,0.1985,0.1750,0.2214,145,133,0.9172,0.8828,0.9500
c-tune,60000-60099,hidden,16,ladder K2,family,yes,hard,last answer,100,388,324,64,10,53,325,10,53,1,0.1649,0.1290,0.2020,0.6400,0.4800,0.8200,324,786,0.4122,0.3827,0.4404,145,134,0.9241,0.8913,0.9556
c-tune,60000-60099,hidden,16,ladder K2,family,yes,hard,"vote, leader above 0.5",100,388,324,64,10,53,325,10,53,1,0.1649,0.1290,0.2020,0.6400,0.4800,0.8200,324,786,0.4122,0.3827,0.4404,145,134,0.9241,0.8913,0.9556
c-tune,60000-60099,hidden,16,ladder K2,family,yes,hard,"vote, leader above 0.8",100,388,324,64,10,53,325,10,53,1,0.1649,0.1290,0.2020,0.6400,0.4800,0.8200,324,786,0.4122,0.3827,0.4404,145,134,0.9241,0.8913,0.9556
c-tune,60000-60099,hidden,16,ladder K2,family,no,hard,last answer,100,1283,732,551,355,194,734,355,194,2,0.4295,0.3996,0.4586,5.5100,4.9600,6.0700,732,786,0.9313,0.9120,0.9485,145,136,0.9379,0.9071,0.9662
c-tune,60000-60099,hidden,16,ladder K2,family,no,hard,"vote, leader above 0.5",100,1282,732,550,355,194,733,355,194,1,0.4290,0.3992,0.4582,5.5000,4.9500,6.0500,732,786,0.9313,0.9120,0.9485,145,136,0.9379,0.9071,0.9662
c-tune,60000-60099,hidden,16,ladder K2,family,no,hard,"vote, leader above 0.8",100,1278,729,549,355,193,730,355,193,1,0.4296,0.3997,0.4588,5.4900,4.9400,6.0500,729,786,0.9275,0.9079,0.9449,145,136,0.9379,0.9071,0.9662
c-tune,60000-60099,hidden,16,ladder K3,site,yes,hard,last answer,100,90,90,0,0,0,90,0,0,0,0.0000,0.0000,0.0000,0.0000,0.0000,0.0000,90,786,0.1145,0.0950,0.1343,145,80,0.5517,0.4843,0.6172
c-tune,60000-60099,hidden,16,ladder K3,site,yes,hard,"vote, leader above 0.5",100,90,90,0,0,0,90,0,0,0,0.0000,0.0000,0.0000,0.0000,0.0000,0.0000,90,786,0.1145,0.0950,0.1343,145,80,0.5517,0.4843,0.6172
c-tune,60000-60099,hidden,16,ladder K3,site,yes,hard,"vote, leader above 0.8",100,90,90,0,0,0,90,0,0,0,0.0000,0.0000,0.0000,0.0000,0.0000,0.0000,90,786,0.1145,0.0950,0.1343,145,80,0.5517,0.4843,0.6172
c-tune,60000-60099,hidden,16,ladder K3,family,yes,hard,last answer,100,243,205,38,3,34,206,3,34,1,0.1564,0.1186,0.1943,0.3800,0.2700,0.5000,205,786,0.2608,0.2292,0.2912,145,98,0.6759,0.6077,0.7400
c-tune,60000-60099,hidden,16,ladder K3,family,yes,hard,"vote, leader above 0.5",100,243,205,38,3,34,206,3,34,1,0.1564,0.1186,0.1943,0.3800,0.2700,0.5000,205,786,0.2608,0.2292,0.2912,145,98,0.6759,0.6077,0.7400
c-tune,60000-60099,hidden,16,ladder K3,family,yes,hard,"vote, leader above 0.8",100,243,205,38,3,34,206,3,34,1,0.1564,0.1186,0.1943,0.3800,0.2700,0.5000,205,786,0.2608,0.2292,0.2912,145,98,0.6759,0.6077,0.7400
c-tune,60000-60099,hidden,16,ladder K3,family,no,hard,last answer,100,1194,670,524,337,185,672,337,185,2,0.4389,0.4089,0.4686,5.2400,4.7100,5.7700,670,786,0.8524,0.8252,0.8783,145,130,0.8966,0.8522,0.9375
c-tune,60000-60099,hidden,16,ladder K3,family,no,hard,"vote, leader above 0.5",100,1193,670,523,337,185,671,337,185,1,0.4384,0.4083,0.4681,5.2300,4.7000,5.7600,670,786,0.8524,0.8252,0.8783,145,130,0.8966,0.8522,0.9375
c-tune,60000-60099,hidden,16,ladder K3,family,no,hard,"vote, leader above 0.8",100,1192,670,522,337,184,671,337,184,1,0.4379,0.4079,0.4678,5.2200,4.6900,5.7500,670,786,0.8524,0.8252,0.8783,145,130,0.8966,0.8522,0.9375
c-tune,60000-60099,hidden,16,ladder K4,site,yes,hard,last answer,100,90,90,0,0,0,90,0,0,0,0.0000,0.0000,0.0000,0.0000,0.0000,0.0000,90,786,0.1145,0.0950,0.1343,145,80,0.5517,0.4843,0.6172
c-tune,60000-60099,hidden,16,ladder K4,site,yes,hard,"vote, leader above 0.5",100,90,90,0,0,0,90,0,0,0,0.0000,0.0000,0.0000,0.0000,0.0000,0.0000,90,786,0.1145,0.0950,0.1343,145,80,0.5517,0.4843,0.6172
c-tune,60000-60099,hidden,16,ladder K4,site,yes,hard,"vote, leader above 0.8",100,90,90,0,0,0,90,0,0,0,0.0000,0.0000,0.0000,0.0000,0.0000,0.0000,90,786,0.1145,0.0950,0.1343,145,80,0.5517,0.4843,0.6172
c-tune,60000-60099,hidden,16,ladder K4,family,yes,hard,last answer,100,218,205,13,3,9,206,3,9,1,0.0596,0.0359,0.0856,0.1300,0.0800,0.1900,205,786,0.2608,0.2292,0.2912,145,98,0.6759,0.6077,0.7400
c-tune,60000-60099,hidden,16,ladder K4,family,yes,hard,"vote, leader above 0.5",100,218,205,13,3,9,206,3,9,1,0.0596,0.0359,0.0856,0.1300,0.0800,0.1900,205,786,0.2608,0.2292,0.2912,145,98,0.6759,0.6077,0.7400
c-tune,60000-60099,hidden,16,ladder K4,family,yes,hard,"vote, leader above 0.8",100,218,205,13,3,9,206,3,9,1,0.0596,0.0359,0.0856,0.1300,0.0800,0.1900,205,786,0.2608,0.2292,0.2912,145,98,0.6759,0.6077,0.7400
c-tune,60000-60099,hidden,16,ladder K4,family,no,hard,last answer,100,1094,670,424,335,87,672,335,87,2,0.3876,0.3545,0.4195,4.2400,3.7400,4.7400,670,786,0.8524,0.8252,0.8783,145,130,0.8966,0.8522,0.9375
c-tune,60000-60099,hidden,16,ladder K4,family,no,hard,"vote, leader above 0.5",100,1093,670,423,335,87,671,335,87,1,0.3870,0.3538,0.4191,4.2300,3.7300,4.7300,670,786,0.8524,0.8252,0.8783,145,130,0.8966,0.8522,0.9375
c-tune,60000-60099,hidden,16,ladder K4,family,no,hard,"vote, leader above 0.8",100,1093,670,423,335,87,671,335,87,1,0.3870,0.3538,0.4191,4.2300,3.7300,4.7300,670,786,0.8524,0.8252,0.8783,145,130,0.8966,0.8522,0.9375
c-tune,60000-60099,hidden,32,ladder K1,site,yes,hard,last answer,100,191,168,23,10,11,170,10,11,2,0.1204,0.0773,0.1683,0.2300,0.1500,0.3200,168,786,0.2137,0.1905,0.2364,145,138,0.9517,0.9236,0.9783
c-tune,60000-60099,hidden,32,ladder K1,site,yes,hard,"vote, leader above 0.5",100,190,168,22,10,11,169,10,11,1,0.1158,0.0743,0.1615,0.2200,0.1400,0.3100,168,786,0.2137,0.1905,0.2364,145,138,0.9517,0.9236,0.9783
c-tune,60000-60099,hidden,32,ladder K1,site,yes,hard,"vote, leader above 0.8",100,190,168,22,10,11,169,10,11,1,0.1158,0.0743,0.1615,0.2200,0.1400,0.3100,168,786,0.2137,0.1905,0.2364,145,138,0.9517,0.9236,0.9783
c-tune,60000-60099,hidden,32,ladder K1,family,yes,hard,last answer,100,596,386,210,107,94,395,107,94,9,0.3523,0.3133,0.3902,2.1000,1.7800,2.4300,386,786,0.4911,0.4624,0.5181,145,139,0.9586,0.9333,0.9837
c-tune,60000-60099,hidden,32,ladder K1,family,yes,hard,"vote, leader above 0.5",100,589,385,204,104,93,392,104,93,7,0.3463,0.3094,0.3827,2.0400,1.7400,2.3500,385,786,0.4898,0.4613,0.5164,145,138,0.9517,0.9237,0.9781
c-tune,60000-60099,hidden,32,ladder K1,family,yes,hard,"vote, leader above 0.8",100,584,383,201,103,93,388,103,93,5,0.3442,0.3069,0.3806,2.0100,1.7100,2.3105,383,786,0.4873,0.4586,0.5143,145,138,0.9517,0.9237,0.9781
c-tune,60000-60099,hidden,32,ladder K1,family,no,hard,last answer,100,1619,743,876,618,246,755,618,246,12,0.5411,0.5167,0.5649,8.7600,8.1400,9.4000,743,786,0.9453,0.9269,0.9617,145,140,0.9655,0.9419,0.9868
c-tune,60000-60099,hidden,32,ladder K1,family,no,hard,"vote, leader above 0.5",100,1613,743,870,617,246,750,617,246,7,0.5394,0.5152,0.5628,8.7000,8.0900,9.3300,743,786,0.9453,0.9254,0.9628,145,138,0.9517,0.9231,0.9783
c-tune,60000-60099,hidden,32,ladder K1,family,no,hard,"vote, leader above 0.8",100,1602,741,861,612,244,746,612,244,5,0.5375,0.5131,0.5613,8.6100,7.9900,9.2500,741,786,0.9427,0.9227,0.9605,145,138,0.9517,0.9231,0.9783
c-tune,60000-60099,hidden,32,ladder K2,site,yes,hard,last answer,100,162,156,6,1,5,156,1,5,0,0.0370,0.0119,0.0676,0.0600,0.0200,0.1100,156,786,0.1985,0.1750,0.2214,145,133,0.9172,0.8828,0.9500
c-tune,60000-60099,hidden,32,ladder K2,site,yes,hard,"vote, leader above 0.5",100,162,156,6,1,5,156,1,5,0,0.0370,0.0119,0.0676,0.0600,0.0200,0.1100,156,786,0.1985,0.1750,0.2214,145,133,0.9172,0.8828,0.9500
c-tune,60000-60099,hidden,32,ladder K2,site,yes,hard,"vote, leader above 0.8",100,162,156,6,1,5,156,1,5,0,0.0370,0.0119,0.0676,0.0600,0.0200,0.1100,156,786,0.1985,0.1750,0.2214,145,133,0.9172,0.8828,0.9500
c-tune,60000-60099,hidden,32,ladder K2,family,yes,hard,last answer,100,397,331,66,10,55,332,10,55,1,0.1662,0.1309,0.2023,0.6600,0.5000,0.8400,331,786,0.4211,0.3911,0.4499,145,134,0.9241,0.8913,0.9556
c-tune,60000-60099,hidden,32,ladder K2,family,yes,hard,"vote, leader above 0.5",100,397,331,66,10,55,332,10,55,1,0.1662,0.1309,0.2023,0.6600,0.5000,0.8400,331,786,0.4211,0.3911,0.4499,145,134,0.9241,0.8913,0.9556
c-tune,60000-60099,hidden,32,ladder K2,family,yes,hard,"vote, leader above 0.8",100,397,331,66,10,55,332,10,55,1,0.1662,0.1309,0.2023,0.6600,0.5000,0.8400,331,786,0.4211,0.3911,0.4499,145,134,0.9241,0.8913,0.9556
c-tune,60000-60099,hidden,32,ladder K2,family,no,hard,last answer,100,1283,732,551,355,194,734,355,194,2,0.4295,0.3996,0.4586,5.5100,4.9600,6.0700,732,786,0.9313,0.9120,0.9485,145,136,0.9379,0.9071,0.9662
c-tune,60000-60099,hidden,32,ladder K2,family,no,hard,"vote, leader above 0.5",100,1282,732,550,355,194,733,355,194,1,0.4290,0.3992,0.4582,5.5000,4.9500,6.0500,732,786,0.9313,0.9120,0.9485,145,136,0.9379,0.9071,0.9662
c-tune,60000-60099,hidden,32,ladder K2,family,no,hard,"vote, leader above 0.8",100,1278,729,549,355,193,730,355,193,1,0.4296,0.3997,0.4588,5.4900,4.9400,6.0500,729,786,0.9275,0.9079,0.9449,145,136,0.9379,0.9071,0.9662
c-tune,60000-60099,hidden,32,ladder K3,site,yes,hard,last answer,100,106,106,0,0,0,106,0,0,0,0.0000,0.0000,0.0000,0.0000,0.0000,0.0000,106,786,0.1349,0.1131,0.1573,145,93,0.6414,0.5725,0.7087
c-tune,60000-60099,hidden,32,ladder K3,site,yes,hard,"vote, leader above 0.5",100,106,106,0,0,0,106,0,0,0,0.0000,0.0000,0.0000,0.0000,0.0000,0.0000,106,786,0.1349,0.1131,0.1573,145,93,0.6414,0.5725,0.7087
c-tune,60000-60099,hidden,32,ladder K3,site,yes,hard,"vote, leader above 0.8",100,106,106,0,0,0,106,0,0,0,0.0000,0.0000,0.0000,0.0000,0.0000,0.0000,106,786,0.1349,0.1131,0.1573,145,93,0.6414,0.5725,0.7087
c-tune,60000-60099,hidden,32,ladder K3,family,yes,hard,last answer,100,245,223,22,6,15,224,6,15,1,0.0898,0.0574,0.1264,0.2200,0.1400,0.3100,223,786,0.2837,0.2480,0.3189,145,99,0.6828,0.6216,0.7417
c-tune,60000-60099,hidden,32,ladder K3,family,yes,hard,"vote, leader above 0.5",100,245,223,22,6,15,224,6,15,1,0.0898,0.0574,0.1264,0.2200,0.1400,0.3100,223,786,0.2837,0.2480,0.3189,145,99,0.6828,0.6216,0.7417
c-tune,60000-60099,hidden,32,ladder K3,family,yes,hard,"vote, leader above 0.8",100,245,223,22,6,15,224,6,15,1,0.0898,0.0574,0.1264,0.2200,0.1400,0.3100,223,786,0.2837,0.2480,0.3189,145,99,0.6828,0.6216,0.7417
c-tune,60000-60099,hidden,32,ladder K3,family,no,hard,last answer,100,1158,663,495,338,155,665,338,155,2,0.4275,0.3967,0.4577,4.9500,4.4200,5.4800,663,786,0.8435,0.8136,0.8713,145,128,0.8828,0.8369,0.9254
c-tune,60000-60099,hidden,32,ladder K3,family,no,hard,"vote, leader above 0.5",100,1157,663,494,338,155,664,338,155,1,0.4270,0.3961,0.4573,4.9400,4.4100,5.4700,663,786,0.8435,0.8136,0.8713,145,128,0.8828,0.8369,0.9254
c-tune,60000-60099,hidden,32,ladder K3,family,no,hard,"vote, leader above 0.8",100,1156,663,493,338,154,664,338,154,1,0.4265,0.3956,0.4569,4.9300,4.4000,5.4600,663,786,0.8435,0.8136,0.8713,145,128,0.8828,0.8369,0.9254
c-tune,60000-60099,hidden,32,ladder K4,site,yes,hard,last answer,100,95,95,0,0,0,95,0,0,0,0.0000,0.0000,0.0000,0.0000,0.0000,0.0000,95,786,0.1209,0.1011,0.1410,145,83,0.5724,0.5075,0.6364
c-tune,60000-60099,hidden,32,ladder K4,site,yes,hard,"vote, leader above 0.5",100,95,95,0,0,0,95,0,0,0,0.0000,0.0000,0.0000,0.0000,0.0000,0.0000,95,786,0.1209,0.1011,0.1410,145,83,0.5724,0.5075,0.6364
c-tune,60000-60099,hidden,32,ladder K4,site,yes,hard,"vote, leader above 0.8",100,95,95,0,0,0,95,0,0,0,0.0000,0.0000,0.0000,0.0000,0.0000,0.0000,95,786,0.1209,0.1011,0.1410,145,83,0.5724,0.5075,0.6364
c-tune,60000-60099,hidden,32,ladder K4,family,yes,hard,last answer,100,211,204,7,5,1,205,5,1,1,0.0332,0.0098,0.0612,0.0700,0.0200,0.1300,204,786,0.2595,0.2266,0.2922,145,92,0.6345,0.5741,0.6918
c-tune,60000-60099,hidden,32,ladder K4,family,yes,hard,"vote, leader above 0.5",100,211,204,7,5,1,205,5,1,1,0.0332,0.0098,0.0612,0.0700,0.0200,0.1300,204,786,0.2595,0.2266,0.2922,145,92,0.6345,0.5741,0.6918
c-tune,60000-60099,hidden,32,ladder K4,family,yes,hard,"vote, leader above 0.8",100,211,204,7,5,1,205,5,1,1,0.0332,0.0098,0.0612,0.0700,0.0200,0.1300,204,786,0.2595,0.2266,0.2922,145,92,0.6345,0.5741,0.6918
c-tune,60000-60099,hidden,32,ladder K4,family,no,hard,last answer,100,930,660,270,215,53,662,215,53,2,0.2903,0.2594,0.3210,2.7000,2.3200,3.0900,660,786,0.8397,0.8094,0.8678,145,128,0.8828,0.8369,0.9254
c-tune,60000-60099,hidden,32,ladder K4,family,no,hard,"vote, leader above 0.5",100,929,660,269,215,53,661,215,53,1,0.2896,0.2585,0.3203,2.6900,2.3100,3.0800,660,786,0.8397,0.8094,0.8678,145,128,0.8828,0.8369,0.9254
c-tune,60000-60099,hidden,32,ladder K4,family,no,hard,"vote, leader above 0.8",100,929,660,269,215,53,661,215,53,1,0.2896,0.2585,0.3203,2.6900,2.3100,3.0800,660,786,0.8397,0.8094,0.8678,145,128,0.8828,0.8369,0.9254
c-tune,60000-60099,hidden,snap,E1 kinds,site,yes,hard,last answer,100,56,54,2,2,0,54,2,0,0,0.0357,0.0000,0.0851,0.0200,0.0000,0.0500,54,786,0.0687,0.0506,0.0872,145,47,0.3241,0.2463,0.4054
c-tune,60000-60099,hidden,snap,E1 kinds,site,yes,hard,"vote, leader above 0.5",100,56,54,2,2,0,54,2,0,0,0.0357,0.0000,0.0851,0.0200,0.0000,0.0500,54,786,0.0687,0.0506,0.0872,145,47,0.3241,0.2463,0.4054
c-tune,60000-60099,hidden,snap,E1 kinds,site,yes,hard,"vote, leader above 0.8",100,56,54,2,2,0,54,2,0,0,0.0357,0.0000,0.0851,0.0200,0.0000,0.0500,54,786,0.0687,0.0506,0.0872,145,47,0.3241,0.2463,0.4054
c-tune,60000-60099,hidden,snap,E1 kinds,family,yes,hard,last answer,100,121,88,33,17,10,94,17,10,6,0.2727,0.1724,0.3782,0.3300,0.1900,0.5000,88,786,0.1120,0.0876,0.1371,145,47,0.3241,0.2463,0.4054
c-tune,60000-60099,hidden,snap,E1 kinds,family,yes,hard,"vote, leader above 0.5",100,114,87,27,15,9,90,15,9,3,0.2368,0.1583,0.3214,0.2700,0.1700,0.3800,87,786,0.1107,0.0869,0.1356,145,46,0.3172,0.2398,0.3968
c-tune,60000-60099,hidden,snap,E1 kinds,family,yes,hard,"vote, leader above 0.8",100,112,87,25,14,9,89,14,9,2,0.2232,0.1461,0.3068,0.2500,0.1500,0.3600,87,786,0.1107,0.0869,0.1356,145,46,0.3172,0.2398,0.3968
c-tune,60000-60099,hidden,snap,E1 kinds,family,no,hard,last answer,100,351,249,102,46,47,258,46,47,9,0.2906,0.2391,0.3441,1.0200,0.8000,1.2600,249,786,0.3168,0.2870,0.3471,145,48,0.3310,0.2500,0.4133
c-tune,60000-60099,hidden,snap,E1 kinds,family,no,hard,"vote, leader above 0.5",100,344,249,95,41,47,256,41,47,7,0.2762,0.2250,0.3281,0.9500,0.7400,1.1800,249,786,0.3168,0.2870,0.3471,145,47,0.3241,0.2456,0.4048
c-tune,60000-60099,hidden,snap,E1 kinds,family,no,hard,"vote, leader above 0.8",100,329,246,83,36,45,248,36,45,2,0.2523,0.2043,0.3014,0.8300,0.6500,1.0200,246,786,0.3130,0.2830,0.3433,145,47,0.3241,0.2456,0.4048
c-tune,60000-60099,hidden,snap,E1 timing,site,yes,hard,last answer,100,38,36,2,2,0,36,2,0,0,0.0526,0.0000,0.1250,0.0200,0.0000,0.0500,36,786,0.0458,0.0319,0.0604,145,33,0.2276,0.1655,0.2914
c-tune,60000-60099,hidden,snap,E1 timing,site,yes,hard,"vote, leader above 0.5",100,38,36,2,2,0,36,2,0,0,0.0526,0.0000,0.1250,0.0200,0.0000,0.0500,36,786,0.0458,0.0319,0.0604,145,33,0.2276,0.1655,0.2914
c-tune,60000-60099,hidden,snap,E1 timing,site,yes,hard,"vote, leader above 0.8",100,38,36,2,2,0,36,2,0,0,0.0526,0.0000,0.1250,0.0200,0.0000,0.0500,36,786,0.0458,0.0319,0.0604,145,33,0.2276,0.1655,0.2914
c-tune,60000-60099,hidden,snap,E1 timing,family,yes,hard,last answer,100,77,53,24,15,5,57,15,5,4,0.3117,0.1774,0.4462,0.2400,0.1200,0.3800,53,786,0.0674,0.0500,0.0861,145,33,0.2276,0.1655,0.2914
c-tune,60000-60099,hidden,snap,E1 timing,family,yes,hard,"vote, leader above 0.5",100,72,52,20,13,5,54,13,5,2,0.2778,0.1688,0.3913,0.2000,0.1100,0.3000,52,786,0.0662,0.0488,0.0845,145,32,0.2207,0.1611,0.2823
c-tune,60000-60099,hidden,snap,E1 timing,family,yes,hard,"vote, leader above 0.8",100,70,52,18,12,5,53,12,5,1,0.2571,0.1528,0.3676,0.1800,0.1000,0.2700,52,786,0.0662,0.0488,0.0845,145,32,0.2207,0.1611,0.2823
c-tune,60000-60099,hidden,snap,E1 timing,family,no,hard,last answer,100,310,220,90,38,45,227,38,45,7,0.2903,0.2407,0.3399,0.9000,0.7100,1.1100,220,786,0.2799,0.2509,0.3096,145,44,0.3034,0.2290,0.3803
c-tune,60000-60099,hidden,snap,E1 timing,family,no,hard,"vote, leader above 0.5",100,306,219,87,36,45,225,36,45,6,0.2843,0.2357,0.3324,0.8700,0.6900,1.0700,219,786,0.2786,0.2494,0.3086,145,43,0.2966,0.2246,0.3709
c-tune,60000-60099,hidden,snap,E1 timing,family,no,hard,"vote, leader above 0.8",100,296,218,78,33,44,219,33,44,1,0.2635,0.2181,0.3093,0.7800,0.6300,0.9400,218,786,0.2774,0.2481,0.3073,145,43,0.2966,0.2246,0.3709
c-heldout,70000-70199,hidden,6,ladder K1,site,yes,hard,last answer,200,339,288,51,33,17,289,33,17,1,0.1504,0.1173,0.1854,0.2550,0.1950,0.3200,288,1516,0.1900,0.1736,0.2061,259,239,0.9228,0.8952,0.9488
c-heldout,70000-70199,hidden,6,ladder K1,site,yes,hard,"vote, leader above 0.5",200,339,288,51,33,17,289,33,17,1,0.1504,0.1173,0.1854,0.2550,0.1950,0.3200,288,1516,0.1900,0.1736,0.2061,259,239,0.9228,0.8952,0.9488
c-heldout,70000-70199,hidden,6,ladder K1,site,yes,hard,"vote, leader above 0.8",200,339,288,51,33,17,289,33,17,1,0.1504,0.1173,0.1854,0.2550,0.1950,0.3200,288,1516,0.1900,0.1736,0.2061,259,239,0.9228,0.8952,0.9488
c-heldout,70000-70199,hidden,6,ladder K1,family,yes,hard,last answer,200,1326,659,667,451,183,692,451,183,33,0.5030,0.4711,0.5340,3.3350,2.9950,3.6900,659,1516,0.4347,0.4151,0.4542,259,230,0.8880,0.8561,0.9180
c-heldout,70000-70199,hidden,6,ladder K1,family,yes,hard,"vote, leader above 0.5",200,1313,662,651,448,181,684,448,181,22,0.4958,0.4638,0.5267,3.2550,2.9200,3.6000,662,1516,0.4367,0.4169,0.4563,259,234,0.9035,0.8735,0.9317
c-heldout,70000-70199,hidden,6,ladder K1,family,yes,hard,"vote, leader above 0.8",200,1306,658,648,446,181,679,446,181,21,0.4962,0.4641,0.5274,3.2400,2.9050,3.5900,658,1516,0.4340,0.4143,0.4537,259,230,0.8880,0.8561,0.9180
c-heldout,70000-70199,hidden,6,ladder K1,family,no,hard,last answer,200,4113,1382,2731,2127,513,1473,2127,513,91,0.6640,0.6507,0.6773,13.6550,13.1200,14.1850,1382,1516,0.9116,0.8970,0.9258,259,239,0.9228,0.8938,0.9500
c-heldout,70000-70199,hidden,6,ladder K1,family,no,hard,"vote, leader above 0.5",200,4077,1395,2682,2097,512,1468,2097,512,73,0.6578,0.6440,0.6718,13.4100,12.8700,13.9400,1395,1516,0.9202,0.9048,0.9351,259,229,0.8842,0.8394,0.9258
c-heldout,70000-70199,hidden,6,ladder K1,family,no,hard,"vote, leader above 0.8",200,3358,1263,2095,1657,433,1268,1657,433,5,0.6239,0.6080,0.6397,10.4750,10.0050,10.9450,1263,1516,0.8331,0.8136,0.8527,259,210,0.8108,0.7599,0.8597
c-heldout,70000-70199,hidden,6,ladder K2,site,yes,hard,last answer,200,306,269,37,24,12,270,24,12,1,0.1209,0.0875,0.1565,0.1850,0.1300,0.2450,269,1516,0.1774,0.1618,0.1928,259,237,0.9151,0.8863,0.9419
c-heldout,70000-70199,hidden,6,ladder K2,site,yes,hard,"vote, leader above 0.5",200,306,269,37,24,12,270,24,12,1,0.1209,0.0875,0.1565,0.1850,0.1300,0.2450,269,1516,0.1774,0.1618,0.1928,259,237,0.9151,0.8863,0.9419
c-heldout,70000-70199,hidden,6,ladder K2,site,yes,hard,"vote, leader above 0.8",200,306,269,37,24,12,270,24,12,1,0.1209,0.0875,0.1565,0.1850,0.1300,0.2450,269,1516,0.1774,0.1618,0.1928,259,237,0.9151,0.8863,0.9419
c-heldout,70000-70199,hidden,6,ladder K2,family,yes,hard,last answer,200,985,537,448,308,122,555,308,122,18,0.4548,0.4177,0.4911,2.2400,1.9700,2.5200,537,1516,0.3542,0.3333,0.3753,259,232,0.8958,0.8652,0.9248
c-heldout,70000-70199,hidden,6,ladder K2,family,yes,hard,"vote, leader above 0.5",200,976,538,438,305,122,549,305,122,11,0.4488,0.4116,0.4852,2.1900,1.9200,2.4650,538,1516,0.3549,0.3338,0.3759,259,233,0.8996,0.8694,0.9281
c-heldout,70000-70199,hidden,6,ladder K2,family,yes,hard,"vote, leader above 0.8",200,975,537,438,305,122,548,305,122,11,0.4492,0.4121,0.4856,2.1900,1.9200,2.4650,537,1516,0.3542,0.3333,0.3753,259,232,0.8958,0.8652,0.9248
c-heldout,70000-70199,hidden,6,ladder K2,family,no,hard,last answer,200,3981,1379,2602,2036,499,1446,2036,499,67,0.6536,0.6400,0.6673,13.0100,12.4700,13.5400,1379,1516,0.9096,0.8957,0.9233,259,240,0.9266,0.8988,0.9528
c-heldout,70000-70199,hidden,6,ladder K2,family,no,hard,"vote, leader above 0.5",200,3893,1358,2535,1974,490,1429,1974,490,71,0.6512,0.6366,0.6658,12.6750,12.1200,13.2100,1358,1516,0.8958,0.8801,0.9109,259,225,0.8687,0.8305,0.9053
c-heldout,70000-70199,hidden,6,ladder K2,family,no,hard,"vote, leader above 0.8",200,3367,1312,2055,1604,445,1318,1604,445,6,0.6103,0.5945,0.6260,10.2750,9.7948,10.7550,1312,1516,0.8654,0.8474,0.8832,259,214,0.8263,0.7760,0.8750
c-heldout,70000-70199,hidden,6,ladder K3,site,yes,hard,last answer,200,254,226,28,17,11,226,17,11,0,0.1102,0.0738,0.1489,0.1400,0.0900,0.1950,226,1516,0.1491,0.1338,0.1642,259,198,0.7645,0.7200,0.8083
c-heldout,70000-70199,hidden,6,ladder K3,site,yes,hard,"vote, leader above 0.5",200,254,226,28,17,11,226,17,11,0,0.1102,0.0738,0.1489,0.1400,0.0900,0.1950,226,1516,0.1491,0.1338,0.1642,259,198,0.7645,0.7200,0.8083
c-heldout,70000-70199,hidden,6,ladder K3,site,yes,hard,"vote, leader above 0.8",200,254,226,28,17,11,226,17,11,0,0.1102,0.0738,0.1489,0.1400,0.0900,0.1950,226,1516,0.1491,0.1338,0.1642,259,198,0.7645,0.7200,0.8083
c-heldout,70000-70199,hidden,6,ladder K3,family,yes,hard,last answer,200,822,470,352,238,103,481,238,103,11,0.4282,0.3878,0.4680,1.7600,1.5300,2.0050,470,1516,0.3100,0.2879,0.3318,259,202,0.7799,0.7373,0.8222
c-heldout,70000-70199,hidden,6,ladder K3,family,yes,hard,"vote, leader above 0.5",200,818,471,347,236,103,479,236,103,8,0.4242,0.3839,0.4641,1.7350,1.5100,1.9750,471,1516,0.3107,0.2886,0.3327,259,203,0.7838,0.7412,0.8261
c-heldout,70000-70199,hidden,6,ladder K3,family,yes,hard,"vote, leader above 0.8",200,817,470,347,236,103,478,236,103,8,0.4247,0.3844,0.4646,1.7350,1.5100,1.9750,470,1516,0.3100,0.2879,0.3318,259,202,0.7799,0.7373,0.8222
c-heldout,70000-70199,hidden,6,ladder K3,family,no,hard,last answer,200,3816,1336,2480,1936,484,1396,1936,484,60,0.6499,0.6356,0.6640,12.4000,11.8550,12.9350,1336,1516,0.8813,0.8644,0.8974,259,233,0.8996,0.8685,0.9292
c-heldout,70000-70199,hidden,6,ladder K3,family,no,hard,"vote, leader above 0.5",200,3787,1323,2464,1916,484,1387,1916,484,64,0.6506,0.6358,0.6653,12.3200,11.7750,12.8550,1323,1516,0.8727,0.8545,0.8906,259,220,0.8494,0.8095,0.8879
c-heldout,70000-70199,hidden,6,ladder K3,family,no,hard,"vote, leader above 0.8",200,3242,1268,1974,1534,432,1276,1534,432,8,0.6089,0.5926,0.6250,9.8700,9.3898,10.3500,1268,1516,0.8364,0.8164,0.8559,259,208,0.8031,0.7519,0.8524
c-heldout,70000-70199,hidden,6,ladder K4,site,yes,hard,last answer,200,254,226,28,17,11,226,17,11,0,0.1102,0.0738,0.1489,0.1400,0.0900,0.1950,226,1516,0.1491,0.1338,0.1642,259,198,0.7645,0.7200,0.8083
c-heldout,70000-70199,hidden,6,ladder K4,site,yes,hard,"vote, leader above 0.5",200,254,226,28,17,11,226,17,11,0,0.1102,0.0738,0.1489,0.1400,0.0900,0.1950,226,1516,0.1491,0.1338,0.1642,259,198,0.7645,0.7200,0.8083
c-heldout,70000-70199,hidden,6,ladder K4,site,yes,hard,"vote, leader above 0.8",200,254,226,28,17,11,226,17,11,0,0.1102,0.0738,0.1489,0.1400,0.0900,0.1950,226,1516,0.1491,0.1338,0.1642,259,198,0.7645,0.7200,0.8083
c-heldout,70000-70199,hidden,6,ladder K4,family,yes,hard,last answer,200,814,470,344,236,97,481,236,97,11,0.4226,0.3822,0.4622,1.7200,1.4950,1.9550,470,1516,0.3100,0.2879,0.3318,259,202,0.7799,0.7373,0.8222
c-heldout,70000-70199,hidden,6,ladder K4,family,yes,hard,"vote, leader above 0.5",200,810,471,339,234,97,479,234,97,8,0.4185,0.3783,0.4582,1.6950,1.4700,1.9300,471,1516,0.3107,0.2886,0.3327,259,203,0.7838,0.7412,0.8261
c-heldout,70000-70199,hidden,6,ladder K4,family,yes,hard,"vote, leader above 0.8",200,809,470,339,234,97,478,234,97,8,0.4190,0.3788,0.4588,1.6950,1.4700,1.9300,470,1516,0.3100,0.2879,0.3318,259,202,0.7799,0.7373,0.8222
c-heldout,70000-70199,hidden,6,ladder K4,family,no,hard,last answer,200,3805,1336,2469,1933,476,1396,1933,476,60,0.6489,0.6345,0.6631,12.3450,11.8000,12.8800,1336,1516,0.8813,0.8644,0.8974,259,233,0.8996,0.8685,0.9292
c-heldout,70000-70199,hidden,6,ladder K4,family,no,hard,"vote, leader above 0.5",200,3776,1323,2453,1913,476,1387,1913,476,64,0.6496,0.6346,0.6644,12.2650,11.7200,12.8000,1323,1516,0.8727,0.8545,0.8906,259,220,0.8494,0.8095,0.8879
c-heldout,70000-70199,hidden,6,ladder K4,family,no,hard,"vote, leader above 0.8",200,3231,1268,1963,1531,424,1276,1531,424,8,0.6076,0.5912,0.6237,9.8150,9.3350,10.2950,1268,1516,0.8364,0.8164,0.8559,259,208,0.8031,0.7519,0.8524
c-heldout,70000-70199,hidden,10,ladder K1,site,yes,hard,last answer,200,318,272,46,27,18,273,27,18,1,0.1447,0.1104,0.1796,0.2300,0.1700,0.2950,272,1516,0.1794,0.1631,0.1953,259,221,0.8533,0.8149,0.8898
c-heldout,70000-70199,hidden,10,ladder K1,site,yes,hard,"vote, leader above 0.5",200,318,272,46,27,18,273,27,18,1,0.1447,0.1104,0.1796,0.2300,0.1700,0.2950,272,1516,0.1794,0.1631,0.1953,259,221,0.8533,0.8149,0.8898
c-heldout,70000-70199,hidden,10,ladder K1,site,yes,hard,"vote, leader above 0.8",200,318,272,46,27,18,273,27,18,1,0.1447,0.1104,0.1796,0.2300,0.1700,0.2950,272,1516,0.1794,0.1631,0.1953,259,221,0.8533,0.8149,0.8898
c-heldout,70000-70199,hidden,10,ladder K1,family,yes,hard,last answer,200,1246,659,587,385,181,680,385,181,21,0.4711,0.4374,0.5034,2.9350,2.6050,3.2750,659,1516,0.4347,0.4151,0.4541,259,220,0.8494,0.8120,0.8849
c-heldout,70000-70199,hidden,10,ladder K1,family,yes,hard,"vote, leader above 0.5",200,1237,658,579,383,180,674,383,180,16,0.4681,0.4343,0.5008,2.8950,2.5650,3.2350,658,1516,0.4340,0.4142,0.4536,259,220,0.8494,0.8120,0.8849
c-heldout,70000-70199,hidden,10,ladder K1,family,yes,hard,"vote, leader above 0.8",200,1235,658,577,382,180,673,382,180,15,0.4672,0.4334,0.5000,2.8850,2.5550,3.2250,658,1516,0.4340,0.4142,0.4536,259,220,0.8494,0.8120,0.8849
c-heldout,70000-70199,hidden,10,ladder K1,family,no,hard,last answer,200,4057,1414,2643,2073,511,1473,2073,511,59,0.6515,0.6380,0.6649,13.2150,12.6600,13.7550,1414,1516,0.9327,0.9199,0.9452,259,241,0.9305,0.9024,0.9563
c-heldout,70000-70199,hidden,10,ladder K1,family,no,hard,"vote, leader above 0.5",200,4037,1429,2608,2057,510,1470,2057,510,41,0.6460,0.6322,0.6600,13.0400,12.4900,13.5800,1429,1516,0.9426,0.9298,0.9546,259,236,0.9112,0.8775,0.9427
c-heldout,70000-70199,hidden,10,ladder K1,family,no,hard,"vote, leader above 0.8",200,3763,1375,2388,1874,488,1401,1874,488,26,0.6346,0.6201,0.6492,11.9400,11.4000,12.4702,1375,1516,0.9070,0.8913,0.9221,259,229,0.8842,0.8445,0.9209
c-heldout,70000-70199,hidden,10,ladder K2,site,yes,hard,last answer,200,262,229,33,18,14,230,18,14,1,0.1260,0.0892,0.1650,0.1650,0.1150,0.2200,229,1516,0.1511,0.1355,0.1663,259,197,0.7606,0.7143,0.8048
c-heldout,70000-70199,hidden,10,ladder K2,site,yes,hard,"vote, leader above 0.5",200,262,229,33,18,14,230,18,14,1,0.1260,0.0892,0.1650,0.1650,0.1150,0.2200,229,1516,0.1511,0.1355,0.1663,259,197,0.7606,0.7143,0.8048
c-heldout,70000-70199,hidden,10,ladder K2,site,yes,hard,"vote, leader above 0.8",200,262,229,33,18,14,230,18,14,1,0.1260,0.0892,0.1650,0.1650,0.1150,0.2200,229,1516,0.1511,0.1355,0.1663,259,197,0.7606,0.7143,0.8048
c-heldout,70000-70199,hidden,10,ladder K2,family,yes,hard,last answer,200,859,510,349,226,119,514,226,119,4,0.4063,0.3648,0.4468,1.7450,1.4950,2.0050,510,1516,0.3364,0.3140,0.3586,259,203,0.7838,0.7396,0.8264
c-heldout,70000-70199,hidden,10,ladder K2,family,yes,hard,"vote, leader above 0.5",200,857,510,347,224,119,514,224,119,4,0.4049,0.3635,0.4455,1.7350,1.4850,1.9950,510,1516,0.3364,0.3140,0.3586,259,203,0.7838,0.7396,0.8264
c-heldout,70000-70199,hidden,10,ladder K2,family,yes,hard,"vote, leader above 0.8",200,857,510,347,224,119,514,224,119,4,0.4049,0.3635,0.4455,1.7350,1.4850,1.9950,510,1516,0.3364,0.3140,0.3586,259,203,0.7838,0.7396,0.8264
c-heldout,70000-70199,hidden,10,ladder K2,family,no,hard,last answer,200,3888,1403,2485,1953,495,1440,1953,495,37,0.6391,0.6245,0.6538,12.4250,11.8350,12.9950,1403,1516,0.9255,0.9122,0.9380,259,239,0.9228,0.8934,0.9513
c-heldout,70000-70199,hidden,10,ladder K2,family,no,hard,"vote, leader above 0.5",200,3793,1393,2400,1876,486,1431,1876,486,38,0.6327,0.6179,0.6476,12.0000,11.4250,12.5552,1393,1516,0.9189,0.9043,0.9329,259,232,0.8958,0.8604,0.9294
c-heldout,70000-70199,hidden,10,ladder K2,family,no,hard,"vote, leader above 0.8",200,3364,1366,1998,1549,445,1370,1549,445,4,0.5939,0.5772,0.6100,9.9900,9.4700,10.5050,1366,1516,0.9011,0.8860,0.9158,259,225,0.8687,0.8293,0.9060
c-heldout,70000-70199,hidden,10,ladder K3,site,yes,hard,last answer,200,209,184,25,14,11,184,14,11,0,0.1196,0.0781,0.1634,0.1250,0.0800,0.1750,184,1516,0.1214,0.1064,0.1363,259,160,0.6178,0.5670,0.6678
c-heldout,70000-70199,hidden,10,ladder K3,site,yes,hard,"vote, leader above 0.5",200,209,184,25,14,11,184,14,11,0,0.1196,0.0781,0.1634,0.1250,0.0800,0.1750,184,1516,0.1214,0.1064,0.1363,259,160,0.6178,0.5670,0.6678
c-heldout,70000-70199,hidden,10,ladder K3,site,yes,hard,"vote, leader above 0.8",200,209,184,25,14,11,184,14,11,0,0.1196,0.0781,0.1634,0.1250,0.0800,0.1750,184,1516,0.1214,0.1064,0.1363,259,160,0.6178,0.5670,0.6678
c-heldout,70000-70199,hidden,10,ladder K3,family,yes,hard,last answer,200,670,422,248,151,96,423,151,96,1,0.3701,0.3276,0.4127,1.2400,1.0550,1.4350,422,1516,0.2784,0.2562,0.3005,259,170,0.6564,0.6085,0.7034
c-heldout,70000-70199,hidden,10,ladder K3,family,yes,hard,"vote, leader above 0.5",200,670,422,248,151,96,423,151,96,1,0.3701,0.3276,0.4127,1.2400,1.0550,1.4350,422,1516,0.2784,0.2562,0.3005,259,170,0.6564,0.6085,0.7034
c-heldout,70000-70199,hidden,10,ladder K3,family,yes,hard,"vote, leader above 0.8",200,670,422,248,151,96,423,151,96,1,0.3701,0.3276,0.4127,1.2400,1.0550,1.4350,422,1516,0.2784,0.2562,0.3005,259,170,0.6564,0.6085,0.7034
c-heldout,70000-70199,hidden,10,ladder K3,family,no,hard,last answer,200,3676,1331,2345,1834,475,1367,1834,475,36,0.6379,0.6236,0.6523,11.7250,11.1550,12.2850,1331,1516,0.8780,0.8619,0.8938,259,228,0.8803,0.8451,0.9146
c-heldout,70000-70199,hidden,10,ladder K3,family,no,hard,"vote, leader above 0.5",200,3619,1322,2297,1792,469,1358,1792,469,36,0.6347,0.6200,0.6492,11.4850,10.9100,12.0450,1322,1516,0.8720,0.8546,0.8890,259,222,0.8571,0.8178,0.8942
c-heldout,70000-70199,hidden,10,ladder K3,family,no,hard,"vote, leader above 0.8",200,3217,1300,1917,1481,431,1305,1481,431,5,0.5959,0.5799,0.6116,9.5850,9.0850,10.0850,1300,1516,0.8575,0.8399,0.8750,259,216,0.8340,0.7913,0.8746
c-heldout,70000-70199,hidden,10,ladder K4,site,yes,hard,last answer,200,206,183,23,14,9,183,14,9,0,0.1117,0.0719,0.1542,0.1150,0.0700,0.1650,183,1516,0.1207,0.1058,0.1356,259,159,0.6139,0.5625,0.6641
c-heldout,70000-70199,hidden,10,ladder K4,site,yes,hard,"vote, leader above 0.5",200,206,183,23,14,9,183,14,9,0,0.1117,0.0719,0.1542,0.1150,0.0700,0.1650,183,1516,0.1207,0.1058,0.1356,259,159,0.6139,0.5625,0.6641
c-heldout,70000-70199,hidden,10,ladder K4,site,yes,hard,"vote, leader above 0.8",200,206,183,23,14,9,183,14,9,0,0.1117,0.0719,0.1542,0.1150,0.0700,0.1650,183,1516,0.1207,0.1058,0.1356,259,159,0.6139,0.5625,0.6641
c-heldout,70000-70199,hidden,10,ladder K4,family,yes,hard,last answer,200,650,421,229,151,77,422,151,77,1,0.3523,0.3092,0.3957,1.1450,0.9700,1.3300,421,1516,0.2777,0.2554,0.2999,259,169,0.6525,0.6039,0.7000
c-heldout,70000-70199,hidden,10,ladder K4,family,yes,hard,"vote, leader above 0.5",200,650,421,229,151,77,422,151,77,1,0.3523,0.3092,0.3957,1.1450,0.9700,1.3300,421,1516,0.2777,0.2554,0.2999,259,169,0.6525,0.6039,0.7000
c-heldout,70000-70199,hidden,10,ladder K4,family,yes,hard,"vote, leader above 0.8",200,650,421,229,151,77,422,151,77,1,0.3523,0.3092,0.3957,1.1450,0.9700,1.3300,421,1516,0.2777,0.2554,0.2999,259,169,0.6525,0.6039,0.7000
c-heldout,70000-70199,hidden,10,ladder K4,family,no,hard,last answer,200,3627,1326,2301,1832,433,1362,1832,433,36,0.6344,0.6198,0.6491,11.5050,10.9400,12.0550,1326,1516,0.8747,0.8584,0.8905,259,228,0.8803,0.8451,0.9146
c-heldout,70000-70199,hidden,10,ladder K4,family,no,hard,"vote, leader above 0.5",200,3571,1317,2254,1790,428,1353,1790,428,36,0.6312,0.6163,0.6458,11.2700,10.7000,11.8250,1317,1516,0.8687,0.8513,0.8858,259,222,0.8571,0.8178,0.8942
c-heldout,70000-70199,hidden,10,ladder K4,family,no,hard,"vote, leader above 0.8",200,3169,1295,1874,1479,390,1300,1479,390,5,0.5914,0.5752,0.6073,9.3700,8.8750,9.8650,1295,1516,0.8542,0.8364,0.8720,259,216,0.8340,0.7913,0.8746
c-heldout,70000-70199,hidden,13,ladder K1,site,yes,hard,last answer,200,315,270,45,24,20,271,24,20,1,0.1429,0.1082,0.1789,0.2250,0.1650,0.2900,270,1516,0.1781,0.1618,0.1941,259,217,0.8378,0.7984,0.8760
c-heldout,70000-70199,hidden,13,ladder K1,site,yes,hard,"vote, leader above 0.5",200,315,270,45,24,20,271,24,20,1,0.1429,0.1082,0.1789,0.2250,0.1650,0.2900,270,1516,0.1781,0.1618,0.1941,259,217,0.8378,0.7984,0.8760
c-heldout,70000-70199,hidden,13,ladder K1,site,yes,hard,"vote, leader above 0.8",200,315,270,45,24,20,271,24,20,1,0.1429,0.1082,0.1789,0.2250,0.1650,0.2900,270,1516,0.1781,0.1618,0.1941,259,217,0.8378,0.7984,0.8760
c-heldout,70000-70199,hidden,13,ladder K1,family,yes,hard,last answer,200,1179,669,510,314,179,686,314,179,17,0.4326,0.3974,0.4673,2.5500,2.2400,2.8750,669,1516,0.4413,0.4211,0.4610,259,219,0.8456,0.8071,0.8817
c-heldout,70000-70199,hidden,13,ladder K1,family,yes,hard,"vote, leader above 0.5",200,1171,668,503,313,178,680,313,178,12,0.4295,0.3941,0.4646,2.5150,2.2100,2.8350,668,1516,0.4406,0.4204,0.4605,259,219,0.8456,0.8071,0.8817
c-heldout,70000-70199,hidden,13,ladder K1,family,yes,hard,"vote, leader above 0.8",200,1170,668,502,312,178,680,312,178,12,0.4291,0.3937,0.4641,2.5100,2.2048,2.8350,668,1516,0.4406,0.4204,0.4605,259,219,0.8456,0.8071,0.8817
c-heldout,70000-70199,hidden,13,ladder K1,family,no,hard,last answer,200,3977,1434,2543,1992,508,1477,1992,508,43,0.6394,0.6257,0.6532,12.7150,12.1700,13.2600,1434,1516,0.9459,0.9331,0.9582,259,244,0.9421,0.9147,0.9667
c-heldout,70000-70199,hidden,13,ladder K1,family,no,hard,"vote, leader above 0.5",200,3965,1448,2517,1983,507,1475,1983,507,27,0.6348,0.6208,0.6488,12.5850,12.0400,13.1300,1448,1516,0.9551,0.9437,0.9661,259,240,0.9266,0.8967,0.9549
c-heldout,70000-70199,hidden,13,ladder K1,family,no,hard,"vote, leader above 0.8",200,3930,1438,2492,1965,501,1464,1965,501,26,0.6341,0.6200,0.6484,12.4600,11.9150,13.0000,1438,1516,0.9485,0.9361,0.9604,259,240,0.9266,0.8967,0.9549
c-heldout,70000-70199,hidden,13,ladder K2,site,yes,hard,last answer,200,270,239,31,12,18,240,12,18,1,0.1148,0.0797,0.1519,0.1550,0.1050,0.2100,239,1516,0.1577,0.1418,0.1735,259,204,0.7876,0.7446,0.8292
c-heldout,70000-70199,hidden,13,ladder K2,site,yes,hard,"vote, leader above 0.5",200,270,239,31,12,18,240,12,18,1,0.1148,0.0797,0.1519,0.1550,0.1050,0.2100,239,1516,0.1577,0.1418,0.1735,259,204,0.7876,0.7446,0.8292
c-heldout,70000-70199,hidden,13,ladder K2,site,yes,hard,"vote, leader above 0.8",200,270,239,31,12,18,240,12,18,1,0.1148,0.0797,0.1519,0.1550,0.1050,0.2100,239,1516,0.1577,0.1418,0.1735,259,204,0.7876,0.7446,0.8292
c-heldout,70000-70199,hidden,13,ladder K2,family,yes,hard,last answer,200,780,540,240,126,112,542,126,112,2,0.3077,0.2673,0.3490,1.2000,1.0000,1.4150,540,1516,0.3562,0.3340,0.3780,259,210,0.8108,0.7692,0.8503
c-heldout,70000-70199,hidden,13,ladder K2,family,yes,hard,"vote, leader above 0.5",200,778,540,238,124,112,542,124,112,2,0.3059,0.2655,0.3475,1.1900,0.9900,1.4100,540,1516,0.3562,0.3340,0.3780,259,210,0.8108,0.7692,0.8503
c-heldout,70000-70199,hidden,13,ladder K2,family,yes,hard,"vote, leader above 0.8",200,778,540,238,124,112,542,124,112,2,0.3059,0.2655,0.3475,1.1900,0.9900,1.4100,540,1516,0.3562,0.3340,0.3780,259,210,0.8108,0.7692,0.8503
c-heldout,70000-70199,hidden,13,ladder K2,family,no,hard,last answer,200,3772,1427,2345,1836,492,1444,1836,492,17,0.6217,0.6064,0.6372,11.7250,11.1500,12.3000,1427,1516,0.9413,0.9282,0.9537,259,245,0.9459,0.9200,0.9700
c-heldout,70000-70199,hidden,13,ladder K2,family,no,hard,"vote, leader above 0.5",200,3637,1420,2217,1725,476,1436,1725,476,16,0.6096,0.5938,0.6252,11.0850,10.5200,11.6400,1420,1516,0.9367,0.9235,0.9492,259,243,0.9382,0.9111,0.9637
c-heldout,70000-70199,hidden,13,ladder K2,family,no,hard,"vote, leader above 0.8",200,3293,1406,1887,1442,443,1408,1442,443,2,0.5730,0.5563,0.5896,9.4350,8.9250,9.9450,1406,1516,0.9274,0.9134,0.9409,259,236,0.9112,0.8782,0.9421
c-heldout,70000-70199,hidden,13,ladder K3,site,yes,hard,last answer,200,188,167,21,9,12,167,9,12,0,0.1117,0.0707,0.1566,0.1050,0.0650,0.1500,167,1516,0.1102,0.0960,0.1243,259,145,0.5598,0.5101,0.6084
c-heldout,70000-70199,hidden,13,ladder K3,site,yes,hard,"vote, leader above 0.5",200,188,167,21,9,12,167,9,12,0,0.1117,0.0707,0.1566,0.1050,0.0650,0.1500,167,1516,0.1102,0.0960,0.1243,259,145,0.5598,0.5101,0.6084
c-heldout,70000-70199,hidden,13,ladder K3,site,yes,hard,"vote, leader above 0.8",200,188,167,21,9,12,167,9,12,0,0.1117,0.0707,0.1566,0.1050,0.0650,0.1500,167,1516,0.1102,0.0960,0.1243,259,145,0.5598,0.5101,0.6084
c-heldout,70000-70199,hidden,13,ladder K3,family,yes,hard,last answer,200,546,389,157,79,77,390,79,77,1,0.2875,0.2446,0.3327,0.7850,0.6400,0.9450,389,1516,0.2566,0.2350,0.2780,259,159,0.6139,0.5649,0.6617
c-heldout,70000-70199,hidden,13,ladder K3,family,yes,hard,"vote, leader above 0.5",200,546,389,157,79,77,390,79,77,1,0.2875,0.2446,0.3327,0.7850,0.6400,0.9450,389,1516,0.2566,0.2350,0.2780,259,159,0.6139,0.5649,0.6617
c-heldout,70000-70199,hidden,13,ladder K3,family,yes,hard,"vote, leader above 0.8",200,546,389,157,79,77,390,79,77,1,0.2875,0.2446,0.3327,0.7850,0.6400,0.9450,389,1516,0.2566,0.2350,0.2780,259,159,0.6139,0.5649,0.6617
c-heldout,70000-70199,hidden,13,ladder K3,family,no,hard,last answer,200,3468,1338,2130,1651,463,1354,1651,463,16,0.6142,0.5981,0.6302,10.6500,10.0850,11.2100,1338,1516,0.8826,0.8656,0.8992,259,228,0.8803,0.8458,0.9141
c-heldout,70000-70199,hidden,13,ladder K3,family,no,hard,"vote, leader above 0.5",200,3312,1331,1981,1525,441,1346,1525,441,15,0.5981,0.5816,0.6144,9.9050,9.3600,10.4450,1331,1516,0.8780,0.8609,0.8950,259,228,0.8803,0.8458,0.9141
c-heldout,70000-70199,hidden,13,ladder K3,family,no,hard,"vote, leader above 0.8",200,3080,1319,1761,1337,421,1322,1337,421,3,0.5718,0.5543,0.5886,8.8050,8.3000,9.2950,1319,1516,0.8701,0.8525,0.8877,259,221,0.8533,0.8134,0.8919
c-heldout,70000-70199,hidden,13,ladder K4,site,yes,hard,last answer,200,185,167,18,9,9,167,9,9,0,0.0973,0.0585,0.1395,0.0900,0.0500,0.1350,167,1516,0.1102,0.0960,0.1243,259,145,0.5598,0.5101,0.6084
c-heldout,70000-70199,hidden,13,ladder K4,site,yes,hard,"vote, leader above 0.5",200,185,167,18,9,9,167,9,9,0,0.0973,0.0585,0.1395,0.0900,0.0500,0.1350,167,1516,0.1102,0.0960,0.1243,259,145,0.5598,0.5101,0.6084
c-heldout,70000-70199,hidden,13,ladder K4,site,yes,hard,"vote, leader above 0.8",200,185,167,18,9,9,167,9,9,0,0.0973,0.0585,0.1395,0.0900,0.0500,0.1350,167,1516,0.1102,0.0960,0.1243,259,145,0.5598,0.5101,0.6084
c-heldout,70000-70199,hidden,13,ladder K4,family,yes,hard,last answer,200,525,389,136,79,56,390,79,56,1,0.2590,0.2156,0.3036,0.6800,0.5450,0.8300,389,1516,0.2566,0.2350,0.2780,259,159,0.6139,0.5649,0.6617
c-heldout,70000-70199,hidden,13,ladder K4,family,yes,hard,"vote, leader above 0.5",200,525,389,136,79,56,390,79,56,1,0.2590,0.2156,0.3036,0.6800,0.5450,0.8300,389,1516,0.2566,0.2350,0.2780,259,159,0.6139,0.5649,0.6617
c-heldout,70000-70199,hidden,13,ladder K4,family,yes,hard,"vote, leader above 0.8",200,525,389,136,79,56,390,79,56,1,0.2590,0.2156,0.3036,0.6800,0.5450,0.8300,389,1516,0.2566,0.2350,0.2780,259,159,0.6139,0.5649,0.6617
c-heldout,70000-70199,hidden,13,ladder K4,family,no,hard,last answer,200,3369,1337,2032,1649,367,1353,1649,367,16,0.6031,0.5865,0.6196,10.1600,9.6000,10.7100,1337,1516,0.8819,0.8650,0.8984,259,228,0.8803,0.8458,0.9141
c-heldout,70000-70199,hidden,13,ladder K4,family,no,hard,"vote, leader above 0.5",200,3218,1330,1888,1523,350,1345,1523,350,15,0.5867,0.5696,0.6036,9.4400,8.9000,9.9700,1330,1516,0.8773,0.8602,0.8943,259,228,0.8803,0.8458,0.9141
c-heldout,70000-70199,hidden,13,ladder K4,family,no,hard,"vote, leader above 0.8",200,2991,1318,1673,1335,335,1321,1335,335,3,0.5593,0.5415,0.5766,8.3650,7.8750,8.8550,1318,1516,0.8694,0.8519,0.8870,259,221,0.8533,0.8134,0.8919
c-heldout,70000-70199,hidden,16,ladder K1,site,yes,hard,last answer,200,326,290,36,15,21,290,15,21,0,0.1104,0.0797,0.1420,0.1800,0.1250,0.2350,290,1516,0.1913,0.1753,0.2070,259,236,0.9112,0.8828,0.9382
c-heldout,70000-70199,hidden,16,ladder K1,site,yes,hard,"vote, leader above 0.5",200,326,290,36,15,21,290,15,21,0,0.1104,0.0797,0.1420,0.1800,0.1250,0.2350,290,1516,0.1913,0.1753,0.2070,259,236,0.9112,0.8828,0.9382
c-heldout,70000-70199,hidden,16,ladder K1,site,yes,hard,"vote, leader above 0.8",200,326,290,36,15,21,290,15,21,0,0.1104,0.0797,0.1420,0.1800,0.1250,0.2350,290,1516,0.1913,0.1753,0.2070,259,236,0.9112,0.8828,0.9382
c-heldout,70000-70199,hidden,16,ladder K1,family,yes,hard,last answer,200,1134,703,431,246,181,707,246,181,4,0.3801,0.3461,0.4143,2.1550,1.8850,2.4350,703,1516,0.4637,0.4441,0.4829,259,236,0.9112,0.8828,0.9387
c-heldout,70000-70199,hidden,16,ladder K1,family,yes,hard,"vote, leader above 0.5",200,1133,703,430,246,181,706,246,181,3,0.3795,0.3455,0.4139,2.1500,1.8850,2.4300,703,1516,0.4637,0.4441,0.4829,259,236,0.9112,0.8828,0.9387
c-heldout,70000-70199,hidden,16,ladder K1,family,yes,hard,"vote, leader above 0.8",200,1133,703,430,246,181,706,246,181,3,0.3795,0.3455,0.4139,2.1500,1.8850,2.4300,703,1516,0.4637,0.4441,0.4829,259,236,0.9112,0.8828,0.9387
c-heldout,70000-70199,hidden,16,ladder K1,family,no,hard,last answer,200,3026,1472,1554,1085,460,1481,1085,460,9,0.5135,0.4949,0.5323,7.7700,7.3300,8.2100,1472,1516,0.9710,0.9610,0.9801,259,250,0.9653,0.9464,0.9824
c-heldout,70000-70199,hidden,16,ladder K1,family,no,hard,"vote, leader above 0.5",200,3026,1475,1551,1085,460,1481,1085,460,6,0.5126,0.4941,0.5313,7.7550,7.3150,8.1950,1475,1516,0.9730,0.9634,0.9817,259,249,0.9614,0.9394,0.9808
c-heldout,70000-70199,hidden,16,ladder K1,family,no,hard,"vote, leader above 0.8",200,3026,1475,1551,1085,460,1481,1085,460,6,0.5126,0.4941,0.5313,7.7550,7.3150,8.1950,1475,1516,0.9730,0.9634,0.9817,259,249,0.9614,0.9394,0.9808
c-heldout,70000-70199,hidden,16,ladder K2,site,yes,hard,last answer,200,296,280,16,0,16,280,0,16,0,0.0541,0.0325,0.0774,0.0800,0.0450,0.1150,280,1516,0.1847,0.1691,0.2001,259,234,0.9035,0.8730,0.9324
c-heldout,70000-70199,hidden,16,ladder K2,site,yes,hard,"vote, leader above 0.5",200,296,280,16,0,16,280,0,16,0,0.0541,0.0325,0.0774,0.0800,0.0450,0.1150,280,1516,0.1847,0.1691,0.2001,259,234,0.9035,0.8730,0.9324
c-heldout,70000-70199,hidden,16,ladder K2,site,yes,hard,"vote, leader above 0.8",200,296,280,16,0,16,280,0,16,0,0.0541,0.0325,0.0774,0.0800,0.0450,0.1150,280,1516,0.1847,0.1691,0.2001,259,234,0.9035,0.8730,0.9324
c-heldout,70000-70199,hidden,16,ladder K2,family,yes,hard,last answer,200,723,603,120,14,106,603,14,106,0,0.1660,0.1395,0.1932,0.6000,0.4900,0.7150,603,1516,0.3978,0.3772,0.4186,259,235,0.9073,0.8765,0.9362
c-heldout,70000-70199,hidden,16,ladder K2,family,yes,hard,"vote, leader above 0.5",200,723,603,120,14,106,603,14,106,0,0.1660,0.1395,0.1932,0.6000,0.4900,0.7150,603,1516,0.3978,0.3772,0.4186,259,235,0.9073,0.8765,0.9362
c-heldout,70000-70199,hidden,16,ladder K2,family,yes,hard,"vote, leader above 0.8",200,723,603,120,14,106,603,14,106,0,0.1660,0.1395,0.1932,0.6000,0.4900,0.7150,603,1516,0.3978,0.3772,0.4186,259,235,0.9073,0.8765,0.9362
c-heldout,70000-70199,hidden,16,ladder K2,family,no,hard,last answer,200,2350,1453,897,542,355,1453,542,355,0,0.3817,0.3574,0.4060,4.4850,4.1000,4.8800,1453,1516,0.9584,0.9475,0.9689,259,247,0.9537,0.9328,0.9735
c-heldout,70000-70199,hidden,16,ladder K2,family,no,hard,"vote, leader above 0.5",200,2350,1453,897,542,355,1453,542,355,0,0.3817,0.3574,0.4060,4.4850,4.1000,4.8800,1453,1516,0.9584,0.9475,0.9689,259,247,0.9537,0.9328,0.9735
c-heldout,70000-70199,hidden,16,ladder K2,family,no,hard,"vote, leader above 0.8",200,2350,1453,897,542,355,1453,542,355,0,0.3817,0.3574,0.4060,4.4850,4.1000,4.8800,1453,1516,0.9584,0.9475,0.9689,259,247,0.9537,0.9328,0.9735
c-heldout,70000-70199,hidden,16,ladder K3,site,yes,hard,last answer,200,153,144,9,0,9,144,0,9,0,0.0588,0.0301,0.0909,0.0450,0.0250,0.0700,144,1516,0.0950,0.0832,0.1065,259,130,0.5019,0.4542,0.5489
c-heldout,70000-70199,hidden,16,ladder K3,site,yes,hard,"vote, leader above 0.5",200,153,144,9,0,9,144,0,9,0,0.0588,0.0301,0.0909,0.0450,0.0250,0.0700,144,1516,0.0950,0.0832,0.1065,259,130,0.5019,0.4542,0.5489
c-heldout,70000-70199,hidden,16,ladder K3,site,yes,hard,"vote, leader above 0.8",200,153,144,9,0,9,144,0,9,0,0.0588,0.0301,0.0909,0.0450,0.0250,0.0700,144,1516,0.0950,0.0832,0.1065,259,130,0.5019,0.4542,0.5489
c-heldout,70000-70199,hidden,16,ladder K3,family,yes,hard,last answer,200,417,353,64,7,57,353,7,57,0,0.1535,0.1208,0.1881,0.3200,0.2450,0.4050,353,1516,0.2328,0.2131,0.2519,259,155,0.5985,0.5514,0.6431
c-heldout,70000-70199,hidden,16,ladder K3,family,yes,hard,"vote, leader above 0.5",200,417,353,64,7,57,353,7,57,0,0.1535,0.1208,0.1881,0.3200,0.2450,0.4050,353,1516,0.2328,0.2131,0.2519,259,155,0.5985,0.5514,0.6431
c-heldout,70000-70199,hidden,16,ladder K3,family,yes,hard,"vote, leader above 0.8",200,417,353,64,7,57,353,7,57,0,0.1535,0.1208,0.1881,0.3200,0.2450,0.4050,353,1516,0.2328,0.2131,0.2519,259,155,0.5985,0.5514,0.6431
c-heldout,70000-70199,hidden,16,ladder K3,family,no,hard,last answer,200,2165,1362,803,463,340,1362,463,340,0,0.3709,0.3470,0.3947,4.0150,3.6650,4.3700,1362,1516,0.8984,0.8818,0.9142,259,231,0.8919,0.8593,0.9231
c-heldout,70000-70199,hidden,16,ladder K3,family,no,hard,"vote, leader above 0.5",200,2165,1362,803,463,340,1362,463,340,0,0.3709,0.3470,0.3947,4.0150,3.6650,4.3700,1362,1516,0.8984,0.8818,0.9142,259,231,0.8919,0.8593,0.9231
c-heldout,70000-70199,hidden,16,ladder K3,family,no,hard,"vote, leader above 0.8",200,2165,1362,803,463,340,1362,463,340,0,0.3709,0.3470,0.3947,4.0150,3.6650,4.3700,1362,1516,0.8984,0.8818,0.9142,259,231,0.8919,0.8593,0.9231
c-heldout,70000-70199,hidden,16,ladder K4,site,yes,hard,last answer,200,150,143,7,0,7,143,0,7,0,0.0467,0.0207,0.0760,0.0350,0.0150,0.0600,143,1516,0.0943,0.0826,0.1057,259,129,0.4981,0.4504,0.5451
c-heldout,70000-70199,hidden,16,ladder K4,site,yes,hard,"vote, leader above 0.5",200,150,143,7,0,7,143,0,7,0,0.0467,0.0207,0.0760,0.0350,0.0150,0.0600,143,1516,0.0943,0.0826,0.1057,259,129,0.4981,0.4504,0.5451
c-heldout,70000-70199,hidden,16,ladder K4,site,yes,hard,"vote, leader above 0.8",200,150,143,7,0,7,143,0,7,0,0.0467,0.0207,0.0760,0.0350,0.0150,0.0600,143,1516,0.0943,0.0826,0.1057,259,129,0.4981,0.4504,0.5451
c-heldout,70000-70199,hidden,16,ladder K4,family,yes,hard,last answer,200,386,352,34,7,27,352,7,27,0,0.0881,0.0635,0.1144,0.1700,0.1200,0.2250,352,1516,0.2322,0.2127,0.2512,259,154,0.5946,0.5473,0.6390
c-heldout,70000-70199,hidden,16,ladder K4,family,yes,hard,"vote, leader above 0.5",200,386,352,34,7,27,352,7,27,0,0.0881,0.0635,0.1144,0.1700,0.1200,0.2250,352,1516,0.2322,0.2127,0.2512,259,154,0.5946,0.5473,0.6390
c-heldout,70000-70199,hidden,16,ladder K4,family,yes,hard,"vote, leader above 0.8",200,386,352,34,7,27,352,7,27,0,0.0881,0.0635,0.1144,0.1700,0.1200,0.2250,352,1516,0.2322,0.2127,0.2512,259,154,0.5946,0.5473,0.6390
c-heldout,70000-70199,hidden,16,ladder K4,family,no,hard,last answer,200,2002,1361,641,463,178,1361,463,178,0,0.3202,0.2951,0.3454,3.2050,2.8850,3.5400,1361,1516,0.8978,0.8810,0.9136,259,231,0.8919,0.8593,0.9231
c-heldout,70000-70199,hidden,16,ladder K4,family,no,hard,"vote, leader above 0.5",200,2002,1361,641,463,178,1361,463,178,0,0.3202,0.2951,0.3454,3.2050,2.8850,3.5400,1361,1516,0.8978,0.8810,0.9136,259,231,0.8919,0.8593,0.9231
c-heldout,70000-70199,hidden,16,ladder K4,family,no,hard,"vote, leader above 0.8",200,2002,1361,641,463,178,1361,463,178,0,0.3202,0.2951,0.3454,3.2050,2.8850,3.5400,1361,1516,0.8978,0.8810,0.9136,259,231,0.8919,0.8593,0.9231
c-heldout,70000-70199,hidden,32,ladder K1,site,yes,hard,last answer,200,326,290,36,15,21,290,15,21,0,0.1104,0.0797,0.1420,0.1800,0.1250,0.2350,290,1516,0.1913,0.1753,0.2070,259,236,0.9112,0.8828,0.9382
c-heldout,70000-70199,hidden,32,ladder K1,site,yes,hard,"vote, leader above 0.5",200,326,290,36,15,21,290,15,21,0,0.1104,0.0797,0.1420,0.1800,0.1250,0.2350,290,1516,0.1913,0.1753,0.2070,259,236,0.9112,0.8828,0.9382
c-heldout,70000-70199,hidden,32,ladder K1,site,yes,hard,"vote, leader above 0.8",200,326,290,36,15,21,290,15,21,0,0.1104,0.0797,0.1420,0.1800,0.1250,0.2350,290,1516,0.1913,0.1753,0.2070,259,236,0.9112,0.8828,0.9382
c-heldout,70000-70199,hidden,32,ladder K1,family,yes,hard,last answer,200,1175,724,451,255,192,728,255,192,4,0.3838,0.3507,0.4174,2.2550,1.9850,2.5400,724,1516,0.4776,0.4567,0.4977,259,236,0.9112,0.8828,0.9387
c-heldout,70000-70199,hidden,32,ladder K1,family,yes,hard,"vote, leader above 0.5",200,1174,724,450,255,192,727,255,192,3,0.3833,0.3501,0.4169,2.2500,1.9800,2.5350,724,1516,0.4776,0.4567,0.4977,259,236,0.9112,0.8828,0.9387
c-heldout,70000-70199,hidden,32,ladder K1,family,yes,hard,"vote, leader above 0.8",200,1174,724,450,255,192,727,255,192,3,0.3833,0.3501,0.4169,2.2500,1.9800,2.5350,724,1516,0.4776,0.4567,0.4977,259,236,0.9112,0.8828,0.9387
c-heldout,70000-70199,hidden,32,ladder K1,family,no,hard,last answer,200,3030,1473,1557,1088,460,1482,1088,460,9,0.5139,0.4952,0.5326,7.7850,7.3450,8.2250,1473,1516,0.9716,0.9621,0.9804,259,250,0.9653,0.9464,0.9824
c-heldout,70000-70199,hidden,32,ladder K1,family,no,hard,"vote, leader above 0.5",200,3030,1476,1554,1088,460,1482,1088,460,6,0.5129,0.4943,0.5317,7.7700,7.3300,8.2100,1476,1516,0.9736,0.9644,0.9820,259,249,0.9614,0.9394,0.9808
c-heldout,70000-70199,hidden,32,ladder K1,family,no,hard,"vote, leader above 0.8",200,3030,1476,1554,1088,460,1482,1088,460,6,0.5129,0.4943,0.5317,7.7700,7.3300,8.2100,1476,1516,0.9736,0.9644,0.9820,259,249,0.9614,0.9394,0.9808
c-heldout,70000-70199,hidden,32,ladder K2,site,yes,hard,last answer,200,296,280,16,0,16,280,0,16,0,0.0541,0.0325,0.0774,0.0800,0.0450,0.1150,280,1516,0.1847,0.1691,0.2001,259,234,0.9035,0.8730,0.9324
c-heldout,70000-70199,hidden,32,ladder K2,site,yes,hard,"vote, leader above 0.5",200,296,280,16,0,16,280,0,16,0,0.0541,0.0325,0.0774,0.0800,0.0450,0.1150,280,1516,0.1847,0.1691,0.2001,259,234,0.9035,0.8730,0.9324
c-heldout,70000-70199,hidden,32,ladder K2,site,yes,hard,"vote, leader above 0.8",200,296,280,16,0,16,280,0,16,0,0.0541,0.0325,0.0774,0.0800,0.0450,0.1150,280,1516,0.1847,0.1691,0.2001,259,234,0.9035,0.8730,0.9324
c-heldout,70000-70199,hidden,32,ladder K2,family,yes,hard,last answer,200,743,616,127,15,112,616,15,112,0,0.1709,0.1436,0.1989,0.6350,0.5200,0.7550,616,1516,0.4063,0.3851,0.4276,259,235,0.9073,0.8765,0.9362
c-heldout,70000-70199,hidden,32,ladder K2,family,yes,hard,"vote, leader above 0.5",200,743,616,127,15,112,616,15,112,0,0.1709,0.1436,0.1989,0.6350,0.5200,0.7550,616,1516,0.4063,0.3851,0.4276,259,235,0.9073,0.8765,0.9362
c-heldout,70000-70199,hidden,32,ladder K2,family,yes,hard,"vote, leader above 0.8",200,743,616,127,15,112,616,15,112,0,0.1709,0.1436,0.1989,0.6350,0.5200,0.7550,616,1516,0.4063,0.3851,0.4276,259,235,0.9073,0.8765,0.9362
c-heldout,70000-70199,hidden,32,ladder K2,family,no,hard,last answer,200,2351,1453,898,543,355,1453,543,355,0,0.3820,0.3577,0.4063,4.4900,4.1050,4.8850,1453,1516,0.9584,0.9475,0.9689,259,247,0.9537,0.9328,0.9735
c-heldout,70000-70199,hidden,32,ladder K2,family,no,hard,"vote, leader above 0.5",200,2351,1453,898,543,355,1453,543,355,0,0.3820,0.3577,0.4063,4.4900,4.1050,4.8850,1453,1516,0.9584,0.9475,0.9689,259,247,0.9537,0.9328,0.9735
c-heldout,70000-70199,hidden,32,ladder K2,family,no,hard,"vote, leader above 0.8",200,2351,1453,898,543,355,1453,543,355,0,0.3820,0.3577,0.4063,4.4900,4.1050,4.8850,1453,1516,0.9584,0.9475,0.9689,259,247,0.9537,0.9328,0.9735
c-heldout,70000-70199,hidden,32,ladder K3,site,yes,hard,last answer,200,173,167,6,0,6,167,0,6,0,0.0347,0.0135,0.0588,0.0300,0.0100,0.0500,167,1516,0.1102,0.0961,0.1243,259,142,0.5483,0.4959,0.5992
c-heldout,70000-70199,hidden,32,ladder K3,site,yes,hard,"vote, leader above 0.5",200,173,167,6,0,6,167,0,6,0,0.0347,0.0135,0.0588,0.0300,0.0100,0.0500,167,1516,0.1102,0.0961,0.1243,259,142,0.5483,0.4959,0.5992
c-heldout,70000-70199,hidden,32,ladder K3,site,yes,hard,"vote, leader above 0.8",200,173,167,6,0,6,167,0,6,0,0.0347,0.0135,0.0588,0.0300,0.0100,0.0500,167,1516,0.1102,0.0961,0.1243,259,142,0.5483,0.4959,0.5992
c-heldout,70000-70199,hidden,32,ladder K3,family,yes,hard,last answer,200,448,420,28,3,25,420,3,25,0,0.0625,0.0415,0.0857,0.1400,0.0900,0.1950,420,1516,0.2770,0.2542,0.2990,259,149,0.5753,0.5230,0.6268
c-heldout,70000-70199,hidden,32,ladder K3,family,yes,hard,"vote, leader above 0.5",200,448,420,28,3,25,420,3,25,0,0.0625,0.0415,0.0857,0.1400,0.0900,0.1950,420,1516,0.2770,0.2542,0.2990,259,149,0.5753,0.5230,0.6268
c-heldout,70000-70199,hidden,32,ladder K3,family,yes,hard,"vote, leader above 0.8",200,448,420,28,3,25,420,3,25,0,0.0625,0.0415,0.0857,0.1400,0.0900,0.1950,420,1516,0.2770,0.2542,0.2990,259,149,0.5753,0.5230,0.6268
c-heldout,70000-70199,hidden,32,ladder K3,family,no,hard,last answer,200,2093,1358,735,417,318,1358,417,318,0,0.3512,0.3262,0.3758,3.6750,3.3300,4.0300,1358,1516,0.8958,0.8787,0.9124,259,231,0.8919,0.8571,0.9251
c-heldout,70000-70199,hidden,32,ladder K3,family,no,hard,"vote, leader above 0.5",200,2093,1358,735,417,318,1358,417,318,0,0.3512,0.3262,0.3758,3.6750,3.3300,4.0300,1358,1516,0.8958,0.8787,0.9124,259,231,0.8919,0.8571,0.9251
c-heldout,70000-70199,hidden,32,ladder K3,family,no,hard,"vote, leader above 0.8",200,2093,1358,735,417,318,1358,417,318,0,0.3512,0.3262,0.3758,3.6750,3.3300,4.0300,1358,1516,0.8958,0.8787,0.9124,259,231,0.8919,0.8571,0.9251
c-heldout,70000-70199,hidden,32,ladder K4,site,yes,hard,last answer,200,154,154,0,0,0,154,0,0,0,0.0000,0.0000,0.0000,0.0000,0.0000,0.0000,154,1516,0.1016,0.0882,0.1152,259,133,0.5135,0.4615,0.5645
c-heldout,70000-70199,hidden,32,ladder K4,site,yes,hard,"vote, leader above 0.5",200,154,154,0,0,0,154,0,0,0,0.0000,0.0000,0.0000,0.0000,0.0000,0.0000,154,1516,0.1016,0.0882,0.1152,259,133,0.5135,0.4615,0.5645
c-heldout,70000-70199,hidden,32,ladder K4,site,yes,hard,"vote, leader above 0.8",200,154,154,0,0,0,154,0,0,0,0.0000,0.0000,0.0000,0.0000,0.0000,0.0000,154,1516,0.1016,0.0882,0.1152,259,133,0.5135,0.4615,0.5645
c-heldout,70000-70199,hidden,32,ladder K4,family,yes,hard,last answer,200,392,385,7,3,4,385,3,4,0,0.0179,0.0026,0.0379,0.0350,0.0050,0.0750,385,1516,0.2540,0.2323,0.2755,259,142,0.5483,0.4959,0.6007
c-heldout,70000-70199,hidden,32,ladder K4,family,yes,hard,"vote, leader above 0.5",200,392,385,7,3,4,385,3,4,0,0.0179,0.0026,0.0379,0.0350,0.0050,0.0750,385,1516,0.2540,0.2323,0.2755,259,142,0.5483,0.4959,0.6007
c-heldout,70000-70199,hidden,32,ladder K4,family,yes,hard,"vote, leader above 0.8",200,392,385,7,3,4,385,3,4,0,0.0179,0.0026,0.0379,0.0350,0.0050,0.0750,385,1516,0.2540,0.2323,0.2755,259,142,0.5483,0.4959,0.6007
c-heldout,70000-70199,hidden,32,ladder K4,family,no,hard,last answer,200,1880,1355,525,406,119,1355,406,119,0,0.2793,0.2545,0.3038,2.6250,2.3300,2.9300,1355,1516,0.8938,0.8767,0.9106,259,230,0.8880,0.8531,0.9214
c-heldout,70000-70199,hidden,32,ladder K4,family,no,hard,"vote, leader above 0.5",200,1880,1355,525,406,119,1355,406,119,0,0.2793,0.2545,0.3038,2.6250,2.3300,2.9300,1355,1516,0.8938,0.8767,0.9106,259,230,0.8880,0.8531,0.9214
c-heldout,70000-70199,hidden,32,ladder K4,family,no,hard,"vote, leader above 0.8",200,1880,1355,525,406,119,1355,406,119,0,0.2793,0.2545,0.3038,2.6250,2.3300,2.9300,1355,1516,0.8938,0.8767,0.9106,259,230,0.8880,0.8531,0.9214
c-heldout,70000-70199,hidden,snap,E1 kinds,site,yes,hard,last answer,200,104,91,13,2,11,91,2,11,0,0.1250,0.0729,0.1818,0.0650,0.0350,0.0950,91,1516,0.0600,0.0496,0.0708,259,80,0.3089,0.2556,0.3636
c-heldout,70000-70199,hidden,snap,E1 kinds,site,yes,hard,"vote, leader above 0.5",200,104,91,13,2,11,91,2,11,0,0.1250,0.0729,0.1818,0.0650,0.0350,0.0950,91,1516,0.0600,0.0496,0.0708,259,80,0.3089,0.2556,0.3636
c-heldout,70000-70199,hidden,snap,E1 kinds,site,yes,hard,"vote, leader above 0.8",200,104,91,13,2,11,91,2,11,0,0.1250,0.0729,0.1818,0.0650,0.0350,0.0950,91,1516,0.0600,0.0496,0.0708,259,80,0.3089,0.2556,0.3636
c-heldout,70000-70199,hidden,snap,E1 kinds,family,yes,hard,last answer,200,227,166,61,32,27,168,32,27,2,0.2687,0.2085,0.3286,0.3050,0.2200,0.3950,166,1516,0.1095,0.0946,0.1249,259,79,0.3050,0.2518,0.3602
c-heldout,70000-70199,hidden,snap,E1 kinds,family,yes,hard,"vote, leader above 0.5",200,225,166,59,32,26,167,32,26,1,0.2622,0.2010,0.3228,0.2950,0.2100,0.3850,166,1516,0.1095,0.0946,0.1249,259,79,0.3050,0.2518,0.3602
c-heldout,70000-70199,hidden,snap,E1 kinds,family,yes,hard,"vote, leader above 0.8",200,225,166,59,32,26,167,32,26,1,0.2622,0.2010,0.3228,0.2950,0.2100,0.3850,166,1516,0.1095,0.0946,0.1249,259,79,0.3050,0.2518,0.3602
c-heldout,70000-70199,hidden,snap,E1 kinds,family,no,hard,last answer,200,772,516,256,149,99,524,149,99,8,0.3316,0.2960,0.3668,1.2800,1.0950,1.4700,516,1516,0.3404,0.3180,0.3629,259,92,0.3552,0.2996,0.4127
c-heldout,70000-70199,hidden,snap,E1 kinds,family,no,hard,"vote, leader above 0.5",200,750,513,237,130,98,522,130,98,9,0.3160,0.2799,0.3516,1.1850,1.0050,1.3700,513,1516,0.3384,0.3160,0.3608,259,91,0.3514,0.2953,0.4089
c-heldout,70000-70199,hidden,snap,E1 kinds,family,no,hard,"vote, leader above 0.8",200,718,510,208,109,95,514,109,95,4,0.2897,0.2522,0.3275,1.0400,0.8700,1.2200,510,1516,0.3364,0.3141,0.3585,259,90,0.3475,0.2930,0.4036
c-heldout,70000-70199,hidden,snap,E1 timing,site,yes,hard,last answer,200,57,49,8,2,6,49,2,6,0,0.1404,0.0702,0.2182,0.0400,0.0200,0.0650,49,1516,0.0323,0.0253,0.0398,259,48,0.1853,0.1469,0.2255
c-heldout,70000-70199,hidden,snap,E1 timing,site,yes,hard,"vote, leader above 0.5",200,57,49,8,2,6,49,2,6,0,0.1404,0.0702,0.2182,0.0400,0.0200,0.0650,49,1516,0.0323,0.0253,0.0398,259,48,0.1853,0.1469,0.2255
c-heldout,70000-70199,hidden,snap,E1 timing,site,yes,hard,"vote, leader above 0.8",200,57,49,8,2,6,49,2,6,0,0.1404,0.0702,0.2182,0.0400,0.0200,0.0650,49,1516,0.0323,0.0253,0.0398,259,48,0.1853,0.1469,0.2255
c-heldout,70000-70199,hidden,snap,E1 timing,family,yes,hard,last answer,200,122,78,44,30,13,79,30,13,1,0.3607,0.2703,0.4436,0.2200,0.1450,0.3000,78,1516,0.0515,0.0411,0.0624,259,48,0.1853,0.1463,0.2257
c-heldout,70000-70199,hidden,snap,E1 timing,family,yes,hard,"vote, leader above 0.5",200,120,78,42,30,12,78,30,12,0,0.3500,0.2586,0.4340,0.2100,0.1350,0.2900,78,1516,0.0515,0.0411,0.0624,259,48,0.1853,0.1463,0.2257
c-heldout,70000-70199,hidden,snap,E1 timing,family,yes,hard,"vote, leader above 0.8",200,120,78,42,30,12,78,30,12,0,0.3500,0.2586,0.4340,0.2100,0.1350,0.2900,78,1516,0.0515,0.0411,0.0624,259,48,0.1853,0.1463,0.2257
c-heldout,70000-70199,hidden,snap,E1 timing,family,no,hard,last answer,200,701,460,241,141,93,467,141,93,7,0.3438,0.3058,0.3814,1.2050,1.0250,1.3950,460,1516,0.3034,0.2825,0.3249,259,80,0.3089,0.2576,0.3633
c-heldout,70000-70199,hidden,snap,E1 timing,family,no,hard,"vote, leader above 0.5",200,684,457,227,127,92,465,127,92,8,0.3319,0.2937,0.3704,1.1350,0.9600,1.3250,457,1516,0.3015,0.2806,0.3229,259,79,0.3050,0.2529,0.3598
c-heldout,70000-70199,hidden,snap,E1 timing,family,no,hard,"vote, leader above 0.8",200,661,456,205,111,90,460,111,90,4,0.3101,0.2707,0.3492,1.0250,0.8550,1.2050,456,1516,0.3008,0.2798,0.3224,259,79,0.3050,0.2529,0.3598
